"RBP","AS_Site","Contribution","Direction"
"FUS","chr16_31184396_31184938",26049.1913999494,"+"
"HNRNPR","chr1_23333631_23337753",20688.95023562,"+"
"GTF3A","chr13_27424938_27427091",20257.6280086457,"+"
"RBM5","chr3_50103166_50104247",17617.6800103357,"+"
"NCBP2","chr3_196939432_196942425",17095.0750704712,"+"
"HNRNPA3","chr2_177212871_177215538",16049.3295393212,"+"
"SAMHD1","chr20_36935189_36941038",16012.9634672646,"+"
"SAFB2","chr19_5611630_5612539",16010.1615825207,"+"
"ZC3H13","chr13_46045516_46052403",15858.9181505095,"+"
"SRRM1","chr1_24655129_24660718",15593.7708404516,"+"
"FUS","chr16_31184390_31184938",15089.9769070404,"-"
"SNRPB2","chr20_16730164_16731667",14938.0158153669,"+"
"RBM25","chr14_73099750_73103191",14774.6246003188,"+"
"CSDE1","chr1_114736855_114737962",14604.2362809608,"+"
"GTF3A","chr13_27432804_27434138",14567.7269436878,"+"
"RBMS1","chr2_160367391_160493288",13975.6965171114,"+"
"SRRM1","chr1_24662804_24666814",13763.7072800813,"+"
"SFPQ","chr1_35176474_35177318",13726.1047555263,"+"
"HNRNPH1","chr5_179616958_179617050",13600.9545551365,"+"
"ZRANB2","chr1_71065137_71066775",13581.8792599426,"+"
"HNRNPM","chr19_8483211_8485602",13539.8045302564,"+"
"LSM7","chr19_2324196_2328386",13370.686960769,"+"
"ZNF638","chr2_71350271_71355718",13157.4355761995,"+"
"HNRNPC","chr14_21211566_21211809",12993.4083712984,"+"
"SCML4","chr6_107708011_107720702",12869.6513906703,"+"
"SRRM2","chr16_2752846_2756333",12869.4633957605,"+"
"RBM6","chr3_49975392_49999439",12805.2031026339,"+"
"PPIE","chr1_39738931_39740164",12803.3110895594,"+"
"SRRM1","chr1_24655123_24660718",12798.5746829393,"+"
"PSPC1","chr13_19677823_19730238",12743.7051165212,"+"
"ZC3H13","chr13_46045513_46052403",12658.4346872788,"+"
"TIA1","chr2_70216499_70216885",12443.0444265627,"+"
"PSPC1","chr13_19674984_19677723",12426.3131239414,"+"
"RBM5","chr3_50100051_50100531",12402.0529411244,"+"
"SLTM","chr15_58899937_58901259",12288.8836248646,"+"
"PUM1","chr1_30966278_30967166",12250.7885811872,"+"
"ZNF638","chr2_71331865_71348752",12199.5525688024,"+"
"PHC3","chr3_170178938_170181701",12136.3025313817,"+"
"SAMHD1","chr20_36917049_36919363",12012.2177093125,"+"
"TIA1","chr2_70227822_70229058",11910.4057724839,"+"
"HNRNPH1","chr5_179616958_179617513",11873.5778085022,"-"
"ZNF638","chr2_71331865_71355718",11864.8177373975,"+"
"U2AF1L4","chr19_35745187_35745347",11845.1035407132,"+"
"YTHDC2","chr5_113515362_113532878",11803.3902967732,"+"
"SFPQ","chr1_35184593_35187000",11800.9594104805,"+"
"TIA1","chr2_70227822_70229058",11742.1556768219,"+"
"PRPF3","chr1_150325881_150328319",11719.904413311,"+"
"RBM23","chr14_22906368_22909482",11715.2450377856,"+"
"RRP7A","chr22_42514779_42515150",11654.7895035005,"+"
"TIA1","chr2_70227822_70228343",11643.0292319627,"+"
"TIA1","chr2_70228462_70229058",11639.0129827813,"+"
"YTHDC2","chr5_113515362_113524980",11590.7486423727,"+"
"SRRM1","chr1_24663224_24666814",11565.1854400395,"+"
"ZNF638","chr2_71331865_71348752",11445.9292723094,"+"
"SSB","chr2_169798976_169800951",11442.4162677309,"+"
"PSPC1","chr13_19675653_19677723",11305.5183522639,"+"
"SCML4","chr6_107749813_107772171",11041.1545559423,"+"
"HDLBP","chr2_241268541_241315101",10690.8859788966,"+"
"RBM25","chr14_73100362_73103191",10487.8550600154,"+"
"RBMS1","chr2_160285044_160286977",10386.1974554335,"+"
"RBM5","chr3_50103166_50105076",10366.8021858452,"+"
"RBMS1","chr2_160285044_160286968",10306.3871456358,"+"
"ZRANB2","chr1_71065752_71066775",10273.074125312,"+"
"PSPC1","chr13_19709599_19730238",10246.1683754084,"+"
"RBM6","chr3_49975392_50048244",10200.0215818372,"+"
"PUM1","chr1_30980166_30981311",10198.7404729124,"+"
"RBM23","chr14_22908380_22909482",10006.8771662913,"+"
"PUM1","chr1_30980163_30981311",9989.10222449782,"+"
"SFPQ","chr1_35176471_35177318",9976.13609960511,"+"
"SLTM","chr15_58899883_58901259",9951.08434547628,"+"
"G3BP1","chr5_151772036_151786571",9942.67718538403,"+"
"HDLBP","chr2_241268541_241315569",9861.00491041362,"+"
"TRNAU1AP","chr1_28560732_28561345",9818.95090981241,"+"
"U2AF1L4","chr19_35745212_35745347",9818.31939243561,"+"
"RRP7A","chr22_42514779_42576980",9815.95641832146,"-"
"RFTN1","chr3_16303592_16337111",9745.01745241682,"-"
"HNRNPH1","chr5_179618323_179619268",9731.93018041153,"+"
"ACIN1","chr14_23090101_23090521",9575.848648098,"+"
"ZGPAT","chr20_63708188_63708552",9572.39550065914,"+"
"TRA2B","chr3_185926734_185937824",9472.71672792996,"+"
"PRPF3","chr1_150327652_150328319",9416.14157321217,"+"
"ZNF638","chr2_71331875_71348752",9395.70428275139,"+"
"ZGPAT","chr20_63708118_63708552",9283.56907455528,"+"
"SRRM2","chr16_2752854_2756333",9026.15317532777,"+"
"ZNF638","chr2_71331865_71355718",9019.69450894993,"+"
"PUM1","chr1_30966197_30967166",8914.95905912888,"+"
"ZNF638","chr2_71331875_71348752",8861.51906193619,"+"
"SCML4","chr6_107720993_107731973",8826.94204117663,"+"
"TIA1","chr2_70216499_70216752",8782.46487649138,"+"
"TRNAU1AP","chr1_28561260_28561345",8769.908230696,"+"
"ZNF638","chr2_71331875_71355718",8757.27330572517,"+"
"SLTM","chr15_58898852_58901259",8741.72791103184,"+"
"SAFB2","chr19_5610688_5612539",8585.26976485118,"+"
"TRA2B","chr3_185926734_185931576",8488.13531445449,"+"
"HNRNPD","chr4_82355401_82356795",8454.64658991029,"+"
"NCBP2","chr3_196939432_196942369",8289.19800055295,"+"
"ZMAT5","chr22_29748571_29766871",8108.7404964333,"+"
"U2AF1","chr21_43095743_43100452",8108.09391941041,"+"
"HNRNPA1","chr12_54282874_54283811",8057.44237424032,"+"
"HNRNPAB","chr5_178209447_178210131",8028.79097619794,"+"
"RBM12","chr20_35632923_35658929",7792.73877636777,"-"
"PTBP1","chr19_805569_806407",7713.59822856775,"+"
"ACIN1","chr14_23081836_23090521",7712.15605553897,"+"
"SCML4","chr6_107720993_107744948",7694.03859326379,"+"
"ZMAT5","chr22_29748571_29766948",7624.69972218065,"+"
"RBM5","chr3_50100051_50103082",7550.250433208,"+"
"RBMS1","chr2_160367391_160407463",7489.15987598174,"+"
"RNPS1","chr16_2264760_2268054",7467.61749486167,"+"
"SRRM1","chr1_24647208_24648858",7411.34259348568,"+"
"U2AF1","chr21_43100519_43104314",7267.49017372923,"+"
"HNRNPD","chr4_82355401_82356536",7266.62933385741,"+"
"G3BP1","chr5_151772036_151786602",7248.82894091757,"+"
"RNPS1","chr16_2264331_2268054",7211.29899855257,"+"
"TTC14","chr17_35323343_35324653",7161.53594368891,"-"
"HNRNPAB","chr5_178209447_178210552",7143.75040308226,"+"
"PTBP1","chr19_805187_806407",7135.11414379243,"+"
"LSM7","chr19_2324192_2328386",7107.12551299033,"+"
"HNRNPM","chr19_8474244_8485602",6811.61265138046,"+"
"RFTN1","chr3_16303592_16323098",6735.12505365039,"+"
"RBMXL1","chr21_37084331_37087246",6710.29611100216,"-"
"SFPQ","chr1_35178036_35187000",6676.59487783065,"+"
"FUBP1","chr1_77967101_77967626",6663.95232140748,"+"
"SSB","chr2_169799516_169800951",6621.40113793297,"+"
"SAMD9","chr2_37149023_37156907",6517.97802715494,"-"
"YTHDF2","chr3_49975392_50048244",6492.97247021452,"-"
"RALY","chr20_34073635_34075873",6458.66325405438,"+"
"RNPS1","chr17_35670898_35671753",6449.04578376393,"-"
"SNRPG","chr2_237994809_238025341",6271.42366213437,"-"
"SCML4","chr6_107749813_107824125",6261.55334170278,"+"
"DDHD2","chr2_71331875_71348752",6255.09671860696,"-"
"PHC3","chr3_170136665_170171372",6194.6367844072,"+"
"RFTN1","chr3_16303592_16322396",6185.74776924049,"+"
"HNRNPR","chr2_98663179_98675034",6166.92112198746,"-"
"HNRNPH1","chr5_179618323_179620891",6166.29097811374,"+"
"PHC3","chr3_170145521_170171372",6109.77929228511,"+"
"RBM12","chr20_35655344_35658929",6069.86989244004,"+"
"SF3A1","chr2_98663179_98663340",6067.80402363254,"-"
"ZFP36L2","chr1_25562978_25563069",6065.74912845908,"-"
"RNPC3","chr1_103533854_103534771",6016.3992028161,"+"
"G3BP2","chr5_180793097_180802679",6004.5222463002,"-"
"HNRNPH1","chr5_179623164_179623594",5920.8279387565,"+"
"RRP7A","chr22_42514779_42576980",5852.20688652476,"+"
"PHC3","chr3_170178938_170181686",5835.26264287459,"+"
"SAMSN1","chr2_191682017_191682491",5732.00456928012,"-"
"CIRBP","chr22_26663509_26665530",5578.6447979523,"-"
"HNRNPH1","chr15_101286293_101286907",5537.67709924697,"-"
"U2AF1","chr21_43095743_43101365",5530.57527973668,"+"
"PARP14","chr19_19635721_19636706",5446.70313802166,"-"
"HNRNPC","chr14_21211563_21211809",5443.04323416103,"-"
"SSB","chr2_175118369_175130137",5395.23104637159,"-"
"SASH3","chr6_125292909_125300537",5319.28626416436,"-"
"HNRNPA1","chr2_230327301_230357804",5281.23212568395,"-"
"ZNF638","chr2_71331875_71355718",5270.91410251719,"+"
"HNRNPA2B1","chr17_44322552_44322807",5247.76128567064,"-"
"CSDE1","chr3_185926734_185931576",5238.22709191192,"-"
"MBNL1","chr3_152300367_152301918",5235.66604818037,"+"
"RBM18","chr16_3068239_3068989",5227.36362437111,"-"
"LCP2","chr4_26321048_26362445",5206.10395347393,"-"
"RBM3","chr17_35313706_35323147",5197.4548719085,"-"
"SNRPD2","chr20_64076646_64079293",5196.45733612848,"-"
"ZFP36L2","chr3_16303592_16319460",5193.02348572153,"-"
"RNPC3","chr1_103533856_103534771",5176.91099263796,"+"
"HNRNPF","chr17_37579434_37584647",5162.8737951337,"-"
"PUF60","chr2_9418732_9419989",5145.32323740048,"-"
"RFTN1","chr3_16303592_16319460",5127.10121179827,"-"
"EIF3G","chr13_37023044_37024034",5110.01437142536,"-"
"EIF4B","chr1_7853120_7853306",5094.09927482904,"-"
"ZC3H15","chr2_203272748_203278572",5024.72929856767,"-"
"RNPC3","chr14_90397233_90400064",5013.41224427734,"-"
"MBNL1","chr3_152269092_152335110",4953.35123029526,"-"
"G3BP2","chr1_6041872_6072754",4950.32575903888,"-"
"SNRPB","chr12_124913039_124913723",4941.36679539795,"+"
"G3BP1","chr15_58899883_58901259",4935.25121420028,"-"
"EIF3G","chr22_20551166_20551435",4913.80426263319,"-"
"TIAL1","chr22_19441694_19447377",4902.72237686695,"-"
"RBMS1","chr15_74032715_74033155",4895.17503685619,"-"
"PSPC1","chr1_146988949_146989573",4879.50277545563,"-"
"HNRNPF","chr2_73927052_73938909",4865.12560908725,"-"
"RPS3","chr1_40040783_40059336",4855.19020302239,"-"
"SCML4","chr4_48089824_48095142",4843.55719410142,"-"
"YBX1","chr5_304221_314416",4829.14742456208,"-"
"SCML4","chr19_11577679_11578843",4817.74561609196,"-"
"RPS3","chr2_101004283_101005958",4774.10094140583,"+"
"RBM25","chr2_201160942_201162995",4752.47892263388,"-"
"MATR3","chr14_55601880_55612018",4750.71925200292,"-"
"RPS3","chr19_54200961_54201159",4734.59726987526,"-"
"HNRNPH1","chr5_179614959_179616125",4731.43041959716,"+"
"NCL","chr1_161038634_161038879",4688.20861501308,"-"
"SNRPN","chr16_29663080_29663694",4685.60276032105,"-"
"NONO","chr4_77776392_77819232",4684.76905997922,"-"
"SAMD3","chr1_154214574_154220341",4679.90962194496,"-"
"HNRNPA2B1","chr1_6785575_6825091",4642.25442623463,"-"
"PUM2","chr16_22444063_22451619",4639.99341813011,"-"
"SFPQ","chr14_91866625_91867261",4618.11291760608,"-"
"HNRNPF","chr20_57616468_57620261",4608.70930057452,"-"
"ACIN1","chr6_127314896_127316449",4604.78029915599,"-"
"HNRNPR","chr1_23341017_23344210",4596.86904801805,"+"
"UHMK1","chr1_7846766_7849639",4582.28124937845,"-"
"CIRBP","chr1_7852923_7853306",4576.79453713132,"-"
"HNRNPR","chr1_23341020_23344210",4572.62242287322,"+"
"POLR2G","chr2_95958785_95960472",4571.15029122336,"-"
"RBM25","chr17_37577613_37584647",4570.05401388323,"-"
"EPHA1","chr17_36211217_36211775",4564.95476782298,"-"
"RPS3","chr16_3065494_3065780",4533.39377509733,"-"
"RBM5","chr1_32627544_32633644",4527.65205022081,"-"
"RPS3","chr19_49491099_49491424",4519.21001491173,"+"
"GTF3A","chr2_231711419_231712442",4517.9236106119,"+"
"RBM8A","chr12_48671962_48679654",4503.13030313932,"-"
"SF3A1","chr12_46367340_46370775",4500.81546350811,"-"
"RBM8A","chr20_58652138_58667489",4487.29157722986,"-"
"HNRNPA2B1","chr12_53034724_53037408",4486.37273993941,"-"
"SAMSN1","chr19_11577679_11578843",4468.33084414477,"-"
"LCP2","chr2_68047319_68062944",4464.15859166111,"-"
"HNRNPR","chr16_2772102_2776992",4454.20903043942,"+"
"RBM3","chr4_4268615_4269428",4449.96215803945,"-"
"SAMSN1","chr19_35739769_35741023",4430.64916024677,"-"
"U2AF1","chr21_43101432_43104314",4416.00461413204,"+"
"SNRPG","chr2_237994809_238025341",4410.10628280269,"-"
"RBM8A","chr14_45247377_45253034",4398.60055994522,"-"
"PRPF3","chr12_9656649_9656920",4397.89575660749,"-"
"PPP1R10","chr17_77454363_77482143",4391.45762660416,"-"
"ACIN1","chr1_11748610_11750076",4390.76103937178,"-"
"ZFP36L1","chr5_146878195_146878700",4387.6269320042,"-"
"RALY","chr2_95904833_95910539",4372.77675889924,"+"
"RPS3","chr1_25562716_25563069",4360.52679956113,"-"
"CSDE1","chr2_159712661_159729008",4359.53162353802,"-"
"TARDBP","chr12_6461390_6462033",4345.4697702081,"-"
"SNRPG","chr5_112864732_112867371",4338.16663676968,"-"
"HNRNPH3","chr5_178618778_178623255",4319.36705074274,"-"
"PHC3","chr2_95918042_95919732",4318.98475315306,"-"
"HNRNPH2","chr21_43095743_43101365",4314.03657663146,"-"
"RBM8A","chr2_227325427_227332418",4307.45462746719,"-"
"HNRNPA1","chr12_54283234_54283811",4306.29903826383,"-"
"EWSR1","chr21_33230216_33241885",4300.29724825454,"-"
"TIA1","chr3_12604289_12606200",4300.04187244076,"-"
"PPIE","chr1_39738923_39740164",4291.55196285976,"+"
"RBM8A","chr1_145926883_145927017",4277.01577317445,"+"
"ZFR","chr2_73946906_73950584",4272.77670947133,"-"
"PUF60","chr14_91114994_91157638",4268.29041186529,"-"
"SNRPC","chr4_53428183_53442652",4257.44751467814,"-"
"MATR3","chr5_139293805_139314674",4248.67948185265,"+"
"LCP2","chr2_84838241_84839148",4235.99110459652,"-"
"HNRNPR","chr2_237994809_238025341",4235.60154246384,"-"
"THUMPD1","chr13_30461533_30462537",4218.98874462745,"+"
"RFTN1","chr2_44218537_44232315",4214.96724163332,"-"
"TNKS2","chr1_192575929_192576773",4210.22316192035,"+"
"EIF4B","chr12_53034724_53037408",4199.05748490465,"+"
"HNRNPA2B1","chr3_49674621_49675693",4198.5310199468,"-"
"HNRNPK","chr14_65093815_65102303",4197.21975072048,"-"
"HNRNPM","chr1_23109127_23168765",4190.97530362654,"-"
"SAMHD1","chr2_229859574_229860405",4183.10154693376,"-"
"SF3A1","chr1_24647208_24648858",4166.85832096755,"-"
"SNRPD1","chr2_230172959_230177537",4156.26726964982,"-"
"HELZ","chr1_158973771_158976700",4150.65800969883,"-"
"PCBP1","chr15_44715701_44716327",4147.66754910842,"+"
"ZFP36L2","chr22_50197588_50197826",4137.50392355847,"-"
"CIRBP","chr6_127719823_127807215",4133.5577523038,"-"
"ANKRD17","chr21_8393174_8437384",4132.93384172962,"-"
"ZFP36L2","chr22_38752665_38755762",4121.43044841361,"-"
"CIRBP","chr6_31532911_31534485",4119.87596264102,"-"
"HNRNPA1","chr19_42215252_42217631",4117.61843265149,"-"
"HELZ","chr4_77776392_77819303",4117.44495411279,"-"
"SNRPB","chr20_35280118_35284175",4116.749807594,"-"
"SAMD9L","chr19_19677986_19678725",4116.45324738837,"-"
"RBM39","chr3_48927813_48961611",4113.30997159846,"-"
"RBM4","chr1_160261358_160262448",4097.77935305701,"-"
"ZFP36L2","chr17_78131737_78132358",4096.90236329301,"-"
"MBNL2","chr2_97206135_97207810",4095.43067236151,"-"
"CPSF6","chr2_95958785_95960472",4095.0701464774,"-"
"RBM6","chr3_114693575_114801100",4093.82644617423,"-"
"PTBP1","chr1_24655123_24660718",4091.88701673524,"-"
"SASH3","chr22_26663398_26665530",4080.2071836493,"-"
"HNRNPA2B1","chr2_97164311_97167576",4079.50581415165,"-"
"RBM25","chr12_98537572_98546358",4077.46660025823,"-"
"HNRNPC","chr2_241268541_241315101",4071.6797615063,"-"
"HNRNPK","chr1_206905147_206909724",4056.6375858317,"-"
"ZFR","chr2_152677475_152679351",4055.39184225826,"-"
"SLTM","chr3_50350984_50351408",4053.78971214317,"-"
"EIF4B","chr2_55577356_55578246",4049.94238058095,"-"
"MSI2","chr16_22533836_22533950",4047.878013387,"+"
"EWSR1","chr5_146463793_146469543",4047.39453207798,"-"
"SNRPE","chr1_51730124_51745535",4027.33140440924,"-"
"NCL","chr14_91147858_91157638",4026.05172090886,"-"
"RNPS1","chr1_25243633_25245149",4025.41234211119,"-"
"HNRNPA2B1","chr1_116782601_116805604",4004.44596492591,"-"
"TTC14","chr3_50350984_50351342",4003.90472846754,"-"
"PUM2","chr14_91170201_91173288",4002.45956969526,"-"
"SNRPB","chr17_82019381_82019857",4000.11574136396,"-"
"NCBP2","chr5_178211970_178212972",3994.39029286401,"-"
"SUPT6H","chr2_174481987_174486872",3991.00130539885,"-"
"PPP1R10","chr19_19635569_19636706",3990.6135713809,"-"
"THUMPD1","chr3_49674621_49675693",3985.76194406078,"-"
"PABPC1","chr16_50742841_50749575",3971.92905234198,"-"
"PCBP1","chr3_30606977_30644746",3971.34482541925,"-"
"CIRBP","chr19_1273715_1274306",3967.20014355619,"+"
"RC3H1","chr2_112182018_112182790",3954.76782563277,"-"
"HNRNPR","chr5_96762372_96765223",3952.00863262124,"-"
"RBM3","chr15_48331479_48332267",3951.15351600308,"-"
"LCP2","chr2_230238381_230238760",3950.01218834219,"-"
"SAMD9L","chr3_167720273_167734805",3945.87344957929,"-"
"SF3A1","chr22_37226803_37227767",3945.48602726567,"+"
"SF1","chr5_39202987_39270568",3938.00304462127,"-"
"G3BP1","chr17_45404334_45404444",3928.52369924548,"-"
"NONO","chr6_29888672_29934217",3926.94197920417,"-"
"HNRNPK","chr2_160367391_160407463",3914.98686343453,"-"
"RPS3","chr17_68101959_68114421",3912.53102678712,"-"
"RBM3","chr17_7224069_7224320",3910.22020235048,"-"
"LCP2","chr4_82857764_82863317",3897.6466766124,"-"
"RPS3","chr22_39313310_39314106",3893.3772637904,"+"
"RBM5","chr1_32327458_32327535",3892.23217355766,"-"
"FUS","chr16_31185179_31188324",3891.32652789532,"+"
"HNRNPF","chr3_122621611_122632085",3886.2781027667,"-"
"SAMSN1","chr1_235829039_235830225",3880.78648997599,"-"
"SNRPB","chr17_81891841_81893551",3879.58034285532,"-"
"G3BP1","chr2_55577356_55578246",3868.71520878645,"-"
"SAMHD1","chr16_3068010_3068179",3865.44451962578,"-"
"RNPS1","chr1_160612580_160634612",3863.03959421928,"-"
"POLR2G","chr13_42919332_42926335",3860.64207296732,"-"
"SAMHD1","chr20_36917096_36919363",3858.81149408597,"+"
"SRRM2","chr14_20455338_20455577",3857.31533050188,"-"
"RRP7A","chr15_50346395_50354984",3856.94093794178,"-"
"SAMD3","chr1_11745837_11747439",3856.06385137545,"-"
"RBM6","chr5_113515362_113532878",3850.69961998599,"-"
"HNRNPH1","chr6_125292909_125298713",3850.07932499143,"-"
"HNRNPH2","chr17_82246039_82248874",3848.59045100565,"-"
"HNRNPF","chr22_45328063_45328309",3846.89609795964,"-"
"ZFP36L2","chr22_23700845_23705428",3846.61579530164,"-"
"NONO","chr1_2393355_2395783",3842.47091851728,"-"
"TRA2A","chr20_36614387_36615224",3839.82255741094,"-"
"EIF2S1","chr21_41426263_41427754",3838.30741452409,"-"
"G3BP2","chr17_10705527_10706437",3832.10648267784,"-"
"ZCRB1","chr22_45328063_45328309",3828.01629256085,"+"
"HNRNPH2","chr21_33230216_33241885",3823.82864710489,"-"
"TRA2B","chr19_18560550_18562035",3817.70452509964,"-"
"HNRNPR","chr12_62325933_62355330",3816.63954731954,"-"
"FUS","chr5_35876719_35877479",3814.2149344598,"-"
"SAMHD1","chr3_52246812_52246973",3811.04075894321,"-"
"EWSR1","chr17_82884936_82889667",3809.75961258854,"-"
"PPIE","chr1_203017919_203018480",3808.72769942216,"-"
"TRMT1","chr17_82449292_82450699",3805.96081441201,"-"
"LCP2","chr2_201160942_201162995",3797.47049384565,"-"
"POLR2G","chr4_88277243_88278143",3791.98339343413,"-"
"MATR3","chr1_207767195_207770320",3786.47379122047,"-"
"HNRNPH3","chr2_85327273_85327441",3785.85654016949,"-"
"NCL","chr2_74135658_74145188",3780.12746749074,"-"
"U2AF1","chr21_6487412_6492130",3776.54076869882,"-"
"MBNL1","chr16_208188_220648",3765.34666967179,"-"
"RPS3","chr22_39313310_39313633",3762.00253295774,"+"
"EWSR1","chr5_180793097_180803812",3761.48885309595,"-"
"YBX1","chr6_11213727_11305991",3758.40840239823,"-"
"HNRNPA1","chr16_635063_635280",3753.26552896465,"-"
"PUF60","chr6_32517752_32553375",3750.07237490548,"-"
"SNRPG","chr16_53492522_53492692",3748.25461081484,"-"
"SRRM1","chr17_37576418_37584647",3746.94759310239,"-"
"NONO","chr17_76091235_76094413",3746.16536638616,"-"
"HNRNPR","chr15_42457158_42466052",3745.86066972211,"-"
"HNRNPH3","chr3_49674621_49675182",3742.21417349663,"-"
"G3BP2","chr2_68782320_68807272",3741.78708785367,"-"
"SNRPB","chr2_105089069_105089410",3741.60994567157,"-"
"HNRNPF","chr21_43100519_43104314",3741.46163528588,"-"
"LARP1","chr16_29566249_29594886",3739.39719278728,"-"
"SF3A1","chr3_28241812_28263290",3738.13596746027,"-"
"SAMD9L","chr1_24655129_24660718",3734.92653861462,"-"
"TAF15","chr3_52700496_52704723",3734.60191970871,"-"
"HNRNPM","chr15_50309798_50354984",3733.43999850265,"-"
"SAMD3","chr1_91720227_91721954",3729.49783979081,"-"
"RBM8A","chr3_184323241_184323407",3727.79318674591,"-"
"G3BP1","chr2_97219246_97224808",3726.64937207396,"-"
"PABPC3","chr12_6602154_6602375",3724.85332303802,"-"
"RBM3","chr1_26362022_26363025",3724.47008511802,"-"
"PCBP1","chr12_124912883_124913339",3720.35468226124,"-"
"HNRNPR","chr3_48922811_48924717",3718.73383321622,"-"
"SNRPG","chr22_20126368_20126951",3714.8780299666,"-"
"RPS3","chr13_45340184_45341041",3714.85429985658,"+"
"FUS","chr20_45416694_45419294",3699.5160313517,"-"
"RPS3","chr17_73209768_73227164",3697.20648922622,"-"
"SCML4","chr19_29942664_29985222",3694.9570573416,"+"
"PTBP1","chr3_42621516_42630545",3689.66309159467,"-"
"ZRANB2","chr16_89686759_89689251",3688.50222665619,"-"
"HNRNPH1","chr22_40178140_40246014",3682.1135264301,"-"
"RBM5","chr15_50424654_50439008",3678.50848534034,"-"
"RRP7A","chr22_42576609_42576980",3674.77113003325,"+"
"UHMK1","chr1_147928578_147936626",3674.35013986972,"-"
"ACIN1","chr2_86171312_86173649",3669.96762029237,"-"
"CIRBP","chr4_189952287_189957397",3668.36333548935,"-"
"SAFB2","chr2_171687873_171690146",3660.99212009832,"-"
"CSDE1","chr20_35280118_35284175",3660.65068190149,"-"
"RBM3","chr13_52661570_52662648",3660.55155885573,"-"
"RBM17","chr6_31639226_31640198",3655.02812697321,"-"
"SAMHD1","chr6_31270085_31355316",3652.67520010242,"-"
"SAMD9","chr3_146525647_146533469",3652.12831606013,"-"
"GRSF1","chr21_33230216_33241839",3651.41699932037,"-"
"SAMSN1","chr20_36614437_36615224",3645.52979132127,"-"
"NONO","chr2_230245080_230245862",3644.96363424875,"-"
"RBM3","chr15_58899937_58901259",3643.46101856025,"-"
"TMEM63A","chr3_71299880_71359149",3640.85991070104,"-"
"HNRNPA2B1","chr4_53399839_53414614",3639.91965489233,"-"
"HNRNPM","chr2_213057099_213147707",3635.25291046867,"-"
"PUF60","chr17_63931388_63932194",3631.93827814051,"-"
"HNRNPA1","chr17_78121164_78122604",3629.93271099258,"-"
"HNRNPA1","chr12_124911899_124913723",3629.7162972483,"+"
"SCML4","chr2_38577532_38581912",3624.31521804098,"-"
"ZFP36L1","chr6_29889604_29890263",3622.65616368068,"-"
"GTF3A","chr5_112864732_112867371",3615.88959569557,"-"
"RBMXL1","chr15_25411971_25438488",3615.56905899019,"-"
"PABPC1","chr17_16440253_16441367",3612.3625586794,"-"
"ZFR","chr2_152677475_152679351",3610.72741827828,"-"
"SASH3","chr1_161548675_161549010",3604.97092586293,"-"
"SAMD9L","chr14_49828807_49829053",3601.95340235074,"-"
"SNRPC","chr16_29447026_29454015",3594.33660867881,"-"
"SNRNP70","chr4_182915575_182917287",3593.66067106147,"-"
"SAMD9L","chr15_101286293_101286907",3591.79153776137,"-"
"HNRNPA1","chr2_12723552_12724628",3589.46874001742,"-"
"ZRANB2","chr1_193059776_193075819",3587.47554739667,"-"
"POLR2G","chr17_64501143_64502009",3586.01169336165,"+"
"SNRPF","chr2_86170844_86171207",3579.71852409941,"-"
"YBX1","chr5_178211970_178214795",3579.17392752418,"-"
"CSDE1","chr12_56159622_56159974",3574.75958827539,"+"
"SRRM2","chr21_8393888_8438096",3574.55410646869,"+"
"TIAL1","chr2_68047319_68062944",3570.70602938638,"-"
"YTHDF2","chr20_31722330_31722617",3570.20192149085,"-"
"STIM1","chr21_42413222_42416441",3568.42305826803,"-"
"ZRANB2","chr3_49022768_49022877",3561.16583261537,"-"
"LSM4","chr4_53377923_53379224",3560.4169985767,"-"
"EIF2S1","chr14_90397233_90400064",3558.23854905756,"-"
"RPS3","chr2_63842204_63856305",3554.35986227768,"-"
"LSM7","chr3_49809159_49809389",3550.20158449162,"-"
"SAMD9","chr1_147928578_147936626",3548.72756086959,"-"
"RPS3","chr22_39313729_39314106",3548.61193445531,"+"
"SSB","chr1_24663224_24666814",3542.52314576844,"-"
"SAMHD1","chr2_9474647_9478221",3541.76286626922,"-"
"ZRANB2","chr2_189782602_189784268",3538.91743930487,"-"
"ZFP36","chr2_219230350_219231927",3536.31567797367,"-"
"SRRM2","chr2_233273052_233274675",3535.55664986709,"-"
"FUS","chr21_37073364_37087246",3531.3195440826,"-"
"ZFP36L2","chr2_230200965_230207990",3530.41671151006,"-"
"RPS3","chr22_39313310_39314106",3529.19267353144,"+"
"EIF4B","chr1_11654952_11655805",3528.71687620672,"-"
"MATR3","chr2_231711983_231712442",3527.62924425815,"-"
"RBM3","chr22_41781845_41793828",3524.89203808101,"-"
"SNRPD2","chr2_11172045_11174967",3524.06263038536,"-"
"GRSF1","chr1_85259061_85259357",3522.40368148574,"-"
"EWSR1","chr14_101912473_101925140",3518.87193911435,"-"
"RPS3","chr16_80980879_80981805",3517.14621784533,"-"
"SSB","chr17_58005041_58005800",3512.22040661849,"-"
"RBM39","chr4_127921771_127921859",3508.67098538523,"-"
"YBX1","chr4_77776392_77819589",3491.78202489708,"-"
"SRRM1","chr3_146525647_146528613",3487.79832862079,"-"
"SNRPB","chr17_7016685_7017256",3487.46034718306,"-"
"HNRNPH3","chr15_63533918_63537024",3485.37818154364,"-"
"ZNF638","chr5_304221_314416",3476.74638798489,"-"
"RBM5","chr3_180985996_180986942",3466.30517090024,"-"
"MATR3","chr5_139322967_139325295",3465.17196581576,"+"
"SAMD3","chr2_159448409_159453612",3461.84660250233,"-"
"YBX1","chr2_24315224_24321813",3461.22284428975,"-"
"SAMD3","chr15_44672239_44672387",3459.13812641036,"-"
"RALY","chr2_95910568_95915979",3455.31731107993,"+"
"ZFP36L2","chr17_6641152_6641752",3454.18549389602,"-"
"HNRNPC","chr15_44380976_44413335",3453.1440494161,"-"
"HNRNPK","chr12_42326229_42335882",3452.37316929727,"-"
"HNRNPK","chr16_50669148_50675769",3452.2923887461,"-"
"HNRNPA2B1","chr1_40040801_40059333",3450.53873710091,"-"
"RBM6","chr2_135983454_135985793",3450.36700952845,"-"
"RBMX","chr21_8392957_8437168",3446.63281601358,"-"
"SNRNP70","chr2_95910568_95912243",3444.2505788171,"-"
"RPS3","chr19_582578_582749",3442.49647179462,"-"
"HNRNPA1","chr14_23556343_23558694",3442.42003251962,"-"
"RC3H2","chr1_110891471_110899123",3439.57007778646,"+"
"SAMSN1","chr3_28241812_28316332",3439.26989105601,"-"
"ZRANB2","chr5_39202987_39270568",3436.30283790835,"-"
"HNRNPA1","chr2_97204096_97204190",3435.24166552503,"-"
"ZNF638","chr2_134946465_134947735",3435.14250588969,"-"
"SNRNP70","chr19_19654074_19654542",3433.66323891714,"-"
"SUPT6H","chr22_50250905_50250973",3432.88811424567,"-"
"MATR3","chr1_103533854_103534771",3432.18923874236,"-"
"LCP2","chr1_110891471_110899123",3432.0262043931,"+"
"FUBP1","chr2_113439117_113441350",3430.73375080329,"-"
"NSUN6","chr1_159045464_159051678",3430.52416658774,"+"
"SAMD9","chr5_94053227_94111510",3430.18810431143,"-"
"LCP2","chr2_202297906_202300233",3428.64676528729,"-"
"LCP2","chr17_76729794_76732977",3427.58958681636,"-"
"SASH3","chr21_8393174_8437388",3427.27686377581,"+"
"SNRPB","chr17_8886605_8887095",3426.86021428547,"-"
"RALY","chr5_177441053_177441734",3424.95207618478,"-"
"TMEM63A","chr1_26362175_26363025",3420.00434673811,"-"
"PUF60","chr20_57604769_57610148",3418.60418165921,"-"
"GRSF1","chr1_66926242_66940027",3411.35038924841,"-"
"RPS3","chr2_95910568_95915979",3411.33231477011,"+"
"SNRPB2","chr20_16730064_16731667",3410.96334048132,"+"
"CSDE1","chr2_97206135_97211545",3408.92273748882,"+"
"SNRPD2","chr3_101372126_101417592",3406.68619457044,"-"
"ZC3H12D","chr14_22508658_22547505",3406.45101417216,"+"
"SAMD3","chr4_26321048_26386352",3398.63651633781,"-"
"SRRM2","chr17_16284138_16299887",3397.97159446774,"-"
"SRRM2","chr2_201160942_201163834",3397.80649537818,"-"
"SNRPD2","chr12_62325933_62355330",3395.19461707788,"-"
"HNRNPH1","chr14_101917947_101925140",3392.69464648739,"-"
"EWSR1","chr3_101372126_101417592",3391.24741868684,"-"
"SAMHD1","chr1_167684001_167690048",3388.73767659954,"-"
"RNPS1","chr22_24427726_24433130",3382.30413478574,"-"
"RBM17","chr2_32301495_32307103",3380.41412064112,"-"
"EWSR1","chr22_29288786_29292136",3376.68875243175,"+"
"TARDBP","chr5_179623164_179623594",3375.62375737619,"-"
"CIRBP","chr20_5584322_5593326",3374.10061022292,"-"
"RBM3","chr2_9474647_9475986",3372.72465308288,"-"
"PHC3","chr6_26406256_26445703",3366.28614363316,"+"
"ZFP36L2","chr3_28291954_28292735",3365.94875580637,"-"
"HNRNPH1","chr3_185926734_185937824",3365.33622833979,"-"
"RBM25","chr5_177441053_177441736",3364.74429076719,"-"
"ZRANB2","chr2_70301603_70301924",3361.4332166581,"-"
"RBM6","chr12_124913111_124913339",3358.4959606033,"+"
"SLTM","chr22_40552367_40636477",3357.83779235855,"-"
"HNRNPA2B1","chr20_63707097_63707866",3352.15141258501,"-"
"LCP2","chr16_634956_635280",3351.42296920097,"-"
"FUS","chr20_36608000_36609600",3350.87253081931,"-"
"SAMHD1","chr3_49310737_49324701",3349.58612654701,"-"
"HNRNPD","chr20_47298872_47310055",3349.50341243183,"-"
"RBM8A","chr21_25729801_25734332",3346.27131484289,"-"
"NONO","chr2_127051243_127057472",3343.95880259812,"-"
"HNRNPL","chr21_8393623_8437831",3343.37090246118,"-"
"SNRPD2","chr22_38752665_38755762",3340.22313889852,"-"
"TAF15","chr22_20575232_20582610",3339.79415743748,"-"
"HNRNPK","chr17_2041875_2042604",3333.76923542799,"-"
"PARN","chr12_28255662_28257201",3332.04392635211,"-"
"RBM8A","chr3_193618936_193626091",3328.71801652363,"-"
"SNRPN","chr6_29944221_30008286",3325.7803502752,"-"
"EIF3G","chr4_185191212_185203784",3320.09143481974,"-"
"SNRPD2","chr16_89727325_89729234",3319.84176109651,"-"
"LCP2","chr3_146525647_146533469",3315.02903202513,"-"
"SNRPB2","chr3_121730017_121730847",3312.07534808688,"-"
"SF1","chr2_201160942_201163834",3310.38427427531,"-"
"HNRNPK","chr4_151099714_151102870",3310.18142010447,"+"
"SASH3","chr17_35657791_35671753",3309.35425405248,"-"
"GTF3A","chr20_63873816_63882718",3305.91796391253,"-"
"MATR3","chr15_52564246_52568847",3304.22173856189,"-"
"RPS3","chr20_62387674_62388308",3301.82168424548,"-"
"HNRNPA1","chr6_107708011_107720702",3299.31190886947,"-"
"TIAL1","chr5_178616948_178617343",3297.38067731452,"-"
"SNRPD2","chr18_35290391_35305975",3297.00380719792,"-"
"HNRNPR","chr2_108449289_108449632",3296.89457669724,"-"
"CSDE1","chr2_73939022_73946718",3294.6924576403,"-"
"SEC23IP","chr14_21211566_21211809",3292.28206046393,"-"
"CNOT4","chr17_77451528_77482143",3291.65706571467,"-"
"PHC3","chr1_32327458_32327535",3291.02131608373,"-"
"SRRM2","chr3_49077038_49093911",3285.00235170411,"-"
"HNRNPF","chr15_58899937_58901259",3284.98683437314,"-"
"POLDIP3","chr1_116796256_116805604",3284.34316926489,"-"
"TRA2A","chr2_224931668_224946846",3283.80865098823,"-"
"NONO","chr1_151307801_151315572",3282.66250494902,"-"
"HNRNPA1","chr1_151316509_151327270",3280.51179466113,"-"
"RPS3","chr19_54509085_54510525",3279.31546162654,"-"
"HNRNPR","chr3_195662733_195663623",3279.06557133512,"-"
"PCBP2","chr12_53467293_53468776",3278.33042551241,"+"
"PARP10","chr22_24270983_24302194",3278.04470486707,"-"
"SASH3","chr1_159800613_159806595",3276.80566008496,"-"
"SSB","chr13_46045516_46052403",3275.08903550838,"-"
"RBM8A","chr3_50332154_50337904",3272.24509124516,"-"
"HNRNPR","chr19_48234543_48240961",3270.54289217052,"-"
"SAMD9L","chr17_43013379_43013475",3269.7126671225,"-"
"ZC3H8","chr15_34407735_34437397",3269.50300923178,"-"
"ZC3H15","chr12_8940869_8942415",3269.01154413953,"-"
"NCL","chr2_73950732_73958145",3268.84087375642,"-"
"YBX1","chr1_26362022_26363025",3268.12323802935,"-"
"SNRPN","chr19_18557914_18562035",3266.84465394932,"-"
"HNRNPK","chr20_1604142_1604741",3261.48157858598,"-"
"ZC3H7A","chr12_56116863_56117188",3259.95408144664,"+"
"SRRM1","chr12_15882819_15889927",3257.30709467596,"-"
"SASH3","chr17_82019694_82019857",3256.19367641764,"-"
"HNRNPM","chr20_17660528_17682027",3256.17773167479,"-"
"HNRNPM","chr2_97179766_97181597",3256.15693529768,"-"
"FUS","chr12_28255662_28257201",3255.4689808664,"-"
"SF3A1","chr14_35116737_35121901",3255.3195548524,"-"
"TRA2A","chr12_42332702_42335882",3252.85782180391,"-"
"YBX1","chr14_100138897_100141179",3252.46517329904,"-"
"PABPC1","chr19_48234543_48240961",3250.66222331341,"-"
"HNRNPC","chr1_6026445_6040516",3247.280448458,"-"
"RNPS1","chr15_92900824_92924320",3245.82025359059,"-"
"SNRPB","chr22_44185872_44186576",3241.4685737768,"-"
"ZFP36L1","chr2_10408734_10419733",3240.94441841513,"-"
"SRRM2","chr21_8437352_8438445",3240.1268981433,"-"
"TRA2A","chr20_58993675_58994109",3239.46001426434,"-"
"NCL","chr20_57615580_57620261",3238.93889619525,"-"
"LARP7","chr1_161548678_161549010",3237.99274340936,"-"
"HNRNPK","chr4_98482175_98507677",3237.30718791294,"-"
"EWSR1","chr16_80976179_80981805",3236.44371179589,"-"
"SAMD9L","chr1_112703806_112707077",3236.11065815763,"-"
"TRA2A","chr14_22513998_22547505",3235.31477202593,"-"
"PUM2","chr1_158945042_158976700",3234.39402384809,"-"
"RALY","chr16_29809764_29810076",3233.94054932947,"-"
"PARP12","chr3_170178938_170181701",3233.21658825593,"-"
"GTF3A","chr20_63873816_63882718",3232.60954087104,"-"
"NCL","chr1_207785682_207793518",3232.26389618021,"-"
"RBM6","chr1_207767823_207770320",3227.53472712963,"-"
"PARP14","chr6_26459828_26462796",3225.04929034616,"-"
"HNRNPH1","chr2_97538363_97540033",3222.55169571603,"-"
"SRRM1","chr14_20455338_20455577",3222.45445792652,"-"
"ZFP36","chr1_2510748_2511337",3222.13901510282,"-"
"HNRNPH1","chr12_25061653_25062819",3220.61812990354,"-"
"ZFP36L1","chr3_52700496_52705446",3220.58336298653,"-"
"PABPC3","chr2_227352573_227355676",3219.57537551392,"-"
"NIP7","chr22_23695517_23705428",3219.02065349576,"-"
"RPS3","chr4_151099714_151100484",3217.22822353502,"+"
"ZRANB2","chr3_196939432_196942425",3215.86622524724,"-"
"TIAL1","chr12_48153529_48157458",3215.61372809143,"-"
"U2AF1","chr2_127051243_127057472",3211.32816923143,"-"
"SAMSN1","chr21_25729801_25734332",3209.9379596532,"-"
"SCML4","chr14_73099750_73103191",3207.57623533063,"-"
"HNRNPH1","chr2_95888120_95958590",3202.39143432369,"-"
"HNRNPH3","chr2_160285044_160286977",3200.71560080246,"-"
"EIF3G","chr15_76292700_76311349",3197.69319943147,"-"
"ZFP36","chr4_98482175_98486737",3196.87686414239,"-"
"SNRPE","chr17_59112345_59131280",3196.22449229304,"-"
"ZC3HAV1","chr17_58005041_58005800",3194.89565121521,"-"
"SAMD9L","chr21_8393177_8437384",3194.62547290057,"-"
"NAA38","chr20_62303045_62303567",3189.92122202047,"-"
"LCP2","chr13_37045376_37047534",3189.38622756439,"-"
"PCBP1","chr22_26663398_26665530",3188.05507562155,"-"
"RBM39","chr22_41784420_41784607",3187.80820451224,"-"
"PCBP1","chr6_29889604_29944499",3185.08101666662,"+"
"ZRANB2","chr15_42457158_42466052",3179.56883842007,"-"
"NSUN6","chr2_23823569_23828848",3179.13812955718,"-"
"SAMSN1","chr22_39313729_39314106",3177.7266276091,"-"
"SNRPD1","chr1_204532246_204538208",3174.88635340725,"-"
"PCBP1","chr6_29725202_29928224",3171.59255574869,"-"
"HNRNPR","chr1_108696351_108698603",3171.43886952527,"-"
"RBM14","chr1_20780540_20787194",3169.71872584913,"-"
"EWSR1","chr2_11175009_11177736",3166.7080794564,"-"
"SAFB2","chr1_160816863_160818217",3166.69728368598,"-"
"ZRANB2","chr6_30577913_30578075",3158.49228973899,"-"
"ZFP36L2","chr2_85596649_85597103",3156.83678445224,"-"
"YBX1","chr2_171081708_171082780",3156.68391215413,"-"
"TRA2B","chr1_11748589_11750076",3152.50294299758,"-"
"SGMS1","chr22_21629407_21629601",3151.6442301966,"-"
"FUBP1","chr1_44635666_44636029",3150.97325637935,"-"
"SNRPB","chr3_16303592_16337111",3150.85898482615,"-"
"POLR2G","chr1_11748589_11750076",3150.15163081863,"-"
"RBM17","chr4_151099714_151102870",3149.04002279122,"+"
"TMEM63A","chr12_89497342_89525119",3146.92341964026,"-"
"PUF60","chr20_3149260_3159765",3145.32500661625,"-"
"EIF4H","chr16_88004411_88006089",3144.34171889271,"-"
"RBM6","chr21_8394316_8438445",3143.20398591876,"+"
"MBNL1","chr1_159802455_159806595",3142.10620927272,"-"
"RPS3","chr19_49489922_49490231",3141.58155797615,"+"
"TARDBP","chr20_63875875_63882718",3140.30960802286,"-"
"TRA2B","chr21_33432802_33439213",3140.19534957764,"-"
"SLTM","chr2_171687627_171690146",3137.09137689839,"-"
"TIAL1","chr2_48328702_48346200",3136.94143763301,"-"
"LARP4B","chr1_16632371_16633094",3136.2999653344,"-"
"LCP2","chr3_101574279_101579789",3134.84048009557,"-"
"U2AF1L4","chr2_230245071_230245862",3131.98858312257,"-"
"SNRPC","chr1_111139711_111140037",3130.21505869133,"-"
"GRSF1","chr1_175007196_175008608",3127.21557724339,"+"
"HDLBP","chr12_66314163_66315241",3123.47611181436,"-"
"HNRNPF","chr3_3153488_3154746",3120.8026375899,"-"
"EIF4H","chr15_101651773_101652270",3120.71665564427,"-"
"CSDE1","chr14_91147858_91157638",3120.25013086965,"-"
"HNRNPL","chr2_97122993_97127066",3118.86996218304,"-"
"ZFR","chr20_49124587_49135832",3117.93983867664,"-"
"RBM22","chr18_36787079_36798448",3117.01351282159,"-"
"TMEM63A","chr14_97960417_97969272",3116.52887543167,"-"
"PAN3","chr17_49622876_49677932",3116.29879356617,"-"
"SAMSN1","chr2_191682595_191683728",3115.41303656363,"-"
"PHC3","chr16_31201841_31202416",3115.37265624078,"-"
"ZC3H12D","chr1_161548675_161549010",3112.41952958166,"-"
"CPSF6","chr2_9474647_9475986",3109.00405523088,"-"
"HNRNPK","chr1_151890214_151895007",3108.34739749303,"-"
"ZNF638","chr17_18251813_18251998",3102.9678323173,"-"
"SRRM1","chr6_32127750_32128125",3098.56908494435,"-"
"RBM3","chr22_25448284_25455711",3097.34373514319,"-"
"ZFP36L2","chr2_11172045_11177736",3095.78130741155,"-"
"SAMD9","chr19_16153204_16154398",3095.42868552936,"-"
"CIRBP","chr2_113438022_113439019",3094.8659632651,"-"
"RBMXL1","chr18_36787079_36798448",3094.14018978167,"-"
"ZRANB2","chr15_74024927_74033155",3092.83826113278,"-"
"LSM2","chr13_113177976_113178173",3090.29946131683,"-"
"CIRBP","chr17_75226157_75231339",3089.31294519136,"-"
"SAMD3","chr3_42619708_42620015",3087.38597709931,"-"
"THUMPD2","chr12_54283234_54283811",3086.63901563785,"+"
"EIF4B","chr3_196939432_196942369",3085.32971214549,"-"
"RBM12","chr17_76727213_76732977",3084.73961970663,"-"
"CSDE1","chr22_23791867_23793558",3082.33821687052,"-"
"NCL","chr22_20537204_20551435",3080.53293099659,"-"
"ZNF638","chr5_146701142_146878001",3079.99417204883,"-"
"CPSF6","chr5_138018514_138018954",3077.78685154757,"-"
"SEC23IP","chr19_11447618_11447692",3077.23389325534,"-"
"TARDBP","chr14_97926644_97969272",3076.69105813849,"-"
"SLTM","chr1_154988849_154990158",3076.67353676944,"-"
"TRMT2A","chr4_127921771_127930682",3074.72206095298,"-"
"PTBP1","chr13_46045516_46052403",3071.78002478791,"-"
"RPS3","chr2_191678241_191678989",3068.50759869285,"-"
"ZRANB2","chr2_86788560_86789639",3058.02609015606,"+"
"ZFP36","chr20_57604769_57610148",3057.56222516597,"-"
"RNPS1","chr3_66221127_66243202",3056.57601634709,"-"
"MBNL1","chr18_57620651_57621707",3053.70387822161,"-"
"HNRNPF","chr14_24633075_24634105",3051.92076122186,"+"
"G3BP1","chr2_97558994_97560831",3050.12516472041,"-"
"SASH3","chr16_22533836_22533950",3047.77520787463,"+"
"RBM25","chr2_48328702_48346200",3046.72316485193,"-"
"FUS","chr16_31201841_31202416",3044.10393068578,"-"
"SAFB2","chr1_203016140_203018480",3043.52781882536,"-"
"EWSR1","chr2_171687873_171690146",3043.46035232226,"-"
"RBMX","chr2_219230350_219231927",3042.95026374587,"-"
"HNRNPA2B1","chr1_23967723_23971572",3036.37810211619,"-"
"ZFP36L1","chr5_96762372_96765223",3033.51097757015,"-"
"SASH3","chr1_91720230_91721954",3032.52529134157,"-"
"EWSR1","chr2_230253417_230255451",3031.5256143499,"-"
"EIF2S1","chr16_69762391_69786995",3031.32334898573,"-"
"RBMX","chr13_37045373_37047534",3029.94740141075,"-"
"TRA2B","chr19_11447618_11447692",3029.91478153881,"-"
"HNRNPC","chr6_29725202_29829589",3028.84294651004,"-"
"SNRPG","chr2_233161826_233163753",3025.32660989148,"-"
"YBX1","chr2_171061156_171081639",3024.85330641434,"-"
"RBM25","chr2_227352573_227355676",3024.05680001437,"-"
"SSB","chr2_97179766_97179860",3022.88766348951,"-"
"RFTN1","chr1_155521618_155562778",3022.18751773531,"-"
"HNRNPM","chr5_94053227_94111510",3022.1166559353,"-"
"G3BP2","chr2_97164311_97167576",3019.59088718953,"-"
"RNPC3","chr2_48314814_48346200",3018.9161962389,"-"
"SNRPD2","chr2_219230405_219231927",3017.91511984406,"-"
"SNRNP70","chr2_95910568_95915979",3017.82860494564,"+"
"TARDBP","chr12_57107314_57108162",3015.99824957515,"-"
"HNRNPR","chr6_30577913_30578072",3013.77125758102,"-"
"MATR3","chr21_33931742_33938224",3013.64395771498,"-"
"SAMHD1","chr2_68782320_68807272",3013.0946109706,"-"
"HNRNPH2","chr17_3925441_3928662",3011.35228697589,"-"
"PHC3","chr21_8393926_8438141",3011.10435513561,"+"
"ARAP2","chr17_76557857_76561287",3010.30713437518,"-"
"G3BP2","chr17_77451528_77482143",3008.88529126417,"-"
"HNRNPA2B1","chr3_12604289_12606200",3005.31673638943,"-"
"RPS3","chr5_55102752_55107793",3004.85089561055,"-"
"TMEM63A","chr1_25562716_25563069",3003.90775656388,"-"
"RALY","chr1_11748610_11750076",3003.28476162453,"-"
"ZNF638","chr2_70216499_70216752",3002.14100003923,"-"
"SRRM2","chr16_56989617_57017073",2999.74047967573,"-"
"PAN3","chr2_97179766_97181597",2999.20657459238,"-"
"RPS3","chr19_29665505_29673823",2998.69900044018,"-"
"RALY","chr17_76727213_76729689",2997.83048494561,"-"
"ZC3HAV1","chr3_48927813_48961611",2996.99100865247,"-"
"ZC3H7A","chr1_151316509_151327270",2996.12081493463,"-"
"HNRNPH2","chr17_73227264_73232085",2994.82016502819,"-"
"RPS3","chr2_111344237_111367486",2994.37093103162,"+"
"SSB","chr1_116796256_116805604",2992.49367662407,"-"
"HNRNPR","chr13_72781356_72781604",2991.41367862589,"-"
"ZFP36L2","chr16_3065494_3065780",2990.78478242433,"-"
"SNRPA","chr19_51372074_51372378",2990.32858460932,"+"
"RBM4","chr1_52911790_52921552",2990.14309777175,"-"
"ZFP36L2","chr5_177441053_177441734",2986.66029576047,"-"
"GRSF1","chr12_9656697_9656920",2986.40962248987,"-"
"U2AF1","chr17_63929888_63931334",2986.12411895571,"-"
"RALY","chr1_31911826_31918969",2985.87093620003,"-"
"HNRNPF","chr1_160748514_160749820",2985.8551828026,"-"
"ZFP36L1","chr3_49812543_49813061",2984.9391458315,"-"
"RBM12","chr5_71604468_71632120",2984.80352280493,"-"
"SRRM2","chr6_29888672_29934217",2979.71826563747,"-"
"EWSR1","chr1_11745837_11747439",2979.37439606615,"-"
"SRRM1","chr14_91114283_91157638",2975.65808801647,"-"
"LARP4B","chr12_46254936_46268864",2975.60683338376,"-"
"RBM8A","chr2_97205968_97206062",2973.41704420143,"-"
"SRRT","chr5_171400210_171405301",2973.25550251683,"+"
"RBM25","chr17_36578192_36579244",2971.84811859159,"-"
"ZC3H7A","chr2_213057099_213147470",2971.43816351123,"-"
"SNRPB","chr2_108449289_108449632",2970.82945281408,"-"
"SRRT","chr14_91145313_91157638",2970.21375055811,"-"
"RBMS1","chr1_32327458_32327535",2969.95731676884,"-"
"HNRNPA2B1","chr1_40041493_40059336",2968.66204600181,"-"
"HNRNPH1","chr3_88055999_88057190",2967.65333752061,"-"
"G3BP2","chr17_78131737_78132358",2967.37930299434,"-"
"SCML4","chr15_44715699_44716327",2964.20729281346,"-"
"SNRPG","chr17_6641152_6641752",2962.69114575413,"-"
"FUS","chr5_96762372_96765220",2961.12324038525,"-"
"SAFB2","chr6_29889604_29889706",2961.12160195481,"-"
"NONO","chr15_80098578_80120327",2959.38176385563,"-"
"RBM39","chr3_114974416_115071218",2958.99033494366,"-"
"PARP10","chr21_42413222_42416441",2958.69523351933,"-"
"HNRNPK","chr2_97219246_97224808",2957.62777189896,"-"
"DKC1","chr19_29942664_29985222",2957.44920338589,"-"
"EIF3G","chr5_146463793_146468340",2957.44687179711,"-"
"LSM4","chr22_26663509_26665530",2957.10388634441,"-"
"HNRNPH3","chr12_124912506_124913646",2956.04661990361,"-"
"YTHDC1","chr17_28883231_28888944",2955.92306669486,"-"
"ZC3H13","chr4_77776392_77819303",2950.25803683239,"-"
"SFPQ","chr16_30076094_30076314",2949.86857605729,"-"
"SF1","chr1_161548675_161549010",2949.52185099075,"+"
"GRSF1","chr12_31298224_31326023",2948.41603015581,"-"
"RALY","chr15_31327789_31372009",2948.20718156911,"-"
"HNRNPA1","chr18_9204544_9208656",2945.65818003211,"-"
"EPHA1","chr2_63857718_63857828",2945.49255667077,"-"
"RNPS1","chr22_32475398_32478980",2944.54088846472,"-"
"RBM8A","chr5_171400210_171405301",2940.53974415726,"+"
"CCAR1","chr12_56160670_56161386",2940.38883845601,"+"
"GTF3A","chr14_91866625_91867261",2939.94589310913,"-"
"GRSF1","chr2_197398581_197398968",2938.7647369037,"-"
"MCM3AP","chr2_108534594_108659604",2937.96842575596,"-"
"RBM19","chr1_22074219_22078428",2937.67100960426,"-"
"HNRNPA3","chr22_32475124_32478980",2931.60861390083,"-"
"SRRM2","chr4_53377923_53379224",2931.36783287192,"-"
"PABPC1","chr3_105678571_105681723",2930.53911147087,"-"
"POLR2G","chr2_207561160_207567462",2930.38673239727,"-"
"MATR3","chr6_152180294_152189251",2930.22825328025,"-"
"PAN3","chr17_44188009_44188934",2930.20118616903,"-"
"SAMSN1","chr17_4710744_4715972",2929.56212914069,"+"
"GTF3A","chr2_231711419_231712442",2929.40104076477,"+"
"CSDE1","chr13_37047936_37051487",2929.30488077535,"-"
"U2AF1","chr14_91114994_91145220",2928.67676972721,"-"
"MATR3","chr19_48234543_48240961",2926.3754890444,"-"
"HNRNPL","chr3_185926734_185937824",2924.27635906915,"-"
"ZFP36L2","chr19_11578657_11578843",2923.89257298453,"-"
"GTF3A","chr4_184638468_184649394",2922.39416567156,"-"
"TAF15","chr3_113014032_113019541",2922.20231422101,"-"
"PABPC1","chr12_56724549_56725262",2920.8993178077,"-"
"CIRBP","chr14_101912473_101925140",2920.56347611662,"-"
"PSPC1","chr1_160814761_160818217",2919.50442363375,"-"
"RALY","chr3_49077038_49092396",2917.93105919996,"-"
"HNRNPA3","chr2_272305_275139",2917.27084869341,"-"
"HNRNPM","chr16_31202203_31202416",2916.44917423409,"-"
"SAMHD1","chr16_30698761_30699907",2915.58776024624,"-"
"SLBP","chr16_29569328_29594886",2915.19613166385,"-"
"RPS3","chr5_180793097_180803601",2914.54208595342,"-"
"RBMX","chr12_47206145_47210639",2914.03872720188,"+"
"HNRNPR","chr16_4694238_4694957",2913.73694242233,"-"
"EIF3G","chr19_18431418_18431646",2913.52958390465,"-"
"HNRNPA1","chr17_7393364_7393466",2908.86948998136,"-"
"PCBP2","chr19_17836051_17837128",2908.17091656698,"-"
"ZFP36L1","chr21_42413222_42416441",2908.0310210862,"-"
"SAMD3","chr2_202290457_202291020",2907.40996700197,"-"
"HNRNPA2B1","chr22_36149142_36160668",2907.3177214724,"-"
"SAMHD1","chr13_49075364_49114654",2906.98982150651,"-"
"HNRNPF","chr2_74528489_74529131",2905.66140885127,"-"
"MSI2","chr2_70227822_70228343",2903.76599435977,"-"
"RBM25","chr3_114693575_114801100",2901.46299513009,"-"
"HNRNPC","chr2_27774530_27779432",2900.55208425897,"-"
"G3BP1","chr2_113438022_113441350",2899.99591208719,"-"
"HNRNPA3","chr22_24427726_24433130",2899.04669803468,"-"
"RBMX","chr14_89180806_89280949",2898.73779619291,"-"
"HNRNPH1","chr5_96762372_96765223",2898.08342335302,"-"
"RPS3","chr6_125292909_125300537",2898.06219638237,"-"
"FUBP1","chr2_241097427_241102252",2897.98881439521,"-"
"SNRPB","chr12_76450979_76487509",2895.59680415986,"-"
"ZC3HAV1","chr17_75229131_75231339",2894.9101515956,"-"
"RBM6","chr20_35655344_35658929",2893.15596633076,"-"
"SAMD9L","chr17_19939849_19941825",2892.31103305174,"-"
"SNRPC","chr1_16635168_16643027",2891.69006533613,"+"
"PAN3","chr16_22519269_22523819",2891.40114613011,"-"
"ZC3H13","chr17_7013516_7013665",2890.31134794436,"-"
"PTBP1","chr12_57477680_57477784",2888.82502075391,"-"
"ZFP36L1","chr19_54449310_54451289",2888.78718849062,"-"
"ZFP36L2","chr15_34227846_34229752",2888.24475702181,"-"
"RBM4B","chr3_196939432_196942425",2888.22735768507,"-"
"MBNL3","chr2_96549805_96550028",2888.21554969677,"-"
"HNRNPR","chr13_52659249_52662648",2888.07722262863,"-"
"ZFP36L2","chr2_105089069_105089919",2885.91138244727,"-"
"TRA2B","chr1_30966197_30967166",2885.76231795242,"-"
"PARN","chr3_197705175_197736654",2885.48938328318,"-"
"MKRN1","chr12_48153525_48157458",2885.31306406586,"-"
"SF1","chr21_6493110_6495992",2883.61722341682,"-"
"ZFP36L2","chr4_53428183_53440581",2883.40964069989,"-"
"EIF4H","chr3_28316423_28316752",2882.56280947512,"-"
"RFTN1","chr2_55577356_55579678",2882.00606580598,"-"
"LSM3","chr22_32475398_32478980",2878.44634106396,"-"
"NCL","chr6_25963282_25966492",2877.11661404205,"-"
"SNRPD2","chr1_92832117_92833544",2876.76578479468,"+"
"RBM3","chr1_46560277_46561477",2876.36184262305,"-"
"SCML4","chr2_111344237_111365560",2875.81576889692,"-"
"ZFP36L2","chr14_24138568_24138735",2872.80977459265,"+"
"SRRM1","chr4_153583672_153584834",2869.94881453406,"-"
"PABPC1","chr2_97215497_97217176",2869.87443703358,"-"
"SNRPF","chr4_26321048_26362445",2869.75241867803,"-"
"HNRNPA1","chr14_24232788_24233218",2869.4764808051,"-"
"EWSR1","chr21_37073364_37087246",2868.69832687731,"-"
"NONO","chr22_38486440_38487872",2868.64538629979,"-"
"NOL8","chr3_69077918_69080111",2868.19317712772,"-"
"ARAP2","chr3_28316423_28316752",2868.12028809113,"-"
"MBNL1","chr16_28656523_29050671",2867.572011822,"+"
"HNRNPF","chr2_95956816_95960472",2867.34123490227,"+"
"TAF15","chr4_951258_951681",2867.08771186623,"-"
"PARP12","chr2_70301603_70301924",2865.39627168631,"-"
"ZFP36L2","chr12_46367340_46370775",2863.76585350724,"-"
"LCP2","chr12_56160670_56161386",2863.49815939715,"+"
"ZFP36L2","chr16_88700940_88701261",2862.49692420839,"-"
"RBM3","chr2_97187226_97189217",2861.08630818246,"+"
"SF1","chr13_42888502_42895008",2860.92837696227,"-"
"PPP1R10","chr12_25052956_25062819",2860.14929199466,"-"
"SNRPB","chr17_4710744_4715972",2859.01043526941,"-"
"SNRPN","chr2_197069965_197078702",2858.45011210792,"-"
"GTF3A","chr6_311962_335113",2858.19005924108,"-"
"RBM5","chr16_22519269_22523819",2857.03629458559,"-"
"HNRNPR","chr21_8393174_8437388",2856.59278702444,"+"
"HNRNPA1","chr2_230327301_230357804",2856.17022010173,"-"
"ZC3H7A","chr15_101633728_101645086",2856.09406869317,"-"
"U2AF1","chr2_68047319_68062957",2855.08466171116,"-"
"TIPARP","chr19_18001573_18008710",2853.29739023815,"-"
"RBM3","chr21_42413222_42413409",2852.99184186716,"-"
"ZFP36","chr19_18557914_18562035",2852.74322591812,"-"
"EWSR1","chr22_29288786_29292136",2852.33638015031,"+"
"SAMSN1","chr15_34407735_34437397",2850.59598467928,"-"
"SUPT6H","chr1_31911826_31918969",2849.53513242497,"+"
"STIM1","chr21_42413222_42416441",2848.17874623362,"-"
"RNPC3","chr2_189782602_189784268",2845.90484874154,"-"
"PARP14","chr19_16153204_16154398",2845.67771560253,"-"
"RNF113A","chr5_133006920_133026496",2845.10794971652,"-"
"ZFP36L2","chr3_30606977_30644746",2844.88438981029,"-"
"GTF3A","chr5_146701142_146878001",2843.93858185342,"-"
"HNRNPF","chr2_73939022_73946718",2840.72563276695,"-"
"ZC3HAV1","chr1_40041493_40059336",2840.34888903883,"-"
"CPSF6","chr1_71065752_71066775",2838.86827792968,"-"
"MCTS1","chr19_3054037_3054119",2837.93942636909,"+"
"THUMPD1","chr16_2752854_2756333",2837.74431372855,"-"
"ZFP36L2","chr21_8393443_8437652",2837.50933063849,"-"
"PCBP1","chr17_78171054_78171738",2836.94690091846,"-"
"RBMXL1","chr2_97200525_97202201",2836.42700930543,"-"
"EIF4B","chr12_2823943_2824089",2835.94767327626,"-"
"ZNF638","chr2_97164311_97167576",2835.83636546996,"-"
"FUS","chr14_35124231_35126734",2834.19948939621,"-"
"TIAL1","chr2_113197634_113197749",2834.17013229139,"-"
"RBM3","chr5_112976986_112985834",2832.62393403118,"-"
"SNRPD2","chr2_202300137_202300233",2831.01212277351,"-"
"RBM6","chr17_73212740_73227164",2830.91977881533,"-"
"HNRNPC","chr14_101824169_101856685",2829.8456862203,"-"
"HNRNPH1","chr2_97560860_97584943",2828.62007901828,"-"
"SRRM1","chr2_70301603_70301924",2827.79144942719,"-"
"SRRT","chr17_37542565_37553114",2827.39393667926,"-"
"FUS","chr21_41426263_41427205",2825.30377257212,"-"
"HNRNPC","chr1_67424959_67425082",2825.10019268755,"-"
"STIM1","chr3_49812543_49812647",2824.42709323059,"-"
"TMEM63A","chr17_36103981_36211775",2822.9164615771,"-"
"ZFP36L2","chr22_38752665_38755762",2822.16523847061,"-"
"EIF2S1","chr3_122621611_122632085",2821.92798152868,"-"
"MCM3AP","chr12_4605086_4610154",2821.67960916027,"-"
"HNRNPH3","chr3_48694240_48695089",2821.64131097729,"-"
"HNRNPF","chr2_241150547_241157806",2820.5607081427,"-"
"RBM25","chr2_241097427_241102252",2820.38556037942,"-"
"EWSR1","chr22_32475124_32478980",2819.26169521549,"-"
"RPS3","chr6_29889500_29896822",2819.09109609393,"-"
"SNRPD2","chr19_12676142_12677290",2818.2014047829,"-"
"G3BP1","chr14_49828807_49829053",2816.24374602285,"-"
"RBM28","chr17_35657791_35671753",2815.62186600225,"-"
"GTF3A","chr1_155260659_155262085",2815.27269515648,"-"
"ZFP36L1","chr3_105678571_105681723",2813.80097179669,"-"
"PUM2","chr2_175121540_175130137",2813.04258248725,"-"
"PUF60","chr5_113515362_113524980",2811.93706116729,"-"
"RBMX","chr3_49812543_49812647",2811.67770257424,"-"
"RBMX","chr17_82449292_82450699",2811.55784563268,"-"
"ZFP36","chr1_161038634_161038879",2811.22897833461,"-"
"ZC3H8","chr19_1011663_1011740",2808.59477572664,"-"
"ZRANB2","chr2_97118517_97142639",2807.91697370643,"-"
"YBX1","chr2_218235044_218238663",2803.94431872008,"+"
"SASH3","chr17_63930385_63931334",2803.93262835696,"-"
"PABPC1","chr12_55932123_55936422",2803.52269180056,"-"
"SAMHD1","chr3_47810711_47815962",2802.28063717748,"-"
"ZFP36L1","chr14_92093831_92096092",2802.23914674466,"-"
"TRA2A","chr19_19635721_19636706",2800.41638725037,"-"
"ZC3H15","chr2_203266681_203272669",2799.64564656065,"-"
"SF1","chr12_124913111_124913339",2798.72687175577,"+"
"GTF3A","chr5_57236032_57246299",2797.05479310219,"-"
"ACIN1","chr2_25771540_25794471",2794.84893634493,"-"
"PUF60","chr13_32538684_32538777",2794.65088965477,"-"
"RALY","chr1_111139711_111140037",2793.96889810914,"-"
"SLTM","chr5_94053227_94111510",2793.94558525723,"-"
"SAMD9","chr1_159800613_159806595",2793.28787947387,"-"
"MBNL1","chr17_35670898_35671753",2793.15472708093,"-"
"RBM39","chr17_6641227_6641752",2792.98768138576,"-"
"ZC3H12A","chr2_85696056_85696987",2791.75352580856,"+"
"PCBP2","chr2_95938901_95938986",2791.13197202844,"-"
"TTC14","chr2_97189290_97190977",2790.20516150021,"-"
"TNKS","chr20_35632923_35658929",2789.29034794145,"-"
"HNRNPK","chr13_32407772_32427903",2789.12226167287,"-"
"HNRNPA1","chr17_3668899_3669097",2788.55134313379,"-"
"EWSR1","chr2_271939_272191",2788.35790441557,"-"
"KHDRBS1","chr19_17838390_17839476",2788.28752031862,"-"
"MBNL1","chr1_23109127_23168765",2787.367856474,"-"
"ZC3HAV1","chr16_56989617_57017073",2787.16887320186,"-"
"HNRNPA2B1","chr2_97164311_97167576",2785.59090749124,"-"
"CPSF6","chr14_24232788_24233218",2785.44769221474,"-"
"HNRNPA2B1","chr12_57718376_57718992",2785.21037614986,"-"
"PHC3","chr18_57620651_57621707",2785.20482259178,"-"
"NAA38","chr17_78134571_78134869",2784.9310666458,"-"
"TIAL1","chr2_95914303_95915979",2784.6369707162,"-"
"CIRBP","chr19_19636796_19636916",2784.06803278317,"-"
"SAMHD1","chr4_53391139_53391429",2783.01128188848,"-"
"SRRM2","chr2_233273052_233274675",2782.99665113218,"-"
"RBM8A","chr13_42888502_42895008",2782.97250003966,"-"
"ZFP36","chr3_66221127_66236543",2780.33602971439,"-"
"SASH3","chr20_49124605_49135832",2780.10891342371,"-"
"SAMSN1","chr14_89190449_89280949",2779.78011372353,"-"
"HNRNPA1","chr19_48249633_48249750",2779.57114497569,"-"
"CSDE1","chr2_64585545_64591884",2778.50501761066,"-"
"MATR3","chr2_95876512_95880426",2778.3130168754,"-"
"MBNL1","chr2_95956816_95960472",2778.09596263653,"+"
"ZFP36L1","chr16_668699_670122",2776.49622760798,"-"
"SF1","chr22_31528863_31531057",2774.35343147974,"-"
"PABPC1","chr4_108165163_108166271",2772.16905228419,"-"
"RPS3","chr2_10408734_10419733",2770.93555140142,"-"
"SAMD9","chr16_69121170_69121435",2769.68232977691,"-"
"TIAL1","chr12_89497342_89525119",2768.51121509191,"-"
"SNRPD2","chr13_113178008_113178173",2767.13848241502,"-"
"RPS3","chr15_69453721_69455169",2765.99645282438,"+"
"RBM17","chr17_41689941_41690087",2762.34717822513,"-"
"EIF4H","chr6_32191908_32192471",2762.19988875407,"-"
"PUM2","chr6_32127750_32128116",2760.75342482847,"-"
"FUS","chr2_97200362_97200452",2760.74951137437,"-"
"HNRNPH3","chr3_11829864_11833002",2760.33099851433,"-"
"CCAR1","chr14_23090101_23090521",2759.92454267278,"-"
"ZFP36","chr1_159802455_159806595",2759.01139152362,"-"
"HNRNPL","chr21_25729801_25734332",2758.1760903863,"-"
"SGMS1","chr2_219230350_219231927",2756.58097927406,"-"
"EIF4H","chr14_23567315_23567738",2756.56116604777,"-"
"STIM2","chr6_30577913_30578072",2755.72588812091,"-"
"ZC3H8","chr17_4715043_4715972",2755.42703278308,"-"
"LARP7","chr17_75268192_75270113",2753.66844717294,"-"
"SAMHD1","chr1_1655484_1657374",2753.61252171072,"-"
"HNRNPA1","chr5_134139038_134142184",2752.77657634431,"-"
"ZFR","chr6_11213727_11232503",2752.50819442983,"-"
"CIRBP","chr2_95910445_95914274",2751.98481360213,"+"
"LCP2","chr12_89492115_89525119",2751.83852326638,"-"
"ZC3HAV1","chr3_28241812_28316332",2751.52227650324,"-"
"SNRPG","chr13_27440449_27445087",2750.63810669536,"-"
"CPSF6","chr19_48234543_48240961",2748.73102753718,"-"
"SCML4","chr17_36103981_36211775",2748.11546436075,"+"
"HNRNPK","chr2_175118369_175130137",2746.24816002483,"-"
"SNRPB","chr15_22838921_22851638",2744.73809267598,"-"
"SASH3","chr1_16632371_16633094",2744.67889008775,"-"
"FUS","chr1_192575929_192576773",2743.50438776513,"+"
"SAMD3","chr2_68782320_68807272",2743.35233973917,"-"
"HNRNPA1","chr3_184245812_184248744",2743.02238914163,"-"
"RBM39","chr4_48089824_48094076",2742.58177417959,"-"
"HNRNPA2B1","chr15_101285801_101286907",2741.91916509738,"-"
"RBM4B","chr4_673401_674211",2741.25832850697,"+"
"ZFP36L1","chr2_201272776_201276826",2739.52583337855,"-"
"HNRNPA2B1","chr5_151772036_151786602",2738.32363012239,"-"
"PTBP1","chr12_6460938_6462033",2738.06593885191,"-"
"ZFP36L2","chr1_228147699_228148664",2737.8856859348,"-"
"YBX1","chr21_8393926_8438141",2737.03504113334,"-"
"IREB2","chr1_155921628_155921860",2736.96545803861,"-"
"SNRPC","chr2_97219246_97224805",2734.88823528421,"-"
"NONO","chr6_152294127_152301868",2734.47608223994,"-"
"RBM27","chr16_29381786_29383688",2734.47298766923,"+"
"SAMSN1","chr12_47966172_47966682",2734.14032832918,"-"
"PARP10","chr4_153583672_153584837",2732.43151493335,"-"
"HNRNPF","chr5_35867463_35867644",2731.0978157976,"+"
"PTBP1","chr6_29889604_29889706",2730.7699928835,"-"
"PCBP1","chr14_101824169_101856685",2730.64787023541,"-"
"SNRPB","chr1_160814761_160818217",2729.69188671933,"-"
"ZC3H7A","chr16_85779867_85781210",2729.61812771756,"-"
"RBM4","chr16_3065494_3065783",2729.50880032721,"+"
"SAMD3","chr19_19677990_19678725",2729.39238717458,"-"
"RBM18","chr2_73734588_73737301",2729.19087966561,"-"
"SAMD3","chr20_64076954_64079293",2728.33736586696,"-"
"SLBP","chr19_15368322_15370145",2728.07021121772,"-"
"SAMD3","chr17_82449292_82450699",2727.50701510902,"-"
"ZC3H3","chr14_22525715_22547505",2727.39425851751,"+"
"RBM39","chr1_159802455_159806595",2727.249985669,"-"
"FUS","chr6_31620858_31622726",2726.06360770527,"-"
"PNPT1","chr2_233161826_233163753",2725.02813665513,"-"
"ZFR","chr2_97179766_97181597",2722.54104052419,"-"
"POLR2G","chr1_108696351_108698603",2721.51988721357,"-"
"SNRPG","chr1_75728488_75732643",2720.66442839183,"-"
"HNRNPC","chr6_127855188_127918427",2720.45416576956,"-"
"SAMD9","chr17_6762037_6762154",2720.28087078284,"-"
"SNRPD1","chr12_55951783_55952340",2720.00720576512,"-"
"SNRPB","chr14_20455338_20455577",2718.81368152929,"-"
"U2AF1","chr1_228108318_228109148",2718.71309008597,"-"
"SSB","chr2_175118369_175130137",2718.45763581261,"-"
"CCAR1","chr15_90935330_90935543",2717.53801114863,"-"
"RALY","chr12_47966172_47966682",2716.94908684984,"-"
"YBX1","chr13_19709599_19730238",2716.41483813107,"-"
"SAMD9L","chr3_146525647_146533469",2714.42310583166,"-"
"NONO","chr22_39102042_39103688",2714.24248106759,"-"
"SLTM","chr17_64824872_64829160",2712.54494999531,"-"
"STIM1","chr1_45661225_45686411",2712.30642428307,"-"
"RPS3","chr13_41362873_41367438",2712.29057188836,"-"
"ZC3H15","chr4_77776392_77819232",2711.99234967199,"-"
"ZNF638","chr13_27440449_27445087",2711.36845961949,"-"
"RPS3","chr6_29944397_30009144",2709.50249867402,"-"
"RBM17","chr2_232697392_232703423",2709.0009640664,"-"
"RBM23","chr3_121730017_121730847",2708.92323443359,"-"
"RBM8A","chr6_29889604_29889706",2708.14907655074,"-"
"ZC3H13","chr3_121730017_121730875",2708.0088975911,"-"
"RBM39","chr5_70946176_70952438",2707.80045818349,"+"
"PARP14","chr1_160816863_160818217",2706.37666975922,"-"
"G3BP2","chr20_64076646_64079293",2705.90783606447,"-"
"SNRPA","chr16_70039100_70042350",2704.90633119971,"-"
"SAFB","chr2_206765654_206766643",2703.87819953104,"-"
"CNOT4","chr20_47298872_47310055",2703.5332091456,"-"
"SNRPG","chr3_196939432_196942369",2702.93640260806,"-"
"HDLBP","chr17_36211217_36211775",2701.3111306864,"-"
"PCBP1","chr2_203272748_203278572",2701.20805563159,"-"
"EIF2S1","chr2_148021684_148178699",2700.58544159099,"-"
"EIF3G","chr2_111367575_111494884",2699.06197421296,"-"
"SCML4","chr1_206905147_206921817",2698.89610932682,"-"
"SLTM","chr1_6785575_6825091",2697.52918120792,"-"
"U2AF1","chr1_23971623_23971849",2697.07716479321,"-"
"EIF3G","chr5_35876719_35877479",2696.9298085427,"-"
"SAFB2","chr12_42352049_42355160",2696.57334442773,"-"
"FUS","chr17_68101959_68114421",2695.93131575172,"-"
"CSDE1","chr2_241097427_241099395",2693.37372439752,"-"
"PHC3","chr20_57615580_57620261",2692.56167011,"-"
"UHMK1","chr2_113438022_113439019",2690.80310898757,"-"
"SNRPB","chr15_85658590_85664562",2690.80269565071,"-"
"RBM22","chr12_6724818_6728222",2690.11965275661,"-"
"SAFB","chr4_77776392_77819589",2689.67639098441,"-"
"SAMD3","chr17_82449480_82450699",2688.70984625974,"-"
"SAMD9L","chr1_23109127_23168765",2686.38109191161,"-"
"EWSR1","chr21_37240639_37267237",2685.83023328192,"-"
"SNRPN","chr17_81891841_81893551",2685.51279122402,"-"
"PARN","chr1_51730124_51745535",2685.42403434012,"-"
"SASH3","chr20_62303781_62306196",2684.7536844083,"-"
"HNRNPK","chr14_91147858_91157638",2683.6875263266,"-"
"RFTN1","chr3_114693575_114801100",2682.47156447985,"-"
"SNRPF","chr17_5501872_5517745",2680.85888738731,"-"
"RPS3","chr1_192575929_192576773",2680.65652691816,"-"
"NCL","chr3_48922811_48924717",2679.87640968527,"-"
"PUF60","chr17_7394267_7394476",2678.50204968995,"-"
"CPSF6","chr2_48314814_48328560",2677.9726603634,"-"
"HNRNPK","chr4_108165163_108166271",2676.98644994043,"-"
"LARP4B","chr2_96549805_96550028",2675.38620349671,"-"
"SNRPD1","chr13_37045376_37047534",2673.77903985897,"-"
"PABPC1","chr14_65101572_65102303",2673.4191300417,"-"
"YBX1","chr3_25729318_25732318",2672.35405620529,"-"
"RBM10","chr13_72781003_72781604",2671.52853303446,"-"
"ZFR","chr22_41784783_41793828",2671.234643279,"-"
"HNRNPF","chr2_68047319_68062957",2670.85042025495,"-"
"GTF3A","chr21_8394316_8438445",2670.30382991612,"+"
"YBX1","chr2_201260613_201266486",2669.96104769088,"-"
"HNRNPH1","chr1_193059776_193075819",2668.99233606434,"-"
"PTBP1","chr2_97181793_97217176",2668.61867063972,"+"
"LCP2","chr15_101972694_101972900",2668.58115281322,"-"
"SAMSN1","chr22_20568631_20575112",2668.52103890903,"-"
"HNRNPA2B1","chr1_53855051_53860055",2668.46319093386,"-"
"HELZ","chr2_97122993_97124459",2668.39486520291,"-"
"ZC3HAV1","chr16_4483754_4505483",2665.5710655635,"-"
"SNRPB","chr17_64501143_64502009",2664.94102499697,"+"
"TRA2A","chr2_189782602_189784268",2660.9954183921,"-"
"SAMD9L","chr2_191010004_191014017",2658.67614230413,"-"
"PHC3","chr21_37073364_37087246",2658.5114677314,"-"
"CIRBP","chr3_180985996_180986942",2658.02745882095,"-"
"ARAP2","chr1_26362022_26363025",2657.58888360953,"-"
"GTF3A","chr1_42457073_42457246",2656.98276310064,"-"
"HNRNPR","chr13_46045516_46052403",2656.07191060739,"-"
"RPS3","chr16_66558348_66565885",2655.72251791651,"-"
"STIM1","chr19_10796199_10798485",2655.19044883465,"-"
"NONO","chr6_11213727_11232503",2653.74821176508,"-"
"HNRNPR","chr2_237994809_238025341",2653.67071608422,"-"
"CCAR1","chr16_56989595_57017073",2653.36920043031,"-"
"CSDE1","chr16_3065655_3065783",2653.31637437946,"+"
"GTF3A","chr21_37073364_37087246",2653.30722393082,"-"
"LARP4B","chr2_238016633_238025341",2652.18405714764,"-"
"MATR3","chr21_8437547_8437601",2651.34046066197,"-"
"ZNF638","chr5_135346057_135352945",2651.06862621438,"-"
"THUMPD1","chr3_49809159_49809541",2650.77691919811,"-"
"RPS3","chr2_161160484_161179613",2650.71162954212,"-"
"RBM4","chr14_35116737_35121901",2649.85916145105,"-"
"FUS","chr12_53467843_53468776",2649.6410466741,"-"
"RBM6","chr19_35745212_35745347",2648.81651182617,"-"
"RBMX","chr1_204532246_204538208",2648.30968378858,"-"
"HNRNPF","chr14_73366981_73409936",2648.0699860359,"-"
"ZC3H12D","chr3_30606977_30623198",2647.8496104214,"-"
"PPP1R10","chr1_91720227_91721954",2646.46438935128,"-"
"RBM6","chr4_82857764_82863317",2645.99868056493,"-"
"GTF3A","chr21_8393888_8438099",2644.397380596,"-"
"CCAR1","chr17_10705615_10706437",2643.49838283091,"-"
"ZNF638","chr4_182915575_182917310",2642.92203796745,"-"
"HNRNPH2","chr12_7929871_7930479",2642.16504923823,"-"
"ZFP36L2","chr2_11172045_11177736",2641.87111678351,"-"
"SASH3","chr21_8393441_8437652",2640.89070902504,"-"
"SNRPG","chr6_25963282_25966492",2640.81592776419,"-"
"LSM4","chr21_8393441_8437652",2640.78667539696,"-"
"NCL","chr17_5422829_5432541",2640.14069881312,"-"
"APTX","chr2_231781883_231788554",2639.45123193279,"-"
"RBM3","chr1_158973771_158976700",2638.62635962055,"-"
"SAMSN1","chr22_40401675_40402138",2637.81349673246,"-"
"RBMS1","chr21_8437352_8438445",2637.48388313422,"-"
"CSDE1","chr1_39205131_39231181",2637.34515113722,"-"
"ZFP36L2","chr3_138187599_138188454",2636.59010276912,"-"
"TNKS2","chr19_29942664_29985222",2636.28029688468,"-"
"PABPC1","chr20_49280964_49289044",2635.61166264824,"-"
"POLR2G","chr2_95958785_95962351",2635.54794548122,"+"
"UPF3B","chr4_98261569_98293404",2635.47846368703,"-"
"SCML4","chr2_171687627_171690146",2635.28991055886,"-"
"SNRPN","chr17_35587428_35594007",2635.24205099511,"-"
"SNRPE","chr19_51372074_51372378",2635.02645107998,"+"
"ZFP36L2","chr22_38752665_38754641",2634.63206054339,"-"
"HNRNPR","chr22_26663509_26665530",2633.80000002014,"-"
"RBM8A","chr20_49280964_49289044",2633.5066171793,"-"
"RPS3","chr6_29889604_29890263",2632.2727399703,"-"
"SNRPN","chr21_42413222_42416441",2630.26900292611,"-"
"RBM42","chr15_34435471_34437397",2629.65949981765,"-"
"ZFR","chr1_51750195_51760689",2628.76506997404,"-"
"RBM17","chr2_177234271_177264531",2628.24190957981,"-"
"RALY","chr15_43189280_43190324",2627.12926352636,"-"
"PSPC1","chr20_16730164_16731667",2627.03391149578,"-"
"SAMSN1","chr1_51730124_51745535",2626.98409945256,"-"
"EWSR1","chr2_237994809_238016565",2626.37959598964,"-"
"PHC3","chr5_57236032_57246299",2623.60521705894,"-"
"SNRPC","chr2_97576446_97578905",2623.29858392119,"-"
"EIF4H","chr2_112652798_112652888",2622.84095025585,"-"
"SLTM","chr19_12677211_12677290",2622.59917725729,"-"
"HNRNPK","chr1_112703806_112707077",2620.98946721811,"-"
"LSM3","chr2_111344237_111365560",2619.4712087962,"-"
"EWSR1","chr1_161548675_161549010",2618.98867219693,"+"
"RBM19","chr17_64824872_64829160",2618.18565345668,"-"
"ZFP36L2","chr17_78134571_78134869",2617.57983251725,"-"
"CIRBP","chr3_12604289_12606200",2617.29199261777,"-"
"SNRPD2","chr17_16126206_16137310",2616.44443050551,"-"
"HNRNPK","chr2_213057099_213147470",2616.29331309775,"-"
"STIM1","chr16_67082339_67098709",2616.2928168105,"-"
"PHC3","chr17_37577613_37584647",2614.28776848001,"-"
"SASH3","chr1_46686870_46689586",2613.96450964707,"-"
"TTC14","chr12_43771365_43772179",2613.07033616028,"-"
"RBM3","chr2_207560372_207561118",2613.03808942846,"-"
"RNPS1","chr16_4823907_4832773",2612.66688794209,"-"
"STIM1","chr16_29566249_29613102",2611.34702233332,"-"
"HNRNPA3","chr14_105056166_105057166",2609.46597525778,"-"
"ZGPAT","chr20_58993764_58994109",2607.50045266106,"-"
"HNRNPA2B1","chr6_118632611_118652699",2607.4119014172,"-"
"SAMSN1","chr5_143400852_143434531",2606.99607442824,"-"
"RBM5","chr20_63875875_63882718",2606.65999365082,"-"
"RBMS1","chr5_151063747_151064959",2606.01755634437,"-"
"RBM22","chr2_97194917_97196592",2605.98989519884,"-"
"RNPS1","chr17_82019381_82019857",2605.37421605256,"-"
"RPS3","chr2_241150547_241153475",2604.46122285381,"-"
"SSB","chr2_201234112_201240269",2604.35563909003,"-"
"YTHDF2","chr2_169584899_169603641",2604.09264106685,"-"
"RPS3","chr2_97194917_97202201",2603.70980133523,"+"
"TARDBP","chr12_9656649_9656920",2603.33255647531,"-"
"RBM25","chr16_30076100_30076314",2602.55965827545,"-"
"TRA2B","chr6_135492291_135497582",2602.03290301273,"-"
"SLTM","chr1_20780540_20787194",2601.60015486043,"-"
"PPP1R10","chr1_110895055_110897808",2601.39507235472,"+"
"G3BP1","chr2_97194754_97200452",2601.34190143793,"+"
"RBM8A","chr22_20036854_20043354",2601.22554168252,"-"
"RBM22","chr1_155521618_155562778",2599.19547218235,"-"
"ZC3H7A","chr12_48660619_48667692",2598.61265365379,"-"
"HNRNPH1","chr5_179623164_179623635",2598.51120203027,"+"
"SRRM2","chr2_99171646_99173914",2598.44011565637,"-"
"SNRPD1","chr16_67082339_67098709",2597.11385845802,"-"
"ZC3H13","chr16_69762391_69786995",2596.28767505487,"-"
"CCAR1","chr17_3925438_3928662",2595.46854967506,"-"
"RBM6","chr15_44672156_44672387",2594.80525822687,"-"
"PUF60","chr2_68782320_68807272",2592.66095789436,"-"
"SAMHD1","chr1_25562978_25563069",2592.63602360227,"-"
"STIM1","chr2_238194331_238194781",2592.51015982756,"-"
"HNRNPH2","chr12_48923604_48923781",2592.36129461691,"-"
"MBNL1","chr3_42621516_42627199",2592.2176172134,"-"
"TIAL1","chr1_26362022_26363025",2592.08525201397,"-"
"ACIN1","chr16_30309033_30334974",2591.94823869775,"-"
"RALY","chr3_32955261_32956707",2591.15876825698,"-"
"RBM3","chr22_25448284_25455711",2591.15161432188,"-"
"FUS","chr2_98663179_98663340",2591.08202326915,"-"
"PPIL4","chr15_50432499_50439008",2591.05464504865,"-"
"PUF60","chr1_84566012_84570581",2591.03350518366,"-"
"NCL","chr21_8437352_8438445",2590.54507411803,"+"
"PARP14","chr12_66138165_66138723",2589.45648477491,"+"
"ZFP36L2","chr2_127050912_127059010",2589.39961620897,"-"
"U2AF1","chr16_22513921_22523819",2589.0604761172,"-"
"PDCD11","chr14_53051927_53054437",2588.88776351553,"-"
"SRRM1","chr21_37073364_37087246",2588.85076693669,"-"
"PHC3","chr1_103533856_103534771",2587.67078774434,"-"
"CPSF7","chr12_124912427_124913339",2587.25350438582,"+"
"SNRPE","chr1_155668717_155670319",2587.1167291784,"-"
"SNRPD1","chr3_114693575_114801100",2586.79566922671,"-"
"SAMD3","chr4_108165163_108167554",2586.70266076602,"-"
"GTF3A","chr2_231711983_231712442",2585.34668832716,"-"
"SAFB","chr2_218217254_218225919",2585.14857799459,"+"
"LSM4","chr2_97202230_97206062",2584.61707342608,"+"
"RPS3","chr22_50186001_50193026",2584.23136270163,"-"
"ZFP36L2","chr6_26443442_26443569",2582.88213899616,"-"
"PABPC1","chr16_30076094_30076314",2581.61513892455,"-"
"RALY","chr17_8886605_8887095",2580.84774348237,"-"
"SAMSN1","chr6_31354665_31355106",2580.53571712516,"+"
"PABPC1","chr2_241317599_241324215",2580.31570278603,"-"
"PRPF3","chr1_44804501_44805265",2578.13643278433,"-"
"TRA2A","chr1_7846766_7849639",2577.40173260877,"-"
"HNRNPF","chr17_35017606_35026373",2577.35083212392,"-"
"PCBP1","chr1_66930400_66940027",2577.21172543294,"-"
"NONO","chr1_6026445_6040516",2576.33926418801,"-"
"MBNL1","chr13_42889242_42895008",2576.29990285916,"-"
"CSDE1","chr17_41689069_41690087",2575.50151737151,"+"
"MATR3","chr16_80976179_80981805",2575.08110007484,"-"
"SNRPB","chr1_7850922_7853306",2574.93103884371,"-"
"RNPS1","chr3_9689082_9701789",2574.39512929103,"-"
"EIF2S1","chr3_12604289_12606200",2573.9496597615,"-"
"SAMHD1","chr2_181475066_181478756",2573.88485517616,"-"
"SASH3","chr2_232567214_232580903",2573.7660099341,"-"
"GRSF1","chr5_150366666_150401643",2573.67718434827,"+"
"SAMD9","chr2_241150547_241157806",2573.32981727164,"-"
"RBM17","chr13_42917624_42926335",2573.04710824147,"-"
"ZNF638","chr19_16153208_16154398",2572.78681800693,"-"
"HNRNPA3","chr20_36608000_36609600",2572.13424148756,"-"
"RBM8A","chr21_29036374_29037278",2571.87884649095,"-"
"CIRBP","chr2_111344237_111365560",2571.19884825174,"-"
"FUS","chr12_55903480_55927724",2571.18255194927,"-"
"EWSR1","chr3_101574279_101579789",2570.62434030047,"-"
"SRRT","chr1_30739937_30742455",2570.54747507678,"+"
"ARAP2","chr6_26411581_26413168",2570.49154983255,"-"
"RBM17","chr1_184072298_184072826",2570.27794155615,"-"
"HNRNPC","chr6_125292909_125300537",2569.51414514607,"-"
"SAFB2","chr3_146525647_146528613",2569.35192933873,"-"
"RBM10","chr2_74491672_74492003",2569.11725437381,"-"
"SNRPB2","chr16_3067613_3068179",2568.7989880782,"+"
"CCAR1","chr6_158708391_158713799",2568.18544621427,"-"
"TRA2A","chr20_16730164_16731667",2567.85580563661,"-"
"HNRNPH1","chr17_7016685_7017256",2567.69532971235,"-"
"ELAVL1","chr1_30739937_30757658",2567.38646826506,"+"
"PSPC1","chr5_151063747_151080879",2566.95319698811,"-"
"RBM25","chr19_48238532_48240961",2566.73717196502,"-"
"SAMD3","chr2_85696056_85698563",2566.5803630198,"-"
"PTBP1","chr18_3249443_3253232",2566.50125458062,"+"
"CIRBP","chr4_185191212_185203897",2566.30900222239,"-"
"MKRN2","chr14_23556343_23558694",2565.18436641022,"-"
"HNRNPA1","chr17_58005041_58005800",2564.33811366191,"-"
"FUS","chr3_114693575_114801100",2564.28903181041,"-"
"SF1","chr6_11213727_11305991",2564.1286647216,"-"
"GTF3A","chr3_16260829_16264154",2563.08683112942,"-"
"SF1","chr14_23565701_23566063",2562.78921321583,"-"
"HNRNPC","chr22_29288786_29292136",2562.16677825049,"-"
"CSDE1","chr3_49310737_49324701",2562.01598570521,"-"
"PUM2","chr1_146990517_146991112",2561.42367221738,"-"
"MCM3AP","chr12_124913212_124913668",2559.75340161899,"+"
"SAMD3","chr14_24606746_24608264",2559.44738209095,"-"
"ARAP2","chr22_32475398_32478980",2558.86147942895,"-"
"NCBP2","chr15_22845267_22851638",2558.59620221319,"-"
"SAMD3","chr2_85696056_85698563",2557.16702283521,"-"
"MATR3","chr19_13759272_13762298",2557.16587861845,"-"
"CIRBP","chr3_69077918_69080333",2556.94935727333,"-"
"ZFR","chr3_185926734_185937824",2556.31136331008,"-"
"LARP7","chr2_97164311_97167576",2555.87563591572,"-"
"U2AF1","chr22_40463286_40533589",2555.10815708281,"-"
"HNRNPF","chr21_6493110_6495992",2554.76443359795,"-"
"EWSR1","chr14_24232788_24233218",2554.27759421455,"-"
"TRA2A","chr21_37096643_37108391",2554.21248411471,"-"
"ZFR","chr6_26406256_26445703",2554.17380365332,"-"
"HNRNPH3","chr2_63857718_63857828",2554.15792413456,"-"
"SASH3","chr1_159815459_159815535",2554.07561980971,"-"
"RPS3","chr20_49279208_49289044",2552.38897980631,"-"
"SRRT","chr6_127314896_127316449",2551.74539231447,"-"
"SNRPD1","chr2_191682595_191683728",2551.62228329173,"-"
"HNRNPH1","chr15_85690104_85693276",2549.45101841574,"-"
"SRRM1","chr5_146701142_146856498",2549.28843720212,"-"
"MATR3","chr3_121730017_121730875",2549.23247437493,"-"
"ZFP36L1","chr17_63931385_63932194",2548.02981168461,"-"
"RNPS1","chr3_184323241_184323404",2547.54497205164,"-"
"SRRM2","chr19_48241063_48249750",2546.65523207183,"-"
"EIF3G","chr12_48153525_48157458",2546.13787165794,"-"
"SCML4","chr14_100138897_100141179",2545.73035501197,"-"
"SNRPG","chr22_38754706_38755762",2545.42884297689,"-"
"RFTN1","chr2_232697392_232703423",2545.36429069814,"-"
"POLR2G","chr21_25729801_25734332",2545.33877172525,"-"
"SNRNP70","chr12_48153525_48157458",2545.33873620914,"-"
"RBM4B","chr14_89486671_89619027",2544.72719735332,"-"
"HNRNPH1","chr1_1722634_1722707",2544.60216315425,"-"
"ARAP2","chr15_44672156_44672387",2544.19212125151,"-"
"SAMHD1","chr20_36935403_36941038",2541.5727270839,"+"
"SAMD3","chr2_68782320_68807272",2539.31974690514,"-"
"MKRN2","chr16_68302509_68304025",2539.10608077595,"-"
"SFPQ","chr20_63708118_63708552",2539.10027400214,"-"
"RBM8A","chr18_13621271_13645126",2538.13599095767,"-"
"SAMHD1","chr2_229860531_229879981",2538.09292919782,"-"
"TIAL1","chr17_19941010_19941825",2536.58118839709,"-"
"ZFP36L2","chr2_112652947_112657121",2535.28071124677,"-"
"SSB","chr1_30980166_30981311",2534.7294329163,"-"
"SF1","chr20_1571137_1604741",2534.6228641305,"-"
"LSM2","chr2_97198491_97204190",2534.02618525893,"+"
"SLTM","chr6_31639226_31639499",2533.79134132583,"-"
"EWSR1","chr21_33432802_33439213",2533.04305013427,"-"
"SF1","chr14_89180806_89280949",2531.39138473901,"-"
"TTC14","chr3_197705175_197717976",2531.07180997886,"-"
"HNRNPA2B1","chr17_78132030_78132358",2530.0448543318,"-"
"ZC3H8","chr12_43768272_43772179",2529.87740478986,"-"
"EWSR1","chr1_103533856_103534771",2529.38659370767,"-"
"RBM39","chr5_10258303_10258383",2528.5463428105,"-"
"ZFP36L2","chr2_95956816_95960472",2527.51521391804,"+"
"HNRNPA1","chr5_94053227_94111510",2525.6251041398,"-"
"HNRNPR","chr15_76292700_76311349",2524.85147020935,"-"
"YTHDF2","chr1_155140271_155140490",2522.72857896273,"+"
"RPS3","chr17_64501143_64502009",2522.67317003104,"+"
"GTF3A","chr20_36935189_36941038",2521.80623294131,"-"
"SAMD9","chr1_203795794_203801574",2521.74953599427,"-"
"RALY","chr3_105746038_105776395",2521.40260061495,"-"
"HNRNPH1","chr6_29829589_29944293",2520.77937053233,"+"
"SAMHD1","chr2_241508135_241508504",2520.71304018497,"-"
"SAFB","chr17_77454363_77482143",2518.65432277922,"+"
"SAMHD1","chr17_48346006_48396679",2518.40687124318,"-"
"MATR3","chr2_272065_272191",2517.84303189006,"-"
"GRSF1","chr1_46558800_46561477",2517.44670626524,"-"
"ZFP36L2","chr2_68787956_68807275",2516.47535316755,"-"
"SAMD3","chr2_95914180_95914274",2514.89898878411,"-"
"NOL8","chr21_33595613_33595729",2514.51271577027,"-"
"SNRPG","chr2_73957240_73958145",2512.48318200126,"-"
"EIF2S1","chr13_72781356_72781604",2511.80504643045,"-"
"ZFP36","chr3_108047292_108057476",2511.16183884287,"-"
"SF1","chr2_86171345_86173649",2511.07790946476,"-"
"CPSF6","chr18_57620648_57621707",2510.35435398032,"-"
"LSM3","chr14_22908380_22909482",2509.94687267138,"-"
"ZFP36L1","chr1_78649905_78654242",2509.72549876854,"-"
"RNPS1","chr13_32538684_32538777",2508.96798967993,"-"
"SRRM1","chr6_26443442_26443956",2508.46184227797,"-"
"RBM5","chr22_23791894_23793558",2508.24409656774,"-"
"SASH3","chr3_101574279_101579789",2507.14839022808,"-"
"HELZ","chr2_97205968_97206062",2506.98107406824,"-"
"HNRNPF","chr2_177212871_177215538",2506.21090209723,"-"
"SLBP","chr17_35323268_35324653",2505.95841719099,"-"
"TTC14","chr19_11447597_11447692",2505.87271929975,"-"
"EIF4H","chr5_138157267_138159554",2505.81123967849,"-"
"RBM3","chr3_108047292_108057476",2504.73423403184,"-"
"THUMPD1","chr18_11884627_11885675",2504.6979865625,"-"
"ARAP2","chr3_122621611_122626826",2503.29469650075,"-"
"ZFP36","chr18_57620651_57621707",2503.17155491824,"-"
"RBM12","chr12_6461390_6462033",2502.96099580135,"-"
"EWSR1","chr1_120815043_120816084",2502.70996227106,"+"
"HNRNPA2B1","chr15_50424514_50439008",2502.67766319398,"-"
"RBM3","chr20_36917049_36919363",2502.33918032212,"-"
"SCML4","chr17_44212454_44212818",2499.80118619761,"-"
"HNRNPA2B1","chr14_101917947_101925140",2499.11678264316,"-"
"HNRNPA1","chr18_9208797_9211583",2498.00405117609,"-"
"PUM2","chr2_207560372_207567462",2497.32769794839,"-"
"RBM3","chr12_47206145_47210639",2497.1799645772,"+"
"SAFB","chr21_8393174_8437388",2496.87621000001,"+"
"PHC3","chr2_37148939_37156907",2496.44405901787,"-"
"HELZ","chr1_155689243_155709772",2496.25205009875,"-"
"U2AF1L4","chr12_124912734_124913646",2495.62997697131,"+"
"SASH3","chr21_44910372_44910599",2495.30585948887,"-"
"ZFP36","chr22_32475124_32478980",2494.45746837431,"-"
"SNRPA","chr1_30966278_30967166",2494.39639030645,"-"
"RBM10","chr6_31639226_31639499",2493.57220928578,"-"
"SNRPD2","chr16_56989595_57017073",2493.27634094045,"+"
"SRRT","chr2_97122993_97127066",2493.19917682944,"-"
"ZFP36L2","chr6_29944179_30261261",2492.68615826551,"+"
"PUM2","chr5_143400852_143434531",2492.63426590656,"-"
"ARAP2","chr2_169824640_169824781",2492.50220100229,"-"
"TAF15","chr1_146990517_146991112",2492.26343675943,"-"
"SAMD9","chr20_36614437_36615224",2491.58702185527,"-"
"MATR3","chr17_63931385_63932194",2491.54644999555,"-"
"ZC3HAV1","chr18_3247587_3253232",2490.51534912048,"+"
"RBM6","chr14_73922206_73923394",2490.10825932345,"-"
"SAMHD1","chr15_88879269_88881356",2489.16596170596,"-"
"HTATSF1","chr21_33436992_33439213",2487.34341754168,"-"
"PUM2","chr2_95938901_95938986",2487.33116349656,"-"
"HNRNPC","chr3_12604289_12608765",2486.50141008497,"-"
"LCP2","chr6_158708391_158713799",2486.34275990214,"-"
"RBMXL1","chr17_68101959_68114421",2486.19975246658,"-"
"RPS3","chr17_63931385_63932194",2485.54637069945,"-"
"PABPC3","chr20_58668127_58670511",2485.24588454341,"-"
"RPS3","chr2_222887888_222908732",2484.86976191826,"-"
"HNRNPH2","chr2_222887888_222900673",2484.53161954359,"-"
"SNRPF","chr16_29834437_29835703",2484.22655860426,"-"
"HNRNPC","chr17_28883231_28888944",2484.16008164294,"-"
"PPIL4","chr6_29725202_29829589",2483.06859316464,"-"
"TIPARP","chr16_4694308_4694957",2482.98469820145,"-"
"SNRPD2","chr12_124912883_124913339",2482.12798168628,"-"
"TIAL1","chr15_58898852_58901259",2480.86691023842,"-"
"TAF15","chr1_108696351_108698603",2480.86296575485,"-"
"SAMD9L","chr2_97122993_97124459",2480.58050335094,"-"
"U2AF1","chr17_3925441_3928662",2479.39781082329,"-"
"TNKS2","chr2_44218537_44232315",2479.39595533098,"-"
"RRP7A","chr19_42215252_42217631",2479.26907719443,"-"
"RPS3","chr17_3720402_3723687",2479.0713013642,"-"
"LCP2","chr2_160285044_160286977",2478.69192818931,"-"
"RBM8A","chr1_181052510_181053572",2478.37470511073,"-"
"YTHDC1","chr1_151760899_151762104",2478.36694986429,"-"
"RBM6","chr12_28255662_28257201",2478.01044050756,"-"
"RBM39","chr19_18431418_18431646",2477.0697596476,"-"
"YTHDC1","chr13_42888502_42895008",2476.46239112618,"-"
"RPS3","chr2_97194917_97202201",2476.08974576326,"+"
"ZC3H14","chr1_84566012_84570581",2475.05790434902,"-"
"LSM2","chr19_18430930_18431646",2474.70709701116,"-"
"TIAL1","chr2_85596649_85597103",2474.28962510618,"-"
"GTF3A","chr1_22074219_22078428",2473.95682930847,"-"
"HNRNPA1","chr19_12676142_12677290",2471.87279369243,"-"
"HNRNPA1","chr14_54430404_54436368",2471.7954599776,"-"
"SAMD9L","chr13_42919332_42926335",2471.69793684162,"-"
"HNRNPR","chr17_3723383_3723687",2471.53453680626,"-"
"HNRNPH1","chr17_43013373_43013475",2470.77548194691,"-"
"CCAR1","chr17_37542427_37553114",2470.64294453785,"-"
"NONO","chr14_91114994_91157638",2470.53021972272,"-"
"SNRPN","chr1_207767195_207770320",2470.18810819788,"-"
"SASH3","chr1_110894401_110899123",2469.28808821564,"+"
"SART3","chr3_28316423_28316752",2468.93615924258,"+"
"SAMSN1","chr1_160612580_160634612",2468.7782400948,"-"
"RC3H1","chr2_152677475_152679351",2468.38995097656,"-"
"RBM12","chr3_122621611_122632085",2468.36303578761,"-"
"HNRNPH3","chr2_97206135_97211545",2467.61493666065,"+"
"SAMSN1","chr2_230417665_230440475",2465.88574384698,"-"
"HNRNPL","chr16_30698461_30699907",2465.81444551205,"-"
"ZC3HAV1","chr2_97164311_97164396",2465.20488757732,"-"
"RBM3","chr21_42413523_42416441",2464.63880085491,"-"
"ZFR","chr4_53377923_53379072",2463.53762849427,"-"
"LCP2","chr3_38129388_38131595",2462.94702547946,"-"
"HTATSF1","chr3_49674621_49675693",2462.4474776605,"-"
"EIF4H","chr17_75229131_75231339",2462.18598883457,"-"
"SNRPG","chr1_161038075_161038879",2462.01259891422,"-"
"SCML4","chr14_73366981_73409936",2462.00321345543,"-"
"SAMSN1","chr1_198696909_198699563",2460.54304965437,"+"
"CCAR1","chr16_4361469_4361984",2460.54098412876,"-"
"ZFP36L2","chr20_36608000_36609600",2459.73692898722,"-"
"ZNF638","chr14_55601880_55612018",2458.86629818118,"-"
"ZRANB2","chr3_195662733_195663623",2458.56912212445,"-"
"GTF3A","chr1_32631879_32633644",2458.38065127019,"-"
"SAFB2","chr2_95910568_95915979",2457.94032516726,"+"
"EIF3G","chr12_48662654_48667692",2457.460896316,"-"
"RBM6","chr19_16153208_16154398",2456.72757518538,"-"
"PABPC1","chr5_134143640_134146200",2456.53015010563,"-"
"TRA2A","chr19_34226464_34227364",2455.51176854925,"-"
"RPS3","chr17_82884202_82889667",2453.49315075459,"-"
"ACIN1","chr18_3247587_3253232",2452.64567001095,"+"
"SNRPD2","chr6_29888672_29943473",2452.38989434796,"+"
"SRRM1","chr2_169584490_169603641",2452.3122981172,"-"
"SCML4","chr15_88880610_88881356",2452.17109151222,"-"
"RBM6","chr1_1655484_1657374",2451.66247346846,"-"
"SNRPC","chr4_53399839_53414614",2448.23293292081,"-"
"SAMD9L","chr15_50725323_50726320",2447.64728372779,"-"
"NSUN6","chr5_181242345_181243679",2447.42835587775,"+"
"FUS","chr22_19852486_19854442",2447.19606269429,"-"
"SNRPF","chr5_71604468_71626639",2446.5378885079,"-"
"SNRPE","chr2_241166441_241167044",2446.09714698334,"-"
"RBM12","chr1_53228954_53235576",2445.96832189474,"-"
"SNRPD1","chr22_39102042_39103691",2445.90739637111,"-"
"CIRBP","chr5_134738792_134750758",2445.09173406302,"-"
"RBM4","chr1_184054863_184072826",2442.95471350575,"-"
"RBM17","chr1_150441023_150443230",2442.86482041651,"-"
"RNPS1","chr1_45551155_45561788",2441.78979477841,"-"
"ZFP36L1","chr15_34528747_34529017",2440.71076225213,"-"
"NCL","chr20_17680075_17682027",2440.65246602224,"-"
"SASH3","chr12_57472688_57474041",2439.99953112778,"-"
"EWSR1","chr5_146701142_146878001",2439.42769191478,"-"
"HNRNPA2B1","chr5_94053227_94074645",2439.37840200717,"-"
"PARP14","chr1_155668717_155670319",2438.44310287225,"-"
"RBM25","chr17_81682149_81683012",2438.33649274432,"-"
"RBM8A","chr14_91114994_91145220",2436.44182058904,"-"
"LSM5","chr3_114380404_114380776",2436.03036608952,"-"
"RBM3","chr1_7852923_7853306",2435.6725767429,"-"
"NCL","chr13_41362873_41367438",2433.91912021221,"-"
"RBMS1","chr19_11578657_11578843",2432.90144356274,"-"
"HNRNPF","chr12_89497342_89525119",2432.14836928817,"-"
"HNRNPC","chr2_97124597_97127066",2429.99663649582,"-"
"HNRNPC","chr3_30606977_30644746",2429.76229919683,"-"
"IREB2","chr12_124913339_124913567",2429.65921676511,"+"
"RPS3","chr6_107749813_107772171",2429.04801461187,"-"
"NONO","chr12_124912883_124913339",2428.86985691632,"-"
"ZFP36","chr17_35657791_35671753",2428.51908750308,"-"
"ARAP2","chr21_42413222_42416441",2427.84410138803,"-"
"RBM39","chr2_230176724_230177537",2427.79974362492,"-"
"ZCRB1","chr3_50350984_50351408",2427.6885835945,"-"
"RBM3","chr2_38577532_38581912",2427.30774046182,"-"
"ZFP36","chr14_91114283_91157638",2426.47927359668,"-"
"TRA2A","chr22_38486440_38487878",2424.92059354733,"-"
"YBX1","chr2_70300980_70301924",2424.65745326344,"-"
"RBM42","chr14_24607747_24632914",2424.11840810096,"+"
"HNRNPK","chr2_95956816_95960472",2424.0629364872,"+"
"TRA2B","chr2_201234112_201240269",2423.31832447935,"-"
"PARP14","chr16_3065655_3065783",2422.82174901379,"+"
"PABPC1","chr1_25562716_25563069",2422.5219175826,"-"
"HNRNPH1","chr12_8946387_8949487",2422.35442883775,"-"
"HNRNPH3","chr16_68273904_68274690",2421.80282620495,"-"
"SF3B4","chr14_24632118_24632914",2421.32775206555,"+"
"HNRNPC","chr3_184323241_184323407",2420.16889500828,"-"
"ZFP36L2","chr17_63930385_63931334",2420.09893653662,"-"
"SNRPN","chr2_230248968_230250980",2420.00738654682,"-"
"PABPC1","chr14_100137802_100141179",2418.73513709653,"-"
"NCL","chr12_66310608_66315241",2418.64632732257,"-"
"SAMD9L","chr12_57718376_57718992",2417.93184567016,"-"
"SLTM","chr14_22482346_22547505",2417.67957870539,"-"
"EWSR1","chr12_57107743_57108162",2417.65083485223,"-"
"HNRNPA1","chr17_7392952_7393466",2417.27606989279,"+"
"PHC3","chr3_9813345_9817644",2415.24435203225,"-"
"RBM33","chr2_108449289_108449632",2415.16700645958,"+"
"ZFP36","chr6_29944179_30261261",2415.05140399842,"+"
"SNRPN","chr22_40400813_40401592",2414.73259552784,"-"
"RBM26","chr17_78132030_78132358",2413.82121979689,"-"
"HNRNPA1","chr19_49982188_49988371",2412.42812440655,"-"
"ZFP36L1","chr6_32517752_32553375",2411.32018037474,"-"
"NONO","chr1_151316509_151327270",2411.261503207,"-"
"NONO","chr16_69120649_69121435",2411.16185323844,"-"
"SAMSN1","chr2_97200362_97200452",2411.04432316572,"-"
"SAFB2","chr16_57647012_57650252",2410.23362724457,"-"
"LARP1","chr1_108696351_108698603",2410.21226814058,"-"
"ZC3HAV1","chr2_64585545_64591884",2409.7965071445,"-"
"SRRM1","chr20_4686508_4699210",2409.51372411175,"-"
"SAMD9","chr19_18071333_18072111",2409.31847449124,"-"
"UHMK1","chr5_177441053_177441734",2409.09248836044,"-"
"FUS","chr2_85694470_85694752",2408.95396099135,"+"
"RPS3","chr6_30577913_30578075",2408.67615457206,"-"
"HNRNPK","chr17_36578192_36579244",2407.58435710014,"-"
"LSM5","chr15_101285801_101286907",2406.94795259794,"-"
"CIRBP","chr14_105052102_105057166",2405.91489070567,"-"
"ZNF638","chr6_31651776_31652399",2405.83017622544,"+"
"SF3A1","chr19_10679927_10681018",2405.07132906248,"-"
"MBNL2","chr22_23695517_23705428",2404.39872896273,"-"
"SASH3","chr3_39266518_39281608",2403.97061518283,"-"
"RPS3","chr22_39318566_39319594",2403.96291892126,"-"
"EIF4H","chr2_230245071_230245862",2403.44519056041,"-"
"PUF60","chr19_42215252_42217631",2402.34356727642,"-"
"RBM33","chr4_98261569_98293407",2402.32495062379,"-"
"HNRNPH1","chr5_112976986_112983973",2401.31394834082,"-"
"SSB","chr1_112703806_112707077",2400.43072793192,"-"
"SUPT6H","chr17_78134571_78134869",2400.01119016439,"-"
"HNRNPR","chr1_2393355_2395783",2399.84991373509,"-"
"HNRNPH2","chr6_106293106_106316100",2399.53604324861,"-"
"SF3B4","chr19_12676142_12677290",2399.26895726469,"-"
"YBX1","chr3_38129388_38131925",2399.14959948216,"-"
"UNK","chr17_73212740_73227164",2397.76573214593,"-"
"LSM4","chr2_9418732_9423372",2396.96622647657,"-"
"CPSF6","chr1_91720227_91721954",2396.37577869031,"-"
"SAMD9L","chr2_230238381_230238760",2394.77547934611,"-"
"HNRNPK","chr17_73209768_73232085",2394.57991581395,"-"
"HNRNPA2B1","chr20_30377721_30379584",2394.45774953048,"-"
"SNRPB","chr22_32475398_32478980",2394.45640877091,"-"
"PUF60","chr2_68782320_68807272",2394.38807538115,"-"
"SART3","chr1_53852270_53860055",2394.06313111253,"-"
"HNRNPC","chr22_26666937_26668157",2393.81290801862,"-"
"TAF15","chr6_135492291_135497187",2393.44319266986,"-"
"G3BP1","chr16_3065655_3065783",2393.20933026024,"+"
"SAMD9","chr16_69646578_69647027",2393.188055814,"-"
"RBM5","chr14_105056166_105057166",2393.05948987247,"-"
"SF3A1","chr20_50084254_50113106",2392.37575682009,"-"
"LARP4","chr12_25061653_25062819",2391.64928343741,"-"
"HNRNPA1","chr17_35670898_35671753",2391.53102816629,"-"
"NCL","chr2_38748653_38749239",2391.25329383247,"-"
"PABPC1","chr6_29889604_29944499",2391.16094089262,"-"
"SAFB2","chr21_41426263_41427205",2391.04507001941,"-"
"SNRPE","chr4_87047594_87084122",2390.87255493367,"-"
"LCP2","chr2_85694996_85695319",2390.32318704782,"+"
"ZFP36L1","chr12_79798584_79807225",2390.10963794877,"-"
"HNRNPK","chr16_4361803_4361984",2390.03609463471,"-"
"SAMD3","chr2_85694996_85695319",2389.96973492574,"-"
"SAMSN1","chr16_57641708_57650252",2389.92605948816,"-"
"SAFB2","chr1_26362175_26363025",2389.70804986112,"+"
"HNRNPF","chr5_304221_314416",2389.41531880729,"-"
"SAFB","chr18_36797050_36798448",2388.78225768777,"-"
"DGKD","chr5_113515362_113524980",2387.96007298596,"-"
"SRRM2","chr15_76295737_76311349",2387.69866473023,"-"
"RPS3","chr12_47206145_47216164",2387.0590942132,"+"
"LSM5","chr21_37096643_37108391",2386.95223163705,"-"
"ZRANB2","chr21_37073473_37087246",2386.23613838452,"-"
"TIAL1","chr2_201234112_201240269",2386.22423575831,"-"
"U2AF1L4","chr14_58274010_58291634",2385.2416977122,"-"
"PNPT1","chr1_53888986_53889712",2385.00803694812,"-"
"HNRNPA1","chr17_78124655_78124888",2384.59834755918,"-"
"RBM4","chr2_97209709_97209799",2384.31681570583,"-"
"SAMD3","chr2_85696056_85696987",2384.05401614006,"-"
"SRRM1","chr21_42413222_42413409",2384.00521594406,"-"
"HNRNPF","chr4_189952287_189957397",2382.40005468314,"+"
"PABPC1","chr17_76559043_76561287",2382.28585300273,"-"
"ZFP36","chr6_116571655_116574057",2382.23493141161,"-"
"HNRNPC","chr19_35740088_35741023",2381.34503388549,"-"
"EWSR1","chr12_6789662_6814141",2379.90017993002,"+"
"PCBP1","chr2_97202230_97206062",2379.58555624662,"+"
"HNRNPA2B1","chr6_152143765_152148044",2379.34230607379,"-"
"CSDE1","chr1_160491388_160523143",2379.25738491632,"-"
"MATR3","chr1_25243633_25245149",2378.88331719217,"-"
"GTF3A","chr1_206905147_206909724",2378.20288143069,"-"
"PCBP1","chr6_29943543_29944120",2377.64279295831,"-"
"SRRM1","chr1_155689174_155709772",2377.4048403396,"-"
"WDSUB1","chr1_155689174_155709772",2377.37768056904,"-"
"PABPC3","chr2_152716126_152717229",2376.91503937244,"-"
"SAFB","chr16_50744866_50749575",2376.85131491902,"-"
"POLR2G","chr5_178618778_178619837",2376.7973977674,"-"
"SAMD3","chr2_85694470_85694752",2376.49977894198,"-"
"SNRPB","chr1_30980163_30981311",2376.49402632448,"-"
"HNRNPA1","chr19_49491099_49491424",2376.30630757692,"+"
"PABPC1","chr20_49279208_49289044",2375.787076211,"-"
"RBM4","chr22_19471808_19479082",2375.3751986814,"-"
"STIM1","chr2_97206135_97211545",2375.15103827626,"+"
"LARP7","chr3_52246812_52246973",2374.95922687675,"-"
"HNRNPC","chr16_88699732_88701261",2374.46268605601,"-"
"TMEM63A","chr22_29748571_29766948",2374.42105217649,"-"
"SF1","chr1_24503117_24514313",2374.39251330085,"-"
"SAMD3","chr20_64076646_64079293",2373.80234259273,"-"
"SASH3","chr2_95891737_95927380",2373.73950389235,"-"
"HNRNPH3","chr5_178211970_178212972",2373.50879580639,"-"
"ZC3HAV1","chr19_34209051_34215595",2373.28534838428,"-"
"HNRNPM","chr6_32517752_32553375",2371.65710560016,"-"
"RPS3","chr17_74203710_74203917",2371.61502848032,"-"
"HNRNPK","chr1_155668717_155670319",2371.12853782675,"-"
"POLR2G","chr17_29568830_29569017",2370.88436675381,"-"
"PABPC1","chr12_66138165_66138723",2370.84614576247,"+"
"MBNL1","chr2_95910568_95915979",2370.70904656459,"+"
"PAN3","chr2_97198491_97198585",2369.57070222229,"-"
"PCBP1","chr17_74764646_74766935",2369.29534113383,"-"
"EIF4H","chr5_179614959_179616125",2369.03485914698,"-"
"PARP10","chr6_311962_335113",2368.97732250018,"-"
"SF3A1","chr17_4715336_4715972",2368.40687638887,"-"
"RBM8A","chr2_134946146_134947735",2367.77479597366,"-"
"SNRPE","chr17_3668899_3669097",2367.61494315219,"-"
"SASH3","chr20_64076954_64079872",2367.44908908105,"-"
"ZC3HAV1","chr2_97189290_97190977",2367.01504222366,"-"
"SASH3","chr17_36578192_36579244",2366.36165637834,"-"
"RBM3","chr22_24270983_24302194",2366.10955920029,"-"
"ACIN1","chr17_75269469_75270113",2365.62250721271,"-"
"SNRPN","chr3_185926734_185931576",2365.48392984678,"-"
"TNRC6A","chr1_192575929_192576773",2364.81668029613,"+"
"ZFP36L2","chr1_145994167_145994280",2363.92288438426,"+"
"PARP14","chr12_48671962_48679654",2363.27048073997,"-"
"SNRPB2","chr17_48182457_48187842",2362.27642098595,"-"
"RBM39","chr12_7929871_7930479",2361.99773238282,"-"
"ZFP36L2","chr3_49674621_49675182",2361.86779025659,"-"
"HNRNPR","chr3_141404031_141438267",2361.63952232241,"-"
"LARP1","chr1_52906611_52907867",2361.22134871292,"-"
"PPIL4","chr3_3167793_3172505",2361.04728724867,"+"
"SAMHD1","chr1_244835756_244842194",2360.95699656381,"-"
"RPS3","chr12_9656697_9656920",2360.84693921347,"-"
"ARAP2","chr3_101372126_101417592",2360.01871025004,"-"
"HNRNPM","chr17_35480195_35522278",2358.73352027883,"-"
"ZNF638","chr16_22519269_22523819",2358.43499000622,"-"
"RPS3","chr1_173864304_173864674",2358.43025318401,"-"
"SRRM2","chr22_46343368_46346421",2358.40212516024,"-"
"SAFB","chr21_31685240_31685397",2358.40079293002,"-"
"LCP2","chr19_10089378_10089656",2357.82773919498,"-"
"CIRBP","chr16_22519414_22523819",2357.18632854236,"-"
"ARAP2","chr1_155689243_155709772",2357.15832214163,"-"
"PTBP1","chr2_241097427_241102252",2357.11145573554,"-"
"CIRBP","chr12_55914366_55927724",2356.75773695069,"-"
"SRRM2","chr2_97194917_97196592",2356.30232819901,"-"
"NCL","chr2_85694470_85694915",2356.20695658049,"+"
"PTBP1","chr16_50669148_50675769",2355.81265827018,"-"
"ZFP36L1","chr1_78659483_78662703",2355.35104919113,"-"
"HNRNPH1","chr12_9694091_9694759",2354.51946448815,"+"
"RBM17","chr20_36935189_36941038",2354.48410294838,"-"
"SNRPD2","chr3_88055999_88058018",2352.96001455748,"-"
"FUS","chr18_3247587_3253232",2352.69711377571,"+"
"EIF4B","chr2_127051243_127057472",2351.71040309498,"-"
"G3BP2","chr14_22532561_22547505",2351.47580338165,"-"
"NONO","chr17_36103981_36211775",2350.79288498087,"+"
"PARN","chr1_108696351_108698603",2350.59254866623,"-"
"RRP7A","chr1_146988949_146991112",2350.22716936499,"-"
"PTBP1","chr21_41426263_41427205",2349.97096024841,"-"
"HNRNPA1","chr1_236543040_236543559",2349.80037027352,"-"
"G3BP2","chr5_135346057_135350822",2348.94980976617,"-"
"SF3B4","chr1_11748610_11750076",2348.93552406648,"-"
"MATR3","chr20_4686512_4699210",2347.3966945068,"-"
"SSB","chr2_189783123_189784268",2346.91150499179,"-"
"DGKH","chr19_10797518_10798485",2346.63564635048,"-"
"SAMSN1","chr6_137875035_137875835",2346.1809260741,"-"
"NCL","chr2_97189290_97192857",2345.36224574811,"+"
"SCML4","chr5_179618323_179620891",2345.02713169432,"-"
"RBM8A","chr1_158973771_158976700",2344.61616542879,"-"
"YBX1","chr17_64822393_64829160",2344.40502611949,"-"
"RBM33","chr20_35021356_35035122",2344.22104846689,"-"
"SAMD9L","chr17_82884936_82889667",2343.97213208858,"-"
"CPSF7","chr14_73100362_73103191",2343.30113619282,"-"
"RBM39","chr14_24608425_24609558",2342.86365725404,"+"
"SNRPN","chr3_146525647_146528613",2340.56844223645,"-"
"SCML4","chr2_38577532_38581912",2340.47171902114,"-"
"CIRBP","chr2_74135658_74145188",2339.80729123575,"-"
"MBNL1","chr2_74135658_74145188",2339.79230514281,"-"
"ZFR","chr1_111137586_111140037",2339.63818866238,"-"
"TIAL1","chr2_85596649_85597103",2338.46532851154,"-"
"SAMSN1","chr21_8394009_8438220",2337.98399791189,"-"
"LCP2","chr2_189782602_189784268",2337.13716990741,"-"
"HTATSF1","chr22_17212578_17219355",2336.87191043981,"-"
"GRSF1","chr21_33260727_33262792",2336.80354450322,"-"
"YTHDC1","chr1_40041493_40059336",2336.33080922077,"-"
"SAMSN1","chr4_184638468_184649394",2336.0903549935,"-"
"GTF3A","chr2_97122993_97127066",2335.98721110991,"-"
"SNRPE","chr3_113014032_113017447",2335.8915109441,"-"
"ZC3H8","chr1_173715078_173716002",2335.6923236413,"-"
"RPS3","chr6_32127750_32128125",2335.28669450024,"-"
"SF1","chr1_159049599_159051678",2334.96535545233,"-"
"SAMSN1","chr13_42889242_42895008",2334.71561046997,"-"
"ZFP36L1","chr12_53464852_53465931",2334.7033376701,"-"
"TIAL1","chr13_42917624_42926335",2334.63857720275,"-"
"PRPF3","chr20_38422241_38426418",2334.23033975122,"-"
"HNRNPM","chr17_35492818_35522278",2334.12562450681,"-"
"HNRNPH1","chr2_95960667_95962351",2333.81250760929,"-"
"SASH3","chr2_127057601_127059010",2333.76915983604,"-"
"SAMHD1","chr15_85690104_85693276",2333.05795201467,"-"
"SAMSN1","chr17_78132030_78132358",2332.838418977,"-"
"LSM5","chr1_71065752_71066775",2332.59685282067,"-"
"U2AF1","chr13_20862858_20868595",2332.36077362289,"-"
"SNRPC","chr2_95910445_95910539",2331.29990554427,"-"
"HNRNPH1","chr20_45418979_45419294",2331.14957860156,"-"
"RC3H1","chr12_56160670_56161386",2330.92406183207,"+"
"RBM39","chr22_25453434_25455711",2329.98305751222,"-"
"MBNL1","chr1_235813061_235830225",2329.39477138978,"-"
"HNRNPD","chr20_63708118_63708552",2329.0757800533,"-"
"SF3A1","chr2_241268541_241315569",2328.92623707326,"-"
"PARP10","chr5_112864732_112867371",2328.49778639629,"-"
"HNRNPH3","chr2_95876509_95880426",2328.04813613961,"-"
"UPF3B","chr2_97179766_97181597",2327.91661970729,"+"
"LARP4B","chr3_47917174_47921764",2326.70296779686,"-"
"FUS","chr15_85583164_85585701",2326.50524049919,"-"
"SNRPD2","chr21_8394013_8438220",2326.27830793758,"+"
"RBM39","chr1_167684001_167690048",2326.17616318918,"-"
"SRRM2","chr21_8393888_8438099",2325.94446282302,"-"
"G3BP2","chr12_6566336_6566528",2325.09426256326,"-"
"ZGPAT","chr21_33599285_33602233",2324.73681185785,"-"
"YBX1","chr16_2752846_2756333",2324.64291512674,"-"
"CNOT4","chr6_29944179_29957495",2323.95873860034,"-"
"NONO","chr3_195662733_195663623",2323.80608384745,"-"
"ZFP36","chr1_1722634_1722707",2323.46861170511,"+"
"HNRNPH1","chr1_66930400_66940027",2323.0784381982,"-"
"PUM1","chr22_20052584_20055942",2322.3744667826,"-"
"CIRBP","chr20_62303781_62306196",2322.18805924476,"-"
"SNRPB2","chr14_101824169_101856685",2322.08310644609,"-"
"RBM6","chr19_34209051_34215595",2321.99147833457,"-"
"MKRN1","chr15_50432499_50439008",2321.55825228273,"-"
"GRSF1","chr1_77721925_77722023",2320.33748478101,"-"
"RBM23","chr6_152143765_152145486",2319.81913053003,"-"
"PARN","chr1_146985756_146991112",2319.41618040514,"+"
"NONO","chr5_112976986_112983973",2319.30181965614,"-"
"NAA38","chr2_95910568_95915979",2317.81336168971,"+"
"SNRPG","chr4_673401_674211",2317.74388832894,"-"
"NCL","chr2_71331865_71355718",2317.27293014847,"-"
"CNOT4","chr3_134482931_134485951",2317.10836229389,"-"
"SNRPB2","chr6_31269525_31269965",2316.72294613419,"-"
"EIF4H","chr6_26443442_26443956",2315.1229271904,"-"
"RNPC3","chr1_88969467_88992584",2315.1077642273,"-"
"HNRNPA1","chr21_6492197_6495992",2315.06551211031,"-"
"HNRNPH3","chr14_22529688_22547505",2314.56729210238,"-"
"SNRPB","chr1_155261734_155262085",2313.90009765348,"-"
"NCL","chr15_52557222_52568847",2313.50113459303,"-"
"ZFP36","chr4_53377923_53379072",2313.18399372734,"-"
"RNPS1","chr6_158708391_158713799",2313.01205627393,"-"
"HNRNPA3","chr2_189782602_189783013",2312.88161566946,"-"
"SRRM2","chr2_95891737_95927380",2312.59476444614,"-"
"PSPC1","chr6_26538501_26539900",2312.36889884089,"-"
"RBM14","chr18_26035923_26038554",2311.62424322206,"-"
"PHC3","chr2_73950732_73958145",2310.73511361591,"-"
"SNRPB","chr21_43095743_43101365",2310.6069355485,"-"
"SAFB2","chr21_8394009_8438220",2310.6001467578,"-"
"ZC3HAV1","chr2_95891737_95927380",2310.29482112834,"-"
"RRP7A","chr17_4715336_4715972",2310.25446568242,"-"
"HNRNPK","chr3_141404031_141438242",2310.19124590333,"-"
"LSM2","chr20_64076646_64079293",2310.05870823043,"-"
"GTF3A","chr2_113438022_113441350",2309.43303118349,"-"
"HNRNPA2B1","chr20_35280118_35284175",2309.40476632267,"-"
"SAMHD1","chr2_7725853_7730235",2309.35621202112,"+"
"ZFP36L2","chr17_4710744_4715972",2308.67497111059,"-"
"HELZ","chr20_45416694_45419294",2308.51196639464,"-"
"HNRNPA1","chr20_35021332_35035122",2307.40980855211,"-"
"EIF3G","chr2_230176724_230177537",2305.91439055938,"-"
"PCBP1","chr3_184323241_184323404",2305.79757383322,"-"
"G3BP2","chr1_151326373_151327270",2305.06873798224,"-"
"SAMD9L","chr5_134139038_134140795",2304.96196172869,"+"
"SAMD3","chr19_51372074_51372378",2304.0760172178,"-"
"TAF15","chr6_29725306_29725451",2303.85648750589,"+"
"G3BP1","chr1_155689174_155709772",2303.83117942783,"-"
"DDHD2","chr20_4686512_4699210",2303.74240321786,"-"
"SCML4","chr14_24606746_24608264",2303.24914945813,"+"
"PABPC1","chr3_16303592_16322396",2303.14079825305,"-"
"SSB","chr3_134482931_134485951",2302.18448202185,"-"
"SAFB","chr19_35158400_35164155",2302.03027733733,"+"
"ZFP36","chr17_5515517_5517745",2301.58795999097,"-"
"RPS3","chr15_44672156_44672387",2301.25519282022,"-"
"SCML4","chr3_28316423_28316752",2301.15330448519,"-"
"SAMD9L","chr21_41426263_41427754",2301.00656936527,"-"
"FUBP1","chr15_101650161_101652270",2300.31891523923,"-"
"SAMSN1","chr1_159802455_159806595",2299.83157135374,"-"
"NONO","chr6_152294127_152300640",2298.86910211302,"-"
"PPIE","chr5_135346057_135352945",2298.73976717183,"-"
"TRA2A","chr5_112864732_112867371",2297.87863681535,"-"
"SRRM2","chr6_31270085_31355316",2297.31082648384,"-"
"SAMD9L","chr18_3247587_3253232",2297.05503978371,"+"
"MATR3","chr1_151907406_151909359",2296.92676344632,"-"
"EIF4B","chr22_40552367_40594673",2295.81527959174,"-"
"MKRN1","chr16_31202203_31202416",2294.30630506515,"-"
"ZC3HAV1","chr13_27426341_27427091",2294.25355242479,"-"
"EIF4H","chr1_206905147_206909724",2294.23887654498,"+"
"SF1","chr20_58993675_58994109",2293.90676257414,"-"
"HNRNPR","chr15_50346395_50354984",2293.75312322242,"-"
"RBM6","chr1_116796256_116805604",2293.66477573498,"-"
"SCML4","chr6_107708011_107731973",2293.54444106187,"+"
"ZFR","chr22_40401675_40402138",2293.0687069278,"-"
"PTBP1","chr15_50432499_50439008",2292.91393006251,"-"
"TARDBP","chr17_68103058_68114421",2292.91187029295,"-"
"HNRNPK","chr19_49450939_49451484",2292.88267622925,"-"
"RNPS1","chr19_11577679_11578843",2292.87827244995,"-"
"PCBP1","chr14_22908380_22909482",2292.34259681697,"-"
"SRRM1","chr1_75728488_75732643",2292.2000592027,"-"
"TNKS2","chr2_229859574_229879981",2290.83564002161,"-"
"SF1","chr4_185191212_185203784",2290.60765084536,"-"
"ZFP36L1","chr2_10396920_10419733",2290.59762099758,"-"
"ZC3H13","chr2_175118369_175130137",2289.72904915221,"-"
"CIRBP","chr3_105678571_105681478",2289.35659859624,"-"
"SAMD9","chr5_57236032_57246299",2289.31078623901,"-"
"EIF3G","chr1_35176471_35177318",2289.24703108001,"-"
"RPS3","chr6_31835451_31836423",2288.84263933437,"-"
"PAN3","chr17_29568548_29569017",2288.65805043963,"-"
"CSDE1","chr19_48241063_48249750",2288.65175861417,"-"
"EIF3G","chr14_22549682_22551604",2287.45815035551,"+"
"SF1","chr1_26368582_26370632",2287.26399890342,"+"
"CPSF6","chr21_8394202_8438413",2287.02459584091,"+"
"FUBP1","chr16_69568548_69626402",2286.92792514321,"-"
"LARP4B","chr2_106164784_106166055",2286.754418045,"-"
"HNRNPL","chr22_20551166_20551435",2286.27650784019,"-"
"EIF3G","chr22_24427726_24433130",2286.24109143671,"-"
"RBM39","chr12_57107743_57108162",2285.03138576497,"-"
"SUPT6H","chr2_175118369_175121443",2284.67001871338,"-"
"PSPC1","chr12_76459895_76487509",2283.75973590948,"-"
"EIF3G","chr16_68273904_68274690",2282.76955351605,"-"
"SRRM2","chr20_17660528_17682027",2282.03367395522,"-"
"ZC3H7A","chr3_38129388_38131595",2281.91140525327,"-"
"EIF4B","chr3_30606977_30623198",2280.41816497875,"-"
"HNRNPF","chr6_30489995_30490239",2280.32701988715,"-"
"THUMPD1","chr4_182915575_182917287",2279.45582502673,"-"
"PABPC1","chr6_32127750_32128116",2279.33803464001,"-"
"HNRNPR","chr17_77454363_77482143",2279.33220260797,"-"
"NIP7","chr1_16485665_16633094",2279.20780984584,"+"
"PCBP1","chr12_124913039_124913723",2279.17387174628,"-"
"RPS3","chr5_134143640_134146223",2277.33394369482,"-"
"TNKS","chr17_76089320_76094413",2277.13611439598,"-"
"RBMS1","chr19_49981013_49988371",2276.90409564673,"-"
"RPS3","chr2_95876512_95880426",2276.7905779913,"-"
"HNRNPH1","chr1_236543040_236543559",2276.56233185371,"-"
"SAMD9","chr2_73950732_73957124",2275.85854102612,"-"
"ZC3H7A","chr12_57477680_57477784",2275.61480683597,"-"
"PUF60","chr5_135346057_135350822",2274.22474642082,"-"
"TTC14","chr17_7015156_7016494",2273.870560613,"-"
"HNRNPF","chr5_140487060_140504820",2273.81184864584,"-"
"U2AF1","chr2_197069965_197078702",2273.41898069728,"-"
"PAN3","chr17_64822393_64829160",2272.182901779,"-"
"MATR3","chr17_10705615_10706437",2271.77656448709,"-"
"SASH3","chr2_127050912_127059010",2271.41128561609,"-"
"ZFP36","chr5_146878195_146878700",2270.49619669831,"-"
"RBM4","chr22_29748571_29766948",2270.1871694497,"-"
"HNRNPC","chr15_101966223_101972900",2269.68094630492,"-"
"CIRBP","chr1_151907406_151909359",2269.58835190433,"-"
"RFTN1","chr21_33595613_33595729",2268.7004130287,"-"
"SNRPB","chr2_7725853_7730235",2268.56816971859,"-"
"TMEM63A","chr20_35021332_35035122",2268.23364465231,"-"
"GRSF1","chr17_73212740_73227164",2268.11201840283,"-"
"ZFP36L2","chr17_81891841_81894466",2267.54170628424,"-"
"EWSR1","chr6_127314896_127327001",2265.72497781085,"-"
"RPS3","chr1_40040801_40059333",2264.54928703574,"-"
"SF1","chr6_32127750_32128125",2264.39083607814,"-"
"PPIE","chr2_101004283_101005958",2264.23157632148,"-"
"RBM14","chr1_6026445_6040516",2263.59681793852,"-"
"RBM4B","chr3_197621868_197622186",2263.38822706917,"-"
"PABPC1","chr2_161160484_161179613",2263.21211457658,"-"
"ZC3H8","chr1_26362175_26363025",2262.858512293,"-"
"SNRPD2","chr17_64822393_64829160",2262.73936052436,"-"
"GTF3A","chr1_167684001_167690048",2262.53385519097,"-"
"TIA1","chr16_69646578_69647027",2261.94773527405,"-"
"STIM1","chr19_18538433_18539370",2261.33627123705,"-"
"ZFR","chr1_23333631_23337753",2260.69364935989,"-"
"PABPC1","chr21_8437352_8438445",2260.65492298797,"+"
"YTHDC2","chr19_19636787_19636916",2260.57809724523,"-"
"NCBP2","chr2_95935644_95938828",2260.21214667203,"-"
"SNRPG","chr21_25729801_25734332",2260.17232893721,"-"
"YBX1","chr2_73939022_73946718",2259.89308952775,"-"
"SAMD3","chr4_4268615_4273582",2259.57695276092,"-"
"HNRNPM","chr2_71331865_71348752",2259.29395646427,"-"
"PARN","chr1_23333631_23337753",2259.07005191689,"-"
"LARP7","chr1_155562295_155562778",2258.50414078098,"-"
"HNRNPH1","chr21_8437547_8437663",2257.19368853521,"+"
"SNRPD2","chr5_171392816_171392912",2256.7415758563,"+"
"RBM23","chr2_135605016_135616667",2256.54363847254,"-"
"HNRNPA3","chr16_3067613_3068179",2256.49580367111,"+"
"FXR1","chr17_7013516_7013665",2256.33813778197,"+"
"SFPQ","chr1_26362022_26363025",2256.27757675231,"-"
"ZRANB2","chr2_32301495_32307103",2256.18811462783,"-"
"ZFP36","chr3_122621611_122626826",2256.10706684354,"-"
"ZFP36","chr14_22550664_22551604",2255.90148307296,"-"
"TRA2A","chr12_124913418_124913646",2255.37056885002,"-"
"NOL8","chr22_29834550_29838177",2255.12872116446,"-"
"SASH3","chr1_40040801_40059336",2254.75202918155,"-"
"SNRPN","chr1_153535375_153535948",2254.7320154298,"+"
"PARP10","chr17_16234070_16299887",2254.26787784264,"-"
"SAMD9","chr1_46558800_46561477",2254.20974237306,"-"
"RNF113A","chr22_31528863_31546860",2252.49033328585,"-"
"SNRPB","chr3_52246812_52247681",2252.42160832168,"-"
"PCBP2","chr12_56116863_56117188",2252.31396670997,"+"
"TIAL1","chr2_97198491_97204190",2252.01114462455,"+"
"CSDE1","chr2_97179766_97181597",2251.42677690569,"-"
"TARDBP","chr15_50424654_50439008",2251.10415843713,"-"
"GRSF1","chr12_124911899_124913723",2251.05829419605,"+"
"EIF4H","chr2_171061156_171082780",2251.02009512743,"-"
"TRA2A","chr19_17405987_17406076",2250.85304997387,"-"
"ZFP36","chr22_41784783_41793828",2250.84673056332,"-"
"SAMD3","chr5_143400852_143434531",2250.63557527381,"+"
"PABPC1","chr3_38129388_38131925",2250.40509012794,"-"
"SNRPB2","chr1_6820250_6825091",2250.39821741943,"-"
"ZC3H12D","chr3_39266518_39279953",2250.24087037209,"-"
"RBMXL1","chr3_39266518_39279953",2250.1999973419,"-"
"EIF2S1","chr2_227352573_227355676",2249.99039931945,"-"
"HNRNPH1","chr2_232703489_232735154",2249.71585043173,"-"
"ZC3H15","chr1_110875914_110891391",2249.47688206384,"+"
"HNRNPA2B1","chr5_139561815_139562243",2249.08081914587,"-"
"TARDBP","chr5_135346057_135352945",2248.96057329112,"-"
"TIAL1","chr3_38125881_38126509",2248.56908384598,"-"
"CIRBP","chr1_85258722_85259357",2248.08034401165,"-"
"SAMD9","chr1_7850922_7853306",2247.28590016377,"-"
"EIF4H","chr22_23695517_23700725",2246.65907394227,"-"
"SF1","chr3_170178938_170181686",2246.60233546717,"-"
"HNRNPH1","chr2_201272776_201276826",2246.53926794137,"-"
"SNRPD2","chr2_169824640_169824867",2245.88068250609,"-"
"SNRPB","chr4_98482175_98486737",2245.84158265802,"-"
"CIRBP","chr12_15882819_15889927",2245.81335114911,"-"
"SAMD3","chr1_101236991_101238821",2245.62946652033,"-"
"CSDE1","chr14_97960417_97969272",2244.6882731184,"-"
"GTF3A","chr12_6602175_6602375",2244.64216783434,"-"
"GTF3A","chr2_152677475_152679351",2244.41967549085,"-"
"SF1","chr1_204537497_204538208",2244.17912571167,"-"
"HNRNPH1","chr2_37201726_37204303",2243.09659705025,"-"
"RBM3","chr2_160285044_160286968",2242.81501186539,"-"
"SAMSN1","chr1_112705168_112707077",2242.6722808064,"-"
"RNPC3","chr6_31651776_31652399",2241.75207393179,"-"
"UHMK1","chr19_17405987_17406076",2241.24995758502,"-"
"RBM25","chr17_8886605_8887095",2241.23587544159,"-"
"SNRPB","chr12_6960936_6961125",2240.76898420668,"-"
"RBM26","chr21_46636547_46636895",2240.16656715621,"-"
"NCBP2","chr6_26370603_26373275",2239.98029917038,"-"
"SAMHD1","chr22_19475100_19475495",2239.85624094156,"-"
"CIRBP","chr2_74135658_74145188",2238.74485331284,"-"
"TAF15","chr3_16260829_16264154",2238.55039578006,"-"
"EIF4H","chr1_116782601_116805604",2238.27224034182,"-"
"FUBP1","chr1_153535375_153535948",2236.77830329264,"+"
"FUBP1","chr12_14956333_14961536",2236.75677769497,"+"
"PHC3","chr17_78419675_78424060",2235.95939641284,"-"
"SEC23IP","chr22_50250905_50251101",2235.57896328046,"+"
"ZFP36L1","chr2_95888120_95958590",2235.37449432447,"+"
"SAMHD1","chr3_38125881_38126509",2235.2746668471,"-"
"NIP7","chr4_185191212_185203784",2233.90595997106,"-"
"ZRANB2","chr4_82857764_82863317",2233.86967112166,"-"
"ZC3HAV1","chr22_40178140_40246014",2232.26252437487,"-"
"HNRNPK","chr12_7827682_7930479",2232.11206770021,"-"
"SRRM2","chr2_98663179_98675034",2231.85689882867,"-"
"RBM25","chr5_140487060_140504820",2231.42912951689,"-"
"RBM17","chr4_151099714_151100484",2231.3279496209,"-"
"CPSF7","chr2_95956816_95960472",2231.29797298998,"+"
"RNPC3","chr22_20036854_20043354",2231.27555686117,"-"
"MBNL1","chr2_241099894_241102252",2231.18843486556,"-"
"HELZ","chr6_152294127_152301868",2230.17730286824,"-"
"SAMSN1","chr16_53445929_53447041",2230.11091228846,"-"
"PABPC1","chr5_79641196_79642843",2230.07416042086,"-"
"CSDE1","chr1_149531742_149537099",2229.62107322533,"-"
"RPS3","chr20_58895684_58903530",2229.51078199128,"-"
"ZNF638","chr12_124912734_124913646",2229.14601604328,"-"
"TARDBP","chr1_236542787_236543559",2229.01027732635,"-"
"HNRNPR","chr2_73927052_73958145",2228.80403347591,"-"
"HELZ","chr17_76559043_76561287",2228.4944439995,"-"
"ZC3H13","chr16_30698761_30699907",2228.29228019023,"-"
"ZC3H15","chr13_49997131_49997666",2227.74256320028,"-"
"SRRT","chr1_155921628_155921860",2225.23134681004,"-"
"HTATSF1","chr18_35291232_35305975",2225.09961396665,"-"
"SNRPD2","chr12_124912734_124913646",2224.55058420084,"-"
"HNRNPR","chr17_76727213_76732977",2224.14016972851,"-"
"MKRN1","chr1_24647208_24648858",2223.73498540602,"-"
"SNRPC","chr17_3720402_3723687",2223.62561952695,"-"
"RBMS1","chr1_175007196_175008608",2223.56687638501,"+"
"MKRN1","chr22_20053551_20055942",2223.4851118495,"-"
"EIF4B","chr1_7852923_7853306",2223.14337258607,"-"
"EIF2S1","chr6_26459828_26463243",2222.99764080144,"-"
"U2AF1L4","chr12_55914366_55927724",2222.8495828067,"-"
"U2AF1","chr2_169824640_169824781",2222.44860975369,"-"
"LSM4","chr14_24632118_24632914",2222.38354263886,"+"
"LSM6","chr3_105678571_105681478",2222.35289762702,"-"
"NONO","chr15_44403054_44413335",2222.31376008516,"-"
"HNRNPK","chr22_43151604_43161051",2221.46474822854,"-"
"U2AF1","chr19_18071333_18072111",2221.1095289018,"-"
"RALY","chr21_33432802_33436882",2221.01495983359,"-"
"RBM26","chr1_75790517_75791284",2220.97537078182,"-"
"CIRBP","chr2_160367391_160493288",2220.87504993353,"-"
"HNRNPH2","chr1_193023036_193023843",2220.76781494559,"-"
"HNRNPF","chr3_48927813_48961611",2219.55571200775,"-"
"HNRNPA2B1","chr14_35294529_35307993",2219.5088827497,"+"
"RBM3","chr1_35184593_35187000",2218.59716478642,"-"
"SF1","chr12_9688086_9694759",2218.07786847397,"-"
"EIF3G","chr2_213049880_213056832",2217.88620935632,"-"
"SAMSN1","chr17_3720402_3723687",2217.6935299915,"-"
"RBM17","chr16_4450497_4455545",2217.32125556858,"-"
"HNRNPA1","chr15_101651773_101652270",2216.86989718507,"-"
"RBMXL1","chr5_39202987_39270568",2216.71333319624,"-"
"SNRPD2","chr1_161038634_161038879",2216.51034830551,"-"
"SRRM2","chr12_7929871_7930479",2216.24253220761,"-"
"SAFB","chr1_85258722_85259357",2215.72667016109,"-"
"ZRANB2","chr6_152143765_152148044",2215.65466787885,"-"
"HNRNPM","chr22_23695517_23700725",2215.5483603751,"-"
"HNRNPA2B1","chr2_86171345_86173649",2214.28266531502,"-"
"RBM17","chr2_73950732_73957124",2214.11202960643,"-"
"PCBP1","chr6_29889604_29890263",2213.83873814621,"-"
"THUMPD1","chr1_151889373_151895007",2213.64946458514,"-"
"HNRNPC","chr1_67424322_67424887",2213.34673258421,"-"
"SLTM","chr21_8393926_8438136",2213.15761677433,"-"
"TRA2A","chr2_97198491_97204190",2212.91639605982,"+"
"UHMK1","chr22_38486440_38487872",2212.83669280349,"-"
"HNRNPH1","chr2_85596649_85597103",2212.29207964972,"+"
"CSDE1","chr16_22519414_22523819",2212.07451872004,"-"
"SNRPD1","chr2_113438022_113439019",2211.64823718825,"-"
"HNRNPA2B1","chr15_74032715_74033155",2211.54918167901,"-"
"EIF4B","chr1_26363134_26364531",2211.51239213837,"-"
"ZC3H15","chr22_17212578_17219355",2211.31382924947,"-"
"SNRPE","chr2_108469332_108469650",2210.81452923817,"-"
"SAFB","chr20_16730164_16731667",2210.50822394873,"-"
"SRRM2","chr16_80976179_80981805",2209.83256570998,"-"
"RBMXL1","chr6_152143765_152145486",2209.31027832912,"-"
"SNRPD2","chr3_170145521_170171372",2209.01282378762,"-"
"TRA2B","chr21_33432802_33439213",2208.93078816711,"-"
"EWSR1","chr15_88636292_88639342",2207.65635311475,"-"
"RBM4","chr14_22535614_22547505",2207.24837804112,"-"
"ACIN1","chr6_29725202_29928224",2206.77091016647,"-"
"FUS","chr17_28883231_28888944",2206.08019263621,"-"
"EIF4H","chr20_57615580_57620261",2205.51864241701,"-"
"SAMD9L","chr6_31269525_31355316",2205.01791448798,"+"
"RALY","chr16_3067415_3068179",2204.97545891097,"+"
"RBM5","chr22_20036854_20043354",2204.54715714248,"-"
"SNRPD2","chr1_67424959_67425082",2204.52129486561,"-"
"RBM5","chr2_113439117_113441350",2204.2457877346,"-"
"RBMX","chr5_143400852_143403210",2204.17576260399,"-"
"LSM6","chr2_218235044_218238663",2203.91783226977,"+"
"HNRNPK","chr17_78121164_78122604",2203.90190080898,"-"
"RBMX","chr19_17836051_17837128",2203.4496612764,"-"
"PCBP1","chr4_48089824_48095142",2202.44746852703,"-"
"SRRM1","chr3_146525647_146533469",2202.43267319949,"-"
"RBM28","chr5_43555999_43556581",2202.04366954358,"-"
"FUS","chr16_56989617_57017073",2202.02665492723,"-"
"SASH3","chr6_107708011_107720702",2201.51612307408,"-"
"HNRNPC","chr4_102826636_102827591",2201.44097516728,"-"
"HELZ","chr16_208664_220648",2201.36331566458,"-"
"MATR3","chr17_35587597_35594007",2201.10175177222,"-"
"PCBP1","chr6_152180294_152189251",2200.80522375041,"-"
"RPS3","chr19_14396473_14397657",2199.90806060942,"-"
"CPSF6","chr21_41427304_41427754",2199.64519685324,"-"
"EIF4B","chr22_38752665_38755762",2199.37969421182,"-"
"NOL8","chr20_49124587_49135832",2199.36426585356,"-"
"ZNF638","chr20_63946640_63956259",2199.0521221486,"-"
"SNRPD2","chr3_30606977_30623198",2198.26759230755,"-"
"RBM12","chr20_35658982_35664759",2197.22766485925,"-"
"PHC3","chr22_42514779_42576980",2195.97949438708,"-"
"RBM6","chr17_2042231_2042604",2195.69906860821,"-"
"SNRPD2","chr19_54509085_54510525",2195.65660561216,"-"
"G3BP2","chr2_97164311_97167576",2195.40537716489,"-"
"RBM3","chr1_45551155_45561788",2195.38285331737,"-"
"SUPT6H","chr19_49476566_49480297",2195.28196214999,"-"
"LCP2","chr6_30489995_30490239",2195.11163765528,"-"
"PTBP1","chr3_114974416_115147218",2195.10004267177,"-"
"EIF4H","chr18_57620651_57621707",2195.02077006535,"-"
"SAMD3","chr2_96547517_96549752",2194.85429805644,"-"
"SRRT","chr2_97187401_97192857",2194.6621243728,"+"
"SAMSN1","chr3_170145521_170171372",2194.63628879546,"-"
"TRA2A","chr1_154214574_154220341",2194.28965074117,"-"
"SRRM2","chr12_124912583_124913723",2193.78166426965,"+"
"HNRNPH2","chr1_231229206_231238856",2193.58858304271,"-"
"RBM23","chr5_178209447_178210552",2193.26926806997,"-"
"MATR3","chr12_47966229_47966682",2193.20217186846,"-"
"RBMXL1","chr19_29942664_29985222",2192.82733389297,"+"
"ZC3H6","chr15_74024927_74033155",2192.80707024076,"-"
"G3BP2","chr22_45328063_45328309",2191.64443110485,"+"
"SNRPD2","chr22_50250905_50251101",2191.18603109933,"+"
"SF1","chr2_219230405_219231927",2191.15429027848,"-"
"SART3","chr19_2324192_2328386",2191.06861839257,"-"
"EIF4B","chr6_26443442_26443956",2190.91431030665,"-"
"RBM39","chr2_191682017_191683728",2190.74993605735,"-"
"HNRNPA3","chr16_50674074_50675769",2190.30716702518,"-"
"GTF3A","chr16_31202203_31202416",2190.20550221182,"-"
"EIF4H","chr3_32955261_32955873",2190.08006264537,"-"
"RBM26","chr1_44804501_44805265",2189.57213160298,"+"
"LSM10","chr2_70228462_70229058",2188.42641441697,"-"
"KHDRBS1","chr2_169824640_169824781",2188.37510024361,"-"
"ZRSR2","chr2_73946906_73950584",2188.25457743273,"-"
"RBM7","chr16_68266721_68274690",2188.0420618581,"-"
"RNPS1","chr6_106293106_106316100",2187.78944746431,"-"
"HNRNPA3","chr6_311962_345853",2187.66169606019,"-"
"MBNL2","chr16_2264760_2268054",2187.6380079122,"-"
"SNRPN","chr5_57236032_57237112",2187.51970654407,"-"
"NONO","chr20_62303781_62306196",2187.15413210914,"-"
"CIRBP","chr2_95888120_95958590",2187.06147051542,"+"
"YBX1","chr17_6760601_6762154",2186.88682299324,"-"
"RNPS1","chr17_44212006_44212818",2186.78059125471,"-"
"SFPQ","chr6_30577913_30578074",2186.77467307024,"+"
"PABPC1","chr3_146525647_146528613",2186.45340904699,"-"
"ARAP2","chr2_218235044_218238663",2186.32226780095,"+"
"ZC3H8","chr2_112181876_112182790",2186.10662526497,"-"
"SNRPE","chr2_97164311_97164396",2185.8130278826,"-"
"MKRN2","chr21_39345958_39348291",2184.91457673205,"+"
"YTHDF3","chr17_49636809_49677932",2184.69332572539,"-"
"RPS3","chr3_28291954_28292735",2184.16343791809,"-"
"PCBP1","chr21_8393174_8437384",2184.11839047785,"+"
"PUM1","chr22_24427746_24433130",2183.8607112561,"-"
"EWSR1","chr2_95935644_95938828",2183.37210778175,"-"
"LCP2","chr22_26666937_26668157",2182.70888550636,"-"
"SAMSN1","chr13_37047936_37051487",2182.49123456549,"-"
"SAMD9L","chr15_101650161_101652270",2182.0498030308,"-"
"HNRNPF","chr12_15882819_15889927",2181.46816799708,"-"
"HNRNPA3","chr2_135605016_135621493",2180.92178015095,"-"
"PAN3","chr22_23695517_23705428",2180.75079572708,"-"
"NSUN6","chr5_151063747_151080879",2180.58896073456,"+"
"SFMBT2","chr17_7393364_7393466",2180.57764167378,"-"
"HNRNPA2B1","chr2_111367575_111494884",2180.1215002739,"-"
"RALY","chr14_65101572_65102303",2179.54638296584,"-"
"HNRNPL","chr14_55601880_55612018",2179.36236276682,"-"
"SSB","chr16_4361469_4361984",2179.21650531072,"-"
"RBM8A","chr17_2042231_2042604",2179.02894167973,"-"
"RPS3","chr6_32517752_32553375",2178.95457638517,"+"
"ZC3H13","chr3_114299703_114307897",2178.62451200373,"+"
"HNRNPH3","chr17_82884936_82889667",2178.51036469507,"-"
"GRSF1","chr2_99173502_99173914",2177.94482987679,"-"
"THUMPD1","chr20_36614437_36615224",2177.44385834986,"-"
"SAMD9","chr1_78659483_78662703",2177.38573255612,"-"
"KRR1","chr2_9418732_9423372",2176.86313780354,"-"
"NSUN6","chr2_23823569_23828848",2176.75339320376,"-"
"RRP7A","chr14_24607747_24632914",2176.23010218077,"+"
"SAFB","chr2_97560860_97578905",2175.96888088723,"-"
"SNRPG","chr3_28241812_28263290",2175.79238927686,"-"
"RPS3","chr12_9655979_9656920",2175.30825944419,"-"
"SAMSN1","chr19_3054037_3054119",2175.27425153732,"-"
"HNRNPA1","chr1_39738931_39740164",2175.26442385263,"-"
"YBX1","chr19_51372160_51372378",2175.22583053199,"+"
"RBM39","chr14_54430404_54436368",2174.83179531017,"-"
"RBM38","chr3_48440458_48440544",2174.79094777035,"+"
"RBM10","chr2_159453801_159478574",2174.73292264545,"-"
"EWSR1","chr15_64075537_64088686",2174.44994053058,"-"
"TIPARP","chr1_52914095_52921552",2173.79088647443,"-"
"ZC3HAV1","chr22_40401675_40402138",2173.6002823578,"-"
"ZFP36","chr2_73828996_73830844",2173.17055450301,"+"
"YTHDF2","chr6_30577913_30578075",2173.03299139989,"-"
"PARN","chr19_19677990_19678725",2172.8556702374,"-"
"HNRNPM","chr1_84570139_84570581",2172.80961424812,"-"
"PARP14","chr20_38421098_38426418",2172.79688802957,"-"
"TRA2A","chr5_149513209_149517793",2172.44846822657,"-"
"PUF60","chr14_22550664_22551604",2171.68554746052,"-"
"GTF3A","chr17_63931385_63932194",2171.1969311933,"-"
"RC3H1","chr2_152677475_152679351",2171.12626755082,"-"
"ZC3H12A","chr12_54282874_54283811",2171.08454579528,"-"
"PCBP1","chr12_53296551_53297849",2171.04069273521,"-"
"RBM5","chr18_13621271_13645126",2170.83429086075,"-"
"NOL8","chr18_36797050_36798448",2170.65449037841,"-"
"TRA2A","chr19_12676142_12677290",2170.40351290845,"-"
"ZFR","chr2_97179766_97181597",2170.29829873781,"-"
"SAMSN1","chr2_63857718_63857828",2170.21715495338,"-"
"RNPC3","chr5_177441053_177441736",2169.99313910171,"-"
"PTBP1","chr3_3167793_3172505",2168.83526194913,"-"
"HNRNPK","chr5_96762372_96765223",2168.64618597136,"-"
"SRRM1","chr3_167720273_167734805",2168.39165480123,"-"
"IREB2","chr22_24270983_24276699",2168.05572426719,"-"
"PPIL4","chr19_29971227_29985222",2167.95231357392,"+"
"YBX1","chr22_20052584_20055942",2167.85254528119,"-"
"HNRNPF","chr4_182915575_182917310",2167.38434553342,"-"
"HNRNPH2","chr5_71062796_71067654",2167.24786188245,"+"
"SNRPN","chr19_17838390_17839476",2166.69238460357,"-"
"YBX1","chr4_151099714_151102870",2166.68352140401,"+"
"SRRM2","chr12_6724818_6728222",2166.51584240503,"-"
"RBMX","chr6_29888672_29934217",2165.90525025406,"-"
"RPS3","chr22_19471808_19479082",2164.98791352321,"-"
"ZC3H7A","chr1_203017919_203018480",2164.94831340838,"-"
"HNRNPC","chr1_112705168_112707077",2164.82137503965,"-"
"HNRNPH2","chr12_9694091_9694759",2164.17237019464,"+"
"HNRNPH3","chr13_37022080_37024034",2163.76191719108,"-"
"U2AF1","chr5_96762372_96765220",2163.24755512656,"-"
"TRA2A","chr21_29036374_29037278",2163.10860870448,"-"
"HNRNPA1","chr3_9813345_9816073",2162.79282566573,"-"
"ZNF638","chr15_28919487_28921639",2162.47488424497,"-"
"YTHDF2","chr13_19677823_19730238",2161.84824645639,"-"
"RBM17","chr2_171061156_171082780",2161.70945337871,"-"
"SAMD3","chr1_26363134_26364531",2160.65598033189,"-"
"HNRNPM","chr22_45328063_45328309",2160.58908528324,"+"
"SAMSN1","chr5_151772036_151786571",2159.53341332793,"-"
"HNRNPH1","chr5_112864732_112867403",2158.29224943021,"-"
"RBM6","chr16_68273904_68274690",2157.80897547371,"-"
"PABPC1","chr20_63708118_63708552",2157.7828878674,"-"
"SNRPD2","chr6_29829589_29889500",2157.4282715068,"-"
"TNKS","chr12_6789662_6814141",2157.04440095384,"+"
"GRSF1","chr2_95958785_95962351",2155.86192116918,"+"
"NONO","chr3_88055999_88057190",2155.79522849537,"-"
"PARP14","chr19_10089378_10089656",2155.28107118015,"-"
"LSM10","chr5_43555999_43556581",2154.96870810254,"-"
"YBX1","chr17_4715336_4715972",2154.9411899699,"-"
"G3BP1","chr5_134738792_134750758",2154.85463373699,"-"
"TRNAU1AP","chr4_184638468_184648464",2154.12969073344,"-"
"ZFR","chr1_26362175_26363025",2154.118926042,"+"
"SNRPF","chr2_112652798_112657121",2153.88025571468,"-"
"RPS3","chr22_31283288_31289498",2153.68211177456,"+"
"SF3B4","chr1_91720227_91721954",2153.32207031228,"-"
"RBM3","chr22_39313729_39314106",2153.04935294933,"-"
"TNRC6A","chr16_57134826_57146084",2152.33988613887,"+"
"G3BP2","chr2_171061156_171081639",2151.90103152109,"-"
"ZFP36","chr20_35021356_35035122",2151.90037054557,"-"
"UHMK1","chr17_76727213_76732977",2151.8668547208,"-"
"SSB","chr2_177234271_177263402",2151.84298685941,"-"
"MCM3AP","chr20_35699451_35699632",2150.49174169517,"-"
"MSI2","chr2_97118517_97142639",2150.3251640832,"-"
"NOL8","chr6_29889604_29889706",2150.23223107843,"-"
"RBM6","chr19_41883289_41888063",2149.94024016308,"-"
"EIF4H","chr5_179618323_179619268",2149.6878099864,"-"
"PUM1","chr22_40400813_40402138",2149.61146207632,"-"
"ZNF638","chr20_35021356_35035122",2148.66232736032,"-"
"YTHDF2","chr1_1655484_1657374",2148.60875032525,"-"
"SF1","chr22_31531129_31546860",2148.49779986638,"-"
"ZRANB2","chr19_34209051_34215595",2148.48227456755,"-"
"HNRNPH3","chr17_7393836_7394103",2148.44715861345,"-"
"RC3H2","chr19_11346627_11349653",2148.27288002351,"-"
"PHC3","chr4_153583672_153584837",2147.88782931791,"-"
"PCBP2","chr1_16635168_16643027",2147.64482449167,"+"
"ARAP2","chr12_6652770_6652935",2147.31522679573,"-"
"MATR3","chr18_26035923_26038554",2146.91577997406,"-"
"RBM10","chr16_70516040_70517625",2146.75971395557,"-"
"SLTM","chr17_7013516_7013665",2146.69328976257,"+"
"PUM1","chr18_13643412_13645126",2146.31243761204,"-"
"MBNL3","chr22_45328145_45328309",2146.08841364867,"+"
"GTF3A","chr12_7929871_7930479",2145.98575612855,"-"
"KHDRBS1","chr1_149536497_149537099",2145.92308782321,"-"
"EPHA1","chr1_231229209_231238856",2145.68040375251,"-"
"HNRNPA3","chr19_34226464_34227364",2144.91755034831,"-"
"ASCC1","chr2_227352573_227355676",2144.89829728692,"-"
"PABPC1","chr20_62387674_62388308",2144.58297293689,"+"
"SAMSN1","chr2_161160486_161179613",2144.4956368773,"-"
"EWSR1","chr1_151056786_151059478",2144.41288479793,"-"
"PARP14","chr2_230216928_230221704",2143.76067965781,"-"
"PUF60","chr22_20537204_20551435",2143.65814532653,"-"
"MKRN1","chr22_20052584_20053436",2143.6268308283,"-"
"RBM25","chr2_227325427_227328677",2143.62014056024,"-"
"ZCCHC17","chr2_232697392_232703423",2143.21418287618,"-"
"SLTM","chr17_75268192_75270113",2142.64136807046,"-"
"YBX1","chr22_20037094_20043354",2142.27180134884,"-"
"YBX1","chr19_2324192_2328386",2141.59531089145,"-"
"EIF3G","chr6_152143765_152145486",2141.37391028678,"-"
"SF3B4","chr22_50186001_50193026",2141.25287263616,"+"
"SF3A1","chr3_49809159_49809541",2141.21921241973,"-"
"SRRM2","chr6_32127750_32128116",2140.99056665628,"-"
"LSM2","chr20_30388578_30393550",2140.96396654431,"+"
"RPS3","chr1_40041493_40059336",2140.42980286418,"-"
"RBMXL1","chr1_88988351_88992584",2140.37563878913,"+"
"EIF4H","chr2_171061156_171082780",2140.31213607852,"-"
"SAMD9L","chr2_135983454_135985793",2140.14958068983,"-"
"PUF60","chr13_46045516_46052403",2140.07331029141,"-"
"EWSR1","chr1_161548678_161549010",2140.07061949636,"-"
"SF3A1","chr14_24632118_24632914",2139.92844855965,"+"
"HNRNPA2B1","chr3_52246812_52246973",2139.63115719022,"-"
"ZC3H15","chr3_48927813_48945135",2139.59146702246,"-"
"MBNL1","chr22_19471808_19479082",2139.2241974119,"-"
"SAMD9L","chr22_24276803_24302194",2138.86062490321,"-"
"TARDBP","chr14_91114283_91157638",2138.21923011574,"-"
"RBMXL1","chr1_150325881_150328319",2137.87553229514,"-"
"SNRPD2","chr3_49809159_49809389",2137.67638323955,"-"
"DNAJC17","chr3_69077918_69080333",2137.20068192681,"-"
"POLR2G","chr15_101966223_101972900",2136.44693357205,"+"
"RNPS1","chr19_54508184_54510525",2136.04794432475,"-"
"RBM34","chr2_191678241_191678989",2135.98855683012,"-"
"PCBP1","chr14_22486296_22547505",2135.98750712567,"-"
"PARN","chr2_201233622_201234015",2135.61186002004,"-"
"POLR2G","chr22_41784420_41793828",2135.1391102193,"-"
"HNRNPH1","chr3_48927813_48933565",2135.11939053781,"-"
"HNRNPA0","chr14_22482346_22547505",2134.62328812312,"+"
"SNRPN","chr20_36614437_36615224",2134.49980365734,"-"
"ZC3H13","chr13_51797908_51799533",2134.36725791655,"-"
"HNRNPH2","chr17_5428211_5432541",2134.17885719054,"-"
"TMEM63A","chr3_184323241_184323407",2134.1235965377,"-"
"POLR2G","chr2_231711419_231712442",2133.94226106446,"+"
"HNRNPL","chr1_149531742_149537099",2133.16594744202,"-"
"HNRNPH3","chr16_50742841_50749575",2133.03495812765,"-"
"PPP1R10","chr2_74135658_74145188",2132.93656382205,"-"
"SEC23IP","chr21_8394218_8438432",2132.91630749151,"-"
"SFPQ","chr2_97122993_97127066",2131.17243855479,"-"
"HNRNPA2B1","chr22_29832342_29838177",2130.68863280559,"-"
"RBMX","chr15_44403054_44413335",2129.83984577395,"-"
"YBX1","chr1_24647208_24648858",2128.98798856985,"-"
"HTATSF1","chr1_30966197_30967166",2128.88757793401,"-"
"POLR2G","chr3_69077918_69080333",2128.48387802751,"-"
"PCBP1","chr21_8393174_8437384",2128.20157740171,"+"
"RBM39","chr14_35116737_35121901",2127.74298592404,"-"
"HNRNPC","chr22_31528863_31531057",2127.64295640518,"-"
"EWSR1","chr19_18069713_18072111",2127.44000841615,"-"
"RBM17","chr6_30577913_30578075",2127.24486215611,"-"
"HNRNPM","chr1_7850922_7853306",2127.14892713369,"-"
"HNRNPA0","chr1_77721901_77722023",2126.91982075223,"-"
"RFTN1","chr2_213049880_213056910",2126.4198972036,"-"
"ZFR","chr17_6641227_6641752",2126.27243649407,"-"
"MATR3","chr17_73212740_73227164",2125.80332773873,"-"
"PPIE","chr4_98261569_98293407",2125.79874508073,"-"
"EIF4B","chr3_42621516_42627199",2125.6231721965,"-"
"TMEM63A","chr3_170136665_170171372",2125.26259992348,"-"
"ZRSR2","chr2_95918042_95921606",2125.20927833887,"+"
"UHMK1","chr3_48927813_48961611",2125.18118466515,"-"
"ARAP2","chr14_92093318_92096092",2125.01195232241,"-"
"TRMT1","chr2_97179766_97181597",2124.997060879,"+"
"EIF4H","chr2_191682017_191683728",2124.56746788958,"-"
"SAMD9L","chr14_90397154_90400064",2124.38446780625,"+"
"RBM8A","chr17_47973693_47973930",2124.01123303562,"-"
"HNRNPC","chr2_38578002_38581912",2123.84394734126,"-"
"EIF4H","chr15_50346395_50354984",2123.42338689784,"-"
"RPS3","chr4_48089824_48094076",2123.09952446671,"-"
"NCL","chr15_31327789_31372009",2122.55520192891,"-"
"SNRPD2","chr15_58898852_58901259",2122.45556177236,"-"
"EIF4B","chr1_24503150_24514313",2122.17945122359,"-"
"SAFB2","chr13_19677823_19730238",2121.69853695995,"-"
"RNPS1","chr17_3723383_3723687",2121.55594308733,"-"
"RBM3","chr2_189782602_189784268",2121.48836220928,"-"
"SRRM2","chr21_37073364_37087246",2121.33256791882,"-"
"EIF4B","chr16_80976179_80981805",2121.2833051851,"-"
"RBM3","chr2_11172045_11177736",2120.83349693922,"-"
"ARAP2","chr4_189952287_189957397",2120.71973486562,"-"
"G3BP2","chr22_29834550_29838177",2120.13994955522,"-"
"SCML4","chr16_57134826_57146084",2119.7400338544,"-"
"SASH3","chr2_99171646_99173413",2119.6536473537,"-"
"LSM4","chr19_11447597_11447692",2119.55111050714,"-"
"RBM17","chr19_10180529_10180777",2119.3976363873,"-"
"SCML4","chr17_59112345_59131280",2118.62484337436,"-"
"MATR3","chr18_26035127_26038554",2118.12204246552,"-"
"ZC3H7A","chr22_19444390_19447377",2117.92034107589,"-"
"NOL8","chr15_66494552_66497641",2117.59576790066,"-"
"MATR3","chr1_159800613_159806595",2117.58200091568,"-"
"PABPC1","chr13_27426341_27427091",2117.34560834307,"-"
"SNRPB","chr19_49982188_49988371",2117.23089741789,"-"
"ZFR","chr2_227325427_227332418",2117.15471437582,"-"
"RBM3","chr2_201160942_201162995",2117.06916049182,"-"
"KRR1","chr17_78132030_78132358",2116.55199674344,"-"
"SRRM2","chr2_97122993_97124459",2116.33559132736,"-"
"ZFP36L1","chr2_169584497_169603641",2116.09199696138,"-"
"EWSR1","chr1_24663224_24666814",2116.03829596257,"-"
"SLBP","chr5_178209447_178210552",2115.11250747111,"-"
"HNRNPC","chr1_160748514_160749820",2114.6551872917,"-"
"IREB2","chr5_138157267_138159554",2114.55154284352,"-"
"TRA2B","chr3_9689082_9689963",2114.08926079749,"-"
"SAMD9L","chr6_30489995_30490313",2113.90989488007,"+"
"ZFP36L2","chr19_1011663_1011740",2113.59363202004,"+"
"YTHDC1","chr1_43975107_43976089",2113.20406060599,"-"
"MATR3","chr5_171400210_171405301",2112.73528850314,"+"
"TNKS2","chr1_174800500_174811831",2112.70760696033,"-"
"RBM8A","chr12_14385400_14423908",2112.44289722738,"-"
"RBM8A","chr20_64076954_64079293",2112.32572713058,"-"
"RFTN1","chr12_6602175_6602375",2112.22405813686,"-"
"SFPQ","chr20_5584322_5593326",2112.04813591377,"-"
"SLBP","chr3_167720273_167734805",2111.85505358988,"-"
"G3BP2","chr5_50668125_50744735",2111.67670148651,"-"
"EWSR1","chr3_48922811_48924717",2111.10015962635,"-"
"NCL","chr1_20780540_20787194",2109.85672388809,"-"
"SAMD9","chr19_11447597_11447692",2109.40936893056,"-"
"HNRNPA2B1","chr17_78171054_78171738",2109.31692111689,"-"
"ZFP36L1","chr2_171081708_171082780",2109.13111223304,"-"
"KHDRBS1","chr16_2772102_2776992",2108.59901117257,"+"
"CPSF7","chr4_4268615_4273582",2108.50108505725,"-"
"HNRNPH2","chr3_167720273_167734805",2108.46398916921,"-"
"ZC3H12D","chr1_161548678_161549010",2108.38483846728,"+"
"RNPS1","chr17_35492818_35522278",2108.15967106257,"-"
"RBM39","chr19_42217045_42217631",2107.88777604662,"-"
"RBM3","chr1_1722634_1722707",2107.57465531073,"-"
"ZCRB1","chr2_203266681_203272669",2107.20076694153,"-"
"YTHDF1","chr16_634797_635280",2106.91476275501,"-"
"YTHDF2","chr2_135616757_135621493",2106.73141807831,"-"
"ZFP36L2","chr2_224931668_224946846",2106.50842633663,"-"
"SAMSN1","chr22_40400813_40401592",2106.49356412933,"-"
"RPS3","chr1_112703806_112707077",2106.26316610941,"+"
"HNRNPD","chr5_93964523_94050730",2106.15017305187,"-"
"HNRNPK","chr12_31298224_31326023",2106.10526257246,"-"
"HNRNPH1","chr2_169584899_169603641",2106.06250659227,"-"
"STIM1","chr3_25729318_25733871",2105.93618468927,"-"
"TARDBP","chr18_57620648_57621707",2105.77937059321,"-"
"RPS3","chr4_108165163_108167554",2105.53385110936,"-"
"RFTN1","chr1_46558800_46561477",2105.34737954368,"-"
"SLTM","chr14_22542261_22547505",2105.2877834161,"-"
"G3BP2","chr14_35110629_35121901",2105.2261488114,"-"
"G3BP2","chr2_232567214_232580903",2105.09590739403,"-"
"RBM5","chr2_229859574_229879981",2105.05928108833,"-"
"SFPQ","chr1_110895055_110897808",2105.04432992278,"+"
"PUF60","chr2_203272748_203278572",2104.3001470496,"-"
"ZFR","chr2_9474647_9478221",2104.03594605271,"-"
"FUS","chr2_152716126_152717229",2103.7270632362,"-"
"SSB","chr18_13621271_13645126",2103.52948745627,"-"
"NCL","chr2_74491666_74492003",2103.16579676454,"-"
"YTHDF2","chr3_52246812_52246973",2103.08224171541,"-"
"EIF3G","chr15_74032715_74033155",2102.65205030792,"-"
"RBM3","chr3_49812543_49813061",2102.42261363984,"-"
"KHDRBS1","chr5_178211970_178214795",2102.23018701435,"-"
"ELAVL1","chr5_135346057_135350822",2102.17189973258,"-"
"CCAR1","chr19_42215252_42217631",2102.01088055229,"-"
"GTF3A","chr5_112976986_112985834",2101.79379575743,"-"
"HDLBP","chr22_26666937_26668157",2101.51125785888,"-"
"TTC14","chr20_45418979_45419294",2101.17586504534,"-"
"SLTM","chr2_126656312_126693863",2099.46683857511,"-"
"SLBP","chr2_97206135_97211545",2099.24138748254,"+"
"HNRNPA2B1","chr4_185191212_185203784",2099.20367131798,"-"
"EIF3G","chr19_19635569_19636706",2099.19101624915,"-"
"HNRNPA1P4","chr22_29748571_29766871",2099.01331632773,"-"
"MSI2","chr14_73366981_73409936",2098.86476462855,"-"
"PTBP1","chr3_49077038_49093911",2098.63527828508,"-"
"RFTN1","chr17_35021781_35026373",2098.36947044051,"-"
"SASH3","chr3_50103166_50105076",2098.36835062686,"-"
"SAMHD1","chr6_26411581_26412704",2097.91357900623,"-"
"TARDBP","chr2_25771540_25799384",2097.9004622108,"-"
"FUS","chr12_14950724_14961536",2097.88529320877,"-"
"SART3","chr5_154858768_154863206",2097.86096939917,"-"
"ZNF638","chr2_148021684_148054390",2097.80400811449,"-"
"PRPF3","chr3_71112637_71198201",2097.74965305866,"-"
"PAN3","chr3_42621516_42630545",2097.2854804338,"-"
"TRA2B","chr22_42514779_42576980",2097.17695204333,"-"
"PTBP1","chr17_82019694_82019857",2096.92471120805,"-"
"SNRPN","chr2_95910568_95915979",2096.81100815754,"+"
"HELZ","chr13_19674984_19677723",2096.79864757572,"-"
"POLR2G","chr17_7392952_7393466",2096.33481842112,"-"
"ZFP36L1","chr1_151890214_151895007",2096.18342653915,"-"
"ZC3H15","chr12_7929871_7930479",2095.95640295655,"-"
"MATR3","chr20_36935189_36941038",2095.7621855456,"-"
"RBM34","chr1_51714079_51745535",2095.21925965645,"-"
"RALY","chr5_39124278_39125997",2094.53562770196,"-"
"RBMX","chr1_193059776_193075819",2094.4118506142,"-"
"G3BP2","chr3_114693575_114710267",2094.15571059697,"-"
"PABPC1","chr4_26321048_26386352",2093.81484301904,"-"
"PABPC1","chr3_71299880_71359149",2093.67870418289,"-"
"CNOT4","chr21_37073473_37087246",2093.57547546464,"-"
"ZRANB2","chr1_16635168_16643027",2093.4624735629,"-"
"NCL","chr17_76727178_76732977",2093.34781130316,"-"
"HNRNPF","chr21_37240639_37267237",2093.15846066515,"-"
"HNRNPK","chr22_19475100_19475495",2092.84753674829,"-"
"SFPQ","chr1_42457073_42457246",2092.61821566629,"-"
"SAMSN1","chr17_35657791_35671753",2092.42999700641,"-"
"THUMPD1","chr2_97187401_97189086",2092.24388319196,"-"
"SNRPD1","chr12_9655979_9656920",2092.14254588517,"-"
"LARP4B","chr1_103533854_103534771",2091.6706930181,"-"
"EWSR1","chr14_22549682_22551604",2091.55756857599,"+"
"ZNF638","chr18_11884627_11885675",2091.00772851575,"-"
"ZFP36L2","chr16_53445929_53447041",2090.72528251926,"-"
"RBM8A","chr2_68047319_68062957",2090.16019917029,"-"
"FXR1","chr3_183840640_183842297",2090.00943081321,"-"
"LCP2","chr2_12723552_12740325",2089.81338009778,"-"
"SNRPN","chr2_37201726_37201862",2089.07970214441,"-"
"PTBP1","chr2_27212607_27213176",2088.41613256819,"-"
"LSM4","chr5_1798947_1799791",2087.02093720176,"-"
"ZC3H8","chr14_65101572_65102303",2086.81127662023,"-"
"NOL8","chr13_114286400_114286518",2086.78074385972,"-"
"YTHDF2","chr3_38129388_38131595",2086.64076307135,"-"
"MBNL1","chr14_35124231_35126734",2086.51598333936,"-"
"ZC3H15","chr12_47206145_47210639",2085.92159098575,"+"
"RBM6","chr2_85327273_85327441",2085.74434752675,"-"
"GTF3A","chr6_116571655_116574057",2085.73204122211,"-"
"HNRNPR","chr13_42888502_42895008",2085.7141403814,"-"
"HNRNPH3","chr22_41781845_41784338",2085.64669069409,"-"
"GTF3A","chr2_241150547_241157806",2085.61484803224,"-"
"ACIN1","chr2_85694470_85694752",2085.54403473915,"+"
"HNRNPM","chr13_37045373_37047534",2085.33893369129,"-"
"ZFP36L2","chr2_191682595_191683728",2084.86958290415,"-"
"FXR1","chr1_53889463_53889712",2084.19650542962,"-"
"ZRANB2","chr1_77721925_77722023",2083.62289177103,"-"
"UHMK1","chr12_2823943_2824089",2083.38473256922,"-"
"HNRNPH1","chr5_57236032_57237112",2083.02744780856,"-"
"SCMH1","chr5_171400210_171405301",2082.75337842059,"+"
"MKRN1","chr21_8393174_8437384",2082.5472069298,"-"
"RBM26","chr21_8393888_8438099",2082.26470083585,"-"
"YTHDF3","chr14_91866625_91867261",2082.21373263248,"-"
"HNRNPA1","chr2_24321880_24328051",2082.20360573553,"-"
"HNRNPC","chr12_9656697_9656920",2081.87438969901,"-"
"CSDE1","chr20_62387674_62388308",2081.75695002485,"+"
"RBM3","chr22_50190648_50193026",2081.59255030077,"-"
"SF3A1","chr2_85596649_85597103",2081.47490449746,"-"
"HNRNPK","chr2_97122993_97127066",2081.23331690793,"-"
"EWSR1","chr14_91114283_91145220",2081.13411931727,"-"
"SNRPC","chr14_23564221_23564332",2081.10049142347,"-"
"HNRNPK","chr2_175118369_175121443",2080.95034147428,"-"
"ZFP36L2","chr3_32955261_32955873",2080.78014186963,"-"
"HNRNPA2B1","chr4_151099714_151102870",2080.08924385483,"+"
"ACIN1","chr14_91114283_91145220",2079.92858034479,"-"
"TTC14","chr1_45685620_45686411",2079.69781888012,"-"
"FUBP1","chr1_146988949_146989573",2079.54182172728,"-"
"NOL8","chr12_53296551_53297849",2079.44126733643,"+"
"YTHDF2","chr1_45685620_45686411",2078.46741463074,"-"
"SNRPG","chr3_49809159_49809389",2078.38226863909,"-"
"SAMD3","chr19_17405995_17406076",2078.26595934792,"-"
"RBM25","chr12_124912427_124913339",2078.25286943298,"+"
"HNRNPH1","chr4_951258_951645",2078.18188763631,"-"
"TRA2B","chr17_3925441_3928662",2078.17605487421,"-"
"SAMD3","chr20_64076646_64079293",2078.02964368158,"-"
"PHC1","chr1_16367308_16393227",2077.20897720531,"-"
"CIRBP","chr19_36122173_36125450",2077.17823055007,"-"
"HNRNPH1","chr6_135492291_135497187",2076.75309813555,"-"
"TARDBP","chr19_19635721_19636706",2076.66523590172,"-"
"EWSR1","chr2_71331865_71348752",2076.48670423707,"-"
"RBM39","chr22_26663398_26665530",2076.4548311059,"-"
"RBM33","chr17_5422829_5432541",2076.29823823947,"-"
"HNRNPK","chr13_37045373_37047534",2076.14048532965,"-"
"PPIE","chr6_125292909_125300537",2075.8112780385,"-"
"SRRM1","chr17_45404334_45404444",2075.58795293891,"-"
"RPS3","chr16_67082308_67098709",2075.21933930025,"-"
"SAMD3","chr1_43975107_43976089",2075.11387321837,"-"
"HNRNPA2B1","chr3_39266518_39279953",2074.88405093349,"-"
"PPP1R10","chr2_232567214_232568944",2074.71039786463,"-"
"EIF3G","chr17_7224069_7224320",2074.46573335455,"-"
"RBM26","chr17_58005041_58005800",2074.39223560883,"-"
"ZC3HAV1","chr4_77776392_77819589",2074.06768743427,"-"
"ZFP36L1","chr2_227325427_227332418",2073.16032424941,"-"
"SNRPG","chr16_29663080_29663694",2073.05863089289,"-"
"RFTN1","chr21_8393888_8438096",2072.6946606266,"+"
"PUM1","chr2_148021684_148054390",2072.51127270509,"-"
"YTHDC2","chr21_37096643_37108391",2072.04061317768,"-"
"RBM28","chr3_113014032_113017447",2071.88816144199,"-"
"TRA2B","chr14_24232788_24233218",2071.43930247586,"-"
"MATR3","chr1_53228954_53235576",2070.62116804115,"-"
"RBMXL1","chr5_154941265_154956370",2070.5031427423,"-"
"KHDRBS1","chr1_46686870_46689586",2070.37799778623,"-"
"TRA2B","chr2_55577356_55578246",2070.12366156801,"-"
"SNRPG","chr2_189783123_189784268",2069.9597981801,"-"
"GTF3A","chr12_57477680_57477784",2069.53870583671,"-"
"HNRNPA2B1","chr12_56160320_56161386",2069.52071636847,"-"
"PUM2","chr2_112652798_112657121",2069.30806369897,"-"
"RPS3","chr21_8393623_8437831",2068.23211581694,"+"
"SFPQ","chr2_10396920_10419733",2068.02119339887,"-"
"RRP7A","chr18_11885043_11885675",2067.92597281449,"-"
"UHMK1","chr2_152663967_152664137",2067.64404862782,"-"
"HNRNPH3","chr16_1786655_1787676",2067.13881842489,"-"
"SRRM2","chr2_227325427_227332418",2067.00054360913,"-"
"TTC14","chr4_53399839_53414614",2066.57863304282,"-"
"TTC14","chr5_154858768_154865191",2066.46051295731,"-"
"FUS","chr2_85694996_85695319",2066.31344768377,"+"
"RBM6","chr19_5610688_5612539",2066.18367394,"-"
"ZC3H7A","chr3_141404031_141438242",2066.01222394316,"-"
"U2AF1","chr12_124913039_124913723",2065.9312412832,"+"
"SCML4","chr17_73212740_73227164",2065.91087718639,"-"
"RBMX","chr16_30381473_30382092",2065.54186748561,"-"
"SAMHD1","chr16_22519414_22523819",2065.2578750811,"-"
"RBM10","chr22_31528863_31546860",2065.18635546297,"-"
"RNPS1","chr2_95910568_95912243",2065.01439096413,"-"
"ARAP2","chr14_20455394_20455577",2064.92992619203,"-"
"HNRNPA2B1","chr14_105052102_105057166",2064.8302081863,"-"
"BFAR","chr6_30577913_30578072",2064.68479908596,"-"
"HNRNPA1","chr1_25562716_25563069",2064.60458544213,"-"
"SAMSN1","chr2_38746747_38748055",2064.59849590383,"-"
"LARP7","chr1_45661225_45686411",2064.3718529087,"-"
"EWSR1","chr2_203266681_203278572",2064.02543600765,"-"
"SAMD9","chr14_89412490_89619027",2063.81296220173,"-"
"CSDE1","chr1_67424322_67424887",2063.46561627253,"-"
"SF1","chr2_203266681_203278572",2063.14019627463,"-"
"HNRNPF","chr3_152300367_152301918",2062.68748885874,"-"
"RBM25","chr2_135605016_135621493",2062.61199016612,"-"
"HNRNPK","chr16_29381786_29383688",2061.68061215802,"+"
"MBNL1","chr3_39266518_39279953",2061.37329244795,"-"
"SAMSN1","chr2_229859574_229860405",2061.30075033377,"-"
"SRRM1","chr2_177212871_177215538",2060.38147078267,"-"
"ZCRB1","chr18_26035127_26038554",2059.83339528121,"-"
"NONO","chr22_29767607_29769677",2059.19919287757,"-"
"RBM25","chr2_206765747_206766643",2059.03251745215,"-"
"EWSR1","chr2_85591864_85592947",2058.68637544189,"-"
"RBM3","chr16_2752846_2756333",2058.56750844323,"-"
"YTHDF2","chr21_33432802_33436882",2058.5541705882,"-"
"SFPQ","chr2_97122993_97127066",2057.95759498078,"-"
"CSDE1","chr3_71299880_71305877",2057.95731089562,"-"
"U2AF1","chr14_73921105_73923394",2057.65843623042,"-"
"GTF3A","chr2_152677475_152679351",2057.05063685952,"-"
"RBM3","chr16_2752846_2757471",2056.48841873607,"-"
"ZC3HAV1","chr6_26411581_26412704",2056.00285600036,"-"
"GRSF1","chr6_118632611_118652699",2055.89151914667,"-"
"ZC3H12D","chr12_14950724_14961536",2055.69988057856,"-"
"MATR3","chr2_10396920_10419733",2055.59481098219,"-"
"SF3B4","chr12_42332702_42335882",2055.4829680045,"-"
"NAA38","chr1_40040783_40059333",2055.30192849411,"-"
"CSDE1","chr1_114737563_114737962",2055.11021724075,"+"
"SCML4","chr20_1571137_1604741",2055.04155849392,"-"
"ZFP36","chr2_201234112_201266460",2055.03362615414,"-"
"CCAR1","chr1_151760899_151762104",2054.95448451541,"-"
"SAMSN1","chr19_41884493_41888063",2054.50476023833,"-"
"EWSR1","chr2_73950732_73958145",2053.54925839151,"-"
"ZFP36L1","chr22_26663398_26665530",2053.48503924014,"-"
"SASH3","chr2_99173502_99173914",2053.39757971561,"-"
"YTHDF2","chr1_16635168_16643027",2053.11510502339,"+"
"SF1","chr3_134482931_134485319",2053.09781493338,"-"
"CPSF6","chr5_39202987_39217636",2052.95652964076,"-"
"SNRPB","chr2_70300980_70301924",2052.86238665064,"-"
"RNPC3","chr14_90397154_90400064",2052.77302665235,"+"
"SCML4","chr1_235813061_235830225",2052.59866670604,"-"
"RPS3","chr15_88636292_88639342",2052.57973947865,"+"
"ZFP36L1","chr12_57477680_57477784",2052.40196602356,"-"
"ZC3HAV1","chr2_218217254_218225919",2052.08406117577,"+"
"MKRN2","chr16_22437492_22451619",2051.88481946889,"-"
"STIM1","chr4_87047594_87084122",2051.60169750209,"-"
"HNRNPR","chr5_180793097_180802679",2051.50570302162,"-"
"FUBP1","chr14_105056166_105057166",2051.24238167721,"-"
"ZFP36","chr4_185191212_185203784",2051.12835607719,"-"
"SAMHD1","chr22_50185976_50193026",2051.11996090129,"-"
"ZNF638","chr1_71065137_71066775",2051.05857846607,"-"
"SF1","chr15_52557222_52568847",2051.04221584266,"-"
"ZC3HAV1","chr14_22515688_22547505",2050.78721615887,"+"
"NONO","chr14_92093318_92096092",2050.65934046387,"-"
"SNRPE","chr1_193059776_193075819",2049.20371390855,"-"
"SNRPB","chr1_120808759_120816084",2049.07440821408,"-"
"PARP14","chr22_40552367_40594673",2048.65474164199,"-"
"RBMS1","chr2_73734591_73737301",2048.61586460754,"-"
"PUF60","chr17_68101959_68114421",2048.4114340311,"-"
"ZC3H13","chr16_57134826_57146084",2047.93384219391,"-"
"LSM6","chr16_30309033_30334974",2047.43855802846,"+"
"LSM2","chr6_31639226_31640198",2046.75822820661,"-"
"PSPC1","chr16_31700738_31702534",2046.49034314035,"-"
"SNRPG","chr1_84566012_84570581",2045.8531257815,"-"
"RBM42","chr22_41784420_41793828",2045.68666846107,"-"
"PHC3","chr22_23695517_23700725",2045.66486265111,"-"
"RBMX","chr1_16632371_16633094",2045.55402715519,"-"
"RBM3","chr17_35321865_35323147",2045.47193484297,"-"
"PABPC1","chr6_31269525_31269965",2045.33509844786,"-"
"ZC3H15","chr14_35294529_35307993",2045.32270483822,"-"
"CPSF7","chr1_150839654_150846262",2045.22662526427,"-"
"BFAR","chr12_124913418_124913646",2044.75553343537,"-"
"STIM1","chr1_231229206_231238856",2044.30882339294,"-"
"ZFP36L2","chr6_111780635_111793622",2044.11147056752,"-"
"HNRNPF","chr2_95958785_95960472",2043.98426554425,"-"
"U2AF1","chr1_23109650_23168765",2043.48451998875,"-"
"PPP1R10","chr12_43759016_43768102",2043.42634652919,"-"
"PHC3","chr6_26411581_26413168",2043.2407048188,"-"
"PCBP1","chr19_1011612_1011740",2042.99429291485,"-"
"SFPQ","chr21_37084331_37087246",2042.72878779778,"-"
"U2AF1","chr14_91170186_91173288",2042.30767013633,"-"
"SNRPC","chr2_11172045_11177736",2042.02634566357,"-"
"PCBP1","chr14_22501663_22547505",2041.8945741555,"-"
"CCAR1","chr1_1722634_1722707",2041.7625436896,"-"
"RPS3","chr1_185306625_185307013",2041.73288953296,"-"
"HNRNPA3","chr2_27369209_27369413",2041.16689664171,"-"
"PARP10","chr15_34227846_34229752",2041.12587708108,"-"
"SAMD9","chr2_218217254_218225919",2040.99986760983,"+"
"YTHDC1","chr12_124913111_124913339",2040.62402435141,"+"
"RRP7A","chr15_52557222_52568847",2040.54003514543,"-"
"HNRNPA2B1","chr2_97538363_97558798",2040.2647828027,"+"
"SRRM1","chr20_17680075_17682027",2040.16342780808,"-"
"HNRNPK","chr2_230462518_230466300",2040.08791223492,"-"
"EWSR1","chr6_26538501_26539900",2039.88382331804,"-"
"SNRPB2","chr4_102826636_102827943",2038.68683613765,"-"
"PARP14","chr2_232567214_232568944",2038.60648663167,"-"
"RBM8A","chr14_73148094_73170796",2038.16409428087,"-"
"SSB","chr2_95956816_95958590",2038.0303560255,"-"
"CSDE1","chr20_35655344_35658929",2037.40465603564,"-"
"EIF4B","chr21_43095743_43101365",2036.54587164333,"-"
"ARAP2","chr1_160739356_160749820",2036.02149723568,"-"
"SF3B4","chr16_1786955_1787676",2035.83741651177,"-"
"HNRNPF","chr3_184245812_184248781",2035.57202576161,"-"
"SF3B4","chr22_41781845_41793828",2035.54621276629,"-"
"PARP14","chr15_85583164_85585701",2034.79171838511,"-"
"TIA1","chr17_82884936_82889667",2034.5731057188,"-"
"RC3H1","chr1_151307801_151315572",2034.24530283914,"-"
"ZFP36L2","chr20_57616468_57620261",2034.08869240177,"-"
"STIM1","chr3_3153488_3154746",2034.02634174968,"-"
"RC3H2","chr21_42288037_42288210",2033.61316401094,"-"
"HNRNPA2B1","chr2_177234271_177264531",2033.24484115867,"-"
"RBM8A","chr16_4694308_4694957",2032.98594554555,"-"
"SAMHD1","chr2_68782320_68807272",2032.97648328762,"-"
"WDSUB1","chr16_3065494_3065780",2032.84966695102,"-"
"TNKS2","chr6_107749813_107772171",2032.69567878309,"-"
"YTHDC1","chr16_67082339_67098709",2032.43429500054,"-"
"RBM6","chr14_22532561_22547505",2032.38025080107,"-"
"HNRNPM","chr1_161548675_161549010",2032.11888750589,"+"
"ZC3H8","chr12_124912427_124913339",2031.87587269299,"+"
"RPS3","chr1_1722634_1722707",2031.57838656978,"-"
"CIRBP","chr22_40463286_40533589",2031.32442280395,"-"
"YTHDF2","chr5_143400852_143434531",2031.30664882188,"-"
"RBM3","chr12_55903480_55927724",2031.3016157731,"-"
"HNRNPA1","chr16_635340_636093",2031.03292271057,"-"
"RBM14","chr22_43151604_43161051",2030.48319259926,"+"
"ZFP36L2","chr2_27774530_27779432",2030.35017751666,"-"
"EIF4B","chr2_197398581_197398968",2030.25456092484,"-"
"HNRNPH2","chr14_90397154_90400064",2029.67852573162,"+"
"SAMD9L","chr4_185191212_185203897",2029.26989338841,"-"
"PHC3","chr6_107708011_107720702",2029.19022629132,"-"
"EIF4B","chr1_236543040_236543559",2028.45671966861,"-"
"ZC3H12D","chr2_219251713_219253855",2027.97624723822,"+"
"TIA1","chr22_50186001_50193026",2026.09984452084,"-"
"EIF4B","chr3_88055999_88057190",2025.81747565284,"-"
"RBM22","chr12_57107314_57108162",2025.79411534788,"-"
"SRRM1","chr3_167720273_167725400",2025.51038066004,"-"
"SNRPB2","chr1_6785575_6825091",2025.37049291278,"-"
"RBM25","chr2_97200525_97202201",2025.23539430064,"-"
"TAF15","chr3_39266518_39281608",2025.08370839377,"+"
"MATR3","chr1_206905147_206909724",2024.81211026942,"-"
"RBM33","chr15_50346395_50354984",2024.35769445348,"-"
"SAMHD1","chr5_139322967_139325295",2024.20354264978,"-"
"KHDRBS1","chr16_69626528_69647027",2024.19507414127,"-"
"SSB","chr3_114693575_114801100",2023.9593523243,"-"
"PHC3","chr21_33599248_33602233",2023.81356996529,"-"
"SAFB","chr2_230200965_230207990",2023.59265879141,"-"
"FXR1","chr12_55951783_55952340",2023.3470529414,"+"
"RBM39","chr4_4268615_4269428",2023.24412879487,"-"
"U2AF1L4","chr13_19675653_19677723",2022.94097127298,"-"
"ARAP2","chr1_181052510_181053572",2022.64853930257,"-"
"G3BP1","chr22_50250905_50251101",2022.57470654112,"+"
"SAMHD1","chr2_95876512_95880426",2022.51069601071,"-"
"CIRBP","chr19_19677986_19678725",2022.35843759519,"-"
"PARN","chr18_11885043_11885675",2021.82400509091,"-"
"SYNCRIP","chr22_39313729_39314106",2021.64770495914,"-"
"RRP7A","chr1_110895055_110899123",2021.5550064269,"+"
"GTF3A","chr2_191682017_191683728",2021.45243417717,"-"
"SASH3","chr12_66314163_66315241",2021.36764209366,"-"
"HNRNPK","chr17_63929888_63931334",2021.05198016147,"-"
"RBM39","chr3_146525647_146533469",2020.79245734812,"-"
"ZFP36L1","chr2_99171646_99173914",2019.97032442828,"-"
"GTF3A","chr2_127057601_127059010",2019.87975307273,"-"
"MATR3","chr2_7725853_7730235",2019.73737335758,"-"
"SASH3","chr1_151760899_151762104",2019.53884291532,"-"
"PCBP2","chr14_23081836_23090521",2019.26317411148,"-"
"SSB","chr21_8393174_8437388",2019.09248859949,"+"
"SAMD9L","chr12_46367340_46370775",2018.8993390997,"-"
"SAMD3","chr2_85694923_85695319",2018.89922002818,"-"
"ARAP2","chr17_36103981_36211775",2018.50967863075,"-"
"CSDE1","chr2_95876512_95880426",2018.10934452113,"-"
"KIN","chr15_34435471_34437397",2017.88100510883,"-"
"LCP2","chr1_35184593_35187000",2017.63708103207,"-"
"SNRPB","chr19_10089378_10089656",2017.312348825,"-"
"CIRBP","chr2_213049880_213056910",2016.7929061102,"-"
"MBNL3","chr22_45328063_45328309",2016.78342705425,"-"
"NCL","chr5_179618323_179619268",2016.61674179531,"-"
"HNRNPC","chr19_42215252_42217631",2016.36664561241,"-"
"RC3H1","chr2_44218537_44232315",2016.13061545221,"-"
"ZC3H12D","chr17_82884202_82889667",2015.63497760788,"-"
"KHDRBS1","chr16_22519414_22523819",2015.26247041361,"-"
"SNRPB","chr17_35021781_35026373",2015.02428912601,"-"
"EWSR1","chr2_65056528_65069398",2014.84208723733,"-"
"YTHDF2","chr1_155668777_155670319",2014.58631423391,"-"
"ZRANB2","chr6_118632611_118651196",2014.55602877778,"-"
"RBM8A","chr12_48662654_48667692",2014.20479334916,"-"
"HNRNPR","chr20_47298872_47310055",2013.97090698169,"-"
"PCBP1","chr2_111344237_111367486",2013.78384331301,"-"
"HNRNPC","chr3_71299880_71305877",2013.47540202557,"-"
"ZFR","chr19_19677990_19678725",2013.07020698682,"-"
"FUBP1","chr14_45247377_45253034",2013.06670426421,"-"
"HNRNPH1","chr12_47166643_47216164",2012.65767050449,"-"
"THUMPD3","chr22_50185976_50193026",2012.51685853166,"-"
"HNRNPK","chr15_44672239_44672387",2012.49376174537,"-"
"SAMD3","chr1_161548675_161549010",2012.34043625876,"-"
"SAFB","chr14_23567319_23567738",2012.17915741085,"-"
"HNRNPM","chr1_44804779_44805265",2011.49915503811,"-"
"HNRNPM","chr19_10679927_10681018",2011.38260403239,"-"
"HNRNPA3","chr22_40463286_40552105",2011.36594298388,"-"
"RBM25","chr2_86171312_86173649",2011.17247069364,"-"
"CNOT4","chr2_231786538_231788554",2011.16714770723,"-"
"MBNL1","chr5_96727530_96729611",2010.9240154701,"-"
"ZFP36","chr1_24655123_24660718",2010.77254562226,"-"
"HDLBP","chr21_42288073_42288210",2010.76986430213,"-"
"HDLBP","chr22_26666937_26668157",2010.65539946742,"-"
"PHC3","chr12_53467293_53468776",2010.48885155133,"-"
"SNRPB","chr2_71331865_71348752",2009.38133151714,"-"
"CSDE1","chr12_57107743_57108162",2008.98250465539,"-"
"PUF60","chr1_155261734_155262085",2008.84410832274,"-"
"SAMSN1","chr21_43100519_43104314",2008.23113511529,"-"
"U2AF1","chr17_82449480_82450699",2008.13408001038,"-"
"SF3A1","chr15_50309798_50354984",2008.09139148218,"-"
"MKRN3","chr21_8394053_8438259",2007.97653820725,"-"
"HNRNPH2","chr22_39102042_39103688",2007.80180576946,"-"
"TRA2A","chr1_84566012_84570581",2007.37077818035,"-"
"SSB","chr21_33599285_33602233",2007.26784204767,"-"
"RNPS1","chr1_112703806_112707077",2007.20713147441,"-"
"DHX8","chr16_69121170_69121435",2007.04828834579,"-"
"ZFP36L2","chr1_207785682_207793518",2006.76432563289,"-"
"UHMK1","chr21_33260727_33262560",2006.5815461271,"-"
"DAZAP1","chr14_22495966_22547505",2006.48510264129,"+"
"SRRM1","chr12_8946387_8949487",2006.23774143331,"-"
"HNRNPH3","chr5_57214193_57221375",2006.0176653012,"-"
"HNRNPR","chr19_49981013_49988371",2005.43054053704,"-"
"TTC14","chr3_71299880_71359149",2004.80493509535,"-"
"HNRNPC","chr19_54449310_54451289",2004.56565872699,"-"
"ZFP36L2","chr3_39266518_39279953",2004.47111666481,"-"
"YBX1","chr2_68047319_68053060",2004.29843867691,"-"
"ZNF638","chr17_7393836_7394103",2003.88559285489,"-"
"RBM5","chr2_37148939_37156907",2002.65008707263,"-"
"PABPC1","chr4_87047594_87084122",2002.46162699494,"-"
"SLBP","chr16_22444063_22451619",2002.21369249066,"+"
"RNF113A","chr22_41781845_41793828",2001.81035683518,"-"
"ZFP36","chr1_146988949_146989573",2001.70060498759,"-"
"HNRNPA2B1","chr2_238188257_238189852",2001.67134694537,"-"
"EWSR1","chr2_203266681_203278572",2001.05063404712,"-"
"SAMHD1","chr1_26362175_26363025",2000.59182634529,"+"
"RBMX","chr20_4686512_4699210",2000.50158185278,"-"
"PRPF3","chr1_16485665_16633094",2000.48607923263,"+"
"ZNF638","chr21_33230216_33241839",2000.21299668448,"-"
"RBM12","chr19_18572607_18573292",2000.05245606417,"-"
"SAMD3","chr17_63931388_63932194",1999.98706706209,"-"
"SRRM1","chr2_189782602_189783013",1999.75996850945,"-"
"HNRNPAB","chr22_19471808_19479082",1999.7432349267,"+"
"U2AF1","chr3_69077918_69080111",1999.31995718179,"-"
"TRA2B","chr2_160285044_160286968",1999.09441541006,"-"
"ZFP36L2","chr17_29568548_29569017",1998.99525098007,"+"
"PUM2","chr2_74135658_74142271",1998.93732119233,"-"
"RC3H1","chr1_110895055_110897808",1998.76404854535,"+"
"SRRM2","chr2_97560860_97580461",1998.7620123168,"-"
"G3BP1","chr2_113438022_113441350",1996.90591540064,"-"
"RBM3","chr17_42348517_42388278",1996.07108750157,"-"
"TRA2A","chr2_85696056_85698563",1995.94002841554,"+"
"HNRNPR","chr2_238188257_238189862",1995.88648222387,"-"
"KHDRBS1","chr20_64076954_64079293",1995.88533919858,"-"
"SAMHD1","chr14_22520478_22547505",1995.85170155307,"+"
"MBNL1","chr19_34226464_34227364",1995.58309996501,"-"
"LSM3","chr19_19635569_19636706",1995.24215301448,"-"
"EIF3G","chr5_70070751_70077018",1995.04311471788,"-"
"PARP10","chr22_36149371_36160668",1994.91208183282,"-"
"TEP1","chr20_1571137_1604741",1994.43382902119,"-"
"SAMD3","chr5_55102752_55107793",1994.36429842752,"-"
"ZC3H13","chr15_50309798_50354984",1993.54436835496,"-"
"PUM2","chr16_53492519_53492692",1993.04969570874,"-"
"RC3H1","chr17_5521012_5521523",1992.99960687084,"-"
"TTC14","chr12_28190641_28257201",1992.76613044768,"-"
"CSDE1","chr12_42332702_42335882",1992.5521956267,"-"
"G3BP1","chr16_50744866_50749575",1992.34512282873,"-"
"TRA2A","chr16_31201841_31202416",1992.03083371668,"-"
"ZRANB2","chr14_73921105_73923394",1992.01834957232,"-"
"PUM1","chr2_159712661_159729008",1991.8217492023,"-"
"SASH3","chr4_184638468_184649394",1991.75188397993,"-"
"SAMHD1","chr2_230245080_230245862",1991.65125747315,"-"
"RBM26","chr4_951258_951681",1991.12013348542,"-"
"EIF4B","chr5_146701142_146878001",1991.03981022846,"-"
"SASH3","chr2_71331875_71355718",1990.70532713015,"-"
"LSM3","chr14_91145313_91157638",1990.69977740181,"-"
"CPSF6","chr5_57236032_57237112",1990.1253359181,"-"
"LSM10","chr19_52781055_52786594",1989.98095135756,"-"
"EWSR1","chr2_97187401_97189086",1989.64913072141,"-"
"RBM8A","chr12_14956333_14961536",1989.62694000303,"+"
"HNRNPA2B1","chr12_42332702_42335882",1988.79106467049,"-"
"ACIN1","chr16_3065655_3065780",1988.6000834097,"+"
"HNRNPK","chr2_38748653_38749239",1988.56936824533,"-"
"SF1","chr21_41426263_41427205",1988.410822583,"-"
"LCP2","chr3_42621516_42627199",1987.99480194768,"-"
"PUM2","chr2_207560372_207567462",1987.91557884978,"-"
"LCP2","chr2_97122993_97127066",1987.73271015633,"-"
"POLR2G","chr6_152294127_152301868",1987.52564556605,"-"
"SASH3","chr12_14950724_14961536",1987.47091113004,"-"
"RBM3","chr15_63533918_63537024",1986.71745485325,"-"
"RBM34","chr19_18147017_18147442",1986.41312853842,"-"
"SNRPD1","chr13_37048599_37051487",1986.38473922055,"-"
"MATR3","chr6_116571655_116580294",1985.81014608934,"-"
"YBX1","chr2_24321880_24328051",1985.69063576256,"-"
"SNRPE","chr22_45328063_45328309",1985.27490892529,"+"
"RBM8A","chr2_73828996_73830844",1985.15675541686,"-"
"LARP4B","chr15_52564246_52568847",1984.97267739748,"-"
"SFPQ","chr3_50350984_50351408",1984.77191008742,"-"
"PCBP1","chr19_18001573_18008710",1984.36793669463,"+"
"POLR2G","chr16_31091342_31094556",1983.96668576326,"-"
"EWSR1","chr2_112652798_112657121",1983.87169088915,"-"
"HNRNPH1","chr22_26663398_26665456",1983.62546328539,"-"
"SNRPG","chr3_134482931_134485951",1983.61667586823,"-"
"CPSF6","chr12_47966229_47966682",1983.34144206384,"-"
"RPS3","chr22_17209723_17219355",1983.22780582929,"-"
"DHX8","chr21_8393441_8437652",1983.06994620392,"-"
"YBX1","chr2_97194754_97194844",1981.39868009238,"-"
"GTF3A","chr5_113515362_113524980",1981.05075883214,"-"
"RBM6","chr6_26411581_26412704",1980.8201020812,"-"
"PHC3","chr22_41784420_41793828",1980.50578167652,"-"
"SRRM1","chr2_11175009_11177736",1980.43845056682,"-"
"SCML4","chr1_111139711_111140037",1980.3464300065,"-"
"RBM3","chr1_24503117_24514313",1980.14680855863,"-"
"CPSF6","chr15_48331795_48332267",1979.78843513851,"-"
"MKRN1","chr15_80098578_80120327",1979.76410296455,"-"
"RPS3","chr2_63857718_63857828",1977.78790441676,"-"
"SLBP","chr22_41784420_41784607",1977.59771549157,"-"
"SAMD9","chr16_68302509_68304025",1977.54142254801,"-"
"ZGPAT","chr1_53889463_53889712",1977.16818940542,"-"
"THUMPD1","chr14_91170201_91173288",1976.78510451705,"-"
"ZFP36","chr2_189782602_189784268",1976.68731790181,"-"
"HNRNPM","chr1_160612580_160634612",1976.42380673699,"-"
"RBM39","chr1_159814292_159815535",1975.38435674902,"-"
"CSDE1","chr3_48927813_48933565",1975.29820972159,"-"
"SRRM2","chr3_42621516_42630545",1974.72632873462,"-"
"EIF3G","chr4_82355401_82356536",1974.30230979695,"-"
"RBM6","chr15_66494552_66497641",1974.23826446846,"-"
"MATR3","chr22_38752665_38754641",1973.95164707872,"-"
"HNRNPC","chr1_154966080_154966161",1973.7365049703,"-"
"ZFP36","chr3_134482931_134485319",1973.66219452953,"-"
"RPS3","chr2_48314814_48346200",1973.5652517144,"-"
"RBM3","chr2_98663179_98675034",1973.22297650786,"-"
"ZFP36L2","chr20_1630306_1649051",1973.21180809629,"-"
"SASH3","chr2_97560860_97580461",1973.18059894487,"-"
"HNRNPF","chr2_95910445_95914274",1972.9961668452,"+"
"PAN3","chr3_101372126_101398860",1972.76594985942,"-"
"FXR1","chr1_16635168_16643027",1972.58845489605,"-"
"ZNF638","chr17_19941010_19941825",1972.15190986395,"-"
"RBMS1","chr16_68266721_68274690",1971.88778123127,"-"
"RBM38","chr2_113197634_113197746",1971.76908422904,"-"
"RBM8A","chr1_44804501_44805265",1971.63074036577,"-"
"U2AF1","chr1_53852270_53860055",1971.5214789901,"-"
"EIF3G","chr17_43013379_43013475",1971.34946135649,"-"
"HNRNPR","chr2_159712661_159729008",1971.12868791064,"-"
"RBM23","chr16_69762391_69786995",1970.71704515884,"-"
"SAMD9","chr12_89492115_89525119",1970.56317945775,"-"
"SAMD9","chr19_16153208_16154398",1970.461849327,"-"
"RBM5","chr17_44322528_44322807",1970.13328310785,"-"
"NCL","chr14_89180806_89280949",1969.98595723884,"-"
"SNRNP70","chr3_42619708_42620015",1969.83818288371,"-"
"PCBP1","chr22_42514779_42515150",1969.76943574616,"-"
"TARDBP","chr17_73209768_73232085",1969.71824934227,"-"
"RPS3","chr19_9828064_9828326",1969.66372284543,"-"
"PABPC1","chr1_23971623_23971849",1969.56605518661,"-"
"TRMT1","chr2_97179766_97181597",1969.28803234298,"+"
"GRSF1","chr15_64075537_64088686",1969.02557317644,"-"
"SF3A1","chr19_10796199_10798485",1968.98741997543,"-"
"LSM4","chr2_97198491_97198585",1968.80010171283,"-"
"MBNL1","chr6_29888672_29943473",1968.55113464313,"-"
"RPS3","chr17_5515517_5517745",1968.43534449987,"-"
"RBM22","chr12_124911899_124913723",1968.114846512,"+"
"RBM42","chr2_86170841_86171207",1967.91932072915,"-"
"HNRNPA2B1","chr2_201138964_201140356",1967.88959058825,"-"
"CPSF6","chr19_34209051_34215595",1967.75341403822,"-"
"ARAP2","chr5_39202987_39217636",1967.4019533577,"-"
"RBM10","chr16_22513600_22513763",1967.35836935953,"-"
"PHC3","chr1_151760899_151762104",1967.33814655205,"-"
"ZC3HAV1","chr17_82814934_82870223",1967.33029176589,"-"
"LARP4B","chr14_89412490_89619027",1966.7107679999,"-"
"SRRT","chr17_82884936_82889667",1966.52586753145,"-"
"STIM2","chr1_161548675_161549010",1965.37262361278,"+"
"SAMD3","chr2_55577356_55579678",1965.29651053848,"-"
"SNRPD2","chr3_38129388_38131595",1965.04932838202,"-"
"HNRNPA1","chr22_39313729_39314106",1964.92486615006,"+"
"RPS3","chr2_87455645_87583257",1964.90889414418,"-"
"ZCRB1","chr14_100137802_100141179",1964.85076586907,"-"
"YTHDC1","chr21_37073364_37108391",1964.81582430986,"-"
"SAMD9","chr2_48314814_48346200",1963.67190564301,"-"
"SLTM","chr17_81682149_81683012",1963.4866523049,"-"
"LARP7","chr15_50424654_50439008",1963.30701828107,"-"
"SSB","chr14_73148106_73170796",1962.86540282427,"-"
"TARDBP","chr3_195662733_195663623",1962.81443521761,"-"
"G3BP2","chr17_78171054_78171738",1962.68392164006,"+"
"SNRPB2","chr17_63930385_63931334",1962.18085416939,"-"
"SSB","chr22_40552367_40636477",1962.15735296729,"-"
"RBM6","chr2_241268541_241315101",1962.03916526565,"-"
"SCML4","chr15_44672239_44672387",1961.95020578747,"-"
"SSB","chr2_97215497_97217176",1961.66922605751,"-"
"SRBD1","chr22_50250905_50251101",1961.63627830229,"-"
"FXR1","chr19_54449306_54451289",1961.37500116913,"-"
"PARP14","chr6_311962_345853",1961.27598202282,"-"
"ZC3H15","chr16_22519414_22523819",1961.25158807501,"-"
"TAF15","chr6_29725202_29928224",1961.22913706,"-"
"POLR2G","chr1_155668777_155670319",1961.22100513126,"-"
"RBM25","chr16_89727325_89729234",1960.9000488189,"-"
"HNRNPH1","chr17_35323268_35324653",1960.82276514634,"-"
"EWSR1","chr1_23109127_23168765",1960.57534511774,"-"
"RNPS1","chr2_171687627_171690146",1960.45870639386,"-"
"YBX1","chr18_13621271_13645126",1960.37807447731,"-"
"SCML4","chr15_72752892_72755555",1960.27112564489,"-"
"FUBP1","chr5_304221_314416",1960.19597115061,"-"
"RBM39","chr14_63853654_63909097",1959.89391561845,"-"
"PAN3","chr22_29748571_29766948",1959.87614995886,"-"
"EWSR1","chr5_146878195_146878700",1959.85419076497,"-"
"STIM1","chr5_140487060_140504820",1959.80086442058,"-"
"SF3A1","chr2_231711983_231712442",1959.79826156638,"-"
"LSM4","chr17_3925441_3928662",1959.76088135495,"-"
"RBM6","chr18_13621271_13645126",1959.65758002038,"-"
"HNRNPD","chr22_23791894_23793558",1959.51958925342,"-"
"RBM6","chr21_33595615_33595729",1959.51949577548,"-"
"PABPC1","chr1_75724817_75732643",1959.47171320495,"-"
"CIRBP","chr2_97560860_97576378",1959.03703465424,"-"
"SSB","chr16_70039100_70042350",1958.95790393748,"-"
"RBM17","chr19_17836051_17837128",1958.810918176,"-"
"SF3A1","chr2_37149023_37156907",1958.73599812401,"-"
"HNRNPA1","chr15_85583164_85585701",1958.56190524039,"-"
"RBM8A","chr12_56160670_56161386",1958.46710694891,"+"
"MATR3","chr15_92900824_92924320",1958.32098573004,"-"
"ZC3HAV1","chr2_218217254_218225919",1958.12806225863,"+"
"ZNF638","chr2_97181793_97217176",1957.79940418465,"+"
"PARP10","chr21_41426263_41427754",1957.76772278068,"-"
"TNKS2","chr6_106293106_106316100",1957.67071481305,"-"
"ZFP36L2","chr5_94053227_94074645",1957.52966524051,"-"
"ZFR","chr2_171061156_171081639",1957.48732094598,"-"
"ANKRD17","chr2_95918042_95921606",1957.2926796591,"+"
"MATR3","chr3_32955261_32955873",1956.93443116119,"-"
"SF1","chr1_155562295_155562778",1956.64557390642,"-"
"ZC3H13","chr2_134946465_134947735",1956.52415333634,"-"
"PCBP2","chr3_50332154_50337172",1956.34977131547,"-"
"RBM39","chr17_35515321_35522278",1955.97040239661,"-"
"EWSR1","chr14_24232847_24233218",1955.90062191079,"-"
"TIA1","chr17_64501143_64502009",1955.45421916093,"+"
"HELZ","chr18_36787079_36798448",1955.42323815572,"-"
"RBM3","chr1_25243633_25245149",1955.31652425219,"-"
"ZNF638","chr2_233273052_233273720",1954.61296344429,"-"
"NCBP2","chr21_44910372_44910599",1954.35028354665,"+"
"RPS3","chr12_7827682_7930479",1953.69477636974,"+"
"RBM6","chr5_93964523_94053125",1953.56408188302,"-"
"NCBP2","chr21_42288073_42288210",1953.31768458151,"-"
"ZC3H13","chr2_24321880_24328051",1953.01716952351,"-"
"RPS3","chr2_112652798_112652888",1952.88168527663,"-"
"SAMHD1","chr1_45661225_45686411",1952.85139072702,"-"
"G3BP1","chr3_152300367_152300880",1952.57776093772,"-"
"HNRNPK","chr12_53462567_53465931",1952.19268961335,"-"
"SLTM","chr12_48662654_48667692",1952.03730881789,"-"
"MKRN1","chr20_62303049_62303567",1951.91842226625,"-"
"TRA2B","chr2_27772692_27774423",1951.45499756943,"-"
"MCM3AP","chr3_170178938_170181686",1951.36887148257,"-"
"PAN3","chr3_170178938_170181686",1951.25508119154,"-"
"NCL","chr2_85591864_85592947",1951.01531413629,"+"
"TTC14","chr22_45328145_45328309",1950.98983663199,"+"
"G3BP1","chr2_97164311_97167576",1950.65470634981,"-"
"SAMD9","chr6_29944179_29957495",1950.21946705552,"-"
"RPS3","chr17_16440253_16441367",1949.60594536004,"-"
"ARAP2","chr16_57647012_57650252",1949.40725247021,"-"
"HNRNPA3","chr17_37579434_37584647",1949.20261299213,"-"
"RBMS1","chr5_146701142_146878001",1949.16582889614,"-"
"YBX1","chr22_40400813_40402138",1949.02834099866,"-"
"TRMT1","chr1_1722634_1722707",1948.97139991333,"-"
"ZFP36","chr14_22522102_22547505",1948.25010671856,"-"
"FUS","chr2_230245080_230245862",1948.02352647117,"-"
"ZC3HAV1","chr12_56160320_56161386",1947.97331128482,"-"
"FUS","chr19_18557914_18562035",1947.86558158605,"-"
"ZC3HAV1","chr22_50190648_50193026",1947.480048621,"-"
"LARP7","chr6_29944221_30008286",1947.1211472004,"-"
"U2AF1L4","chr3_16303592_16319460",1946.85330488627,"-"
"HNRNPC","chr12_48923604_48923781",1946.26221575318,"-"
"ZC3H7A","chr3_185926734_185937824",1945.67884215901,"-"
"HNRNPC","chr14_49828807_49829053",1945.6353135013,"-"
"HDLBP","chr3_52246812_52247681",1945.52141909641,"-"
"SAMD9","chr17_43013373_43013475",1945.28297004449,"-"
"RNPS1","chr12_6602175_6602375",1944.95520856879,"-"
"MATR3","chr3_105678571_105681723",1944.89504696228,"-"
"SASH3","chr3_47810711_47815962",1944.88677773354,"-"
"SNRPD2","chr2_11172045_11177736",1944.77062168594,"-"
"PARP10","chr5_57214193_57221375",1944.60005506141,"-"
"LSM3","chr1_30980163_30981311",1944.56352377177,"-"
"RBM8A","chr2_177234271_177264531",1944.50536934433,"-"
"CIRBP","chr19_17838390_17839476",1944.07405225407,"-"
"YTHDF3","chr17_63699395_63700031",1943.7510702469,"-"
"G3BP1","chr4_53377923_53379072",1943.4366202436,"-"
"RPS3","chr4_53428183_53442652",1943.38771628996,"-"
"NCBP2","chr14_23567319_23567738",1942.73095339382,"-"
"SAMHD1","chr3_49809159_49809541",1942.67735027963,"-"
"MBNL1","chr19_9828064_9828326",1942.42736270467,"-"
"RC3H1","chr12_55914366_55927724",1942.37243371807,"-"
"HNRNPM","chr17_82884202_82889667",1942.33027216072,"-"
"RBM17","chr20_4686508_4699210",1942.07505193164,"+"
"ANKRD17","chr16_31701858_31702534",1941.97101231982,"-"
"SAMD9L","chr3_101372126_101417592",1941.81617122991,"-"
"HNRNPA1P4","chr6_29725202_29829589",1941.38561256887,"+"
"EPHA1","chr3_39266518_39281608",1941.14769180982,"+"
"FUS","chr20_62303045_62303567",1941.04781445406,"-"
"HNRNPC","chr17_6641227_6641752",1940.82013680917,"-"
"U2AF1","chr6_31644194_31644524",1940.78546578848,"+"
"MATR3","chr14_105056166_105057166",1940.69204511631,"-"
"PCBP1","chr21_8393926_8438136",1940.50951898933,"+"
"SASH3","chr17_63929888_63931334",1940.27751030962,"-"
"RPS3","chr13_113178008_113178173",1939.87309656891,"-"
"ZFP36L2","chr17_63931388_63932194",1939.30659930165,"-"
"HNRNPD","chr1_206909858_206910209",1939.18766937783,"+"
"TARDBP","chr5_151772036_151786602",1939.15514052134,"-"
"SAMD9","chr5_113515362_113524980",1939.07094782433,"-"
"HNRNPH2","chr19_18899709_18899872",1938.64706171842,"+"
"RBM5","chr15_34528747_34529017",1938.35690349311,"-"
"SNRPD2","chr1_11746223_11747439",1938.35025925707,"-"
"HNRNPC","chr21_41426263_41427754",1938.07990621104,"-"
"SASH3","chr17_37577613_37584647",1938.06846679097,"-"
"HNRNPK","chr6_26443442_26443569",1937.79915472672,"-"
"HNRNPL","chr13_20863123_20868595",1937.77826001957,"-"
"HNRNPD","chr6_29944221_30008286",1937.52675329883,"-"
"NONO","chr13_42919332_42926335",1937.40322112125,"-"
"RBM3","chr1_32327458_32327535",1937.3270011408,"-"
"CIRBP","chr2_74527121_74527247",1936.57919389247,"-"
"HNRNPF","chr4_88277243_88278143",1936.50638614472,"-"
"TMEM63A","chr14_24606746_24607611",1936.39383903232,"-"
"U2AF1","chr2_97118517_97142639",1936.14639804808,"-"
"ZC3H4","chr16_29447026_29454015",1936.04508126648,"-"
"PAN3","chr2_169584490_169603641",1936.01368785581,"-"
"NONO","chr17_82019381_82019857",1936.01192185131,"-"
"SAMSN1","chr2_161160484_161179613",1935.83991997397,"-"
"HNRNPK","chr2_68782320_68807272",1935.81891193187,"-"
"ZC3H12A","chr14_91114283_91157638",1935.5307459842,"-"
"ZRANB2","chr1_32327458_32327535",1935.50665487782,"-"
"YBX1","chr17_7393836_7394103",1935.48097252159,"-"
"SAMD3","chr19_35739769_35741023",1935.40852767284,"-"
"RBM5","chr1_174800500_174811831",1935.30714754625,"-"
"MBNL3","chr2_175118369_175121443",1934.76521167054,"-"
"SRRM2","chr18_26035923_26038554",1934.36027839437,"-"
"HNRNPK","chr2_97118517_97142639",1934.3382370558,"-"
"RBM17","chr5_149513209_149517793",1934.30127266342,"-"
"SAFB2","chr2_203266681_203278572",1934.06917886879,"-"
"SNRPE","chr2_218235044_218238663",1933.79465235175,"+"
"PTBP2","chr2_95918042_95921606",1933.7289808101,"+"
"LCP2","chr1_2393355_2395783",1933.44006434198,"-"
"HNRNPK","chr17_81891833_81894466",1932.82838982543,"-"
"MBNL1","chr2_108469084_108469299",1932.7399932795,"-"
"EIF4H","chr16_22519414_22523819",1932.59896483691,"-"
"PTBP1","chr15_44380976_44413335",1932.59563107215,"-"
"RBMX","chr1_206905147_206909724",1932.36595429321,"-"
"HNRNPK","chr19_18538436_18539370",1931.35520007836,"-"
"NONO","chr14_55580354_55612018",1931.33213868363,"-"
"GRSF1","chr16_29050562_29050671",1931.30288845197,"+"
"EWSR1","chr1_154219937_154220341",1930.36244927093,"-"
"ZFP36","chr15_58899937_58901259",1930.26522387741,"-"
"HNRNPA3","chr17_81891841_81893551",1930.21482019411,"-"
"EWSR1","chr3_146525647_146528613",1930.04985405554,"-"
"HNRNPA3","chr22_41781845_41793828",1930.00868854425,"-"
"ZC3H15","chr2_97206135_97211545",1929.94857591775,"+"
"PUM1","chr22_40400813_40402138",1929.69144392561,"-"
"EIF2S1","chr17_35587597_35594007",1929.57574780445,"-"
"PCBP1","chr19_3054037_3054119",1929.54098825124,"-"
"RPS3","chr1_156816063_156816674",1929.19715692688,"-"
"WDSUB1","chr2_97124597_97127066",1929.0928379603,"-"
"TRA2A","chr4_4268615_4273582",1928.68988394698,"-"
"RC3H1","chr5_180793097_180802679",1928.51724701524,"-"
"SASH3","chr18_13643412_13645126",1928.42421311698,"-"
"CARHSP1","chr6_30489995_30490239",1928.11168352997,"-"
"PPP1R10","chr15_101285801_101286907",1927.53230283335,"-"
"RBM6","chr2_127051243_127057472",1927.35185540602,"-"
"SRRM1","chr12_6551001_6555256",1927.14282089392,"-"
"NCL","chr6_29890296_29890438",1926.72478581745,"+"
"CIRBP","chr17_35670898_35671753",1926.61430934094,"-"
"HELZ","chr18_3247909_3253232",1926.55111977251,"-"
"PARP14","chr12_57107314_57108162",1926.46265970126,"-"
"HNRNPH2","chr1_110891471_110899123",1926.30618142871,"+"
"ZFP36L2","chr20_5106222_5109331",1926.2912573253,"-"
"CIRBP","chr2_27212607_27213176",1925.97892235695,"-"
"RBMXL1","chr12_6652767_6652935",1925.59974299746,"-"
"HNRNPA1P4","chr1_149531742_149537099",1925.32393898817,"+"
"ZFR","chr20_17680075_17682027",1924.78895598125,"-"
"U2AF1","chr2_97560860_97580461",1924.72330712892,"-"
"SNRPD2","chr1_1657302_1657374",1924.62785523628,"-"
"KRR1","chr16_208188_220648",1924.38488937295,"-"
"CSDE1","chr21_8394053_8438264",1924.37647968988,"+"
"UHMK1","chr20_1571137_1604741",1924.30878210678,"-"
"KRR1","chr17_78419725_78424060",1924.15028820682,"-"
"PHC3","chr3_48927813_48945135",1924.14097913548,"-"
"LSM10","chr19_39333126_39335434",1923.82102658992,"+"
"RBM8A","chr21_39345958_39348291",1923.49024085223,"-"
"HNRNPK","chr2_97198491_97204190",1923.19276534634,"+"
"G3BP1","chr19_18572607_18573292",1923.15564387929,"-"
"PHC3","chr13_52661570_52662648",1922.52851820473,"-"
"TIA1","chr12_31959900_31960776",1922.49612686646,"+"
"TRMT2A","chr1_40040783_40059336",1922.27488871702,"+"
"MBNL1","chr4_4268615_4273582",1921.97511834414,"-"
"SNRPC","chr2_95918042_95921606",1921.86924439144,"+"
"RBM25","chr15_101286293_101286907",1921.85732516297,"-"
"EIF3G","chr17_82244831_82248874",1921.76808889028,"-"
"SNRPG","chr17_48182457_48187842",1921.67805199677,"+"
"GTF3A","chr2_97122993_97127066",1920.41533321581,"-"
"SNRPE","chr22_29288786_29292136",1920.3797555583,"-"
"TIAL1","chr1_7852923_7853306",1920.18432420007,"-"
"MATR3","chr5_94053227_94074645",1920.05954916299,"-"
"SAMSN1","chr14_23567315_23567738",1920.01018193342,"-"
"THUMPD1","chr16_3068010_3068179",1919.88776117618,"-"
"RBM3","chr2_97187226_97189217",1919.54352045606,"+"
"SRRM1","chr22_46337944_46343261",1919.50921598651,"-"
"ANKRD17","chr22_32475124_32478980",1919.12694989304,"-"
"HNRNPL","chr1_1722634_1722707",1919.0708569001,"-"
"SNRPB","chr2_241150547_241157806",1918.926381755,"-"
"SRRM2","chr15_48331795_48332267",1918.91325183796,"-"
"SSB","chr2_111344237_111367486",1918.47221734031,"-"
"MATR3","chr2_97209709_97209799",1918.19610713289,"-"
"HNRNPA1P4","chr19_18538433_18539370",1917.80796151408,"+"
"SNRPC","chr1_244835756_244842194",1917.60838930835,"-"
"HNRNPA1","chr12_53462567_53465931",1917.27885994785,"-"
"RC3H1","chr12_66138165_66138723",1917.13731183683,"+"
"EIF4B","chr14_63853080_63909097",1917.1262618337,"-"
"MATR3","chr12_124913111_124913339",1916.52221546585,"+"
"SF3A1","chr2_230417665_230440475",1916.43062098405,"+"
"RBM8A","chr5_154941265_154956370",1916.25841275577,"-"
"G3BP2","chr2_171081708_171082780",1916.16983636523,"-"
"CSDE1","chr2_207560372_207567462",1916.14973048251,"-"
"CIRBP","chr6_30577913_30578075",1916.00759372439,"-"
"MATR3","chr22_32475124_32478980",1915.44165984378,"-"
"FUBP1","chr3_88055999_88057190",1915.4252890726,"-"
"LARP4B","chr17_5517887_5521523",1915.3981171227,"-"
"HNRNPR","chr2_230176724_230177537",1915.26039584654,"-"
"SCML4","chr17_81891833_81893551",1915.22859789608,"-"
"SGMS1","chr1_161548675_161549010",1915.17484744812,"+"
"SNRNP35","chr2_95938901_95938986",1914.50121513741,"-"
"SAMD3","chr1_160491388_160523143",1914.40398339602,"-"
"ZRANB2","chr22_36149142_36160668",1914.21855477445,"-"
"RFTN1","chr1_25243633_25245149",1913.89895972561,"-"
"LARP4","chr1_110895055_110899123",1913.56359890009,"+"
"KRR1","chr16_30309033_30334974",1913.53718290783,"+"
"U2AF1","chr21_6487412_6493043",1913.32026335926,"-"
"HNRNPC","chr1_181052510_181053572",1913.31783463045,"-"
"RBM5","chr12_57107743_57108162",1913.09014616001,"-"
"LSM1","chr16_22533836_22533950",1912.83426868406,"+"
"GTF3A","chr17_35587428_35594007",1912.66207275022,"-"
"G3BP1","chr2_134946146_134947735",1912.35027187442,"-"
"ARAP2","chr22_26663398_26665530",1912.25193372909,"-"
"PNPT1","chr2_27369209_27369413",1911.71580331298,"-"
"RBM17","chr3_71112637_71130497",1911.65644941306,"-"
"HNRNPA1","chr16_57134826_57146084",1911.58938935768,"-"
"YTHDF2","chr6_106293106_106308363",1911.39451056056,"-"
"SAFB2","chr16_69120649_69121435",1910.82395420085,"-"
"RBM7","chr14_23567315_23567738",1910.4493762816,"+"
"SUPT6H","chr1_110950123_110963620",1910.27435657504,"-"
"GTF3A","chr17_82019694_82019857",1909.70860790128,"-"
"SAMD9","chr5_151063747_151080879",1909.52662345221,"-"
"TARDBP","chr5_151063747_151064959",1909.3293686655,"-"
"SNRPD2","chr1_46688544_46689586",1909.1523481837,"-"
"SFPQ","chr1_206584684_206586825",1909.08157443636,"-"
"RBM8A","chr17_64824872_64829160",1908.98237338164,"-"
"PPIE","chr14_49828787_49829053",1908.9041740526,"-"
"EIF4H","chr1_7850922_7853306",1908.62106267282,"-"
"ZC3H14","chr21_8393174_8437384",1908.5389688036,"-"
"SAMD9","chr4_87047594_87084122",1908.33827689194,"-"
"FUS","chr16_50674074_50675769",1908.26114875163,"-"
"HNRNPC","chr3_50100051_50103082",1907.91405698918,"-"
"YTHDC1","chr1_42457073_42457246",1907.67502991543,"-"
"NONO","chr2_48314814_48346200",1907.28400095504,"-"
"HNRNPA1","chr16_68266721_68274690",1907.27129198459,"-"
"SCML4","chr1_160244034_160262448",1907.11369101129,"-"
"RBMS1","chr12_57107314_57108162",1906.99379510145,"-"
"HNRNPH3","chr12_79798584_79807225",1906.97193015795,"-"
"TRA2A","chr5_151063747_151064959",1906.77862839282,"-"
"EWSR1","chr17_63931388_63932194",1906.72910333161,"-"
"SNRPD2","chr17_58005041_58005800",1906.0702954153,"-"
"FUS","chr2_230200965_230207990",1906.01579747803,"-"
"GRSF1","chr2_99171646_99173413",1905.9661633718,"-"
"HNRNPH1","chr12_8940869_8942415",1905.80776835131,"-"
"YTHDC1","chr12_55932123_55936422",1905.59746634998,"+"
"RNPC3","chr1_154219937_154220341",1905.36432783283,"-"
"RFTN1","chr1_91720230_91721954",1905.36087824836,"-"
"PABPC3","chr2_175118369_175130137",1905.28316361043,"-"
"SAMSN1","chr5_134143640_134146200",1904.90740832351,"-"
"SASH3","chr6_32127750_32128125",1904.70219221812,"-"
"LSM10","chr4_153583672_153584837",1904.6609723336,"-"
"RFTN1","chr2_97538363_97540033",1904.64555911501,"-"
"EIF4H","chr17_44212006_44212818",1904.51534274179,"-"
"ZC3H7A","chr5_10258303_10258383",1904.49235560949,"+"
"HNRNPL","chr12_124913190_124913646",1904.32668056408,"+"
"NAA38","chr4_951258_951681",1904.12500904191,"-"
"SASH3","chr12_56158711_56159974",1903.62024962817,"+"
"HNRNPA3","chr22_41781845_41793828",1903.29037685933,"-"
"ANKRD17","chr1_151310255_151315572",1903.22846781756,"-"
"SNRPB2","chr18_26035923_26038554",1903.11228778994,"-"
"HNRNPR","chr20_64076954_64079293",1902.6888173998,"-"
"HNRNPK","chr3_184245812_184248781",1902.37033002927,"-"
"ZFP36","chr12_56158711_56159974",1902.1001712395,"+"
"ZRANB2","chr2_241097427_241102252",1901.78398616442,"-"
"RBM6","chr1_31911826_31918969",1901.52544853204,"-"
"PUM2","chr17_82246039_82248874",1901.43834856388,"-"
"SRRM2","chr1_77967101_77967626",1901.07090335811,"-"
"ARAP2","chr1_207767195_207770320",1900.86692829608,"-"
"RNPS1","chr2_224931668_224946846",1900.54119420222,"-"
"EIF4B","chr2_12723552_12740325",1900.49839206109,"-"
"TRA2A","chr1_235829036_235830225",1900.20902643334,"-"
"SNRPG","chr19_42217045_42217631",1899.54329154541,"-"
"ZC3HAV1","chr12_53467293_53468776",1899.33554036298,"-"
"RBM38","chr1_77721925_77722023",1898.90167598151,"-"
"TRA2A","chr2_97142668_97144517",1898.40694257948,"-"
"RPS3","chr16_2752846_2757471",1898.13009877528,"+"
"CCAR1","chr2_112652798_112657121",1897.77263066487,"-"
"TMEM63A","chr1_151310255_151315572",1897.44734512043,"-"
"NCBP2","chr6_29888672_29934217",1897.12246135505,"+"
"SF3A1","chr17_76727213_76732977",1897.05092788997,"-"
"TMEM63A","chr12_124911899_124913495",1896.58503993395,"+"
"TTC14","chr2_95938901_95938986",1896.58227345385,"-"
"SNRPG","chr22_45328145_45328309",1896.52864355259,"-"
"SF1","chr6_11213727_11232503",1896.40529651877,"-"
"PRPF3","chr5_112864732_112867371",1896.30176218154,"-"
"RBM12","chr12_47966229_47966682",1895.89939589907,"-"
"SNRPB","chr15_50725323_50726320",1895.79129751025,"-"
"RBM5","chr3_12604289_12606200",1895.54967505908,"-"
"RBM6","chr2_97725242_97732882",1895.52110905643,"-"
"TMEM63A","chr20_4686512_4699210",1895.42175957899,"-"
"HELZ","chr22_17212578_17219355",1895.19581157503,"-"
"ZNF638","chr2_97538363_97558798",1894.95403733771,"-"
"LCP2","chr22_26666937_26668157",1894.91036031962,"-"
"SF1","chr5_179614959_179616125",1894.90755191154,"-"
"PARN","chr1_110895055_110897808",1894.89495569345,"+"
"SRRM1","chr13_19675653_19677723",1894.11402757617,"-"
"ZFR","chr22_25448284_25455711",1894.0426563168,"-"
"SASH3","chr16_57641708_57650252",1893.89864339006,"-"
"ZFP36","chr5_50668125_50744735",1893.81170351679,"-"
"STIM2","chr20_28601756_28602608",1893.79979915872,"+"
"RBM17","chr16_70514509_70517625",1893.0514844704,"-"
"SF1","chr22_32475124_32479132",1892.59366582829,"-"
"RBM5","chr17_82814934_82870223",1892.52974142651,"-"
"ZFP36","chr1_209760324_209762514",1892.10310105628,"-"
"HNRNPH1","chr14_22549682_22551604",1891.97208602479,"-"
"SAMD9","chr17_63929888_63931334",1891.7282956585,"-"
"RBM3","chr17_7393364_7393466",1891.63103994532,"-"
"SF3A1","chr20_45416694_45419294",1891.5107666896,"-"
"LARP4B","chr1_175007196_175008608",1891.2025398708,"+"
"LSM4","chr1_26363134_26364531",1891.05569502856,"+"
"SRRT","chr16_3065494_3065783",1890.86075191532,"+"
"ZFP36L2","chr4_88277243_88278143",1890.77791118204,"-"
"RPS3","chr3_114299703_114307897",1890.69376817238,"-"
"HNRNPR","chr1_20780540_20787194",1890.57376901755,"-"
"PTBP1","chr2_108449289_108449632",1890.51868410506,"-"
"CIRBP","chr22_17209723_17219355",1890.49151157233,"-"
"PCBP1","chr5_140464776_140482579",1890.34384153396,"-"
"NCBP2","chr21_8393177_8437384",1890.03761801929,"+"
"POLR2G","chr6_29889500_29896822",1889.97504499079,"-"
"SASH3","chr4_48089824_48094076",1889.64990512056,"-"
"HNRNPH3","chr17_63929888_63931334",1889.61714202135,"-"
"MBNL1","chr2_27772692_27779432",1889.53220036474,"-"
"PABPC1","chr1_7852923_7853306",1889.09798237071,"-"
"ZCCHC17","chr16_4454927_4455545",1889.09090811475,"-"
"RNF113A","chr5_71062796_71067654",1888.37793416663,"+"
"TARDBP","chr2_201233554_201234015",1888.35789972593,"-"
"RALY","chr12_28255662_28257201",1888.00004981437,"-"
"NONO","chr1_7961735_7962762",1887.94711797526,"-"
"FUS","chr19_11447618_11447692",1887.6527034364,"-"
"ZFP36","chr6_31269525_31355316",1887.60017555768,"+"
"GTF3A","chr20_36614437_36615224",1887.40979602986,"-"
"RBM6","chr6_118632611_118651196",1887.0840545611,"-"
"HNRNPA1","chr1_46310044_46310154",1886.88594146191,"-"
"MBNL1","chr6_31354665_31355316",1886.87706254696,"-"
"SAMHD1","chr22_24276803_24302194",1886.8332237864,"-"
"ARAP2","chr2_86170844_86171207",1886.35301648622,"-"
"RBM8A","chr20_18507972_18510821",1886.33455159206,"-"
"SNRPG","chr6_152180294_152189251",1886.19238782124,"-"
"SNRPD2","chr1_30739937_30742455",1885.64099595254,"+"
"RBM26","chr2_73828996_73830844",1885.32594976021,"-"
"LCP2","chr17_48182457_48187842",1885.08367584878,"-"
"HNRNPAB","chr2_108469332_108469650",1885.03203382656,"-"
"HNRNPH1","chr2_85596649_85597103",1884.98788424611,"+"
"HNRNPA2B1","chr2_197399038_197400054",1884.91023595974,"+"
"PARP14","chr22_26663398_26665530",1884.81210023801,"-"
"FUS","chr2_101004308_101005958",1884.59824527886,"+"
"EIF4H","chr2_112652947_112657121",1884.55969844617,"-"
"SLTM","chr6_116571655_116580294",1884.39631900367,"-"
"RBM6","chr1_35178036_35187000",1883.79264612968,"-"
"CSDE1","chr2_207560372_207567462",1883.11143699964,"-"
"RBM39","chr19_54449310_54451289",1883.02998275128,"-"
"RBM5","chr21_8393485_8437694",1882.97392234356,"-"
"CPSF7","chr2_238194331_238194781",1882.51468794294,"-"
"RBMX","chr2_169584497_169603641",1882.4869651162,"-"
"FUBP1","chr2_97164311_97164396",1882.19788221663,"-"
"PARN","chr2_97202230_97206062",1881.68028425836,"+"
"RALY","chr17_7393364_7393466",1881.2701333582,"-"
"SAMD9L","chr12_9656697_9656920",1880.83706234044,"-"
"ZFP36","chr2_230200965_230207990",1880.77406478716,"-"
"CARHSP1","chr5_146701142_146878001",1880.76809477419,"-"
"G3BP1","chr22_32475124_32479132",1880.7543210141,"-"
"MATR3","chr2_113439117_113441350",1880.74258381695,"-"
"HNRNPF","chr1_45551155_45561788",1880.70819413022,"-"
"TNKS2","chr2_74491672_74492003",1880.66067161404,"-"
"SAMD9","chr13_42889242_42895008",1880.34870367409,"-"
"RPS3","chr1_116760460_116764483",1880.28996130524,"-"
"CSDE1","chr3_10115819_10118905",1880.07698364487,"-"
"NCL","chr2_97194917_97196592",1880.06507351071,"-"
"MBNL1","chr22_20551166_20551435",1879.65627980373,"-"
"RBM6","chr15_92900824_92924320",1879.14357466547,"-"
"HNRNPH3","chr21_33599285_33602233",1878.82725308195,"-"
"SRRM2","chr5_179618323_179620891",1878.78089625331,"-"
"TNKS2","chr5_138018514_138021030",1878.71198646565,"-"
"HNRNPH1","chr16_68302501_68304025",1878.70764796987,"-"
"CSDE1","chr1_16635168_16643027",1878.40140227346,"-"
"PABPC1","chr5_134139038_134140795",1878.3526766019,"-"
"TRA2A","chr17_42568559_42568836",1878.2001474576,"-"
"PSPC1","chr22_20575232_20582610",1878.15662219256,"-"
"LCP2","chr22_38486440_38487878",1878.06776349612,"-"
"RBMXL1","chr1_88969467_88992584",1878.02163212815,"-"
"ZFP36L1","chr17_63931388_63932194",1877.76724725282,"-"
"SCML4","chr2_63857718_63857828",1877.71719024942,"-"
"CSDE1","chr12_48660619_48667692",1877.63951996279,"-"
"G3BP1","chr2_97558994_97560831",1877.62295371376,"-"
"SASH3","chr2_97206135_97211545",1877.3489525771,"+"
"HNRNPH3","chr1_6026445_6040516",1877.3092967742,"-"
"LCP2","chr5_55102752_55107793",1877.14719005322,"+"
"LSM2","chr3_50103166_50105076",1876.41451589738,"-"
"SAMD3","chr16_57647012_57650252",1876.35531547409,"+"
"HNRNPH1","chr14_24606746_24607611",1875.83348553149,"+"
"G3BP2","chr2_95910445_95910539",1875.80498494883,"-"
"ARAP2","chr12_55914366_55927724",1875.52396135823,"-"
"HNRNPK","chr17_35323268_35324653",1875.51199000966,"-"
"HNRNPH3","chr14_91866625_91867261",1875.42552028384,"-"
"ZNF638","chr4_189952287_189957397",1875.34680556774,"+"
"SAMD9","chr17_82246039_82248874",1874.76880240094,"-"
"ZFR","chr2_38577532_38581912",1874.57225593554,"-"
"G3BP1","chr20_63873816_63882718",1874.243609457,"-"
"G3BP1","chr14_73355766_73409936",1873.36137008882,"-"
"SF1","chr6_118632611_118651196",1873.04441879242,"-"
"RPS3","chr2_97202230_97206062",1873.02419562569,"-"
"FUBP1","chr17_41913900_41918879",1872.96331155828,"-"
"SAMHD1","chr19_17836954_17837128",1872.60700277357,"-"
"SNRPD2","chr21_8393174_8437388",1872.57575904113,"+"
"RBM25","chr1_225786985_225789239",1872.41226044202,"-"
"ZC3H4","chr2_174585611_174682773",1872.11803297443,"-"
"ARAP2","chr2_207560372_207567462",1872.02694805047,"-"
"ZC3HAV1","chr2_85327273_85327441",1871.97062916237,"-"
"NCL","chr5_151063747_151080879",1871.79545220454,"-"
"PCBP1","chr1_204532246_204538208",1871.687562178,"-"
"RBM3","chr2_207560372_207567462",1871.39520772456,"-"
"HNRNPH2","chr1_174752354_174811831",1871.33149122194,"-"
"SRRM1","chr13_42889242_42895008",1871.1786138656,"-"
"RNPS1","chr17_2041875_2042604",1871.1314504142,"-"
"PCBP1","chr20_1571137_1604741",1870.99139290187,"-"
"SNRPD2","chr1_24503150_24514313",1870.86172395924,"-"
"TIPARP","chr16_208188_220648",1870.79022362023,"-"
"ZC3HAV1","chr22_43151604_43161051",1870.31086918957,"+"
"UPF3B","chr2_97179766_97181597",1869.98390533305,"+"
"RNPS1","chr22_29748571_29766948",1869.922668192,"-"
"ZFP36L1","chr12_56158711_56159974",1869.87299104237,"+"
"HNRNPR","chr15_58899883_58901259",1869.78515184227,"-"
"CCAR1","chr17_45404334_45404444",1869.71436942424,"-"
"PUM1","chr16_30698461_30699907",1869.53488945156,"-"
"HNRNPK","chr2_227352573_227355676",1869.46118306906,"-"
"G3BP1","chr5_57214193_57221375",1869.36282574253,"-"
"RBM12","chr2_85327273_85327441",1869.30408301556,"-"
"SFPQ","chr2_38577532_38577919",1869.15128827304,"-"
"RBMS1","chr22_50250905_50250973",1869.13192287181,"+"
"HNRNPC","chr2_97179766_97179860",1869.01341875225,"-"
"YTHDC1","chr19_18430930_18431646",1868.90235874212,"-"
"NOL8","chr2_99171646_99173413",1868.4746751628,"-"
"GTF3A","chr12_7827682_7930479",1868.47308982469,"+"
"PABPC3","chr2_233273777_233274675",1868.32058589396,"-"
"KIN","chr3_134482931_134485319",1867.88767263732,"-"
"HNRNPH1","chr12_57107743_57108162",1867.88298760224,"-"
"RALY","chr22_26663398_26665456",1867.7875414253,"-"
"LSM1","chr16_69566374_69626402",1867.77219277834,"-"
"NONO","chr2_127050912_127059010",1867.36637067649,"-"
"YTHDC1","chr19_11447618_11447692",1867.03253187118,"-"
"HNRNPR","chr17_7015156_7016494",1867.02186934549,"-"
"ARAP2","chr22_26666937_26668157",1866.99632875461,"-"
"RBMXL1","chr22_43151604_43161051",1866.48539835098,"-"
"NCL","chr17_64501143_64502009",1866.45991815532,"+"
"CSDE1","chr16_2752846_2756333",1866.31139733007,"-"
"RBM39","chr22_38486440_38487878",1865.83296619507,"-"
"SSB","chr2_9474647_9478221",1865.71146809301,"-"
"ZFP36","chr16_57641708_57650252",1865.28747133941,"-"
"LCP2","chr12_9009513_9058091",1865.05290957051,"-"
"MSI2","chr17_45404334_45404444",1864.99551209737,"-"
"SNRPD1","chr17_3668899_3669097",1864.97958492463,"-"
"SF3A1","chr1_161548678_161549010",1864.71912495205,"-"
"TARDBP","chr6_31532911_31534485",1864.52780030065,"-"
"ZC3HAV1","chr15_58899937_58901259",1864.05942705354,"-"
"PCBP1","chr19_54449310_54451289",1863.76377361237,"-"
"PNPT1","chr1_92832117_92833544",1863.7635719863,"+"
"SNRPF","chr17_41689941_41690087",1863.7594797458,"-"
"FUS","chr12_6551001_6555256",1863.74782903263,"-"
"PABPC1","chr14_24633075_24634105",1863.68941796735,"-"
"LCP2","chr2_97179766_97181597",1863.42693015486,"-"
"RRP7A","chr12_124912427_124913339",1863.27465175733,"+"
"GTF3A","chr17_76559043_76561287",1862.78779305491,"-"
"HNRNPK","chr2_68047319_68062944",1862.68694355662,"-"
"NCL","chr17_82019381_82019857",1862.45362536628,"-"
"EIF4H","chr21_42413523_42416441",1862.3686247058,"-"
"HNRNPC","chr6_29888672_29934217",1862.28982265542,"-"
"EWSR1","chr2_98663179_98663340",1861.88686474605,"-"
"NONO","chr22_50250905_50250973",1861.70675877576,"+"
"SLTM","chr2_111344237_111367486",1861.6133132046,"-"
"RBM26","chr13_113178008_113178173",1860.91660800608,"-"
"CPSF6","chr2_48328702_48346200",1860.86713901668,"-"
"SNRPN","chr3_180985996_180988022",1860.63953965793,"-"
"RBM19","chr3_33072713_33096718",1860.2980530034,"-"
"ZNF638","chr3_114974416_115071218",1860.2407432382,"-"
"HNRNPR","chr14_45247377_45253034",1860.10052219264,"-"
"SLTM","chr1_24663224_24666814",1860.05159478819,"-"
"PARP10","chr5_79641196_79642831",1859.96804565058,"-"
"NCL","chr3_114693575_114710267",1859.874190043,"-"
"SNRPE","chr12_6461390_6462033",1859.72209901108,"-"
"NONO","chr22_50250905_50251101",1859.60266067468,"-"
"GTF3A","chr14_91114994_91157638",1859.32290113806,"-"
"PRPF3","chr2_97181793_97217176",1859.14373107267,"+"
"RNPS1","chr13_51797908_51799533",1859.09710441696,"-"
"ZC3H7A","chr2_241097427_241102252",1858.63512940985,"-"
"MBNL1","chr19_42217045_42217631",1858.61517769979,"-"
"NCBP2","chr19_52778907_52786594",1858.34344584628,"-"
"EIF4B","chr14_55601880_55612018",1858.30338940579,"-"
"RPS3","chr12_124912734_124913646",1858.27716126094,"-"
"TARDBP","chr1_235813061_235830225",1857.20868714813,"-"
"PARP10","chr21_8393443_8437652",1856.83560017541,"+"
"NCL","chr2_97560860_97576378",1856.74625811298,"-"
"SASH3","chr2_86171312_86173649",1856.59199812124,"-"
"RPS3","chr2_38698436_38729555",1856.49175504038,"-"
"GRSF1","chr1_1655484_1657374",1856.37161433776,"-"
"SAMD3","chr4_4268615_4269428",1856.29357340232,"+"
"EIF2S1","chr2_152663979_152664137",1856.07676940148,"-"
"RBM26","chr16_30076100_30076314",1856.07208780155,"-"
"NSUN6","chr2_101006071_101018997",1855.60860773621,"+"
"ZC3H12D","chr3_39266518_39281608",1855.12182243368,"+"
"SF1","chr3_167720273_167725400",1854.87476352098,"-"
"CIRBP","chr6_29888672_29934217",1854.86423120431,"+"
"RBM4B","chr2_177234271_177264531",1854.76862296397,"-"
"LCP2","chr3_152300367_152300880",1854.63246108384,"-"
"SAMD3","chr1_161548678_161549010",1854.62978275872,"+"
"SNRPG","chr15_74032715_74033155",1854.60958900607,"-"
"KHDRBS1","chr2_85327273_85327441",1854.34374785152,"+"
"LSM4","chr2_73950732_73957124",1854.26444846413,"-"
"ZFP36","chr3_114693575_114710267",1854.07548951921,"-"
"EWSR1","chr1_108696351_108698603",1853.92441277256,"-"
"LSM4","chr16_4483754_4505483",1853.88486268807,"-"
"HNRNPH3","chr2_203266681_203278572",1853.76981418551,"-"
"SAMSN1","chr15_101285801_101286907",1853.59632683634,"-"
"SAMD9L","chr2_148021684_148054390",1853.35757698233,"-"
"ZFP36","chr22_42514779_42576980",1853.09380083482,"+"
"RNPS1","chr2_27774530_27779432",1852.94029727086,"-"
"STIM2","chr2_10408734_10419733",1852.79287024009,"-"
"TRA2A","chr22_26663509_26665530",1852.61852842148,"-"
"PARN","chr17_21211227_21214090",1852.52939386044,"-"
"CPSF6","chr17_44212454_44212818",1852.31505324115,"-"
"ACIN1","chr17_59112345_59131280",1851.93318969404,"-"
"SNRPD2","chr2_97194917_97202201",1851.88669075306,"-"
"HNRNPH1","chr17_82884202_82889667",1851.64988804845,"-"
"SAMHD1","chr2_181475066_181478756",1851.55357213851,"-"
"ZC3H15","chr19_49450939_49451484",1851.25899789964,"-"
"PHC3","chr21_8393926_8438136",1850.68100481571,"-"
"HNRNPH3","chr1_75790057_75791284",1849.99557245847,"-"
"SF1","chr16_668699_670122",1849.94408871252,"-"
"SUPT6H","chr17_18251816_18251998",1849.57347552634,"-"
"HNRNPA1","chr2_38578002_38581912",1849.56042547147,"-"
"RNPC3","chr17_44322552_44322807",1849.26585121578,"-"
"RBM17","chr1_35184593_35187000",1849.18593630003,"-"
"LSM3","chr15_90935330_90935543",1849.18329601846,"-"
"ZFR","chr21_8393623_8437831",1849.15984257037,"-"
"SLBP","chr20_45418979_45419294",1849.02061076953,"-"
"NCL","chr16_30381473_30382092",1848.80287853207,"+"
"RBM6","chr17_37579434_37584647",1848.17927641239,"-"
"SUPT6H","chr5_151063747_151080879",1847.77831972152,"-"
"SF1","chr2_203266681_203278572",1847.73623053662,"-"
"G3BP1","chr5_55102752_55107793",1847.11191196238,"+"
"SAMD9","chr21_41426263_41427754",1846.99207675628,"-"
"HTATSF1","chr3_16303592_16319460",1846.97095637953,"-"
"PTBP1","chr2_86788560_86789639",1846.69243855551,"+"
"PHC3","chr2_84832145_84839148",1846.53368624755,"-"
"ZC3HAV1","chr2_97200525_97202201",1846.45479418845,"-"
"G3BP1","chr1_30966197_30967166",1846.38590306605,"-"
"SNRPC","chr13_42917624_42926335",1845.92641470153,"-"
"MATR3","chr16_28656523_29050671",1845.82650397218,"+"
"PCBP1","chr2_203266681_203272669",1845.42241532742,"-"
"SNRPN","chr1_154989707_154990158",1845.19052705687,"-"
"G3BP1","chr2_230416328_230442936",1845.15237779057,"+"
"RBM6","chr1_25243633_25245149",1845.13075076938,"-"
"RPS3","chr12_51056245_51056349",1844.99203115756,"-"
"HNRNPC","chr14_22549682_22551604",1844.96504916503,"+"
"LCP2","chr3_51970184_51973964",1844.69900921498,"-"
"HNRNPA2B1","chr2_95918042_95919732",1844.61320423919,"-"
"SNRPC","chr5_39124278_39125997",1844.49227793722,"-"
"YBX1","chr3_49310737_49324701",1844.40818555006,"-"
"SNRPD2","chr15_63533918_63537024",1844.2618063358,"-"
"PPIE","chr15_58898852_58901259",1844.11837927752,"-"
"SCML4","chr4_56656012_56656343",1844.11831143456,"-"
"PCBP1","chr2_230238381_230238760",1843.52463091499,"-"
"PSPC1","chr2_177212871_177215538",1843.32684489996,"-"
"SNRPA","chr21_33599248_33602233",1843.20709376844,"-"
"RBMX","chr20_1571137_1604741",1843.10925514665,"-"
"HNRNPF","chr3_152445539_152446703",1843.03091310685,"-"
"CNOT4","chr2_98663179_98675034",1842.86405579408,"-"
"HNRNPH3","chr4_4268615_4273582",1842.45513877924,"-"
"PABPC1","chr12_57477676_57477784",1842.16516788951,"-"
"PHC3","chr19_13761568_13762298",1842.02757698005,"-"
"PCBP2","chr20_35021356_35035122",1841.85045697233,"-"
"TARDBP","chr3_114693575_114710267",1841.79639826688,"-"
"RBM10","chr16_4454927_4455545",1841.51575627737,"-"
"CIRBP","chr16_4361803_4361984",1841.48178728127,"-"
"RBM6","chr3_195662733_195663623",1841.36666431674,"-"
"ZGPAT","chr2_202297906_202300233",1841.07451331765,"-"
"ZC3H7A","chr17_75229131_75231339",1841.01537508053,"-"
"RBM17","chr4_189952287_189957397",1840.98235733796,"+"
"PAN3","chr18_3247587_3253232",1840.96530422612,"+"
"NOL8","chr22_50250905_50251101",1840.85611840442,"+"
"HNRNPR","chr22_23791894_23793558",1840.81672259479,"-"
"GRSF1","chr21_44910372_44910599",1840.77169378544,"+"
"POLR2G","chr22_41784420_41793828",1840.60761902752,"-"
"PUM2","chr22_40178140_40246014",1840.56880092036,"-"
"POLR2G","chr4_82857764_82861630",1840.2963876528,"-"
"SNRPG","chr19_19654074_19654542",1840.13182151749,"-"
"SNRPG","chr20_62387674_62388308",1839.94182359778,"+"
"PABPC1","chr5_151063747_151064959",1839.80175601148,"-"
"HNRNPH1","chr2_181475066_181478756",1839.76230001187,"-"
"PUF60","chr3_184323241_184323407",1839.71888674868,"-"
"PCBP1","chr12_31959900_31960776",1839.69704450635,"-"
"YTHDF3","chr1_42457567_42459602",1839.56201591679,"-"
"RBM14","chr15_72752895_72755555",1839.5565916193,"-"
"SAMD9","chr16_67082339_67098709",1839.50555445127,"-"
"RBMX","chr12_57477676_57477784",1839.42146711752,"-"
"SAMSN1","chr15_50432499_50439008",1839.03825168385,"-"
"FUBP1","chr12_124913039_124913723",1839.01396043121,"+"
"HNRNPH3","chr3_33072713_33096718",1838.63901649671,"-"
"TRMT1","chr6_31644194_31644306",1837.8705393662,"+"
"CIRBP","chr1_67424322_67424887",1837.71884985932,"-"
"TIA1","chr16_53492519_53492692",1837.65425969002,"-"
"EIF4H","chr13_41362873_41367438",1837.60157341767,"-"
"LCP2","chr2_97127134_97142639",1837.34529966018,"-"
"MCTS1","chr6_31835451_31836423",1837.16437915949,"-"
"DDHD2","chr2_108449289_108449632",1837.08625125526,"+"
"RNPS1","chr2_202290457_202291020",1836.9643370727,"-"
"ARAP2","chr19_34221738_34227364",1836.54797252038,"-"
"LSM4","chr3_105746038_105776395",1836.17054368098,"-"
"PAN3","chr17_30481257_30484213",1835.98564698776,"-"
"PHC3","chr19_54449306_54451289",1835.91704714732,"-"
"ZFR","chr3_105746038_105776395",1835.65051289887,"-"
"HNRNPA2B1","chr16_70039100_70042350",1835.64319308069,"-"
"RNPC3","chr16_4694308_4694957",1835.49815114398,"-"
"RBM39","chr14_23081836_23090521",1835.09759134081,"-"
"SCML4","chr15_49137437_49139527",1835.06112048684,"-"
"SAMD9L","chr2_230216928_230221704",1834.97735472626,"-"
"RBM17","chr12_2824013_2824089",1834.97366638807,"-"
"HNRNPH3","chr2_237994809_238025341",1834.65715766345,"-"
"ZFP36L1","chr1_151889373_151895007",1834.21276021607,"-"
"ZC3H7A","chr2_171687873_171690146",1834.14600734586,"-"
"SAMD9L","chr17_78132030_78132358",1833.99007140187,"-"
"EIF3G","chr2_171061156_171082780",1833.83897852657,"-"
"PUM1","chr5_146463793_146469543",1833.55956978352,"-"
"RBM14","chr2_10396920_10419733",1833.37257201874,"-"
"RBM26","chr12_48679150_48679654",1833.35389216051,"-"
"PUF60","chr19_54449306_54451289",1833.24933752161,"-"
"RPS3","chr3_114693575_114801100",1833.06483847336,"-"
"ZFP36","chr17_7393509_7394103",1832.50553128938,"-"
"RBM39","chr5_151063747_151080879",1832.34251441589,"-"
"HNRNPC","chr16_29663080_29663694",1832.30765387636,"-"
"HNRNPC","chr22_38754706_38755762",1831.9767956903,"-"
"NAA38","chr6_125292909_125300537",1831.32124498965,"-"
"SCML4","chr15_101633728_101645086",1831.2239341584,"-"
"SAMD3","chr12_6944565_6945770",1830.98568434384,"-"
"G3BP2","chr2_97198491_97204190",1830.70616495144,"+"
"RFTN1","chr12_7827682_7930479",1830.33186999933,"+"
"RBM25","chr2_135605016_135621493",1830.01625763791,"-"
"SSB","chr12_6728001_6728222",1830.00339581516,"-"
"TRA2B","chr17_28883231_28888944",1829.55022767397,"-"
"RPS3","chr17_44322528_44322807",1829.45768264637,"-"
"MBNL1","chr3_16260829_16264154",1829.3489340714,"-"
"YBX1","chr2_160285044_160286968",1829.33500654725,"-"
"EIF3G","chr22_19471808_19479082",1829.20079623078,"-"
"PARP14","chr15_44672239_44672387",1829.16890093374,"-"
"SNRPC","chr4_88277243_88278143",1829.00443992864,"-"
"SF3B4","chr22_31528863_31546860",1828.70448516768,"-"
"LSM3","chr16_4832221_4832773",1828.53490706164,"-"
"NCBP2","chr3_25729318_25733871",1828.51686133637,"-"
"FUBP1","chr2_113438022_113439019",1828.02361850067,"-"
"ZRANB2","chr20_30391308_30393550",1827.88283990313,"-"
"ZFP36","chr17_3720402_3723687",1827.77136216263,"-"
"HNRNPC","chr1_16632371_16633094",1827.51638228969,"-"
"SF1","chr3_49809159_49809389",1827.425082219,"-"
"RBM8A","chr2_38748653_38749239",1827.38225612375,"-"
"MKRN1","chr3_157153156_157156935",1827.36991078569,"-"
"RBM6","chr2_227325427_227332418",1827.26760697744,"-"
"SAMD9L","chr3_170136665_170171372",1827.03058417635,"-"
"ZC3H4","chr2_95876512_95880426",1826.72387694352,"-"
"RBM23","chr21_8393177_8437384",1826.71280616914,"+"
"HNRNPR","chr12_6551503_6555256",1826.43696930759,"-"
"HNRNPC","chr3_39266518_39281608",1826.16807806875,"-"
"TAF15","chr3_15096710_15099034",1826.08177250859,"-"
"ZFP36L1","chr17_58005041_58005800",1825.92909420813,"-"
"RBM12","chr16_2772102_2776992",1825.79618478451,"+"
"SNRPG","chr2_12723552_12724628",1825.6845764012,"-"
"HNRNPH3","chr4_53399839_53425871",1825.68129521377,"-"
"RRP7A","chr21_42288073_42288210",1825.48340732303,"-"
"NIP7","chr14_22535614_22547505",1825.43061932655,"+"
"PCBP1","chr2_95958785_95962351",1825.36712038739,"-"
"YTHDC2","chr2_74528489_74529131",1825.33721196525,"-"
"SAFB","chr14_73366981_73409936",1824.56175565157,"-"
"RPS3","chr12_124913111_124913339",1824.54013114232,"+"
"RFTN1","chr2_201233554_201234015",1824.18529915925,"-"
"RNPS1","chr2_95910445_95910539",1824.08245972491,"-"
"HNRNPA2B1","chr16_208664_220648",1824.04942957965,"-"
"RFTN1","chr16_89686797_89689251",1824.01631343586,"-"
"RBMX","chr1_167684001_167690048",1823.9550972321,"-"
"TNKS","chr17_48182457_48187842",1823.93870530576,"-"
"HNRNPH1","chr1_167684001_167690048",1823.92087091484,"-"
"TMEM63A","chr1_30739937_30757658",1823.80418434209,"+"
"HNRNPH1","chr20_49124587_49135832",1823.45930189253,"-"
"RBM39","chr2_197399038_197400054",1823.41724719747,"-"
"ZNF638","chr2_232697392_232703423",1823.40291333661,"-"
"EIF2S1","chr2_222887888_222908732",1823.31404967608,"-"
"RPS3","chr2_111344237_111365560",1823.28952552345,"+"
"PNPT1","chr6_29890296_29890438",1823.17572944992,"+"
"SAMSN1","chr6_135492291_135497187",1823.05446110035,"-"
"RBM8A","chr22_20052584_20055942",1823.00172213596,"-"
"G3BP2","chr20_16730064_16731667",1822.6698545939,"-"
"SAMD9L","chr1_110891471_110899123",1821.94629575369,"+"
"HNRNPA3","chr1_209779374_209781344",1821.69072782131,"-"
"PRPF3","chr19_17838390_17839476",1821.62749496064,"-"
"RBM39","chr3_50332154_50337172",1821.45478155157,"-"
"SAFB","chr1_184054863_184072826",1820.88859933293,"-"
"STIM1","chr17_35017606_35026373",1820.72618010497,"-"
"RBM26","chr4_4268615_4269428",1820.426588254,"-"
"HNRNPF","chr22_41784420_41793828",1820.42413128386,"-"
"ZRANB2","chr19_54200961_54201159",1819.90383595927,"+"
"SAMHD1","chr3_185926734_185937824",1819.78758016806,"-"
"SNRPA","chr1_30980166_30981311",1819.70119354267,"-"
"ZMAT5","chr2_174585611_174634517",1819.55859888979,"+"
"RBMXL1","chr1_193023036_193023843",1819.40385417126,"-"
"HNRNPA2B1","chr20_49278738_49279103",1819.16624281039,"-"
"SNRPN","chr13_32407772_32427903",1819.04261270189,"-"
"TRMT2A","chr14_65101572_65102303",1818.9977302582,"-"
"CCAR1","chr16_30184343_30185208",1818.77254954025,"+"
"DAZAP1","chr12_57477676_57477784",1818.72447276751,"-"
"SLTM","chr2_191682017_191683728",1818.47898799653,"-"
"G3BP2","chr1_30739937_30757658",1818.36232000437,"+"
"PUF60","chr2_10396920_10419733",1817.96976167395,"-"
"RPS3","chr2_111429620_111494884",1817.77294546555,"-"
"HNRNPA2B1","chr21_8393174_8437384",1817.72116383766,"-"
"RBM3","chr1_1390865_1393395",1817.71664707881,"-"
"SASH3","chr4_53428183_53442652",1817.4016900003,"-"
"NAA38","chr14_49577853_49585949",1817.07165771026,"+"
"CPSF7","chr19_39333126_39335434",1816.88456948509,"+"
"HNRNPA1","chr17_82884202_82889667",1816.71508010633,"-"
"RNF113A","chr2_97725242_97732882",1816.53376625444,"+"
"HTATSF1","chr21_31685174_31685397",1816.40582408664,"-"
"RALY","chr19_34226464_34227364",1816.26781668062,"-"
"ZRANB2","chr5_93964523_94053125",1816.09175463289,"-"
"SRRM1","chr16_53492519_53492692",1815.63485061348,"-"
"MATR3","chr17_6760601_6762154",1815.41056335545,"-"
"NCL","chr2_95876509_95880426",1815.36595634778,"-"
"SAMHD1","chr16_31202203_31202416",1815.34609390772,"-"
"SNRPG","chr19_805187_806407",1815.28800959005,"-"
"RPS3","chr14_100137802_100141179",1815.02520543605,"-"
"SFPQ","chr16_85780473_85781210",1814.80899965463,"-"
"RPS3","chr6_152180294_152185273",1814.79866066065,"-"
"THUMPD1","chr19_48249633_48249750",1814.53263294906,"-"
"ZGPAT","chr14_22524381_22547505",1814.51853970948,"-"
"RNPC3","chr17_77451528_77482143",1814.45911878461,"+"
"SAMD9L","chr3_105678571_105681723",1814.06985633215,"-"
"SAMD9L","chr2_37149023_37156907",1813.80783122538,"-"
"RBM5","chr5_149496860_149505482",1813.79472698412,"-"
"RNPS1","chr1_16367308_16393227",1813.7487049895,"-"
"HNRNPA3","chr17_36103981_36105224",1813.66677575375,"+"
"PABPC3","chr14_49577853_49585949",1813.58015462838,"+"
"PARP12","chr16_635063_635280",1813.55677146379,"-"
"NONO","chr20_62303045_62303567",1813.43119201191,"-"
"ANKRD17","chr17_5521012_5521523",1813.42466503603,"-"
"HNRNPA1","chr20_16730064_16731667",1812.72358753259,"-"
"ANKRD17","chr2_97142668_97144517",1812.69363111318,"-"
"HNRNPD","chr4_48089824_48095142",1812.55344907951,"-"
"PUM1","chr16_50669148_50675769",1812.46224055023,"-"
"POLR2G","chr17_59119495_59131280",1812.3923972775,"-"
"HDLBP","chr3_9689082_9701789",1812.27760743875,"-"
"TARDBP","chr17_82019381_82019857",1812.26772655298,"-"
"SAMD3","chr19_51372160_51372378",1812.15435118529,"-"
"LSM5","chr1_6026445_6040516",1812.09552312922,"-"
"SAMSN1","chr4_82857764_82863317",1811.40966061696,"-"
"SNRNP70","chr2_152716126_152717229",1811.18260200404,"-"
"YTHDC1","chr19_49982188_49988371",1811.18040720496,"-"
"GTF3A","chr16_2264331_2268054",1811.02838972697,"-"
"EIF3G","chr15_58898852_58901259",1810.68761924419,"-"
"TRA2A","chr1_23967723_23971572",1810.47636003128,"-"
"SAMD9L","chr5_70946176_70952438",1810.0320294778,"+"
"SAMD3","chr17_74764646_74766935",1809.98207630691,"-"
"LCP2","chr17_42348517_42388278",1809.87324308541,"-"
"SF3A1","chr12_2824013_2824089",1809.65081550054,"-"
"ZFP36L2","chr3_52700496_52704723",1809.57268076333,"+"
"TARDBP","chr1_32631879_32633644",1809.29859698489,"-"
"SF1","chr17_37542565_37553114",1809.25902124671,"-"
"TIA1","chr1_149531742_149537099",1809.2236742567,"-"
"PUF60","chr3_167720273_167734805",1809.10537554813,"-"
"ZFP36","chr13_37048599_37051487",1808.89273357018,"-"
"PNPT1","chr2_241268541_241315101",1807.96366044763,"-"
"HNRNPL","chr19_38619317_38620336",1807.96242160719,"+"
"ZC3HAV1","chr1_235829036_235830225",1807.83663800286,"-"
"PAN3","chr2_197069965_197078702",1807.73503265885,"-"
"HNRNPA2B1","chr1_171514630_171515733",1807.71304306379,"-"
"HNRNPA1","chr1_160491388_160523143",1807.70196211572,"-"
"ACIN1","chr6_30489995_30490239",1807.57768902084,"-"
"SLTM","chr1_7850922_7853306",1807.41785083466,"-"
"HNRNPA3","chr1_159032691_159051678",1807.36881615041,"-"
"TMEM63A","chr3_39266518_39281608",1807.21918237263,"-"
"LCP2","chr20_17660528_17682027",1807.18352641146,"-"
"PCBP1","chr22_45328063_45328309",1807.12797567887,"+"
"PPP1R10","chr2_241317599_241324215",1806.68170919569,"-"
"ZC3H7A","chr5_113515362_113532878",1806.55936770375,"-"
"LARP7","chr2_9474647_9475986",1806.41792569986,"-"
"SNRPN","chr1_84566012_84570581",1806.4043327817,"-"
"LSM3","chr12_62325933_62355330",1806.40228769355,"+"
"HNRNPA2B1","chr1_11745837_11747439",1806.0949540898,"-"
"NCL","chr20_49279208_49289044",1805.77523586765,"+"
"RRP7A","chr3_49812543_49813061",1805.68356009568,"-"
"RPS3","chr6_29725202_29829589",1805.5678424103,"+"
"HELZ","chr1_112703806_112707077",1805.53268447324,"-"
"HNRNPA0","chr1_160748514_160749820",1805.335135647,"-"
"PTBP2","chr2_86788560_86789639",1805.22749805272,"+"
"ZFP36L1","chr2_37148939_37156907",1805.14749904473,"-"
"RBM8A","chr3_152300367_152301918",1805.03738695299,"-"
"POLR2G","chr5_178618778_178623255",1804.90720459503,"-"
"G3BP2","chr2_38745187_38746693",1804.77542986755,"-"
"NIP7","chr20_1604142_1604741",1804.69365184577,"-"
"SLTM","chr17_81891833_81893551",1804.5826143003,"-"
"EWSR1","chr1_155261734_155262085",1804.55672893947,"-"
"LSM1","chr22_19821375_19854442",1804.50999108616,"-"
"SNRPD1","chr21_8393623_8437831",1804.48539515247,"-"
"CSDE1","chr12_55903480_55927724",1804.3564603557,"-"
"RALY","chr18_11885043_11885675",1804.26573255676,"-"
"SNRPA","chr16_89727325_89729234",1804.16319167425,"-"
"HNRNPA2B1","chr18_36787079_36798448",1804.11591198642,"-"
"MBNL2","chr20_45416694_45419294",1804.08652720768,"-"
"HNRNPA1","chr17_81891841_81894466",1804.04730110124,"-"
"SAMSN1","chr18_57620648_57621707",1803.88130918476,"-"
"MATR3","chr4_82857764_82861630",1803.77922167401,"-"
"TRA2B","chr22_41781845_41784338",1803.73634829456,"-"
"RBM12","chr17_59119495_59131280",1803.60260955629,"-"
"HNRNPAB","chr22_19471808_19479082",1803.49628914237,"+"
"SRRM2","chr20_35632025_35632310",1803.41035391375,"-"
"RBM5","chr2_230245080_230245862",1803.0900177877,"-"
"YBX1","chr5_151063747_151064959",1802.54067711801,"-"
"PABPC1","chr1_11746223_11747439",1802.45014910439,"-"
"ZFP36L2","chr2_96549805_96550028",1802.42373729992,"+"
"ZRSR2","chr1_155140271_155140490",1802.23530161943,"-"
"ZFP36L1","chr17_3925438_3928662",1802.1275015765,"-"
"SAFB","chr3_48927813_48961611",1802.09072294154,"-"
"ZC3HAV1","chr14_22531998_22547505",1801.37198014891,"-"
"EWSR1","chr3_121730017_121730875",1801.03636646183,"-"
"RBM39","chr19_54449306_54451289",1801.01613882513,"-"
"PABPC1","chr19_8474244_8485602",1800.91424640488,"-"
"ZCRB1","chr2_48328702_48346200",1800.85197709144,"-"
"ZC3HAV1","chr2_85327273_85327483",1800.66032439127,"-"
"U2AF1","chr2_68787956_68807275",1800.53704050919,"-"
"HNRNPA2B1","chr2_71331865_71348752",1800.47864300641,"-"
"TIAL1","chr3_48922811_48924717",1800.4731752737,"-"
"SSB","chr1_192575929_192576773",1800.21262445709,"+"
"HNRNPM","chr2_25771540_25799384",1800.03786529811,"-"
"ZFP36L2","chr16_208188_220648",1800.03150075054,"-"
"PARN","chr5_178616948_178618555",1799.31720616943,"-"
"HNRNPR","chr19_41884493_41888063",1799.15549896243,"-"
"G3BP1","chr14_58274010_58291634",1799.05243596912,"-"
"HNRNPM","chr17_41689941_41690087",1798.95278860997,"-"
"SNRPB","chr22_37226803_37227767",1798.94758848959,"+"
"HDLBP","chr3_28316423_28316752",1798.82560895352,"-"
"EWSR1","chr2_189782602_189784268",1798.40675874737,"-"
"SSB","chr19_51372160_51372378",1798.1913947027,"+"
"RBM33","chr19_15368322_15370145",1798.05757595817,"-"
"SSB","chr1_103533854_103534771",1797.52913807941,"-"
"HNRNPC","chr2_241150547_241157806",1797.33552929381,"-"
"MCM3AP","chr13_41362159_41367438",1797.21116200497,"-"
"NSUN6","chr16_4450497_4455545",1796.76858261664,"-"
"SRRM1","chr17_78124655_78124888",1796.68062158038,"-"
"PHC3","chr3_42621516_42627199",1796.51941114934,"-"
"SNRPB","chr2_73950732_73958145",1796.22030974319,"-"
"EIF3G","chr22_42514779_42515150",1795.95867323475,"-"
"SNRPN","chr22_40401675_40402138",1795.59478799697,"-"
"RALY","chr20_30388578_30393550",1795.57268488948,"-"
"SAMD9L","chr21_29036374_29037275",1795.57067134165,"-"
"HNRNPC","chr1_28560732_28561345",1795.51703423242,"-"
"SNRPC","chr3_101574279_101579789",1795.47633959189,"-"
"ZFP36L1","chr2_73927052_73938909",1795.46800517333,"-"
"RBM5","chr3_193618936_193626091",1795.21911753792,"-"
"CSTF2T","chr12_9009513_9058091",1794.69619005287,"-"
"RBM33","chr3_15096710_15099034",1794.54551211395,"-"
"ARAP2","chr16_4832221_4832773",1794.49607641074,"-"
"MBNL3","chr4_108165163_108166271",1794.48866038437,"-"
"SF1","chr20_16730164_16731667",1794.24514986146,"-"
"RALY","chr4_673401_674211",1794.24417252777,"-"
"EWSR1","chr20_1604142_1604741",1793.75872024841,"+"
"SAMSN1","chr1_26363154_26364531",1793.12987962123,"-"
"HNRNPA1","chr2_206765654_206766643",1792.85808381737,"+"
"YTHDC1","chr2_37201726_37201862",1792.80675955571,"-"
"EIF4B","chr17_7224069_7224320",1792.7402736813,"-"
"CIRBP","chr22_41781845_41793828",1792.6508130377,"-"
"ARAP2","chr2_207560372_207567462",1792.48215571863,"-"
"MATR3","chr16_67082339_67098709",1792.47720738646,"-"
"ACIN1","chr1_171514630_171515733",1792.0638560546,"-"
"PARP10","chr4_182915575_182917310",1791.97764907315,"-"
"SAMD9L","chr1_89269574_89272451",1791.68135275229,"-"
"TNRC6A","chr17_35321865_35323147",1791.59713222372,"-"
"SNRPB2","chr17_75269469_75270113",1791.53771918796,"-"
"RALY","chr4_153583672_153584837",1791.45946576531,"-"
"RBM45","chr19_10089378_10089656",1791.19493874052,"+"
"RBM19","chr3_66221127_66236543",1791.16812694181,"-"
"RNPS1","chr3_52700496_52704723",1790.72773550531,"-"
"SAMD3","chr19_35741228_35742395",1790.69342810967,"-"
"RNPC3","chr1_11745837_11747439",1790.45158789294,"-"
"PUF60","chr20_64076646_64079293",1790.37863577135,"-"
"PPIL4","chr1_160491388_160523143",1790.23569308459,"-"
"HNRNPH3","chr13_114282943_114286518",1790.16603986904,"-"
"SNRPC","chr12_6602154_6602375",1790.05507482976,"-"
"TAF15","chr3_50100051_50100531",1789.98390234439,"-"
"PABPC3","chr19_11447618_11447692",1789.77745760733,"-"
"SAMSN1","chr5_135346057_135350822",1789.29723235935,"-"
"LCP2","chr17_49706334_49706964",1789.05154883245,"-"
"RPS3","chr1_116760632_116768463",1788.86107282818,"-"
"SLTM","chr3_3167793_3172505",1788.7265362258,"-"
"SAMD3","chr2_97124597_97127066",1788.33757797687,"-"
"FUS","chr19_48249633_48249750",1788.15132120511,"-"
"SLBP","chr22_39077378_39080932",1788.04469179918,"+"
"SF1","chr3_105678571_105681478",1787.38575779001,"-"
"SNRPD2","chr2_112181876_112182790",1787.25037971391,"-"
"PCBP1","chr12_7929871_7930479",1787.0704233817,"-"
"RBM10","chr22_23700845_23705428",1787.03672692784,"-"
"CIRBP","chr16_89878627_89883350",1786.58880443983,"-"
"LCP2","chr1_228109021_228109148",1786.34470485051,"-"
"SPEN","chr21_8393888_8438096",1786.22308725376,"+"
"ZC3H7A","chr2_95935644_95938828",1786.15702619013,"-"
"PUM1","chr2_97142668_97144517",1786.09557099784,"-"
"SAMD9","chr2_102387000_102390058",1785.97143431685,"-"
"NOL8","chr4_102826636_102827943",1785.86555973644,"+"
"ACIN1","chr1_155562295_155562778",1785.77477284894,"-"
"ZFP36L2","chr12_31959900_31960776",1785.52770486456,"+"
"SAMD9L","chr21_41427304_41427754",1785.48888868104,"+"
"FUBP1","chr20_47298872_47310055",1785.2490249594,"-"
"SNRPC","chr14_90397154_90400064",1785.22558176279,"+"
"PUF60","chr22_19821375_19854442",1785.22329815284,"-"
"ZNF638","chr12_6652767_6652935",1785.19146460685,"-"
"ZNF638","chr3_66221127_66236543",1785.15707648935,"-"
"MATR3","chr2_95958785_95960472",1784.97936425333,"-"
"SASH3","chr1_45600457_45602254",1784.8582098179,"-"
"PABPC1","chr5_151772036_151786602",1784.74118029857,"-"
"RNF113A","chr14_24606746_24607611",1784.54218897838,"+"
"LARP7","chr4_53391139_53399729",1784.42001342412,"-"
"SAMSN1","chr4_53391139_53391429",1784.37504584574,"-"
"TMEM63A","chr1_236543040_236543559",1784.21815874927,"-"
"SF3B4","chr19_1011663_1011740",1783.57752203938,"-"
"NOL8","chr1_30966197_30967166",1783.53252624188,"-"
"ZC3HAV1","chr1_91720230_91721954",1783.35621797029,"-"
"ARAP2","chr17_82246039_82248874",1782.91977762043,"-"
"SNRPB","chr16_67082308_67098709",1782.75770534356,"-"
"RBM39","chr3_197621868_197623219",1782.62579629716,"-"
"PABPC1","chr15_50432499_50439008",1782.48029309864,"-"
"RBMX","chr5_96762372_96765220",1782.45349808864,"-"
"EIF4B","chr17_35587597_35594007",1782.19794015636,"-"
"LCP2","chr12_15882819_15889927",1782.11280325695,"-"
"SF1","chr15_64075537_64088686",1781.95669491416,"-"
"LSM10","chr22_37226803_37227767",1781.72732653542,"+"
"PPIL4","chr2_177234271_177264531",1781.43121680234,"-"
"RBM3","chr6_111780635_111793622",1780.98023784407,"-"
"SNRPD2","chr16_4694308_4694957",1780.9067050308,"-"
"PHC3","chr12_43759016_43768102",1780.86019008465,"-"
"YTHDC1","chr4_184638468_184648464",1780.81999038035,"-"
"RBM39","chr2_171061156_171082780",1780.55203078738,"-"
"PUM2","chr2_86171345_86173649",1780.44882452722,"-"
"SAMSN1","chr2_95919920_95921606",1780.39414799594,"-"
"HNRNPH1","chr22_24427726_24433130",1780.27601106003,"-"
"TNKS","chr6_29888672_29934217",1780.12024797163,"-"
"LARP4B","chr2_112181876_112182790",1779.84737732583,"+"
"SAMD3","chr14_23565701_23566063",1779.11987843772,"-"
"HNRNPR","chr4_184638468_184649394",1779.03282645086,"-"
"PCBP2","chr6_26459828_26463243",1778.88671952808,"-"
"HNRNPF","chr12_51049185_51056349",1778.83987336655,"-"
"YTHDC1","chr1_174752354_174811831",1778.80422136076,"-"
"ANKRD17","chr15_101651773_101652270",1778.59280958138,"-"
"PTBP1","chr2_152663967_152664137",1778.53333422295,"-"
"SYNCRIP","chr20_49280964_49289044",1778.40440043674,"-"
"SAMHD1","chr1_26362022_26363025",1778.38864196002,"-"
"RBM5","chr14_24232847_24233218",1778.35857827772,"-"
"THUMPD1","chr20_28600461_28602608",1778.23824605068,"-"
"RPS3","chr5_35871213_35875511",1778.09897632793,"-"
"NONO","chr2_27772692_27779432",1778.09364044342,"-"
"TARDBP","chr5_140487060_140496519",1777.80554576473,"-"
"HNRNPC","chr14_65093815_65102303",1777.7116442728,"-"
"RBMS1","chr20_30391308_30393550",1777.65835014952,"-"
"PARP14","chr17_44322552_44322807",1777.53024628508,"-"
"YTHDC1","chr2_97538363_97541910",1777.40963484087,"-"
"EIF3G","chr17_41689069_41690087",1777.22731852003,"+"
"SAMHD1","chr17_81891841_81893551",1777.15790273792,"-"
"HNRNPK","chr6_107749813_107772171",1777.05571228712,"-"
"SRRM1","chr2_97209709_97209799",1776.87392879337,"-"
"PHC1","chr1_2510748_2511337",1776.84662026672,"-"
"EWSR1","chr16_22533893_22533950",1776.74455226549,"+"
"RBM19","chr1_181050286_181053572",1776.7269914021,"-"
"RBM22","chr1_149531742_149537099",1776.54528401495,"-"
"ZFP36L1","chr2_201272776_201276826",1776.50218798459,"-"
"PCBP1","chr12_7827682_7930479",1776.43326031823,"-"
"CSDE1","chr16_70514509_70517625",1776.31207076988,"-"
"THUMPD1","chr2_95918042_95919732",1776.30526233193,"-"
"CCAR1","chr15_74024927_74033155",1776.23073615376,"-"
"TRA2A","chr18_9208797_9211583",1776.15762508493,"-"
"NONO","chr20_36917096_36919363",1775.6817442279,"-"
"GTF3A","chr1_120808759_120816084",1775.51088402978,"-"
"HNRNPH3","chr6_30577913_30578075",1775.37783762916,"-"
"PUM2","chr2_213049880_213056832",1775.20405825252,"-"
"G3BP1","chr12_6551001_6555256",1775.20356975408,"-"
"RBM3","chr2_113438022_113441350",1774.98444640451,"-"
"GTF3A","chr19_11346627_11349653",1774.85256073143,"-"
"RBM5","chr4_53428183_53440581",1774.72843351056,"-"
"HNRNPD","chr2_10408734_10419733",1774.65603409822,"-"
"PSPC1","chr16_69120649_69121435",1774.42646715098,"-"
"LCP2","chr17_35492818_35522278",1774.35297067727,"-"
"RPS3","chr17_28883231_28888944",1773.84088202179,"+"
"G3BP2","chr5_179618323_179619268",1773.83372986603,"-"
"EIF4B","chr1_45600457_45602254",1773.70143408382,"-"
"NCL","chr5_179614959_179616125",1773.64270888639,"-"
"FUBP1","chr17_68103058_68114421",1773.55432818873,"-"
"POLDIP3","chr13_46045513_46052403",1773.38087295043,"-"
"PPP1R10","chr1_52906611_52907867",1773.08951424854,"-"
"RNPC3","chr16_85780473_85781210",1773.02635019277,"-"
"ZRANB2","chr2_24321880_24328051",1772.95849558683,"-"
"LSM7","chr16_30381473_30382092",1772.93795608813,"+"
"LSM6","chr2_230238381_230238760",1772.71076534023,"-"
"G3BP2","chr16_50742841_50749575",1772.64841956247,"-"
"PUM2","chr16_30309033_30334974",1772.15176037524,"-"
"SNRPN","chr15_28919487_28921639",1772.09530944266,"-"
"SASH3","chr22_23791894_23793558",1772.07382601407,"-"
"TRA2B","chr16_89686759_89689251",1771.96284163153,"-"
"SF3A1","chr14_100138897_100141179",1771.7638874413,"-"
"PABPC3","chr16_50744866_50749575",1771.75302845187,"-"
"ZRANB2","chr3_10115819_10118905",1771.50386658908,"-"
"LSM7","chr20_64076646_64079293",1770.97280879945,"-"
"GTF3A","chr2_224931668_225042251",1770.92062200314,"-"
"RBM3","chr1_24663224_24666814",1770.73933752112,"-"
"CIRBP","chr2_11172045_11177736",1770.49604737185,"-"
"ASCC1","chr22_20568631_20575112",1770.39790295986,"-"
"PARP12","chr12_25061653_25062819",1770.36638215979,"-"
"YBX1","chr5_96762372_96765223",1770.33657206366,"-"
"SNRPB","chr6_127314896_127327001",1770.18749341756,"-"
"NCL","chr13_27441077_27445087",1769.70033691167,"-"
"SCML4","chr2_213057099_213147470",1769.63980484345,"+"
"SAMSN1","chr17_35480195_35522278",1769.50048340405,"-"
"SNRPA","chr1_84570139_84570581",1769.49845137953,"-"
"PCBP2","chr2_206765747_206766643",1769.33346783684,"-"
"SNRPB2","chr22_23791894_23793558",1769.29350893587,"-"
"SRRM1","chr17_64822393_64829160",1769.21566781974,"-"
"KRR1","chr19_19636787_19636916",1769.10620750029,"+"
"SAMSN1","chr12_47206145_47210639",1768.78544969317,"+"
"SLTM","chr19_10679927_10681018",1768.73811633114,"-"
"SNRPB","chr16_30076094_30076314",1768.59979659544,"-"
"HNRNPAB","chr17_44188009_44188934",1768.474404653,"-"
"TNKS2","chr16_3065655_3065783",1768.42144044526,"+"
"RBM42","chr2_12723552_12724628",1768.41920959011,"-"
"SLTM","chr4_98482175_98507677",1768.32531481079,"-"
"G3BP1","chr5_138157267_138160068",1768.11026992201,"-"
"SFMBT2","chr1_110895055_110897808",1767.634603978,"+"
"SNRPD2","chr19_18572607_18573292",1767.54335596982,"-"
"NONO","chr5_57214193_57221375",1767.38967608323,"-"
"PABPC1","chr16_50742124_50742761",1767.22701234703,"-"
"RBM4B","chr6_26443442_26443956",1767.18597783821,"-"
"NCL","chr1_45552563_45561788",1767.1329258075,"-"
"SNRPA","chr21_8393926_8438136",1767.11586805133,"-"
"CIRBP","chr3_49022768_49022877",1767.01615613153,"-"
"KHDRBS1","chr15_31327789_31372009",1766.51394071266,"-"
"RBM39","chr3_48922811_48924717",1766.41414322658,"-"
"RBM5","chr14_58274135_58291634",1766.34033265993,"-"
"CCAR1","chr17_76729794_76732977",1766.33938799163,"-"
"RBM17","chr3_71053773_71064823",1766.23294268504,"-"
"HNRNPH2","chr15_76292700_76311349",1766.09644415986,"-"
"RBM14","chr22_43151604_43161051",1765.6233053265,"+"
"RBM26","chr2_229860531_229879981",1765.59902210389,"-"
"HNRNPA1","chr16_50742124_50742761",1765.555892969,"+"
"ZRANB2","chr2_84838241_84839148",1765.1877044177,"-"
"PARP14","chr12_56160320_56161386",1764.79863093164,"-"
"SNRPG","chr12_9694091_9694759",1764.59876326953,"-"
"ACIN1","chr14_22490553_22547505",1764.3110877632,"-"
"RFTN1","chr13_37048599_37051487",1763.82391555593,"-"
"RBM17","chr5_43555999_43556818",1763.35285042376,"-"
"ZRANB2","chr19_2324196_2328386",1763.33719313847,"-"
"SLTM","chr21_8393888_8438099",1763.32533777777,"-"
"APTX","chr16_3068806_3068989",1763.20211295476,"+"
"NCL","chr1_43975107_43976089",1762.80425453219,"-"
"ZFP36L2","chr17_37576418_37584647",1762.69446922144,"-"
"CIRBP","chr21_29036374_29037275",1762.6690962888,"-"
"HNRNPF","chr2_71331875_71348752",1762.15852319717,"-"
"PABPC3","chr3_121730017_121730847",1762.15708060663,"-"
"MKRN2","chr2_213057099_213147470",1762.11479111167,"-"
"SAMD3","chr1_25562716_25563069",1762.08910914209,"-"
"PUM1","chr19_5610688_5612539",1762.07158958885,"-"
"EWSR1","chr2_108534594_108659604",1761.9866099525,"-"
"ZFP36L2","chr2_95918042_95921606",1761.96573600254,"+"
"SNRPN","chr3_188225527_188341655",1761.91139809207,"+"
"RBM3","chr16_29569328_29594886",1761.90430348459,"-"
"RBM3","chr15_88880610_88881356",1761.52850991714,"-"
"FUS","chr13_32407772_32427903",1761.42592162432,"-"
"SASH3","chr2_97725242_97732882",1761.33268341525,"-"
"PCBP1","chr3_49975392_49999439",1761.29608871352,"-"
"PCBP1","chr1_151307801_151315572",1761.19665206284,"-"
"PABPC1","chr4_53391139_53391429",1761.06869649137,"-"
"ZFR","chr1_155668777_155670319",1760.72806411657,"-"
"EWSR1","chr14_24606746_24608264",1760.69965761965,"+"
"RBMX","chr16_22513921_22523819",1760.4647594631,"-"
"SAMSN1","chr1_110950123_110963620",1760.32952577256,"-"
"G3BP2","chr5_140487060_140496519",1760.1912929786,"-"
"LSM4","chr22_40594735_40636477",1759.61579247996,"-"
"EWSR1","chr2_272305_275139",1759.54774021059,"-"
"NONO","chr17_3723383_3723687",1759.54203717834,"-"
"YBX1","chr2_126656312_126693863",1759.49268598276,"-"
"HNRNPL","chr13_37045373_37047534",1759.40086995254,"-"
"HELZ","chr12_66138165_66138723",1759.37879207718,"+"
"U2AF1L4","chr22_39102042_39103688",1759.25409936134,"-"
"PCBP1","chr16_88699732_88701261",1759.2425175458,"-"
"TNKS2","chr22_42514779_42576980",1759.07603557443,"-"
"RBM5","chr2_232703489_232735154",1758.52255751871,"-"
"SNRPB","chr15_50424514_50439008",1758.51929002655,"-"
"PUM1","chr15_34407735_34437397",1758.36394467264,"-"
"HNRNPC","chr2_98663179_98663340",1758.24912187045,"-"
"CSDE1","chr22_20568631_20582610",1757.97791048281,"-"
"ZFP36L2","chr12_47166643_47216164",1757.46499537468,"-"
"HNRNPA2B1","chr2_85596649_85597103",1757.36143317401,"-"
"ZC3H8","chr19_18071333_18072111",1757.35948056323,"-"
"RBMX","chr21_42413523_42416441",1757.20797873738,"-"
"HNRNPA1","chr14_22524381_22547505",1757.15855325547,"-"
"SRRM1","chr2_230248968_230255451",1757.04861963494,"-"
"STIM2","chr13_19677823_19730238",1756.78015104286,"-"
"ZFP36","chr16_69568548_69626402",1756.70590531175,"-"
"RBM3","chr2_207560372_207567462",1756.67327985549,"-"
"SAFB","chr2_70227822_70229058",1756.40203567145,"-"
"PARP10","chr2_160367391_160493288",1756.23245101112,"-"
"SAMHD1","chr1_155916737_155917498",1756.1294668006,"+"
"SNRPB","chr2_160285044_160286968",1756.05422379159,"-"
"SNRPB2","chr19_49879504_49880278",1756.0065264127,"+"
"EIF4H","chr16_89727357_89729234",1755.95244368441,"-"
"HNRNPF","chr21_33931742_33938224",1755.83731031383,"-"
"HNRNPA2B1","chr1_110894401_110899123",1755.40804657152,"+"
"CIRBP","chr2_113439117_113441350",1755.35779075225,"-"
"MBNL1","chr14_101823941_101856685",1755.11780591053,"-"
"TIPARP","chr22_41781845_41793828",1754.41761495708,"-"
"RBM4","chr22_21629407_21629542",1754.41148927523,"-"
"LSM3","chr5_178209447_178210131",1754.37384692832,"-"
"SETD1B","chr2_71331865_71355718",1754.32378318261,"-"
"SNRPB","chr2_97122993_97124459",1754.27029673852,"-"
"LCP2","chr1_23971623_23971849",1754.26318550475,"-"
"SAFB","chr14_101912473_101925140",1754.10609851055,"-"
"KHDRBS1","chr2_95919920_95921606",1754.01150034458,"-"
"NCBP2","chr12_54283234_54283811",1753.84572903327,"+"
"PTBP1","chr3_32955261_32956707",1753.80831773631,"-"
"RNPS1","chr19_49450939_49451484",1753.72717019866,"-"
"RBM3","chr6_29725306_29725451",1753.34032161631,"+"
"HNRNPA2B1","chr12_56724549_56725262",1752.90150999241,"+"
"RNF113A","chr2_95918042_95919732",1752.84722763946,"-"
"ZFP36L1","chr15_92900824_92924320",1752.56905653036,"-"
"YTHDC2","chr2_48314814_48328560",1752.51127612648,"-"
"EIF4B","chr15_50726126_50726320",1752.38264663146,"-"
"RC3H1","chr16_635063_635280",1752.2862673012,"-"
"ZFP36L2","chr3_184245812_184248781",1751.8297871079,"-"
"RBM10","chr6_29725202_29928224",1751.55710815723,"-"
"TARDBP","chr3_50332154_50337904",1751.49264761021,"-"
"RBM19","chr12_124913111_124913339",1751.27978495535,"+"
"HNRNPR","chr21_42413222_42416441",1751.19030584329,"-"
"PUM1","chr12_9009525_9058091",1751.14777427586,"-"
"TARDBP","chr2_232734486_232735154",1750.76084197156,"-"
"MBNL3","chr12_46367340_46370775",1750.75741957098,"-"
"PUM2","chr21_33230216_33241885",1750.5357163537,"-"
"SYNCRIP","chr22_20551166_20551435",1750.5314462096,"+"
"RBM3","chr20_58669453_58670511",1750.51799422548,"-"
"PNPT1","chr14_105488027_105488165",1750.19530135065,"+"
"ZFP36","chr21_8393926_8438141",1750.11307426833,"-"
"PABPC1","chr12_55937557_55937977",1749.85762233686,"-"
"G3BP1","chr17_35321865_35323147",1749.84257664616,"-"
"NONO","chr2_241508135_241508504",1749.64035723594,"-"
"SAFB2","chr2_159712606_159729008",1749.57048913694,"-"
"SFPQ","chr1_159814292_159815535",1749.29471729579,"-"
"SAMHD1","chr3_105678571_105681478",1749.20303115438,"-"
"ZFP36L1","chr22_45328063_45330602",1749.14884078712,"-"
"NCL","chr22_41781845_41784338",1749.09259964286,"-"
"EWSR1","chr2_97118517_97127066",1749.07603099792,"-"
"PARP10","chr2_189782602_189784268",1749.07489348323,"-"
"EIF3G","chr3_196939432_196942369",1748.97404363001,"-"
"SNRPD2","chr21_8393177_8437384",1748.95575005818,"+"
"YTHDC1","chr17_78124655_78124888",1748.67176445002,"-"
"NCL","chr22_40552367_40636477",1748.30276886081,"-"
"PCBP1","chr6_30489995_30490313",1748.11399204039,"+"
"SPEN","chr2_97122993_97127066",1747.93109708903,"-"
"PARP14","chr1_45600457_45602254",1747.71118816981,"-"
"RBMX","chr12_56116863_56117188",1747.66275062075,"+"
"YBX1","chr2_85327273_85327441",1747.59431918219,"-"
"DKC1","chr14_22486296_22547505",1747.56440199545,"-"
"SAMD3","chr15_85690104_85693276",1747.22392052936,"-"
"G3BP2","chr3_48440458_48440544",1747.05144115736,"+"
"HNRNPA2B1","chr15_34528747_34529017",1746.96116485772,"+"
"SAMHD1","chr2_191682017_191682491",1746.95803059812,"-"
"HNRNPH1","chr3_32955261_32956707",1746.91205580308,"+"
"EIF3G","chr2_271939_272191",1746.7559685515,"-"
"ZFP36L2","chr19_18430930_18431646",1746.58786791177,"+"
"G3BP2","chr18_26035923_26038554",1746.55293218965,"-"
"SNRNP70","chr1_16485665_16633094",1746.31777092496,"-"
"SAMSN1","chr22_32475398_32478980",1746.30261500372,"-"
"MBNL1","chr1_149531742_149537099",1746.01055026319,"+"
"MBNL1","chr17_4710744_4715972",1745.85052280822,"-"
"SRRM1","chr21_29036374_29037278",1745.42834613628,"-"
"RBM3","chr1_40040783_40059333",1745.37917852058,"+"
"RBM22","chr19_18538436_18539370",1745.3009304525,"-"
"YBX1","chr3_114974416_115147218",1745.29088613997,"-"
"EIF3G","chr20_3149260_3159765",1745.10554378669,"-"
"RBM5","chr20_35280118_35284175",1745.09119320725,"-"
"HNRNPC","chr22_29288786_29292136",1744.94493425034,"-"
"TTC14","chr15_52557222_52568847",1744.82014834154,"-"
"SSB","chr16_1786655_1787676",1744.79219945252,"-"
"HNRNPA2B1","chr21_37073364_37108391",1744.79007628183,"-"
"TNRC6A","chr16_29663080_29663694",1744.74358616521,"-"
"HNRNPA1","chr1_24662804_24666814",1744.71381288763,"-"
"RBM8A","chr1_26363154_26364531",1744.46469915842,"-"
"RBMX","chr17_5515517_5517745",1744.26770042292,"-"
"NCL","chr1_149536497_149537099",1744.21022146774,"-"
"SF3A1","chr5_35876719_35877475",1744.07589765763,"-"
"HNRNPA2B1","chr17_78131737_78132358",1743.4777993864,"-"
"ZRANB2","chr17_4715043_4715972",1743.43200549434,"-"
"SRRT","chr21_8394009_8438220",1743.39213371968,"-"
"PPFIA1","chr14_96379755_96382246",1742.66986852109,"-"
"STIM2","chr2_64585545_64591887",1742.11696366228,"-"
"PTBP1","chr5_94053227_94074645",1741.75891564715,"-"
"PTBP2","chr12_31959900_31960776",1741.73446745845,"+"
"HNRNPA3","chr19_17838390_17839476",1741.43022011693,"-"
"EIF2S1","chr14_22531138_22547505",1741.34271391849,"+"
"YTHDF3","chr17_42568559_42568836",1741.22134962557,"-"
"LSM3","chr19_10089378_10089656",1741.09794859615,"-"
"PPIE","chr21_42413222_42416441",1741.01631807318,"-"
"SF1","chr1_77721925_77722023",1740.86955845362,"-"
"RPS3","chr12_56116863_56117188",1740.66872360983,"-"
"ACIN1","chr16_4694308_4694957",1740.60311008908,"-"
"HNRNPF","chr20_30391308_30393550",1740.54370068838,"-"
"SLBP","chr12_6728001_6728222",1740.48811544681,"-"
"TMEM63A","chr21_8393174_8437388",1740.44448943978,"+"
"TRMT2A","chr5_149496860_149505482",1740.34919363938,"-"
"CIRBP","chr2_71331865_71355718",1740.30261417191,"-"
"ZC3H14","chr6_26459828_26463243",1740.26322560668,"-"
"SAMD9L","chr5_133006920_133022840",1740.26092051246,"-"
"PABPC1","chr17_16439703_16440184",1740.18453485449,"-"
"FMR1","chr16_30184343_30185208",1740.10398662977,"+"
"RBM3","chr22_41784420_41793828",1740.10308970534,"-"
"MATR3","chr2_74135658_74145188",1739.95430260292,"-"
"HNRNPA2B1","chr2_241099894_241102252",1739.93003389878,"-"
"FUBP1","chr2_86170841_86171207",1739.69229865837,"-"
"SNRPB","chr18_13621271_13645126",1739.49843114712,"-"
"EIF4B","chr2_97187401_97189086",1739.33042828096,"-"
"ACIN1","chr1_154966077_154966161",1738.9492137466,"-"
"RBM27","chr17_5521012_5521523",1738.89700827009,"-"
"RBM25","chr3_180985996_180988022",1738.80137928932,"-"
"NCL","chr12_57107743_57108162",1738.78792710441,"-"
"FUBP1","chr19_34221738_34227364",1738.78691221438,"-"
"FUBP1","chr1_192575929_192576773",1738.62080983774,"+"
"SAFB2","chr2_97538363_97541910",1738.61227029024,"-"
"SSB","chr2_37149023_37156907",1738.27323694585,"-"
"TIAL1","chr21_37073473_37087246",1738.24826736622,"-"
"YTHDC1","chr3_138187599_138209816",1738.10004480429,"-"
"HNRNPK","chr12_14385400_14423908",1738.0894154884,"-"
"ZC3HAV1","chr4_4268615_4269428",1737.99224380953,"-"
"ZC3HAV1","chr2_95956816_95960472",1737.95073078923,"+"
"HNRNPA1","chr12_57477676_57477784",1737.92144055793,"-"
"RBM23","chr16_28656523_29050671",1737.72356827484,"-"
"HNRNPH3","chr2_95918042_95921606",1737.55164861602,"+"
"PDCD11","chr22_44185872_44186576",1737.48775067434,"-"
"MSI2","chr1_228141288_228145510",1737.27357785632,"-"
"TRA2A","chr2_97206135_97211545",1736.81089203505,"+"
"POLR2G","chr1_146988949_146991112",1736.59098894241,"-"
"PTBP1","chr13_72781356_72781604",1735.8822499326,"-"
"RBM22","chr14_22513998_22547505",1735.79979137174,"-"
"ZFP36L1","chr17_63930385_63931334",1735.57985299888,"-"
"SNRPB","chr1_193059776_193075819",1735.43310332881,"-"
"RBM6","chr21_25729801_25734332",1735.14459169825,"-"
"CNOT4","chr22_50197588_50197826",1735.11611985979,"-"
"RNPC3","chr14_101917947_101925140",1735.11561203715,"-"
"STIM1","chr4_153583672_153584834",1734.87074335957,"-"
"ACIN1","chr12_62349307_62355330",1734.79731092257,"-"
"MCTS1","chr2_71331875_71348752",1734.48755360264,"-"
"RBM25","chr1_173715654_173716002",1734.30106077245,"-"
"SNRPN","chr22_24427726_24433130",1734.22884691688,"-"
"NOL8","chr3_183840640_183844230",1734.22516280114,"-"
"ZFR","chr17_4715336_4715972",1734.13320257807,"-"
"SNRPB","chr3_52246812_52246973",1734.12029356902,"-"
"SASH3","chr2_97206135_97211545",1733.82734254453,"+"
"STIM1","chr2_68047319_68062944",1733.73386679763,"-"
"HNRNPR","chr12_43759016_43768102",1733.59036940629,"-"
"KHDRBS1","chr22_20052584_20055942",1733.43400595197,"-"
"SRRM1","chr2_203266681_203278572",1733.37633370501,"-"
"HNRNPH1","chr13_42888502_42895008",1733.34972033749,"-"
"HNRNPH1","chr1_236542787_236543559",1733.29853024247,"-"
"SSB","chr2_113197634_113197749",1733.22698277587,"-"
"HNRNPA2B1","chr14_22492907_22547505",1733.08604581302,"+"
"HELZ","chr3_32442013_32452391",1732.98929981336,"-"
"RBM14","chr17_10705615_10706437",1732.85244892878,"-"
"THUMPD3","chr20_50084254_50113106",1732.84294392978,"+"
"RFTN1","chr2_55577356_55579678",1732.64972773577,"-"
"SRRT","chr3_50332154_50337172",1732.61306817227,"-"
"ZFR","chr6_31620858_31622689",1732.48460600326,"-"
"LSM10","chr1_11746223_11747439",1731.96099642189,"-"
"ZC3HAV1","chr20_58889353_58895611",1731.72682215719,"-"
"RBM5","chr19_38619317_38620336",1731.54251582841,"-"
"ZC3HAV1","chr4_185191212_185203784",1731.2882771563,"-"
"ZC3H8","chr3_50332154_50337172",1731.26204573266,"-"
"NONO","chr17_42316851_42317181",1731.14088261042,"-"
"PARP10","chr4_53377923_53379224",1730.99379231967,"-"
"MBNL1","chr2_95910445_95914274",1730.96986559052,"+"
"SAMHD1","chr17_73212740_73227164",1730.96852418043,"-"
"GTF3A","chr17_7393836_7394103",1730.79644198838,"-"
"ZRANB2","chr1_174800500_174811831",1730.70725284553,"-"
"SUPT6H","chr13_52659249_52662648",1730.62479085256,"-"
"ZCRB1","chr17_42316851_42317181",1730.5833795147,"-"
"SAMD9","chr2_230200965_230207990",1730.28828145524,"-"
"SNRPC","chr12_2823943_2824089",1730.2485440863,"-"
"TTC14","chr19_54449310_54451289",1730.12284803769,"-"
"MBNL1","chr6_107708011_107731973",1730.11771479367,"-"
"NAA38","chr20_63708188_63708552",1730.02159965367,"-"
"LARP4B","chr15_101966223_101972900",1729.55513831769,"-"
"RBM25","chr2_74135658_74145188",1729.29709827096,"-"
"MBNL2","chr1_193023036_193023843",1729.15384067425,"-"
"TNRC6A","chr16_29446922_29454015",1729.09542786896,"-"
"SNRPA","chr15_50424654_50439008",1729.02542455625,"-"
"TRA2B","chr2_174585611_174682773",1728.97602325114,"-"
"GRSF1","chr12_53467843_53468776",1728.76663041267,"-"
"RNPS1","chr1_116782601_116805604",1728.21788339279,"-"
"TIPARP","chr18_9208797_9211583",1728.17713795244,"-"
"NONO","chr15_64075537_64088686",1728.17172898662,"-"
"RBMX","chr2_127057601_127059010",1727.77268102216,"-"
"MCM3AP","chr14_22906368_22909482",1727.69698373887,"-"
"ZRANB2","chr1_244835756_244842194",1727.62021136553,"-"
"SF1","chr16_75644462_75647577",1727.54477233576,"-"
"POLR2G","chr2_95960667_95962351",1727.45259364066,"-"
"ELAVL1","chr20_35699451_35699632",1727.42991618354,"+"
"HELZ","chr14_89412490_89619027",1727.37127866189,"-"
"SRRM2","chr3_9813345_9816073",1727.20433848459,"-"
"RBM39","chr1_146988949_146989573",1727.18356083062,"+"
"RNPS1","chr15_49137458_49139527",1727.04520154554,"-"
"SNRPB","chr2_108534594_108659604",1727.02835989877,"-"
"ZC3H8","chr3_105746038_105776395",1726.8988196448,"-"
"RPS3","chr5_180793097_180803812",1725.93565444214,"-"
"PTBP1","chr3_9689082_9689963",1725.79915262893,"-"
"SAMD9","chr2_97209709_97209799",1725.7145448575,"-"
"RBM23","chr17_44212454_44212818",1725.61894180809,"-"
"ZFP36","chr2_95918042_95921606",1725.58106757679,"+"
"ZRANB2","chr20_63873816_63882718",1725.42683263402,"-"
"SNRPB2","chr2_113438022_113439019",1725.41425026333,"-"
"SNRPD2","chr2_97198491_97204190",1725.27094655918,"-"
"LSM6","chr14_22906368_22909482",1725.19405952114,"-"
"RBM17","chr1_23333631_23337753",1725.01036422394,"-"
"MBNL1","chr1_11748589_11750076",1724.95774728199,"-"
"TRA2A","chr22_26663398_26665456",1724.71029538438,"-"
"KRR1","chr15_44715701_44716327",1724.21632394671,"-"
"DHX8","chr14_24633075_24634105",1724.21355793797,"+"
"PARP10","chr2_238188257_238189852",1723.96001251586,"-"
"TMEM63A","chr1_151890214_151895007",1723.2055989739,"-"
"ZC3H8","chr2_85694923_85695319",1723.17471520162,"-"
"NCL","chr5_135346057_135352945",1722.86773770114,"-"
"NIP7","chr3_197621868_197623219",1722.60393259277,"-"
"SNRPD2","chr6_29829589_29944293",1722.42122533691,"+"
"EIF3G","chr15_34528750_34529017",1722.25535806498,"-"
"RBM25","chr17_81891833_81894466",1722.03232986416,"-"
"RBM25","chr2_97198491_97204190",1721.87225618212,"+"
"NSUN6","chr16_56989595_57017073",1721.84035881555,"-"
"HNRNPH3","chr5_146463793_146469543",1721.83998325437,"-"
"SF1","chr1_207767823_207770320",1721.51691711728,"-"
"HNRNPA3","chr2_95935644_95938986",1721.3513521143,"-"
"ZC3H13","chr1_116760460_116764483",1721.35117843314,"+"
"CSDE1","chr17_5501872_5517745",1721.33861773037,"-"
"YBX1","chr12_6566324_6566528",1721.26063986934,"-"
"RBM25","chr2_127051243_127057472",1720.99714607069,"-"
"SAFB2","chr2_231786538_231788554",1720.95591084134,"-"
"ZFP36L2","chr17_3925438_3928662",1720.94151540505,"-"
"RPS3","chr2_108469332_108469650",1720.93801555157,"-"
"TARDBP","chr12_79798584_79807225",1720.39985064729,"-"
"ZFR","chr1_71065137_71066775",1720.21138621429,"-"
"EIF2S1","chr17_78132030_78132358",1720.18518713174,"-"
"PAN3","chr2_174585611_174682773",1720.11280369622,"+"
"ARAP2","chr2_97194917_97202201",1719.64259594238,"+"
"SNRPB2","chr2_230172959_230177537",1719.50762817804,"-"
"RBM39","chr12_42332702_42335882",1719.31283573629,"-"
"HNRNPC","chr15_63533918_63537024",1719.13414136586,"-"
"HNRNPA1","chr2_230440557_230442936",1718.84443855084,"-"
"NONO","chr12_98537572_98546358",1718.75670550392,"-"
"PPP1R10","chr2_74135658_74145188",1718.70063089168,"-"
"MBNL1","chr15_50424514_50439008",1718.57454808338,"-"
"MKRN1","chr2_201160942_201163834",1718.42071303216,"-"
"PABPC1","chr1_207767823_207770320",1718.40553314852,"-"
"SAMSN1","chr19_5610688_5612539",1718.03708551982,"-"
"PAN3","chr22_50197588_50197826",1717.98594599606,"-"
"GRSF1","chr20_49124605_49135832",1717.91125725645,"-"
"SAFB","chr3_167720273_167725400",1717.65683229753,"-"
"CIRBP","chr1_151889373_151895007",1717.59253078612,"-"
"HNRNPF","chr22_23791894_23793558",1717.40245149712,"-"
"PUF60","chr1_236542787_236543559",1717.28712359356,"-"
"NONO","chr17_77402703_77482143",1716.95884565933,"-"
"SF1","chr2_231711419_231712442",1716.48544031033,"+"
"ZFP36L1","chr2_95891737_95927380",1716.37965928041,"-"
"HNRNPH3","chr14_45250138_45253034",1716.19113963493,"-"
"RBMS1","chr20_63707097_63707866",1716.15372306062,"-"
"RBMXL1","chr2_68782320_68807272",1716.14482150753,"-"
"SNRPC","chr14_89412490_89619027",1716.10851487022,"+"
"RNPC3","chr20_5106222_5109331",1716.03133354615,"-"
"NONO","chr14_23557304_23558694",1715.99584062607,"-"
"SNRPB2","chr17_49636809_49677932",1715.92710983044,"-"
"RPS3","chr3_32955261_32956707",1715.73531250675,"+"
"TIA1","chr3_138187599_138188454",1715.55144743434,"-"
"G3BP1","chr2_97164311_97167576",1715.54369249599,"-"
"HNRNPM","chr17_29568548_29569017",1715.3614324759,"-"
"LCP2","chr2_10408734_10419733",1715.21550615415,"-"
"SRRT","chr19_5610688_5612539",1715.1893783948,"-"
"U2AF1","chr14_35122910_35126734",1715.06599105406,"-"
"SNRPF","chr13_46045513_46052403",1715.02524629515,"-"
"SNRPC","chr3_50350984_50351408",1714.9178317958,"-"
"YTHDC2","chr2_97219246_97224808",1714.84625720666,"-"
"NONO","chr3_48927813_48961611",1714.69588083998,"-"
"ZNF638","chr22_20568631_20582610",1714.68006021408,"-"
"HNRNPC","chr12_57476651_57477155",1714.67584327944,"-"
"RPS3","chr6_111696456_111702884",1714.25873784326,"-"
"HNRNPA1","chr19_52818031_52857571",1714.13801593068,"+"
"SAFB2","chr2_231711419_231712442",1714.12626259703,"+"
"TARDBP","chr6_32127750_32128116",1714.09977969178,"-"
"RBM22","chr20_63875875_63882718",1713.93374606752,"-"
"RBM5","chr13_114282943_114286518",1713.8099921994,"-"
"RBMXL1","chr2_86171312_86173649",1713.66116440041,"-"
"G3BP1","chr1_1390865_1393395",1713.62787654898,"-"
"RBM25","chr12_9009513_9058091",1713.387618177,"-"
"RALY","chr3_50350984_50351408",1713.2339138792,"-"
"SAMSN1","chr2_95935644_95938986",1713.23122112461,"-"
"HNRNPA3","chr1_112703806_112707077",1713.23028464197,"-"
"RFTN1","chr16_70514509_70517625",1712.74287681001,"-"
"HNRNPA2B1","chr1_45661225_45686411",1712.59535276144,"-"
"RBMX","chr20_49124605_49135832",1712.54018739502,"-"
"TRA2A","chr4_56656012_56656339",1712.47516827153,"-"
"RBM3","chr2_230248968_230250980",1712.4676745204,"-"
"SAMSN1","chr3_71299880_71359149",1712.42147696064,"-"
"ZRANB2","chr16_53492519_53492692",1712.39506719113,"-"
"U2AF1","chr17_5517887_5521523",1712.01620356665,"-"
"SCML4","chr3_185926734_185931576",1711.72926370658,"-"
"POLR2G","chr1_30739937_30742455",1711.71225024972,"+"
"SRRM2","chr2_64585545_64591884",1711.68332195037,"-"
"EWSR1","chr1_207790345_207793518",1711.52595658654,"-"
"SASH3","chr2_207560372_207561118",1711.35626776715,"-"
"U2AF1L4","chr2_95958785_95960472",1711.196917151,"-"
"SNRPG","chr22_45328063_45328309",1711.1369220407,"+"
"PCBP2","chr3_39266518_39281608",1710.921249127,"+"
"NAA38","chr3_50100051_50103082",1710.82293004496,"-"
"SPEN","chr2_189782602_189783013",1710.8138282689,"-"
"SNRPG","chr6_26443442_26443956",1710.16723371579,"-"
"SAMD3","chr4_53391139_53391429",1709.939554996,"-"
"PPP1R10","chr16_31201841_31202416",1709.91929029363,"+"
"RBM3","chr17_3723383_3723687",1709.91521268137,"-"
"MBNL1","chr16_53450285_53451702",1709.83976332903,"-"
"SNRPD2","chr1_5992788_6040516",1709.68652635424,"-"
"ZFP36L2","chr22_40463286_40552105",1709.66055098242,"-"
"NCL","chr20_49124587_49135832",1709.49402172253,"-"
"PHC3","chr2_97206135_97211545",1709.4831723822,"-"
"SF1","chr1_25562978_25563069",1709.46896293263,"-"
"SNRPB","chr22_20126368_20126951",1709.12281769778,"-"
"HNRNPR","chr22_39102042_39103688",1708.58258297658,"-"
"PABPC1","chr2_230200965_230207990",1708.58053469565,"-"
"ZFR","chr1_45551155_45561788",1708.53220954841,"-"
"SFPQ","chr1_188902_195262",1708.03478932757,"+"
"TRA2B","chr3_9813345_9817644",1708.0126076827,"-"
"RBM39","chr2_230248968_230250980",1707.61648650674,"-"
"HNRNPC","chr2_191010004_191014017",1707.61429130509,"-"
"G3BP2","chr17_3925438_3928662",1707.26856618881,"-"
"MCTS1","chr19_13759272_13762298",1707.24291851938,"-"
"THUMPD1","chr6_29944221_30008286",1706.97001118807,"-"
"G3BP1","chr3_50332154_50337172",1706.71056756005,"-"
"CNOT4","chr16_3065494_3065783",1706.65407194211,"+"
"SSB","chr2_37148939_37156907",1706.63028249282,"-"
"SCML4","chr13_27440449_27445087",1706.48043649453,"-"
"RBMXL1","chr3_47917174_47921764",1706.47913454419,"-"
"EIF3G","chr4_53391139_53391429",1706.08847519228,"-"
"PUF60","chr16_68302501_68304025",1705.47361540475,"-"
"STIM2","chr2_97187401_97192857",1705.31839772483,"+"
"HELZ","chr13_19970071_19993062",1705.19866923366,"-"
"MBNL1","chr17_76559043_76561287",1705.03785433402,"-"
"LARP4B","chr21_8392957_8437168",1704.83413136914,"+"
"HNRNPA1P4","chr2_97187401_97190977",1704.48756504574,"+"
"RNF113A","chr3_129171538_129171651",1704.47753793521,"+"
"PCBP1","chr12_124912427_124913339",1704.23551110544,"-"
"PPP1R10","chr14_24608425_24609558",1703.83619305027,"+"
"HNRNPH3","chr3_49310737_49311513",1703.57844733078,"-"
"SNRPD2","chr5_179614959_179616125",1703.04944256006,"-"
"EWSR1","chr6_26411581_26413168",1702.77683883622,"-"
"PTBP1","chr22_26666937_26668157",1702.6774948854,"-"
"HNRNPL","chr1_42457567_42459602",1702.51110193426,"-"
"EWSR1","chr17_4715336_4715972",1702.43363330081,"+"
"U2AF2","chr1_110896733_110899123",1702.19068457925,"+"
"ELAVL1","chr17_7224069_7224320",1702.03817962705,"-"
"EWSR1","chr1_26363134_26364531",1701.99931592885,"+"
"PHC3","chr14_73099750_73103191",1701.69342648006,"-"
"RBM8A","chr4_673401_674211",1701.68024844185,"-"
"LCP2","chr2_71350271_71355718",1701.62582912627,"-"
"TRMT2A","chr5_93964523_94053125",1701.56272776173,"-"
"RPS3","chr1_75790517_75791284",1701.54710371492,"-"
"SASH3","chr16_30186720_30186815",1701.40089610256,"+"
"FUS","chr2_201138964_201140356",1701.14094691868,"-"
"EIF3G","chr12_46254936_46268864",1701.12764687828,"-"
"DGKH","chr17_82884202_82889667",1700.9056374025,"-"
"RNF113A","chr1_203016140_203018480",1700.7015021071,"-"
"MCM3AP","chr19_54200961_54201159",1700.61595451884,"-"
"CPSF6","chr1_151310255_151315572",1700.26435556682,"-"
"SAFB2","chr2_203266681_203278572",1700.26124643252,"-"
"NCL","chr2_12723552_12740325",1700.18567113689,"-"
"PAN3","chr5_79641196_79642843",1699.83398619063,"-"
"SRRM1","chr6_26411581_26412704",1699.82064349857,"-"
"EIF4B","chr3_32955261_32955873",1699.76326959331,"-"
"SNRPD2","chr2_224931668_225042251",1699.7526984303,"-"
"LARP4","chr17_4710744_4715972",1699.66791585273,"+"
"FXR1","chr6_106293106_106308363",1699.21378465489,"-"
"SAMSN1","chr17_36103981_36211775",1699.20112057372,"+"
"RBM5","chr22_29767607_29769677",1699.13522881336,"-"
"RBM10","chr1_23109650_23168765",1699.1216947528,"-"
"HNRNPH1","chr19_2324192_2328386",1698.60116476592,"-"
"PCBP1","chr12_47206588_47216164",1698.48990001399,"+"
"PUF60","chr2_148021684_148054390",1698.16704100662,"-"
"CSDE1","chr14_24606746_24608264",1698.15472555873,"+"
"ZC3H15","chr22_17209723_17219355",1698.02606349252,"-"
"HNRNPK","chr15_85655787_85664562",1697.65206433411,"-"
"RPS3","chr16_89686797_89689251",1697.60658630318,"-"
"HNRNPA1","chr21_8437547_8437663",1697.52465645867,"+"
"YTHDF2","chr2_11172045_11177736",1697.40751263625,"-"
"RBM3","chr2_85694470_85694915",1697.40213160001,"+"
"DAZAP1","chr14_55580354_55612018",1697.30750737964,"-"
"ZFR","chr16_68302501_68304025",1697.27722463744,"-"
"ACIN1","chr17_78137323_78137716",1697.10279841877,"-"
"STIM1","chr14_24232847_24233218",1697.07463646194,"-"
"ZFP36L1","chr22_50185976_50193026",1696.80299756126,"-"
"TTC14","chr16_69566374_69626402",1696.68123015701,"-"
"RBM45","chr2_230327301_230357804",1696.64876864946,"-"
"RBM10","chr2_85694996_85695319",1696.58944646337,"+"
"ZFP36L1","chr1_156816063_156816674",1696.54943275799,"-"
"TTC14","chr1_155921527_155921860",1696.48685984413,"-"
"PABPC1","chr6_31835451_31836423",1696.16506873649,"-"
"HNRNPF","chr14_53046949_53054437",1695.77716588214,"-"
"SLBP","chr14_91866625_91867261",1695.74838585112,"-"
"PABPC3","chr16_89727325_89729234",1695.64187633994,"-"
"EIF3G","chr14_23565701_23566063",1695.53787627389,"-"
"PHC3","chr17_3925441_3928662",1695.5141184066,"-"
"HNRNPM","chr14_35124231_35126734",1695.12037687987,"-"
"HNRNPA2B1","chr17_37576418_37584647",1695.06887703586,"-"
"GRSF1","chr17_78132030_78132358",1694.91593066295,"-"
"HNRNPR","chr2_73927052_73958145",1694.64326189688,"-"
"HNRNPH1","chr1_40040801_40059333",1694.53737311841,"-"
"RBM25","chr6_152294127_152301868",1694.12724796685,"-"
"UHMK1","chr16_4361469_4361984",1694.03115573062,"-"
"SNRPB","chr13_37048599_37051487",1694.0235686623,"-"
"SNRPD2","chr17_47973693_47973930",1693.58353083951,"+"
"NONO","chr22_19441694_19447377",1693.39305771522,"-"
"MBNL1","chr16_88700940_88701261",1693.36271920051,"-"
"ZFP36L1","chr1_103533854_103534771",1693.28217481985,"-"
"SNRPA","chr3_170136665_170171372",1693.15442628198,"-"
"ZCRB1","chr5_150366666_150401641",1693.09704578174,"-"
"RPS3","chr15_44716356_44717606",1692.95836028874,"+"
"PARN","chr2_97219246_97224805",1692.79020395065,"-"
"RNPS1","chr14_23567319_23567738",1692.77071876676,"-"
"G3BP1","chr17_63931385_63932194",1692.21632853293,"-"
"PABPC1","chr4_48089824_48094076",1691.3900507894,"+"
"SSB","chr2_191682017_191683728",1691.20237644709,"-"
"CPSF7","chr22_19441694_19447377",1691.16870508758,"-"
"CPSF6","chr22_17209723_17219355",1691.08844051217,"-"
"EIF4H","chr19_51372074_51372378",1691.06603205031,"+"
"EIF4H","chr22_45328145_45328309",1691.05188397256,"+"
"RNPS1","chr22_25448284_25455711",1691.00360328675,"-"
"NIP7","chr17_5422829_5432541",1690.83884504499,"-"
"SRRM1","chr14_91170201_91173288",1690.77426161581,"-"
"HNRNPA1","chr1_158973771_158976700",1690.70515033125,"-"
"EIF4B","chr14_45250138_45253034",1690.67031451656,"-"
"MCTS1","chr1_24662804_24666814",1690.62064069716,"-"
"RBM3","chr3_9690143_9701789",1690.28939409869,"-"
"CNOT4","chr17_42568559_42568836",1690.15281606818,"-"
"ZFP36","chr16_634956_635280",1690.10775508342,"-"
"RBM22","chr3_52700496_52705446",1689.93315020297,"-"
"RBM25","chr12_89497342_89525119",1689.92880328056,"-"
"LSM7","chr14_92093318_92096092",1689.50870078032,"-"
"PHC3","chr12_42332702_42335882",1689.26419449948,"-"
"SCML4","chr15_44672156_44672387",1689.20943902242,"-"
"SF1","chr17_6760601_6762154",1689.07930389854,"-"
"SSB","chr2_95888120_95958590",1689.04811438683,"-"
"HTATSF1","chr12_9009525_9058091",1688.95621408365,"-"
"MATR3","chr14_22508658_22547505",1688.9460485859,"-"
"SAMSN1","chr2_23827860_23828848",1688.93484754692,"-"
"RBM6","chr3_170136665_170171372",1688.65223816499,"-"
"RFTN1","chr6_29888672_29934217",1688.57013290874,"+"
"EIF2S1","chr17_63699395_63700031",1688.50436100965,"+"
"DKC1","chr3_114693575_114801100",1688.50167787628,"-"
"PCBP2","chr2_152663979_152664137",1688.47556141351,"-"
"EIF4B","chr3_49022768_49022877",1688.42266607559,"-"
"BFAR","chr2_95958785_95960472",1688.12851682953,"-"
"ZRANB2","chr3_167720273_167725400",1688.01768595102,"-"
"SAMD3","chr2_85694470_85694915",1687.83982951214,"-"
"ZFP36L2","chr2_213049880_213056832",1687.83698965282,"+"
"PABPC1","chr2_108449289_108449632",1687.80232848234,"-"
"KRR1","chr22_20537204_20551435",1687.52097549255,"-"
"PAN3","chr2_12723552_12740325",1687.47868179186,"-"
"HNRNPK","chr1_84570139_84570581",1687.39824754696,"-"
"ANKHD1","chr5_140487060_140496519",1687.17436951547,"+"
"SASH3","chr14_23960003_23967210",1687.10608346804,"+"
"SSB","chr19_18538436_18539370",1686.72998626676,"-"
"SF3A1","chr16_22533893_22533950",1686.68733893814,"+"
"LCP2","chr2_230176724_230177537",1686.61026497086,"-"
"TTC14","chr3_101574279_101579789",1686.32054372618,"-"
"ZCRB1","chr2_97118517_97142639",1686.17046805733,"-"
"PHC3","chr16_22519414_22523819",1686.14031306485,"-"
"SF1","chr3_113014032_113019541",1686.126065121,"-"
"RC3H1","chr21_37073364_37108391",1685.85619301013,"-"
"PABPC1","chr14_45247377_45253034",1685.77001803523,"-"
"SNRPF","chr17_3668899_3669097",1685.4909053839,"-"
"ZFP36","chr2_97200525_97202201",1685.36678705329,"-"
"HDLBP","chr16_69120649_69121435",1685.15642835067,"-"
"SRRM1","chr6_30577913_30578072",1685.11335612989,"-"
"YTHDC1","chr19_14396473_14397657",1685.10361694927,"+"
"ZC3H7A","chr2_86788560_86789639",1685.01313101225,"+"
"ZFP36L1","chr21_37073364_37108391",1685.01141621135,"-"
"LSM1","chr17_37542565_37553114",1684.98528238857,"-"
"PTBP1","chr12_47966229_47966682",1684.81881907651,"-"
"EIF3G","chr2_112181876_112182790",1684.74786986102,"-"
"SART3","chr2_37201726_37204303",1684.58484723746,"-"
"GTF3A","chr6_11213727_11232503",1684.27405572493,"-"
"MBNL1","chr17_76729794_76732977",1684.17019186568,"-"
"SNRPE","chr14_22532561_22547505",1683.98622479284,"+"
"HNRNPR","chr2_227325427_227328677",1683.8455224446,"-"
"RBM4","chr22_45328063_45328309",1683.79847613013,"-"
"CSDE1","chr1_25562978_25563069",1683.67597568836,"-"
"PABPC1","chr14_97926644_97969272",1683.64526548045,"-"
"NCL","chr2_159453801_159478574",1683.62116647688,"-"
"CCAR1","chr1_206905147_206909724",1683.4471941793,"-"
"THUMPD1","chr4_88277243_88278143",1683.13201341769,"-"
"PHC3","chr1_2393355_2395783",1683.12712216047,"-"
"FUS","chr5_39202987_39217636",1683.11487422546,"-"
"SFPQ","chr5_178209447_178210552",1683.04263590274,"-"
"THUMPD1","chr1_6785575_6825091",1682.5681408001,"-"
"ZC3H8","chr2_112182018_112182790",1682.40331330994,"+"
"SASH3","chr14_73922206_73923394",1682.14058190744,"-"
"TRMT1","chr3_49310737_49311513",1682.00985802077,"-"
"POLR2G","chr14_22520478_22547505",1682.00178034063,"-"
"SCML4","chr1_6026445_6040516",1681.80900429821,"-"
"PPP1R10","chr2_97560860_97578905",1681.47036246282,"-"
"PHC3","chr19_49982188_49988371",1681.46225012712,"-"
"CSDE1","chr4_189952287_189957397",1681.44062098402,"+"
"SUPT6H","chr6_26374798_26375514",1681.35932331928,"+"
"EWSR1","chr21_33432802_33439213",1681.32993047622,"-"
"ZC3H8","chr2_85696056_85696987",1681.27237390979,"-"
"RBM17","chr16_85780473_85781210",1681.2489098359,"-"
"SNRPB","chr2_11175009_11177736",1681.19119136538,"-"
"SAFB","chr2_232567214_232568944",1680.9634460377,"-"
"LCP2","chr4_151099714_151100484",1680.77775022816,"-"
"THUMPD1","chr1_24502463_24514313",1680.7358117331,"-"
"PSPC1","chr15_50725323_50726320",1680.54458376916,"-"
"YTHDC1","chr1_53228954_53235576",1680.36776352531,"-"
"ZC3H8","chr22_24276803_24302194",1680.28516455847,"-"
"PABPC1","chr14_89180806_89280949",1680.21320397136,"-"
"SAMD3","chr14_24632118_24632914",1679.72466628091,"-"
"HNRNPA1","chr17_7393509_7394103",1679.70767642209,"-"
"RPS3","chr1_151889373_151895007",1679.55491961655,"-"
"SRRM2","chr1_30739937_30757658",1679.48109308083,"+"
"RBM25","chr16_4823907_4832773",1679.23026594215,"-"
"RRP7A","chr1_6026445_6040516",1678.57149889585,"-"
"HNRNPC","chr2_177234271_177264531",1678.5600964828,"-"
"HNRNPA1","chr2_11172045_11174967",1678.37797437419,"-"
"EIF4H","chr13_19960026_19993062",1678.30192531382,"-"
"HNRNPC","chr17_64822393_64829160",1678.06358342829,"-"
"UHMK1","chr20_24964022_24969525",1677.76754992686,"-"
"PUF60","chr17_3925441_3928662",1677.72492270087,"-"
"PARP12","chr14_54432220_54436368",1677.65461592502,"-"
"SASH3","chr17_78131737_78132358",1677.49803139719,"-"
"CARHSP1","chr2_74135658_74142271",1677.42819756314,"-"
"RBM25","chr20_64076646_64079293",1677.38311086631,"-"
"CNOT4","chr5_70946176_70951940",1677.08129329495,"-"
"RBM28","chr5_149513209_149517793",1677.07535488356,"-"
"G3BP2","chr1_46310044_46310154",1676.84125282302,"-"
"PTBP1","chr12_31305123_31326023",1676.82513937566,"-"
"HNRNPK","chr20_35655344_35658929",1676.61728557977,"-"
"HNRNPC","chr17_6641152_6641752",1676.53514178018,"-"
"SAFB","chr2_230327301_230357804",1676.52277373809,"-"
"ZC3H15","chr1_155689243_155709772",1676.48366959557,"-"
"ZC3HAV1","chr1_207767195_207770320",1676.4165999917,"-"
"RALY","chr16_22513921_22523819",1676.30383717206,"-"
"HELZ","chr2_97142668_97144517",1676.1789532553,"-"
"PABPC1","chr17_82884936_82889667",1676.14823805544,"+"
"SF3A1","chr3_32955261_32956707",1676.10422119255,"-"
"HNRNPH1","chr2_203272748_203278572",1676.07432484772,"-"
"SF3A1","chr2_213057099_213147470",1675.8025266141,"-"
"YTHDF2","chr2_232567214_232580903",1675.52985565493,"-"
"RALY","chr22_20126368_20126954",1675.42793349117,"-"
"ZRANB2","chr21_31685240_31685397",1675.29086600875,"-"
"RFTN1","chr19_49450939_49451484",1675.1744467376,"-"
"SCML4","chr2_71331875_71355718",1675.0808838216,"-"
"SAMSN1","chr2_207560372_207567462",1675.0766530994,"-"
"SCML4","chr17_7393364_7393466",1674.83903603287,"-"
"LSM5","chr1_154219937_154220341",1674.66427939608,"-"
"HNRNPA2B1","chr2_30147062_30148244",1674.63388258939,"-"
"RBM28","chr17_48182457_48187842",1674.63034499235,"+"
"RC3H1","chr12_56158711_56159974",1674.55514787316,"+"
"G3BP2","chr15_49137437_49139527",1674.46870135381,"-"
"TRA2B","chr1_151889373_151895007",1674.44528996368,"-"
"SNRPD2","chr2_201234112_201266460",1674.31469994253,"-"
"RALY","chr4_185191212_185203784",1674.24588993836,"-"
"TARDBP","chr12_9694091_9694759",1674.1238268558,"+"
"SAMD3","chr4_108165163_108166271",1674.11173841018,"-"
"RALY","chr19_805569_806407",1674.04139832606,"-"
"ZC3HAV1","chr1_28560732_28561345",1674.01093133238,"-"
"GRSF1","chr1_1657302_1657374",1673.94894968671,"-"
"LARP7","chr2_113439117_113441350",1673.88866395202,"-"
"SASH3","chr4_56656012_56656343",1673.85204393099,"-"
"HNRNPH1","chr2_27772692_27779432",1673.71593151593,"+"
"RBM6","chr2_70216499_70216885",1673.60462451495,"-"
"PAN3","chr16_2752846_2756333",1673.41654163519,"-"
"HDLBP","chr17_8886602_8887095",1673.19151798099,"-"
"EIF4H","chr22_29288786_29292136",1673.19135691368,"-"
"SNRPG","chr1_23109650_23168765",1673.18672782695,"-"
"RPS3","chr5_181242345_181243679",1673.09317376251,"-"
"RBM39","chr22_41680364_41682355",1673.05301154971,"-"
"TIAL1","chr2_134946465_134947735",1673.05191324746,"-"
"PAN3","chr5_71604468_71626639",1672.97393930202,"-"
"LSM10","chr22_26663398_26665530",1672.97368976357,"-"
"CSDE1","chr5_304221_314416",1672.89723323885,"-"
"HNRNPA2B1","chr22_26663398_26665530",1672.84879579016,"-"
"FUS","chr2_86170844_86171207",1672.84164817896,"-"
"PABPC1","chr2_169584497_169603641",1672.80010077952,"-"
"GTF3A","chr15_101286293_101286907",1672.72239009681,"-"
"CSDE1","chr17_5517887_5521523",1672.6410193077,"-"
"ZFP36L2","chr12_124912583_124913723",1672.5928596077,"+"
"LARP4","chr3_16260829_16264768",1672.52054247298,"-"
"CIRBP","chr1_66930400_66940027",1672.24928404245,"-"
"RNPS1","chr14_35116737_35121901",1671.98126099578,"-"
"TRA2A","chr1_110952815_110963620",1671.78923258649,"-"
"PHC3","chr2_197069965_197078702",1671.57884234084,"-"
"POLR2G","chr14_49828787_49829053",1671.52670508478,"-"
"ZFP36L2","chr16_67082308_67098709",1671.46794308779,"-"
"RPS3","chr2_201272776_201274888",1671.44878830073,"-"
"IREB2","chr13_32407772_32427903",1671.35347372579,"-"
"RBM26","chr1_161038075_161038879",1671.20196241313,"+"
"RRP7A","chr1_151890214_151895007",1671.12069566229,"-"
"CIRBP","chr1_66926242_66940027",1671.0413174198,"-"
"HNRNPK","chr4_83105020_83114665",1670.5393506617,"+"
"HNRNPR","chr2_197398581_197398968",1670.52875565258,"-"
"NCBP2","chr21_8393177_8437384",1670.35273605799,"+"
"ZC3H7A","chr20_44970605_44972077",1670.14384722766,"-"
"NONO","chr6_152143765_152148044",1670.13506719092,"-"
"ZFP36L1","chr22_20537204_20551435",1670.12761909281,"-"
"HNRNPH1","chr16_22519414_22523819",1670.09633265977,"-"
"PABPC1","chr4_153583672_153584834",1669.39441523733,"-"
"NCL","chr12_124912734_124913646",1669.21921022531,"-"
"SNRPB","chr6_26370603_26373275",1669.17457215032,"-"
"RBM12","chr16_50669148_50675769",1669.10849727922,"-"
"EIF4B","chr3_3153488_3154746",1669.05540685975,"-"
"GTF3A","chr16_68266721_68274690",1668.97126413121,"-"
"RBM3","chr20_16730064_16731667",1668.90711603504,"-"
"HNRNPF","chr19_19636796_19636916",1668.74216056523,"-"
"RBMS1","chr3_71112637_71198201",1668.65300635263,"-"
"RBMS1","chr6_29888672_29934217",1668.57625393132,"+"
"EIF4B","chr3_122621611_122626826",1668.29452156777,"-"
"NIP7","chr1_2510748_2511337",1667.8802538113,"-"
"ZCRB1","chr22_45328145_45328309",1667.77752394676,"-"
"DGKD","chr1_173864304_173864674",1667.72788242984,"+"
"CIRBP","chr22_23791867_23793558",1667.56667419169,"-"
"HNRNPC","chr14_22518505_22547505",1667.45367290445,"-"
"TRA2B","chr13_32407772_32427903",1667.42548818947,"-"
"PTBP1","chr22_41784420_41793828",1667.33313351295,"-"
"YBX1","chr15_101285801_101286907",1666.99093434369,"-"
"ZFP36L2","chr12_98537572_98546358",1666.79804031329,"+"
"ZRANB2","chr2_30147062_30148244",1666.79423779682,"-"
"TNKS2","chr16_57647012_57650252",1666.65865439409,"-"
"SLBP","chr12_124912583_124913723",1666.63748198633,"+"
"RPS3","chr2_201136107_201136197",1666.33550444957,"-"
"RFTN1","chr2_127051243_127057472",1666.29019364988,"-"
"TRA2A","chr1_45685620_45686411",1666.20888093929,"-"
"ZFR","chr4_151099714_151102870",1666.19230921513,"+"
"CARHSP1","chr2_113439117_113441350",1666.17419154897,"-"
"SF1","chr2_227325427_227328677",1666.08484740139,"-"
"NCL","chr13_37048599_37051487",1666.05252275408,"-"
"EIF4B","chr2_7725853_7730235",1666.0379596176,"-"
"NSUN6","chr2_74528489_74529131",1665.95956223806,"-"
"ZRANB2","chr1_235813061_235830225",1665.65592967206,"-"
"NONO","chr1_24662804_24666814",1665.61908538696,"-"
"RBM17","chr19_48249633_48249750",1665.53710012992,"-"
"ZCCHC17","chr6_31651776_31652399",1665.32913981092,"-"
"NONO","chr19_52854345_52857571",1665.18167634695,"+"
"EIF3G","chr6_29888672_29943473",1665.17344497394,"-"
"TNRC6A","chr2_97164469_97167576",1665.08816943148,"-"
"RBM6","chr1_40040783_40059336",1664.9529449315,"-"
"TMEM63A","chr6_26538501_26539900",1664.82110617414,"-"
"MKRN1","chr21_33432802_33439213",1664.50997958284,"-"
"LCP2","chr1_25562716_25563069",1664.45600079065,"-"
"NCL","chr4_82857764_82863317",1664.37994184963,"-"
"U2AF1","chr22_29832342_29838177",1664.3567126535,"-"
"TIAL1","chr12_56159730_56159974",1664.20720703287,"-"
"SF1","chr3_71299880_71305877",1664.19231966044,"-"
"SUPT6H","chr3_49310737_49324701",1664.19004983202,"-"
"RBM39","chr16_3065710_3065780",1664.11842255066,"-"
"LCP2","chr1_116782601_116805604",1664.07787950649,"-"
"PSPC1","chr13_49110406_49114654",1664.03498198524,"-"
"HNRNPR","chr17_68103058_68114421",1664.0319514491,"-"
"SNRPC","chr20_5586269_5593326",1663.97094562031,"-"
"NONO","chr4_151099714_151102870",1663.91068776998,"+"
"FUS","chr4_951258_951681",1663.87156218096,"-"
"EIF4B","chr22_45328145_45328309",1663.85356824987,"+"
"TRA2A","chr17_18251816_18251998",1663.79845674306,"-"
"SF1","chr4_77776392_77819589",1663.55270122018,"-"
"SNRPG","chr17_7017014_7017256",1663.462600416,"-"
"RBM5","chr2_241268541_241315101",1663.42717983292,"-"
"ELAVL1","chr2_169798976_169800951",1663.29958354379,"-"
"RBM3","chr22_20551166_20551435",1662.93777180927,"-"
"ZRANB2","chr2_98663179_98675034",1662.45730982344,"-"
"RBM6","chr1_110896733_110899123",1662.35330760761,"+"
"SAMD9","chr4_88277243_88284405",1662.32780264133,"-"
"HNRNPA1P4","chr2_97187401_97190977",1662.08755304382,"+"
"NONO","chr2_113438022_113441350",1662.07635193524,"-"
"QKI","chr20_58669453_58670511",1661.7379302976,"-"
"PABPC3","chr2_213057099_213147470",1661.59661690407,"-"
"HNRNPC","chr19_805187_806407",1661.50985352092,"-"
"CSTF2T","chr20_30388578_30393550",1660.96890372349,"-"
"ZC3H7A","chr2_108534594_108659604",1660.92473694503,"-"
"RBMS1","chr6_31269525_31269965",1660.83439035333,"-"
"MSI2","chr22_46337944_46346421",1660.59439648118,"-"
"LSM5","chr2_71331875_71355718",1660.35554705982,"-"
"SNRPF","chr17_76727213_76729689",1660.12167922777,"-"
"SAMD9","chr1_78649905_78654242",1660.08629830062,"-"
"LSM3","chr17_16382032_16382488",1659.80782827293,"-"
"PDCD11","chr16_31700738_31702534",1659.80315253481,"-"
"NCL","chr21_8393174_8437384",1659.70325712166,"-"
"LSM10","chr5_134738792_134741062",1659.57259122294,"-"
"YTHDC1","chr17_16126209_16137310",1659.39703230707,"-"
"LARP4B","chr17_35670898_35671753",1659.13949862444,"-"
"HNRNPA1","chr14_101917947_101925140",1659.08458770662,"-"
"NCL","chr22_29832342_29838177",1658.89526965461,"-"
"RBM4","chr3_50103166_50104247",1658.49545533182,"-"
"RPS3","chr1_145994167_145994280",1658.36727622858,"+"
"RBM6","chr15_31345571_31372009",1658.23710088087,"-"
"RBMX","chr2_74528489_74529131",1658.06752671627,"-"
"HNRNPD","chr2_85327273_85327441",1658.04063306879,"-"
"SNRPB","chr13_19970071_19993062",1657.99904924156,"-"
"EWSR1","chr22_20126368_20126951",1657.91411601464,"-"
"KIN","chr2_177234271_177263402",1657.77823936181,"-"
"HNRNPR","chr21_8393623_8437833",1657.68503666427,"-"
"UPF3B","chr3_49809159_49809389",1657.6822680222,"-"
"SRRT","chr2_97142668_97144517",1657.64318900048,"-"
"RBM6","chr1_120808759_120816084",1657.41052623575,"-"
"SNRPB","chr6_31620858_31622726",1657.37614311849,"-"
"PAN3","chr16_50744866_50749575",1657.21788373529,"-"
"TRA2A","chr15_92900824_92924320",1657.19362814497,"-"
"KHDRBS1","chr5_135346057_135350822",1657.15740997487,"-"
"SASH3","chr1_155260659_155262085",1657.02942564216,"-"
"ZMAT5","chr17_44187743_44188934",1656.98333516043,"-"
"HNRNPA1","chr20_49280570_49289044",1656.91337344884,"-"
"SAMD3","chr22_50250905_50250973",1656.88315550249,"+"
"ZFP36L1","chr2_68782320_68807272",1656.77422911351,"-"
"TRA2A","chr14_23565701_23566063",1656.62208398177,"-"
"PPP1R10","chr6_31651776_31652423",1656.57223750425,"-"
"YTHDC2","chr19_19654144_19654542",1656.33122497222,"-"
"TIPARP","chr17_78124655_78124888",1656.2016530858,"-"
"HNRNPC","chr2_87455645_87583257",1656.17867920083,"-"
"LSM3","chr3_88055999_88058018",1655.95864812116,"-"
"MKRN1","chr3_183840640_183844230",1655.95215857453,"-"
"PARP14","chr14_22501663_22547505",1655.90599669622,"-"
"SAMD9","chr6_30577913_30578072",1655.83618923781,"-"
"SF3A1","chr21_43095743_43101365",1655.69481973415,"-"
"PARP14","chr22_24276803_24302194",1655.56493511243,"-"
"ZNF638","chr5_55102752_55107793",1655.51650789978,"+"
"DGKD","chr2_86171345_86173649",1655.32910352288,"-"
"HNRNPA2B1","chr1_1655484_1657374",1655.23626624111,"-"
"HNRNPF","chr2_97124597_97127066",1654.81205714765,"-"
"ZFR","chr1_155521618_155562778",1654.76382296364,"-"
"TNRC6A","chr17_35021781_35026373",1654.71078508699,"-"
"SNRPD2","chr1_159049599_159051678",1654.69772061974,"-"
"PARP14","chr13_37023044_37024034",1654.63233272332,"-"
"RALY","chr19_41896482_41898441",1654.08637924452,"-"
"SAMSN1","chr14_22486296_22547505",1653.99123530687,"+"
"PUF60","chr1_149531742_149537099",1653.85102595032,"-"
"CIRBP","chr22_42514779_42515150",1653.6876684735,"-"
"ZC3H6","chr16_3068239_3068989",1653.52237664589,"-"
"NOL8","chr5_112976986_112985834",1653.51625672705,"-"
"LSM6","chr1_44635588_44636029",1653.42051885262,"-"
"MBNL2","chr16_88699732_88701261",1653.25334338524,"-"
"IREB2","chr3_141404031_141438242",1653.12616908008,"-"
"SNRPD2","chr2_97142668_97144517",1653.01584966797,"-"
"TARDBP","chr22_32475124_32478980",1653.00385902483,"-"
"SNRPN","chr19_10089378_10089656",1652.5180017521,"-"
"SRRM2","chr1_26363154_26364531",1652.49624603101,"-"
"EIF3G","chr5_39202987_39270568",1652.43056017344,"-"
"EIF3G","chr1_85258722_85259357",1652.39661156722,"-"
"PABPC3","chr3_71299880_71359149",1652.26973810282,"-"
"ARAP2","chr12_53462567_53465931",1652.24925472894,"-"
"ZC3H13","chr17_45404096_45404444",1652.20204821545,"-"
"SASH3","chr14_91114283_91157638",1652.10153608028,"-"
"CPSF6","chr13_32407772_32427903",1652.05615805933,"-"
"UHMK1","chr3_88055999_88058018",1652.02417458567,"-"
"PHC3","chr1_103533854_103534771",1652.00874580975,"+"
"HNRNPA2B1","chr15_49137437_49139527",1651.98369948806,"-"
"RBM6","chr13_46045516_46052403",1651.9770092486,"-"
"RBM8A","chr2_74528489_74529131",1651.85027278559,"-"
"MATR3","chr16_1964628_1964806",1651.6549752831,"+"
"QKI","chr21_8393177_8437384",1651.46595410953,"+"
"HNRNPM","chr2_95938901_95938986",1651.33449677516,"-"
"RBM33","chr2_272065_272191",1651.13864426652,"-"
"RBM18","chr19_35158400_35164155",1651.11458615107,"+"
"HNRNPH3","chr2_233273052_233273720",1651.05959496033,"-"
"EIF2S1","chr14_73099750_73103191",1651.04805772074,"-"
"LCP2","chr5_151772036_151786602",1651.03206326123,"-"
"HNRNPA2B1","chr13_19677823_19730238",1650.51217348935,"-"
"HNRNPA2B1","chr20_28600461_28602608",1650.49814271518,"-"
"CCAR1","chr12_124913418_124913646",1650.41609312406,"+"
"ZFR","chr19_19635721_19636706",1650.29582029064,"-"
"MKRN1","chr5_134738792_134750758",1650.25742090716,"-"
"SF3A1","chr1_26362022_26363025",1650.03418929158,"-"
"HNRNPC","chr17_2041875_2042604",1649.94648852584,"-"
"MBNL2","chr2_97560860_97578905",1649.84036159116,"-"
"SLTM","chr1_7853120_7853306",1649.70544392479,"-"
"HNRNPH3","chr6_29726043_29726882",1649.68762109798,"+"
"TRNAU1AP","chr21_8437547_8437663",1649.62813321123,"-"
"TAF15","chr14_73100362_73103191",1649.41268495556,"-"
"EIF4B","chr2_152663979_152664137",1649.34219261784,"-"
"RBM7","chr12_47206145_47216164",1649.30873187769,"+"
"ACIN1","chr4_82857764_82863317",1649.28951226827,"-"
"EIF3G","chr3_9689082_9689963",1649.22137050484,"-"
"ZC3HAV1","chr13_32407772_32427903",1649.20944528967,"-"
"PARP14","chr16_53131058_53155925",1649.20909830105,"-"
"FUS","chr1_120808759_120816084",1649.11855880945,"-"
"UPF3B","chr19_52818031_52857571",1648.9219682567,"-"
"RC3H2","chr2_152716126_152717229",1648.64191644387,"-"
"HNRNPH2","chr12_6652767_6652935",1648.62108015644,"-"
"U2AF1","chr12_6602154_6602375",1648.52087575735,"-"
"BFAR","chr6_29889500_29896822",1648.3968661078,"+"
"NCL","chr1_207767823_207770320",1647.67038632688,"-"
"RBMX","chr17_82244831_82248874",1647.62246534447,"-"
"PABPC3","chr2_97142668_97144517",1647.43313039741,"-"
"HNRNPA2B1","chr3_39266518_39281608",1646.78496180825,"-"
"EWSR1","chr1_46688544_46689586",1646.76050207132,"-"
"MATR3","chr2_10408734_10419733",1646.46555423772,"-"
"DGKH","chr1_159802455_159806595",1646.10039790971,"+"
"TRA2B","chr20_57615580_57620261",1645.99297819008,"-"
"MATR3","chr16_31091342_31094556",1645.95652996472,"-"
"PNPT1","chr1_159802455_159806595",1645.70841373867,"-"
"SNRPD2","chr17_7013516_7013665",1645.51325770302,"-"
"DGKD","chr2_230327301_230357804",1645.46541749475,"-"
"ZC3H7A","chr2_97219246_97224808",1645.4587693615,"-"
"NCL","chr2_241097427_241102252",1645.4481013337,"-"
"FUBP1","chr2_97187401_97192857",1645.40981246168,"+"
"RBM38","chr3_9690143_9701789",1645.29980416969,"-"
"HNRNPA1P4","chr16_1964365_1964806",1645.25943117234,"-"
"TMEM63A","chr22_37226803_37227767",1644.95256819851,"+"
"DHX8","chr1_184072298_184072826",1644.94145746483,"-"
"ZFP36L1","chr21_29036374_29037278",1644.90613602191,"-"
"RNPS1","chr3_101372126_101398860",1644.86981023496,"-"
"RNPS1","chr2_95958785_95962351",1644.76975750888,"+"
"TRA2B","chr1_45600457_45602254",1644.67187620654,"+"
"HNRNPA2B1","chr3_38125881_38126509",1644.65144092549,"-"
"NONO","chr20_63707092_63707866",1644.41114453046,"-"
"PUF60","chr6_31354665_31355106",1644.38967557575,"+"
"DAZAP1","chr2_174481987_174486872",1644.38214848053,"-"
"HNRNPF","chr1_207785682_207793518",1644.3777353193,"-"
"ACIN1","chr6_30577913_30578072",1644.05869017706,"-"
"PARP14","chr17_59119495_59131280",1644.00622990253,"-"
"RC3H1","chr15_101651773_101652270",1643.96671657437,"-"
"SAMSN1","chr2_152663979_152664137",1643.80226361271,"-"
"RBMS1","chr1_151326373_151327270",1643.72202885571,"-"
"HNRNPF","chr17_76559043_76561287",1643.60800072068,"-"
"HNRNPF","chr19_1011663_1011740",1643.58840230992,"-"
"SRRM2","chr17_44187743_44188934",1643.3668795811,"-"
"PTBP1","chr16_1786655_1787676",1643.24618677273,"-"
"EIF3G","chr2_70216499_70216752",1643.04892881617,"-"
"YBX1","chr1_153535375_153535948",1642.7358192966,"+"
"FUBP1","chr22_26663509_26665530",1642.59914954181,"-"
"SAMHD1","chr15_63533918_63537024",1642.32646878741,"-"
"PHC1","chr21_39345958_39348291",1642.31781797986,"+"
"YTHDF2","chr17_3723383_3723687",1642.26927473456,"-"
"TARDBP","chr12_53034724_53037408",1642.15413215622,"-"
"HNRNPK","chr2_95910445_95914274",1642.04960824826,"+"
"SAMD3","chr4_83105020_83114665",1641.96218717833,"-"
"RBM39","chr3_48927813_48945135",1641.83608014236,"-"
"CIRBP","chr16_31185179_31188324",1641.63175556054,"-"
"FUBP1","chr1_32631879_32633644",1641.56487937361,"-"
"SF3B4","chr3_48927813_48945135",1641.53648023295,"-"
"RBM25","chr17_3668899_3669097",1641.36942979393,"-"
"TIA1","chr17_7224069_7224320",1641.27511608104,"-"
"SASH3","chr2_231711983_231712442",1641.2688566809,"-"
"EIF3G","chr22_45328063_45328309",1641.13931103532,"-"
"PARP10","chr19_29942664_29985222",1640.98233364093,"-"
"TRA2B","chr2_71331875_71355718",1640.76680059704,"-"
"NCBP2","chr20_58668127_58670511",1640.7651988633,"-"
"HNRNPA3","chr2_97194917_97202201",1640.71295300707,"+"
"UHMK1","chr2_97198491_97198585",1640.46330014268,"-"
"RBM25","chr14_35116737_35121901",1640.38993251308,"-"
"TRA2B","chr17_5501872_5517745",1640.24657897271,"-"
"TTC14","chr1_159045464_159051678",1640.03121725074,"-"
"EIF4H","chr1_1722634_1722707",1639.84164273162,"-"
"SAMSN1","chr14_105052102_105057166",1639.58604529216,"-"
"CSDE1","chr1_20780540_20787194",1639.5358383436,"-"
"SNRPD2","chr12_6652770_6652935",1639.23792123115,"-"
"EIF4H","chr2_201160942_201162995",1639.15324873958,"-"
"MSI2","chr13_45340184_45341041",1639.08744160523,"+"
"UHMK1","chr17_37576418_37584647",1638.97515584936,"-"
"MKRN2","chr2_23823569_23827797",1638.90422411018,"-"
"TTC14","chr1_51714079_51745535",1638.53764081066,"-"
"PCBP1","chr2_97560860_97578905",1638.46296181081,"-"
"HNRNPH1","chr4_82355401_82356795",1638.25622928051,"-"
"SSB","chr1_110896733_110899123",1638.1789133411,"+"
"ZRANB2","chr19_48325610_48327520",1638.07004392933,"+"
"PARN","chr2_23823569_23827797",1637.97856814718,"-"
"POLR2G","chr1_66930400_66940027",1637.86127935507,"-"
"STIM2","chr15_34528747_34529017",1637.72519801748,"+"
"LARP7","chr19_49879504_49880278",1637.69301341026,"+"
"RBM39","chr13_27432804_27434138",1637.32434301693,"-"
"SNRPB","chr2_97219246_97224805",1637.13021976613,"-"
"TMEM63A","chr21_8394013_8438220",1637.08099397473,"+"
"PTBP2","chr12_76459895_76487509",1636.94094527125,"-"
"FUS","chr2_230245071_230245862",1636.79980684742,"-"
"LCP2","chr2_38577532_38577919",1636.78497685225,"-"
"G3BP2","chr2_97179766_97179860",1636.67310684989,"-"
"HNRNPR","chr17_75268192_75270113",1636.66473919238,"-"
"ZC3H8","chr2_95956816_95958590",1636.62943497088,"-"
"RBM17","chr17_68101959_68114421",1636.56118327575,"-"
"YTHDF2","chr3_48927813_48933565",1636.496983914,"-"
"ZC3H4","chr17_76727213_76732977",1636.3827730195,"-"
"PABPC1","chr17_3668899_3669097",1636.3733572313,"-"
"ACIN1","chr19_19654074_19654542",1636.36649498802,"-"
"TRA2A","chr12_2823943_2824089",1636.28381291396,"-"
"SNRPG","chr4_77776392_77819589",1635.96732944176,"-"
"SNRPN","chr2_202290457_202291020",1635.8673919712,"-"
"YTHDF2","chr2_230200965_230207990",1635.81868092348,"-"
"SNRPB","chr5_50759732_50761820",1635.78135968975,"-"
"HNRNPH1","chr1_30980163_30981311",1635.76288499601,"-"
"SNRPD2","chr2_230238381_230238760",1635.62016390149,"-"
"ZNF638","chr14_73922206_73923394",1635.3918380853,"-"
"SAMD3","chr12_55938698_55938914",1635.27631604514,"-"
"PABPC1","chr17_47973693_47973930",1635.23472368624,"-"
"RBMS1","chr1_193023036_193023843",1635.14886063351,"-"
"SNRPB2","chr2_169584497_169603641",1634.90074169764,"-"
"SASH3","chr16_68266721_68274690",1634.81198578683,"-"
"TRA2A","chr20_31722348_31722617",1634.64658988413,"-"
"HNRNPA2B1","chr22_24427726_24433130",1634.60006174449,"-"
"LEMD3","chr16_18896956_18925949",1634.50160652963,"-"
"HNRNPA3","chr2_97194917_97202201",1634.3786507448,"+"
"HNRNPM","chr20_35632923_35658929",1634.21919993217,"-"
"RBM26","chr19_51372074_51372378",1634.16134414734,"+"
"HNRNPK","chr6_30489995_30490313",1633.91210570957,"+"
"RNPC3","chr6_29889500_29896822",1633.91031910379,"-"
"SFMBT2","chr3_88055999_88057190",1633.84756675674,"-"
"DKC1","chr1_77721925_77722023",1633.68223830693,"-"
"PUM2","chr5_39202987_39270568",1633.66160494644,"-"
"G3BP1","chr3_50350984_50351408",1633.63520671568,"-"
"ZFP36L1","chr13_42888502_42895008",1633.56474427202,"-"
"SNRPD2","chr19_35158400_35164155",1633.49752849336,"+"
"DUS3L","chr15_44403054_44413335",1633.49642202521,"-"
"RRP7A","chr12_89492115_89525119",1633.49020190007,"-"
"CSDE1","chr15_52564246_52568847",1633.48750041492,"-"
"SCML4","chr19_35745187_35745347",1633.25747288417,"-"
"LSM5","chr4_105146979_105190359",1633.25226661376,"-"
"TRMT2A","chr21_41426263_41427205",1633.2265064744,"-"
"SRRM2","chr2_159712606_159729008",1633.20798420637,"-"
"SNRPD2","chr2_101004283_101005958",1633.04278659754,"+"
"FUBP1","chr1_66930400_66940027",1632.89047943783,"-"
"SLTM","chr2_71331865_71348752",1632.7481993196,"-"
"CIRBP","chr17_18251816_18251998",1632.71692339161,"-"
"SETD1B","chr12_9656649_9656920",1632.48804504093,"-"
"RALY","chr3_47917174_47921764",1632.40370885923,"-"
"POLR2G","chr22_31531129_31546860",1632.05021851906,"-"
"SCML4","chr21_42413222_42416441",1632.01890659747,"-"
"UPF3B","chr3_114974416_115147218",1632.01825073636,"-"
"PPIE","chr12_14950724_14961536",1631.84936110214,"-"
"SAMD9L","chr17_78124655_78124888",1631.8367135935,"-"
"PUM1","chr17_35515321_35522278",1631.48756744873,"-"
"SNRPD2","chr15_34407735_34437397",1631.45999602856,"+"
"PARP14","chr20_28601756_28602608",1630.99728838977,"-"
"SNRPD1","chr3_9813345_9817644",1630.98291250876,"-"
"ZC3H13","chr16_69568548_69626402",1630.94799595777,"-"
"NCBP2","chr17_44212006_44212818",1630.87206150139,"-"
"SAMD9","chr3_122621611_122632085",1630.86346369504,"-"
"EIF3G","chr1_151326373_151327270",1630.63298790763,"-"
"SSB","chr2_230327301_230357804",1630.51898041118,"-"
"ARAP1","chr17_7393509_7394103",1630.42402730408,"-"
"ZC3HAV1","chr12_53441800_53442694",1630.07924486131,"-"
"PARN","chr1_75790057_75791284",1629.88422675479,"-"
"G3BP2","chr2_97198491_97198585",1629.86210927857,"-"
"ZC3HAV1","chr19_34221738_34227364",1629.83529736136,"-"
"EIF4H","chr21_8394053_8438264",1629.68516807697,"+"
"G3BP2","chr2_38745187_38746693",1629.44182961362,"-"
"SRRM2","chr12_124913190_124913646",1629.39039572355,"+"
"NCL","chr17_28883231_28888944",1629.34399279396,"-"
"PABPC1","chr12_55938698_55938914",1629.00125679409,"-"
"SAMD3","chr6_137875035_137875835",1628.8908139974,"-"
"SCML4","chr12_55938698_55938914",1628.6455699431,"-"
"PAN3","chr3_122621611_122626826",1628.63530098596,"-"
"SASH3","chr3_50100051_50103082",1628.583951592,"-"
"RBM3","chr2_73828996_73830844",1628.37699973668,"-"
"EIF4B","chr2_218235044_218238663",1628.16337434305,"+"
"G3BP1","chr20_63873816_63882718",1628.14779714921,"-"
"STIM1","chr19_19635721_19636706",1628.02724234101,"-"
"RNPS1","chr17_76557857_76561287",1627.86201891422,"-"
"FXR1","chr21_37261937_37267237",1627.84588226868,"-"
"SAMSN1","chr17_3925438_3928662",1627.76768000331,"+"
"SAMSN1","chr1_24663224_24666814",1627.32255681067,"-"
"ZRANB2","chr17_76727213_76732977",1627.19347835598,"-"
"SAMSN1","chr5_134143640_134146223",1626.94155283883,"-"
"RBMX","chr14_22515688_22547505",1626.64652270652,"-"
"HELZ","chr17_78121164_78122604",1626.61297874417,"-"
"TIA1","chr17_5521012_5521523",1626.54005176238,"-"
"RBM23","chr22_38754706_38755762",1626.42539645837,"-"
"HNRNPR","chr12_48153525_48157458",1626.39264095425,"+"
"EWSR1","chr13_37048599_37051487",1626.37281187881,"-"
"HNRNPA1","chr2_95956816_95960472",1626.21232053721,"+"
"YTHDC1","chr17_45404334_45404444",1626.16916440264,"-"
"SLBP","chr14_97960417_97969272",1625.99422797841,"-"
"HNRNPA3","chr22_26666937_26668157",1625.91075762076,"-"
"ZRANB2","chr4_151099714_151100484",1625.87821376477,"-"
"SNRPB","chr16_56989595_57017073",1625.86888321895,"-"
"SNRPD2","chr21_8437352_8438445",1625.7198328078,"+"
"LSM3","chr2_191678241_191678989",1625.63557198974,"-"
"MATR3","chr12_124913039_124913723",1625.63261332303,"+"
"TTC14","chr2_97142668_97144517",1625.50155691463,"-"
"PUF60","chr16_208188_220648",1625.44111913059,"-"
"PAN3","chr12_2824013_2824089",1625.40828021561,"-"
"SNRPC","chr16_22513921_22523819",1625.18563791639,"-"
"SASH3","chr1_110892533_110899123",1625.17090826772,"+"
"SF3B4","chr1_110896733_110899123",1624.97738901923,"+"
"SRRM1","chr1_24503117_24514313",1624.9525135245,"-"
"RALY","chr4_185191212_185203897",1624.92341275123,"-"
"RBMX","chr20_31722330_31722617",1624.91587316273,"-"
"CIRBP","chr2_11172045_11177736",1624.82724760759,"-"
"PNPT1","chr1_153535375_153535948",1624.78438986295,"+"
"RALY","chr2_230462518_230466300",1624.76853776465,"-"
"HNRNPA3","chr3_101372126_101417592",1624.74908674691,"-"
"EWSR1","chr22_23791867_23793558",1624.45415061864,"-"
"SRRT","chr2_97560860_97580461",1624.2041149053,"-"
"HNRNPA2B1","chr20_36608000_36609600",1624.19985560742,"-"
"SRRM1","chr17_43013379_43013475",1623.84795616943,"-"
"RBM6","chr19_35741228_35742395",1623.69383398017,"-"
"SNRPG","chr2_95938901_95938986",1623.52045118207,"-"
"TMEM63A","chr1_160816863_160818217",1623.48911253583,"-"
"SRRT","chr3_3153488_3154746",1623.43033700232,"-"
"NCL","chr4_151099714_151102870",1623.40794950757,"+"
"SNRPN","chr15_58899937_58901259",1623.40109731881,"-"
"RBM3","chr2_11172045_11177736",1623.31940956887,"-"
"ZFP36L2","chr5_50668125_50744735",1623.30237854373,"-"
"TRA2A","chr3_114974416_115147218",1623.26760550171,"-"
"GRSF1","chr5_93964523_94050730",1623.15327439492,"-"
"CCAR1","chr13_41362159_41367438",1623.03583824464,"-"
"YTHDC1","chr6_29944221_30008286",1623.01517974186,"-"
"ZFP36L1","chr21_37084331_37087246",1623.00114241344,"+"
"HNRNPA2B1","chr4_53399839_53425871",1622.98451482975,"-"
"MATR3","chr17_75269469_75270113",1622.92579720691,"-"
"SNRPD2","chr17_82449480_82450699",1622.80380460029,"-"
"NONO","chr14_90397233_90400064",1622.65079910037,"-"
"LSM2","chr12_132851737_132853430",1622.5414998275,"-"
"YTHDC1","chr17_7394271_7394476",1622.51164208282,"+"
"TIAL1","chr3_66221127_66243202",1622.47617481098,"-"
"ARAP2","chr21_43095743_43100452",1621.99385066151,"-"
"SASH3","chr22_20568631_20582610",1621.76528253463,"-"
"ZFR","chr5_146463793_146468340",1621.75071763881,"-"
"SAMSN1","chr19_17836051_17837128",1621.67023112956,"-"
"SAFB2","chr1_6785575_6825091",1621.64813540619,"+"
"RBM3","chr17_43013373_43013475",1621.63105239569,"-"
"RBM3","chr17_3668899_3669097",1621.61751826615,"-"
"MBNL1","chr2_86170844_86171207",1621.58433972827,"-"
"GTF3A","chr18_13621271_13645126",1621.5327848071,"-"
"HNRNPA1","chr17_74203710_74203917",1621.30125005831,"+"
"YBX1","chr2_169799516_169800951",1621.13783434981,"-"
"SAMD3","chr12_9009525_9058091",1621.13588029163,"+"
"SNRPD1","chr2_113439117_113441350",1621.13118239109,"-"
"YTHDF3","chr3_146525647_146533469",1621.11503829434,"-"
"PCBP1","chr6_29944179_30261261",1621.05331004146,"+"
"RBM12","chr13_19960026_19993062",1620.68162216866,"-"
"PHC3","chr22_41784783_41793828",1620.42430433506,"-"
"EIF4H","chr2_12723552_12724628",1620.29435689889,"-"
"HNRNPM","chr19_805569_806407",1620.28073386455,"-"
"INPPL1","chr14_23567315_23567738",1620.26546256851,"-"
"SASH3","chr15_44403054_44413335",1619.97241312662,"-"
"TMEM63A","chr3_49077038_49093911",1619.26616390768,"-"
"SASH3","chr22_42514779_42515150",1619.012490105,"-"
"TARDBP","chr22_26663509_26665530",1618.78934406851,"-"
"HNRNPK","chr2_111344237_111367486",1618.73963849346,"+"
"G3BP2","chr2_68782320_68807272",1618.5075764325,"-"
"ZC3HAV1","chr12_124912883_124913339",1618.23863882335,"-"
"MATR3","chr2_213057099_213147707",1618.19635818611,"-"
"SNRPN","chr3_129171538_129171651",1618.16691292428,"+"
"HNRNPK","chr1_39205131_39231181",1617.89188934738,"-"
"RBM8A","chr22_50197588_50197826",1617.78749196941,"-"
"HDLBP","chr1_181052510_181053572",1617.7646461243,"-"
"PARP14","chr14_105056166_105057166",1617.72464349577,"-"
"NCL","chr3_180985996_180988022",1617.41194851809,"-"
"ZC3H8","chr17_10705527_10706437",1617.34686564801,"-"
"RBM8A","chr1_20780540_20787194",1617.26948696699,"-"
"SAMSN1","chr3_111624404_111637198",1616.77047051702,"-"
"SAFB2","chr2_230172959_230177537",1616.59143808788,"-"
"PUF60","chr16_69121170_69121435",1616.55590039164,"-"
"RBM42","chr3_38125881_38126509",1616.43119722507,"-"
"RBM6","chr3_101574279_101579841",1616.3595994684,"-"
"SRRM1","chr17_2041875_2042604",1616.33405476955,"-"
"SSB","chr2_97198491_97204190",1616.31406122435,"+"
"KRR1","chr13_52659249_52662648",1616.25383783315,"-"
"PHC3","chr15_34528747_34529017",1616.06147186571,"-"
"SCML4","chr1_26363154_26364531",1615.96511088964,"+"
"DGKD","chr12_46254936_46268864",1615.874587031,"+"
"MATR3","chr2_272305_275139",1615.85973751689,"-"
"HNRNPK","chr1_145926883_145927017",1615.81361869697,"-"
"SAMSN1","chr2_207560372_207567462",1615.80571251263,"-"
"CSDE1","chr20_57615580_57620261",1615.72526798521,"-"
"TTC14","chr17_16382260_16382488",1615.24705866359,"+"
"RBM10","chr5_179618323_179619268",1614.90439794363,"-"
"EIF4B","chr17_63699395_63700031",1614.88693839025,"-"
"LARP4B","chr2_97202230_97206062",1614.86788897521,"+"
"PABPC3","chr19_17836954_17837128",1614.85834761626,"-"
"HNRNPK","chr16_30309033_30334974",1614.74388933211,"-"
"HNRNPA3","chr12_14950724_14961536",1614.50754690823,"-"
"NOL8","chr14_55580354_55612018",1614.22922931063,"-"
"SNRPE","chr1_51750195_51760689",1614.22900238176,"-"
"TNKS","chr2_85694470_85694915",1614.22840224481,"+"
"CCAR1","chr19_34221738_34227364",1614.09507003376,"-"
"TARDBP","chr4_53428183_53442652",1614.02076331816,"-"
"HNRNPA1","chr3_50350984_50351342",1613.99766567665,"-"
"SNRPD2","chr2_27772692_27779432",1613.88578834131,"-"
"ZC3HAV1","chr17_3925438_3928662",1613.54516479682,"+"
"HNRNPR","chr3_71112637_71198201",1613.45966708958,"-"
"SF3A1","chr5_180793097_180803601",1613.33002778301,"-"
"SLTM","chr6_116571655_116574057",1613.17639633649,"-"
"SASH3","chr2_231711419_231712442",1613.09093613993,"+"
"CCAR1","chr16_30076100_30076314",1612.89172144969,"-"
"HNRNPH1","chr16_50674074_50675769",1612.82857845357,"-"
"RALY","chr5_150366666_150401641",1612.72096897848,"+"
"KIN","chr22_29832342_29838177",1612.5929967049,"+"
"STIM1","chr5_39124278_39125997",1612.50638314698,"-"
"SF1","chr16_67082308_67098709",1612.48831065485,"-"
"LARP7","chr2_175121540_175130137",1612.41177992417,"-"
"PPIL4","chr2_70301603_70301924",1612.33008837715,"-"
"SNRPE","chr2_98663179_98663340",1612.30496831167,"-"
"HNRNPH2","chr2_191682017_191683728",1612.27886549604,"-"
"ZC3H4","chr20_18507990_18510821",1611.99353342847,"-"
"PABPC3","chr2_97142668_97144517",1611.90491129948,"-"
"RBM39","chr2_230245071_230245862",1611.89728307402,"-"
"SAMSN1","chr14_22482346_22547505",1611.83729729854,"-"
"FXR1","chr19_35739769_35741023",1611.80664983757,"+"
"ZFP36L2","chr3_56773816_56882291",1611.72376229888,"-"
"ZCRB1","chr22_45328145_45328227",1611.67306647554,"+"
"RBM3","chr14_24633075_24634105",1611.54191368136,"+"
"NCBP2","chr2_70216499_70216885",1611.32834082463,"-"
"SEC23IP","chr2_97122993_97124459",1611.2949687867,"-"
"HNRNPK","chr2_38577532_38581912",1611.29358324707,"-"
"NOL8","chr2_230462518_230466300",1610.78735196774,"+"
"HNRNPH2","chr2_7725853_7730235",1610.76375679691,"+"
"TRA2B","chr2_201233554_201234015",1610.736167685,"-"
"SNRPA","chr14_24606746_24607611",1610.64965756202,"+"
"EPHA1","chr3_3167793_3172505",1610.58827549323,"+"
"EIF4H","chr15_43185879_43189198",1610.5687698846,"-"
"HNRNPD","chr15_28886278_28921639",1610.52019133058,"-"
"SUPT6H","chr20_58652138_58667489",1610.32832655596,"-"
"SCML4","chr1_26362022_26363025",1610.20176635455,"+"
"GTF3A","chr3_180985996_180988022",1610.05211998327,"-"
"SRRT","chr22_38486440_38487872",1610.02447765786,"-"
"FXR1","chr2_160285044_160286968",1609.95730952382,"-"
"RALY","chr2_38577532_38581912",1609.94915616408,"-"
"HNRNPK","chr2_95958785_95960472",1609.85688372685,"-"
"YBX1","chr19_34221738_34227364",1609.72820155611,"-"
"TIPARP","chr2_113438022_113439019",1609.70680201613,"-"
"TTC14","chr22_45328145_45328309",1609.68463321234,"+"
"POLR2G","chr4_48897857_48904483",1609.63950732035,"-"
"CSTF2T","chr6_158708391_158725502",1609.30251421556,"+"
"PPIL4","chr22_43151604_43161051",1609.21674254003,"+"
"RNPS1","chr5_70070751_70077018",1609.20143165655,"-"
"RALY","chr1_174800500_174811831",1609.06493593004,"-"
"ZC3H8","chr2_85694470_85694752",1609.01163368501,"-"
"ZCRB1","chr1_146985756_146991112",1608.99192365087,"-"
"TRA2B","chr15_88880610_88881356",1608.95464452914,"-"
"SSB","chr4_56656012_56656339",1608.92306590351,"+"
"LSM2","chr2_97194917_97196592",1608.91569572717,"-"
"HNRNPF","chr17_35492818_35522278",1608.78445503646,"-"
"U2AF1L4","chr5_55102752_55107793",1608.78231308847,"+"
"NCL","chr17_35321865_35323147",1608.71260640045,"-"
"YBX1","chr1_159032691_159051678",1607.794837532,"-"
"SAFB","chr6_106293106_106316100",1607.58547922884,"+"
"PUM1","chr2_95958785_95962351",1607.51328088899,"+"
"G3BP1","chr17_2041875_2042604",1606.82388437195,"-"
"SYNJ1","chr6_31644194_31644306",1606.60918890876,"-"
"SASH3","chr6_125292909_125298713",1606.5967986044,"-"
"HNRNPH1","chr3_49022768_49022877",1606.50253998702,"-"
"RBM34","chr14_22483069_22547505",1606.48885391338,"-"
"PCBP1","chr6_29944221_30008286",1606.40588732228,"+"
"SFMBT1","chr1_159814292_159815535",1606.28827132133,"+"
"RBM6","chr2_230172959_230177537",1606.27267265478,"-"
"HNRNPD","chr16_3065494_3065780",1606.16263176875,"-"
"FUBP1","chr12_53467293_53468776",1606.10139656695,"-"
"ZCCHC17","chr19_3054037_3054119",1606.0652247679,"+"
"ZRSR2","chr15_85684873_85693276",1605.93638869819,"-"
"LARP4B","chr2_127050912_127059010",1605.70934362701,"-"
"NCL","chr12_9656697_9656920",1605.6919983436,"-"
"RBM39","chr3_52246812_52246973",1605.63605050769,"-"
"TRA2B","chr2_68782320_68807272",1605.28910535595,"-"
"CSDE1","chr14_100137802_100141179",1605.06100583779,"-"
"ZC3HAV1","chr21_37073364_37087246",1604.98067413273,"-"
"SAMD9","chr17_43013379_43013475",1604.87176033982,"-"
"HNRNPA1","chr4_82857764_82861630",1604.70946667847,"-"
"SNRPB","chr5_39202987_39217636",1604.49044251491,"-"
"LARP1","chr2_97122993_97127066",1604.44980870927,"-"
"RBMX","chr3_42621516_42630545",1603.91850189343,"-"
"YBX1","chr1_147928578_147936626",1603.88665923267,"-"
"SSB","chr1_67424322_67424887",1603.82187611803,"-"
"SNRPN","chr5_79641196_79642843",1603.78253353482,"-"
"DGKD","chr14_22525715_22547505",1603.6749359039,"+"
"SCML4","chr13_30461533_30462537",1603.66193271154,"-"
"HNRNPF","chr4_48089824_48095142",1603.2729055925,"-"
"SASH3","chr19_12677211_12677290",1603.21047355006,"-"
"NCBP2","chr22_26482240_26483764",1603.19819388925,"-"
"RBMX","chr20_63707092_63707866",1602.72458485423,"-"
"SNRPD2","chr2_181475066_181478756",1602.56332136923,"-"
"EIF4B","chr2_97189290_97190977",1602.23023785726,"-"
"G3BP1","chr16_67082339_67098709",1602.19590565562,"-"
"CCAR1","chr3_195662733_195664085",1602.1514831994,"-"
"STIM1","chr2_101295181_101307840",1602.10581040485,"-"
"RBMX","chr13_32407772_32427903",1601.91506969972,"-"
"RBM3","chr17_37596341_37600362",1601.90377040121,"-"
"EIF4B","chr2_207561160_207567462",1601.72968563768,"-"
"HNRNPD","chr2_171081708_171082780",1601.69548054471,"-"
"UHMK1","chr1_154989707_154990158",1601.63488064,"-"
"TIA1","chr2_74142360_74145188",1601.5488548015,"-"
"SAMD9","chr20_35699451_35699632",1601.52313013464,"-"
"YTHDF3","chr14_53051927_53054437",1601.39663205043,"-"
"HNRNPK","chr2_86170844_86171207",1601.2194175315,"-"
"HNRNPR","chr3_105746038_105776395",1600.8909083795,"-"
"MBNL1","chr1_204532246_204538208",1600.83327894284,"-"
"HNRNPF","chr21_8392957_8437168",1600.72320385569,"-"
"SFMBT2","chr4_951258_951645",1600.5781912553,"-"
"ZFP36L1","chr2_73939022_73946718",1600.46135970714,"-"
"PHC3","chr2_48314814_48346200",1600.40893853019,"-"
"NCL","chr2_74142360_74145188",1600.38777708244,"-"
"RNPC3","chr15_90935330_90935543",1600.2608942553,"+"
"RBM3","chr2_97164311_97167576",1599.6384399409,"-"
"YBX1","chr5_135346057_135350822",1599.57274522236,"-"
"EIF3G","chr2_229859574_229860405",1599.47583008561,"-"
"SNRPD1","chr12_124912883_124913339",1599.4098565727,"-"
"UHMK1","chr3_105746038_105776395",1599.28969682049,"-"
"RBM10","chr3_28241812_28316332",1599.25547917561,"-"
"SAFB2","chr15_76295737_76311349",1599.23643996063,"-"
"RBM28","chr16_29569328_29613102",1599.06242644291,"-"
"MBNL2","chr3_30606977_30644746",1599.01857389346,"-"
"PUM2","chr2_97198491_97204190",1598.87270837071,"+"
"LSM1","chr1_149531742_149537099",1598.64159677621,"-"
"HNRNPC","chr6_152294127_152301868",1598.55611026188,"-"
"YTHDC1","chr22_29832342_29838177",1598.39701080872,"-"
"EIF4B","chr3_101574279_101579841",1598.31293366674,"-"
"PTBP1","chr1_2393355_2395783",1598.15959198373,"-"
"YTHDF2","chr1_150842468_150846262",1598.10536980962,"-"
"MKRN1","chr14_54430404_54436368",1598.01865672247,"-"
"SAMHD1","chr3_50100051_50103082",1597.80454404852,"-"
"HNRNPH1","chr22_20537204_20551435",1597.80320622813,"-"
"SAMSN1","chr20_57604769_57610148",1597.62101731441,"-"
"PPRC1","chr2_97198491_97204190",1597.55526510833,"+"
"RBM39","chr19_54206724_54207397",1597.54798493374,"+"
"HNRNPA1","chr21_8394316_8438445",1597.53385187002,"+"
"MCTS1","chr12_6566324_6566528",1597.47793092951,"-"
"RBMS1","chr14_105052102_105057166",1597.41811064764,"-"
"TTC14","chr1_151316509_151327270",1597.30762303127,"-"
"RRP7A","chr20_31722330_31722617",1597.21722782449,"-"
"YTHDC2","chr19_17405995_17406076",1597.16733001675,"-"
"RBM5","chr12_57107314_57108162",1597.13086726438,"-"
"ZNF638","chr3_12604289_12608765",1597.06784420647,"-"
"HNRNPD","chr22_20551166_20551435",1597.05924945733,"-"
"RBM8A","chr17_6641152_6641752",1596.66530405944,"-"
"FUS","chr6_29890296_29890438",1596.65939783768,"+"
"SSB","chr21_8393174_8437388",1596.20729916535,"+"
"SNRPG","chr19_2324192_2328386",1595.85089642269,"-"
"CSDE1","chr3_49975392_49999439",1595.81228762891,"-"
"HNRNPA2B1","chr15_85658590_85664562",1595.78826074959,"-"
"RBM6","chr2_11172045_11174967",1595.54914997868,"-"
"HNRNPA2B1","chr14_91170201_91173288",1595.33470686314,"-"
"RBM25","chr4_48089824_48094076",1595.29926318344,"-"
"PPIL4","chr1_151889373_151895007",1595.23439839411,"-"
"SRRT","chr5_146463793_146468340",1595.13819760453,"-"
"ZGPAT","chr21_33595613_33595729",1594.88276058623,"-"
"SLBP","chr20_18507990_18510821",1594.86302306691,"-"
"YBX1","chr1_35176474_35177318",1594.82318279279,"-"
"PTBP1","chr17_78119392_78121012",1594.24920838377,"-"
"ZNF638","chr14_35110629_35121901",1594.0371524948,"-"
"SNRNP70","chr3_30606977_30623198",1593.88482188676,"-"
"LCP2","chr2_230327301_230357804",1593.80519946348,"-"
"PHC3","chr1_161548678_161549010",1593.78431869575,"-"
"YTHDF3","chr3_49310737_49311513",1593.52255457235,"-"
"SNRPB","chr14_35294529_35307993",1593.42092198808,"-"
"HNRNPA1","chr5_171392816_171392912",1593.38326388419,"-"
"PHC3","chr1_154214574_154220341",1593.3190889375,"-"
"TRA2A","chr17_59112345_59131280",1593.06579241802,"-"
"PCBP1","chr14_91114283_91157638",1592.66191517279,"-"
"SNRPB","chr12_6461390_6462033",1592.31109431207,"-"
"RBM22","chr1_77721901_77722023",1592.14386557931,"-"
"G3BP1","chr16_4823907_4832773",1592.03815613732,"-"
"PARP14","chr19_35740564_35741023",1591.91626966617,"-"
"HNRNPR","chr3_114693575_114710267",1591.76873553891,"-"
"MBNL1","chr22_40400813_40402138",1591.67164383329,"-"
"CSDE1","chr21_42413222_42416441",1591.56112427694,"-"
"RBM10","chr13_49075364_49114654",1591.48212387985,"-"
"PARP12","chr21_37073364_37087246",1591.45978997868,"-"
"KHDRBS1","chr21_33599248_33602233",1591.36250601302,"-"
"BFAR","chr2_95910568_95915979",1591.34144383848,"+"
"RBMXL1","chr22_31528863_31546860",1591.20682631442,"-"
"YBX1","chr16_4361803_4361984",1590.87706899037,"-"
"RNPS1","chr17_7392952_7393466",1590.85463974558,"-"
"EWSR1","chr6_32127750_32128125",1590.82526966629,"-"
"EIF3G","chr20_57604769_57610148",1590.81943575185,"-"
"HNRNPA3","chr5_96762372_96765220",1590.71981902301,"-"
"EIF4B","chr16_29809764_29810076",1590.70125494011,"-"
"ELAVL1","chr6_31620858_31622726",1590.52634061992,"-"
"HNRNPA3","chr17_16234070_16299887",1590.30954670544,"-"
"G3BP2","chr22_25448284_25455711",1590.21132124145,"-"
"MBNL1","chr2_97124597_97127066",1590.06694591158,"-"
"LSM4","chr17_30481263_30484213",1589.85503740357,"-"
"CSDE1","chr1_26368585_26370632",1589.79096248763,"-"
"LCP2","chr14_23090101_23090521",1589.62622241686,"-"
"RBM3","chr2_229859574_229879981",1589.41703926207,"-"
"RBM10","chr17_28883231_28888944",1589.20739483103,"-"
"SSB","chr4_53377923_53379224",1589.16693140666,"-"
"PHC3","chr1_207767823_207770320",1589.0614014983,"-"
"TIAL1","chr17_5521012_5521523",1588.55211618092,"-"
"RFTN1","chr16_69646578_69647027",1588.49665372378,"-"
"EIF3G","chr1_32327458_32327535",1588.47455249784,"-"
"SLTM","chr5_1798947_1799791",1588.46290922021,"-"
"SNRPG","chr2_201233554_201234015",1588.33337090819,"-"
"ZC3HAV1","chr2_229859574_229879981",1588.32916309547,"-"
"SAMD3","chr4_182915575_182917310",1588.31864393539,"-"
"RNPC3","chr2_48314814_48346200",1588.30312568898,"-"
"ZFP36L1","chr17_81891833_81893551",1588.23928594536,"-"
"SNRPB","chr13_27424938_27427091",1587.8059182147,"-"
"RBM26","chr3_134482931_134485951",1587.73425611974,"-"
"CCAR1","chr2_230248968_230250980",1587.3926378225,"-"
"RBM8A","chr15_101651773_101652270",1587.3734916731,"-"
"PAPSS1","chr16_69566374_69626402",1587.27008277419,"-"
"RBM28","chr20_28601756_28602608",1587.17589146782,"-"
"HNRNPA2B1","chr21_33230216_33241839",1587.09217211021,"-"
"SNRPB","chr22_19471808_19479082",1587.0235351307,"-"
"LSM2","chr2_95891737_95927380",1586.92800250762,"-"
"ZC3H14","chr3_28291954_28316332",1586.42325143654,"+"
"RNPS1","chr2_113439117_113441350",1586.2057512158,"-"
"EWSR1","chr14_35124231_35126734",1586.03572656916,"-"
"HNRNPA2B1","chr2_218217254_218225919",1585.90938948359,"-"
"HNRNPA1","chr14_65093815_65102303",1585.89079877553,"-"
"SRRM1","chr1_120815043_120816084",1585.82192500174,"+"
"PSPC1","chr2_38698436_38729555",1585.69263086805,"-"
"PABPC1","chr1_161548678_161549010",1585.63406776787,"-"
"EWSR1","chr1_53233652_53235576",1585.59262419193,"-"
"EIF4B","chr22_50197588_50197826",1585.55420166101,"-"
"YBX1","chr1_150842468_150846262",1585.43062846777,"-"
"MBNL1","chr17_35492818_35522278",1585.34029506028,"-"
"CSDE1","chr1_155916709_155917498",1585.24845671508,"+"
"TTC14","chr17_4715043_4715972",1585.16574316606,"-"
"HNRNPA2B1","chr1_206909858_206910209",1585.01162021218,"-"
"SNRPB","chr16_88699732_88701261",1584.99678544479,"-"
"ZFP36L1","chr1_159049599_159051678",1584.92543751641,"-"
"PABPC1","chr13_42888502_42895008",1584.68310443809,"-"
"SAMD9L","chr2_230462518_230466300",1584.67819106738,"-"
"LSM3","chr22_19852486_19854442",1584.6041114925,"-"
"ZFR","chr5_35867463_35867644",1584.51598001988,"+"
"NCL","chr13_42888502_42895008",1584.44222823807,"-"
"HNRNPA0","chr12_98545061_98546358",1584.33923638994,"-"
"TTC14","chr6_158708391_158725502",1584.25642994584,"+"
"RRP7A","chr14_105056166_105057166",1584.18818164244,"-"
"RBMXL1","chr22_29288786_29292136",1584.04802460818,"-"
"SAMD9L","chr21_41426263_41427754",1584.03579172262,"-"
"EWSR1","chr14_58274010_58291634",1583.85924373648,"-"
"SNRPC","chr17_82019381_82019857",1583.29309805637,"-"
"SCML4","chr1_26368582_26370632",1583.19561582723,"-"
"RBM25","chr2_202300137_202300233",1583.10402718301,"-"
"SYNJ1","chr3_129171538_129171651",1583.01850060065,"+"
"SF3A1","chr3_50103166_50105076",1582.97412990806,"-"
"HTATSF1","chr1_160261358_160262448",1582.73542465453,"+"
"NAA38","chr22_17209723_17219355",1582.51170461253,"-"
"SCML4","chr1_147932641_147936626",1582.47270443596,"-"
"PCBP2","chr1_16632371_16633094",1582.44007337268,"+"
"SAMSN1","chr21_43095743_43100452",1582.3314684424,"-"
"LCP2","chr2_70216499_70216752",1582.17357591478,"-"
"SAMSN1","chr2_25771540_25794471",1581.93930373665,"-"
"RBM8A","chr17_63929888_63931334",1581.85263372198,"-"
"PTBP1","chr2_95910445_95914274",1581.83769268725,"+"
"PTBP1","chr13_37045373_37047534",1581.80762956298,"-"
"MKRN1","chr14_24606746_24608264",1581.65245806045,"+"
"GRSF1","chr3_38125881_38126509",1581.60580699902,"-"
"CIRBP","chr22_38486440_38487872",1581.56646314707,"-"
"HNRNPH3","chr2_207560372_207561118",1581.49860331582,"-"
"RBM6","chr2_97538363_97558798",1581.31068147873,"-"
"U2AF1","chr12_55903480_55927724",1581.16486000329,"-"
"SCML4","chr17_37579434_37584647",1580.94922969358,"-"
"SFPQ","chr2_95888120_95958590",1580.67076873459,"+"
"HNRNPR","chr2_95910445_95910539",1580.63190900122,"-"
"RBM19","chr2_159448409_159478574",1580.48941485132,"-"
"HNRNPA1P4","chr5_134139038_134142184",1580.29651702721,"-"
"U2AF1","chr1_51756358_51760689",1580.28676247057,"-"
"NCL","chr1_155668777_155670319",1580.09457085588,"-"
"EPHA1","chr16_57647012_57650252",1579.85004038196,"+"
"RBM39","chr5_143400852_143404375",1579.66305718622,"-"
"SAFB","chr17_36578192_36579244",1579.66085180433,"-"
"RBM12","chr20_58652087_58667489",1579.49758205388,"-"
"SRRT","chr5_79641196_79642831",1579.48287860677,"-"
"EWSR1","chr2_85696056_85696987",1579.40377560528,"+"
"LSM4","chr15_34407735_34437397",1579.37545043541,"-"
"ZC3HAV1","chr3_51970184_51973964",1579.16106336357,"-"
"ZFP36L2","chr1_175007196_175008608",1579.09721815949,"-"
"RBM10","chr3_52246812_52246973",1578.8970723827,"-"
"SLTM","chr6_158708391_158725502",1578.89246743535,"-"
"SNRPN","chr13_37047936_37051487",1578.88391167207,"-"
"MBNL1","chr6_152294127_152301868",1578.71023045551,"-"
"MATR3","chr12_7929871_7930479",1578.56639236306,"-"
"SNRPC","chr6_29725202_29829589",1578.25764961162,"+"
"PUF60","chr12_124913190_124913646",1578.16913660242,"+"
"ZFP36L1","chr1_112705168_112707077",1578.16311653887,"-"
"SASH3","chr2_127051243_127057472",1578.08678645191,"-"
"CPSF7","chr20_35280118_35284175",1578.07879686392,"-"
"U2AF1","chr2_238194331_238194804",1577.91073347874,"-"
"ZC3H13","chr2_74142360_74145188",1577.8964931465,"-"
"DGKH","chr22_19471808_19479082",1577.72342315038,"+"
"PHC3","chr22_19444390_19447377",1577.65442863876,"-"
"TARDBP","chr6_11213727_11232503",1577.36299135503,"-"
"RBM17","chr5_112976986_112983973",1577.21833177544,"-"
"UPF3B","chr2_203266681_203278572",1577.06505055805,"-"
"ZFP36L2","chr16_29566249_29613102",1576.93285101635,"+"
"RNF113A","chr2_86842377_86844921",1576.84717149699,"+"
"RBM4","chr3_49077038_49092396",1576.47904846076,"-"
"MSI2","chr16_50669148_50675769",1576.40383631355,"-"
"POLR2G","chr14_91114283_91145220",1576.35494599282,"-"
"ZRSR2","chr17_76729794_76732977",1576.29016972689,"-"
"ZFP36L2","chr4_98261569_98293407",1576.22564967939,"-"
"PARN","chr1_24663224_24666814",1576.22125142858,"-"
"DGKH","chr21_8394218_8438432",1576.1993900787,"-"
"HNRNPH1","chr2_27772692_27779432",1576.12588410425,"+"
"SNRPD2","chr15_69453721_69455169",1575.71204848259,"+"
"NCL","chr15_44672239_44672387",1575.69454210841,"-"
"HNRNPC","chr16_208664_220648",1575.50448488513,"-"
"RALY","chr17_82244831_82248874",1575.45727234782,"-"
"EIF4H","chr20_58669453_58670511",1575.41130985353,"-"
"SAMHD1","chr2_73939022_73946718",1574.95693279923,"-"
"RBM3","chr1_154966077_154966161",1574.78996669576,"-"
"ZFP36L2","chr1_103533854_103534771",1574.76704935003,"-"
"HNRNPK","chr3_170145521_170171372",1574.68682568286,"-"
"ZFP36","chr17_44322528_44322807",1574.61420001389,"-"
"TRA2A","chr17_48182457_48187842",1574.57101782477,"-"
"HELZ","chr5_39124278_39125997",1574.44792238167,"-"
"HTATSF1","chr15_25405502_25438488",1574.41663124366,"-"
"ZC3H13","chr3_28241812_28316332",1574.40826827862,"-"
"SSB","chr2_230327301_230357804",1574.34394651631,"-"
"TAF15","chr16_69120649_69121435",1574.29935706087,"-"
"TRA2A","chr2_12723552_12724628",1574.09880846385,"-"
"FUS","chr1_175007196_175008608",1573.97188717393,"-"
"RALY","chr2_95910568_95915979",1573.9138305361,"+"
"SNRPG","chr15_28886278_28921639",1573.87987114832,"-"
"SF1","chr1_193023039_193023843",1573.82399724842,"-"
"ZFP36L2","chr19_18572607_18573292",1573.6324955034,"-"
"RBM8A","chr2_108449289_108449632",1573.587632046,"-"
"SASH3","chr1_154966080_154966161",1573.401294006,"-"
"SSB","chr3_16303592_16323098",1573.3741753539,"-"
"HNRNPC","chr5_134143640_134146200",1573.26099476692,"-"
"LCP2","chr1_159045464_159051678",1573.20427838859,"-"
"ZC3H4","chr17_37577613_37584647",1573.1054568603,"-"
"POLR2G","chr12_124912734_124913646",1573.07901589397,"-"
"SRRM1","chr1_112705168_112707077",1573.02763668781,"-"
"SRRM2","chr1_11748589_11750076",1572.94764680093,"-"
"TTC14","chr1_154989707_154990158",1572.9253959705,"-"
"RBM18","chr14_90397154_90400064",1572.89200345168,"+"
"HNRNPA1","chr5_134738792_134750758",1572.88961063235,"-"
"GTF3A","chr1_155689174_155709772",1572.78502834853,"-"
"G3BP2","chr3_51970184_51973964",1572.70551550618,"-"
"SCML4","chr12_31959900_31960776",1572.69674089577,"-"
"ZFP36","chr18_57620648_57621707",1572.62452470679,"-"
"LSM2","chr16_29447026_29454015",1572.47703796892,"-"
"GTF3A","chr2_219251713_219253855",1572.32279614804,"-"
"G3BP2","chr4_26321048_26362445",1572.16819761033,"-"
"ZNF638","chr5_180793097_180803812",1572.13247342136,"+"
"ANKRD17","chr2_86170844_86171207",1572.0219919576,"-"
"NONO","chr5_151772036_151786602",1571.93329280002,"-"
"ZFP36","chr3_28291954_28316332",1571.81674028582,"-"
"SNRPD2","chr2_95876509_95880426",1571.74679642211,"-"
"NCBP2","chr2_85327273_85327483",1571.73708720957,"+"
"RBM3","chr17_63929888_63931334",1571.72765377286,"-"
"SASH3","chr2_189782602_189784268",1571.71820670288,"-"
"YBX1","chr17_68103058_68114421",1571.70083415455,"-"
"HNRNPA1","chr22_39313310_39313633",1571.59859634009,"+"
"SRRM1","chr22_41781845_41793828",1571.53671864444,"-"
"SF3A1","chr2_38577532_38581912",1571.50124089891,"-"
"PABPC1","chr13_32407772_32427903",1571.38829947112,"-"
"HNRNPK","chr1_206905147_206921817",1571.38576500239,"-"
"HNRNPA3","chr22_45328145_45328309",1571.27425957131,"+"
"EWSR1","chr17_42348520_42388278",1571.26970434635,"-"
"ZC3H15","chr12_43759016_43768102",1571.19340339944,"-"
"ARAP2","chr14_45250138_45253034",1571.08620739728,"-"
"SGMS1","chr1_184054863_184072826",1571.0297734785,"-"
"YTHDC1","chr16_50742216_50742761",1570.89562303487,"+"
"RBM26","chr19_34209051_34215595",1570.82775568124,"-"
"HNRNPK","chr1_160491388_160523143",1570.7006563552,"-"
"ARAP2","chr2_74528489_74529131",1570.63779087011,"+"
"SNRPB2","chr4_53391139_53391429",1570.38755130898,"-"
"SNRPD2","chr6_31532911_31534485",1570.35278639271,"-"
"PARP12","chr3_146525647_146528613",1570.22533985858,"-"
"TRA2A","chr1_160816863_160818217",1570.0781304361,"-"
"TRA2A","chr5_57236032_57237112",1570.05690078669,"-"
"SRRM1","chr19_18431418_18431646",1570.02613824184,"-"
"CIRBP","chr6_10749698_10755141",1569.83579124721,"-"
"ARAP2","chr3_50100051_50100531",1569.75488967058,"-"
"PUM2","chr1_32327458_32327535",1569.54461601277,"-"
"SAMD9","chr2_73927052_73958145",1569.4137141708,"-"
"SNRPB","chr3_48922811_48924717",1569.13036669872,"-"
"RBM8A","chr1_28561260_28561345",1569.05977150748,"-"
"ZFP36L1","chr2_95919920_95921606",1569.04906236611,"-"
"RBM5","chr2_97219246_97224805",1568.89070222225,"-"
"ZC3H15","chr12_89497342_89525119",1568.7179925156,"-"
"CCAR1","chr1_26363154_26364531",1568.5578182777,"-"
"PABPC1","chr1_173864304_173864674",1568.49442854242,"-"
"SNRPG","chr5_146701142_146878001",1568.48567263481,"-"
"RBM12","chr2_48314814_48346200",1568.40135135902,"-"
"CSDE1","chr6_31354665_31355106",1568.29124520026,"+"
"SF3B4","chr2_95912316_95912406",1568.24159109596,"-"
"RBM6","chr1_11748610_11750076",1567.8557718808,"-"
"PRPF3","chr13_51791257_51799533",1567.64444671135,"-"
"KRR1","chr17_82814934_82870223",1567.42119648631,"-"
"RBM3","chr5_178211970_178214795",1567.2463442146,"-"
"YBX1","chr4_82355401_82356795",1566.73847468996,"-"
"SCML4","chr2_11172045_11177736",1566.5549487663,"-"
"RNPC3","chr5_143400852_143434531",1566.51874021882,"-"
"ZRANB2","chr15_52557222_52568847",1566.36445885498,"-"
"SCML4","chr2_97179766_97181597",1566.19811155583,"+"
"RALY","chr16_2772102_2776992",1566.0980132519,"+"
"SNRPN","chr3_88055999_88057190",1566.06725209647,"-"
"ACIN1","chr14_35116737_35121901",1565.99813755075,"-"
"LSM2","chr2_108449289_108449632",1565.73726761475,"-"
"SNRPD2","chr3_49674621_49675693",1565.52098937418,"-"
"SNRPB","chr2_201272942_201276826",1565.49875548449,"-"
"SNRPN","chr4_53399839_53425871",1565.233497102,"-"
"RBM17","chr16_4694238_4694957",1565.15858494163,"-"
"MCTS1","chr2_231781883_231788554",1565.06496196376,"-"
"HNRNPA0","chr2_11172045_11174967",1565.02653374509,"-"
"HNRNPR","chr12_53467843_53468776",1564.92248325229,"-"
"ZC3H15","chr22_32475398_32478980",1564.9201636214,"-"
"HNRNPL","chr2_95876509_95880426",1564.91134303231,"-"
"TIAL1","chr16_50742124_50742761",1564.75334414902,"-"
"NAA38","chr5_179618323_179620891",1564.6845975565,"-"
"EIF4B","chr1_160814761_160818217",1564.6331773037,"-"
"ZC3HAV1","chr1_154966077_154966161",1564.61757197997,"-"
"ZNF638","chr16_53055077_53155925",1564.5518535229,"-"
"SAMHD1","chr22_20568631_20575112",1564.36399570715,"-"
"MBNL1","chr17_4715043_4715972",1564.33277812297,"-"
"HNRNPK","chr2_219230350_219231927",1563.98913090728,"-"
"PABPC3","chr16_89878627_89883350",1563.96585529304,"-"
"NONO","chr2_152716126_152717229",1563.94804548241,"-"
"EIF3B","chr2_201138964_201140356",1563.7778367283,"+"
"NCL","chr16_18900044_18925949",1563.7519471211,"-"
"NONO","chr19_19654144_19654542",1563.73774901437,"-"
"RBM12","chr6_31644194_31644306",1563.65992431348,"+"
"RBM38","chr3_193618936_193631611",1563.501588535,"-"
"RBM3","chr5_135346057_135352945",1563.39997037784,"-"
"ZC3H13","chr2_74491672_74492003",1563.38478571936,"-"
"HNRNPF","chr1_207790345_207793518",1563.29642802661,"-"
"ZC3H3","chr2_85696056_85698563",1563.22825415767,"+"
"MATR3","chr15_42448705_42466052",1563.14738610556,"-"
"RC3H2","chr15_101966223_101972900",1563.10130717733,"+"
"BFAR","chr17_78131737_78132358",1562.99852617008,"+"
"ZNF638","chr12_47966229_47966682",1562.90123067033,"-"
"SSB","chr16_3065494_3065783",1562.88506162003,"+"
"HNRNPC","chr12_79798584_79807225",1562.85889691832,"-"
"SAMHD1","chr1_206905147_206921817",1562.7141832498,"+"
"TIA1","chr6_31644194_31644524",1562.68785476753,"+"
"ZC3H7A","chr1_244835756_244842194",1562.66364957314,"+"
"G3BP1","chr5_149513209_149517793",1562.59457679346,"-"
"ANKRD17","chr2_201233622_201234015",1562.42150724177,"-"
"RBM12","chr3_167720273_167725400",1562.34710944472,"-"
"ZC3H13","chr16_4823907_4832773",1562.27389661433,"-"
"SRRM1","chr2_272065_272191",1562.20382629081,"+"
"RNPS1","chr20_57604769_57610148",1562.16823745814,"-"
"TRA2A","chr2_189782602_189783013",1562.14659559907,"-"
"EWSR1","chr14_22529688_22547505",1562.08834349366,"-"
"TNKS","chr20_24964022_24969525",1562.05331958194,"-"
"TNRC6A","chr16_31201841_31202416",1562.03603225958,"-"
"SSB","chr4_53428183_53440581",1561.51252895218,"-"
"EIF4H","chr6_29945281_29945450",1561.42298875304,"+"
"ACIN1","chr1_150327652_150328319",1561.07106514152,"-"
"RC3H1","chr3_52679726_52685748",1560.95086787803,"-"
"NONO","chr12_124913440_124913668",1560.78234255263,"+"
"HNRNPH1","chr16_29050562_29050671",1560.77495742433,"+"
"RBM5","chr1_151316509_151327270",1560.74919858253,"-"
"ZC3HAV1","chr14_101824169_101856685",1560.70577566052,"-"
"LARP4B","chr2_97204096_97204190",1560.64463908236,"-"
"HNRNPR","chr15_22838921_22851638",1560.54406992347,"-"
"ZC3H12D","chr5_71062796_71067654",1560.26214296993,"-"
"CSDE1","chr18_13643412_13645126",1560.17196480849,"-"
"SNRPD1","chr21_33595615_33595729",1560.06035560851,"-"
"SF1","chr5_135346057_135352945",1559.78001003829,"-"
"YTHDF2","chr17_3925438_3928662",1559.49962696631,"-"
"PTBP2","chr2_97206135_97211545",1559.45055524924,"-"
"EIF4H","chr22_38752665_38755762",1559.24551805208,"-"
"RBM25","chr17_10705615_10706437",1559.21641995916,"-"
"SFMBT1","chr2_99171646_99173914",1558.5549967392,"-"
"TARDBP","chr4_77776392_77819232",1558.11982984005,"-"
"RBM19","chr3_88055999_88057190",1558.01225975614,"-"
"LCP2","chr1_111191065_111192139",1557.78414694966,"-"
"SFMBT1","chr2_12723552_12740325",1557.73092565585,"-"
"POLR2G","chr20_30377721_30379584",1557.6714884764,"-"
"PARN","chr15_74024927_74033155",1557.6682581049,"-"
"SF3B4","chr2_201234112_201240269",1557.65347330162,"-"
"RBM39","chr21_34073745_34102834",1557.62746514556,"-"
"NONO","chr12_9655979_9656920",1557.52293710327,"-"
"PPFIA1","chr1_114736855_114737962",1557.46142821462,"-"
"DNAJC17","chr12_124913440_124913668",1557.20692778404,"-"
"TRA2A","chr19_49450939_49451484",1557.15892145941,"-"
"RRP7A","chr21_33260727_33262560",1556.95822044193,"-"
"SAMD3","chr17_36211217_36211775",1556.79619672063,"+"
"MBNL3","chr22_45328145_45328309",1556.72657809344,"+"
"MBNL1","chr17_37596344_37600362",1556.65187926743,"-"
"ZC3HAV1","chr20_57607300_57610148",1556.43130249173,"-"
"DKC1","chr12_124913339_124913567",1556.40637317558,"+"
"ARAP2","chr3_25729318_25732318",1556.39901727229,"-"
"RBM15B","chr2_97560860_97580461",1556.22513162175,"-"
"BFAR","chr1_120815043_120816084",1556.02663844944,"+"
"RNPS1","chr5_113515362_113524980",1555.92141339148,"-"
"HNRNPC","chr2_201233554_201234015",1555.91572775881,"-"
"FUS","chr2_230327301_230357804",1555.57499611089,"-"
"EIF4H","chr1_153543939_153544653",1555.23349751612,"+"
"RC3H1","chr22_20052584_20055942",1555.21455484001,"-"
"ZFP36L2","chr2_86788560_86789639",1555.03120409034,"+"
"ZC3H12A","chr15_60397338_60397942",1555.03038403746,"-"
"NCL","chr15_50424514_50439008",1554.83249223533,"-"
"SAMD9","chr14_22533560_22547505",1554.81519263873,"-"
"PHC3","chr2_272305_275139",1554.5369703936,"-"
"SART3","chr5_112864732_112867403",1554.50799592543,"-"
"SCML4","chr2_86788560_86789639",1554.45600735699,"-"
"PUM2","chr6_11213727_11232503",1554.43281122929,"-"
"EIF2S1","chr1_155921527_155921860",1554.31323834418,"+"
"RBM5","chr2_213057099_213147470",1554.24971916034,"-"
"NAA38","chr3_71112637_71130497",1553.96906849095,"-"
"SF1","chr1_111139666_111140037",1553.84559925588,"-"
"SFPQ","chr1_160814761_160818217",1553.83303969915,"-"
"PAN3","chr3_195662733_195664085",1553.78835163011,"-"
"EIF4H","chr22_45328145_45328309",1553.72037802437,"+"
"RBM39","chr15_85583164_85585701",1553.70644262675,"-"
"YBX1","chr12_2824013_2824089",1553.49422016681,"-"
"ZFP36","chr17_48346006_48396679",1553.46810947899,"-"
"HNRNPH1","chr2_272065_272191",1553.44470720524,"+"
"HNRNPC","chr17_35480195_35522278",1553.4118842044,"-"
"TIA1","chr5_180793097_180803812",1553.39256198469,"-"
"HNRNPC","chr3_141404031_141438242",1553.13077039218,"-"
"SAMD3","chr16_89727325_89729234",1553.0639897905,"-"
"DKC1","chr5_154941265_154950820",1553.01579712349,"-"
"YBX1","chr17_76727213_76729689",1552.91401766154,"-"
"ZRANB2","chr3_32442013_32452391",1552.90631546798,"-"
"UHMK1","chr19_19677986_19678725",1552.84252977127,"-"
"GTF3A","chr5_35876719_35877475",1552.77174883702,"-"
"SAFB","chr12_124912199_124913339",1552.72065421394,"-"
"RBM8A","chr2_23823569_23827797",1552.54545349546,"-"
"ZC3H13","chr15_28886278_28921639",1552.48026039387,"-"
"RBM3","chr3_183840640_183844230",1552.39570766432,"-"
"ZFP36L1","chr16_68302509_68304025",1552.34289822637,"-"
"ZFP36L2","chr6_29725202_29829589",1552.29123840927,"+"
"ZFP36L1","chr12_14956333_14961536",1552.08965796345,"+"
"SNRPD2","chr4_108165163_108166271",1552.08435992923,"-"
"ZC3HAV1","chr22_43151604_43161051",1552.00509490305,"+"
"YTHDF2","chr4_83105020_83114665",1551.82822434192,"+"
"LCP2","chr3_30606977_30644746",1551.56879741303,"-"
"RBM17","chr2_85694923_85695319",1551.52563346647,"+"
"CIRBP","chr14_24607747_24632914",1551.52559926565,"+"
"G3BP1","chr17_78419725_78424060",1551.26065050138,"-"
"TARDBP","chr1_159815459_159815535",1551.16157158863,"-"
"ZC3H8","chr21_8393623_8437831",1551.13991880518,"+"
"SLTM","chr22_32475124_32478980",1551.11444650245,"-"
"HNRNPA0","chr1_40040801_40059336",1551.08622095988,"-"
"HNRNPC","chr17_81891841_81894466",1550.99367276501,"-"
"NIP7","chr2_219230350_219231927",1550.81560702555,"-"
"SAMD9L","chr19_10089378_10089656",1550.44930965865,"-"
"U2AF1","chr21_42413523_42416441",1550.40811330163,"-"
"PARN","chr3_101574279_101579841",1550.16300655141,"-"
"RBM5","chr2_70216499_70216885",1550.06914804052,"-"
"NCBP2","chr18_3249443_3253232",1550.05385228923,"+"
"SAMD3","chr4_77776392_77819303",1550.02763081801,"-"
"ZFP36","chr1_11745837_11747439",1549.85998711513,"-"
"SASH3","chr21_31685174_31685397",1549.74883941029,"-"
"RBM8A","chr21_34073745_34102834",1549.67994671811,"-"
"TRA2B","chr4_53391139_53391429",1549.65066917891,"-"
"TAF15","chr1_24502463_24514313",1549.45455906029,"-"
"TMEM63A","chr1_110892533_110899123",1549.28931378912,"+"
"SRRM2","chr16_57647012_57650252",1549.26583180763,"-"
"HNRNPK","chr17_36211217_36211775",1549.22854427006,"-"
"STIM1","chr17_64824872_64829160",1549.18452273512,"-"
"HNRNPA1","chr1_7961735_7962762",1549.0878693812,"-"
"MKRN1","chr2_134946146_134947735",1548.93804316818,"-"
"LARP4B","chr5_70946176_70952438",1548.65123552916,"-"
"FUS","chr4_53391139_53391429",1548.43420995131,"-"
"SAMD3","chr6_111780635_111793622",1548.28233722493,"+"
"NOL8","chr15_50726126_50726320",1548.2760170386,"-"
"RBM28","chr21_39345958_39348291",1548.20679514231,"+"
"SF1","chr4_153583672_153584834",1548.15960712633,"-"
"HNRNPK","chr1_174752354_174811831",1548.00636362012,"-"
"SAMD3","chr20_57607300_57610148",1547.99489054972,"-"
"ZRANB2","chr1_84570139_84570581",1547.9442862726,"-"
"RBM5","chr1_42457567_42459602",1547.7754624648,"-"
"RBM39","chr17_82449480_82450699",1547.57934776153,"-"
"KRR1","chr2_97202230_97206062",1547.57384806675,"+"
"RBM14","chr12_9009513_9058091",1547.47640153987,"-"
"TARDBP","chr17_35657791_35671753",1547.34947184356,"-"
"RBMX","chr2_202297906_202300233",1547.34471837543,"-"
"PHC3","chr19_42215252_42217631",1547.11574176687,"-"
"TRA2A","chr15_50424514_50439008",1547.07109147704,"-"
"RC3H1","chr1_151310255_151315572",1547.03083090533,"-"
"ZRSR2","chr3_48694240_48694458",1546.56715091839,"-"
"DGKD","chr19_2324196_2328386",1546.5220300674,"-"
"EIF4H","chr16_53450285_53451702",1546.42600912695,"-"
"TARDBP","chr17_17179577_17180002",1546.23084686775,"-"
"HNRNPC","chr4_951258_951681",1546.01234064628,"-"
"MBNL1","chr1_155921527_155921860",1545.9078937305,"+"
"RBM17","chr1_66930400_66940027",1545.6157334665,"-"
"THUMPD1","chr2_175118369_175130137",1545.3500513779,"-"
"HNRNPC","chr2_241150547_241157806",1544.98300948351,"-"
"SNRPF","chr12_124913440_124913668",1544.92937987511,"+"
"SNRPD1","chr2_105089069_105089410",1544.86885226432,"-"
"SNRPC","chr20_17660528_17682027",1544.66115512761,"-"
"HNRNPA2B1","chr16_668699_670122",1544.65198530766,"-"
"RC3H1","chr17_77402703_77482143",1544.58668858334,"+"
"MATR3","chr2_201160942_201162995",1544.47182810416,"-"
"EWSR1","chr12_56160670_56161386",1544.40266492167,"+"
"SAMD3","chr4_56656012_56656343",1544.38524583489,"+"
"TARDBP","chr15_52557222_52568847",1544.23766492619,"-"
"SNRPD2","chr14_49577853_49585949",1544.20899475421,"+"
"SAMD3","chr12_53464852_53465931",1544.08811786402,"-"
"ZC3HAV1","chr2_97194754_97200452",1544.02974629937,"-"
"LARP7","chr17_28884315_28888944",1543.9221266393,"-"
"SAMD9L","chr17_10705615_10706437",1543.90752526716,"-"
"SLTM","chr12_28190641_28257201",1543.77748126975,"-"
"ZCRB1","chr19_39333126_39335434",1543.67451240516,"+"
"SNRPG","chr15_50432499_50439008",1543.63973812451,"-"
"YBX1","chr2_97204096_97204190",1543.51144721735,"-"
"SNRPC","chr5_96727530_96729611",1543.46663589743,"-"
"SAFB2","chr2_27369209_27369413",1543.31053412387,"-"
"EWSR1","chr20_35021332_35035122",1543.12469701855,"-"
"CPSF6","chr3_38129388_38131595",1543.05727887031,"-"
"LRSAM1","chr2_85596649_85597103",1542.87035465286,"-"
"SAFB","chr1_110896733_110899123",1542.75046308229,"+"
"RFTN1","chr13_30461533_30462537",1542.74262782758,"-"
"LSM10","chr22_38752665_38755762",1542.66043227422,"-"
"MCM3AP","chr3_9689082_9701789",1542.60920246227,"+"
"ZC3HAV1","chr6_127314896_127316449",1542.55049588042,"-"
"EWSR1","chr2_160367391_160493288",1542.45296690624,"-"
"RBM18","chr16_3068806_3068989",1542.3503725064,"+"
"RBMX","chr22_50250905_50250973",1542.2202748465,"+"
"RBMS1","chr1_2393355_2395783",1542.21644465947,"-"
"HNRNPA2B1","chr2_95958785_95960472",1542.15813213728,"-"
"HNRNPH1","chr1_91720230_91721954",1542.09330704866,"-"
"SASH3","chr3_180985996_180986942",1541.58521036867,"-"
"RALY","chr20_50084254_50113106",1541.52820262057,"-"
"EWSR1","chr2_127057601_127059010",1541.45817346204,"-"
"SNRPD2","chr12_54282874_54283811",1541.36912200297,"-"
"LSM3","chr14_89190449_89280949",1541.30508049002,"-"
"ZC3H15","chr17_17179577_17180002",1541.24492357709,"-"
"RBM8A","chr12_53464852_53465931",1541.24457883032,"-"
"SAMSN1","chr22_46343368_46346421",1540.93016282929,"-"
"EIF3G","chr15_50424514_50439008",1540.65691791446,"-"
"ZC3H8","chr5_139561815_139562243",1540.58940952289,"+"
"ZC3H13","chr16_69120649_69121435",1540.55773848125,"-"
"FUS","chr17_37579434_37584647",1540.42060825021,"-"
"LCP2","chr12_46367340_46370775",1540.27235238762,"-"
"ZFP36","chr4_56656012_56656343",1540.24615136004,"-"
"L3MBTL3","chr6_107708011_107731973",1540.18341579522,"-"
"TNKS","chr15_50432499_50439008",1540.03572577556,"-"
"RBM8A","chr16_3065494_3065783",1539.96019149367,"+"
"ZRANB2","chr2_171687873_171690146",1539.90040035709,"-"
"HNRNPH2","chr1_158973771_158976700",1539.78374954462,"-"
"HTATSF1","chr17_82449292_82450699",1539.69470793073,"-"
"HNRNPK","chr15_76292700_76311349",1539.4143539931,"-"
"TTC14","chr21_8394316_8438445",1539.35502387289,"+"
"PUF60","chr5_304221_314416",1539.21661437341,"-"
"RBM23","chr12_6652770_6652935",1539.02879877495,"-"
"SAMHD1","chr1_111139711_111140037",1538.99324076737,"-"
"ZC3H13","chr21_8392957_8437168",1538.97588831216,"-"
"POLDIP3","chr12_6728001_6728222",1538.96342366785,"-"
"RBM5","chr2_86171345_86173649",1538.54916293226,"-"
"TMEM63A","chr3_71112637_71198201",1538.45778003133,"+"
"RBM8A","chr2_189782602_189784268",1538.45591161559,"-"
"DNAJC17","chr21_46636547_46636895",1538.44969596922,"-"
"LCP2","chr16_3068010_3068179",1538.38951976643,"-"
"PABPC1","chr1_160489167_160490197",1538.29517727601,"-"
"DHX8","chr4_4268615_4273582",1538.29344291854,"-"
"ZRANB2","chr2_97118517_97142639",1538.17127202553,"-"
"YTHDC1","chr6_152180294_152185273",1538.00857832092,"-"
"CSDE1","chr21_33230216_33241839",1538.00777608982,"-"
"DDHD2","chr22_45328145_45328309",1537.9976214361,"-"
"UPF3B","chr2_97560860_97580461",1537.75391585456,"-"
"MSI2","chr2_38748653_38749239",1537.73897614707,"-"
"RBM4B","chr1_30980163_30981311",1537.58640735899,"-"
"RBMS1","chr16_53445929_53447041",1537.55574791927,"-"
"NCL","chr1_149531742_149537099",1537.4623753472,"+"
"EIF3G","chr19_34226464_34227364",1537.29192908507,"-"
"TNKS","chr19_10796199_10798485",1537.20817710792,"-"
"HNRNPH1","chr21_29036374_29037275",1537.1047577987,"-"
"YTHDF2","chr22_41781845_41784338",1536.95289562116,"-"
"TNKS","chr2_207560372_207561118",1536.93852358207,"-"
"G3BP2","chr20_35280118_35284175",1536.81300257908,"-"
"SAMSN1","chr5_143400852_143404375",1536.7986242358,"-"
"EIF4H","chr19_38619317_38620336",1536.79649186681,"-"
"CCAR1","chr17_75268192_75270113",1536.7912484204,"-"
"CCAR1","chr3_152300367_152301918",1536.76588713722,"-"
"ZC3H12A","chr1_40040801_40059333",1536.62535709321,"-"
"HNRNPH1","chr1_235829039_235830225",1536.47932291827,"-"
"LSM6","chr17_59119495_59131280",1536.45708061323,"-"
"PNPT1","chr13_42889242_42895008",1536.26998372666,"-"
"PABPC1","chr22_50186001_50193026",1536.02202569325,"-"
"SASH3","chr2_97538363_97558798",1535.926718478,"+"
"LCP2","chr2_97181793_97217176",1535.80165266891,"+"
"CPSF6","chr21_46636547_46636895",1535.75149956113,"-"
"PABPC3","chr19_54206724_54207397",1535.66211303693,"+"
"SNRPB","chr1_2393355_2395783",1535.59574908519,"-"
"SAMD3","chr15_88880610_88881356",1535.5505209368,"+"
"SCML4","chr17_35323268_35324653",1535.49604736125,"-"
"MBNL1","chr6_125292909_125300537",1535.39475797482,"-"
"LCP2","chr2_237994809_238016565",1535.29963896525,"-"
"SNRPD2","chr17_7224069_7224320",1535.12874608724,"-"
"ZFP36","chr12_89492115_89525119",1535.05174192472,"-"
"GTF3A","chr3_71299880_71359149",1534.94919141552,"-"
"EIF4H","chr2_73946906_73950584",1534.90794030091,"-"
"NONO","chr19_19677990_19678725",1534.89994748438,"-"
"CNOT4","chr3_32442013_32452391",1534.78712957658,"+"
"RNPS1","chr14_55601880_55612018",1534.7475428493,"-"
"SF3B4","chr1_30739937_30757658",1534.66162395773,"+"
"RBM39","chr12_124913440_124913668",1534.64386590504,"+"
"RBMX","chr3_184323241_184323404",1534.63980920614,"-"
"CPSF7","chr16_80976179_80981805",1534.60952825098,"-"
"ZC3H12D","chr5_39202987_39270568",1534.57247376514,"+"
"SUPT6H","chr2_97560860_97580461",1534.45455460058,"-"
"SAMHD1","chr1_42457567_42459602",1534.29563767815,"-"
"EPHB6","chr16_2752846_2757471",1534.29451536815,"-"
"HNRNPK","chr1_11745837_11747439",1534.26699810042,"-"
"RBM6","chr2_113439117_113441350",1534.26407719524,"-"
"ZFP36","chr19_18147044_18147442",1533.99720480408,"+"
"HNRNPM","chr15_50725323_50726320",1533.52117852526,"-"
"KHDRBS1","chr19_17839293_17839476",1533.38219328717,"-"
"THUMPD1","chr17_35587597_35594007",1533.2562724953,"-"
"PCBP1","chr5_71062796_71065124",1533.19189627462,"+"
"ZC3H13","chr2_171687627_171690146",1533.08141071521,"-"
"PARP14","chr13_30461533_30462537",1532.99567095801,"-"
"RBM8A","chr4_53399839_53414614",1532.88305929098,"-"
"NCL","chr6_31532911_31534485",1532.49301884927,"-"
"EIF4H","chr4_127921771_127921859",1532.28609198511,"-"
"NCL","chr2_241508135_241508442",1532.26336866432,"-"
"LSM5","chr17_5428211_5432541",1532.26189471394,"-"
"RBM6","chr12_6461390_6462033",1532.25431417547,"-"
"SNRNP70","chr22_45328063_45328309",1532.22945673578,"-"
"RBM25","chr22_24270983_24276699",1532.17339642666,"-"
"SART3","chr5_39124278_39125997",1531.82644282998,"-"
"ARAP2","chr1_173715078_173716002",1531.55836143692,"-"
"LEMD3","chr2_189783123_189784268",1531.21869750022,"-"
"RBM39","chr16_635340_636093",1531.17427392264,"-"
"SAMD3","chr2_96547517_96549752",1531.05243030903,"-"
"LCP2","chr1_116796256_116805604",1530.9682690293,"+"
"SLTM","chr1_159045464_159051678",1530.75108207622,"+"
"THUMPD1","chr3_49975392_49999439",1530.69286672362,"-"
"RNPS1","chr14_105052102_105057166",1530.62015706494,"-"
"ZRANB2","chr17_82019381_82019857",1530.60851023184,"-"
"EIF3G","chr2_97164311_97164396",1530.51814331002,"-"
"RBM5","chr1_114737563_114737962",1530.32422428554,"-"
"SCML4","chr19_11578657_11578843",1530.30843191173,"-"
"SAMD9L","chr16_53445929_53447041",1530.29378794584,"-"
"ZRANB2","chr20_63873816_63882718",1530.28892861266,"-"
"LCP2","chr17_10705615_10706437",1530.21372057209,"-"
"RBM6","chr21_43095743_43100452",1529.93215056348,"-"
"HNRNPH1","chr12_124913418_124913646",1529.77135665949,"-"
"EWSR1","chr2_238016633_238025341",1529.71747573579,"-"
"SYNCRIP","chr1_88969467_88992584",1529.6042139301,"-"
"RBMXL1","chr1_150842468_150846262",1529.59129181689,"-"
"PCBP1","chr6_30577913_30578074",1529.31412315965,"-"
"RBM17","chr2_177234271_177263402",1528.98393572519,"-"
"SAMD9L","chr14_91170186_91173288",1528.95283700621,"-"
"G3BP2","chr14_23563282_23563379",1528.8374933427,"-"
"TARDBP","chr4_53391139_53391429",1528.81339289945,"-"
"EIF3G","chr14_101912473_101925140",1528.76142828075,"-"
"SASH3","chr6_135492291_135497582",1528.72026296409,"-"
"GTF3A","chr18_9208797_9211583",1528.60690339986,"-"
"NONO","chr1_23323732_23337753",1528.56291062483,"-"
"HDLBP","chr5_143400852_143404375",1528.50336704049,"-"
"RBM14","chr3_49310737_49311513",1528.42257081453,"-"
"LCP2","chr22_32475124_32478980",1528.22135461552,"-"
"HELZ","chr14_22516331_22547505",1528.21634987459,"-"
"G3BP1","chr15_34528747_34529017",1528.19671233572,"-"
"STIM1","chr3_3167793_3172505",1528.01817787743,"-"
"RBM18","chr6_29890296_29890438",1527.98310779661,"+"
"PSPC1","chr16_89727325_89729234",1527.92716815434,"-"
"PUM2","chr19_49489922_49490231",1527.83033674215,"-"
"ZC3H8","chr16_70514509_70517625",1527.75238779278,"-"
"SAMHD1","chr16_80976179_80981805",1527.72395129487,"-"
"TIAL1","chr4_105146979_105233896",1527.60110659786,"-"
"YTHDC1","chr14_24606746_24607611",1527.57008166418,"+"
"SNRPN","chr1_147932641_147936626",1527.55607187356,"-"
"RNPC3","chr20_17660528_17682027",1527.54958466736,"-"
"RBM14","chr14_23960003_23967210",1527.40915231813,"-"
"UHMK1","chr17_5515517_5517745",1527.17255304311,"-"
"SLBP","chr20_1604142_1604741",1527.09145934924,"-"
"HNRNPA2B1","chr18_79207012_79253380",1526.91214873911,"-"
"PARP14","chr16_57641708_57650252",1526.89378940263,"-"
"RBM41","chr16_30184343_30185208",1526.74697974626,"+"
"LSM4","chr17_37577613_37584647",1526.26442835744,"-"
"SNRPD2","chr2_97194917_97202201",1526.21812131444,"-"
"NCL","chr2_84832145_84839148",1526.13590620896,"-"
"TARDBP","chr2_98663179_98663340",1526.1272848232,"-"
"CSDE1","chr1_146985756_146991112",1526.06634888128,"-"
"RBM12","chr17_17179577_17180002",1526.04007222151,"-"
"MBNL3","chr20_28583110_28586298",1525.99208889177,"-"
"MBNL1","chr1_25562716_25563069",1525.96491295115,"-"
"ZNF638","chr16_4361469_4361984",1525.85604627044,"-"
"YTHDF2","chr1_46310044_46310154",1525.81019858233,"-"
"TRMT1","chr14_20455394_20455577",1525.58940231308,"-"
"SRRT","chr1_151889373_151895007",1525.5315773806,"-"
"EIF3G","chr4_151099714_151102870",1525.48769193239,"+"
"MATR3","chr3_170178938_170181701",1525.08854417848,"-"
"MATR3","chr21_8437547_8437663",1525.05344526145,"+"
"HNRNPC","chr2_191148204_191150650",1525.02881423779,"+"
"SNRPD1","chr20_35021332_35035122",1524.72203399749,"-"
"MBNL1","chr3_114974416_115147218",1524.00274386206,"-"
"HNRNPC","chr2_218235044_218238663",1523.95024870156,"+"
"SAMHD1","chr20_57607300_57610148",1523.86168830566,"-"
"LARP4B","chr15_101972694_101972900",1523.62182904424,"-"
"RBM25","chr2_201160942_201163834",1523.5054432346,"-"
"HNRNPK","chr2_272065_272191",1523.38716966074,"-"
"HNRNPD","chr17_76727178_76729689",1523.33169714954,"-"
"PABPC1","chr21_8393174_8437388",1523.30647301663,"+"
"ZFR","chr22_40463286_40533589",1523.24880335313,"-"
"ZFP36L1","chr17_10705615_10706437",1523.16824469634,"-"
"DHX8","chr3_39266518_39281608",1523.04643705637,"-"
"PPIE","chr17_73209768_73232085",1522.99326400467,"-"
"SUPT6H","chr5_181242345_181243679",1522.93311567831,"+"
"POLR2G","chr1_151889373_151895007",1522.79059254867,"-"
"U2AF1","chr2_159448409_159453612",1522.68382330716,"-"
"ZCRB1","chr2_68782320_68807272",1522.61467064449,"-"
"SNRPF","chr2_73950732_73958145",1522.53022483439,"-"
"PABPC1","chr1_167684001_167690048",1522.46140306376,"-"
"CIRBP","chr4_56656012_56656339",1522.42040360683,"+"
"SNRPD1","chr3_183840640_183842297",1522.23583752338,"-"
"NCBP2","chr15_101285801_101286907",1522.22389596023,"-"
"SCML4","chr2_97202230_97206062",1522.09486385462,"+"
"SLTM","chr1_146985756_146991112",1522.01628301944,"+"
"SNRPN","chr16_56989617_57017073",1521.98516052187,"-"
"ZC3H15","chr20_64076954_64079293",1521.97756142882,"-"
"ZFP36L2","chr14_73921105_73923394",1521.77554528621,"-"
"TNRC6A","chr2_70216499_70216885",1521.75627771354,"-"
"SAMHD1","chr18_13643412_13645126",1521.74282317966,"-"
"ZFP36","chr6_158708391_158713799",1521.72474649136,"-"
"SNRPB2","chr2_222900780_222908732",1521.6545310173,"-"
"ZC3H8","chr1_26362022_26363025",1521.53553484427,"+"
"ZC3HAV1","chr2_112652798_112657121",1521.45196088179,"-"
"FUBP1","chr14_63853654_63909097",1521.40553733213,"-"
"CPSF6","chr3_16303592_16319460",1521.15224430917,"-"
"U2AF1","chr21_8393623_8437831",1521.079589675,"-"
"ZC3HAV1","chr4_185191212_185203897",1521.05732355823,"-"
"RALY","chr21_8393174_8437388",1520.96802380908,"-"
"ZRANB2","chr17_76557857_76561287",1520.95505031339,"-"
"LSM2","chr20_64076646_64079293",1520.94488221948,"-"
"EIF4H","chr6_107720993_107731973",1520.83426982946,"-"
"RC3H1","chr14_24138568_24138735",1520.82979814299,"+"
"HNRNPC","chr3_16260829_16264154",1520.81694419721,"-"
"PABPC1","chr2_97124597_97127066",1520.81569383092,"-"
"ZCRB1","chr1_16485665_16633094",1520.80987643629,"-"
"UPF3B","chr2_207560372_207567462",1520.70765651205,"-"
"ZFP36","chr6_29725202_29928224",1520.59379637701,"-"
"FUS","chr21_8437547_8437663",1520.51518096391,"+"
"CPSF6","chr16_50744866_50749575",1520.49257186253,"-"
"ZFP36L2","chr2_30147062_30148244",1520.36161582349,"-"
"HNRNPA1","chr16_2752846_2757471",1520.33086630487,"-"
"CCAR1","chr17_81891841_81893551",1520.03488150177,"-"
"PHC3","chr2_71331875_71348752",1519.92948537035,"-"
"RBM39","chr1_39205131_39231181",1519.78577293931,"-"
"EIF3G","chr1_23109127_23168765",1519.71219392725,"-"
"FUS","chr5_96727530_96729611",1519.620935553,"-"
"NONO","chr2_207561160_207567462",1519.34120121956,"-"
"NONO","chr4_98261569_98293404",1519.32269570884,"-"
"UHMK1","chr2_97164469_97167576",1519.0090373718,"-"
"RBM14","chr2_233273052_233273720",1518.97669748838,"-"
"SASH3","chr5_134139038_134140795",1518.84721561186,"-"
"SAMHD1","chr3_129171538_129171651",1518.82793170979,"+"
"PUM1","chr1_154169383_154170399",1518.80559627163,"+"
"RBM25","chr1_71065752_71066775",1518.55688016187,"-"
"RBM6","chr6_26406256_26445703",1518.51984566285,"+"
"LSM3","chr4_53428183_53442652",1518.3927154352,"-"
"RBM25","chr19_41884493_41888063",1518.06670286006,"-"
"RC3H1","chr20_58668127_58670511",1517.80164704325,"-"
"UPF1","chr2_95891737_95927380",1517.7766669551,"-"
"ANKHD1","chr19_48241063_48249750",1517.71498330427,"-"
"HNRNPK","chr21_6487412_6493043",1517.66212769379,"-"
"RBM39","chr1_20780540_20787194",1517.65306221245,"-"
"LSM4","chr1_39738931_39740164",1517.63296500494,"-"
"SAMD4B","chr5_70946176_70951940",1517.6302270456,"-"
"U2AF1","chr2_202300137_202300233",1517.55245894348,"-"
"EIF4H","chr16_29050562_29050671",1517.52241744084,"+"
"SNRPF","chr4_82857764_82863317",1517.4230280969,"-"
"HNRNPH1","chr3_170178938_170181686",1517.39099967909,"-"
"PPP1R10","chr4_88277243_88278143",1517.37996848606,"-"
"GTF3A","chr22_32475124_32479132",1517.19497556863,"-"
"SPEN","chr17_37596344_37600362",1516.917493028,"-"
"RBM42","chr5_178209447_178210131",1516.89450564836,"-"
"SLTM","chr2_241150547_241153475",1516.73716967392,"-"
"SNRPN","chr3_10115819_10118905",1516.46897787731,"-"
"SF1","chr2_95914303_95915979",1516.39365702223,"-"
"HELZ","chr22_36149142_36160668",1516.27164012909,"-"
"SRRT","chr15_85662453_85664562",1516.26955553549,"-"
"HNRNPA2B1","chr1_53233652_53235576",1516.23459996976,"-"
"RBM3","chr12_14956333_14961536",1515.95180845848,"+"
"SLTM","chr3_114974416_115147218",1515.78353544776,"-"
"RBM33","chr2_9474647_9478221",1515.76852343571,"-"
"RBM5","chr14_23567315_23567738",1515.51594438617,"-"
"SNRPB","chr2_101006071_101018997",1515.36986976622,"-"
"G3BP2","chr20_35021356_35035122",1515.36794217635,"-"
"PARP14","chr3_121730017_121730875",1515.21194547206,"-"
"HNRNPR","chr12_14956333_14961536",1515.09500459196,"+"
"EIF4H","chr2_189782602_189783013",1514.87553555434,"-"
"EIF4H","chr22_23700845_23705428",1514.74075746777,"-"
"ASCC1","chr20_62303045_62303567",1514.73812200755,"+"
"HNRNPH1","chr19_17839293_17839476",1514.55819546482,"-"
"NONO","chr2_201233622_201234015",1514.47675567826,"-"
"PDCD11","chr16_29383562_29383688",1514.40913023401,"-"
"SNRPD2","chr1_154966077_154966161",1514.25469653279,"-"
"NONO","chr17_16126209_16137310",1514.11469898914,"-"
"RBM6","chr12_124913440_124913668",1514.06868726625,"-"
"RBM33","chr3_180985996_180986942",1514.04867804136,"-"
"RBM6","chr3_48922811_48924717",1513.99670115674,"-"
"SASH3","chr3_51970184_51973964",1513.66875019976,"-"
"PARP12","chr14_35294529_35307993",1513.45453988657,"-"
"RFTN1","chr3_30606977_30644746",1513.42701372617,"-"
"RBM3","chr22_39077378_39080932",1513.41420119017,"-"
"ZC3H14","chr1_40040783_40059336",1513.39312890473,"-"
"TARDBP","chr1_209779374_209781344",1513.28493520883,"-"
"RBM22","chr15_60468162_60476062",1512.99884232573,"-"
"ZFP36","chr3_183840640_183842297",1512.7120899438,"-"
"RBM39","chr3_49310737_49311513",1512.67042435671,"-"
"RBM6","chr5_143400852_143434531",1512.42571821272,"-"
"CSDE1","chr3_184323241_184323407",1512.20148816338,"-"
"EIF4B","chr12_55903480_55927724",1512.11295159055,"-"
"HNRNPH2","chr3_69077918_69080111",1512.01896992253,"-"
"G3BP2","chr6_29726043_29726882",1511.99714339956,"+"
"ZFP36L2","chr19_18431418_18431646",1511.74436054607,"+"
"HNRNPK","chr17_63931385_63932194",1511.69269966881,"-"
"ZFP36L2","chr17_8886602_8887095",1511.64652804403,"-"
"MBNL1","chr21_6487412_6492130",1511.63888075582,"-"
"PRPF3","chr2_181475066_181478756",1511.60422635886,"-"
"RBM26","chr6_152180294_152189251",1511.56657117108,"+"
"TIA1","chr21_33230216_33241885",1511.52980853102,"-"
"ZFP36","chr1_111139666_111140037",1511.51413688674,"-"
"SNRPG","chr2_207560372_207561118",1511.50861813801,"-"
"ZC3H13","chr6_152180294_152189251",1511.50312013551,"-"
"HNRNPF","chr15_52557222_52568847",1511.49778567889,"-"
"HNRNPF","chr2_113438022_113439019",1511.44826788796,"-"
"HNRNPR","chr16_68266721_68274690",1511.38466599613,"-"
"SAMHD1","chr3_152300367_152300880",1511.3652669372,"-"
"SNRPN","chr14_100137802_100141179",1511.34137298805,"-"
"POLR2G","chr2_30147062_30148244",1511.21631449036,"-"
"SFPQ","chr19_13761568_13762298",1511.08270863524,"-"
"TRA2B","chr18_13643412_13645126",1510.96525757677,"-"
"ACO1","chr16_30076094_30076314",1510.88302394703,"-"
"RBM12","chr2_38746747_38748055",1510.53939458181,"+"
"RBMXL1","chr18_35290391_35305975",1510.33530529381,"-"
"CIRBP","chr2_127051243_127057472",1510.08583674623,"-"
"SEC23IP","chr19_49489922_49490231",1510.03969563306,"-"
"HNRNPD","chr3_50332154_50337172",1509.99324793038,"-"
"HNRNPA1","chr12_9656697_9656920",1509.89000511409,"-"
"TRA2A","chr12_132851734_132853430",1509.6424690389,"-"
"RBM18","chr17_78132030_78132358",1509.51592454639,"-"
"ARAP2","chr2_161160484_161179613",1509.42960766535,"-"
"HNRNPH2","chr14_73148106_73170796",1509.40971777738,"-"
"NONO","chr2_97205968_97206062",1509.36313194462,"-"
"CIRBP","chr20_58668127_58670511",1509.31232130052,"-"
"GTF3A","chr5_143400852_143403210",1509.1987517877,"-"
"SF1","chr2_38578002_38581912",1508.98372053926,"-"
"HNRNPC","chr12_98545061_98546358",1508.96520377839,"-"
"ZC3H4","chr1_151310255_151315572",1508.79396269363,"-"
"ELAVL1","chr17_76729794_76732977",1508.69197423429,"-"
"ARAP2","chr2_71331875_71348752",1508.44119697658,"-"
"HNRNPA1","chr3_39266518_39279953",1508.39424833717,"-"
"SNRPB","chr6_158708391_158725502",1508.33844250437,"-"
"RBM6","chr3_42619708_42621428",1508.33020285261,"-"
"FUBP3","chr16_88700940_88701261",1508.23013983686,"-"
"ZFP36L1","chr3_184323241_184323404",1508.21742177057,"-"
"SAMD3","chr2_237994809_238025341",1507.98521065632,"-"
"LSM2","chr12_47966172_47966682",1507.90075847092,"-"
"RBM10","chr19_54449306_54451289",1507.86982421949,"-"
"PUF60","chr5_79641196_79642843",1507.82293857048,"-"
"SRRM1","chr15_25405502_25438488",1507.6855755508,"-"
"PCBP1","chr17_78132030_78132358",1507.58557018241,"+"
"SAMD9L","chr19_19677990_19678725",1507.38767227762,"-"
"SAMD3","chr17_59112345_59131280",1507.2872487612,"-"
"TTC14","chr22_37226803_37227767",1507.27475085247,"+"
"PCBP1","chr14_24606746_24608264",1507.26710776888,"+"
"YBX1","chr16_89727357_89729234",1507.25045195919,"-"
"PABPC1","chr5_180793097_180802679",1507.18957156126,"-"
"FUS","chr2_177212805_177215538",1507.08725348907,"-"
"HNRNPR","chr17_76559043_76561287",1506.99981087934,"-"
"LARP4B","chr1_147928578_147936626",1506.97251813067,"-"
"UHMK1","chr1_159814292_159815535",1506.86745703346,"-"
"PUF60","chr22_39077378_39080932",1506.75262951081,"-"
"ZC3H7B","chr2_97187226_97189217",1506.66117259672,"+"
"SF3A1","chr17_8886602_8887095",1506.45595376684,"-"
"PCBP2","chr3_49809159_49809541",1506.33960193532,"-"
"ZFP36L2","chr19_14396473_14397657",1506.20819069575,"-"
"SSB","chr2_55577356_55578246",1506.03272422397,"-"
"RBM5","chr2_48314814_48346200",1505.98037147327,"-"
"HNRNPA3","chr2_135616757_135621493",1505.79061280467,"-"
"HNRNPF","chr2_152677475_152679351",1505.75971025611,"-"
"MBNL1","chr17_3668899_3669097",1505.75915669772,"-"
"ZFP36L2","chr1_25562716_25563069",1505.42042497745,"+"
"NONO","chr16_29050562_29050671",1505.33329088927,"+"
"CSDE1","chr21_41426263_41427754",1505.29787157795,"-"
"ZFP36","chr22_20568631_20575112",1505.17824226052,"-"
"ZFP36L2","chr2_86788560_86789639",1505.14039258019,"+"
"SNRPF","chr2_112652798_112657121",1505.10797806559,"-"
"LSM7","chr17_76727178_76729689",1505.09955532492,"-"
"TRA2A","chr20_35280118_35284175",1504.82499175853,"-"
"LCP2","chr2_97206135_97211545",1504.66430428673,"+"
"ZFP36L2","chr19_48234543_48240961",1504.56458825556,"-"
"SF3A1","chr5_150366666_150401643",1504.48008628955,"+"
"SAMD9","chr22_41784420_41793828",1504.43943041037,"-"
"NCBP2","chr4_87047594_87084122",1504.13283632242,"-"
"FUS","chr1_45600457_45602254",1504.07760543357,"-"
"ZCRB1","chr1_16367308_16393227",1504.0641170144,"-"
"YTHDC1","chr20_49124587_49135832",1504.06166803786,"-"
"SNRPD1","chr15_76295737_76311349",1504.02645831453,"-"
"SRRM1","chr2_160285044_160286968",1504.01091634205,"-"
"PCBP1","chr2_152677475_152679351",1503.92405435557,"-"
"HNRNPH1","chr4_182915575_182917287",1503.69010599298,"-"
"ARAP2","chr22_23791867_23793558",1503.62954532015,"-"
"FUBP1","chr19_52778907_52786594",1503.57563752928,"-"
"SNRPF","chr1_24503150_24514313",1503.51191328812,"-"
"HNRNPF","chr19_18899709_18899872",1503.44980421551,"-"
"TRA2B","chr22_38752665_38754641",1503.39356494005,"-"
"RBMX2","chr5_154941265_154950820",1503.37082588791,"-"
"NCBP2","chr14_91170201_91173288",1503.35992309752,"-"
"PCBP1","chr2_171061156_171082780",1503.30329746758,"-"
"UPF3B","chr17_35017606_35026373",1503.27509522654,"-"
"ZFP36L2","chr20_58889353_58895611",1503.24692477959,"+"
"HNRNPK","chr19_52854345_52857571",1503.04494438019,"+"
"PPIE","chr17_2042231_2042604",1502.93454366893,"-"
"SAFB","chr17_73227264_73232085",1502.81860903915,"-"
"HNRNPA1P4","chr17_4715043_4715972",1502.78730749114,"+"
"PPP1R10","chr1_154212624_154214456",1502.68744747988,"-"
"PAN3","chr14_35122910_35126734",1502.4146525578,"-"
"HNRNPA3","chr5_150366666_150401643",1502.36351812534,"-"
"SAMD9","chr17_68101959_68114421",1502.20576866123,"-"
"GTF3A","chr19_48325610_48327520",1501.86337343445,"+"
"PARP14","chr15_80098578_80120327",1501.85234556241,"-"
"SF1","chr4_83105020_83114665",1501.74475569037,"-"
"SNRPN","chr3_152300367_152300880",1501.68827421063,"-"
"LSM5","chr12_25061653_25062819",1501.60505120945,"-"
"CSDE1","chr12_6551001_6555256",1501.57204766442,"-"
"HNRNPC","chr2_169584497_169603641",1501.56768109453,"-"
"YTHDC1","chr2_97538363_97541910",1501.51962877698,"-"
"TRA2A","chr5_94053227_94074645",1501.40313391497,"-"
"SNRPD3","chr6_31639226_31640198",1501.36104226921,"-"
"PABPC1","chr1_52906611_52907867",1501.08902531556,"+"
"PCBP1","chr2_230416328_230442936",1501.08036339792,"-"
"SSB","chr19_49489922_49490231",1501.05359854928,"-"
"PAN3","chr15_58899937_58901259",1500.90272423894,"-"
"TIAL1","chr3_42621516_42630545",1500.80915397464,"-"
"SNRPB","chr12_48660619_48667692",1500.80410406126,"-"
"SAMD9","chr6_26443442_26443569",1500.79535531636,"-"
"RBM5","chr2_181475066_181478756",1500.79414844237,"-"
"SLTM","chr13_20862858_20868595",1500.76605911404,"-"
"SRRM1","chr13_27441077_27445087",1500.64573400482,"-"
"LARP4B","chr1_207767823_207770320",1500.51552401785,"-"
"TIAL1","chr2_171081708_171082780",1500.3119547175,"-"
"PSPC1","chr21_8437547_8437663",1500.27555262187,"-"
"PABPC1","chr1_228141288_228145510",1500.2456814604,"-"
"RNPS1","chr17_16382260_16382488",1500.03763759813,"+"
"EIF4B","chr12_56160670_56161386",1499.92728287222,"+"
"NIP7","chr15_34435471_34437397",1499.79211199995,"-"
"SNRPE","chr3_170136665_170171372",1499.78731024053,"-"
"SNRPG","chr2_85694470_85694752",1499.68968023761,"+"
"CPSF6","chr2_152677475_152679351",1499.61856848318,"-"
"SNRPB","chr21_6487412_6493043",1499.61067771865,"-"
"DGKH","chr1_51756358_51760689",1499.5989734219,"-"
"RBM26","chr3_32955261_32955873",1499.00349910527,"-"
"RBM39","chr17_81891833_81893551",1498.99522735551,"-"
"HNRNPC","chr1_45551155_45561788",1498.88956298898,"-"
"SASH3","chr14_23566419_23567110",1498.86346016242,"-"
"DDHD2","chr19_29942664_29985222",1498.72828409249,"-"
"SNRNP70","chr3_50100051_50103082",1498.57297994722,"-"
"LCP2","chr3_170178938_170181701",1498.55476759088,"-"
"RBMX","chr22_36149371_36160668",1498.5064928455,"-"
"SRRM1","chr1_35176471_35177318",1498.36534137316,"-"
"LSM7","chr12_124911899_124913495",1498.03901265835,"+"
"HNRNPK","chr2_9418732_9423372",1497.81859093275,"-"
"NCL","chr19_1273715_1274306",1497.78019061971,"-"
"ZC3H13","chr1_35176471_35177318",1497.7266949276,"-"
"TARDBP","chr14_89180806_89280949",1497.6789874129,"-"
"LCP2","chr14_20455338_20455577",1497.64120797351,"-"
"RBM3","chr21_8393623_8437833",1497.54391991691,"+"
"PHC3","chr2_160367391_160493288",1497.46489569353,"-"
"YTHDC2","chr4_53428183_53440581",1497.20843225914,"-"
"DHX8","chr1_207767823_207770320",1497.08391978164,"-"
"PABPC1","chr17_7392952_7393466",1497.04389430335,"-"
"RBM39","chr5_181242345_181243679",1497.02774523747,"+"
"PTBP1","chr16_53492519_53492692",1496.82027791166,"-"
"ZFP36L2","chr19_18001573_18008710",1496.69794636981,"+"
"HNRNPA1","chr2_38577532_38577919",1496.44216177523,"-"
"ZFP36L2","chr12_76450979_76487509",1496.26572764976,"-"
"NCL","chr4_98482175_98507677",1496.25798633749,"-"
"MATR3","chr4_98261569_98293407",1496.23265706577,"-"
"PPP1R10","chr19_35741223_35742395",1496.20273675372,"-"
"ZRSR2","chr1_160748514_160749820",1496.15502679569,"-"
"LSM5","chr17_76559043_76561287",1496.0535368098,"-"
"ZGPAT","chr1_53855051_53860055",1496.00354774808,"-"
"EIF3G","chr5_39202987_39217636",1495.95233051655,"-"
"EIF4H","chr17_68101959_68114421",1495.93393726117,"-"
"ZC3HAV1","chr2_230200965_230207990",1495.93050690731,"-"
"RBM6","chr2_230416328_230442936",1495.90017077986,"-"
"SRRT","chr14_90397154_90400064",1495.82805441334,"+"
"MATR3","chr1_35184593_35187000",1495.79541001278,"-"
"PUF60","chr12_42326229_42335882",1495.45008196917,"-"
"RNF113A","chr6_31269385_31269492",1495.41718032017,"+"
"EIF4H","chr1_16635168_16643027",1495.29749636998,"-"
"STIM1","chr16_56989595_57017073",1495.0914516956,"+"
"KIN","chr20_47298947_47310055",1495.01738939715,"-"
"HNRNPF","chr17_82019381_82019857",1494.75024659087,"-"
"HNRNPH1","chr14_23567319_23567738",1494.54213097382,"-"
"SART3","chr12_48679150_48679654",1494.21354974417,"-"
"PABPC3","chr16_4694308_4694957",1494.07023401408,"-"
"RBM22","chr2_230417665_230440475",1493.95935016345,"-"
"GRSF1","chr2_95910445_95910539",1493.93724978809,"-"
"RBM26","chr19_18538436_18539370",1493.90764048179,"-"
"SFPQ","chr14_23090101_23090521",1493.84148034992,"-"
"STIM2","chr2_232567214_232580903",1493.83560791473,"-"
"NONO","chr16_28656523_29050671",1493.47064728517,"-"
"ZFP36","chr22_32475124_32479132",1493.46158448138,"-"
"STIM2","chr17_63931385_63932194",1493.38781602096,"-"
"PTBP1","chr2_86788560_86789639",1493.3777737496,"+"
"EIF3G","chr2_73734591_73737301",1493.31906654362,"-"
"RBM25","chr19_8474244_8485602",1493.28764569818,"-"
"PABPC1","chr5_134139038_134142184",1493.20096133047,"-"
"RC3H1","chr17_42568559_42568836",1493.13576572788,"-"
"ZFP36L2","chr22_31283288_31289498",1493.10786292708,"-"
"SNRPF","chr13_113177976_113178173",1492.92847270398,"-"
"TNKS2","chr17_82019694_82019857",1492.70093310486,"-"
"GRSF1","chr16_3065494_3065780",1492.62389589204,"-"
"PPP1R10","chr2_97187401_97189086",1492.54363958942,"-"
"NOL8","chr2_171061156_171081639",1492.45182097974,"-"
"YBX1","chr2_97194917_97196592",1492.40381306964,"-"
"YBX1","chr1_111139711_111140037",1492.38498623078,"-"
"ZCRB1","chr12_89492115_89525119",1492.35986645106,"-"
"HNRNPC","chr1_32327458_32327535",1492.27243980872,"-"
"PSPC1","chr13_27441077_27445087",1492.27041344519,"-"
"LSM7","chr13_19677823_19730238",1492.16361253691,"-"
"YBX1","chr6_29725202_29928224",1492.11558849806,"-"
"MBNL1","chr2_97198491_97198585",1492.05012356103,"-"
"SNRPE","chr3_42619708_42620015",1492.03012687706,"-"
"CIRBP","chr2_55578342_55579678",1491.9994631704,"-"
"ARAP2","chr20_45418979_45419294",1491.77986881509,"-"
"RBMS1","chr2_213057099_213147470",1491.2877640294,"+"
"NONO","chr2_229859574_229879981",1491.22054681165,"-"
"TNKS2","chr19_18538433_18539370",1491.15893948559,"-"
"SAMD9L","chr19_16153208_16154398",1491.04585468306,"-"
"ZC3HAV1","chr12_25061653_25062819",1490.98502689295,"-"
"MBNL1","chr1_32327458_32327535",1490.80939124646,"-"
"HELZ","chr4_82857764_82861630",1490.74449310801,"-"
"POLR2G","chr2_95958785_95960472",1490.69208428994,"-"
"RBM28","chr14_45247377_45253034",1490.61841530614,"-"
"HNRNPR","chr21_25729801_25734332",1490.53077823357,"-"
"GTF3A","chr5_55102752_55107793",1490.28732388706,"+"
"G3BP1","chr2_11172045_11177736",1490.26521530059,"-"
"SRRM2","chr19_35745212_35745347",1490.22977410469,"-"
"UHMK1","chr19_54206724_54207397",1490.12284827976,"+"
"EIF2S1","chr3_71112637_71198201",1490.06750985626,"-"
"PARN","chr21_43095743_43100452",1490.06707030641,"-"
"FUS","chr1_16632371_16633094",1489.8191739057,"+"
"LCP2","chr6_29889500_29928224",1489.6978432616,"-"
"PPIL4","chr17_3669012_3669097",1489.694942063,"-"
"HNRNPA1","chr5_35871213_35875511",1489.57140136156,"-"
"PCBP1","chr21_43095743_43100452",1489.4581739096,"-"
"SNRPN","chr4_151099714_151100484",1489.21449150021,"-"
"RBM17","chr19_41896482_41898441",1489.09647406151,"-"
"SAFB2","chr2_95910568_95915979",1489.06537281956,"+"
"MBNL1","chr3_50350984_50351342",1489.0420818744,"-"
"ZFP36","chr19_48241063_48249750",1488.78542945321,"-"
"PUM1","chr5_139322967_139325295",1488.75393961291,"+"
"NCL","chr12_124911899_124913723",1488.72459338545,"+"
"GRSF1","chr14_53046949_53054437",1488.58950323168,"-"
"YTHDC1","chr21_46636547_46636895",1488.55620257162,"-"
"HNRNPF","chr22_45328145_45328309",1488.36445955262,"-"
"ZC3HAV1","chr6_29888672_29934217",1488.25267166277,"+"
"ZRANB2","chr12_6960936_6961125",1488.12635981736,"+"
"LSM3","chr17_5501872_5517745",1487.82849024774,"-"
"SAMD9","chr1_11745837_11747439",1487.82838978251,"-"
"LSM1","chr5_140487060_140496519",1487.81008158584,"-"
"APTX","chr2_160367391_160407463",1487.65447485089,"-"
"LSM7","chr21_33260727_33262792",1487.37068925794,"-"
"LARP1","chr1_160491388_160523143",1487.33789457725,"-"
"CNOT4","chr3_50100051_50103082",1487.24852475333,"-"
"EIF4B","chr17_8886602_8887095",1487.00748849037,"-"
"MSI2","chr3_48922811_48924717",1486.91004386246,"-"
"EIF4B","chr3_12604289_12608765",1486.82399326158,"-"
"HNRNPC","chr6_31620858_31622726",1486.57409137386,"-"
"CPSF6","chr1_45552563_45561788",1486.53402045835,"-"
"LCP2","chr2_171061156_171081639",1486.48146316079,"+"
"HNRNPA2B1","chr16_68266721_68274690",1486.4365366811,"-"
"SAMHD1","chr2_97200525_97202201",1486.38598426601,"-"
"ZC3HAV1","chr21_8437352_8438445",1486.34572825394,"+"
"SNRPD2","chr1_158973771_158976700",1486.272891867,"-"
"EPHB6","chr1_235829036_235830225",1486.0699839392,"-"
"LEMD3","chr12_47210757_47216164",1486.0558849079,"+"
"FUBP1","chr17_78132030_78132358",1486.05028551991,"-"
"ZC3H15","chr3_134482931_134485951",1485.99430374461,"-"
"PCBP1","chr1_206584684_206586825",1485.87193296531,"-"
"RNPS1","chr15_43185879_43189198",1485.84284228168,"-"
"HNRNPH2","chr2_70227822_70229058",1485.75899832745,"-"
"PTBP1","chr17_2042231_2042604",1485.69771055063,"-"
"ARAP2","chr22_31531129_31546860",1485.37509538021,"-"
"SNRPB","chr1_39738923_39740164",1485.30088313702,"-"
"ZCCHC17","chr6_29890296_29890438",1485.26374890517,"+"
"YTHDC1","chr3_50332154_50337904",1485.218313449,"-"
"PAN3","chr14_89190449_89280949",1485.16716077556,"-"
"CIRBP","chr21_8393174_8437384",1485.03999327356,"-"
"PPIL4","chr17_5422829_5432541",1484.94419993527,"-"
"ZC3H13","chr19_49476566_49480297",1484.92491337618,"-"
"CSDE1","chr21_33260727_33262792",1484.85440176279,"-"
"HNRNPA1","chr22_20551166_20551435",1484.61651423663,"-"
"ZC3HAV1","chr2_229859574_229879981",1484.37407109621,"-"
"NCL","chr22_41784783_41793828",1484.15970153261,"-"
"YTHDF2","chr1_26362175_26363025",1484.09373223213,"+"
"SRRM1","chr17_35587428_35594007",1484.06918843702,"-"
"ZFP36","chr19_35739626_35741023",1483.95942122454,"-"
"SGMS1","chr2_213057099_213147707",1483.86800951144,"-"
"PARP14","chr6_32517752_32553375",1483.79445574433,"-"
"SRRM1","chr17_82019694_82019857",1483.73888690061,"-"
"RBM10","chr2_97179766_97181597",1483.62971553592,"+"
"HNRNPC","chr2_227325427_227332418",1483.62637890229,"-"
"PABPC1","chr14_24232847_24233218",1483.52903027013,"-"
"TIA1","chr21_8437547_8437601",1483.52749834837,"-"
"RBMXL1","chr2_241150547_241153475",1483.44741925793,"-"
"TMEM63A","chr15_85583076_85585701",1483.36484379558,"-"
"TAF15","chr17_2042231_2042604",1482.91375246215,"-"
"CCAR1","chr2_27212607_27213176",1482.63568814724,"-"
"RBM39","chr2_97560860_97580461",1482.27485542345,"-"
"ZC3H7A","chr12_6960936_6961125",1482.23150746652,"-"
"SAMD9L","chr2_229859574_229879981",1482.13918156849,"-"
"YTHDF2","chr2_207560372_207567462",1482.03939512953,"-"
"FUBP1","chr12_98545061_98546358",1481.87634450712,"-"
"HNRNPK","chr1_40040783_40059333",1481.8689359005,"-"
"EIF4B","chr2_106164784_106166055",1481.72234870453,"-"
"HNRNPH1","chr2_201272776_201276826",1481.30085982498,"-"
"PTBP1","chr5_1798947_1799770",1481.21000979126,"-"
"PABPC1","chr15_69453721_69455169",1481.15595063489,"+"
"NOL8","chr1_46560277_46561477",1481.11148244359,"-"
"KHDRBS1","chr22_20052584_20055942",1480.90031526887,"-"
"PHC3","chr19_17839293_17839476",1480.88217186268,"-"
"SLTM","chr21_43101432_43104314",1480.81894225171,"-"
"PCBP2","chr1_150842468_150846262",1480.49721501474,"-"
"HNRNPH3","chr22_31289699_31289932",1480.35815534033,"+"
"HNRNPM","chr3_197621868_197623219",1480.33976059614,"-"
"TARDBP","chr19_10679927_10681018",1480.3264625037,"-"
"SF3A1","chr21_33599285_33602233",1480.26017507841,"-"
"MATR3","chr1_16367308_16393227",1480.24589198249,"-"
"ELAVL1","chr21_33260727_33262792",1480.23884228614,"-"
"ZC3H3","chr5_150366666_150401643",1480.18301179331,"+"
"PUM1","chr2_64585545_64591884",1480.07337766324,"-"
"CPSF6","chr1_236542787_236543559",1480.05205325822,"-"
"ZC3H4","chr5_149513209_149517793",1480.00594873571,"-"
"FUBP1","chr20_44970605_44972077",1479.98826212951,"-"
"SNRPG","chr22_38486440_38487872",1479.97587315335,"-"
"ZRANB2","chr21_8393888_8438096",1479.97118126814,"+"
"CPSF6","chr4_77776392_77819232",1479.96148540954,"-"
"MEX3C","chr2_102387000_102390058",1479.95050120232,"+"
"TAF15","chr6_127855188_127918427",1479.94730003099,"-"
"LSM7","chr2_169799516_169800951",1479.706593105,"-"
"TARDBP","chr20_44970605_44972077",1479.47104762681,"+"
"SAMD9","chr16_635063_635280",1479.2287044868,"-"
"SRRM2","chr1_30739937_30742455",1479.18705773462,"+"
"RNPS1","chr22_44185872_44186576",1479.1590625104,"-"
"SRRM2","chr15_44715701_44716327",1479.14912886233,"-"
"ZRANB2","chr1_111139711_111140037",1478.96665462334,"+"
"RBMX","chr6_30489995_30490239",1478.95806051183,"-"
"SNRPB2","chr2_191148204_191150650",1478.85007399994,"-"
"GTF3A","chr21_37073364_37108391",1478.82464608479,"-"
"HNRNPL","chr21_37261937_37267237",1478.70657361597,"-"
"LCP2","chr15_58898852_58901259",1478.62475359402,"-"
"RNF113A","chr1_16485665_16633094",1478.37121226907,"+"
"MCM3AP","chr5_35876719_35877475",1478.18669573873,"-"
"NONO","chr13_19970071_19993062",1478.03944719754,"-"
"PPIL4","chr20_63708118_63708552",1477.80114520055,"-"
"CIRBP","chr14_35294529_35307993",1477.77976865689,"+"
"GTF3A","chr2_97202230_97202320",1477.75709954247,"-"
"YTHDC2","chr1_154966077_154966161",1477.74232532343,"-"
"PTBP1","chr2_95876509_95880426",1477.71562566142,"-"
"PABPC1","chr19_35158400_35164155",1477.44266247553,"+"
"RNF113A","chr15_42457158_42466052",1477.39675288952,"-"
"SPEN","chr14_73921105_73923394",1477.33381440623,"-"
"SNRPF","chr6_26411581_26412704",1477.18984369194,"-"
"ANKRD17","chr6_118632611_118651196",1477.13326264535,"-"
"ZRANB2","chr19_5610688_5612539",1477.10014284478,"-"
"SRRM1","chr22_17212578_17219355",1477.03511272318,"+"
"YTHDC1","chr14_49577853_49585949",1476.93180493868,"+"
"ZC3HAV1","chr19_54200961_54201159",1476.56092777606,"-"
"ZFP36L1","chr17_35017606_35026373",1476.50802916868,"-"
"SLTM","chr1_244842058_244842194",1476.47012998517,"-"
"U2AF1","chr3_49022768_49022877",1476.35212499063,"-"
"RBMS1","chr17_59112345_59131280",1476.30787362088,"-"
"HNRNPH1","chr2_97209709_97211545",1476.24340256162,"+"
"SNRPD2","chr22_42514779_42576980",1476.18690163226,"-"
"ZFP36L2","chr17_63931385_63932194",1476.16638066775,"-"
"HNRNPK","chr16_30184343_30185208",1475.79958036841,"+"
"PHC3","chr2_230200965_230207990",1475.67048451961,"-"
"HELZ","chr5_181242345_181243679",1475.66619001582,"+"
"ZRANB2","chr2_105089069_105089919",1475.61718488967,"-"
"FUS","chr17_7013516_7013665",1475.59844124615,"-"
"PHC3","chr21_41426263_41427205",1475.56072494662,"-"
"PRPF3","chr17_7394267_7394476",1475.55329336387,"-"
"SAMD9","chr16_29834437_29835703",1475.55243069471,"-"
"TRA2B","chr1_151307801_151315572",1475.25130224094,"-"
"SSB","chr22_38752665_38754641",1475.20592357292,"-"
"THUMPD1","chr2_38578002_38581912",1475.10957791819,"-"
"TNKS2","chr12_51049185_51056349",1474.84421450299,"-"
"LCP2","chr2_24321880_24328051",1474.80184667652,"-"
"PUM1","chr12_9655979_9656920",1474.70542682894,"-"
"PTBP1","chr12_56116863_56117188",1474.30862460334,"+"
"ZFP36L2","chr6_29725202_29928224",1474.01661964018,"-"
"HNRNPC","chr1_154219937_154220341",1473.84138094406,"-"
"PARP14","chr1_78649905_78654242",1473.82126335624,"-"
"PARP14","chr1_78659483_78662703",1473.59575910146,"-"
"NOL8","chr22_40594735_40636477",1473.54885905549,"-"
"RFTN1","chr16_56989617_57017073",1473.41846951641,"-"
"CSTF2T","chr15_76292700_76311349",1473.351361799,"-"
"RBM17","chr2_152677475_152679351",1473.31634237587,"-"
"HNRNPH1","chr13_42889242_42895008",1473.19622107826,"+"
"GTF3A","chr1_44635588_44636029",1473.11386904844,"-"
"SNRPN","chr2_95958785_95962351",1473.08563036299,"+"
"HNRNPL","chr17_82814934_82870223",1472.97235311101,"-"
"ZC3H7A","chr4_102826636_102827943",1472.95984818665,"+"
"HTATSF1","chr1_160491388_160523143",1472.95513353049,"+"
"SNRPG","chr5_96762372_96765220",1472.75846215766,"-"
"KRR1","chr1_35176474_35177318",1472.74022512635,"-"
"ZC3HAV1","chr21_33599285_33602233",1472.63203236359,"-"
"HNRNPA1P4","chr17_7394267_7394476",1472.57529542387,"-"
"PHC3","chr2_68047319_68053060",1472.47151400944,"-"
"UHMK1","chr6_25963282_25966492",1472.44424032505,"-"
"PUM1","chr19_2324192_2328386",1472.26161036111,"-"
"SASH3","chr1_1657302_1657374",1472.13765733878,"-"
"SNRPB","chr2_9474647_9478221",1472.10174276312,"-"
"RNPC3","chr2_152677475_152679351",1472.06212262937,"-"
"PAN3","chr3_71112637_71130497",1472.03986785852,"-"
"PPFIA1","chr20_1604142_1604741",1471.97233939916,"-"
"HDLBP","chr1_159815459_159815535",1471.92777679022,"-"
"TRA2A","chr6_26374798_26375514",1471.82648412246,"-"
"HNRNPF","chr17_36578192_36579244",1471.80063025086,"-"
"ZC3HAV1","chr5_71062796_71067654",1471.68574541883,"+"
"SAFB2","chr14_91170201_91173288",1471.47941491193,"-"
"PABPC1","chr16_4694308_4694957",1471.46285857579,"-"
"RBM17","chr21_33230216_33241885",1471.44715770948,"-"
"NCL","chr14_91866625_91867261",1471.43859156347,"-"
"ZFP36L1","chr17_7224069_7224320",1471.16999940802,"-"
"RBM39","chr17_35480195_35522278",1471.16800542285,"-"
"G3BP2","chr2_241150547_241157806",1471.09950089194,"-"
"G3BP1","chr2_159712606_159729008",1470.92635702639,"-"
"NOL8","chr12_124913339_124913567",1470.73367732756,"+"
"HNRNPH2","chr2_97200525_97202201",1470.71771538768,"-"
"ZFP36","chr12_46254936_46268864",1470.35773066136,"-"
"SPEN","chr6_31620858_31622726",1470.23449157357,"-"
"CSTF2T","chr22_20568631_20575112",1470.17373898442,"-"
"ANKS3","chr15_52564246_52568847",1470.09537576339,"+"
"SRRT","chr3_12604289_12608765",1470.026375795,"-"
"SNRPC","chr3_28291954_28292735",1469.98057777649,"-"
"MKRN1","chr2_233273777_233274675",1469.84250302318,"-"
"ZC3H7A","chr2_111344237_111367486",1469.81324291893,"-"
"ACIN1","chr21_8393926_8438136",1469.69819753858,"+"
"PCBP1","chr2_97538363_97558798",1469.62406928673,"-"
"RC3H2","chr2_135605016_135616667",1469.45774770734,"-"
"PARP10","chr13_19674984_19677723",1469.10600165711,"-"
"YBX1","chr17_7393364_7393466",1468.87399196271,"-"
"MATR3","chr2_97122993_97127066",1468.8505983183,"-"
"NIP7","chr1_116760460_116764483",1468.82608665944,"+"
"SRRT","chr14_23565701_23566063",1468.67224661678,"-"
"STIM2","chr1_209779374_209781344",1468.64084038472,"-"
"YTHDC1","chr4_4268615_4273582",1468.62759331246,"-"
"HNRNPL","chr15_74024927_74033155",1468.53900275023,"-"
"STIM1","chr2_229859574_229879981",1468.42380435504,"-"
"NOL8","chr15_50309798_50354984",1468.34304931062,"-"
"UPF3B","chr2_203266681_203278572",1468.30079899196,"-"
"RBM5","chr6_31651776_31652423",1468.21092083561,"-"
"SNRPN","chr2_86171345_86173649",1467.88353939804,"-"
"THUMPD1","chr14_105056166_105057166",1467.86263269499,"-"
"RFTN1","chr20_63875875_63882718",1467.84196174874,"-"
"SNRPC","chr16_31202203_31202416",1467.82730578096,"-"
"HNRNPA3","chr2_95935644_95938986",1467.68142400012,"-"
"SRRM1","chr1_67424322_67424887",1467.63688600253,"-"
"RBMXL1","chr1_155668777_155670319",1467.57492304965,"-"
"HELZ","chr12_124913212_124913668",1467.56206446843,"+"
"YTHDC1","chr1_151890214_151895007",1467.53658623599,"-"
"PTBP1","chr13_37045376_37047534",1467.49804308213,"-"
"RBM5","chr17_76729794_76732977",1467.41586763195,"-"
"SNRPB","chr2_37149023_37156907",1467.35735147856,"-"
"RBMS1","chr22_23695517_23700725",1467.35271704552,"-"
"HNRNPK","chr3_152300367_152301918",1467.30258353929,"-"
"RBM39","chr2_97118517_97127066",1467.27027741203,"-"
"SAMD9L","chr19_12677211_12677290",1467.12499689403,"-"
"HNRNPA1","chr5_112864732_112867371",1467.0269505581,"-"
"SPEN","chr19_12677211_12677290",1466.9134718962,"-"
"LRSAM1","chr1_84566012_84570581",1466.84539389275,"-"
"ZFR","chr17_49622876_49677932",1466.76305251025,"-"
"STIM2","chr21_37073364_37108391",1466.55163625936,"-"
"HNRNPH3","chr21_46636547_46636895",1466.24499706381,"-"
"CPSF6","chr19_18538433_18539370",1465.96942587303,"-"
"DHX8","chr2_23823569_23828848",1465.7011693051,"-"
"FXR1","chr21_42413222_42413409",1465.63980727965,"-"
"SAMD9L","chr6_30489995_30490239",1465.57487262236,"-"
"SRRM1","chr2_203266681_203278572",1465.55481820741,"-"
"EIF2S1","chr21_8393441_8437652",1465.51711023353,"-"
"CIRBP","chr17_48346006_48396679",1465.47856301639,"-"
"SNRPG","chr2_97538363_97558798",1465.41765056198,"-"
"HNRNPF","chr19_49476566_49480297",1465.38396846139,"-"
"RBM5","chr2_9418732_9419989",1465.34367337933,"-"
"HNRNPH3","chr2_233273777_233274675",1465.03094420011,"-"
"RBM4","chr16_31202203_31202416",1464.8923083334,"-"
"POLR2G","chr17_82019694_82019857",1464.71108241417,"-"
"CPSF6","chr3_167720273_167734805",1464.70271638188,"-"
"ZFP36L2","chr5_57236032_57246299",1464.70013527862,"-"
"PPP1R10","chr21_8393888_8438099",1464.68066723118,"-"
"HNRNPR","chr15_64075537_64088686",1464.6369798505,"-"
"NCBP2","chr20_44970605_44972077",1464.61642030805,"-"
"RBM22","chr1_30739937_30742455",1464.55017951937,"+"
"HNRNPM","chr14_45250138_45253034",1464.51397583772,"-"
"ZC3H8","chr17_5517887_5521523",1464.49648422413,"-"
"YTHDF2","chr2_207560372_207567462",1464.34038885918,"-"
"HNRNPF","chr17_49622876_49677932",1464.31131415714,"-"
"RRP7A","chr1_160612580_160634612",1464.10510708252,"-"
"EIF4H","chr3_48927813_48933565",1464.08346813711,"-"
"SF3B4","chr12_57107314_57108162",1464.01921075076,"-"
"ZFP36","chr19_39333126_39335434",1463.99288641587,"+"
"CIRBP","chr1_23967723_23971572",1463.91873990467,"-"
"EIF4H","chr5_179618323_179620891",1463.90095389574,"-"
"HNRNPR","chr17_5515517_5517745",1463.88763148239,"-"
"YBX1","chr12_48662654_48667692",1463.81134139497,"-"
"SASH3","chr17_6760601_6762154",1463.80735919729,"-"
"SAMD9L","chr19_13761568_13762298",1463.78092188867,"-"
"U2AF1","chr19_35740564_35741023",1463.61819836266,"-"
"SAFB2","chr5_178618778_178623255",1463.59045297595,"-"
"SF1","chr3_105678571_105681723",1463.56124931561,"-"
"RFTN1","chr2_97219246_97224805",1463.47965440599,"-"
"GTF3A","chr4_88277243_88284405",1463.34661943504,"-"
"YBX1","chr3_49310737_49311513",1463.30518066235,"-"
"SCML4","chr1_110895055_110899123",1463.28423465874,"+"
"RBM19","chr2_73734588_73737301",1463.28193756144,"-"
"RBM42","chr15_50726126_50726320",1463.27721552101,"-"
"ARAP1","chr1_171514630_171515733",1462.79005648693,"-"
"PCBP2","chr1_16485665_16633094",1462.76950939784,"-"
"RNPS1","chr22_43151604_43161051",1462.76682321975,"-"
"POLR2G","chr12_57107743_57108162",1462.70616631658,"-"
"PUF60","chr16_4450497_4455545",1462.62632834054,"-"
"SCML4","chr19_48325610_48327520",1462.57677699405,"+"
"RBM6","chr15_85690104_85693276",1462.44898756117,"-"
"HNRNPA1","chr1_39205131_39231181",1462.43218959969,"-"
"HNRNPK","chr1_42456628_42457246",1462.22807691634,"-"
"TMEM63A","chr22_26482240_26483764",1462.12379427345,"-"
"EIF2S1","chr16_4694308_4694957",1462.11583090624,"-"
"HNRNPH3","chr18_13643412_13645126",1462.08551700345,"-"
"RBM22","chr2_202297906_202300233",1461.78987922784,"-"
"CCAR1","chr3_49809159_49809541",1461.42790158386,"-"
"RBMS1","chr3_170178938_170181686",1461.41078083125,"-"
"SGMS1","chr12_56160670_56161386",1461.23190822965,"+"
"KHDRBS1","chr22_41781845_41784338",1461.20682280005,"-"
"G3BP2","chr15_52564246_52568847",1461.1479777843,"-"
"SASH3","chr3_138187599_138209816",1461.11378851155,"-"
"ZC3H6","chr3_49674621_49675182",1461.01174545672,"-"
"TTC14","chr1_32276063_32276606",1461.00111930537,"+"
"SNRPD2","chr20_49279208_49289044",1460.73118742444,"+"
"RBM39","chr1_108695780_108696042",1460.5483915003,"-"
"SFPQ","chr19_17839293_17839476",1460.4573063107,"-"
"ARAP2","chr20_35699451_35699632",1460.33927463388,"-"
"ZFP36","chr6_29944221_30008286",1460.18211781185,"-"
"HNRNPF","chr2_237994809_238016565",1460.07488628258,"-"
"TARDBP","chr3_50350984_50351408",1460.06672207272,"-"
"HNRNPA2B1","chr21_33432802_33439213",1460.05071075686,"-"
"CSDE1","chr2_97187401_97190977",1459.95664958599,"+"
"TMEM63A","chr16_89727357_89729234",1459.76965300222,"-"
"EIF2S1","chr20_63873816_63882718",1459.76102787029,"-"
"SLBP","chr17_19939849_19941825",1459.7548168879,"-"
"PAN3","chr17_35670898_35671753",1459.67507333952,"-"
"KHDRBS1","chr18_26035923_26038554",1459.64535619729,"-"
"SCML4","chr17_63929888_63931334",1459.60115072215,"-"
"NCBP2","chr6_125292909_125298713",1459.53775371651,"-"
"TIAL1","chr5_178616948_178618555",1459.33221582366,"-"
"EWSR1","chr16_2752846_2757471",1459.30815558005,"-"
"ZC3H18","chr12_56159730_56159974",1459.23338459268,"-"
"HNRNPD","chr3_184323241_184323404",1459.16567070203,"-"
"STIM1","chr15_101285801_101286907",1459.16281342475,"-"
"PCBP1","chr16_3065655_3065783",1459.13643018294,"+"
"SLTM","chr1_39205131_39231181",1459.12930529197,"-"
"RBM25","chr2_98663179_98675034",1458.9592554879,"-"
"SRRT","chr2_25771540_25799384",1458.86686804625,"-"
"CPSF6","chr6_29889500_29928224",1458.78133756414,"-"
"LSM3","chr2_191682595_191683728",1458.55050962033,"-"
"SASH3","chr1_6026445_6040516",1458.45356299756,"-"
"ZC3H7A","chr13_114282943_114286518",1458.32379712116,"-"
"HNRNPF","chr19_34226464_34227364",1458.30393085336,"-"
"ZNF638","chr2_229859574_229879981",1458.22117749175,"-"
"RRP7A","chr21_8393926_8438141",1458.18609173183,"-"
"U2AF2","chr14_49577853_49585949",1458.03603347966,"+"
"RBM33","chr22_40400813_40401592",1458.02011522878,"-"
"HNRNPK","chr2_97558994_97560831",1457.90866296234,"-"
"FUS","chr1_160816863_160818217",1457.51574553361,"-"
"CNOT4","chr18_9208797_9211583",1457.45508822673,"+"
"ZFP36L2","chr1_161548678_161549010",1457.42405683147,"-"
"PNPT1","chr15_101650161_101652270",1457.19318029229,"-"
"PCBP1","chr22_46343368_46346421",1457.09148508235,"-"
"CIRBP","chr2_241315982_241324215",1457.07619210666,"-"
"SRRM1","chr16_31202203_31202416",1457.06762035208,"-"
"TRNAU1AP","chr4_673401_674211",1456.83629192438,"+"
"GTF3A","chr6_107720993_107744948",1456.70811541382,"-"
"TMEM63A","chr6_32127750_32128116",1456.58462201966,"-"
"NOL8","chr2_71331875_71355718",1456.56220697393,"-"
"SNRPD2","chr2_113438022_113441350",1456.41603830591,"-"
"ANKRD17","chr2_97142668_97144517",1456.33470557643,"-"
"HNRNPH3","chr2_9474647_9478221",1456.31330909876,"-"
"G3BP1","chr16_4694308_4694957",1456.28708163556,"-"
"CIRBP","chr14_105488027_105488165",1456.16347818905,"-"
"PABPC1","chr19_54200893_54201159",1456.08428588855,"+"
"YBX1","chr16_29809764_29810076",1455.87740966848,"-"
"HNRNPM","chr17_49706334_49706964",1455.85210976533,"-"
"LCP2","chr2_97204096_97204190",1455.63010176769,"-"
"PSPC1","chr6_11213727_11232503",1455.58155988093,"-"
"SRRM2","chr1_204537497_204538208",1455.46796989344,"-"
"HNRNPH3","chr2_97219246_97224805",1455.36862183288,"-"
"HNRNPH1","chr5_1798947_1799791",1455.32830090958,"+"
"HNRNPH3","chr17_68101959_68114421",1455.23464500334,"-"
"LSM6","chr2_271939_272191",1454.94612249455,"-"
"NCL","chr2_213049880_213056832",1454.87091900094,"-"
"PHC3","chr14_23960003_23967210",1454.78182325273,"-"
"SLTM","chr20_36917096_36919363",1454.46133454679,"-"
"SASH3","chr1_207767823_207770320",1454.41449761435,"-"
"ZFP36","chr1_209776124_209777351",1454.25597260625,"-"
"SNRPF","chr19_18147017_18147442",1454.24794042503,"-"
"HNRNPH1","chr4_26321048_26386352",1454.2083522798,"-"
"ZC3H7A","chr5_139561815_139562243",1454.15729750469,"+"
"EIF2S1","chr17_73209768_73232085",1454.02601634253,"-"
"SAMHD1","chr1_26363134_26364531",1453.94054018298,"-"
"ZC3H6","chr6_29889604_29944499",1453.90680876869,"-"
"U2AF1","chr4_105146979_105190359",1453.84687361177,"-"
"HNRNPH3","chr19_48238532_48240961",1453.76158543956,"-"
"TARDBP","chr3_134482931_134485951",1453.53014123357,"-"
"ZFP36","chr16_2752846_2756333",1453.44336648407,"-"
"RBM8A","chr12_6460938_6462033",1453.43547609772,"-"
"DDHD2","chr6_29890296_29890438",1453.3881306646,"+"
"HNRNPK","chr5_151772036_151786602",1453.00662422568,"-"
"DGKH","chr1_1722634_1722707",1452.8248302599,"+"
"HNRNPL","chr22_31528863_31531057",1452.80822643096,"-"
"RBMXL1","chr5_180793097_180808647",1452.79308266553,"+"
"ZRANB2","chr1_24503117_24514313",1452.68516751922,"-"
"RBMS1","chr1_235829039_235830225",1452.55846357846,"-"
"YBX1","chr19_48241063_48249750",1452.45471404415,"-"
"PAPSS1","chr16_89686759_89689251",1452.38081433526,"-"
"ZNF638","chr2_97164311_97167576",1452.37431289634,"-"
"APTX","chr1_30980166_30981311",1451.92887409041,"-"
"PAN3","chr15_43185879_43189198",1451.89747348538,"-"
"HNRNPF","chr22_23695517_23700725",1451.74373998903,"-"
"SSB","chr2_159712661_159729008",1451.70527431328,"-"
"SAFB","chr17_41689069_41690087",1451.68158245996,"+"
"HNRNPA1","chr12_6551503_6555256",1451.55673668985,"-"
"HNRNPA0","chr4_102826636_102827943",1451.53494934648,"+"
"PSPC1","chr6_111416472_111472012",1451.48266641592,"-"
"ZC3H7A","chr2_171061156_171082780",1451.43596693486,"-"
"UHMK1","chr1_110875914_110891391",1451.2239319494,"+"
"YTHDF3","chr2_74491666_74492003",1451.15311922705,"-"
"U2AF1","chr13_32425955_32427903",1451.02632171953,"-"
"ZGPAT","chr2_202290457_202291020",1450.98112136803,"-"
"ACIN1","chr2_95888120_95958590",1450.93564894623,"-"
"SNRPB","chr6_26411581_26412704",1450.8183350294,"-"
"TRA2A","chr20_28600461_28602608",1450.6819668357,"-"
"RBM6","chr20_45416694_45419294",1450.62829957102,"-"
"ZC3HAV1","chr3_101372126_101398860",1450.32746541913,"-"
"MSI2","chr22_46337944_46346421",1450.30000327864,"-"
"HNRNPA3","chr2_232567214_232580903",1450.11563752867,"-"
"PARN","chr2_148021684_148178699",1449.99728161208,"-"
"FUBP1","chr2_97202230_97202320",1449.95740029846,"-"
"RBM8A","chr21_33260727_33262560",1449.70414071689,"-"
"ASCC1","chr1_35176471_35177318",1449.52448993507,"-"
"PCBP1","chr14_90397154_90400064",1449.4618345067,"+"
"SNRPD1","chr22_50185976_50193026",1449.41877213852,"+"
"LARP1","chr1_167684001_167690048",1449.14802630421,"-"
"SAFB","chr17_73212740_73227164",1449.11967377001,"-"
"YBX1","chr22_19471808_19479082",1449.09121540788,"-"
"EIF4H","chr2_230248968_230250980",1448.98626083456,"-"
"FUBP1","chr3_197705175_197736654",1448.90900625051,"-"
"SASH3","chr2_24321880_24328051",1448.79948825606,"-"
"YTHDF3","chr12_43771365_43772179",1448.75202745224,"-"
"NONO","chr17_82884202_82889667",1448.60301377282,"-"
"ACIN1","chr2_95956816_95958590",1448.52975495121,"-"
"HNRNPA1","chr2_85591864_85592947",1448.4705738807,"+"
"SNRPB2","chr2_159448409_159478574",1448.29560975797,"-"
"SF1","chr1_181050286_181053572",1448.19675066413,"-"
"SLTM","chr16_635340_636093",1448.12749395148,"-"
"NCL","chr1_45600457_45602254",1448.02534988803,"-"
"PCBP1","chr14_90397233_90400064",1447.8812801922,"-"
"NAA38","chr16_88004411_88006089",1447.72255313315,"-"
"TRA2A","chr2_85327273_85327441",1447.7092854486,"-"
"ARAP2","chr6_31644194_31644524",1447.57223189696,"+"
"THUMPD1","chr1_44804779_44805265",1447.42631937295,"-"
"RNPS1","chr1_46688544_46689586",1446.93933413159,"-"
"EIF4B","chr3_3167793_3172505",1446.93049165219,"-"
"RFTN1","chr22_20537204_20551435",1446.92009960693,"-"
"MATR3","chr12_9688086_9694759",1446.807657706,"-"
"SCML4","chr2_38689894_38698365",1446.79856369093,"-"
"SAFB","chr17_63929888_63931334",1446.68216015428,"-"
"GTF3A","chr2_73950732_73957124",1446.63020440627,"-"
"ZC3H15","chr3_105678571_105681723",1446.47832032383,"-"
"ZC3H4","chr3_28316423_28316752",1446.46601759846,"-"
"GTF3A","chr1_20780540_20787194",1446.3433518914,"-"
"TRA2A","chr22_40400813_40402138",1446.18990379502,"-"
"HNRNPK","chr15_50432499_50439008",1446.02395211717,"-"
"PCBP1","chr6_111780635_111846588",1445.8939633549,"+"
"TAF15","chr5_177441053_177441734",1445.888827306,"-"
"POLR2G","chr21_43095743_43100452",1445.85409339618,"-"
"SAMHD1","chr12_53296551_53297849",1445.84266177752,"+"
"RBM22","chr1_193059776_193075819",1445.83592496754,"-"
"RBM8A","chr19_39329073_39333076",1445.81890374503,"+"
"HNRNPH1","chr13_42919332_42926335",1445.71490191521,"+"
"SAFB","chr2_224931668_224946846",1445.43272385647,"-"
"GRSF1","chr4_153583672_153584837",1445.33397704238,"-"
"SCML4","chr13_19709599_19730238",1445.31825475483,"-"
"HNRNPD","chr3_32442013_32452391",1445.21473418603,"-"
"ZFP36","chr4_82355401_82356536",1445.18509627721,"-"
"RBM39","chr2_97576446_97578905",1445.1072109527,"-"
"CCAR1","chr21_42288073_42288210",1445.01058715313,"-"
"CPSF6","chr13_19709599_19730238",1444.81641853087,"-"
"HELZ","chr15_76292700_76311349",1444.61519511498,"-"
"KHDRBS1","chr2_24315224_24321813",1444.43381405379,"-"
"THUMPD3","chr19_10679927_10681018",1444.20859938769,"+"
"GTF3A","chr13_37023044_37024034",1444.15480279579,"-"
"RBM17","chr16_4361469_4361984",1444.00235694711,"-"
"RBM39","chr16_57641708_57650252",1443.65830315514,"-"
"SRRM1","chr13_37047936_37051487",1443.59690589177,"-"
"SNRPC","chr2_127057601_127059010",1443.35780705853,"-"
"HELZ","chr22_29832342_29838177",1443.2611811158,"-"
"MKRN2","chr2_95904833_95910539",1443.24027365641,"+"
"CCAR1","chr1_160496246_160523143",1443.23565188116,"-"
"PARN","chr4_98482175_98486737",1442.91912540779,"-"
"ZC3H7B","chr1_45552563_45561788",1442.89111093014,"-"
"HELZ","chr13_45340184_45341041",1442.72954311948,"+"
"RBM26","chr5_181242345_181243679",1442.70844576485,"+"
"RBM17","chr17_78134571_78134869",1442.67982603847,"-"
"RBMX","chr12_6566324_6566528",1442.58888301978,"-"
"TIAL1","chr3_180985996_180986942",1442.5822548271,"-"
"MBNL1","chr2_74135658_74145188",1442.48393502877,"-"
"RBM18","chr5_93964523_94050730",1442.46486871985,"-"
"RBM23","chr1_154214574_154220341",1442.16184867678,"-"
"HNRNPR","chr21_8437352_8438445",1442.14352740977,"-"
"PCBP1","chr1_155140271_155140490",1442.06983999551,"+"
"HNRNPK","chr20_58668127_58670511",1442.01298728782,"-"
"CSDE1","chr2_201138964_201140356",1441.79468834995,"-"
"HNRNPH2","chr12_124913111_124913339",1441.6521719087,"+"
"RBM22","chr15_22845267_22851638",1441.53396189105,"-"
"KRR1","chr16_3065494_3065783",1441.45786100503,"+"
"ZC3H13","chr16_30076094_30076314",1441.35844361543,"-"
"SNRPB2","chr1_151307801_151315572",1441.30892256908,"-"
"RFTN1","chr2_272305_275139",1441.15637677463,"-"
"TIAL1","chr21_46636547_46636895",1441.1123454329,"-"
"TARDBP","chr4_4268615_4273582",1441.10925568821,"+"
"NOL8","chr16_3068010_3068179",1441.05983466776,"-"
"PABPC1","chr2_238194331_238194804",1441.02439862828,"-"
"RBM8A","chr2_68782320_68807272",1440.96573044942,"-"
"TTC14","chr2_37201726_37201862",1440.9430907839,"-"
"RBM12","chr13_20862858_20868595",1440.81363999696,"-"
"SAFB2","chr6_29725202_29829589",1440.64965862417,"-"
"HNRNPK","chr20_44970605_44972077",1440.47959691167,"-"
"GTF3A","chr20_35699451_35699632",1440.30208314717,"-"
"HNRNPF","chr2_97142668_97144517",1440.00552802409,"-"
"MBNL1","chr4_153583672_153584837",1439.98736085132,"-"
"FUBP1","chr1_161548675_161549010",1439.80783632316,"+"
"SNRPB","chr22_26666937_26668157",1439.79395726507,"-"
"SNRPB2","chr2_85596649_85597103",1439.77119444084,"-"
"EIF4B","chr15_85684873_85693276",1439.75382801833,"-"
"SAFB2","chr17_59112345_59131280",1439.72778594948,"-"
"YBX1","chr2_70301603_70301924",1439.52591957062,"-"
"PSPC1","chr20_35021356_35035122",1439.2829187063,"-"
"ZFP36","chr12_48153529_48157458",1439.27656719145,"-"
"PTBP1","chr1_112703806_112707077",1439.26106892626,"-"
"MKRN1","chr19_35158400_35164155",1439.25140637851,"+"
"TRA2A","chr16_67082308_67098709",1439.12440112111,"-"
"ZC3H7A","chr17_42316851_42317181",1439.10275490065,"-"
"HELZ","chr1_146988949_146989573",1439.09808232338,"-"
"PCBP2","chr3_48927813_48945135",1439.03277003083,"-"
"SNRPN","chr12_89492115_89525119",1439.00133556579,"-"
"PARP14","chr6_26538501_26539900",1438.93242874425,"-"
"SNRPN","chr5_146878195_146878590",1438.76381039374,"-"
"HNRNPR","chr1_84570139_84570581",1438.6855231916,"-"
"HNRNPR","chr1_160496246_160523143",1438.63335627987,"-"
"PSPC1","chr6_29889500_29896822",1438.5916608177,"-"
"TARDBP","chr17_75229131_75231339",1438.37344954271,"-"
"SCML4","chr1_26368585_26370632",1438.2429933314,"+"
"PCBP1","chr1_120808759_120816084",1438.18674261894,"-"
"TARDBP","chr17_21211227_21214090",1437.99351809401,"-"
"LARP4B","chr5_70070751_70077018",1437.98521458623,"-"
"SNRPB2","chr20_45416694_45419294",1437.94953561053,"-"
"HNRNPH3","chr13_19709599_19730238",1437.85900749383,"-"
"TARDBP","chr19_48234543_48240961",1437.82365500631,"-"
"LSM4","chr18_9204544_9208656",1437.71676585463,"-"
"SASH3","chr16_22533893_22533950",1437.30377348326,"+"
"SNRPB","chr22_50250905_50250973",1437.17505080985,"+"
"STIM1","chr1_91720230_91721954",1436.99962315708,"-"
"HNRNPH1","chr22_25448284_25455711",1436.96666667704,"-"
"FUBP1","chr21_43095743_43101365",1436.87406268618,"-"
"STIM1","chr2_169584899_169603641",1436.60114871409,"-"
"FUBP1","chr2_201160942_201163834",1436.47053319969,"-"
"SAFB","chr20_58993675_58994109",1436.44465570747,"-"
"HELZ","chr2_10408734_10419733",1436.42350756455,"+"
"PABPC3","chr16_68266721_68274690",1436.32243258758,"-"
"RC3H2","chr17_16382032_16382488",1436.31217888329,"+"
"HNRNPA3","chr19_39329073_39333076",1436.11048933825,"+"
"PARP10","chr3_50100051_50100531",1436.0603540523,"-"
"UPF3B","chr2_97560860_97580461",1435.98550191579,"-"
"SNRPE","chr22_29288786_29292136",1435.90526245296,"-"
"EIF4H","chr5_131391108_131391917",1435.77635832349,"-"
"RBM5","chr1_116760632_116768463",1435.4833855275,"+"
"ACIN1","chr2_241150547_241153475",1435.4442941461,"-"
"ZC3H7A","chr2_113438022_113441350",1435.14791719279,"-"
"G3BP2","chr1_154212624_154214456",1435.06655672772,"-"
"PAPSS1","chr17_76089320_76094413",1434.76278746272,"-"
"DHX8","chr15_42448705_42466052",1434.55584898991,"-"
"HNRNPR","chr15_85684873_85693276",1434.45535146746,"-"
"SAMD9L","chr2_38698436_38729555",1434.34161976994,"-"
"RBM8A","chr19_52778907_52786594",1434.31493915356,"-"
"CPSF7","chr2_85694923_85695319",1434.04707078628,"+"
"HNRNPK","chr20_57615580_57620261",1433.99660851045,"-"
"NCL","chr2_189782602_189784268",1433.88623703235,"-"
"RBM18","chr14_23090101_23090521",1433.72241959805,"-"
"SNRPG","chr3_38125881_38126509",1433.71298445715,"-"
"MCM3AP","chr16_53055077_53155925",1433.51676342855,"+"
"EIF4B","chr20_49124605_49135832",1433.24810765516,"-"
"NCL","chr2_108469332_108469650",1433.22047864365,"-"
"SNRPA","chr22_31289699_31289932",1433.10285257789,"+"
"YTHDF2","chr17_35323268_35324653",1432.94408274468,"-"
"HNRNPAB","chr1_16485665_16633094",1432.78096039949,"-"
"EIF4B","chr16_208664_220648",1432.77738902698,"-"
"ZFP36L1","chr20_49124605_49135832",1432.68333143271,"-"
"ZMAT5","chr1_75728488_75732643",1432.66038135549,"-"
"LCP2","chr15_76295737_76311349",1432.62771659932,"-"
"LARP1","chr13_72781003_72781604",1432.60225773478,"-"
"ZRSR2","chr4_56656012_56656343",1432.5954071982,"-"
"LSM4","chr2_230327301_230357804",1432.41381647415,"-"
"SNRNP35","chr1_231229209_231238856",1432.28902340922,"-"
"TRA2B","chr2_189783123_189784268",1432.13122097443,"-"
"SETD1B","chr1_20779911_20787194",1432.11275438849,"+"
"PTBP1","chr20_4686508_4699210",1432.03086724537,"+"
"YTHDC2","chr3_9813345_9816073",1431.99093629701,"-"
"HNRNPL","chr5_71062796_71067654",1431.98748649709,"+"
"TRA2B","chr2_95916171_95917854",1431.95544725579,"+"
"PABPC1","chr21_8394202_8438413",1431.95097186036,"+"
"THUMPD3","chr2_68782320_68807272",1431.88266009055,"-"
"SSB","chr6_26443442_26443569",1431.81023060205,"-"
"GRSF1","chr19_18560550_18562035",1431.56295340572,"-"
"SNRPB2","chr16_30698761_30699907",1431.45764440193,"+"
"RBM26","chr1_110892533_110899123",1431.33927090512,"+"
"RBMX","chr2_97122993_97127066",1431.289959747,"-"
"NOL8","chr14_23567319_23567738",1431.24636009192,"-"
"NCBP2","chr6_106293106_106316100",1431.08377853674,"-"
"YBX1","chr17_42568559_42568836",1431.04611618945,"-"
"G3BP1","chr17_8886605_8887095",1431.03311543133,"-"
"ZC3HAV1","chr14_23563282_23563379",1430.59679966955,"-"
"PPIE","chr17_16439703_16440184",1430.44059614995,"-"
"ZFR","chr1_42456628_42457246",1430.40104744918,"-"
"SAMD9L","chr20_58669453_58670511",1430.25235738612,"-"
"EIF4B","chr16_1964365_1964806",1430.13029542922,"+"
"NCL","chr14_35116737_35121901",1429.84163243497,"-"
"PCBP2","chr17_63929888_63931334",1429.79124776014,"+"
"SAMHD1","chr16_29569328_29613102",1429.55680473169,"-"
"NCL","chr3_183840640_183844230",1429.19926914405,"-"
"HNRNPA1","chr17_35492818_35522278",1429.0490017138,"-"
"SFMBT2","chr12_6789662_6814141",1428.9458327956,"+"
"TNKS","chr3_11829864_11833002",1428.70272448837,"-"
"HNRNPA1","chr15_101286293_101286907",1428.58125416403,"-"
"SCML4","chr22_37226803_37227767",1428.52261380576,"+"
"ZFP36L2","chr1_89269574_89272451",1428.48058581865,"-"
"PARP14","chr20_64076954_64079293",1428.47936510934,"-"
"RBMXL1","chr17_82449480_82450699",1428.40394017057,"-"
"LARP7","chr21_8394218_8438432",1428.39936011144,"+"
"RBMXL1","chr1_153543939_153544653",1428.39222155919,"+"
"SNRPB2","chr17_44212454_44212818",1428.37111409972,"-"
"ZC3HAV1","chr1_40040783_40059333",1428.31215617439,"-"
"SSB","chr1_23971623_23971849",1428.30612808452,"-"
"DGKH","chr1_160816863_160818217",1428.2233331924,"-"
"TIA1","chr2_127051243_127057472",1428.21483609989,"-"
"MKRN2","chr1_42457567_42459602",1428.20481056683,"-"
"NCBP2","chr6_29944221_30008286",1428.15755041149,"-"
"SNRPG","chr17_6641227_6641752",1427.93690438171,"-"
"KIN","chr19_12676142_12677290",1427.93479120237,"-"
"ZFP36","chr4_153583672_153584837",1427.89122909005,"-"
"TRA2A","chr16_4694238_4694957",1427.68485893627,"-"
"RBM39","chr12_53296551_53297849",1427.57615708238,"-"
"WDSUB1","chr20_5584322_5593326",1427.45891126271,"+"
"U2AF1L4","chr2_95956816_95960472",1427.41103550434,"+"
"PARN","chr16_56989617_57017073",1427.3937862709,"-"
"ANKRD17","chr13_20863123_20868595",1427.23539035891,"-"
"SNRPF","chr16_50742124_50742761",1427.17640588821,"-"
"HNRNPA1","chr5_35867463_35867644",1427.15801016091,"+"
"CSDE1","chr6_111780635_111793622",1427.12442948737,"-"
"SF3A1","chr6_106293106_106308363",1427.09306652268,"-"
"RFTN1","chr12_124912734_124913646",1426.83517695305,"-"
"RBM8A","chr1_30966278_30967166",1426.53138635698,"-"
"RBM17","chr17_18251813_18251998",1426.4592638368,"-"
"U2AF1L4","chr2_201233622_201234015",1426.44286579967,"-"
"POLR2G","chr5_112976986_112985834",1426.27548231264,"-"
"DGKH","chr4_173333669_173334245",1426.20732365613,"+"
"KHDRBS1","chr3_66221127_66236543",1426.08095022229,"-"
"CNOT4","chr17_5515517_5517745",1425.82678290093,"-"
"FUBP1","chr19_1011663_1011740",1425.66198684968,"-"
"PCBP1","chr14_22518505_22547505",1425.45619031252,"-"
"ZFP36L2","chr2_85596649_85597103",1425.42524913675,"-"
"SNRPD2","chr2_111344237_111367486",1425.39311597113,"-"
"CSDE1","chr16_29569328_29613102",1425.35492304213,"-"
"LSM3","chr20_35655344_35658929",1425.26559030161,"-"
"GRSF1","chr22_32475124_32479132",1425.01864652537,"-"
"SCML4","chr2_86788560_86789639",1424.9759996183,"-"
"SRRM2","chr22_19821375_19854442",1424.94525790231,"-"
"RBMXL1","chr3_3153488_3154746",1424.93761771514,"-"
"SAMD9L","chr1_78649905_78654242",1424.80832520315,"-"
"SF1","chr22_39318566_39319594",1424.59861454415,"+"
"EPHA4","chr14_55580354_55612018",1424.43476993384,"-"
"ZRANB2","chr5_35867463_35867644",1424.35065785077,"+"
"SAFB","chr19_52818031_52857571",1424.03408629448,"+"
"SRRT","chr22_36149371_36160668",1423.90744198762,"-"
"ZFP36L2","chr21_8394223_8438432",1423.48849398861,"-"
"SNRPB2","chr14_24632118_24632914",1423.44760043238,"+"
"SNRPB","chr17_36578186_36579244",1423.27074414795,"-"
"LSM3","chr1_35178036_35187000",1423.2519604126,"-"
"ZC3H8","chr5_139322967_139325295",1422.81966072242,"+"
"MBNL1","chr17_36578186_36579244",1422.70715389575,"-"
"ZFP36","chr14_49828807_49829053",1422.63371551264,"-"
"ZC3H15","chr17_43013373_43013475",1422.47199923018,"-"
"U2AF1L4","chr15_101966223_101972900",1422.46265945023,"-"
"SNRPD2","chr1_16635168_16643027",1422.40765424726,"-"
"MATR3","chr4_26321048_26362445",1422.20614090507,"-"
"FUS","chr1_53889463_53889712",1421.80315729277,"-"
"HNRNPK","chr1_44804501_44805265",1421.72088507315,"-"
"LSM10","chr22_42514779_42515150",1421.61938664972,"-"
"EIF4H","chr2_241150547_241157806",1421.53935620826,"-"
"LSM2","chr17_35021781_35026373",1421.51699100742,"-"
"U2AF1","chr17_4715336_4715972",1421.39611765049,"+"
"ZC3HAV1","chr12_57107743_57108162",1421.27525871916,"-"
"SF3B4","chr3_28241812_28316332",1421.21553837335,"-"
"HNRNPM","chr20_36935403_36941038",1421.10882596309,"-"
"CPSF7","chr20_58668127_58670511",1420.96164235619,"-"
"SNRPB","chr4_153583672_153584837",1420.76417012966,"-"
"HELZ","chr2_97142668_97144517",1420.59561904901,"-"
"SNRPC","chr6_29889604_29944499",1420.43828894797,"-"
"ARAP1","chr22_38486440_38487872",1420.42823277174,"-"
"KHDRBS1","chr12_8940869_8942415",1420.32877053505,"-"
"SNRPE","chr16_29569328_29613102",1420.30161266862,"-"
"MKRN2","chr14_23966417_23967210",1420.28381228053,"-"
"YBX1","chr15_43189280_43190324",1420.1562068666,"-"
"MCTS1","chr2_73734588_73737301",1420.04855062282,"-"
"RBM39","chr1_147932641_147936626",1420.02304588372,"-"
"SLTM","chr12_124913111_124913339",1420.01809113035,"+"
"RBMXL1","chr20_38422241_38426418",1419.96448383217,"-"
"LSM7","chr1_39738931_39740164",1419.88757870342,"-"
"SNRPB2","chr3_105678571_105681723",1419.87111885179,"-"
"DNAJC17","chr20_63708188_63708552",1419.85884086575,"-"
"HNRNPK","chr21_37073364_37108391",1419.80192985951,"-"
"SRRM1","chr2_230440557_230442936",1419.79684905861,"-"
"G3BP1","chr12_124913039_124913723",1419.73894988779,"+"
"CSDE1","chr15_69453721_69455169",1419.71475381904,"+"
"HNRNPL","chr5_180793097_180808647",1419.5883005377,"-"
"THUMPD3","chr16_29383562_29383688",1419.5341734291,"-"
"RBM22","chr6_26443442_26443956",1419.51760081717,"-"
"YTHDF2","chr17_28884315_28888944",1419.37299596247,"-"
"HNRNPH2","chr19_11346634_11349653",1419.22956979711,"-"
"HDLBP","chr2_230176724_230177537",1419.13791722427,"-"
"RALY","chr13_19674984_19677723",1419.13164024152,"-"
"TIA1","chr16_208664_220648",1419.04136912028,"-"
"SNRPC","chr3_152300367_152301918",1419.019420126,"-"
"UHMK1","chr1_155689243_155709772",1418.86594316519,"-"
"ZNF638","chr19_19677990_19678725",1418.79782233875,"-"
"EIF3G","chr5_94053227_94074645",1418.57652198842,"-"
"HNRNPA1","chr12_48923604_48923781",1418.57563321632,"-"
"YTHDC2","chr2_71331865_71355718",1418.55191848941,"-"
"HNRNPD","chr2_171061156_171081639",1418.52919769076,"-"
"RBM6","chr2_237994809_238025341",1418.51129336082,"-"
"SETD1B","chr1_110894401_110899123",1418.48097323791,"+"
"ZCCHC17","chr21_44910372_44910599",1418.28297398535,"+"
"PHC3","chr5_146701142_146856498",1418.224775591,"-"
"PUM1","chr16_57137282_57146084",1418.17133518369,"-"
"LSM10","chr6_29725306_29725451",1418.10719449187,"+"
"YTHDC1","chr5_112976986_112985834",1418.02576579799,"-"
"GTF3A","chr16_53055077_53155925",1417.92254435132,"-"
"RBM23","chr2_73828996_73830844",1417.91951292922,"+"
"TRA2A","chr2_97181793_97217176",1417.69261879767,"-"
"TRA2B","chr14_55580354_55612018",1417.68929622572,"-"
"LSM1","chr16_85779867_85781210",1417.25136975729,"-"
"RBM39","chr2_219251713_219253855",1417.19170180838,"+"
"CPSF6","chr2_112182018_112182790",1416.98582436877,"-"
"PUF60","chr12_56159622_56159974",1416.88386661058,"+"
"EIF4H","chr12_124913039_124913723",1416.82558523182,"+"
"HNRNPA2B1","chr17_82244831_82248874",1416.75104089556,"-"
"EIF4H","chr22_24270983_24302194",1416.72829512262,"-"
"RNF113A","chr20_36935189_36941038",1416.62938672073,"-"
"YTHDF3","chr21_8393174_8437388",1416.62217712519,"+"
"SASH3","chr13_46045516_46052403",1416.60629047241,"-"
"FXR1","chr6_31270085_31355316",1416.29622326523,"-"
"MBNL1","chr12_57477676_57477784",1416.00469480157,"-"
"RBM7","chr2_108469332_108469650",1415.98771462898,"-"
"RBM25","chr2_230245080_230245862",1415.97110204072,"-"
"PDCD11","chr3_9804013_9810620",1415.90453077556,"+"
"RBM25","chr14_23563282_23563379",1415.55270708104,"-"
"POLR2G","chr1_84566012_84570581",1415.46998054395,"-"
"ARAP2","chr21_42413222_42416441",1415.44332917366,"-"
"UNK","chr17_37542565_37553114",1415.41519746301,"-"
"MCTS1","chr16_70038985_70042350",1415.32864615156,"-"
"YBX1","chr19_34226464_34227364",1415.13058241191,"-"
"HTATSF1","chr22_24270983_24302194",1414.94117247329,"-"
"SFPQ","chr2_48314814_48346200",1414.90894895152,"-"
"BFAR","chr2_95910568_95915979",1414.77904774401,"+"
"HNRNPM","chr3_48927813_48933565",1414.76059832307,"-"
"RBM23","chr17_76727178_76732977",1414.74954717605,"-"
"PUF60","chr20_64076954_64079293",1414.63720816915,"-"
"LSM10","chr15_34528747_34529017",1414.51760591212,"+"
"PDCD11","chr19_54200893_54201159",1414.43912386251,"+"
"ZFP36L1","chr1_160612580_160634612",1414.27219471877,"-"
"LARP1","chr16_50669148_50675769",1414.05792831638,"-"
"SNRPB","chr1_7961735_7962762",1413.96985421195,"-"
"G3BP2","chr16_4694308_4694957",1413.69077124836,"-"
"HNRNPM","chr2_106164784_106166055",1413.52121319735,"-"
"FUS","chr2_73946906_73950584",1413.46649164623,"-"
"HNRNPH1","chr5_151772036_151786602",1413.46529599549,"-"
"SNRPC","chr21_37073473_37087246",1413.39881812019,"-"
"ZC3H13","chr5_93964523_94053125",1413.12681802231,"-"
"LSM4","chr3_52246812_52247681",1412.99193969896,"-"
"RBM8A","chr2_97179766_97181597",1412.80650746586,"+"
"SNRPN","chr12_57107314_57108162",1412.75296512518,"-"
"SAMD9L","chr21_8392957_8437168",1412.74260947786,"+"
"HELZ","chr1_40040783_40059333",1412.68411120794,"-"
"PDCD11","chr21_31685174_31685397",1412.52754865146,"-"
"RC3H1","chr1_204537497_204538208",1412.46743851502,"-"
"LSM3","chr19_51372074_51372378",1412.36166722234,"+"
"RNPS1","chr2_112652947_112657121",1412.28520210413,"-"
"HNRNPA2B1","chr17_4715043_4715972",1412.18628421965,"-"
"HNRNPH1","chr5_180793097_180803601",1411.78909856511,"-"
"LSM3","chr12_124913440_124913668",1411.69118321225,"+"
"TNRC6A","chr2_97538363_97541910",1411.64440009356,"-"
"NCL","chr1_236542787_236543559",1411.32545457845,"-"
"SRRM2","chr2_37148939_37156907",1411.29580218286,"-"
"ZNF638","chr1_156816063_156816674",1411.17460584159,"-"
"KIN","chr2_201138964_201140356",1411.1293682688,"+"
"HNRNPD","chr20_36614387_36615224",1411.08790429314,"-"
"RBM17","chr1_88988351_88992584",1411.02669314028,"-"
"NCL","chr12_55932123_55936422",1410.94696382888,"+"
"ZC3H15","chr17_78171054_78171738",1410.90864023863,"-"
"PHC3","chr16_68273904_68274690",1410.77372479393,"-"
"SAMHD1","chr6_24875817_25041850",1410.76291473111,"-"
"PARN","chr12_66314163_66315241",1410.71564517262,"-"
"PARP10","chr14_45250138_45253034",1410.705561853,"-"
"EWSR1","chr1_25243633_25245149",1410.67155495606,"-"
"HNRNPF","chr2_38698436_38729555",1410.62918899978,"-"
"THUMPD1","chr1_111139666_111140037",1410.24802483094,"-"
"ARAP2","chr5_151772036_151786571",1410.16720038396,"-"
"CNOT4","chr17_42348520_42388278",1410.06898468084,"+"
"TNKS2","chr17_5521012_5521523",1409.96096581348,"-"
"PSPC1","chr20_5106222_5109331",1409.95659894431,"-"
"RBM8A","chr5_71062796_71067654",1409.84377574295,"+"
"RBM6","chr2_229860531_229879981",1409.746492799,"-"
"ACIN1","chr14_73922206_73923394",1409.70614851684,"-"
"YTHDC1","chr21_8437547_8437663",1409.38640170058,"-"
"PPP1R10","chr22_17212578_17219355",1409.10260364608,"-"
"ZC3H8","chr16_69566374_69626402",1408.94300611529,"-"
"ZC3HAV1","chr14_35116737_35121901",1408.93820594561,"-"
"RNPS1","chr16_69626528_69647027",1408.89636206681,"-"
"SNRPG","chr2_68047319_68053060",1408.8615174512,"-"
"PTBP2","chr12_124913212_124913668",1408.74117038141,"+"
"G3BP1","chr2_73927052_73958145",1408.64267913656,"-"
"RNPC3","chr17_78419725_78424060",1408.5126542768,"-"
"SNRPB","chr2_197069965_197078702",1408.50281593204,"-"
"TRA2B","chr1_150327652_150328319",1408.42958833982,"-"
"NCL","chr5_113515362_113524980",1408.40589647519,"-"
"SLBP","chr5_146701142_146878001",1408.39879334008,"-"
"ZC3H13","chr2_74135658_74142271",1408.15741382523,"-"
"HNRNPF","chr17_3723383_3723687",1408.12664478219,"-"
"RBM4","chr5_70070751_70076520",1408.04444366285,"-"
"HNRNPR","chr5_180793097_180803812",1407.99970934092,"-"
"LCP2","chr15_48331479_48332267",1407.91370452424,"-"
"TARDBP","chr3_71299880_71305877",1407.85437118671,"-"
"MBNL1","chr16_635063_635280",1407.74896218257,"-"
"RBM4B","chr22_20052584_20055942",1407.63224814228,"-"
"FXR1","chr12_2823943_2824089",1407.62767857085,"-"
"ZFP36L2","chr2_191678241_191678989",1407.60222272744,"-"
"TRMT1","chr3_105746038_105776395",1407.49956084315,"-"
"TRA2A","chr4_951258_951645",1407.3725001765,"-"
"MBNL2","chr3_101372126_101398860",1407.28802380664,"-"
"CSDE1","chr1_71065137_71066775",1407.14686645251,"-"
"MSI2","chr2_73734588_73737301",1407.06514813696,"-"
"RBM6","chr2_95912435_95914107",1406.9995194981,"-"
"NSUN6","chr6_11213727_11232503",1406.94300152014,"-"
"RFTN1","chr1_151307801_151315572",1406.7407327799,"-"
"PPP1R10","chr1_188889_195262",1406.69527234306,"+"
"G3BP1","chr12_124913190_124913646",1406.6619462731,"+"
"SFPQ","chr2_191148204_191150650",1406.61364547764,"+"
"NONO","chr17_16382032_16382488",1406.51200269775,"+"
"BFAR","chr15_34227846_34229752",1406.47278182205,"-"
"CPEB4","chr2_97164311_97167576",1406.16617029072,"-"
"CPSF7","chr21_8394013_8438220",1406.04816505244,"+"
"HNRNPM","chr1_88988351_88992584",1406.03525533979,"-"
"GRSF1","chr14_90397154_90400064",1406.02525086077,"+"
"SETD1B","chr1_161038075_161038879",1405.79420964183,"+"
"SNRPB","chr17_73212740_73227164",1405.74918509506,"-"
"ZFP36L1","chr6_116571655_116574057",1405.71042418984,"-"
"SNRPD2","chr22_45328063_45328309",1405.6259086416,"+"
"SNRPG","chr3_28241812_28316332",1405.55680953209,"-"
"RBM33","chr16_4483754_4505483",1405.54555849796,"-"
"HNRNPF","chr3_170178938_170181701",1405.52209276999,"-"
"ZFR","chr2_25771540_25799384",1405.5191703368,"-"
"IREB2","chr1_32276063_32276606",1405.50985457114,"+"
"SNRPG","chr6_107749813_107772171",1405.35516041955,"-"
"CPSF6","chr1_75724817_75732643",1405.1786502329,"-"
"THUMPD3","chr2_97560860_97580461",1404.96955466425,"-"
"SCML4","chr4_77776392_77819232",1404.78256728744,"-"
"RBM6","chr14_73921105_73923394",1404.7663872929,"-"
"MATR3","chr2_85694996_85695319",1404.5884450855,"+"
"SNRPE","chr2_241097427_241102252",1404.50686931735,"-"
"SAFB2","chr1_110875914_110891391",1404.4939128971,"+"
"PPIE","chr2_241150547_241153475",1404.42867334398,"-"
"ZRANB2","chr2_201272942_201276826",1404.05850701511,"+"
"SRRM1","chr6_31269525_31269965",1403.85576899737,"-"
"SNRPD3","chr3_195662733_195663623",1403.80031202054,"+"
"SSB","chr19_18147017_18147442",1403.707004542,"-"
"HNRNPH3","chr1_46310044_46310154",1403.70236350089,"-"
"EIF2S1","chr3_122621611_122626826",1403.63952403201,"-"
"MSI2","chr1_173864304_173864674",1403.5954365459,"-"
"SNRPB","chr19_10796199_10798485",1403.37762059551,"-"
"CSDE1","chr22_20568631_20582610",1403.35361414985,"-"
"U2AF1","chr15_80098578_80120327",1403.33702247957,"-"
"SRRM2","chr14_96379755_96382246",1403.17655211568,"-"
"CPSF7","chr5_35871213_35875511",1403.11300968634,"+"
"PABPC3","chr16_2752854_2756333",1402.91978487483,"-"
"ZFP36L1","chr2_97194917_97202201",1402.75537459062,"+"
"HELZ","chr16_3065655_3065783",1402.64766179648,"+"
"ACIN1","chr6_26374798_26375514",1402.51457719415,"-"
"RRP7A","chr14_91145313_91157638",1402.45341528785,"+"
"ZC3HAV1","chr2_84832145_84839148",1402.42695169405,"-"
"YTHDF2","chr17_63931385_63932194",1402.08901980817,"-"
"STIM1","chr1_160816863_160818217",1402.02068656786,"-"
"CSDE1","chr19_52818031_52857571",1401.98340961049,"+"
"PNPT1","chr19_18899709_18899872",1401.97410592592,"+"
"RBM34","chr15_49137437_49139527",1401.96639994552,"-"
"SNRPN","chr12_124912427_124913339",1401.74382141341,"+"
"CSDE1","chr2_68047319_68062944",1401.74147805334,"-"
"PARP14","chr1_16642850_16643027",1401.58099936163,"-"
"STIM1","chr17_59119495_59131280",1401.48774945772,"-"
"CSDE1","chr21_8394202_8438413",1401.25444793438,"+"
"G3BP1","chr19_12676142_12677290",1401.2251727072,"-"
"LSM10","chr14_92093318_92096092",1401.17569170846,"-"
"HELZ","chr2_95906703_95912406",1400.99313110373,"+"
"RBM33","chr16_4361803_4361984",1400.82499465587,"-"
"HNRNPM","chr15_50424514_50439008",1400.69136862315,"-"
"RBM6","chr2_169824640_169824867",1400.59325281555,"-"
"SGMS1","chr2_232734486_232735154",1400.53788097223,"-"
"ZFP36L2","chr21_8393174_8437388",1400.52472038296,"-"
"MBNL2","chr2_213049880_213056832",1400.39157900939,"-"
"ZFP36L1","chr22_24270983_24302194",1400.36487559608,"-"
"TRA2B","chr14_101912473_101925140",1400.35818216162,"-"
"RBM12","chr5_154941265_154956370",1400.2930480324,"+"
"TNKS","chr12_42352049_42355160",1400.22931501092,"-"
"EIF4B","chr5_57214193_57221375",1399.99375540222,"-"
"ZC3H13","chr2_189782602_189784268",1399.92178769203,"-"
"ZFP36","chr20_44975410_44978442",1399.91279228452,"-"
"SEC23IP","chr15_50726126_50726320",1399.81479932918,"-"
"RBMX","chr4_951258_951681",1399.71409626708,"-"
"HNRNPH1","chr2_97179766_97181597",1399.71013799176,"-"
"GTF3A","chr6_31532911_31534485",1399.65152687471,"-"
"PPIE","chr15_44403054_44413335",1399.64852356673,"-"
"UHMK1","chr4_153583672_153584837",1399.63488413446,"-"
"TRA2A","chr13_27432804_27434138",1399.52904896689,"-"
"KIN","chr4_53428183_53442652",1399.39100920604,"-"
"PPIE","chr21_8437547_8437663",1399.05540836559,"+"
"KRR1","chr1_149531742_149537099",1399.00818089989,"+"
"SAMHD1","chr1_40040783_40059333",1398.97524766456,"+"
"ARAP2","chr19_51372074_51372378",1398.92762418017,"-"
"G3BP2","chr2_97560860_97578905",1398.91888103679,"-"
"SNRPE","chr16_28656523_29050671",1398.913798883,"+"
"ARAP2","chr3_197621868_197623219",1398.84989897654,"-"
"YTHDF2","chr1_149536497_149537099",1398.83449507494,"+"
"PAPSS1","chr17_7393509_7394103",1398.63895090225,"-"
"SNRPD2","chr2_9418732_9423372",1398.6277857806,"-"
"TNKS","chr22_20037094_20043354",1398.53236654895,"-"
"HNRNPH3","chr12_57718376_57718992",1398.41239100163,"-"
"TNKS2","chr19_51372074_51372378",1398.3942922633,"+"
"GRSF1","chr5_1798947_1799791",1398.32187885518,"-"
"RBM33","chr6_111780635_111793622",1398.2673332803,"-"
"PABPC3","chr16_69120649_69121435",1397.96859307667,"-"
"ZC3H12D","chr5_55102752_55107793",1397.95885707714,"-"
"RBM26","chr2_9418732_9423372",1397.94292364921,"-"
"TIAL1","chr2_108534594_108659604",1397.87617755736,"-"
"UPF3B","chr2_207560372_207567462",1397.74989837437,"-"
"SAFB","chr12_48662654_48667692",1397.58006546431,"-"
"HNRNPR","chr1_160491388_160523143",1397.5068562181,"-"
"ACIN1","chr17_76559043_76561287",1397.27435666906,"-"
"RFTN1","chr18_3247587_3253232",1397.23005949666,"+"
"ZFP36L2","chr3_167720273_167734805",1397.12666465621,"-"
"HNRNPH3","chr15_101286293_101286907",1397.09824494132,"-"
"ZC3H12D","chr2_127051243_127057472",1396.95442233248,"+"
"RBM4B","chr2_230416328_230442936",1396.90299412679,"+"
"GRSF1","chr20_62387674_62388308",1396.76219702036,"+"
"MBNL1","chr19_42215252_42217631",1396.69675381761,"-"
"PHC3","chr3_50332154_50337904",1396.67349569757,"-"
"HNRNPAB","chr2_11175009_11177736",1396.58462885101,"-"
"ZC3H14","chr16_88699732_88701261",1396.5709276238,"-"
"CIRBP","chr22_41680364_41682355",1396.5389439462,"-"
"RBMX","chr16_4361469_4361984",1396.39374370616,"-"
"DDX43","chr2_95891737_95927380",1396.34256887604,"-"
"RBM19","chr5_177441053_177441736",1396.22521433145,"-"
"CPSF6","chr15_34528750_34529017",1396.01497731734,"-"
"PPP1R10","chr13_72781356_72781604",1396.00697015206,"-"
"EIF3G","chr5_131391108_131391917",1395.96760866598,"-"
"LSM1","chr2_70227822_70229058",1395.87178314032,"-"
"NOL8","chr6_152294127_152300640",1395.71643647741,"-"
"STIM1","chr19_41883289_41888063",1395.61963251674,"-"
"SF1","chr21_8437352_8438445",1395.61188367991,"+"
"ZGPAT","chr20_44975410_44978442",1395.59582959096,"-"
"SCML4","chr19_10180234_10180349",1395.4537490373,"-"
"CPSF7","chr2_227325427_227332418",1395.33042795436,"-"
"SGMS1","chr14_20455394_20455577",1395.19313313366,"-"
"G3BP2","chr12_14950724_14961536",1395.11245481332,"-"
"DHX57","chr2_191010004_191014017",1395.0536752428,"+"
"NIP7","chr14_23557304_23558694",1395.01719999935,"-"
"EIF3G","chr22_45328145_45328309",1394.92116186534,"+"
"RC3H1","chr16_635340_636093",1394.91661610905,"-"
"FUS","chr17_58005041_58005800",1394.733875214,"-"
"ZC3H7A","chr13_19709599_19730238",1394.71460913505,"-"
"NCBP2","chr6_152143765_152145486",1394.57893710236,"-"
"HNRNPH3","chr6_30577913_30578074",1394.37084503371,"+"
"TRA2B","chr20_5106222_5109331",1394.32430874264,"-"
"MSI2","chr19_34226464_34227364",1394.28917479048,"-"
"YTHDF3","chr12_55932123_55936422",1394.2383258001,"+"
"SNRPC","chr1_23967723_23971572",1394.15672360927,"-"
"HNRNPA1","chr4_48089824_48095142",1394.13123081061,"-"
"ZRANB2","chr17_6760601_6762154",1394.05558230275,"-"
"ZCCHC17","chr17_8886605_8887095",1393.90246146941,"-"
"ARAP2","chr2_97558994_97560831",1393.84691533685,"-"
"KIN","chr14_91145313_91157638",1393.61628829994,"-"
"TAF15","chr20_49124605_49135832",1393.45267875463,"-"
"HELZ","chr21_37240639_37267237",1393.18461402258,"-"
"SLTM","chr3_42621516_42630545",1393.13429207565,"-"
"MATR3","chr12_79798584_79807225",1392.93922957906,"-"
"EIF2S1","chr17_6641152_6641752",1392.70343418238,"-"
"HNRNPA1","chr1_159800613_159806595",1392.69630660033,"-"
"SF3A1","chr6_31354665_31355106",1392.66527269286,"+"
"SFPQ","chr13_19960026_19993062",1392.55712913235,"-"
"SF1","chr1_207790345_207793518",1392.48317430907,"-"
"HNRNPA3","chr5_112976986_112985834",1392.32067982298,"-"
"MATR3","chr22_20052584_20055942",1392.18159460352,"-"
"SNRPD1","chr2_74135658_74145188",1391.94399018262,"-"
"RNPS1","chr15_50432499_50439008",1391.92825290666,"-"
"SAMD9L","chr19_12676142_12677290",1391.92234765613,"-"
"LARP4B","chr20_30377721_30379584",1391.91892004953,"-"
"RBM25","chr20_30388578_30393550",1391.86378897144,"-"
"EIF4H","chr16_4361803_4361984",1391.69338368637,"-"
"ZFP36L1","chr1_188902_195262",1391.59819384914,"+"
"CIRBP","chr21_37073364_37108391",1391.45874963665,"-"
"APTX","chr16_30076094_30076314",1391.44733726753,"-"
"RBM12","chr2_95918042_95921606",1391.40637727141,"+"
"EIF4H","chr22_45328145_45328227",1391.3883341368,"-"
"ZCCHC17","chr14_21211566_21211809",1391.19819386022,"-"
"NONO","chr12_48923604_48923781",1391.16441364219,"+"
"RBM26","chr21_8393174_8437388",1390.91586143794,"-"
"FUBP1","chr1_174752354_174811831",1390.82046716366,"-"
"ZFP36","chr2_201234112_201240269",1390.8025792072,"-"
"RBM6","chr2_112181876_112182790",1390.66357312914,"-"
"HNRNPA3","chr16_668699_670122",1390.52667276228,"-"
"MBNL2","chr17_63931388_63932194",1390.52453131767,"-"
"KRR1","chr1_40040801_40059333",1390.306553137,"-"
"PARP10","chr22_24270983_24302194",1390.22765372939,"-"
"ZC3HAV1","chr2_97181793_97217176",1390.13779802724,"+"
"ZC3H7A","chr12_9694091_9694759",1390.01834727544,"+"
"FUS","chr19_36694876_36712385",1390.01693714349,"-"
"FMR1","chr19_19636787_19636916",1389.8856082088,"+"
"UHMK1","chr16_69646578_69647027",1389.87396342095,"-"
"HNRNPA3","chr3_48927813_48961611",1389.85724622324,"-"
"LSM1","chr1_85259061_85259357",1389.85335402523,"-"
"MCTS1","chr2_233273052_233274675",1389.8213742999,"-"
"PTBP1","chr2_271939_272191",1389.7378428528,"-"
"EIF3G","chr2_169824640_169824867",1389.72382663347,"-"
"FUBP1","chr6_107720993_107744948",1389.7072937243,"-"
"PTBP1","chr2_97725242_97732882",1389.50856572241,"-"
"LARP4","chr14_22908380_22909482",1389.48522802662,"-"
"SAFB2","chr2_97164311_97167576",1389.45361971171,"-"
"NOL8","chr6_29890296_29890438",1389.29373344888,"+"
"HNRNPF","chr14_91866625_91867261",1389.20384780054,"-"
"SNRPD2","chr2_11175009_11177736",1389.0952622584,"-"
"CIRBP","chr17_6760601_6762154",1388.70465365238,"-"
"EIF3G","chr19_48325610_48327520",1388.67817697812,"+"
"ZRANB2","chr16_50669148_50675769",1388.62525837783,"-"
"DKC1","chr2_97538363_97558798",1388.36241266986,"-"
"LSM2","chr22_26666937_26668157",1388.31032607923,"-"
"HNRNPH3","chr16_3065655_3065780",1388.26029072509,"+"
"RBM6","chr22_26663398_26665530",1388.22054070764,"-"
"MCTS1","chr16_3065655_3065783",1388.14127463172,"+"
"DUS3L","chr14_49828787_49829053",1388.09299113343,"-"
"ARAP2","chr2_218217254_218225919",1388.04144730563,"+"
"RBM17","chr16_28656523_29050671",1388.04070313688,"+"
"RBM33","chr21_33931742_33938224",1387.91555414419,"-"
"RBM39","chr22_39313310_39313633",1387.89233668215,"-"
"MBNL1","chr6_32517752_32553375",1387.71149254132,"-"
"LCP2","chr19_18147017_18147442",1387.62882929801,"+"
"LSM3","chr2_191682017_191683728",1387.58766902383,"-"
"LARP7","chr5_35876719_35877479",1387.50433141381,"+"
"ZRANB2","chr12_48923604_48923781",1387.50093519792,"-"
"LSM1","chr2_171061156_171081639",1387.46283615231,"-"
"ZC3H15","chr6_107720993_107731973",1387.42660658222,"-"
"MCTS1","chr2_97187401_97189086",1387.35781173054,"-"
"PARP14","chr1_53888986_53889712",1387.31675404489,"-"
"UHMK1","chr16_50669148_50675769",1387.24470090252,"-"
"RNPC3","chr3_48927813_48945135",1387.24130426926,"-"
"HNRNPF","chr2_207560372_207567462",1387.20494558112,"-"
"HNRNPH1","chr17_3720402_3723687",1387.04380553531,"-"
"PUF60","chr2_73828996_73830844",1386.90245544439,"-"
"PPRC1","chr2_201272776_201276826",1386.89206913125,"+"
"CNOT4","chr21_44910372_44910599",1386.83071870843,"+"
"HNRNPH1","chr2_219230350_219231927",1386.77040860924,"-"
"CSDE1","chr4_26321048_26362445",1386.75218972722,"-"
"HNRNPH2","chr16_4832221_4832773",1386.60501068049,"-"
"PABPC1","chr12_53462567_53465931",1386.58919720613,"-"
"G3BP2","chr17_45404334_45404444",1386.58838557512,"-"
"NAA38","chr2_191682595_191683728",1386.27926238069,"-"
"SF1","chr4_151099714_151100484",1386.26407089387,"-"
"HNRNPD","chr22_19471808_19479082",1386.22154517324,"-"
"RBM28","chr16_208664_220648",1386.19457207692,"-"
"ANKRD17","chr22_42576609_42576980",1386.18627772521,"-"
"SAMD9L","chr2_87455645_87583257",1386.02126357804,"-"
"HNRNPH1","chr2_95956816_95960472",1386.00717007712,"+"
"SFPQ","chr1_1657302_1657374",1385.89839182923,"-"
"MSI2","chr1_160496246_160523143",1385.86542321245,"-"
"KRR1","chr1_116760632_116768463",1385.75781633277,"+"
"G3BP1","chr16_30309033_30334974",1385.67635789189,"-"
"LCP2","chr19_5610688_5612539",1385.36257295011,"-"
"ZC3H12D","chr19_10089378_10089656",1385.35088430169,"-"
"NAA38","chr17_76091235_76094413",1385.33348004861,"+"
"SNRNP70","chr21_37084331_37087246",1385.23940745826,"-"
"RRP7A","chr15_69453721_69455169",1385.23238461703,"+"
"RNPS1","chr17_18251813_18251998",1385.06894958911,"-"
"RBMS1","chr20_62303781_62306196",1384.86938328203,"-"
"CPSF6","chr1_35176474_35177318",1384.85390774148,"-"
"ZC3HAV1","chr1_30739937_30742455",1384.67637110552,"+"
"PUM2","chr22_40463286_40533589",1384.62901395575,"-"
"ZFP36L1","chr16_4823907_4832773",1384.56480002135,"-"
"RBM39","chr2_159712661_159729008",1384.55542003722,"-"
"ELAVL1","chr1_154212624_154214456",1384.53433553381,"-"
"YTHDF3","chr14_89190449_89280949",1384.21405324993,"-"
"ARAP2","chr1_150839654_150846262",1383.96681617782,"-"
"SART3","chr15_74024927_74033155",1383.96041754431,"-"
"RBM25","chr3_50332154_50337904",1383.95231866284,"-"
"ZFP36L1","chr1_45661225_45686411",1383.83777773418,"-"
"STIM1","chr2_65056528_65069398",1383.5902927588,"-"
"SRRM2","chr15_88639178_88639342",1383.55791636925,"-"
"PARN","chr3_52679726_52682091",1383.55310377876,"-"
"SAMHD1","chr4_77776392_77819232",1383.55232029425,"-"
"DNAJC17","chr2_201260613_201266486",1383.50003333384,"+"
"CSDE1","chr22_38486440_38487878",1383.46342771968,"-"
"ACIN1","chr2_230238381_230238760",1383.40196085191,"-"
"SRRM1","chr17_74203710_74203917",1383.39844522489,"+"
"MCTS1","chr2_233273052_233274675",1383.39243767828,"-"
"SYNCRIP","chr6_11213727_11305991",1383.33621374736,"-"
"FUS","chr1_147928578_147936626",1383.3060117925,"-"
"NONO","chr19_41883289_41888063",1383.08908275557,"-"
"SNRPC","chr1_71065137_71066775",1382.70953952625,"-"
"LSM5","chr18_36787079_36798448",1382.63437456154,"+"
"HNRNPH1","chr17_16440253_16441367",1382.39517999447,"-"
"DNAJC17","chr12_56724549_56725262",1382.34852422554,"+"
"NCBP2","chr15_50726126_50726320",1382.2399377501,"-"
"TTC14","chr2_201272942_201276826",1382.20289859077,"-"
"PABPC3","chr22_26666937_26668157",1382.0953549692,"-"
"ANKRD17","chr5_96727530_96729611",1382.08884543159,"-"
"RBMX","chr6_11213727_11232503",1382.04784424449,"-"
"LSM2","chr5_71062796_71067654",1382.00658888942,"-"
"ZFP36","chr15_85583076_85585701",1382.00639678072,"-"
"PUM1","chr15_28886278_28921639",1381.87294406738,"-"
"SAMHD1","chr1_161038634_161038879",1381.73738022316,"+"
"SNRPD2","chr18_57620651_57621707",1381.58603872488,"-"
"ARAP2","chr2_95960667_95962351",1381.37333324081,"-"
"NONO","chr6_26443442_26443956",1381.35377868743,"-"
"LSM2","chr22_26666937_26668157",1381.34965009186,"-"
"HNRNPF","chr6_127719823_127807215",1381.22635109852,"-"
"RBM39","chr17_59112345_59131280",1381.09156154702,"-"
"PABPC1","chr5_146878195_146878590",1380.8742086053,"-"
"ZFP36","chr2_30147062_30148244",1380.71693040918,"-"
"HNRNPA3","chr6_11213727_11232503",1380.54860088052,"-"
"ARAP2","chr3_71299880_71305877",1380.53326318832,"-"
"SNRPC","chr2_222887888_222900673",1380.48243507699,"-"
"STIM2","chr21_8393174_8437388",1380.48159259651,"-"
"LSM5","chr1_91720227_91721954",1380.41514297256,"+"
"RBM8A","chr5_139561815_139562243",1380.35773587598,"-"
"NCBP2","chr16_1964365_1964806",1380.03616062262,"+"
"SRRT","chr2_97187401_97192857",1380.01677059708,"+"
"ACIN1","chr14_101912473_101925140",1379.94479134837,"-"
"TARDBP","chr20_57607300_57610148",1379.88313392813,"-"
"UHMK1","chr1_188902_195262",1379.72327589937,"+"
"SNRPE","chr2_233273052_233274675",1379.69237829374,"+"
"ZFP36","chr22_29832342_29838177",1379.68766260435,"+"
"LSM4","chr5_112864732_112867371",1379.67486885041,"-"
"PPIE","chr16_1786655_1787676",1379.57779203333,"-"
"NAA38","chr19_51372074_51372378",1379.50690997814,"+"
"FUBP1","chr14_21211566_21211809",1379.41090077955,"-"
"PARP10","chr1_110894401_110899123",1379.32878434909,"+"
"RNPS1","chr15_44380976_44413335",1379.23841276167,"-"
"CARHSP1","chr14_23556343_23558694",1379.18006582249,"-"
"SLTM","chr12_48923604_48923781",1379.13601855839,"-"
"SEC23IP","chr21_8393888_8438099",1379.08842813146,"-"
"RNF113A","chr15_74032715_74033155",1378.95759230953,"-"
"ZC3H15","chr19_49476566_49480297",1378.8900603121,"-"
"RBM5","chr6_31644194_31644306",1378.85040323977,"+"
"RBMS1","chr1_184072298_184072826",1378.7997116192,"-"
"SAMHD1","chr19_19635569_19636706",1378.74866409763,"+"
"SRRM1","chr2_232697392_232703423",1378.69417570404,"-"
"ZC3HAV1","chr2_24321880_24328051",1378.69342752539,"-"
"RNPS1","chr17_5501872_5517745",1378.64346429182,"-"
"SYNJ1","chr15_63533918_63537024",1378.48941584418,"-"
"EIF4H","chr15_101966223_101972900",1378.41208268287,"-"
"RBM23","chr17_19939849_19941825",1378.31858799008,"-"
"TRA2A","chr2_232567214_232580903",1378.20153404874,"-"
"L3MBTL3","chr1_26363134_26364531",1378.09826094314,"+"
"BFAR","chr13_37048599_37051487",1378.05207298641,"-"
"CSDE1","chr1_108698017_108698603",1378.0469826627,"-"
"MBNL2","chr12_56160670_56161386",1378.01896036874,"+"
"ASCC1","chr13_51797908_51799533",1378.0063085955,"-"
"SRRT","chr15_44380976_44413335",1377.93881208768,"-"
"ZCRB1","chr12_124913190_124913646",1377.68570730685,"+"
"PSPC1","chr1_175007196_175008608",1377.44183946705,"-"
"SF3B4","chr5_177441053_177441734",1377.32297170324,"-"
"CNOT4","chr3_88055999_88058018",1377.17321833461,"-"
"SEC23IP","chr1_161038075_161038879",1377.16758306383,"+"
"TTC14","chr2_73950732_73958145",1377.1660625066,"-"
"HNRNPM","chr12_43771365_43772179",1377.11854827643,"-"
"ZFR","chr4_151099714_151100484",1376.85593165294,"-"
"TRA2A","chr19_11578657_11578843",1376.796087654,"-"
"RBM19","chr3_184245812_184248781",1376.76194384084,"-"
"CSDE1","chr12_15882819_15889927",1376.73148663627,"-"
"TMEM63A","chr5_70070751_70076520",1376.60166071731,"-"
"SNRPC","chr14_35116737_35121901",1376.15301330895,"-"
"PARP10","chr1_16485665_16633094",1376.11612800229,"+"
"SAFB","chr22_32475124_32478980",1375.970804085,"-"
"SAMHD1","chr1_110895055_110899123",1375.95829543614,"+"
"RNPC3","chr2_97181793_97217176",1375.75608022092,"-"
"TARDBP","chr17_7393836_7394103",1375.72975152848,"-"
"DKC1","chr22_24276803_24302194",1375.65971061046,"-"
"HNRNPM","chr3_196939432_196942369",1375.51790040753,"-"
"MBNL1","chr1_26362022_26363025",1375.50329591333,"-"
"HNRNPD","chr3_49674621_49675182",1374.8824330495,"-"
"HNRNPH1","chr16_69120649_69121435",1374.74395818431,"-"
"LSM5","chr20_30377425_30379584",1374.55065979435,"-"
"GRSF1","chr2_95912316_95912406",1374.52866728938,"-"
"STIM1","chr2_135983454_135985793",1374.38918426012,"-"
"PARN","chr3_101574279_101579789",1374.30826750154,"-"
"SF1","chr3_197705175_197736654",1374.30162071663,"-"
"SNRPD2","chr19_18069713_18072111",1374.25491034496,"+"
"SAFB","chr1_161548675_161549010",1374.09217777065,"+"
"SRRM2","chr1_181050286_181053572",1374.05809957522,"-"
"EIF2S1","chr1_155521618_155562778",1374.03399214109,"-"
"YTHDC1","chr14_92093831_92096092",1373.99898578856,"-"
"YTHDC1","chr2_9474647_9475986",1373.92100262489,"-"
"FUBP1","chr1_160748514_160749820",1373.82714099085,"-"
"LSM2","chr2_189782602_189783013",1373.58590470153,"-"
"SNRPG","chr19_16153204_16154398",1373.50577726522,"-"
"SPEN","chr2_207560372_207561118",1373.49499519306,"-"
"SRRM1","chr17_7016685_7017256",1373.43814778787,"-"
"RBM5","chr1_77721901_77722023",1373.4155094643,"-"
"RBM39","chr17_16126209_16137310",1373.3653784803,"-"
"RBM39","chr2_201234112_201240269",1373.36015161826,"-"
"SYNCRIP","chr2_108469332_108469650",1373.2964133066,"-"
"G3BP2","chr6_29888672_29934217",1373.23163355379,"+"
"CARHSP1","chr1_116760632_116768463",1372.917680319,"+"
"PUM2","chr1_154212624_154214456",1372.90661263038,"-"
"YBX1","chr3_3153488_3154746",1372.85356130689,"-"
"SNRPG","chr16_22437492_22451619",1372.85217447082,"-"
"CSDE1","chr2_201234112_201266460",1372.78970078582,"-"
"ZC3H6","chr15_101966223_101972900",1372.71161789145,"+"
"LCP2","chr2_201272942_201276826",1372.67125632537,"-"
"HNRNPH1","chr21_37073473_37087246",1372.51899260901,"-"
"YTHDF3","chr2_171687627_171690146",1372.3974775309,"-"
"NCBP2","chr2_97219246_97224808",1372.26325706484,"-"
"TAF15","chr6_31644194_31644306",1372.14940709135,"-"
"HNRNPH1","chr2_241315982_241324215",1372.02263602962,"-"
"RBM26","chr1_26363154_26364531",1371.9353165422,"-"
"ZC3HAV1","chr12_6960936_6961125",1371.92784803817,"-"
"HELZ","chr19_35739769_35741023",1371.82482393125,"-"
"MATR3","chr2_85694923_85695319",1371.78100664411,"+"
"HNRNPF","chr22_19441694_19447377",1371.76700261029,"-"
"SRRM2","chr14_105052102_105057166",1371.75730947757,"-"
"TRA2A","chr1_158945042_158976700",1371.73101685141,"-"
"HNRNPA3","chr22_26666937_26668157",1371.5598509739,"-"
"YTHDF2","chr2_197069965_197078702",1371.54421453902,"+"
"CSDE1","chr2_74528489_74529131",1371.44104151511,"-"
"FUBP1","chr6_26411581_26413168",1371.18300899232,"-"
"ZC3H13","chr20_36614387_36615224",1371.17089798352,"-"
"YTHDC1","chr2_48314814_48346200",1371.02071198419,"-"
"RBMXL1","chr3_184323241_184323407",1370.77607330954,"-"
"ZC3H12D","chr19_11346634_11349653",1370.74878438246,"-"
"SNRPD2","chr3_49812543_49813061",1370.52922026349,"+"
"SNRNP70","chr2_97538363_97541910",1370.48510000755,"-"
"HNRNPF","chr17_2042231_2042604",1370.46871063812,"-"
"EWSR1","chr1_207767195_207770320",1370.31057401219,"-"
"PHC3","chr20_58668127_58670511",1370.05100107218,"-"
"HNRNPAB","chr19_41884493_41888063",1370.01809254405,"+"
"SNRPA","chr16_29569328_29613102",1370.00886791601,"-"
"SNRPC","chr6_10749698_10755141",1369.943456493,"-"
"ANKS3","chr6_29889604_29890263",1369.76259032721,"+"
"TMEM63A","chr19_51372160_51372378",1369.73517538834,"-"
"PCBP1","chr15_90935330_90935543",1369.5905473743,"+"
"SRRT","chr14_23566419_23567110",1369.5256177217,"-"
"ZFR","chr1_7846766_7849639",1369.49268422082,"-"
"YTHDF3","chr5_178616948_178617343",1369.44340337226,"-"
"HNRNPF","chr2_97560860_97576378",1369.42006696807,"-"
"SAFB2","chr17_37542565_37553114",1369.40674032058,"-"
"CSTF2T","chr22_26663398_26665530",1369.36808721643,"-"
"ZCRB1","chr2_10396920_10419733",1369.14702299182,"-"
"PHC3","chr16_635340_636093",1368.81731806131,"-"
"HNRNPL","chr2_197399038_197400054",1368.78427370741,"-"
"EIF3B","chr17_6760601_6762154",1368.7508807675,"-"
"TRA2A","chr20_57616468_57620261",1368.61035744893,"-"
"HELZ","chr1_75790057_75791284",1368.5919909931,"-"
"ANKRD17","chr3_16303592_16323098",1368.47848073869,"-"
"MBNL1","chr2_207560372_207561118",1368.40627852874,"-"
"KIN","chr4_127921771_127921859",1368.26812001234,"-"
"EPHB6","chr19_54508184_54510525",1368.05297285249,"-"
"HNRNPM","chr1_171514630_171515733",1368.01698681977,"-"
"RBMXL1","chr21_37261937_37267237",1367.97489584672,"-"
"SFMBT2","chr6_29889604_29890263",1367.92025624267,"+"
"FUBP1","chr22_20568631_20582610",1367.87889753119,"-"
"THUMPD1","chr2_84838241_84839148",1367.84463133992,"-"
"SAFB","chr2_11172045_11174967",1367.78677501699,"-"
"ARAP2","chr1_160748514_160749820",1367.72271710697,"+"
"EIF3B","chr2_95956816_95958590",1367.70877726939,"-"
"PABPC1","chr1_154219937_154220341",1367.35916965242,"-"
"HNRNPA2B1","chr17_5422829_5432541",1367.29287749023,"-"
"ARAP2","chr12_47206145_47216164",1367.19677815628,"+"
"EIF3B","chr13_42919332_42926335",1367.17555025611,"-"
"LSM1","chr22_40552367_40636477",1367.05255180091,"-"
"EIF4B","chr22_32475398_32478980",1367.03428588576,"-"
"HDLBP","chr14_35110629_35121901",1366.91281268111,"-"
"NONO","chr1_42456628_42457246",1366.74101589659,"-"
"APTX","chr2_159448409_159478574",1366.64975872762,"-"
"TRMT1","chr2_201272776_201274888",1366.43005798703,"-"
"PABPC1","chr6_158708391_158725502",1366.37358579612,"-"
"UHMK1","chr22_42514779_42515150",1366.21003872246,"-"
"KRR1","chr14_23090101_23090521",1366.14309520296,"-"
"RBM28","chr1_244842058_244842194",1366.10287082931,"-"
"SNRPD2","chr16_2772102_2776992",1366.07984716067,"-"
"EIF3G","chr2_97179766_97181597",1366.01015407611,"-"
"TNKS2","chr6_125292909_125298713",1365.90441000465,"-"
"SF3B4","chr19_18001573_18008710",1365.67995688629,"+"
"CNOT4","chr1_203795794_203801574",1365.67731181174,"-"
"RNF113A","chr1_207767823_207770320",1365.5776613261,"-"
"PARP12","chr1_188889_195262",1365.54112731598,"-"
"RBMXL1","chr17_36103981_36105224",1365.52023098346,"+"
"SNRPA","chr15_101633728_101645086",1365.39321835835,"-"
"HNRNPL","chr1_23333631_23337753",1364.70938944153,"-"
"ZC3H18","chr1_160748514_160749820",1364.56697834678,"-"
"PAN3","chr13_27440449_27445087",1364.52342791491,"-"
"TAF15","chr5_151063747_151080879",1364.21520891848,"-"
"EIF2S1","chr3_30606977_30623198",1364.1659948454,"-"
"CPSF6","chr1_46560277_46561477",1364.13459348422,"-"
"MATR3","chr2_95956816_95960472",1364.07906870879,"+"
"TARDBP","chr18_11885043_11885675",1363.98296571096,"-"
"MKRN2","chr14_89412490_89619027",1363.95734522147,"-"
"SAMD9L","chr1_159045464_159051678",1363.58251216996,"-"
"EIF4H","chr5_151772036_151786602",1363.51118177608,"-"
"LSM7","chr15_28919487_28921639",1363.46388849377,"+"
"TRA2B","chr6_107749813_107772171",1363.42592620466,"-"
"SNRPD2","chr19_2324196_2328386",1363.42460375362,"-"
"HELZ","chr3_167720273_167734805",1363.40385929867,"-"
"SFPQ","chr14_23565701_23566063",1363.34228662844,"-"
"CPSF6","chr1_161038634_161038879",1363.25344925727,"-"
"MBNL1","chr20_49279208_49289044",1363.17541225854,"-"
"RRP7A","chr2_74528489_74529131",1363.14471793655,"-"
"TEP1","chr5_146878195_146878590",1363.08525690698,"-"
"EIF4B","chr2_95958785_95960472",1362.62042658178,"-"
"HNRNPF","chr1_209779374_209781344",1362.45215835219,"-"
"ZFP36L1","chr2_201260613_201266486",1362.41418952161,"-"
"SNRPB2","chr17_76727213_76732977",1362.15253078714,"-"
"LSM4","chr5_151063747_151080879",1362.00460912347,"+"
"HNRNPK","chr15_50424514_50439008",1361.98024042486,"-"
"IREB2","chr5_35876719_35877475",1361.97703654927,"-"
"LSM3","chr22_19444390_19447377",1361.82227462244,"-"
"UHMK1","chr19_13766129_13768358",1361.78849270415,"-"
"EIF3B","chr14_23567319_23567738",1361.78778073633,"-"
"HNRNPH3","chr1_156815209_156816005",1361.7424467048,"-"
"SRRM1","chr22_41781845_41793828",1361.58368155972,"-"
"NCBP2","chr17_47973693_47973930",1361.47377145468,"+"
"SF1","chr1_35178036_35187000",1361.35406268088,"-"
"POLR2G","chr2_97538363_97558798",1361.3205160632,"+"
"HELZ","chr1_11654952_11655805",1361.23922561994,"-"
"HNRNPC","chr21_31685240_31685397",1361.2187439932,"+"
"SF1","chr1_188889_195262",1361.13819107209,"+"
"SF3B4","chr1_35176474_35177318",1361.06775026297,"-"
"TTC14","chr2_230248968_230250980",1360.88161885364,"-"
"SNRPB2","chr2_74135658_74145188",1360.8786853346,"-"
"HNRNPL","chr5_43555999_43556818",1360.5301403146,"-"
"RBM5","chr2_201272942_201276826",1360.51538275029,"-"
"SRRM2","chr16_31701858_31702534",1360.36938627485,"-"
"NCBP2","chr17_82449292_82450699",1360.36032645785,"-"
"TTC14","chr2_70227822_70228343",1360.23697445062,"-"
"SAMD9L","chr1_1657302_1657374",1360.22469794614,"-"
"NONO","chr2_127057601_127059010",1360.20036025107,"-"
"TIAL1","chr15_42448705_42466052",1359.96062001464,"-"
"TIAL1","chr22_40463286_40533589",1359.90559826114,"+"
"POLDIP3","chr20_3123406_3159765",1359.90456099141,"-"
"RBMX","chr4_151099714_151100484",1359.76698685775,"-"
"ZCRB1","chr1_26363134_26364531",1359.73050755654,"+"
"ZMAT5","chr19_29665795_29673823",1359.62899254558,"-"
"TIAL1","chr15_34407735_34437397",1359.59720827892,"-"
"PABPC3","chr1_23967723_23971572",1359.57016461959,"-"
"U2AF1L4","chr17_35492818_35522278",1359.3804700608,"-"
"RBM42","chr22_41784420_41793828",1359.25638757465,"-"
"RBM42","chr12_54283234_54283811",1359.10103354206,"+"
"RBM39","chr19_17405995_17406076",1359.02263747979,"-"
"MBNL1","chr4_26321048_26362445",1359.01042410716,"-"
"SNRPD1","chr5_39124278_39125997",1359.00889309584,"-"
"HNRNPK","chr2_38577532_38581912",1358.97944290909,"-"
"DGKH","chr22_50190648_50193026",1358.87223423385,"-"
"RBM12","chr2_37201726_37204303",1358.70627242254,"-"
"EPHA1","chr15_85583076_85585701",1358.67058560744,"-"
"PTBP1","chr19_35745212_35745347",1358.51536243662,"-"
"RBM5","chr2_191682017_191683728",1358.42694036179,"-"
"LSM10","chr2_97538363_97558798",1358.32312762243,"+"
"SYNJ1","chr15_88880610_88881356",1357.67346336358,"+"
"PABPC1","chr17_5515517_5517745",1357.54554975625,"-"
"SAMHD1","chr14_45250138_45253034",1357.50738090333,"-"
"TRA2B","chr1_146988949_146991112",1357.33551677665,"-"
"RBM5","chr12_47206145_47216164",1357.32382468612,"+"
"RBMX","chr2_97198491_97204190",1357.2784086797,"+"
"ZFP36","chr1_11654952_11655805",1357.25416004612,"-"
"HNRNPC","chr22_46337944_46343261",1357.21955315968,"-"
"ZFP36","chr4_153583672_153584834",1357.16421540069,"-"
"ZCRB1","chr1_207767195_207770320",1357.02733401157,"-"
"RBMXL1","chr1_26363134_26364531",1356.94097050398,"+"
"SAFB","chr20_57607300_57610148",1356.91258816225,"-"
"SNRPD2","chr2_207561160_207567462",1356.58265085526,"-"
"ZGPAT","chr2_74491672_74492003",1356.55002183391,"-"
"TRA2A","chr22_45328063_45328309",1356.40969351143,"+"
"SF1","chr3_48927813_48933565",1356.39222390714,"-"
"ZC3H7A","chr2_38578002_38581912",1356.34576926235,"-"
"LSM5","chr6_31644194_31644306",1356.30991193818,"+"
"EPHA1","chr6_32517752_32553375",1356.05666593589,"-"
"RBM39","chr2_191682017_191683728",1355.96450882565,"-"
"ZRSR2","chr1_91720230_91721954",1355.66469132723,"-"
"APTX","chr1_1657302_1657374",1355.55301936887,"-"
"DHX8","chr17_3723383_3723687",1355.50418219447,"-"
"SLBP","chr2_97206135_97211545",1355.49637134843,"+"
"PARN","chr2_23827860_23828848",1355.46658244451,"-"
"HNRNPL","chr17_41689941_41690087",1355.46558776762,"-"
"SNRPD1","chr12_89492115_89525119",1355.44665900448,"-"
"SRRM1","chr17_59112345_59131280",1355.44472881675,"-"
"SNRNP35","chr2_70228462_70229058",1355.38077674323,"-"
"SNRPB2","chr2_229859574_229879981",1354.95283404186,"-"
"SAMHD1","chr15_88635700_88639342",1354.95236337856,"-"
"SF3B4","chr19_49981013_49988371",1354.78305374294,"-"
"G3BP1","chr15_101650161_101652270",1354.6549265579,"-"
"PSPC1","chr2_95938901_95938986",1354.5092951297,"-"
"ZFR","chr17_36103981_36211775",1354.09805635726,"+"
"SRRM1","chr16_1786655_1787676",1354.09056946129,"-"
"STIM2","chr2_159453801_159478574",1353.64573144106,"-"
"SNRPN","chr15_74024927_74033155",1353.51654969544,"-"
"CCAR1","chr18_3249443_3253232",1353.44386324124,"+"
"TARDBP","chr20_17660528_17682027",1353.43515512148,"-"
"HNRNPM","chr22_45328145_45328309",1353.37312016502,"-"
"TAF15","chr20_57615580_57620261",1353.35291395887,"-"
"HDLBP","chr20_35699456_35699632",1353.34432783716,"-"
"NCBP2","chr2_95938901_95938986",1353.28430391403,"-"
"LSM6","chr2_86171312_86173649",1353.27692390153,"-"
"HNRNPF","chr2_218217254_218225919",1353.24726307103,"-"
"LSM3","chr21_37073473_37087246",1353.18800651075,"-"
"LCP2","chr17_7392952_7393466",1353.16524782306,"-"
"ZFR","chr3_42621516_42630545",1353.15416283474,"-"
"NONO","chr17_7017014_7017256",1353.09540642797,"-"
"HNRNPF","chr2_74528489_74529131",1352.91103857639,"-"
"ZC3H12D","chr14_24606746_24607611",1352.79084672475,"-"
"HNRNPA3","chr2_202297906_202300233",1352.75383904286,"-"
"LSM2","chr2_159712661_159729008",1352.7156275466,"-"
"RALY","chr3_52700496_52704723",1352.62079893053,"-"
"KRR1","chr2_48314814_48346200",1352.40350567141,"-"
"LSM2","chr16_30698461_30699907",1352.30276533403,"+"
"RNPC3","chr20_58668127_58670511",1352.25645912997,"-"
"PARP12","chr5_177441053_177441734",1352.09210394443,"-"
"PTBP1","chr2_97209709_97211545",1351.99922600794,"-"
"TIA1","chr15_50726126_50726320",1351.68428588681,"-"
"HELZ","chr20_57607300_57610148",1351.62199687842,"-"
"PARP14","chr2_97200525_97202201",1351.61316704108,"-"
"HNRNPA3","chr21_8394202_8438413",1351.41873451484,"+"
"RBMX","chr5_143400852_143434531",1351.34272539453,"-"
"PARP12","chr1_42456628_42457246",1351.31270291573,"-"
"SF3B4","chr1_16642850_16643027",1350.87900875155,"-"
"RC3H1","chr13_20862858_20868595",1350.84038313351,"-"
"RBM17","chr2_97558994_97560831",1350.67656466986,"-"
"PARP14","chr19_19636787_19636916",1350.63822526314,"-"
"RNPC3","chr17_3668899_3669097",1350.4935499093,"-"
"ZMAT5","chr2_97576446_97578905",1350.4740892011,"-"
"PUF60","chr3_56773816_56882291",1350.26779623799,"-"
"TNKS2","chr2_99171646_99173914",1350.00100040748,"-"
"PARP10","chr3_30606977_30644746",1349.95039504791,"-"
"HNRNPA1P4","chr2_191148204_191150650",1349.8299482226,"-"
"SNRPF","chr5_135346057_135350822",1349.81642883247,"+"
"SNRPD1","chr1_67424322_67424887",1349.61366332882,"-"
"CPSF6","chr5_139561815_139562243",1349.39179458304,"+"
"RFTN1","chr17_76557857_76561287",1349.36583934803,"-"
"SF1","chr3_49077038_49093911",1349.29834544841,"-"
"RBM39","chr3_42621516_42627199",1349.23574791002,"-"
"CIRBP","chr14_23557304_23558694",1349.09263103935,"-"
"ZC3H15","chr3_134482931_134485319",1348.97123106803,"-"
"RRP7A","chr2_95956816_95960472",1348.92942986992,"+"
"RBM10","chr2_85694923_85695319",1348.92469503212,"+"
"SAMD10","chr1_101236991_101238821",1348.91181064497,"+"
"HNRNPH3","chr2_203266681_203278572",1348.80704690615,"-"
"PAN3","chr21_8394013_8438220",1348.68048169887,"+"
"RBM7","chr14_23567319_23567738",1348.61544833884,"-"
"ZC3HAV1","chr3_42619708_42620015",1348.3324306461,"-"
"HNRNPD","chr15_43185879_43189198",1348.26185446971,"+"
"KRR1","chr17_36103981_36105224",1348.21893522737,"+"
"PTBP1","chr2_68782320_68807272",1348.18383128697,"+"
"ZRSR2","chr17_75229131_75231339",1348.079135712,"+"
"DHX8","chr5_151063747_151080879",1348.00865910782,"-"
"ZFP36","chr2_101295181_101307840",1347.89593538101,"-"
"TMEM63A","chr1_42456628_42457246",1347.79537024239,"-"
"SRRM2","chr5_180793097_180803601",1347.78387941164,"-"
"DGKH","chr19_36689497_36712385",1347.71847860311,"-"
"LSM3","chr3_180985996_180988022",1347.66393076642,"-"
"G3BP1","chr4_153583672_153584837",1347.59490420475,"-"
"SYNJ2","chr1_206909858_206910209",1347.46139856554,"-"
"SAMHD1","chr1_174752354_174811831",1347.45597159692,"-"
"CIRBP","chr2_218217254_218225919",1347.42848837085,"+"
"TRA2A","chr1_155140271_155140490",1347.33950928946,"+"
"HNRNPH1","chr4_82355401_82356536",1347.32392261826,"-"
"NOL8","chr3_51970184_51973964",1347.2971747881,"-"
"HNRNPA1P4","chr2_95918042_95921606",1347.28922634047,"+"
"PTBP1","chr1_20780540_20787194",1347.28566601742,"-"
"EIF4H","chr1_75724817_75732643",1347.16288433419,"-"
"RBM39","chr2_30147062_30148244",1347.14200210077,"-"
"ZRSR2","chr22_43151604_43161051",1346.99061604328,"+"
"SRRM2","chr22_39313310_39314106",1346.91533726723,"+"
"NONO","chr6_29890296_29890438",1346.90558369392,"+"
"TIAL1","chr1_206905147_206921817",1346.81655860505,"+"
"SF1","chr5_151772036_151786602",1346.54281421543,"-"
"SETD1B","chr14_22532561_22547505",1346.52311938271,"+"
"HNRNPD","chr16_31091342_31094556",1346.32456176688,"-"
"PARN","chr2_108534594_108659604",1346.2713976593,"-"
"CCAR1","chr3_170178938_170181686",1345.92704402639,"-"
"ZC3H4","chr19_18431418_18431646",1345.88152695923,"+"
"SNRNP70","chr2_218217254_218225919",1345.68218996299,"+"
"LRSAM1","chr17_18251816_18251998",1345.5477063705,"-"
"YTHDC1","chr2_201234112_201240269",1345.49507470864,"-"
"LSM4","chr3_180985996_180988022",1345.48410287803,"-"
"EIF2S1","chr14_89486671_89619027",1345.46594029314,"-"
"ASCC1","chr6_29889604_29944499",1345.46057887781,"-"
"HNRNPM","chr17_78131737_78132358",1345.1302961772,"-"
"DAZAP1","chr17_16126206_16137310",1345.06089752223,"-"
"IREB2","chr20_35280118_35284175",1344.92676046543,"-"
"DGKH","chr22_19471808_19479082",1344.86144684084,"+"
"SAMD9L","chr2_230248968_230255451",1344.83986474154,"-"
"HNRNPC","chr1_53888986_53889712",1344.69070803692,"+"
"NOL8","chr2_97181793_97217176",1344.66500835712,"+"
"UHMK1","chr19_1011612_1011740",1344.64140371122,"-"
"APTX","chr20_38422241_38426418",1344.60661311479,"-"
"KIN","chr5_154941265_154956370",1344.54796677687,"+"
"ZFP36L1","chr19_19654074_19654542",1344.25306542243,"-"
"CCAR1","chr5_154941265_154956370",1344.11820657092,"-"
"PAN3","chr2_24315224_24321813",1344.11311692102,"-"
"SNRPF","chr1_35178036_35187000",1343.97582792622,"-"
"ZC3H13","chr15_101633728_101645086",1343.81563600523,"-"
"ZC3HAV1","chr16_53492522_53492692",1343.63606114104,"-"
"MBNL1","chr3_12604289_12606200",1343.54634733542,"-"
"RBMX","chr20_62303045_62303567",1343.53941775297,"+"
"SF3A1","chr19_12676142_12677290",1343.50490717317,"-"
"LCP2","chr22_38752665_38755762",1343.49919170098,"-"
"TMEM63A","chr6_29725202_29829589",1343.46314717197,"+"
"ARAP2","chr1_149536497_149537099",1343.37805841678,"-"
"PPIE","chr6_311962_335113",1343.19904834924,"-"
"SF1","chr1_45551155_45561788",1343.19448623658,"-"
"ZFP36","chr19_54449306_54451289",1343.11428654477,"-"
"CIRBP","chr14_23565701_23566063",1343.08013257238,"-"
"RBM25","chr17_42348517_42388278",1342.94721388904,"-"
"ZRANB2","chr17_59112345_59131280",1342.61986563986,"-"
"KRR1","chr22_50186001_50193026",1342.51352306632,"-"
"SYNJ1","chr1_11654952_11655805",1342.50889550575,"-"
"NIP7","chr1_110894401_110899123",1342.50536032376,"+"
"RBM5","chr2_181475066_181478756",1342.33625729089,"-"
"PRPF3","chr20_5106222_5109331",1342.23599687554,"-"
"MBNL1","chr17_78132030_78132358",1342.21768725338,"-"
"SNRPF","chr16_53492519_53492692",1342.12876238845,"-"
"MBNL1","chr2_218235044_218238663",1341.77783078408,"+"
"EIF4B","chr2_169798976_169800951",1341.75741804701,"-"
"PRPF3","chr2_97209709_97211545",1341.67974579183,"-"
"EIF4B","chr5_133006920_133022840",1341.31979607481,"+"
"SNRPE","chr19_52818031_52857571",1341.299509288,"-"
"ANKRD17","chr17_73212740_73227164",1341.28854096522,"-"
"EIF3G","chr13_27441077_27445087",1341.2642348108,"-"
"STIM1","chr1_30739937_30757658",1341.17541229349,"+"
"PABPC1","chr19_36122173_36125450",1340.9371405917,"-"
"ZC3H8","chr2_85694470_85694915",1340.84543642341,"-"
"SNRPD2","chr2_152663967_152664137",1340.7205239715,"-"
"FUBP1","chr2_230327301_230357804",1340.71537691521,"-"
"HNRNPH3","chr1_206905147_206921817",1340.69463179326,"+"
"TRA2A","chr1_154212624_154214456",1340.68395593264,"-"
"RBM23","chr4_182915575_182917310",1340.60400665877,"-"
"PARP12","chr3_52246812_52246973",1340.09623549067,"-"
"LCP2","chr17_16126209_16137310",1340.09601763833,"-"
"MSI2","chr17_76557857_76561287",1340.0432900064,"-"
"ZFR","chr17_81891841_81894466",1339.99525600404,"-"
"EIF4H","chr17_7393836_7394103",1339.80441003002,"-"
"ANKS3","chr1_160244034_160262448",1339.48207978269,"-"
"RBM17","chr17_5521012_5521523",1339.45745040031,"-"
"HTATSF1","chr17_36578186_36579244",1339.38356961991,"-"
"RFTN1","chr2_207561160_207567462",1339.19179671117,"-"
"CIRBP","chr1_46686870_46689586",1339.14445138524,"-"
"HNRNPA3","chr17_7393836_7394103",1339.09290445084,"-"
"TMEM63A","chr17_35323268_35324653",1339.08274524476,"-"
"MKRN2","chr17_5521012_5521523",1339.06814119121,"-"
"ANKRD17","chr12_47206145_47210639",1339.03572018404,"+"
"PARP12","chr12_51056245_51056349",1338.89333566441,"-"
"SNRPD2","chr2_201234112_201266460",1338.84831651899,"-"
"RBM10","chr5_70946176_70952438",1338.83432137012,"+"
"PSPC1","chr1_149531742_149537099",1338.80325874432,"+"
"PTBP1","chr2_70227822_70229058",1338.70474458682,"-"
"GRSF1","chr20_17660528_17682027",1338.57812272166,"-"
"RBM33","chr22_40401675_40402138",1338.25851885637,"-"
"TEP1","chr2_191010004_191014017",1338.23054009889,"+"
"PPP1R10","chr2_175118369_175130137",1338.02739427403,"-"
"G3BP1","chr3_50350984_50351342",1338.02246979022,"-"
"SLBP","chr2_9474647_9478221",1337.9019798677,"-"
"SAMHD1","chr1_16485665_16633094",1337.89932175638,"-"
"HNRNPA2B1","chr2_241150547_241153475",1337.85662823787,"-"
"DHX8","chr12_124913111_124913339",1337.84338010631,"+"
"CNOT4","chr2_95876512_95880426",1337.5936747198,"-"
"RBM14","chr17_4715043_4715972",1337.52062103871,"-"
"TMEM63A","chr6_24875817_25041850",1337.52057116384,"-"
"KRR1","chr12_48662654_48667692",1337.38828784909,"-"
"HNRNPM","chr2_97179766_97181597",1337.20175917891,"-"
"TARDBP","chr5_70946176_70952438",1337.17456530987,"+"
"ZFR","chr1_103533856_103534771",1337.16790551228,"-"
"ZRSR2","chr22_25448284_25453315",1337.12938109886,"-"
"HNRNPL","chr21_33260727_33262792",1336.95532015043,"-"
"NONO","chr1_32631879_32633644",1336.83018358917,"-"
"DKC1","chr1_35176474_35177318",1336.81304833655,"-"
"LSM10","chr2_201272942_201276826",1336.71743558453,"-"
"G3BP1","chr2_201233622_201234015",1336.70593543232,"-"
"FUBP1","chr15_85690104_85693276",1336.51497209765,"-"
"TARDBP","chr19_18147017_18147442",1336.51126078874,"-"
"ZC3H15","chr1_147928578_147936626",1336.36503832225,"-"
"RBM22","chr2_238188257_238189852",1336.35974182391,"-"
"YTHDF2","chr3_167720273_167725400",1336.34017336067,"-"
"ACO1","chr21_8437016_8437168",1336.17242107284,"-"
"POLR2G","chr2_127050912_127059010",1336.09705528851,"-"
"RRP7A","chr2_113197634_113197746",1336.07615115124,"-"
"SRRT","chr3_11829864_11833002",1336.04725374648,"-"
"FUBP1","chr16_4361469_4361984",1335.9401651409,"-"
"RBM39","chr20_58898985_58903530",1335.8789582002,"-"
"YTHDF2","chr14_23566419_23567110",1335.84895791575,"-"
"SNRPD1","chr2_73950732_73958145",1335.8171200003,"-"
"SNRPD2","chr19_49476566_49480297",1335.7644517195,"-"
"CIRBP","chr17_82449480_82450699",1335.75348324789,"-"
"RALY","chr20_36935403_36941038",1335.69465880807,"-"
"TRA2B","chr12_124912734_124913646",1335.62705067785,"+"
"HDLBP","chr21_42413523_42416441",1335.24838478391,"-"
"TMEM63A","chr1_204532246_204538208",1335.05674036298,"-"
"RALY","chr2_191148204_191150650",1335.03017453068,"-"
"RBM14","chr21_37073364_37087246",1334.94005602511,"-"
"PAPSS1","chr1_110895055_110897808",1334.87603044222,"+"
"SNRPG","chr5_39202987_39217636",1334.86352442417,"-"
"RBM17","chr22_40178140_40246014",1334.84063844915,"-"
"THUMPD1","chr1_44804501_44805265",1334.81496878166,"-"
"TNKS2","chr2_97181793_97217176",1334.59612435096,"+"
"HNRNPA1","chr12_53467293_53468776",1334.51902697784,"-"
"HNRNPH1","chr4_56656012_56656343",1334.2683615987,"-"
"HNRNPH2","chr12_7827682_7930479",1334.2669233343,"-"
"SYNJ1","chr2_113438022_113441350",1334.12438058409,"-"
"SAFB2","chr13_45340184_45341041",1334.067762551,"+"
"RBMX","chr21_42413222_42413409",1334.06422626155,"-"
"PDCD11","chr14_22532561_22547505",1333.93548818382,"+"
"SNRPB2","chr3_141404031_141438242",1333.89116713144,"-"
"MBNL2","chr22_50190648_50193026",1333.68116386859,"-"
"PAN3","chr14_90397233_90400064",1333.56467529514,"-"
"TTC14","chr2_202290457_202291020",1333.39319030247,"-"
"ZFP36L1","chr3_184245812_184248744",1333.39076139817,"-"
"RBM12","chr17_41913896_41918879",1333.35305546255,"-"
"RBMXL1","chr2_68782320_68807272",1333.20603999146,"-"
"LSM4","chr4_153583672_153584834",1333.17591963758,"-"
"STIM1","chr22_19441694_19447377",1333.03039451782,"-"
"SNRPD1","chr1_111139666_111140037",1332.82280485449,"-"
"FUBP1","chr2_231711983_231712442",1332.77387785862,"-"
"ACIN1","chr16_69762391_69786995",1332.60273608056,"-"
"PTBP1","chr22_50186001_50193026",1332.47529275451,"-"
"SNRPG","chr2_108469332_108469650",1332.43255642877,"-"
"SF1","chr13_27432804_27434138",1332.0849827336,"-"
"LARP1","chr5_146701142_146856498",1332.0509166963,"-"
"RBM28","chr12_79798584_79807225",1332.01545302146,"-"
"THUMPD1","chr1_26368582_26370632",1331.98493989772,"+"
"RBMX","chr3_105746038_105776395",1331.9595906595,"-"
"RBM26","chr2_152716126_152717229",1331.43863340185,"-"
"RBM22","chr16_3065494_3065780",1331.04185904977,"-"
"DGKH","chr22_24270983_24276699",1330.9787394797,"-"
"TAF15","chr1_188902_195262",1330.93766893263,"+"
"SF1","chr5_79641196_79642843",1330.91355672332,"-"
"KRR1","chr22_38752665_38754641",1330.61827699674,"-"
"RBMXL1","chr3_152445539_152446703",1330.40130151352,"-"
"RNF113A","chr2_148021684_148024965",1330.35417462926,"-"
"THUMPD1","chr1_28561260_28561345",1330.2258627334,"-"
"LCP2","chr1_7853120_7853306",1330.13246379474,"-"
"QKI","chr19_29665505_29673823",1329.82972863091,"-"
"POLR2G","chr12_9655979_9656920",1329.79283081377,"-"
"POLR2G","chr17_78419675_78424060",1329.77951572304,"-"
"PTBP2","chr2_95918042_95921606",1329.77360440459,"+"
"YTHDF3","chr21_8393174_8437388",1329.39634428014,"+"
"ZCCHC17","chr22_46337944_46346421",1329.372353145,"-"
"EIF4B","chr3_185926734_185931576",1329.26465271188,"-"
"SNRPC","chr3_49674621_49675693",1329.21734847648,"-"
"LARP4","chr2_134946465_134947735",1329.13640696072,"-"
"CPSF6","chr2_152677475_152679351",1328.96140902773,"-"
"SF1","chr16_67082339_67098709",1328.9491029777,"-"
"RBMX","chr12_48671962_48679654",1328.88425565798,"-"
"HNRNPF","chr2_207560372_207561118",1328.74172307077,"-"
"FUS","chr17_5521012_5521523",1328.70245504992,"-"
"FUS","chr22_19475100_19475495",1328.65056604851,"-"
"ASCC1","chr15_72752895_72755555",1328.54132596083,"-"
"RBM5","chr3_66221127_66243202",1328.38948065781,"-"
"PAN3","chr2_37201726_37201862",1328.36083643736,"-"
"LCP2","chr2_218235044_218238663",1328.33523844922,"+"
"SAFB2","chr1_116782601_116805604",1328.32593174131,"-"
"EIF4B","chr16_53450285_53451702",1328.16676661084,"-"
"SAMD9L","chr1_207785682_207793518",1328.15467622473,"-"
"LARP4B","chr3_138187599_138209816",1328.07063341554,"-"
"TRA2B","chr2_9474647_9478221",1327.76647807431,"-"
"HNRNPA1P4","chr2_230248968_230255451",1327.6343185142,"-"
"HNRNPH2","chr15_64075537_64088686",1327.43282171488,"-"
"ZMAT5","chr20_28583946_28586298",1327.33261259812,"-"
"ZC3H7A","chr3_138187599_138209816",1327.31863085222,"-"
"KHSRP","chr12_9656697_9656920",1327.24626073958,"-"
"SNRPG","chr6_107708011_107720702",1327.17540626158,"-"
"RBMX","chr15_88880610_88881356",1326.93969573436,"-"
"SNRPG","chr5_146878195_146878700",1326.93412218484,"-"
"ZFP36L1","chr12_57107743_57108162",1326.89627142022,"-"
"EIF2S1","chr17_82019381_82019857",1326.76787411085,"-"
"HNRNPH1","chr2_230216928_230221704",1326.64264534171,"-"
"RFTN1","chr3_108047292_108049618",1326.60466085962,"-"
"U2AF1L4","chr5_151772036_151786571",1326.59717737364,"-"
"RNPC3","chr1_30980166_30981311",1326.41292677848,"-"
"LARP4B","chr2_55578342_55579678",1326.2099308074,"-"
"PARN","chr3_16303592_16319460",1326.17447537492,"-"
"TNKS2","chr17_44188009_44188934",1326.09963265237,"-"
"NOL8","chr2_97219246_97224805",1326.00495494506,"-"
"HNRNPA1P4","chr12_124913039_124913723",1325.8215532184,"-"
"UHMK1","chr2_95919920_95921606",1325.6960734989,"-"
"NCBP2","chr2_85327273_85327441",1325.57023941103,"-"
"EIF4B","chr3_71053773_71064823",1325.54763245825,"-"
"SNRPD1","chr2_97124597_97127066",1325.35157408781,"-"
"PUM1","chr12_6461390_6462033",1325.26051408935,"-"
"TNKS","chr3_167720273_167734805",1325.24171040448,"-"
"TRA2B","chr15_43185879_43189198",1325.2138666239,"-"
"HNRNPA0","chr17_77451528_77482143",1325.19223403095,"+"
"ZC3H18","chr1_40040783_40059336",1325.07247842613,"+"
"HNRNPK","chr2_159712606_159729008",1325.02496104287,"-"
"LSM4","chr21_8394053_8438264",1324.93411398456,"+"
"DNAJC17","chr6_125292909_125298713",1324.25308937803,"-"
"HNRNPH2","chr20_62303781_62306196",1324.23827500811,"-"
"RALY","chr19_16153208_16154398",1324.10034935175,"-"
"HNRNPA1P4","chr14_91170186_91173288",1324.07529478152,"+"
"HNRNPH1","chr12_6551503_6555256",1323.85687292965,"-"
"ZFR","chr5_138018514_138021030",1323.75896919323,"-"
"RBM39","chr1_173864304_173864674",1323.67679271258,"-"
"SLBP","chr2_238194331_238194804",1323.65576949793,"-"
"PCBP2","chr2_97215497_97217176",1323.56116925851,"-"
"TRA2B","chr14_22529688_22547505",1323.40120519564,"+"
"ZC3HAV1","chr1_7850922_7853306",1323.33784736356,"-"
"PUF60","chr22_25448284_25455711",1323.20100802652,"-"
"ZC3H13","chr17_18251816_18251998",1323.11759300639,"-"
"RBM39","chr1_92832117_92833544",1322.93463860467,"+"
"NSUN6","chr20_58652138_58667489",1322.63978880131,"-"
"CHERP","chr2_86815718_86825952",1322.47246674903,"-"
"DDHD2","chr5_1798947_1799770",1322.38181202745,"-"
"SRRM2","chr16_1964628_1964806",1322.33353791264,"+"
"RBM25","chr2_48314814_48328560",1322.2495664985,"-"
"NOL8","chr2_37148939_37156907",1322.16950074359,"-"
"RRP7A","chr15_44672156_44672387",1321.59601109058,"-"
"DHX8","chr1_228141288_228145510",1321.57388878342,"-"
"UPF1","chr6_29725306_29725451",1321.39176649082,"+"
"ZC3H13","chr17_78124655_78124888",1321.22161699746,"-"
"PUM2","chr16_30698761_30699907",1321.19758208664,"-"
"ZC3H7A","chr5_134143640_134146223",1321.19478838984,"-"
"ZC3H7B","chr21_29036374_29037278",1320.8689725492,"-"
"LSM5","chr19_41884493_41888063",1320.75224262704,"+"
"ACIN1","chr19_48238532_48240961",1320.63825155936,"-"
"NIP7","chr1_88988351_88992584",1320.43609150082,"-"
"EIF4B","chr21_44910372_44910599",1320.23470047336,"+"
"IREB2","chr2_97179766_97179860",1320.20527692498,"-"
"ZC3H13","chr12_46254936_46268864",1319.94551250631,"-"
"STIM2","chr17_78121164_78122604",1319.85998442437,"-"
"PPIE","chr17_41913896_41918879",1319.69944324113,"-"
"PTBP1","chr3_50103166_50104247",1319.67183359019,"-"
"CHERP","chr3_30606977_30623198",1319.64445726289,"-"
"SRRM2","chr2_171687627_171690146",1319.62994601156,"-"
"MKRN2","chr16_2772102_2776992",1319.52910473597,"+"
"LARP4","chr15_44672156_44672387",1319.51609446827,"-"
"LSM4","chr20_63707097_63707866",1319.48693396711,"-"
"LCP2","chr19_19677990_19678725",1319.45294154765,"-"
"SAFB","chr3_49812543_49813061",1319.37009349046,"-"
"SRRM2","chr5_146701142_146878001",1319.36073817002,"-"
"YTHDC1","chr17_82884202_82889667",1319.28067729575,"-"
"G3BP1","chr16_31701858_31702534",1319.2666348773,"-"
"LSM7","chr19_19636787_19636916",1319.17610376934,"-"
"MBNL1","chr3_52246812_52246973",1319.16566665912,"-"
"TEP1","chr3_28316423_28316752",1319.03277132998,"+"
"CIRBP","chr2_152677475_152679351",1319.03093985197,"-"
"SNRPA","chr2_201233622_201234015",1318.98803233442,"-"
"LARP4B","chr4_184638468_184649394",1318.51941277593,"-"
"PPRC1","chr2_10396920_10419733",1318.28104354662,"-"
"FUS","chr4_53377923_53379072",1318.28104163787,"-"
"RC3H1","chr3_25729318_25732318",1318.24960714726,"-"
"HNRNPM","chr14_65101572_65102303",1318.22035458578,"-"
"LSM2","chr15_25411971_25438488",1318.10752488332,"-"
"SRRM2","chr15_92900824_92924320",1318.07429834698,"-"
"SAFB","chr12_124911899_124913495",1317.87914821331,"+"
"YTHDF3","chr1_146988949_146991112",1317.75642810107,"-"
"CSTF2","chr2_219230350_219231927",1317.55703113174,"-"
"SF3A1","chr17_36103981_36105224",1317.54019573871,"+"
"SLBP","chr17_36578186_36579244",1317.3872160478,"-"
"PTBP1","chr16_4483754_4505483",1317.36550489776,"-"
"ZC3HAV1","chr19_18572607_18573292",1317.21034833774,"-"
"RBM25","chr17_37596344_37600362",1317.13230458782,"-"
"RC3H2","chr17_36103981_36105224",1317.05655212664,"+"
"SFPQ","chr2_71350271_71355718",1316.99248077217,"-"
"HNRNPM","chr1_30980166_30981311",1316.93290653952,"-"
"HELZ","chr17_16284138_16299887",1316.86899977159,"-"
"ZC3H7A","chr17_28884315_28888944",1316.80716159413,"-"
"STIM1","chr2_7725853_7730235",1316.75236440709,"-"
"SNRPC","chr12_48671962_48679654",1316.73587814678,"-"
"ZC3H13","chr2_160367391_160407463",1316.59806648874,"-"
"RBM25","chr5_180793097_180808647",1316.21354427833,"-"
"ZGPAT","chr22_38752665_38754641",1316.15818671163,"-"
"SNRPE","chr16_30381473_30382092",1316.14549884376,"+"
"MBNL1","chr2_189782602_189783013",1316.10898851104,"-"
"KRR1","chr14_23565701_23566063",1316.10271785127,"-"
"G3BP1","chr2_12723552_12740325",1316.09529079923,"-"
"ZFP36L1","chr2_171061156_171082780",1315.97690113505,"-"
"PCBP1","chr1_35184593_35187000",1315.84174890551,"-"
"ZC3H13","chr19_16153208_16154398",1315.73888781042,"-"
"RFTN1","chr2_213057099_213147470",1315.6931918557,"-"
"ZFP36L1","chr14_54430404_54436368",1315.66542100884,"-"
"TRA2A","chr17_5515517_5517745",1315.54279254295,"-"
"RBM22","chr12_54282874_54283811",1315.51414487173,"-"
"TNRC6A","chr15_44715701_44716327",1315.46705425332,"-"
"RBM39","chr12_124912506_124913646",1315.21556375337,"-"
"RNPC3","chr17_7393509_7394103",1314.99721195407,"-"
"MBNL1","chr1_203795794_203801574",1314.70903481773,"+"
"GRSF1","chr1_103533856_103534771",1314.68778638578,"+"
"MBNL3","chr5_151772036_151786602",1314.64514271688,"-"
"RBM23","chr6_29888672_29943473",1314.603853674,"-"
"ZGPAT","chr1_155140245_155140490",1314.59659943173,"-"
"THUMPD2","chr12_124912506_124913646",1314.44891345143,"+"
"THUMPD3","chr1_31911826_31918969",1314.41252142945,"+"
"ZFP36L1","chr2_241315982_241324215",1314.28656561528,"-"
"SFPQ","chr2_189782602_189783013",1314.1768063507,"-"
"ZC3HAV1","chr1_160748514_160749820",1314.12989503895,"-"
"PNO1","chr12_57107743_57108162",1314.08139988304,"-"
"PTBP1","chr19_18147017_18147442",1314.08078303332,"-"
"G3BP1","chr22_29288786_29292136",1314.0596300631,"-"
"SNRPE","chr22_45328145_45328309",1314.03854877878,"-"
"RBM22","chr22_42576609_42576980",1313.97694411359,"-"
"PPP1R10","chr19_17405987_17406076",1313.42115060254,"-"
"ZFR","chr2_97187226_97189217",1313.32666265688,"+"
"LSM10","chr2_148021684_148178699",1313.31692701098,"-"
"RBM23","chr1_91720230_91721954",1313.29042624938,"-"
"NOL8","chr16_50742841_50749575",1313.19387569909,"-"
"MCM3AP","chr2_206765654_206766643",1312.97486750858,"-"
"MCTS1","chr3_49975392_50048244",1312.84770333364,"-"
"NOL8","chr14_24232788_24233218",1312.79245394956,"-"
"RBM10","chr2_241268541_241315569",1312.61733774062,"-"
"QKI","chr1_16485665_16633094",1312.61066690237,"-"
"POLDIP3","chr6_107749813_107824125",1312.44422139221,"-"
"STIM1","chr3_195662733_195663623",1312.37935907215,"+"
"SAFB2","chr16_31091342_31094556",1312.37911375565,"-"
"RBM25","chr3_9829395_9833103",1312.19432996378,"-"
"SNRPC","chr19_54509085_54510525",1312.13562508813,"-"
"PARN","chr1_53228954_53235576",1311.84415283221,"-"
"RBM4","chr17_63930385_63931334",1311.84104502227,"-"
"ZC3H15","chr18_57620648_57621707",1311.82224893227,"-"
"SF3B4","chr2_97118517_97142639",1311.79190156102,"-"
"EIF3B","chr20_35699456_35699632",1311.77330942615,"-"
"TRA2B","chr13_19970071_19993062",1311.60445077299,"-"
"TIAL1","chr22_26663509_26665530",1311.57298866688,"-"
"TAF15","chr12_89497342_89525119",1311.47781428189,"-"
"FUBP1","chr1_206584684_206586825",1311.38354444317,"-"
"MBNL1","chr21_33432802_33439213",1311.24098391237,"-"
"TTC14","chr1_235829039_235830225",1311.22745285576,"-"
"RBMX","chr6_31532911_31534485",1311.19046501145,"-"
"SNRPN","chr4_87047594_87084119",1310.98850228374,"-"
"RBM25","chr5_112864732_112867403",1310.85347108478,"-"
"LSM2","chr21_29036374_29037275",1310.81021055372,"-"
"HNRNPA3","chr20_57604769_57610148",1310.67041178888,"-"
"PAN3","chr6_32127750_32128116",1310.44779630711,"-"
"PRPF3","chr20_63946640_63956259",1310.42765713347,"-"
"MBNL1","chr2_112652798_112657121",1310.11193064124,"-"
"RBM39","chr15_76292700_76311349",1310.03211442549,"-"
"CCAR1","chr2_95919920_95921606",1310.00805018849,"-"
"APTX","chr16_29808741_29810076",1309.98105659507,"-"
"U2AF1L4","chr13_46045513_46052403",1309.97455973978,"-"
"ARAP1","chr1_42457567_42459602",1309.94622395101,"-"
"CIRBP","chr20_47298947_47310055",1309.829542128,"-"
"ZGPAT","chr21_29036374_29037278",1309.70046442307,"-"
"LSM1","chr12_54282874_54283811",1309.700285828,"-"
"PCBP1","chr2_71331865_71348752",1309.69856899666,"-"
"SAFB","chr17_44322528_44322807",1309.57468886952,"-"
"SNRPG","chr16_31201841_31202416",1309.39348869381,"+"
"SNRPE","chr2_111344237_111367486",1309.21455117312,"-"
"TRNAU1AP","chr20_58669453_58670511",1309.17495234888,"-"
"PNPT1","chr2_9474647_9478221",1308.99390018005,"-"
"CNOT4","chr2_97215497_97217176",1308.94341047259,"-"
"SNRPN","chr2_189782602_189784268",1308.8495196294,"-"
"ZC3H14","chr12_124913039_124913723",1308.7817433015,"+"
"HELZ","chr22_50190648_50193026",1308.57357051485,"-"
"POLR2G","chr21_42413222_42416441",1308.54034308801,"-"
"TNKS","chr2_169799516_169800951",1308.53489890892,"-"
"MBNL1","chr20_58668127_58670511",1308.5023631497,"-"
"PRPF3","chr16_634956_635280",1308.40256805798,"-"
"HNRNPM","chr17_82449480_82450699",1308.35778012589,"-"
"RBM25","chr19_19636796_19636916",1308.30863167804,"-"
"ANKRD17","chr16_57647012_57650252",1308.18653544307,"-"
"MKRN1","chr3_114380404_114380776",1307.74973894508,"-"
"PTBP1","chr1_207767195_207770320",1307.68608697826,"-"
"TRA2A","chr6_107708011_107731973",1307.01959082457,"-"
"SF3A1","chr4_53377923_53379224",1306.97595500453,"-"
"UPF3B","chr17_7224069_7224320",1306.96193739609,"-"
"RBMX","chr2_86171312_86173649",1306.8675895672,"-"
"SNRPB2","chr17_81891833_81894466",1306.83283458927,"-"
"ASCC1","chr19_48238532_48240961",1306.71390856308,"-"
"THUMPD1","chr16_53492522_53492692",1306.62305488594,"-"
"CPSF7","chr17_8886602_8887095",1306.56977589499,"-"
"HNRNPL","chr14_89486671_89619027",1306.50354298099,"-"
"FXR1","chr3_12604289_12608765",1306.13819845064,"-"
"PCBP1","chr4_53399839_53425871",1306.06183939106,"-"
"RBM43","chr1_66930400_66940027",1305.970019763,"-"
"PUM1","chr3_105678571_105681723",1305.9071591823,"-"
"PPP1R10","chr2_222887888_222900673",1305.87420600929,"-"
"RBM22","chr3_195662733_195663623",1305.85445270798,"-"
"HNRNPH3","chr12_124913190_124913646",1305.78630585475,"-"
"ZC3H4","chr2_95910568_95915979",1305.37883058358,"+"
"PAN3","chr5_143400852_143404375",1305.23130341014,"-"
"LSM5","chr4_53377923_53379224",1305.15487784901,"-"
"STIM2","chr2_97558994_97560831",1304.92769483313,"-"
"RBM39","chr14_23557304_23558694",1304.79484608072,"-"
"FUBP1","chr2_213049880_213056910",1304.76319232713,"-"
"RBM25","chr17_37579434_37584647",1304.7383470962,"-"
"STIM2","chr16_29446922_29454015",1304.69822239931,"-"
"RBM26","chr4_185191212_185203784",1304.48500460814,"-"
"PUM1","chr2_97142668_97144517",1304.46721398977,"-"
"SAFB2","chr14_23567319_23567738",1304.32031506898,"-"
"EIF4B","chr2_224931668_224946846",1303.9471935001,"-"
"PTBP1","chr13_114282943_114286518",1303.87284532294,"-"
"ZFP36L1","chr14_22533560_22547505",1303.79371737326,"-"
"MBNL1","chr6_26538501_26539900",1303.7605163127,"-"
"TNKS2","chr1_32327458_32327535",1303.63454571504,"-"
"MBNL1","chr16_80980879_80981805",1303.55793884524,"-"
"SAFB2","chr12_57107743_57108162",1303.41908566678,"-"
"GRSF1","chr15_25411971_25438488",1303.40838226815,"-"
"SAFB","chr13_27440449_27445087",1303.25763071986,"-"
"CPSF6","chr16_30309033_30334974",1303.17205449008,"+"
"SAFB","chr1_151760899_151762104",1303.01226134014,"-"
"SNRPD1","chr5_112864732_112867403",1302.80411607395,"-"
"LSM4","chr5_112976986_112983973",1302.62068122602,"-"
"PUM1","chr5_112864732_112867403",1302.48505286817,"-"
"PTBP1","chr22_37226803_37227767",1302.44823251462,"+"
"HNRNPM","chr21_37073473_37087246",1302.29700761054,"-"
"PAN3","chr1_155521618_155562778",1302.28338101221,"-"
"HNRNPL","chr15_64075537_64088686",1302.24052634576,"-"
"MBNL1","chr18_57620648_57621707",1302.10646752015,"-"
"RBM39","chr2_161160484_161179613",1302.07926810507,"-"
"RNPC3","chr20_35280118_35284175",1302.00021083459,"-"
"PPIL4","chr1_151326373_151327270",1301.97823175995,"-"
"PABPC3","chr22_50190648_50193026",1301.9642702043,"-"
"ASCC1","chr3_196939432_196942369",1301.96387091233,"-"
"POLR2G","chr1_151907406_151909359",1301.7355083579,"-"
"TNKS","chr1_23333631_23337753",1301.62087914562,"-"
"ELAVL1","chr2_113438022_113441350",1301.61548372877,"-"
"HTATSF1","chr12_48153529_48157458",1301.60755459147,"-"
"LSM3","chr2_229859574_229860405",1301.44419173364,"-"
"SFPQ","chr16_69568548_69626402",1301.29624448556,"-"
"ZFP36L1","chr16_3067415_3068179",1301.0330167684,"+"
"MKRN2","chr3_88055999_88058018",1300.94177873907,"-"
"HNRNPD","chr20_30377721_30379584",1300.93366563547,"-"
"HTATSF1","chr19_11447597_11447692",1300.78067464569,"-"
"ANKHD1","chr5_140464776_140472238",1300.66781505578,"+"
"YTHDF2","chr2_230200965_230207990",1300.66565331994,"-"
"RC3H1","chr22_32475124_32478980",1300.59493339677,"-"
"ZC3H7B","chr2_73950732_73957124",1300.43272144291,"-"
"GRSF1","chr19_5610688_5612539",1300.35942800682,"-"
"SAFB","chr19_48249633_48249750",1300.20899335161,"-"
"PARP10","chr2_171687627_171690146",1300.12352489757,"-"
"DGKD","chr20_5586269_5593326",1299.95205585719,"-"
"RNF113A","chr2_105089069_105089410",1299.89675732785,"-"
"YTHDC1","chr19_42215252_42217631",1299.84370768891,"-"
"PUM2","chr21_8437016_8437168",1299.52740722914,"-"
"ZCCHC17","chr14_91114994_91157638",1299.45064922215,"-"
"RBM33","chr6_107720993_107744948",1299.38514428873,"-"
"PABPC1","chr5_171405403_171406396",1299.34170179688,"-"
"HNRNPA3","chr12_47206169_47209280",1299.2352535332,"+"
"LSM10","chr2_95904833_95910539",1299.17433934583,"+"
"BFAR","chr2_95904833_95910539",1299.11592164299,"+"
"MCM3AP","chr1_43975107_43976089",1298.87221604225,"-"
"RC3H1","chr1_103533854_103534771",1298.78324960849,"+"
"EIF2S1","chr20_30388578_30393550",1298.62841578375,"+"
"GRSF1","chr17_7394271_7394476",1298.54621224168,"-"
"PPP1R10","chr4_105146979_105190359",1298.45067611152,"-"
"SAMD12","chr14_24608425_24609558",1298.37514068817,"-"
"FMR1","chr19_17836954_17837128",1298.3252519028,"-"
"SUPT6H","chr14_73921105_73923394",1298.31960229102,"-"
"RBM4B","chr1_159045464_159051678",1297.81005832739,"+"
"HNRNPM","chr22_26663398_26665530",1297.48289687299,"-"
"MCM3AP","chr2_113197634_113197749",1297.35853978214,"-"
"THUMPD1","chr17_49622876_49677932",1297.241081236,"-"
"MBNL2","chr6_31639226_31640198",1297.22673490708,"-"
"PPIE","chr3_42621516_42630545",1297.10463373316,"-"
"HELZ","chr1_236543040_236543559",1297.03731887559,"-"
"ZFP36L1","chr2_73946906_73950584",1296.90840181342,"-"
"RBMX","chr2_86170841_86171207",1296.70457774294,"-"
"RALY","chr16_18896956_18925949",1296.63470208161,"-"
"LSM3","chr21_33230216_33241885",1296.60099225483,"-"
"NAA38","chr17_49636809_49677932",1296.58298342547,"-"
"RBM39","chr22_20575232_20582610",1296.56750149985,"-"
"SF3B4","chr1_161038075_161038879",1296.54435304313,"-"
"RBM41","chr2_95910568_95915979",1296.422308278,"+"
"RALY","chr17_77402703_77482143",1296.3538345649,"+"
"CCAR1","chr22_41781845_41793828",1296.06279896607,"-"
"PABPC3","chr1_155521618_155562778",1295.75408722563,"-"
"HELZ","chr2_95960667_95962351",1295.57325755175,"-"
"RBMX","chr3_49310737_49311513",1295.52353488575,"-"
"FUBP1","chr14_22532561_22547505",1295.49898292247,"-"
"SAFB2","chr20_50084254_50113106",1295.47984063278,"-"
"SNRPC","chr5_151063747_151064959",1295.41377062411,"-"
"SAFB2","chr22_20052584_20055942",1295.34046335917,"-"
"PPIL4","chr22_39313310_39314106",1295.00536746026,"+"
"LSM1","chr2_97181793_97217176",1294.73475694133,"-"
"TEP1","chr15_44716356_44717606",1294.64169605289,"-"
"TTC14","chr1_92832117_92833544",1294.45187583532,"+"
"ACIN1","chr2_23823569_23828848",1294.4260021278,"-"
"RBMS1","chr12_124913418_124913646",1294.24393680313,"-"
"RRP7A","chr1_20780540_20787194",1293.97462633618,"-"
"ZC3H7A","chr2_171061156_171082780",1293.97146711165,"-"
"ZC3H13","chr16_31091342_31094556",1293.76570534769,"-"
"G3BP1","chr21_41426263_41427205",1293.76401320091,"-"
"TNKS2","chr21_37096643_37108391",1293.74007362387,"-"
"PCBP2","chr2_112652798_112657121",1293.72213584893,"-"
"SNRPG","chr13_27424938_27427091",1293.68448529555,"-"
"PARN","chr1_71065137_71066775",1293.49537090235,"-"
"HNRNPA1P4","chr1_110896733_110899123",1293.23870225277,"+"
"TAF15","chr3_49674621_49675182",1293.2107533293,"-"
"RNPC3","chr21_39345958_39348291",1293.17349682194,"-"
"RNF113A","chr1_42457567_42459602",1293.13393274936,"-"
"SNRPN","chr18_9204544_9208656",1292.89729863341,"-"
"SNRNP70","chr12_6551503_6555256",1292.86376203857,"-"
"RBM17","chr2_97142668_97144517",1292.67485176097,"-"
"RFTN1","chr12_42332702_42335882",1292.66116072997,"-"
"NIP7","chr6_26374798_26375514",1292.58742675492,"+"
"NAA38","chr22_26663398_26665456",1292.58301502031,"+"
"PPIE","chr20_28600461_28602608",1292.55916445452,"-"
"HNRNPM","chr1_206905147_206909724",1292.43787727514,"+"
"SNRPB2","chr4_53391139_53399729",1292.1292618642,"-"
"ZC3H14","chr3_49812543_49812647",1292.10615576356,"-"
"PARP12","chr19_12677211_12677290",1291.85372216436,"-"
"PSPC1","chr17_73227264_73232085",1291.68552012255,"-"
"PSPC1","chr2_97194754_97200452",1291.65011192437,"+"
"FUBP1","chr22_19471808_19479082",1291.48081628184,"-"
"IREB2","chr17_82884936_82889667",1291.4746748623,"-"
"SRRT","chr22_45328063_45330602",1291.39953770847,"-"
"TIAL1","chr12_56158711_56159974",1291.39638495323,"+"
"TRA2A","chr3_101574279_101579789",1291.34203208261,"-"
"KHDRBS1","chr22_20053551_20055942",1291.26873322778,"-"
"RBM26","chr14_65093815_65102303",1291.23169249692,"-"
"ZC3H13","chr20_35632923_35658929",1291.14983651528,"-"
"MBNL1","chr14_22550664_22551604",1291.06526739517,"-"
"TIPARP","chr6_311962_345853",1290.95203035681,"+"
"SNRPC","chr1_155916709_155917498",1290.83025196989,"+"
"CPSF7","chr1_23109127_23168765",1290.74045498631,"-"
"ZFR","chr1_7850922_7853306",1290.52017383307,"-"
"ZCRB1","chr1_66926242_66940027",1290.32946452363,"-"
"LSM10","chr22_32475124_32478980",1290.26922615588,"-"
"RBM22","chr17_16382260_16382488",1290.25226031211,"+"
"PARP10","chr19_10089378_10089656",1290.16527828853,"-"
"HNRNPH2","chr5_140464776_140482579",1290.03196976651,"-"
"EIF4B","chr6_29725202_29829589",1289.88947076049,"-"
"LARP1","chr16_31202203_31202416",1289.8333567336,"-"
"PABPC3","chr20_64076646_64079293",1289.79284948532,"-"
"HNRNPAB","chr3_152300367_152301918",1289.58204434966,"-"
"RBM25","chr2_201234112_201266460",1289.5622303225,"-"
"RBM17","chr22_19471808_19479082",1289.49891927475,"-"
"ACO1","chr17_35480195_35522278",1289.39184589432,"-"
"RFTN1","chr16_50742841_50749575",1289.35855070124,"-"
"CPSF6","chr3_195662733_195664085",1289.26190235459,"-"
"RBM25","chr3_50100051_50100531",1289.25849382245,"-"
"CPSF7","chr2_197069965_197078702",1289.21116555235,"+"
"HNRNPL","chr6_31532911_31534485",1289.20416735352,"-"
"TRA2B","chr2_152677475_152679351",1289.18899636396,"-"
"HNRNPK","chr1_236542787_236543559",1288.94953907608,"-"
"MCM3AP","chr3_42621516_42627199",1288.91639035703,"-"
"FUBP1","chr5_43555999_43556581",1288.88889954748,"-"
"SNRPF","chr12_31305123_31326023",1288.81012164307,"-"
"PARP14","chr4_105146979_105233896",1288.77918377689,"-"
"LSM10","chr2_197069965_197078702",1288.66968957678,"-"
"RBMX","chr2_232567214_232568944",1288.61650340193,"-"
"LSM3","chr17_5515517_5517745",1288.60565104721,"-"
"PARP14","chr19_49981013_49988371",1288.29434324065,"-"
"HNRNPA1P4","chr2_97189290_97190977",1288.13442857468,"-"
"ZGPAT","chr16_208664_220648",1288.05957091826,"-"
"RBM33","chr21_43095743_43101365",1288.0313909329,"-"
"FUBP1","chr20_24964022_24969525",1287.79238268244,"-"
"RBM25","chr3_25729318_25732318",1287.69343347317,"-"
"SAFB2","chr2_231711419_231712442",1287.32895910491,"+"
"DDHD2","chr14_73148094_73170796",1287.27601638071,"-"
"SNRPC","chr1_161548678_161549010",1287.23986386935,"-"
"HNRNPC","chr2_27772692_27774423",1287.23003274422,"-"
"HNRNPH2","chr2_237994809_238016565",1287.19376016388,"-"
"YTHDC1","chr2_213049880_213056832",1287.16623456139,"-"
"YTHDF2","chr13_37047936_37051487",1287.11796772513,"-"
"RALY","chr4_4268615_4273582",1286.55256512693,"-"
"POLR2G","chr6_116571655_116574057",1286.50677627596,"-"
"YTHDC1","chr17_41913900_41918879",1286.48442936054,"-"
"TIAL1","chr5_138018514_138018954",1286.44974199549,"-"
"RBMX","chr17_18251813_18251998",1286.29328659232,"-"
"LARP1","chr5_178618778_178619837",1286.24133440492,"-"
"HNRNPM","chr14_91114283_91157638",1286.22057145469,"-"
"RBM4B","chr6_29725202_29829589",1286.06610632383,"+"
"SNRPA","chr2_127050912_127059010",1285.89594899612,"-"
"PUF60","chr4_189952287_189957397",1285.58819604635,"+"
"RBM22","chr21_43095743_43100452",1285.41592474502,"-"
"HNRNPD","chr5_180793097_180803601",1285.40035204027,"-"
"HNRNPF","chr1_45661225_45686411",1285.36935103022,"-"
"LSM5","chr5_138157267_138160068",1285.3662674295,"-"
"CPSF6","chr5_143400852_143403210",1285.35748011792,"-"
"STIM1","chr1_161548675_161549010",1285.18496896506,"+"
"PHC1","chr15_28919487_28921639",1285.00407934295,"+"
"TRA2B","chr2_85696056_85698563",1284.99633868913,"+"
"PUM2","chr6_31639226_31640198",1284.98074705409,"-"
"TTC14","chr1_155916737_155917498",1284.9177247839,"+"
"TRA2A","chr22_41784420_41793828",1284.86884469191,"-"
"SF3A1","chr22_45328145_45328309",1284.8397663339,"-"
"KHDRBS1","chr5_55102752_55107793",1284.55395578639,"+"
"HNRNPH2","chr3_48694240_48694458",1284.36307412515,"-"
"SNRPD1","chr6_32191908_32192471",1284.27727136376,"-"
"THUMPD1","chr14_63853080_63909097",1284.23222272436,"-"
"ZC3H15","chr1_110952815_110963620",1284.23126569693,"-"
"YTHDF3","chr1_155140271_155140490",1284.09945195705,"+"
"ZRSR2","chr1_228109021_228109148",1284.0557841394,"-"
"PABPC3","chr1_11748589_11750076",1284.0365283467,"-"
"RBM12","chr3_10115819_10118905",1284.03303867286,"-"
"PUM1","chr19_41896482_41898441",1284.0213771426,"-"
"TAF15","chr2_202290457_202291020",1283.97056433149,"-"
"FUBP1","chr19_42215252_42217631",1283.86063589603,"-"
"ZC3H15","chr16_22513610_22513763",1283.84754877261,"-"
"UHMK1","chr1_236542787_236543559",1283.39102673948,"-"
"PPIL4","chr1_154988849_154990158",1283.2685482665,"-"
"STIM2","chr22_46343368_46346421",1283.01187226008,"-"
"ANKRD17","chr6_30577913_30578075",1282.8264921732,"-"
"SNRPN","chr2_101004308_101005958",1282.76423547916,"+"
"SEC23IP","chr6_106293106_106308363",1282.74771005341,"-"
"EPHA4","chr6_29889604_29890263",1282.58201381185,"-"
"NCBP2","chr17_81682149_81683012",1282.4704882243,"-"
"MATR3","chr14_73922206_73923394",1282.25000924345,"-"
"SNRPG","chr1_112705168_112707077",1282.22594736535,"-"
"U2AF1","chr1_110950123_110963620",1282.16143866388,"-"
"APTX","chr14_90397233_90400064",1282.13384946922,"-"
"RBM38","chr1_45661225_45686411",1281.86499363799,"-"
"DGKQ","chr14_22509406_22547505",1281.53312325636,"-"
"EIF2S1","chr21_39345958_39348291",1281.32769267159,"+"
"HNRNPK","chr16_30076100_30076314",1281.20185858349,"-"
"FUBP3","chr2_241150547_241157806",1281.16236387128,"-"
"SUPT6H","chr2_97124597_97127066",1280.85575118362,"-"
"PHC1","chr14_23966417_23967210",1280.60705521358,"-"
"ACIN1","chr14_91170201_91173288",1280.41953030442,"-"
"GRSF1","chr17_6641152_6641752",1280.34634555142,"-"
"UPF3B","chr16_30309033_30334974",1280.22506971143,"-"
"RNPC3","chr2_38698436_38729555",1280.04730213544,"-"
"RBM4B","chr6_29889500_29928224",1280.02710824152,"-"
"HNRNPH2","chr15_44672239_44672387",1280.00526595193,"-"
"ZC3H18","chr17_78171054_78171738",1279.91121319851,"+"
"LARP4B","chr3_16260829_16264768",1279.77700742302,"-"
"RBM4B","chr2_23823569_23828848",1279.55867496792,"-"
"HNRNPA3","chr14_22509406_22547505",1279.38888020962,"+"
"LSM4","chr5_134738792_134750758",1279.19196470487,"-"
"PPP1R10","chr1_154169383_154170399",1279.18725165625,"+"
"SUPT6H","chr6_30489995_30490239",1279.01064865559,"-"
"LARP7","chr19_19654144_19654542",1278.77068654827,"-"
"ZC3H18","chr12_47209458_47216164",1278.73035699934,"+"
"RBM17","chr4_53399839_53414614",1278.59469807696,"-"
"PUF60","chr1_84570139_84570581",1278.46941509682,"-"
"PPIE","chr3_197621868_197622186",1278.26130807518,"-"
"TNKS2","chr13_19960026_19993062",1278.23797609081,"-"
"PARP14","chr17_35515321_35522278",1278.1918805204,"-"
"DDHD2","chr19_49489922_49490231",1278.10929447272,"-"
"SNRPC","chr1_53233652_53235576",1277.80393200296,"-"
"ZCRB1","chr5_39124278_39125997",1277.58617821274,"-"
"PRPF3","chr14_65101572_65102303",1277.52289967575,"-"
"IREB2","chr1_16391424_16393227",1277.34176825783,"-"
"RBM19","chr2_95906703_95912406",1277.30017117659,"+"
"POLR2G","chr14_22494883_22547505",1277.10940662773,"+"
"MBNL2","chr3_3153488_3154746",1277.09825601386,"-"
"RFTN1","chr1_228109021_228109148",1277.00943039445,"-"
"LSM1","chr16_70516040_70517625",1276.90304861096,"-"
"LARP7","chr19_11447618_11447692",1276.74915210302,"-"
"CARHSP1","chr15_76292700_76311349",1276.69046971301,"-"
"SAFB2","chr1_53233652_53235576",1276.56741709466,"-"
"ZC3H13","chr12_76450979_76487509",1276.5347111766,"-"
"SNRPG","chr2_37149023_37156907",1276.43097503035,"-"
"RNPC3","chr5_140487060_140496519",1276.31946696121,"-"
"PPIE","chr12_15882819_15889927",1276.2961110537,"-"
"PUF60","chr14_24232847_24233218",1276.07575271338,"-"
"RBM26","chr3_52246812_52246973",1275.98757336486,"-"
"RBM39","chr17_35670898_35671753",1275.70309296461,"-"
"ZC3H8","chr14_91114994_91157638",1275.69530602049,"-"
"KRR1","chr12_9688086_9694759",1275.61438997426,"+"
"MATR3","chr1_77967101_77967626",1275.43439507459,"-"
"UHMK1","chr5_96727530_96729611",1275.12102981216,"+"
"YTHDF2","chr1_16632371_16633094",1274.93483630008,"-"
"CPSF6","chr14_90397154_90400064",1274.88396600255,"+"
"HNRNPA3","chr2_108449289_108449632",1274.7809612677,"-"
"FUBP1","chr5_93964523_94050730",1274.68045810947,"-"
"NIP7","chr2_95938901_95938986",1274.48134164045,"-"
"HNRNPC","chr16_208188_220648",1274.24055458492,"-"
"SPEN","chr1_26368585_26370632",1274.23311794749,"-"
"DHX8","chr2_207561160_207567462",1274.15782349307,"-"
"MBNL1","chr2_213057099_213147707",1273.99002933733,"-"
"PNPT1","chr2_238194331_238194804",1273.81571557618,"-"
"PARN","chr1_11748589_11750076",1273.6865679165,"-"
"UHMK1","chr6_111416472_111472012",1273.66047812876,"-"
"RBM34","chr12_124912883_124913339",1273.65757628892,"-"
"SFPQ","chr19_48325610_48327520",1273.43553578479,"+"
"STIM1","chr16_50742124_50742761",1273.3736531367,"-"
"LSM1","chr2_99173502_99173914",1273.35736098523,"-"
"LSM3","chr2_230253417_230255451",1273.18829416488,"-"
"HNRNPL","chr2_213057099_213147470",1273.10422732945,"-"
"TRA2A","chr1_44804501_44805265",1273.03846605819,"-"
"HNRNPL","chr1_110892533_110899123",1272.999196119,"+"
"HNRNPA1P4","chr14_64924126_64932137",1272.80774973195,"-"
"KRR1","chr22_42514779_42515150",1272.40950823138,"-"
"SNRPD1","chr19_18430930_18431646",1272.34185790222,"-"
"HNRNPA3","chr15_74024927_74033155",1272.27810213831,"-"
"LSM4","chr19_29942664_29985222",1272.15687900494,"+"
"RFTN1","chr12_124912506_124913646",1272.07750732346,"-"
"MBNL2","chr20_1604142_1604741",1271.99258028267,"+"
"THUMPD1","chr6_29889500_29896822",1271.96167294777,"+"
"GRSF1","chr17_47973693_47973930",1271.94083404317,"-"
"HNRNPD","chr21_33599248_33602233",1271.87521037029,"-"
"HDLBP","chr3_113014032_113019541",1271.58283606577,"-"
"ZC3H13","chr20_35699451_35699632",1271.58237697011,"-"
"SNRPN","chr1_114736855_114737962",1271.58198215963,"-"
"HNRNPA3","chr22_20568631_20582610",1271.52987325076,"-"
"TRNAU1AP","chr20_28583110_28586298",1271.32070837324,"-"
"HNRNPH2","chr14_49577853_49585949",1271.30702248052,"+"
"ZCRB1","chr2_85327273_85327483",1271.2101638708,"+"
"TMEM63A","chr1_116782601_116805604",1271.16964423533,"-"
"TIA1","chr3_48927813_48933565",1270.96056416203,"-"
"MCTS1","chr2_98663179_98663340",1270.60926172157,"-"
"SNRPN","chr15_40037355_40038281",1270.42694222416,"+"
"STIM2","chr4_153583672_153584837",1270.27620488033,"-"
"PCBP2","chr17_75229131_75231339",1270.24101643609,"-"
"PAN3","chr19_18147044_18147442",1270.1460250301,"+"
"CNOT4","chr16_2752846_2756333",1269.73965238345,"-"
"RBM42","chr2_10396920_10419733",1269.72567453798,"-"
"HNRNPD","chr22_21629407_21629542",1269.43638119327,"-"
"EIF2S1","chr22_39102042_39103691",1269.19723716782,"-"
"RC3H2","chr5_112864732_112867371",1269.18093701023,"-"
"EIF4B","chr6_116571655_116580294",1269.15059101029,"-"
"UHMK1","chr2_218235044_218238663",1269.11953333589,"+"
"LSM3","chr6_29889500_29928224",1269.0626759156,"-"
"HNRNPD","chr2_95918042_95919732",1269.03286886708,"-"
"CCAR1","chr3_69077918_69080333",1268.67780107418,"-"
"MBNL1","chr1_159045464_159051678",1268.57979420995,"-"
"FUS","chr22_20037094_20043354",1268.53088700065,"-"
"MBNL1","chr3_88055999_88058018",1268.19562218381,"-"
"RBM4","chr1_78659483_78662703",1268.17235028025,"-"
"MBNL1","chr12_6461390_6462033",1268.13825126345,"-"
"RALY","chr1_114737563_114737962",1268.11041376821,"-"
"HNRNPM","chr19_19654144_19654542",1268.10798250218,"-"
"HNRNPL","chr3_32955261_32955873",1268.0738280654,"+"
"HTATSF1","chr6_106293106_106316100",1267.92786408095,"-"
"NIP7","chr15_50424654_50439008",1267.72095255231,"-"
"LSM10","chr1_24663224_24666814",1267.68558794132,"-"
"RC3H1","chr2_86171312_86173649",1267.63848443325,"-"
"TIAL1","chr19_39329073_39333076",1267.32617188831,"+"
"LSM7","chr19_29665505_29673823",1267.13427676211,"-"
"RBM14","chr2_219251713_219253855",1267.09567176262,"+"
"RC3H2","chr5_139561815_139562243",1266.60130807303,"+"
"ZC3H7A","chr2_7725853_7730235",1266.47316715404,"+"
"RBM26","chr17_68101959_68114421",1266.46239181915,"-"
"GRSF1","chr17_49706334_49706964",1266.11786095478,"-"
"RALY","chr2_219230405_219231927",1266.0564415863,"-"
"YTHDC1","chr15_88880610_88881356",1265.61169570241,"-"
"CPSF6","chr6_125292909_125298713",1265.37511815872,"-"
"ZC3H12A","chr19_34209051_34215595",1265.29483099526,"-"
"SNRPN","chr2_95910568_95912243",1265.23111292388,"-"
"RRP7A","chr4_82857764_82863317",1264.9888404644,"-"
"ZC3H7B","chr1_16485665_16633094",1264.95154809148,"-"
"RBM42","chr12_46367340_46370775",1264.34333415812,"-"
"SYNCRIP","chr20_36935189_36941038",1264.1368582854,"-"
"RBM42","chr19_19635569_19636706",1264.0360505054,"-"
"MCM3AP","chr3_48440458_48440544",1264.02449002537,"+"
"PARP14","chr20_57616468_57620261",1263.74156501458,"-"
"THUMPD1","chr22_45328063_45328309",1263.65816142819,"-"
"RC3H1","chr17_3925438_3928662",1263.49886408356,"-"
"RBM23","chr17_21198840_21214090",1263.45674565758,"-"
"TRA2A","chr2_95910445_95914274",1263.2989275627,"-"
"PAN3","chr15_101633728_101645086",1263.12688204494,"-"
"YTHDF2","chr20_58895684_58903530",1263.07770722015,"-"
"EIF3G","chr14_23090101_23090521",1263.01484143902,"-"
"PPIL4","chr1_35178036_35187000",1262.94679083342,"-"
"TRMT2A","chr21_39345958_39348291",1262.74805828983,"-"
"LARP4B","chr2_38577532_38581912",1262.73123180738,"-"
"RC3H1","chr3_49812543_49813061",1262.55491273221,"-"
"DDHD2","chr20_50084254_50113106",1262.27633576743,"-"
"DHX8","chr1_150842468_150846262",1262.27371027137,"-"
"BFAR","chr21_33432802_33436882",1262.07411189703,"-"
"RBMX","chr4_82857764_82863317",1262.06230377186,"-"
"TNRC6A","chr2_219230350_219231927",1261.98461151727,"-"
"SETD1B","chr17_41689069_41690087",1261.93357472307,"+"
"TNKS2","chr1_6820250_6825091",1261.93112796889,"-"
"UHMK1","chr6_152180294_152189251",1261.91955286593,"-"
"SFMBT2","chr20_50084254_50113106",1261.41201276266,"+"
"LARP4","chr16_88004411_88006089",1261.25911972247,"-"
"DGKH","chr2_97560860_97580461",1261.02293891044,"-"
"RBM4B","chr1_154966080_154966161",1260.92779781615,"-"
"PPIL4","chr17_8886605_8887095",1260.92018276341,"-"
"THUMPD1","chr5_181242345_181243679",1260.91233215266,"+"
"SEC23IP","chr15_34227846_34229752",1260.75849881862,"+"
"RNF113A","chr2_95918042_95921606",1260.75235614164,"+"
"RC3H1","chr22_39077378_39080932",1260.70669375071,"+"
"PAN3","chr3_50332154_50337172",1260.61390784705,"-"
"UHMK1","chr21_34073745_34102834",1260.60066707278,"-"
"POLR2G","chr2_95935644_95938986",1260.44442753114,"-"
"HNRNPM","chr2_95958785_95960472",1260.43532151407,"-"
"ZMAT5","chr3_28316423_28316752",1260.35625254166,"-"
"LARP4B","chr2_11172045_11177736",1260.28598550763,"-"
"PARP12","chr17_7393509_7394103",1260.18625378761,"-"
"PUM2","chr12_4605086_4610154",1259.9966797128,"-"
"ZC3H7A","chr17_7017014_7017256",1259.83668097944,"-"
"RBM25","chr17_3925441_3928662",1259.50159490672,"-"
"RBM28","chr1_25562978_25563069",1259.45701107578,"-"
"RBMX","chr6_125292909_125298713",1259.41398662984,"-"
"FXR1","chr14_63853080_63909097",1259.16056283899,"+"
"LSM1","chr21_37073364_37087246",1259.12838748795,"-"
"GRSF1","chr1_103533854_103534771",1258.89870135623,"+"
"POLR2G","chr21_34073745_34102834",1258.72924236966,"-"
"LARP4","chr14_58274135_58291634",1258.60459650719,"-"
"EIF4B","chr2_97219246_97224808",1258.49710052676,"-"
"SRRT","chr21_8394013_8438220",1258.40493016624,"+"
"FUBP1","chr1_154219937_154220341",1258.01350050331,"-"
"SNRPN","chr21_33230216_33241885",1257.99232330899,"-"
"DAZAP1","chr17_44212454_44212818",1257.9844445204,"-"
"POLR2G","chr2_207560372_207561118",1257.92013432531,"-"
"MKRN1","chr1_1655484_1657374",1257.62835268871,"-"
"ZGPAT","chr1_24655129_24660718",1257.52555678552,"-"
"LSM7","chr16_57647012_57650252",1257.48341568861,"-"
"DGKD","chr6_26411581_26412704",1257.30209606464,"-"
"DNAJC17","chr14_22522102_22547505",1257.26759489838,"+"
"EPHA1","chr2_23823569_23828848",1257.24629702292,"-"
"TAF15","chr1_24662804_24666814",1257.14877386441,"-"
"ZC3H7B","chr12_55932123_55936422",1257.03382442558,"+"
"ZC3H15","chr1_160814761_160818217",1256.93192013669,"-"
"HDLBP","chr21_33260727_33262792",1256.80394634894,"-"
"ZC3H14","chr1_24503150_24514313",1256.74399923216,"-"
"RBM25","chr3_105678571_105681478",1256.68990362121,"-"
"LSM6","chr1_24502463_24514313",1256.60268147823,"-"
"RALY","chr16_89727357_89729234",1256.55246291076,"-"
"ANKRD17","chr2_97202230_97206062",1256.40010559371,"+"
"SNRPN","chr1_160816863_160818217",1256.35704767436,"-"
"TEP1","chr5_140464776_140472238",1256.23234157361,"-"
"THUMPD1","chr2_37148939_37156907",1256.00157076127,"-"
"YTHDC1","chr3_197705175_197736654",1255.69455031926,"-"
"FUBP1","chr1_11748610_11750076",1255.32160618331,"-"
"HNRNPA2B1","chr12_46367340_46370775",1255.28236699481,"-"
"POLR2G","chr1_6041872_6072754",1255.25502083113,"-"
"RBM25","chr2_181475066_181478756",1255.22724395511,"-"
"RBMX","chr1_25243633_25245149",1255.21413682654,"-"
"ZCCHC17","chr21_41426263_41427754",1255.15469181377,"+"
"ACIN1","chr14_97960417_97969272",1255.12244071696,"-"
"SNRNP70","chr2_86842377_86844921",1254.87334759329,"+"
"ZC3H13","chr2_202297906_202300233",1254.7846157415,"-"
"CCAR1","chr12_48662654_48667692",1254.7100846354,"-"
"YTHDC1","chr21_8394013_8438220",1254.51337292863,"+"
"SNRPB2","chr17_18251813_18251998",1254.35404505141,"-"
"SNRPN","chr13_32538684_32538777",1254.17695440536,"-"
"LARP1","chr12_7827682_7930479",1254.0448372182,"+"
"SF3B4","chr3_47917174_47921764",1253.91481768859,"-"
"RBM23","chr17_35657791_35671753",1253.85799467825,"-"
"SNRPD1","chr18_26035923_26038554",1253.68505398604,"-"
"RBM34","chr2_191682017_191682491",1253.58960633653,"-"
"UPF3B","chr6_31651776_31652423",1253.51467457659,"-"
"SNRNP70","chr16_3068239_3068989",1253.44855151428,"-"
"TIA1","chr3_9829395_9833103",1253.35493127595,"-"
"MKRN1","chr19_13765109_13768358",1253.3190848786,"-"
"ZC3H13","chr17_48346006_48396679",1253.15427501325,"-"
"SF3B4","chr1_146988949_146991112",1253.07843066197,"+"
"RBM25","chr2_85694470_85694915",1253.07772378007,"+"
"SNRPN","chr12_46367340_46370775",1253.01068324224,"-"
"RC3H1","chr14_22524381_22547505",1252.7962479162,"-"
"PUF60","chr1_39205131_39231181",1252.69380211248,"-"
"YTHDF2","chr1_153535375_153535948",1252.5955043459,"+"
"PABPC1","chr17_18251816_18251998",1252.57057585165,"-"
"TRA2B","chr1_30739937_30742455",1252.52770198656,"+"
"RFTN1","chr5_134139038_134142184",1252.0376674655,"-"
"FUS","chr3_50103166_50105076",1251.79578986668,"-"
"NAA38","chr1_20779911_20787194",1251.46724024733,"-"
"RBMS1","chr1_161548675_161549010",1251.43293675775,"+"
"SNRPF","chr17_7392952_7393466",1251.36231838801,"-"
"LSM4","chr13_49110406_49114654",1251.30320176765,"-"
"TRA2A","chr2_84838241_84839148",1251.26819492983,"-"
"GRSF1","chr17_68103058_68114421",1251.17153447092,"-"
"EWSR1","chr5_112864732_112867403",1251.05867961603,"-"
"ZGPAT","chr22_50186001_50193026",1251.03101146485,"-"
"PCBP2","chr17_18251813_18251998",1250.99705074485,"-"
"APTX","chr2_74528489_74529131",1250.89048847072,"-"
"ZFR","chr3_71112637_71130497",1250.70242224415,"-"
"STIM1","chr6_29725306_29725451",1250.66740680269,"+"
"RBM38","chr22_19444390_19447377",1250.61240241656,"-"
"UPF3B","chr1_46686870_46689586",1250.52149462165,"-"
"EWSR1","chr2_241150547_241153475",1250.21469106334,"-"
"SNRPE","chr2_95912435_95914107",1250.09211196991,"-"
"MBNL1","chr21_41426263_41427754",1249.87019599765,"-"
"SNRPG","chr4_82355401_82356795",1249.79438552347,"-"
"SAFB2","chr15_25411971_25438488",1249.45114360994,"-"
"TRA2A","chr14_22533560_22547505",1249.2824676712,"+"
"UNK","chr2_97187401_97192857",1249.2153054564,"+"
"PARP10","chr1_45661225_45686411",1249.14110830047,"-"
"MCTS1","chr5_171400210_171405301",1249.12750239385,"-"
"RBM23","chr2_238016633_238025341",1249.05316402619,"-"
"CHERP","chr16_29566249_29613102",1248.63304322182,"-"
"RBM18","chr6_30489995_30490313",1248.55651233483,"+"
"SLBP","chr6_111720062_111759844",1248.43342206156,"-"
"PARP14","chr1_24662804_24666814",1248.38444105585,"-"
"SNRPF","chr2_11172045_11177736",1248.26773354784,"-"
"DDHD2","chr19_19677986_19678725",1248.23871618583,"-"
"SLBP","chr2_227325427_227332418",1247.66890954877,"-"
"SAFB2","chr22_38486440_38487872",1247.35169694341,"-"
"ARAP1","chr18_3247909_3253232",1247.1761022882,"-"
"SNRNP35","chr12_124913339_124913567",1247.04045966933,"+"
"YTHDC1","chr1_228141288_228145510",1246.86054749098,"-"
"EIF2S1","chr1_31911826_31918969",1246.81654615973,"-"
"PPIL4","chr17_16126209_16137310",1246.79831026735,"-"
"PUM1","chr1_156816063_156816674",1246.7393681584,"-"
"MBNL1","chr2_97179766_97179860",1246.63067670802,"-"
"TRMT2A","chr19_36689497_36712385",1246.58737576707,"-"
"YTHDC1","chr16_634956_635280",1246.57371982953,"-"
"SNRPD1","chr17_59112345_59131280",1246.24134337036,"-"
"PUM1","chr5_96762372_96765220",1245.9566381577,"-"
"RBM23","chr3_101372126_101417592",1245.75902338097,"-"
"TMEM63A","chr17_37579434_37584647",1245.64751696591,"-"
"RBM14","chr19_18008584_18008710",1245.58786733521,"-"
"MKRN2","chr3_49812543_49812647",1245.44846476374,"-"
"HDLBP","chr17_76091235_76094413",1245.40369351064,"-"
"TRA2A","chr1_32631879_32633644",1245.13487897843,"-"
"RBM39","chr1_51756358_51760689",1245.08789387935,"+"
"EIF2S1","chr4_56656012_56656339",1245.04569099472,"+"
"ZMAT5","chr22_43151604_43161051",1244.94474197238,"+"
"SAMD8","chr5_50759732_50761820",1244.85532895756,"+"
"TMEM63A","chr3_42619708_42621428",1244.77575382145,"-"
"RFTN1","chr1_85259061_85259357",1244.75476043658,"-"
"SF3B4","chr3_50332154_50337904",1244.74807589083,"-"
"RBMX","chr2_113439117_113441350",1244.71367177138,"-"
"EIF3G","chr1_203795794_203801574",1244.65770880589,"-"
"RFTN1","chr20_58889353_58895611",1244.58005041789,"-"
"LRSAM1","chr2_85596649_85597103",1244.52659296479,"-"
"DDHD2","chr2_238188257_238189852",1244.44524947926,"-"
"HNRNPH2","chr12_66138165_66138723",1244.44491129714,"+"
"PAN3","chr19_1011612_1011740",1244.33057480367,"+"
"SSB","chr17_76091235_76094413",1244.25572782603,"-"
"LSM2","chr17_43013379_43013475",1244.1690464283,"-"
"RNPC3","chr16_4694238_4694957",1244.16700539334,"-"
"SNRPG","chr19_48249633_48249750",1244.0990747568,"-"
"PABPC1","chr5_96727530_96729611",1244.08546743006,"-"
"SEC23IP","chr2_70227822_70228343",1243.93063752315,"-"
"SNRPB2","chr22_46337944_46343261",1243.83876044635,"-"
"DKC1","chr2_70227822_70229058",1243.44642782386,"-"
"ZC3H12D","chr16_57647012_57650252",1243.43804381758,"+"
"HNRNPH2","chr22_50190648_50193026",1243.38918515925,"-"
"HNRNPH2","chr2_95960667_95962351",1243.30560997133,"-"
"MBNL1","chr15_34435471_34437397",1243.24640561403,"+"
"THUMPD1","chr16_69121170_69121435",1243.12173065507,"-"
"SNRPA","chr20_35699456_35699632",1243.03444540877,"-"
"TIAL1","chr1_151890214_151895007",1243.02718923895,"-"
"SAFB","chr13_19970071_19993062",1243.00373821726,"-"
"LSM4","chr22_43151604_43161051",1242.79382282576,"+"
"PCBP2","chr17_35021781_35026373",1242.499520509,"-"
"PARP14","chr17_16126209_16137310",1242.45730239131,"-"
"EIF2S1","chr19_29942664_29985222",1242.40041005889,"+"
"SAFB","chr14_22490553_22547505",1242.37562959521,"-"
"HNRNPH2","chr4_88277243_88278143",1242.34208115137,"-"
"PAPSS1","chr20_50084254_50113106",1242.30592937505,"+"
"EIF4B","chr20_35632025_35632310",1242.18787346077,"-"
"MBNL1","chr4_87047594_87084119",1242.10324683162,"-"
"LARP4B","chr1_31911826_31918969",1241.85710440677,"-"
"YTHDC1","chr20_36917096_36919363",1241.79870693916,"-"
"PNPT1","chr5_39124278_39125997",1241.68949255039,"-"
"PRPF3","chr20_62387674_62388308",1241.56437144246,"+"
"FMR1","chr16_30381473_30382092",1241.40673198431,"+"
"TIA1","chr17_35313706_35323147",1241.3034028537,"-"
"PNPT1","chr2_95888120_95958590",1241.22087381128,"-"
"PTBP2","chr16_53445929_53447041",1240.75946837615,"-"
"RBM39","chr21_46635763_46636438",1240.58724413234,"-"
"YTHDC2","chr13_49997131_49997666",1240.3700567442,"-"
"RBM38","chr5_146878195_146878700",1240.02984153545,"-"
"TNRC6A","chr5_179614959_179616125",1240.01701712751,"-"
"PHC1","chr1_160739356_160749820",1239.53348969076,"+"
"YTHDC2","chr12_66310608_66315241",1239.35484356216,"-"
"HNRNPD","chr17_45404334_45404444",1239.29574062205,"-"
"RC3H1","chr15_48331795_48332267",1239.20900232697,"-"
"DAZAP1","chr17_18251816_18251998",1239.1113684021,"-"
"ZC3H18","chr2_113438022_113441350",1239.01322604103,"-"
"RBM23","chr1_110894401_110899123",1238.86724211495,"+"
"POLR2G","chr1_20780540_20787194",1238.79524042652,"-"
"RFTN1","chr2_171061156_171082780",1238.64381876529,"-"
"RBM25","chr12_6944565_6945770",1238.50903286827,"-"
"SAFB","chr19_29942664_29985222",1238.49576934809,"-"
"YTHDF3","chr5_71062796_71067654",1238.49066550448,"-"
"TRA2B","chr2_134946146_134947735",1238.48806435331,"-"
"KHSRP","chr15_101966223_101972900",1238.43157699161,"-"
"MBNL1","chr5_135346057_135352945",1238.36060907851,"-"
"ANKRD17","chr19_18538436_18539370",1238.19851426302,"-"
"SNRPE","chr21_39345274_39345829",1238.17922215583,"-"
"RBM23","chr20_1571137_1604741",1238.01839919474,"-"
"RBM22","chr5_179618323_179619268",1237.82272469316,"-"
"SNRPG","chr2_227352573_227355676",1237.62349794905,"-"
"IREB2","chr17_78171054_78171738",1237.49813701086,"+"
"DDHD2","chr22_43151604_43161051",1237.46505702599,"+"
"STIM2","chr18_79214038_79253380",1237.39990446193,"-"
"SART3","chr12_57476651_57477155",1237.28863070959,"+"
"ANKHD1","chr21_8437352_8438445",1237.27138764021,"+"
"ZFR","chr2_97538363_97558798",1237.22436153282,"+"
"MBNL1","chr19_52818031_52857571",1237.1729163665,"+"
"PUM2","chr3_114693575_114801100",1237.15829078778,"-"
"LARP7","chr2_203272748_203278572",1237.07211624201,"-"
"TIAL1","chr2_97538363_97541910",1236.98093372326,"-"
"HNRNPAB","chr2_95958785_95962351",1236.87207052758,"-"
"PAPSS1","chr14_45250138_45253034",1236.83040110629,"-"
"EIF3B","chr3_170145521_170171372",1236.82346169767,"-"
"IREB2","chr20_49280964_49289044",1236.70035959268,"-"
"TNKS2","chr19_2324196_2328386",1236.60496373355,"-"
"CPSF6","chr2_70227822_70228343",1236.42083128707,"-"
"LSM3","chr16_29566249_29613102",1236.36101927996,"-"
"SNRPE","chr15_85662453_85664562",1236.05896794042,"-"
"RALY","chr5_146878195_146878590",1235.98187803965,"-"
"LSM5","chr2_38745187_38746693",1235.74049070053,"+"
"THUMPD1","chr14_35122910_35126734",1235.49878219109,"-"
"SNRPD1","chr14_73922206_73923394",1235.27489598244,"-"
"SNRPG","chr1_91720230_91721954",1235.21069968918,"-"
"RALY","chr15_34528747_34529017",1235.17188383488,"+"
"DHX8","chr5_50759732_50761820",1235.13608643541,"-"
"CPSF6","chr2_71331865_71348752",1235.10853453474,"-"
"ZFR","chr2_68787956_68807275",1235.05803645562,"-"
"RBM4","chr22_45328145_45328309",1234.65557672211,"+"
"SRRT","chr22_39102042_39103691",1234.55374930454,"-"
"PARP12","chr21_41426263_41427754",1234.38880661767,"-"
"MKRN2","chr16_22513600_22513763",1234.36481532539,"-"
"HNRNPM","chr17_78171054_78171738",1234.06317630077,"-"
"LSM4","chr19_54206724_54207397",1234.01200223834,"+"
"RALY","chr1_44804779_44805265",1233.96556337661,"-"
"SNRPE","chr2_112181876_112182790",1233.93472913684,"-"
"EIF4B","chr13_52659249_52662648",1233.91770695562,"-"
"SETD1B","chr19_16153204_16154398",1233.90547970074,"+"
"LSM7","chr2_152716126_152717229",1233.90059029852,"-"
"PAN3","chr1_1655484_1657374",1233.53999453809,"-"
"SNRPF","chr20_35699451_35699632",1233.46141493,"+"
"LARP7","chr20_47298872_47310055",1233.34495777831,"-"
"PARN","chr1_160496246_160523143",1233.23132086645,"-"
"SSB","chr1_207767823_207770320",1233.21782525448,"-"
"ZCRB1","chr2_241268541_241315569",1233.15376589286,"-"
"ZCRB1","chr14_22531138_22547505",1232.9903285557,"+"
"PUM2","chr2_152716126_152717229",1232.83233123542,"-"
"HDLBP","chr13_27424938_27427091",1232.6128251606,"-"
"CHERP","chr15_28919487_28921639",1232.48989531917,"-"
"PRPF3","chr22_20052584_20055942",1232.4579423522,"-"
"RBMS1","chr17_42348520_42388278",1232.25773561522,"-"
"LSM4","chr5_133006920_133026496",1232.24317674085,"-"
"SNRPF","chr22_26663509_26665530",1232.23366648561,"-"
"SNRPF","chr1_146988949_146989573",1232.11525921817,"+"
"SF3B4","chr2_9474647_9475986",1231.99801246211,"-"
"PPIE","chr19_42215252_42217631",1231.88076232148,"-"
"HNRNPL","chr21_8392957_8437168",1231.78051820278,"+"
"HNRNPAB","chr2_11172045_11174967",1231.73917183842,"-"
"SCML1","chr5_50668125_50744735",1231.67872542645,"-"
"MCTS1","chr12_76459895_76487509",1231.48556369811,"-"
"CARHSP1","chr13_19960026_19993062",1231.2233115125,"-"
"PAPSS1","chr5_134143640_134146200",1230.97933104763,"+"
"RFTN1","chr1_2510782_2511337",1230.70635589176,"+"
"PAPSS1","chr14_22494883_22547505",1230.58752933825,"+"
"HNRNPL","chr2_213049880_213056832",1230.36752738072,"-"
"ZC3H14","chr1_188889_195262",1230.27865729793,"+"
"GRSF1","chr15_85684873_85693276",1230.2107181078,"-"
"LSM4","chr22_20037094_20043354",1230.18141869257,"-"
"RC3H1","chr16_50674074_50675769",1230.03838766671,"-"
"TNKS2","chr4_82857764_82861630",1229.90351603544,"-"
"FXR1","chr13_46045513_46052403",1229.90113341842,"-"
"LARP7","chr2_68047319_68062957",1229.8490576564,"-"
"TMEM63A","chr2_241097427_241099395",1229.69422874417,"-"
"PUF60","chr2_160285044_160286977",1229.66141140835,"-"
"STIM2","chr17_16234070_16299887",1229.64271200506,"-"
"RBM12","chr2_97198491_97198585",1229.56468240727,"-"
"LARP4B","chr6_152143765_152145486",1229.05157457485,"-"
"HDLBP","chr6_29944221_30008286",1229.00729732918,"-"
"HNRNPM","chr1_151890214_151895007",1228.78565640745,"-"
"UHMK1","chr2_97142668_97144517",1228.49303797764,"-"
"EIF3B","chr4_26321048_26362445",1228.29053845449,"-"
"HNRNPK","chr19_8474244_8485602",1228.01321582772,"-"
"RBM33","chr19_29971227_29985222",1227.96091678382,"+"
"RBM39","chr3_38125881_38126509",1227.89533616907,"-"
"ZC3H7A","chr1_39205131_39231181",1227.64534837302,"-"
"HDLBP","chr15_44380976_44413335",1227.4281406681,"-"
"PDCD11","chr2_175118369_175130137",1227.29201372515,"-"
"SNRPB2","chr2_97560860_97580461",1227.27916156209,"-"
"YTHDF2","chr1_207767195_207770320",1227.13476085557,"-"
"MKRN1","chr12_6944565_6945770",1226.96523948148,"+"
"TMEM63A","chr1_30966278_30967166",1226.83834093146,"-"
"THUMPD1","chr6_31270085_31355316",1226.57880027379,"-"
"PAN3","chr1_20779911_20787194",1226.52859845069,"-"
"PABPC4","chr17_78132030_78132358",1226.52705436058,"-"
"PABPC1","chr2_175118369_175130137",1226.48247307712,"-"
"RALY","chr1_46560277_46561477",1226.48004377287,"-"
"PABPC3","chr5_96762372_96765223",1226.29963202241,"-"
"SUPT6H","chr2_86815718_86825952",1226.28194319593,"-"
"EIF2S1","chr6_135492291_135497582",1226.17442220227,"-"
"PNO1","chr2_86815718_86844921",1226.05649834598,"-"
"SRBD1","chr22_44185872_44186576",1225.87959360097,"+"
"POLR2G","chr16_22513600_22513763",1225.86843921467,"-"
"ARAP1","chr2_232734486_232735154",1225.85595763502,"-"
"DUS3L","chr19_48249633_48249750",1225.71613294187,"-"
"PABPC3","chr22_26663398_26665456",1225.65997770796,"-"
"PUF60","chr21_8394218_8438432",1225.61851629752,"-"
"ZC3H3","chr1_116782601_116805604",1225.60312110157,"-"
"NONO","chr2_55577356_55579678",1225.52402047668,"-"
"LARP1","chr3_183840640_183844230",1225.25664424208,"-"
"SFPQ","chr1_154169383_154170399",1225.06174140019,"+"
"SNRNP70","chr15_31345571_31372009",1224.85434660771,"-"
"MCTS1","chr17_64501143_64502009",1224.70598726506,"+"
"ZC3H4","chr12_31305123_31326023",1224.6916620402,"-"
"FMR1","chr2_65056524_65069398",1224.61093170174,"+"
"ZGPAT","chr16_20900535_20915555",1224.44616416397,"+"
"PAN3","chr14_22492907_22547505",1224.44337032328,"+"
"SNRPG","chr1_159815459_159815535",1224.31489349737,"-"
"RBM4","chr17_82246039_82248874",1224.31468581495,"-"
"PARP14","chr16_31201841_31202416",1224.30982365602,"-"
"MBNL2","chr19_1011612_1011740",1224.29962689065,"+"
"PABPC3","chr2_70228462_70229058",1224.27293468916,"-"
"ZC3H6","chr20_62387674_62388308",1224.25703087978,"+"
"TNKS2","chr21_6487412_6492130",1224.24993849109,"-"
"FMR1","chr2_55577356_55579678",1224.23234943218,"-"
"PRPF3","chr3_197621868_197623219",1224.20418244789,"-"
"YTHDF2","chr14_63853080_63909097",1224.08088666637,"-"
"PDCD11","chr2_97187401_97190977",1224.06052367965,"+"
"GRSF1","chr2_191682017_191683728",1224.02725049011,"-"
"LSM1","chr1_16485665_16633094",1223.60768798425,"-"
"MBNL2","chr18_9208797_9211583",1223.60293822714,"-"
"PPIL4","chr18_57620651_57621707",1223.4990123624,"-"
"SAFB2","chr2_219230405_219231927",1223.42603634117,"-"
"TUT1","chr3_101574279_101579841",1223.39878357327,"-"
"PPRC1","chr16_50744866_50749575",1223.34742189387,"-"
"SFPQ","chr3_196939432_196942369",1223.22541523353,"-"
"THUMPD3","chr20_63707092_63707866",1223.14189247499,"-"
"SEC23IP","chr2_48314814_48346200",1223.09350954164,"-"
"HDLBP","chr1_30739937_30757658",1222.94075147574,"+"
"SYNJ1","chr1_25562716_25563069",1222.93599670915,"-"
"TARDBP","chr20_28601756_28602608",1222.92540680809,"-"
"RBMS1","chr12_2824013_2824089",1222.8528650291,"-"
"KHDRBS1","chr12_53467293_53468776",1222.74290801952,"-"
"GRSF1","chr12_6460938_6462033",1222.53058132253,"-"
"SNRPC","chr3_42619708_42621428",1222.35188423079,"-"
"PARP14","chr5_1798947_1799791",1222.32491174451,"-"
"RBM42","chr15_44403054_44413335",1221.94993972084,"-"
"ZC3H12A","chr6_152180294_152185273",1221.82264043817,"-"
"TRMT2A","chr14_22483069_22547505",1221.75204195203,"+"
"RBM25","chr2_230200965_230207990",1221.53526562143,"-"
"HNRNPD","chr14_24607747_24632914",1221.52101973465,"+"
"RBMS1","chr20_35280118_35284175",1221.01484301642,"-"
"KHSRP","chr2_230462518_230466300",1220.96215575287,"+"
"HNRNPA1P4","chr14_97926644_97969272",1220.95720715578,"-"
"RBM25","chr1_155689243_155709772",1220.67176391873,"-"
"MCM3AP","chr6_31651776_31652423",1220.63961322845,"-"
"RBM27","chr5_50759732_50761820",1220.42002138898,"-"
"KHDRBS1","chr14_23565701_23566063",1220.33363137842,"-"
"HNRNPL","chr3_122621611_122632085",1219.98000402775,"-"
"ZCRB1","chr5_178209447_178210131",1219.90487507634,"-"
"ZFR","chr3_50100051_50100531",1219.73274472507,"-"
"RBM42","chr5_138157267_138160068",1219.71646659279,"-"
"RNPC3","chr2_135983454_135985793",1219.68892376334,"-"
"TMEM63A","chr17_42348517_42388278",1219.39906125787,"-"
"ZC3H12D","chr12_9009513_9058091",1219.28540056688,"-"
"PUM2","chr2_68047319_68062957",1218.83731836999,"-"
"CHERP","chr17_8886605_8887095",1218.46758730534,"-"
"DDHD2","chr2_230245080_230245862",1218.44918388244,"-"
"PABPC3","chr2_219251713_219253855",1218.39992938272,"-"
"SRBD1","chr12_124913440_124913668",1218.31205163104,"+"
"PUM2","chr12_54283234_54283811",1218.11967501819,"+"
"ZC3H6","chr21_6492197_6495992",1217.64700341441,"-"
"LSM5","chr16_70038985_70042350",1217.63510535264,"-"
"SRRT","chr2_101004308_101005958",1217.57523047405,"+"
"PPRC1","chr2_230462518_230466300",1217.52484590094,"-"
"RBMS1","chr12_66138165_66138723",1217.47382036481,"+"
"ZC3H4","chr1_155921527_155921860",1217.38507112754,"+"
"CNOT4","chr19_10797518_10798485",1217.37182492874,"-"
"ANKRD17","chr13_52659249_52662648",1217.32075686791,"-"
"LSM1","chr5_180793097_180803601",1217.28219370961,"-"
"HNRNPK","chr17_47973693_47973930",1217.20012441522,"-"
"TIAL1","chr1_155921527_155921860",1217.16534546508,"-"
"UHMK1","chr21_8393888_8438096",1217.06746381842,"+"
"NSUN6","chr2_86788560_86789639",1216.79901860169,"+"
"LSM7","chr15_34528747_34529017",1216.70652237434,"+"
"PARP12","chr14_24138568_24138735",1216.55354907974,"+"
"LARP1","chr1_206905147_206921817",1216.51311731862,"+"
"PTBP1","chr6_106293106_106308363",1216.49864484372,"-"
"NSUN6","chr15_85684873_85693276",1216.42796565602,"-"
"RALY","chr17_36578192_36579244",1216.41409710194,"-"
"LARP4B","chr2_169824640_169824867",1216.29510762824,"-"
"YTHDF2","chr19_49982188_49988371",1216.25703855832,"-"
"SNRPG","chr3_88055999_88057190",1216.03763996924,"-"
"RC3H2","chr2_95958785_95960472",1215.94665991514,"-"
"SPEN","chr16_4361469_4361984",1215.93541685649,"-"
"NIP7","chr2_86171312_86173649",1215.88709901778,"-"
"LARP7","chr6_118632611_118651196",1215.88009271458,"-"
"PPIL4","chr17_78124655_78124888",1215.8783122196,"-"
"LSM5","chr2_97122993_97124459",1215.86708749186,"-"
"STIM2","chr22_36149371_36160668",1215.56215080432,"-"
"UHMK1","chr20_57607300_57610148",1215.27194772366,"-"
"PAPSS1","chr3_11829864_11833002",1215.17866719238,"-"
"SRBD1","chr19_52781055_52786594",1214.95439113223,"-"
"ZC3H12D","chr14_24606746_24608264",1214.94937725074,"-"
"THUMPD2","chr2_74528489_74529131",1214.91569587184,"+"
"PCBP2","chr2_97164311_97167576",1214.91432700318,"-"
"SNRPF","chr1_24647208_24648858",1214.78400421539,"-"
"ZC3H13","chr15_66495419_66497641",1214.71606500303,"-"
"PARP10","chr20_3123406_3159765",1214.66681349894,"-"
"MKRN2","chr12_56160670_56161386",1214.53894493163,"+"
"PUF60","chr3_50350984_50351408",1214.51709458536,"-"
"EIF4B","chr14_22908380_22909482",1214.4006064208,"-"
"RBM26","chr17_73212740_73227164",1214.35057449362,"-"
"TMEM63A","chr16_4483754_4505483",1214.34997712247,"-"
"HNRNPF","chr2_27772692_27779432",1214.30540020252,"-"
"GRSF1","chr20_36917049_36919363",1214.1876544395,"-"
"EWSR1","chr14_23081836_23090521",1213.90192306845,"-"
"DHX8","chr2_38689894_38698365",1213.79317985378,"-"
"FXR1","chr16_53450285_53451702",1213.75616154994,"-"
"SFPQ","chr17_76727178_76729689",1213.70874835358,"-"
"SNRPC","chr19_13761568_13762298",1213.67649574853,"-"
"RBMS1","chr15_72752892_72755555",1213.67472308152,"-"
"SGMS1","chr2_86788560_86789639",1213.41120052551,"+"
"PABPC3","chr1_161548678_161549010",1213.4014785798,"-"
"SF3A1","chr2_113438022_113441350",1213.24542875381,"-"
"PAN3","chr1_154212624_154214456",1213.16164572791,"+"
"SFMBT2","chr2_95919920_95921606",1212.85734209328,"-"
"HNRNPAB","chr1_207767195_207770320",1212.72903882498,"-"
"KIN","chr3_16303592_16337111",1212.70296122219,"-"
"THUMPD2","chr17_4715336_4715972",1212.49983266134,"+"
"ZFR","chr3_170178938_170181701",1212.45587691797,"-"
"SNRPB2","chr21_8393174_8437388",1212.36342707566,"-"
"LSM7","chr5_171392816_171392912",1212.36265465694,"+"
"SPEN","chr1_78649905_78654242",1212.28345154326,"+"
"GRSF1","chr14_22549682_22551604",1212.228947854,"+"
"STIM2","chr5_43555999_43556818",1212.04162478623,"-"
"PNPT1","chr1_203016140_203018480",1211.66758292951,"-"
"CPSF6","chr20_49280964_49289044",1211.66226554631,"-"
"HNRNPD","chr2_207560372_207567462",1211.64179018775,"-"
"PPIL4","chr1_155260659_155262085",1211.54727628092,"-"
"PUM1","chr15_34227846_34229752",1211.54282434187,"-"
"RBM33","chr3_170136665_170171372",1211.1647154103,"-"
"RALY","chr2_232697392_232703423",1210.66561303378,"-"
"RBM19","chr12_28190641_28257201",1210.36408802674,"-"
"HNRNPM","chr6_29944397_29944499",1210.152484194,"+"
"TIA1","chr4_151099714_151100484",1209.98004372432,"-"
"RBM33","chr16_1964365_1964806",1209.89694103821,"-"
"ACIN1","chr15_90935330_90935543",1209.79554895682,"+"
"PAPSS1","chr19_41884493_41888063",1209.75321362073,"-"
"LSM5","chr3_114299703_114307897",1209.36628786355,"+"
"HNRNPD","chr14_49828807_49829053",1209.1334813292,"-"
"PPIE","chr2_11175009_11177736",1209.13186008721,"-"
"SYNJ1","chr2_97189290_97190977",1209.00961218682,"-"
"CARHSP1","chr12_124913440_124913668",1208.73944773453,"-"
"SF3B4","chr17_44212006_44212818",1208.60877243584,"-"
"RBM25","chr2_241150547_241157806",1208.5509232642,"-"
"ZCRB1","chr20_35280118_35284175",1208.29534155317,"-"
"IREB2","chr3_48922811_48924717",1208.08858244896,"-"
"SNRPD3","chr22_26663398_26665530",1208.04206630402,"-"
"LSM6","chr2_218217254_218225919",1207.9695457315,"+"
"PPIL4","chr22_39313310_39313633",1207.76123468257,"-"
"LARP1","chr14_22486296_22547505",1207.65249832961,"+"
"LSM4","chr18_3247909_3253232",1207.65022397499,"-"
"CPSF7","chr6_31651776_31652423",1207.58671306761,"-"
"LSM3","chr22_29748571_29766871",1207.53818631874,"-"
"ZC3H15","chr3_28241812_28263290",1207.52016398514,"-"
"HDLBP","chr16_53492522_53492692",1207.48237523766,"-"
"DUS3L","chr18_3247909_3253232",1207.26145936334,"-"
"LSM2","chr17_78131737_78132358",1207.25495833654,"-"
"CARHSP1","chr20_58993675_58994109",1207.24242304707,"-"
"RBM4","chr21_8393926_8438141",1207.22924246286,"-"
"SAMD8","chr1_231229209_231238856",1207.12274970436,"-"
"CIRBP","chr2_9418732_9423372",1207.01463357443,"-"
"TNKS","chr15_85684873_85693276",1206.95650058365,"-"
"TNKS2","chr1_20779911_20787194",1206.53865003544,"-"
"SNRPG","chr21_8393174_8437388",1206.46117115914,"-"
"THUMPD1","chr17_35587428_35594007",1206.43397785417,"-"
"RBM39","chr20_30388578_30393550",1206.41618978101,"-"
"ZC3H15","chr1_1655484_1657374",1206.09572942495,"-"
"MKRN1","chr1_159800613_159806595",1206.06742369327,"-"
"THUMPD1","chr2_55577356_55579678",1205.96397860185,"-"
"PUM2","chr5_139322967_139325295",1205.8730509351,"-"
"RBM34","chr1_111139711_111140037",1205.58242753388,"-"
"MSI2","chr4_673401_674211",1205.52307910245,"+"
"PRPF3","chr5_96762372_96765220",1205.30783594307,"-"
"TRMT2A","chr2_135605016_135616667",1205.27011493648,"-"
"ZC3H7B","chr16_88700940_88701261",1205.11454456802,"-"
"LSM4","chr12_47966172_47966682",1204.97003684354,"-"
"SNRPF","chr19_18431418_18431646",1204.91795413775,"-"
"CHERP","chr19_13761568_13762298",1204.91703855285,"-"
"HTATSF1","chr3_50332154_50337172",1204.88073427637,"-"
"PPP1R10","chr12_9656697_9656920",1204.79402482708,"-"
"SUPT6H","chr4_82857764_82861630",1204.70348588884,"-"
"PRPF3","chr21_8437352_8438445",1204.64581928541,"+"
"SNRPG","chr16_53131058_53155925",1204.41763019457,"-"
"EIF2S1","chr1_151907406_151909359",1204.21980501003,"-"
"SNRPE","chr22_25453434_25455711",1204.17133609149,"-"
"RBM26","chr1_155668717_155670319",1204.06643896922,"-"
"HNRNPAB","chr2_97558994_97560831",1203.92068551527,"-"
"ZC3H13","chr22_50186001_50193026",1203.82574448059,"-"
"IREB2","chr16_20900889_20915555",1203.73313377823,"-"
"RBM4B","chr2_189782602_189784268",1203.52697441056,"-"
"NONO","chr6_26459828_26463243",1203.43368774551,"-"
"SF3B4","chr19_17838390_17839476",1203.42440657119,"-"
"RNPC3","chr2_86171345_86173649",1203.40483520734,"-"
"SNRPF","chr6_31644194_31644524",1203.4006531637,"-"
"STIM2","chr17_43013379_43013475",1203.35033811003,"-"
"LSM3","chr2_241508135_241508442",1203.25422127747,"+"
"RBM12","chr14_73921105_73923394",1203.11562607545,"-"
"DDHD2","chr17_4710744_4715972",1202.96296609913,"+"
"PPIE","chr19_10180234_10180349",1202.85302639096,"-"
"RALY","chr5_140464776_140482579",1202.67930314053,"-"
"PAPSS1","chr19_29971227_29985222",1202.58752638676,"+"
"ANKRD17","chr22_40552367_40636477",1202.58271870106,"-"
"KIN","chr3_105746038_105776395",1202.5641516169,"+"
"HDLBP","chr22_31531129_31546860",1202.37480878392,"-"
"SNRPB2","chr2_227325427_227328677",1201.8907122394,"-"
"EIF2S1","chr2_95904833_95910539",1201.85642756239,"+"
"RBM34","chr2_171687627_171690146",1201.53519237733,"-"
"SETD1B","chr1_7853120_7853306",1201.47715977149,"+"
"TEP1","chr16_53450285_53451702",1201.26278672421,"-"
"PPRC1","chr2_201272776_201276826",1201.19284726294,"+"
"LSM4","chr2_37201726_37204303",1200.85472332569,"-"
"RBM33","chr16_1786955_1787676",1200.85199584885,"-"
"ZRSR2","chr14_90397154_90400064",1200.77767011025,"+"
"SLBP","chr19_8474244_8485602",1200.73275436405,"-"
"PUF60","chr2_73927052_73938909",1200.69352601034,"-"
"FXR1","chr1_46558800_46561477",1200.53108828872,"-"
"PRPF3","chr4_153583672_153584834",1200.29579733729,"-"
"SF3B4","chr2_97187226_97189217",1200.19097238271,"+"
"BFAR","chr2_232697392_232700584",1200.12479898571,"-"
"RBM22","chr21_43100519_43104314",1200.06822242984,"-"
"SART3","chr2_71331865_71348752",1199.93365286704,"-"
"HNRNPK","chr1_207785682_207793518",1199.75766745065,"-"
"CPSF7","chr15_69453721_69455169",1199.64599973169,"-"
"SYNJ1","chr1_209779374_209781344",1199.17358263093,"-"
"ZC3H13","chr20_36614437_36615224",1198.67529919013,"-"
"RBM12","chr17_37579434_37584647",1198.6634935409,"-"
"CHERP","chr2_230245071_230245862",1198.49863027987,"-"
"SF1","chr19_35745187_35745347",1198.48824760977,"-"
"LARP1","chr13_32537027_32538777",1198.44548235971,"-"
"PUM2","chr3_51970184_51973964",1198.15526785275,"-"
"LSM4","chr19_49982188_49988371",1197.9191636532,"-"
"SPEN","chr17_35492818_35522278",1197.88213086319,"-"
"RBM23","chr15_58899937_58901259",1197.54138989347,"-"
"BFAR","chr4_4268615_4269428",1197.20055610488,"-"
"PPIE","chr22_41784420_41793828",1197.16008511415,"-"
"RAVER1","chr3_48694240_48694458",1197.12797737298,"-"
"RNPC3","chr1_173864304_173864674",1196.97856684657,"-"
"LEMD3","chr19_41883289_41888063",1196.92411908303,"-"
"ZCRB1","chr17_7393836_7394103",1196.84084809693,"-"
"ZGPAT","chr22_29748571_29766948",1196.80119605048,"-"
"YTHDF3","chr1_207767195_207770320",1196.79550820547,"-"
"SFPQ","chr22_40463286_40533589",1196.71778751928,"-"
"CPSF7","chr17_7393364_7393466",1196.62288003167,"-"
"ZC3H15","chr2_70227822_70228343",1196.53437634252,"-"
"RBM4B","chr4_189952287_189957397",1196.05505920295,"+"
"RBM28","chr12_8940869_8942415",1195.98962717385,"+"
"PNPT1","chr17_49636809_49677932",1195.78523781358,"-"
"RNF113A","chr17_78121164_78122604",1195.57840051966,"+"
"RBMX2","chr12_31305123_31326023",1195.12400362218,"-"
"HNRNPD","chr2_197069965_197078702",1195.12373780237,"+"
"PARP14","chr4_88277243_88278143",1195.07319918728,"-"
"RAVER1","chr6_25963282_25966492",1195.04611040417,"-"
"ZC3H12A","chr1_206905147_206921817",1195.03929742932,"+"
"YTHDC2","chr6_152180294_152185273",1194.9426526364,"-"
"CARHSP1","chr12_8992310_9008974",1194.9016175165,"+"
"SFPQ","chr6_26538501_26539900",1194.75448117352,"-"
"RNF113A","chr5_179623164_179623594",1194.68232495492,"-"
"RBM19","chr12_57477680_57477784",1194.43576168758,"-"
"RBM12B","chr2_189782602_189784268",1194.34073954162,"-"
"PABPC1L","chr14_22486296_22547505",1194.11902840666,"-"
"THUMPD2","chr1_30739937_30757658",1194.10640731921,"+"
"YTHDC2","chr20_57616468_57620261",1194.08826918528,"-"
"RBM39","chr5_177441053_177441734",1193.52702075571,"-"
"PARP10","chr5_94053227_94111510",1193.39949790822,"-"
"MKRN2","chr17_5517887_5521523",1193.39578294971,"-"
"HNRNPA1P4","chr6_29725202_29928224",1193.3456876809,"-"
"EWSR1","chr5_96727530_96729611",1192.95020148288,"+"
"STIM2","chr22_24270983_24276699",1192.83665059253,"-"
"PTBP2","chr22_17209723_17219355",1192.17060348997,"-"
"UHMK1","chr14_22531138_22547505",1191.80568257467,"-"
"KRR1","chr16_18900044_18925949",1191.75248265624,"+"
"HNRNPL","chr20_58668127_58670511",1191.61376999875,"-"
"BFAR","chr17_36103981_36211775",1191.54902601685,"-"
"RBM12B","chr6_29889604_29944499",1191.54821254253,"-"
"UPF3B","chr5_94053227_94074645",1191.53253524978,"-"
"HNRNPM","chr19_48234543_48240961",1191.40061153592,"-"
"SAFB2","chr21_8393443_8437652",1191.39019444252,"+"
"NAA38","chr14_22532561_22547505",1191.31860589186,"+"
"UHMK1","chr2_97122993_97124459",1191.16634332915,"-"
"RBM26","chr1_110875914_110891391",1190.93597289554,"+"
"ELAVL1","chr14_22906368_22909482",1190.92533184698,"-"
"HNRNPD","chr22_38486440_38487872",1190.89220228517,"-"
"MBNL2","chr19_18557914_18562035",1190.83701261388,"-"
"DHX8","chr1_149536497_149537099",1190.72795221612,"-"
"LSM2","chr19_54449310_54451289",1190.29181523426,"+"
"TAF15","chr2_191682017_191682491",1190.27917848553,"-"
"ZC3H18","chr17_7393836_7394103",1190.20898484177,"-"
"SFPQ","chr16_22437492_22451619",1189.76521824726,"-"
"SLBP","chr2_71331875_71348752",1189.69982667314,"-"
"RNPC3","chr17_4710744_4715972",1189.65650675565,"+"
"MKRN1","chr21_8393926_8438136",1189.43032903923,"-"
"HTATSF1","chr1_188889_195262",1189.41845975864,"+"
"TMEM63A","chr2_230200965_230207990",1189.32956961857,"-"
"HNRNPL","chr1_159049599_159051678",1189.32189745636,"+"
"STIM2","chr2_97164311_97167576",1189.30088878994,"-"
"LSM10","chr2_197418588_197418895",1189.0419595111,"-"
"NIP7","chr17_37579434_37584647",1188.90327509814,"-"
"PTBP2","chr5_112864732_112867371",1188.87321121117,"-"
"RBM38","chr1_161038634_161038879",1188.75556043905,"+"
"PPP1R10","chr15_88639178_88639342",1188.70924857544,"-"
"EPHA1","chr20_63708188_63708552",1188.53467866195,"-"
"HNRNPC","chr16_22513921_22523819",1188.18287849592,"-"
"ZCCHC17","chr12_124912506_124913646",1187.95833279085,"-"
"ZC3H15","chr1_24655123_24660718",1187.804017663,"-"
"FXR1","chr20_35655344_35658929",1187.74844265687,"-"
"ZCRB1","chr3_42619708_42620015",1187.6220753956,"-"
"HNRNPA1","chr2_63842204_63856305",1187.53872386338,"-"
"HDLBP","chr15_63533918_63537024",1187.50402963576,"-"
"RC3H1","chr16_1964628_1964806",1187.42646338297,"+"
"TNKS2","chr20_36917096_36919363",1187.38757999195,"-"
"SNRPE","chr6_29725202_29829589",1187.30105227199,"-"
"ZC3H18","chr5_96727530_96729611",1187.25344367328,"-"
"LARP1","chr22_42514779_42515150",1187.10106672242,"-"
"PUF60","chr17_78124655_78124888",1187.06753013613,"-"
"LRSAM1","chr12_43760972_43768102",1187.02592102216,"-"
"PPP1R10","chr1_155921527_155921860",1186.94874401097,"-"
"PCBP1","chr5_135346057_135352945",1186.94394716983,"+"
"U2AF1L4","chr6_32517752_32553375",1186.94385802387,"-"
"UHMK1","chr14_55601880_55612018",1186.70307370918,"-"
"ANKRD17","chr5_35867463_35867644",1186.64061784994,"+"
"SFPQ","chr12_76450979_76487509",1186.59742755984,"-"
"SNRPF","chr14_97926644_97969272",1186.49959590266,"-"
"PPIE","chr16_28656523_29050671",1186.42105472186,"-"
"NAA38","chr1_150441958_150443230",1186.39658630069,"-"
"UNK","chr21_8393623_8437833",1186.39580996605,"+"
"PARP10","chr2_98663179_98675034",1186.33193342917,"-"
"LSM7","chr2_108449289_108449632",1186.0897610783,"-"
"KIN","chr1_35176471_35177318",1185.7390961237,"-"
"ZC3H15","chr22_36149371_36160668",1185.38481349335,"-"
"DDHD2","chr4_82424883_82425562",1184.94017302381,"+"
"ZC3H4","chr21_41427304_41427754",1184.40374245412,"-"
"MKRN2","chr5_133006920_133022840",1184.11275328593,"-"
"PPP1R10","chr12_57718376_57718992",1183.74181227498,"-"
"TIPARP","chr2_23827860_23828848",1183.68519392039,"-"
"SFPQ","chr6_125292909_125300537",1183.38125570569,"-"
"UHMK1","chr17_64822393_64829160",1183.20706304254,"+"
"SNRPE","chr21_33599285_33602233",1183.14013568121,"-"
"SRBD1","chr3_152445539_152446703",1183.12432652546,"+"
"SLBP","chr19_18069713_18072111",1183.04669176086,"-"
"STIM2","chr15_50424654_50439008",1182.74298808088,"-"
"LRSAM1","chr12_66314163_66315241",1182.34849331241,"-"
"RBM19","chr17_35587428_35594007",1182.3380129254,"-"
"RNPC3","chr17_45404096_45404444",1182.30603022905,"-"
"MATR3","chr3_12604289_12608765",1182.24212725608,"-"
"CCAR1","chr2_55578342_55579678",1181.90715018179,"-"
"LARP1","chr2_181475066_181478756",1181.81564325291,"-"
"THUMPD3","chr19_5611630_5612539",1181.57275534751,"-"
"HNRNPF","chr12_98537572_98546358",1181.56499499003,"-"
"ZC3H15","chr2_97198491_97204190",1181.47530182077,"+"
"ZMAT5","chr15_101972694_101972900",1181.42805000615,"-"
"PCBP2","chr13_45340184_45341041",1181.3756765217,"+"
"HNRNPA0","chr20_35699451_35699632",1181.32525658551,"+"
"CNOT4","chr14_54430404_54436368",1181.25657388072,"-"
"TEP1","chr12_55951783_55952340",1181.25484463839,"+"
"YTHDF3","chr2_95910445_95914274",1180.6954787214,"-"
"TDRKH","chr13_27441077_27445087",1180.33625582785,"+"
"LARP7","chr16_30184343_30185208",1180.32050886624,"+"
"DHX8","chr3_167720273_167725400",1180.31336403594,"-"
"RC3H2","chr5_43555999_43556818",1180.1232895044,"-"
"RBM45","chr3_16303592_16337111",1180.06601374688,"-"
"PARP14","chr3_32955261_32956707",1179.98132244699,"+"
"PRPF3","chr15_28886278_28921639",1179.96430154392,"-"
"RBM22","chr3_38125881_38126509",1179.89969779229,"-"
"ASCC1","chr19_49879504_49880278",1179.44800401597,"-"
"ZC3H12D","chr17_36211217_36211775",1179.25470170223,"+"
"HNRNPA1","chr2_55578342_55579678",1179.17412251438,"-"
"PPIE","chr12_47206588_47210639",1178.65405069134,"+"
"L3MBTL3","chr1_43975107_43976089",1178.60237797278,"-"
"LSM7","chr12_9009525_9058091",1178.28961734195,"-"
"DGKH","chr1_161548675_161549010",1178.1949344463,"-"
"SNRPE","chr1_110896733_110899123",1178.02080725464,"+"
"MSI2","chr2_97560860_97578905",1177.90533580148,"-"
"TRA2A","chr3_9829395_9833103",1177.86175960998,"-"
"EIF2S1","chr21_33230216_33241885",1177.57143435773,"-"
"PABPC3","chr6_31644194_31644524",1177.25703269932,"+"
"RC3H1","chr20_58993764_58994109",1177.10215300922,"-"
"SFMBT2","chr22_23791894_23793558",1176.90545540203,"-"
"RBM26","chr2_97118517_97142639",1176.51222770542,"-"
"DDHD2","chr19_18001573_18008710",1176.44503880861,"+"
"TIA1","chr3_49674621_49675182",1176.15346092887,"-"
"STIM2","chr19_10089378_10089656",1176.10241219171,"-"
"TIA1","chr2_197399038_197400054",1176.08206963946,"-"
"SNRPE","chr14_91145313_91157638",1176.02831478591,"-"
"SETD1B","chr2_97560860_97580461",1175.9426793438,"-"
"UPF3B","chr3_138187599_138209816",1175.80648242253,"-"
"PUF60","chr13_37022080_37024034",1175.7596983964,"-"
"TNKS","chr2_68787956_68807275",1175.73700441077,"-"
"RBM38","chr6_26406256_26445703",1175.06222397296,"-"
"SRBD1","chr3_184323241_184323404",1174.96040533913,"-"
"HNRNPA1P4","chr16_88700940_88701261",1174.92053330108,"-"
"ZC3H18","chr12_47206588_47216164",1174.90805871722,"+"
"DKC1","chr2_97198491_97204190",1174.75897674224,"-"
"ZC3H15","chr12_124913418_124913646",1174.61806435772,"-"
"NSUN6","chr17_73209768_73232085",1174.4459368968,"-"
"PUM2","chr14_24606746_24608264",1174.16721074668,"+"
"PARP10","chr21_41426263_41427754",1174.13625226361,"-"
"ZCCHC17","chr21_42413523_42416441",1173.85986322706,"-"
"HNRNPM","chr5_178618778_178619837",1173.69346281052,"-"
"RBM12","chr1_30739937_30742455",1173.65470087117,"+"
"MKRN2","chr4_53377923_53379224",1173.54355857991,"-"
"KIN","chr2_73734588_73737301",1173.39703314266,"-"
"IREB2","chr20_35699456_35699632",1173.15719617296,"-"
"SYNCRIP","chr17_48182457_48187842",1173.0323379209,"+"
"RBM12","chr16_4361803_4361984",1172.96536149199,"-"
"CARHSP1","chr14_21211563_21211809",1172.84696589708,"+"
"RBM33","chr19_11447597_11447692",1172.82181915798,"-"
"PPIL4","chr22_31528863_31531057",1172.73330499112,"-"
"LSM6","chr2_241099894_241102252",1172.45974385161,"-"
"TMEM63A","chr5_178616948_178617343",1172.35404252176,"-"
"ZC3H14","chr2_95956816_95958590",1172.24552834745,"-"
"SNRNP70","chr15_58898852_58901259",1172.2022022781,"-"
"KRR1","chr12_25052956_25062819",1172.19893857955,"-"
"LARP7","chr2_207561160_207567462",1171.93316944797,"-"
"LSM10","chr14_22509406_22547505",1171.60411496695,"+"
"HNRNPM","chr2_97181793_97217176",1171.56338405959,"-"
"EPHA1","chr1_161548675_161549010",1171.52073212101,"-"
"RBM22","chr1_16367308_16393227",1171.35700163037,"-"
"PARP10","chr3_101574279_101579789",1171.34180214731,"-"
"SF1","chr15_44380976_44413335",1171.27318304059,"-"
"SLBP","chr21_37084331_37087246",1171.24241547038,"-"
"SFPQ","chr14_21211566_21211809",1170.61308339441,"-"
"LEMD3","chr4_98482175_98507677",1170.59320615971,"-"
"CNOT4","chr19_5611630_5612539",1170.49770256888,"-"
"ZC3H12D","chr17_82449480_82450699",1170.20541045158,"+"
"RBM18","chr5_35867463_35867644",1170.03597964542,"+"
"HNRNPL","chr1_28560732_28561345",1169.8114892627,"-"
"BFAR","chr22_45328063_45328309",1169.64627947731,"+"
"HNRNPM","chr2_95956816_95958590",1169.32217858449,"-"
"DHX8","chr6_311962_345853",1169.15288605582,"-"
"SNRNP70","chr2_70216499_70216885",1169.1465066138,"-"
"RBM18","chr2_97118517_97142639",1169.1119033648,"-"
"LSM10","chr6_32127750_32128125",1169.05040158482,"-"
"MCM3AP","chr3_193618936_193626091",1168.95625770102,"-"
"EIF2S1","chr3_69077918_69080333",1168.93025096343,"-"
"TIPARP","chr6_106293106_106308363",1168.90783653003,"-"
"ZC3H7B","chr19_15369224_15370145",1168.82933155792,"-"
"ACIN1","chr21_33599248_33602233",1168.73927999897,"-"
"ZC3H12D","chr12_9655979_9656920",1168.73840802361,"-"
"RBM45","chr19_52854345_52857571",1168.37889493841,"+"
"SNRPD3","chr1_235829036_235830225",1168.35166065262,"-"
"ZC3H15","chr21_8393441_8437652",1168.16261154234,"+"
"SNRPF","chr14_23567315_23567738",1168.12973767729,"+"
"NSUN6","chr2_202297906_202300233",1168.07590869661,"-"
"TDRKH","chr22_41784420_41793828",1167.90092804596,"+"
"RBM19","chr13_27441077_27445087",1167.66119014126,"-"
"ACIN1","chr17_16382260_16382488",1167.56177497572,"+"
"U2AF1L4","chr17_35480195_35522278",1167.55399198953,"-"
"RBM39","chr2_27772692_27774423",1167.19145731273,"-"
"SNRNP70","chr1_173715654_173716002",1167.16204488677,"-"
"HDLBP","chr5_154941265_154956370",1167.11885040967,"-"
"MCM3AP","chr3_197705175_197736654",1167.07648668695,"-"
"MSI2","chr1_159802455_159806595",1166.95878780897,"-"
"CPSF7","chr17_6760601_6762154",1166.68593499203,"-"
"TMEM63A","chr1_160261358_160262448",1166.60359772441,"+"
"FXR1","chr15_88880610_88881356",1166.56421483303,"-"
"SLBP","chr19_42217045_42217631",1166.3517834221,"-"
"TAF15","chr12_124912883_124913339",1166.26125016151,"-"
"FUBP3","chr5_35876719_35877475",1166.09106860313,"-"
"ACIN1","chr2_97187401_97192857",1165.97606740993,"+"
"TNKS2","chr21_8393623_8437833",1165.67287722629,"-"
"RBM34","chr20_49124605_49135832",1165.54718112812,"-"
"PARP10","chr16_85780473_85781210",1165.50886688646,"-"
"MKRN2","chr2_25771540_25799384",1165.23827246388,"-"
"LSM5","chr17_7016685_7017256",1165.18800561411,"-"
"PPFIA1","chr1_45600457_45602254",1164.88301037637,"-"
"PHC1","chr1_75790057_75791284",1164.84640740347,"-"
"RBM28","chr19_38619317_38620336",1164.78202493668,"+"
"HNRNPL","chr22_45328145_45328309",1164.69190615653,"-"
"RC3H2","chr14_64924126_64932137",1164.67289877161,"-"
"YTHDF2","chr1_44804779_44805265",1164.35693204653,"-"
"TNKS2","chr13_45340184_45341041",1164.35028005888,"+"
"SNRPE","chr2_95912435_95917854",1164.32487993499,"+"
"TAF15","chr19_52818031_52857571",1164.2311834269,"+"
"PUF60","chr6_26411581_26413168",1164.16941577024,"-"
"YTHDF2","chr12_124913111_124913339",1163.67655447142,"+"
"U2AF1L4","chr12_124913111_124913339",1163.29088769592,"+"
"RBM23","chr2_174585611_174682773",1163.22575447513,"+"
"RBM23","chr22_40594735_40636477",1163.11663861155,"-"
"SNRNP70","chr2_97538363_97541910",1163.02504573516,"-"
"U2AF1L4","chr2_97164311_97167576",1162.90399417626,"-"
"ZCCHC17","chr22_46337944_46346421",1162.65858105906,"-"
"SF1","chr2_111367575_111494884",1162.5764462481,"-"
"PABPC3","chr12_124912427_124913339",1162.57139162344,"-"
"HNRNPA1P4","chr6_31270085_31355316",1162.48785261008,"+"
"KHDRBS1","chr20_57616468_57620261",1162.18369072477,"-"
"ZC3H12D","chr19_18560550_18562035",1162.17144655565,"-"
"TIA1","chr3_129171538_129171651",1162.10142854993,"+"
"CIRBP","chr14_65093815_65102303",1161.97994043362,"-"
"YTHDC2","chr3_28291954_28292735",1161.89300702938,"-"
"TMEM63A","chr4_53391139_53391429",1161.83800403389,"-"
"CCAR1","chr3_180985996_180988022",1161.56966564287,"-"
"TIPARP","chr6_107749813_107824125",1161.55888185941,"-"
"KHDRBS1","chr15_34407735_34437397",1161.37500184967,"-"
"DDHD2","chr19_41884493_41888063",1161.33030499343,"+"
"SAFB2","chr22_50250905_50251101",1161.27614215694,"+"
"PTBP2","chr14_23090101_23090521",1161.22193307463,"-"
"KRR1","chr12_53296551_53297849",1161.18830435473,"+"
"ZC3H15","chr3_30606977_30644746",1160.9855344537,"-"
"PCBP2","chr17_8886605_8887095",1160.69056329844,"-"
"TRNAU1AP","chr21_8393174_8437384",1160.35021035928,"-"
"SNRPA","chr4_82857764_82861630",1160.31965313245,"-"
"MATR3","chr5_57236032_57246299",1160.15904434626,"-"
"PUF60","chr19_36689497_36712385",1159.9438698906,"-"
"EPHA1","chr6_152294127_152300640",1159.93931220945,"-"
"NCBP2","chr5_96727530_96729611",1159.83445335409,"-"
"DDHD2","chr22_45328063_45328309",1159.8245489263,"+"
"RBM14","chr12_7827682_7930479",1159.78117352123,"+"
"MCM3AP","chr20_58993675_58994109",1159.74475400971,"-"
"SNRNP70","chr5_146463793_146468340",1159.7343537918,"+"
"YTHDF3","chr6_30489995_30490313",1159.61787169589,"+"
"LSM6","chr14_73355766_73409936",1159.19959665455,"-"
"PABPC3","chr13_42917624_42926335",1159.18523880981,"-"
"RC3H2","chr2_95888120_95958590",1158.72668180159,"-"
"DGKH","chr19_34226464_34227364",1158.6702903169,"-"
"RBM34","chr19_34226464_34227364",1158.58495208168,"-"
"YTHDF3","chr21_8394013_8438220",1158.4685763295,"+"
"SNRPE","chr22_26663398_26665456",1158.14399939922,"+"
"TMEM63A","chr4_173333669_173334245",1157.94342571039,"-"
"EIF4B","chr5_112864732_112867403",1157.85482380734,"-"
"PCBP2","chr21_6487412_6492130",1157.78418841221,"-"
"DAZAP1","chr1_207785682_207793518",1157.74769622649,"-"
"ZRSR2","chr1_92832117_92833544",1157.65377787413,"+"
"MCTS1","chr15_50424514_50439008",1157.50557109649,"-"
"RBM19","chr1_156815209_156816005",1157.46076508765,"+"
"LSM1","chr2_9418732_9423372",1157.43764930612,"-"
"LSM5","chr16_53445929_53447041",1156.67591440106,"-"
"SF3A1","chr14_55601880_55612018",1156.58924434118,"-"
"TMEM63A","chr6_111696456_111700103",1156.43602420998,"-"
"PPFIA1","chr12_55951783_55952340",1156.41528933209,"-"
"STIM2","chr14_24232847_24233218",1155.61070511711,"-"
"MBNL2","chr15_42448705_42466052",1155.49892407178,"-"
"TEP1","chr2_230176724_230177537",1155.36565393342,"-"
"LARP1","chr22_25448284_25453315",1155.30215527673,"-"
"SNRPD3","chr5_35871213_35875511",1155.28093473681,"+"
"STIM2","chr15_101642644_101645086",1155.15608824184,"-"
"SETD1B","chr15_88879269_88881356",1155.01724895067,"-"
"SPEN","chr21_8437016_8437168",1154.84807233589,"-"
"MCTS1","chr1_151889373_151895007",1154.55786372746,"-"
"PARP12","chr1_120815043_120816084",1154.20851869742,"+"
"LSM5","chr17_2042231_2042604",1154.14833800669,"-"
"PUM2","chr1_160748514_160749820",1154.13135713501,"-"
"SLBP","chr3_49674621_49675693",1154.08863115415,"-"
"HNRNPF","chr15_76292700_76311349",1154.04764707407,"-"
"TAF15","chr22_20568631_20575112",1153.9734637654,"-"
"RBM26","chr14_20455338_20455577",1153.96814686485,"-"
"ANKHD1","chr5_140487060_140504820",1153.85159055079,"+"
"KHDRBS1","chr1_174752354_174811831",1153.67271492794,"-"
"EPHA1","chr3_3153488_3154746",1153.09594588569,"+"
"PARP12","chr22_20036854_20043354",1153.02321607107,"-"
"ARAP1","chr1_7853120_7853306",1152.85982364096,"-"
"RBM4B","chr15_85662453_85664562",1152.78302648805,"-"
"HNRNPA0","chr6_311962_345853",1152.63888722548,"-"
"FUS","chr2_74135658_74145188",1152.61903220108,"-"
"PNO1","chr14_22522102_22547505",1152.5059123723,"-"
"TAF15","chr17_76727213_76732977",1152.46422512369,"-"
"SNRNP70","chr15_50726126_50726320",1152.09058193353,"-"
"NAA38","chr17_3925438_3928662",1151.77065919702,"-"
"PUM1","chr17_5422829_5432541",1151.76266126454,"-"
"RBM23","chr17_5517887_5521523",1151.66220354349,"-"
"HNRNPC","chr17_82244831_82248874",1151.45295870744,"-"
"SNRPB2","chr2_191010004_191014017",1151.41937138607,"+"
"RBM42","chr16_3065655_3065783",1151.28964079289,"+"
"RCAN2","chr19_49476566_49480297",1151.21871824592,"-"
"ACIN1","chr22_50250905_50250973",1151.20073581849,"+"
"PUF60","chr20_58669453_58670511",1151.20022874135,"-"
"SF3B4","chr1_45661225_45686411",1151.02457730737,"-"
"YTHDF3","chr20_62303049_62303567",1150.9863414619,"-"
"NAA38","chr6_29725202_29829589",1150.85702323117,"+"
"KRR1","chr16_87984259_88006089",1150.73563139792,"-"
"TAF15","chr17_35323268_35324653",1150.69313993593,"-"
"PARP12","chr2_38577532_38581912",1150.68878546581,"-"
"EIF4B","chr17_18251813_18251998",1150.67960606339,"-"
"NAA38","chr3_49310737_49324701",1150.5039379564,"-"
"RBM7","chr17_78131737_78132358",1150.44710161726,"-"
"RC3H1","chr1_158973771_158976700",1150.11580373297,"-"
"POLDIP3","chr6_29725202_29928224",1150.06974852159,"-"
"THUMPD2","chr19_29665505_29673823",1149.95626877291,"-"
"MKRN2","chr1_45552563_45561788",1149.86462640289,"-"
"LSM1","chr2_73734588_73737301",1149.43070661731,"+"
"IREB2","chr3_50100051_50100531",1149.20133696767,"-"
"DGKD","chr19_18147044_18147442",1148.63583429257,"-"
"RC3H2","chr3_197621868_197623219",1148.51754754612,"-"
"SF3B4","chr6_31269385_31269492",1148.46328647695,"+"
"HNRNPK","chr14_23563282_23563379",1148.39192143948,"-"
"LSM7","chr19_48234543_48240961",1148.35990698914,"-"
"RBM4","chr2_97194917_97196592",1148.21769427124,"-"
"FUS","chr6_31644194_31644524",1148.08547608809,"+"
"CPSF7","chr19_18008584_18008710",1148.06815006149,"-"
"LARP1","chr4_87047594_87084119",1148.03193703552,"-"
"KHDRBS1","chr2_24321880_24328051",1148.01712662422,"-"
"RNF113A","chr2_97538363_97541910",1147.64757620732,"-"
"PNPT1","chr3_9689082_9701789",1147.52325014528,"-"
"SUPT6H","chr3_50103166_50105076",1147.47814739771,"-"
"SUPT6H","chr19_19636787_19636916",1147.27984158115,"-"
"CSTF2T","chr16_1786955_1787676",1147.26903323688,"-"
"FMR1","chr14_35116737_35121901",1147.21861455205,"-"
"BFAR","chr2_85591864_85592947",1147.14829862365,"-"
"HNRNPA0","chr1_11746223_11747439",1146.91154234969,"-"
"CARHSP1","chr21_6493110_6495992",1146.72090639376,"-"
"TRNAU1AP","chr17_28883231_28888944",1146.64816049461,"-"
"SNRPA","chr6_158708391_158713799",1146.44016019585,"-"
"RBM23","chr6_31620858_31622689",1146.40721112816,"-"
"ZRSR2","chr2_95916171_95917854",1146.20856111889,"+"
"RBM28","chr14_24138568_24138735",1146.10474912093,"+"
"ASCC1","chr1_30739937_30757658",1145.77811941224,"+"
"SPEN","chr2_207561160_207567462",1145.75569344731,"-"
"PABPC3","chr22_26666937_26668157",1145.72306744059,"-"
"RBM42","chr15_64075537_64088686",1145.62134962367,"-"
"QKI","chr12_124913190_124913646",1145.5494166318,"-"
"KRR1","chr2_98663179_98663340",1145.47643921621,"-"
"PPIL4","chr1_30966278_30967166",1145.28573219216,"-"
"PUM1","chr20_58898985_58903530",1145.24238459454,"-"
"CARHSP1","chr1_23967723_23971572",1145.13622904156,"-"
"PDCD11","chr17_7336787_7341947",1144.92872853218,"+"
"HDLBP","chr22_20575232_20582610",1144.90773998118,"-"
"PCBP2","chr17_10705615_10706437",1144.90212144516,"-"
"IREB2","chr14_22908380_22909482",1144.88883109549,"-"
"LARP4","chr17_7224069_7224320",1144.88783198315,"+"
"NSUN6","chr2_97560860_97584943",1144.79340109789,"-"
"TIA1","chr15_42448705_42466052",1144.75808465656,"-"
"SGMS1","chr1_101236991_101238821",1144.7469670521,"+"
"SPEN","chr20_64076646_64079293",1144.48550644778,"-"
"SLBP","chr13_51797908_51799533",1144.30592243241,"-"
"HNRNPA1P4","chr19_5610688_5612539",1144.26286894311,"-"
"RBM42","chr1_24502463_24514313",1144.05454003314,"-"
"NAA38","chr18_57620651_57621707",1143.75342975539,"-"
"TAF15","chr2_241150547_241157806",1143.71893664395,"-"
"ACIN1","chr2_233161826_233163753",1143.65344397659,"+"
"LRSAM1","chr14_22529688_22547505",1143.58033554948,"-"
"PUM2","chr22_50185976_50193026",1143.43675311645,"-"
"RBM14","chr2_161160484_161179613",1142.73167401781,"+"
"ACIN1","chr2_201233554_201234015",1142.44854767226,"+"
"YTHDF1","chr6_127719823_127807215",1142.31861433978,"-"
"ACIN1","chr3_184323241_184323404",1142.13967160015,"-"
"MKRN2","chr12_9688086_9694759",1141.74216082947,"-"
"HNRNPM","chr3_49975392_50048244",1141.74014678363,"-"
"PARP12","chr1_51756358_51760689",1141.64034690835,"-"
"SNRNP70","chr15_49137458_49139527",1141.53603941806,"-"
"ZC3H15","chr6_311962_345853",1141.40593435092,"-"
"CSTF2T","chr21_8394053_8438259",1141.29595203106,"-"
"SF1","chr13_114282943_114286518",1140.88721742786,"-"
"TIAL1","chr18_35290391_35305975",1140.88546460542,"-"
"MATR3","chr2_227352573_227355676",1140.8766758467,"+"
"LARP4","chr15_31327789_31372009",1140.87585194825,"+"
"SNRNP70","chr13_32537027_32538777",1140.4969478188,"-"
"LARP7","chr1_11654952_11655805",1140.3815572901,"+"
"PTBP1","chr22_32475124_32478980",1140.27808965203,"-"
"ZC3H12D","chr21_37084331_37087246",1140.10552707094,"-"
"LSM1","chr12_51056245_51056349",1140.0840942156,"-"
"ASCC1","chr22_24427746_24433130",1140.00081772239,"-"
"RBM23","chr3_88055999_88058018",1139.82071857751,"-"
"TIPARP","chr6_31270085_31355316",1139.50297445971,"-"
"ACIN1","chr20_36614387_36615224",1139.41886350153,"-"
"SNRNP70","chr15_44715701_44716327",1139.39807760092,"-"
"RBM34","chr4_673401_674211",1139.30003603797,"+"
"PUF60","chr4_82857764_82861630",1139.26654969957,"-"
"MSI2","chr15_58899883_58901259",1139.22873810793,"-"
"RC3H1","chr2_159448409_159478574",1139.20786702452,"-"
"CSTF2","chr2_97198491_97204190",1138.82693803937,"+"
"PPP1R10","chr17_4715043_4715972",1138.73782966967,"+"
"RBM18","chr2_222887888_222900673",1138.71514090411,"-"
"TIA1","chr2_202290457_202291020",1138.598333571,"-"
"PCBP2","chr21_6492197_6495992",1138.43617520927,"-"
"KRR1","chr5_178209447_178210552",1137.83976430707,"-"
"SNRPA","chr1_32631879_32633644",1137.62977962888,"-"
"LRSAM1","chr6_26374798_26375514",1137.1343579765,"-"
"ZC3H12D","chr4_56656012_56656343",1137.06676437924,"+"
"SAMD8","chr3_56773816_56882291",1136.98696894034,"-"
"GRSF1","chr4_53391139_53391429",1136.90992729415,"-"
"TRMT1","chr2_237994809_238025341",1136.85294506791,"-"
"ZC3H15","chr12_53467293_53468776",1136.54565453378,"-"
"NAA38","chr13_49997216_49997666",1136.39815303592,"+"
"RC3H1","chr2_95888120_95958590",1136.39432228349,"-"
"SNRPB2","chr2_71331875_71348752",1136.39276656307,"-"
"SYNCRIP","chr13_27424938_27427091",1136.24727169266,"-"
"ANKRD17","chr15_58899883_58901259",1136.06394558671,"-"
"TIA1","chr2_237994809_238025341",1135.96077879934,"-"
"LARP1","chr1_150839654_150846262",1135.90947933117,"-"
"HDLBP","chr15_44672239_44672387",1135.89591748235,"-"
"WDSUB1","chr1_88969467_88992584",1135.84799229277,"-"
"SNRPA","chr1_207767195_207770320",1135.78762476286,"-"
"ZC3H12D","chr2_219251713_219253855",1135.69432263396,"+"
"PTBP1","chr17_35657791_35671753",1135.34595673312,"-"
"ACIN1","chr22_38486440_38487872",1135.29037727687,"-"
"U2AF1L4","chr3_88055999_88058018",1135.21960115154,"-"
"RNF113A","chr1_6041872_6072754",1135.18561597573,"-"
"NAA38","chr2_160367391_160407463",1135.06126423968,"-"
"PPIL4","chr2_152677475_152679351",1134.92339330922,"-"
"LSM1","chr5_179618323_179620891",1134.84044294469,"-"
"RBM42","chr3_50103166_50104247",1134.75679948021,"-"
"LSM1","chr2_70227822_70229058",1134.59180296925,"-"
"ZCCHC17","chr22_41784420_41793828",1134.41654931,"-"
"MKRN2","chr2_108449289_108449632",1134.24129608739,"-"
"SFMBT2","chr19_3054037_3054119",1134.15750825899,"+"
"PUM2","chr17_37596344_37600362",1133.33200044018,"-"
"TIA1","chr1_2393355_2395783",1133.28566732452,"-"
"TIA1","chr17_78134571_78134869",1133.26978182639,"-"
"RBM4B","chr12_55943418_55951622",1133.26182269111,"+"
"BFAR","chr5_179623164_179623594",1133.15354606669,"-"
"ZC3H3","chr6_26411581_26412704",1133.10587883559,"-"
"MKRN2","chr12_7827682_7930479",1132.79295895962,"+"
"SART3","chr13_27424938_27427091",1132.57730525709,"-"
"ZCRB1","chr17_44212006_44212818",1132.51448796512,"-"
"SNRNP70","chr15_101633728_101645086",1132.46086723684,"-"
"KHDRBS1","chr14_91866625_91867261",1132.44746713079,"-"
"ANKS3","chr15_40037355_40038281",1132.06182275817,"+"
"ZC3H4","chr2_84838241_84839148",1131.65367677659,"-"
"MCTS1","chr15_31327789_31372009",1131.43656565975,"-"
"ZCCHC17","chr2_237994809_238016565",1131.42846796067,"-"
"ZC3H15","chr18_35290391_35305975",1130.82954487248,"-"
"RBM4B","chr6_152180294_152185273",1130.65065813963,"-"
"ZC3H18","chr2_169824640_169824867",1130.6240768372,"-"
"U2AF1L4","chr22_42514779_42576980",1130.6094354151,"-"
"RBM12","chr1_149531742_149537099",1130.48916754809,"-"
"SPEN","chr20_62303045_62303567",1130.27277276729,"+"
"SRBD1","chr5_171392816_171392912",1130.00375916468,"+"
"SF3B4","chr19_18557914_18562035",1129.74382018152,"-"
"RBM14","chr2_160367391_160407463",1129.52740724677,"-"
"ZC3H12A","chr2_106164799_106166055",1129.43095621914,"-"
"ELAVL1","chr15_101286293_101286907",1129.16633251855,"-"
"RBM4","chr21_8393926_8438136",1129.1530179812,"+"
"RBM4","chr6_127719823_127807215",1129.09549485107,"+"
"BFAR","chr18_13621271_13645126",1128.81350419638,"-"
"DHX8","chr3_197621868_197622186",1128.25845179949,"-"
"TIAL1","chr2_71331875_71355718",1128.21366128612,"-"
"SF3B4","chr1_204532246_204538208",1128.16970989251,"-"
"PUM2","chr2_85327273_85327483",1128.10570462994,"+"
"MKRN1","chr17_74203710_74203917",1128.09953260756,"+"
"CPEB4","chr1_204532246_204538208",1127.96162848691,"-"
"ZCCHC17","chr1_231229206_231238856",1127.87357304923,"-"
"TEP1","chr18_57620651_57621707",1127.86417898062,"-"
"ZCCHC17","chr16_634956_635280",1127.83220448938,"-"
"ASCC1","chr18_13643412_13645126",1127.77848276445,"-"
"LSM6","chr6_116571655_116574057",1127.75217528759,"-"
"RBM23","chr19_49981013_49988371",1127.71972188778,"-"
"RBM4","chr2_95891737_95927380",1127.62435221295,"-"
"FXR1","chr17_76091235_76094413",1127.45170631259,"-"
"IREB2","chr2_97209709_97211545",1127.32182107432,"-"
"SSB","chr1_108698017_108698603",1127.2325053323,"-"
"RBM26","chr5_178616948_178618555",1127.13324138877,"-"
"ZC3H15","chr19_48325610_48327520",1127.02369949241,"+"
"SLBP","chr12_48660619_48667692",1126.96897365092,"-"
"RBM39","chr16_208664_220648",1126.91902970059,"-"
"ZCRB1","chr2_97198491_97198585",1126.42419606189,"-"
"TRA2A","chr1_151889373_151895007",1125.92608709811,"-"
"LARP7","chr5_180793097_180808647",1125.88774776551,"-"
"ACIN1","chr1_30980166_30981311",1125.67642731137,"-"
"MBNL2","chr6_30577913_30578075",1125.46543354504,"-"
"EIF3B","chr2_148021684_148024965",1125.35715322465,"-"
"ZC3H12D","chr2_85696056_85696987",1125.25794257724,"-"
"KHDRBS1","chr3_3153488_3154746",1125.2214526044,"-"
"PUM2","chr1_91720227_91721954",1125.10740016987,"-"
"RBM28","chr17_64501143_64502009",1125.10439226609,"+"
"SART3","chr1_23109650_23168765",1124.91877323046,"-"
"TIA1","chr22_42514779_42515150",1124.85888764595,"-"
"PRPF3","chr4_26321048_26386352",1124.51950363195,"-"
"HDLBP","chr14_22494883_22547505",1124.48447180795,"+"
"SF3B4","chr3_122621611_122632085",1124.46409404836,"-"
"KHDRBS1","chr15_50726126_50726320",1124.40401244687,"-"
"HNRNPK","chr5_57236032_57237112",1123.48825890046,"-"
"TRMT1","chr1_228141288_228145510",1123.37057193589,"-"
"NSUN6","chr1_26362022_26363025",1123.27805306408,"-"
"RBM25","chr3_66221127_66243202",1122.81354151785,"-"
"RBM28","chr16_22533836_22533950",1122.46922171701,"+"
"SFMBT2","chr2_71331875_71355718",1122.37988713137,"+"
"RBM33","chr20_36917096_36919363",1122.36302427659,"-"
"U2AF2","chr21_8393174_8437388",1122.27268865396,"+"
"SLBP","chr2_38578002_38581912",1122.10309317947,"-"
"CIRBP","chr4_53377923_53379224",1122.0115711803,"-"
"HNRNPA2B1","chr21_37073364_37108391",1121.64201126097,"-"
"SLBP","chr1_1722634_1722707",1121.36312860031,"+"
"EWSR1","chr15_66494552_66497641",1121.17624774957,"-"
"LSM10","chr15_44380976_44413335",1121.14186025184,"-"
"RBM19","chr16_50742124_50742761",1120.75871402969,"+"
"PUM2","chr15_74024927_74033155",1120.62631959275,"-"
"RBM4B","chr21_8394013_8438220",1120.54126934477,"+"
"PRPF3","chr5_139561815_139562243",1120.5144639037,"-"
"NSUN6","chr17_82884936_82889667",1120.43431648399,"+"
"HTATSF1","chr15_34407735_34437397",1120.36451650187,"-"
"ELAVL1","chr6_31651776_31652399",1120.16712962679,"+"
"LSM10","chr21_37073364_37108391",1120.06695517501,"-"
"SGMS1","chr13_37022080_37024034",1119.63200829939,"-"
"SF3B4","chr4_82857764_82861630",1119.51567550132,"-"
"TIA1","chr4_26321048_26362445",1119.24866884111,"-"
"PPRC1","chr19_38619317_38620336",1119.14886858492,"+"
"MCM3AP","chr1_39738923_39740164",1119.0520191397,"+"
"RBMX2","chr5_140487060_140496519",1119.03012242183,"-"
"LSM7","chr20_44970605_44972077",1118.93621833044,"+"
"SNRNP70","chr12_56160670_56161386",1118.57790627739,"+"
"ACIN1","chr19_48249633_48249750",1118.49953458012,"-"
"HDLBP","chr3_48927813_48961611",1118.49365789194,"-"
"SLBP","chr19_19635721_19636706",1118.45952498289,"-"
"ZCRB1","chr6_26406256_26445703",1118.38392695799,"-"
"RBM18","chr1_209779374_209781344",1118.30468145967,"-"
"PRPF3","chr17_81682149_81683012",1117.79023966434,"+"
"ZC3H7B","chr1_173864304_173864674",1117.69845548243,"+"
"SEC23IP","chr22_40400813_40402138",1117.39700732757,"-"
"CPSF7","chr2_97164311_97164396",1117.01387122431,"-"
"RBM4B","chr12_124912506_124913646",1116.88041703395,"+"
"LSM7","chr3_105746038_105776395",1116.85390701828,"+"
"EPHA1","chr5_140464776_140482579",1116.81906919507,"-"
"YTHDC2","chr22_43151604_43161051",1116.71049553232,"-"
"TRMT2A","chr15_44715701_44716327",1116.45557489013,"-"
"SNRPD3","chr2_95958785_95962351",1116.44266149432,"-"
"PUF60","chr22_19441694_19447377",1116.40646454866,"-"
"RC3H2","chr2_189782602_189784268",1116.1213870451,"-"
"DGKQ","chr17_7393509_7394103",1115.86052957202,"+"
"DHX8","chr2_241508135_241508442",1115.79744164332,"-"
"RBM15B","chr3_48440458_48440544",1115.57577466392,"+"
"YTHDC2","chr18_35291232_35305975",1115.3248490199,"-"
"HDLBP","chr5_178618778_178619837",1115.08460329725,"-"
"GRSF1","chr16_22513921_22523819",1114.92648206826,"-"
"ZC3H12A","chr2_74135658_74145188",1114.6904330935,"-"
"ZC3H18","chr12_56724549_56725262",1114.57282316025,"-"
"CARHSP1","chr20_63946640_63956259",1114.38887588168,"-"
"MKRN2","chr19_39333126_39335434",1114.30493803513,"+"
"PCBP2","chr1_35178036_35187000",1114.27652712976,"-"
"RBM4","chr21_46636547_46636895",1113.75262663084,"-"
"RBM27","chr17_36578192_36579244",1113.4351622465,"-"
"RBM18","chr2_171061156_171081639",1113.24190614262,"-"
"ZCRB1","chr4_53399839_53414614",1113.04061592231,"-"
"SRBD1","chr19_49476566_49480297",1112.81246282132,"+"
"LSM7","chr13_52661570_52662648",1112.79223759296,"-"
"MBNL2","chr1_24503117_24514313",1112.55079582448,"-"
"TRMT1","chr3_50100051_50100531",1112.52059648587,"-"
"TIA1","chr6_152180294_152185273",1112.45418008992,"-"
"ZCCHC17","chr2_112652798_112652888",1112.39522805857,"-"
"CPEB2","chr1_7846766_7849639",1112.21943083674,"+"
"TNRC6A","chr19_1011612_1011740",1112.11028711201,"-"
"SUPT6H","chr2_232697392_232703423",1112.05300457344,"-"
"NAA38","chr1_24647208_24648858",1111.7128925362,"-"
"HNRNPA1","chr3_152445539_152446703",1111.41696893548,"-"
"LARP7","chr3_9689082_9701789",1111.3116497613,"-"
"HNRNPF","chr19_18572607_18573292",1111.14972979336,"-"
"TNRC6A","chr6_29725306_29725451",1110.97862152119,"-"
"HDLBP","chr16_53492519_53492692",1110.97254458543,"-"
"EWSR1","chr4_53391139_53399729",1110.78580713333,"-"
"TNRC6A","chr17_35670898_35671753",1110.57508252001,"-"
"CIRBP","chr2_169584490_169603641",1110.3631646545,"-"
"CCAR1","chr17_5422829_5432541",1110.30713121402,"-"
"ZC3H6","chr2_197399038_197400054",1109.98578645309,"-"
"LSM1","chr5_79641196_79642831",1109.97670385283,"-"
"TNRC6A","chr5_146463793_146469543",1109.9609056969,"-"
"CHERP","chr17_21211227_21214090",1109.87208118881,"-"
"ZC3H18","chr1_88969467_88992584",1109.56994750172,"-"
"DGKH","chr12_9009513_9058091",1109.45762338924,"+"
"ARAP1","chr5_35871213_35875511",1109.00931916402,"+"
"TIA1","chr1_204537497_204538208",1108.81092072263,"-"
"SF3B4","chr14_24606746_24607611",1108.47821455811,"+"
"NAA38","chr1_154966080_154966161",1108.1847139879,"-"
"YTHDF3","chr4_189952287_189957397",1108.03269382109,"+"
"TRMT1","chr12_53462567_53465931",1107.66455925842,"-"
"EWSR1","chr4_82857764_82863317",1107.3996204558,"-"
"KHDRBS1","chr20_58898985_58903530",1106.92661980755,"-"
"PABPC4","chr3_141404031_141438242",1106.6896671873,"-"
"KHDRBS1","chr2_218235044_218238663",1105.90302301277,"+"
"PPRC1","chr5_180793097_180803812",1105.78086172381,"+"
"MCTS1","chr2_201138964_201140356",1105.55703667524,"+"
"EIF3B","chr1_154169383_154170399",1105.0214876055,"+"
"HNRNPA1P4","chr2_74528489_74529131",1104.67401667009,"-"
"LARP7","chr2_71331865_71355718",1104.40418937559,"-"
"KRR1","chr6_29944179_30261261",1104.14968538648,"+"
"BFAR","chr14_105488027_105488165",1103.95797859535,"+"
"HNRNPC","chr12_42326229_42335882",1103.90158817346,"-"
"TRNAU1AP","chr1_154214574_154220341",1103.76763617721,"-"
"L3MBTL3","chr16_4361803_4361984",1103.75935395231,"-"
"MSI2","chr2_95888120_95958590",1103.66127578125,"+"
"SNRPD3","chr13_46045513_46052403",1103.5415323778,"-"
"RNF113A","chr14_24232847_24233218",1103.44971404971,"-"
"KHDRBS1","chr1_24647208_24648858",1103.43103244109,"-"
"TRMT1","chr5_171400210_171405301",1103.10340080719,"+"
"NONO","chr3_49975392_50048244",1103.01799259306,"-"
"RBM39","chr2_222887888_222908732",1102.98974618011,"-"
"SNRPA","chr22_40463286_40533589",1102.97949068274,"-"
"DKC1","chr15_58898852_58901259",1102.89008458707,"-"
"ZC3H12A","chr17_7224069_7224320",1102.5319177904,"-"
"MKRN2","chr16_88004411_88006089",1102.4270024719,"-"
"RBM41","chr2_95914303_95915979",1102.37781258362,"-"
"PCBP1","chr1_30980166_30981311",1102.09250920781,"-"
"SEC23IP","chr2_97198491_97204190",1101.93434854227,"+"
"SAMD8","chr4_102826636_102827943",1101.87265860698,"+"
"EIF3G","chr1_244835756_244842194",1101.72747481567,"-"
"ARAP1","chr2_74142360_74145188",1101.45890412492,"-"
"SART3","chr2_55578342_55579678",1101.34821508758,"-"
"SAMD4B","chr12_53296551_53297849",1101.11611628243,"+"
"NAA38","chr2_71331875_71355718",1101.07324879508,"-"
"PTBP1","chr2_272305_275139",1101.05604588524,"-"
"ARAP1","chr6_29888672_29934217",1101.00628026292,"-"
"HNRNPA0","chr6_107749813_107824125",1100.43825448327,"-"
"TRMT1","chr17_16126209_16137310",1100.39060580736,"-"
"CHERP","chr2_44218537_44232315",1100.29472718943,"-"
"G3BP2","chr1_108698017_108698603",1100.14726777961,"-"
"TEP1","chr5_35867463_35867644",1100.04152318172,"+"
"TRMT2A","chr1_24503150_24514313",1100.00452886764,"-"
"EWSR1","chr19_34226464_34227364",1099.94858932829,"-"
"EIF4B","chr17_35587428_35594007",1099.87097939984,"-"
"RBM28","chr1_30739937_30742455",1099.86908281443,"+"
"NONO","chr22_20568631_20582610",1099.86197993508,"-"
"WDSUB1","chr1_25243633_25245149",1099.82141540484,"-"
"CPSF7","chr1_160496246_160523143",1099.5867142958,"+"
"SLBP","chr5_43555999_43556818",1099.53302424789,"-"
"RBM26","chr2_112181876_112182790",1099.5214692842,"-"
"LSM6","chr2_233161826_233163753",1099.25694643173,"-"
"LARP1","chr2_101295181_101307840",1098.97236480506,"-"
"CPSF6","chr15_22838921_22851638",1098.95981477601,"-"
"RBM28","chr12_42332702_42335882",1098.17616896068,"-"
"HDLBP","chr16_69776241_69786995",1097.53795691794,"-"
"HTATSF1","chr1_7850922_7853306",1097.27173458025,"-"
"KHDRBS1","chr14_22550664_22551604",1097.19824267427,"-"
"KRR1","chr22_38754706_38755762",1097.18408887717,"-"
"RBM4","chr22_20052584_20053436",1096.84227303271,"-"
"SART3","chr5_57236032_57246299",1096.72938492625,"-"
"MCM3AP","chr22_31283288_31289498",1096.54060851919,"+"
"LSM6","chr20_28601756_28602608",1096.09465320518,"-"
"SNRNP70","chr2_97206135_97207810",1096.04910563009,"-"
"RBM26","chr1_84570139_84570581",1096.04764720561,"-"
"PUM1","chr2_48314814_48346200",1095.85261731501,"-"
"PABPC1","chr5_112864732_112867371",1095.67966390143,"-"
"THUMPD3","chr19_54200893_54201159",1094.81561968458,"+"
"RBM14","chr1_192575929_192576773",1094.44253404816,"+"
"LARP7","chr17_73212740_73227164",1093.93883308366,"-"
"MSI2","chr2_97118517_97142639",1093.93792013717,"-"
"PABPC1","chr1_155668777_155670319",1093.43995182829,"-"
"IREB2","chr5_177441053_177441736",1093.19719583966,"-"
"HNRNPA2B1","chr17_76089320_76094413",1093.13207871016,"-"
"SSB","chr15_42448705_42466052",1092.9474500432,"-"
"MCM3AP","chr1_1722634_1722707",1092.91009405221,"-"
"PTBP1","chr4_185191212_185203897",1092.80511441582,"-"
"LSM10","chr19_11578657_11578843",1092.79595143084,"-"
"IREB2","chr19_16153204_16154398",1092.66240178447,"-"
"TDRKH","chr3_114974416_115147218",1092.45293556794,"+"
"TRMT1","chr1_30739937_30742455",1092.42678153528,"+"
"RBM19","chr5_135346057_135350822",1091.81209452151,"-"
"RBM39","chr2_222887888_222908732",1091.5348856379,"-"
"U2AF1","chr1_92832117_92833544",1091.47219979045,"+"
"CARHSP1","chr19_35739769_35741023",1091.31305688492,"-"
"PCBP2","chr17_36578186_36579244",1091.05865868349,"-"
"ELAVL1","chr2_97164311_97167576",1090.9657442843,"-"
"DKC1","chr2_11172045_11174967",1090.64898479792,"-"
"APTX","chr21_41426263_41427754",1090.36944983869,"+"
"PCBP1","chr2_152677475_152679351",1090.30327262555,"-"
"G3BP1","chr3_146525647_146528613",1089.91300646775,"-"
"LARP7","chr12_2824013_2824089",1089.86294736573,"-"
"DHX8","chr2_197399038_197400054",1089.6651324687,"-"
"TIA1","chr17_6760601_6762154",1089.65072680101,"-"
"SPEN","chr14_22522102_22547505",1089.56113917997,"-"
"DNAJC17","chr2_95876512_95880426",1089.50289340363,"-"
"SPEN","chr16_53131058_53155925",1089.38840537946,"-"
"DKC1","chr14_22535614_22547505",1088.85921929125,"-"
"MBNL2","chr20_1571137_1604741",1087.72462707834,"-"
"EPHA1","chr12_124912506_124913646",1087.70069940224,"+"
"SSB","chr19_49981013_49988371",1087.38113932003,"-"
"DUS3L","chr16_29569328_29594886",1087.30166205404,"-"
"PTBP1","chr14_100137802_100141179",1087.17185212978,"-"
"HNRNPA1P4","chr20_47298872_47310055",1086.87258232701,"-"
"HNRNPC","chr2_85596649_85597103",1086.73244000709,"-"
"KHDRBS1","chr6_311962_335113",1086.72267889888,"-"
"TNRC6A","chr1_159800613_159806595",1086.68764560104,"-"
"HDLBP","chr15_44715699_44716327",1086.67787812096,"-"
"NSUN6","chr2_97560860_97584943",1086.48897042445,"-"
"LEMD3","chr21_46636547_46636895",1085.82998313243,"-"
"PAPSS1","chr17_5428211_5432541",1085.78319302863,"-"
"DDHD2","chr2_177212805_177215538",1085.69533797404,"+"
"TIAL1","chr3_49674621_49675182",1085.27700982845,"-"
"SF3B4","chr13_27426341_27427091",1085.2060612756,"+"
"SNRNP70","chr12_124913111_124913339",1084.88186072314,"+"
"EPHB6","chr14_24607747_24632914",1084.79849013602,"-"
"PTBP1","chr3_47917174_47921764",1084.56801234958,"-"
"MKRN1","chr19_48238532_48240961",1084.22592041984,"-"
"KRR1","chr2_97187401_97189086",1084.10420110572,"-"
"ARAP1","chr1_30739937_30757658",1083.87321645617,"+"
"ASCC1","chr16_75644462_75647577",1083.53842193291,"+"
"NONO","chr1_45685620_45686411",1083.52440554019,"-"
"LEMD3","chr20_35699451_35699632",1083.32161453023,"+"
"SAMD8","chr17_5501872_5517745",1082.76193102057,"-"
"LSM7","chr22_46337944_46343261",1082.63893172597,"-"
"HNRNPA1P4","chr1_167684001_167690048",1082.53643735877,"-"
"RBM4","chr14_22524381_22547505",1082.50754065491,"-"
"POLDIP3","chr6_152180294_152189251",1082.27229614965,"-"
"TRMT1","chr22_20551166_20551435",1082.01797401476,"-"
"RBM33","chr1_161548675_161549010",1081.98448843984,"+"
"EWSR1","chr20_58898985_58903530",1081.96459642874,"-"
"ZRSR2","chr4_98482175_98507677",1081.60615230206,"-"
"MKRN1","chr2_171061156_171082780",1081.37289454127,"-"
"ELAVL1","chr19_41884493_41888063",1081.11924438757,"-"
"EIF4B","chr5_171405403_171406396",1080.55464237864,"-"
"WDSUB1","chr1_150441958_150443230",1080.49469542722,"-"
"LSM7","chr21_8393485_8437694",1080.47339560333,"+"
"SF1","chr17_78171054_78171738",1080.23562289747,"-"
"SETD1B","chr5_140464776_140472238",1080.03867413582,"-"
"HNRNPA1","chr12_53467843_53468776",1079.83883976273,"-"
"DDHD2","chr1_151310255_151315572",1079.76422363248,"-"
"CSTF2","chr14_49577853_49585949",1079.71764127073,"+"
"YTHDF3","chr14_73355766_73409936",1079.56294366706,"-"
"CHERP","chr2_241317599_241324215",1079.38485770593,"-"
"IREB2","chr22_46343368_46346421",1079.38209065967,"-"
"LARP1","chr1_116760460_116764483",1079.19757928152,"+"
"DGKH","chr6_30577913_30578075",1078.94757649611,"-"
"RBM7","chr16_53055077_53155925",1078.45520274558,"-"
"HNRNPC","chr21_31685174_31685397",1078.25222895545,"+"
"DNAJC17","chr2_241508135_241508504",1078.22778211862,"-"
"SFMBT2","chr6_26538501_26539900",1077.44750182315,"+"
"LARP7","chr22_40178140_40246014",1077.04009185972,"-"
"RBM42","chr17_78419725_78424060",1076.45940967755,"-"
"NAA38","chr1_66926242_66940027",1076.43081281154,"-"
"CSTF2T","chr14_90397233_90400064",1076.11861179177,"-"
"EIF3G","chr1_45551155_45561788",1075.95797441859,"-"
"CPSF6","chr12_6602154_6602375",1075.78549485247,"-"
"FXR1","chr20_5586269_5593326",1075.55769094095,"-"
"WDSUB1","chr2_135605016_135616667",1075.48574851756,"+"
"RBM25","chr2_241099894_241102252",1075.33627801606,"-"
"SYNCRIP","chr14_65101572_65102303",1075.29907127788,"-"
"TRMT1","chr2_201272776_201274888",1075.26957100535,"-"
"DHX8","chr2_169584497_169603641",1075.24101269789,"-"
"TRMT1","chr20_63707092_63707866",1075.00757662391,"-"
"LSM7","chr19_11578657_11578843",1074.69374401424,"-"
"ALKBH8","chr19_41883289_41888063",1074.59284662379,"-"
"RBM15B","chr1_204532246_204538208",1074.54592436421,"-"
"PPRC1","chr21_39345958_39348291",1073.90695975889,"+"
"YTHDC2","chr1_40040801_40059333",1073.66021470243,"+"
"LSM7","chr6_29889604_29890263",1073.52845806123,"-"
"HNRNPC","chr15_50346395_50354984",1073.43853515914,"+"
"FXR1","chr2_230200965_230207990",1073.08542269252,"-"
"ASCC1","chr1_149536497_149537099",1072.64062309928,"-"
"PUF60","chr13_19709599_19730238",1072.52157106622,"-"
"LSM7","chr16_68266721_68274690",1072.51091365665,"-"
"ARAP1","chr2_85694923_85695319",1072.4683515447,"+"
"TIPARP","chr17_7393836_7394103",1072.45813011796,"-"
"SLBP","chr20_31722330_31722617",1072.37888086787,"-"
"DDHD2","chr5_154941265_154956370",1071.81646578915,"-"
"SETD1B","chr22_38486440_38487878",1071.44397516906,"-"
"DHX8","chr17_41689941_41690087",1071.06157030853,"-"
"ZC3H3","chr2_85696056_85698563",1070.90134314108,"+"
"LSM10","chr12_53464852_53465931",1070.84640347151,"-"
"LEMD3","chr1_35184593_35187000",1070.61560072451,"-"
"PNPT1","chr13_20863123_20868595",1070.3557403004,"-"
"HNRNPL","chr17_81891841_81893551",1070.04743297686,"-"
"PTBP2","chr1_25562978_25563069",1069.80195653986,"-"
"TRMT1","chr2_213049880_213056910",1069.78263260363,"-"
"SSB","chr17_42567655_42568836",1069.45310057019,"-"
"LARP7","chr2_112181876_112182790",1069.44042274618,"-"
"KHDRBS1","chr3_47917174_47921764",1069.32651816043,"-"
"SEC23IP","chr22_40400813_40402138",1069.31718367465,"-"
"SF1","chr4_82857764_82861630",1068.99073616728,"-"
"U2AF2","chr3_105746038_105776395",1068.87089421226,"-"
"MBNL2","chr19_42215252_42217631",1068.77272051469,"-"
"PNPT1","chr12_46367340_46370775",1068.71549074007,"-"
"RBM7","chr1_156815209_156816005",1068.55791032238,"+"
"SF1","chr3_121730017_121730875",1068.20605998428,"-"
"CSTF2T","chr20_45416694_45419294",1067.13157857791,"-"
"SF1","chr2_201234112_201266460",1067.12708592308,"-"
"HNRNPA2B1","chr19_805187_806407",1066.86203925061,"-"
"MBNL3","chr2_95918042_95921606",1066.82533363976,"-"
"PARN","chr20_63946640_63956259",1066.69906144604,"-"
"PTBP2","chr1_154169383_154170399",1066.51181095007,"+"
"ZC3H6","chr19_13765109_13768358",1066.42424383381,"-"
"CPSF7","chr2_95958785_95960472",1066.32507303522,"-"
"HTATSF1","chr20_36935189_36941038",1066.24004089573,"-"
"SFMBT1","chr1_26368582_26370632",1066.12149202671,"+"
"RBM25","chr4_82857764_82863317",1066.03295082301,"-"
"FUBP3","chr1_159049599_159051678",1066.00273610504,"+"
"PUF60","chr22_23791894_23793558",1065.91541213507,"-"
"TNRC6A","chr16_75644462_75647577",1065.58914261045,"-"
"ZCCHC17","chr3_48440458_48440544",1065.19360998947,"+"
"PTBP1","chr4_184638468_184649394",1064.87037370641,"-"
"HNRNPC","chr13_52661570_52662648",1064.74350800435,"-"
"SF3B4","chr3_101574279_101579841",1064.73151431125,"-"
"DKC1","chr22_25448284_25455711",1063.73052804244,"+"
"DDHD2","chr2_95891737_95927380",1063.69364710087,"-"
"APTX","chr20_63875875_63882718",1063.68490125765,"-"
"SPEN","chr20_44970605_44972077",1062.75694255026,"-"
"RBM33","chr19_12677211_12677290",1062.27309230418,"-"
"RBM38","chr2_105089069_105089919",1061.71939206754,"-"
"DAZAP1","chr4_82355401_82356536",1061.52980782897,"-"
"SGMS1","chr22_36149371_36160668",1061.28052357357,"-"
"RBM33","chr2_238188257_238189862",1061.12322809671,"-"
"SNRNP70","chr19_18431418_18431646",1060.94503028052,"-"
"ZRSR2","chr15_85655787_85664562",1060.86453707666,"-"
"LSM6","chr1_231229209_231238856",1059.02665325747,"-"
"PPIL4","chr16_69121170_69121435",1058.87750564867,"-"
"LARP4","chr1_11746223_11747439",1058.78469599798,"-"
"PDCD11","chr22_40400813_40402138",1058.73794957575,"-"
"PAPSS1","chr12_9009525_9058091",1058.14212594272,"-"
"RBM33","chr1_188889_195262",1058.11552212378,"-"
"RBM25","chr22_38752665_38755762",1058.09433192562,"-"
"SAMD10","chr1_171514630_171515733",1057.73473968369,"-"
"UNK","chr16_18896956_18925949",1056.04079790936,"-"
"DGKD","chr1_52914095_52921552",1055.8646374214,"+"
"DUS3L","chr2_201118901_201119027",1055.7576021704,"-"
"APTX","chr22_39077378_39080932",1055.17110776318,"+"
"PNO1","chr15_58898852_58901259",1054.96420876508,"-"
"RBM19","chr14_22518505_22547505",1054.93774849328,"-"
"TRMT1","chr17_82814934_82870223",1054.60166769522,"+"
"FMR1","chr3_49812543_49813061",1054.56845880131,"+"
"RBM14","chr3_50332154_50337172",1054.2002762053,"-"
"YTHDF3","chr14_22501663_22547505",1054.16508759554,"-"
"HNRNPK","chr2_73950732_73958145",1054.08742324437,"-"
"SRBD1","chr1_6026445_6040516",1054.04679023899,"-"
"RBM33","chr16_69568548_69626402",1053.87125023727,"-"
"PTBP2","chr2_85596649_85597103",1053.59163907572,"-"
"RBM14","chr17_6762037_6762154",1053.36968085563,"-"
"PDCD11","chr17_16439703_16440184",1053.22196114234,"-"
"LSM10","chr4_48885565_48894005",1053.09138010669,"-"
"TRNAU1AP","chr2_152677475_152679351",1052.97269446152,"-"
"IREB2","chr12_48679150_48679654",1052.95530542727,"-"
"SUPT6H","chr16_29808741_29810076",1052.84139906289,"-"
"PARP12","chr2_197069965_197078702",1052.41257595844,"-"
"SYNJ2","chr15_48331479_48332267",1052.0729497019,"+"
"DAZAP1","chr3_195662733_195663623",1051.96858691983,"-"
"TIPARP","chr16_29834437_29835703",1051.92402617118,"-"
"RBM39","chr3_185926734_185937824",1051.90592595828,"-"
"SART3","chr2_97187401_97192857",1051.71619459896,"+"
"TAF15","chr18_26035127_26038554",1051.62202388758,"-"
"ARAP1","chr1_173715078_173716002",1051.5821243902,"-"
"DHX8","chr2_86788560_86789639",1051.32428752756,"+"
"UNK","chr16_635340_636093",1050.22590056984,"-"
"THUMPD3","chr17_6641152_6641752",1049.81847426286,"+"
"SFMBT2","chr20_49279208_49289044",1049.80007008769,"+"
"POLDIP3","chr17_41689069_41690087",1049.47930374572,"+"
"QKI","chr1_155916709_155917498",1049.44136105859,"+"
"NONO","chr5_140464776_140482579",1049.39189093229,"-"
"TRMT2A","chr16_3065494_3065783",1048.98749799356,"+"
"CSTF2T","chr1_16642850_16643027",1048.8718329734,"-"
"LEMD3","chr2_111344237_111367486",1048.52270853482,"-"
"G3BP1","chr17_81682149_81683012",1048.31780217749,"-"
"LSM7","chr19_10796199_10798485",1048.10704392729,"-"
"RBM7","chr17_30481263_30484213",1047.17299248453,"-"
"FXR1","chr3_183840640_183844230",1046.55772164706,"-"
"G3BP1","chr16_80980879_80981805",1046.43476308017,"-"
"UNK","chr12_47206145_47216164",1046.33955052466,"+"
"SF1","chr12_54282874_54283811",1046.24749642027,"-"
"ANKS3","chr2_86171345_86173649",1046.03302927885,"-"
"GRSF1","chr2_271939_272191",1045.61310932821,"-"
"G3BP2","chr16_68266721_68274690",1045.42139339407,"-"
"BFAR","chr14_22492907_22547505",1045.17763806593,"-"
"DUS3L","chr13_32538684_32538777",1045.05331111418,"+"
"ELAVL1","chr12_48923604_48923781",1044.79738318342,"-"
"HNRNPK","chr14_73366981_73409936",1044.26601170241,"-"
"RC3H2","chr20_30377425_30379584",1044.2539184681,"-"
"EIF3G","chr12_57107314_57108162",1044.13131214757,"+"
"IREB2","chr2_97202230_97206062",1043.45051152388,"-"
"CPEB4","chr5_178616948_178618555",1042.84149721306,"-"
"BFAR","chr2_108449289_108449632",1042.80051813725,"+"
"TRMT1","chr5_146878195_146878590",1042.61100295725,"-"
"SF1","chr1_20780540_20787194",1042.3396599902,"-"
"SNRNP35","chr3_9829395_9833103",1042.00853283988,"-"
"HNRNPA1","chr5_171405403_171406396",1041.95260818909,"-"
"EWSR1","chr17_21198840_21214090",1041.83615626948,"-"
"POLDIP3","chr15_101651773_101652270",1041.73397495379,"+"
"RBM4B","chr2_97181793_97217176",1041.6923326825,"+"
"ZC3H18","chr1_146985756_146991112",1041.50452437655,"+"
"HNRNPK","chr1_112705168_112707077",1041.40933028037,"-"
"U2AF1","chr2_229859574_229879981",1040.8049901403,"-"
"PDCD11","chr15_60468322_60476062",1040.3901656658,"-"
"MSI2","chr5_50668125_50744735",1040.01323038331,"+"
"CARHSP1","chr16_20900889_20915555",1039.83784565347,"-"
"CNKSR2","chr6_111696456_111700103",1039.82228765753,"-"
"PTBP2","chr2_97179766_97181597",1039.67597368463,"+"
"ZC3H12A","chr19_16153204_16154398",1038.52886433182,"-"
"LEMD3","chr3_152445539_152446703",1038.49225306235,"-"
"FMR1","chr2_38746747_38748055",1038.49167988631,"+"
"PARP12","chr2_11172045_11177736",1037.96948233534,"-"
"SRBD1","chr3_49975392_49999439",1037.78066389323,"-"
"TNRC6A","chr3_122621611_122632085",1037.62915516635,"+"
"PABPC1","chr4_82355401_82356536",1037.3732604757,"-"
"LSM7","chr12_89497342_89525119",1037.25731674054,"-"
"MBNL2","chr1_16367308_16393227",1037.02051460815,"-"
"QKI","chr2_201160942_201162995",1036.89145700163,"-"
"BFAR","chr6_107749813_107772171",1036.66421263583,"-"
"HNRNPC","chr1_85258722_85259357",1036.65191940444,"+"
"CIRBP","chr4_53377923_53379072",1036.46468478133,"-"
"SART3","chr17_5501872_5517745",1036.41650792815,"-"
"DHX57","chr20_28583946_28586298",1036.0523253424,"-"
"LSM6","chr5_134738792_134750758",1035.83430654713,"-"
"SGMS1","chr6_26406256_26445703",1035.7397719591,"+"
"U2AF2","chr2_191010004_191014017",1035.57803447064,"+"
"LARP4","chr1_1390865_1393395",1035.33392988982,"-"
"RBM19","chr16_2752854_2756333",1035.30463417978,"+"
"THUMPD3","chr16_22444063_22451619",1035.28735353478,"-"
"DGKD","chr16_89727357_89729234",1035.10824644459,"-"
"PARP12","chr12_124913212_124913668",1035.06600976307,"+"
"CSTF2T","chr15_60397338_60397942",1034.23138398967,"+"
"BFAR","chr6_26538501_26539900",1033.98360461131,"-"
"POLDIP3","chr2_11172045_11177736",1033.54928266722,"+"
"PPFIA1","chr15_48331479_48332267",1033.30145528981,"-"
"HNRNPK","chr3_101574279_101579789",1033.07739652573,"-"
"YTHDC2","chr12_89492115_89525119",1032.81974564996,"-"
"THUMPD3","chr3_28241812_28316332",1032.73009289522,"+"
"YTHDF3","chr1_1655484_1657374",1032.50347411815,"-"
"LEMD3","chr6_29888672_29943473",1032.28041249951,"-"
"DGKD","chr1_7961735_7962762",1031.79735396514,"-"
"ZC3H14","chr2_95910445_95914274",1031.70644631162,"+"
"ENOX2","chr16_20900535_20915555",1031.46272931722,"-"
"RBM14","chr14_35294529_35307993",1031.12691905665,"-"
"MSI2","chr2_97198491_97198585",1031.02875240488,"-"
"CPEB4","chr12_55943418_55951622",1030.91576539297,"-"
"TIAL1","chr14_100137802_100141179",1029.78760411837,"-"
"MATR3","chr16_634956_635280",1029.47812222234,"-"
"QKI","chr6_127719823_127807215",1029.45147387237,"-"
"EIF3G","chr4_53399839_53425871",1029.34057074938,"-"
"ASCC1","chr16_69121170_69121435",1029.13136752048,"-"
"LSM6","chr1_204532246_204538208",1028.95314497039,"-"
"HTATSF1","chr22_38752665_38755762",1028.37567756474,"+"
"TARDBP","chr14_24232788_24233218",1028.13823370412,"-"
"QKI","chr2_191010004_191014017",1028.02751524986,"+"
"RBM38","chr4_98482175_98486737",1027.9497726297,"-"
"ZC3H4","chr2_169584899_169603641",1027.7424157524,"-"
"TNRC6A","chr20_1604142_1604741",1027.63240774089,"-"
"BFAR","chr19_15369224_15370145",1027.46243946058,"-"
"CPSF7","chr12_9009525_9058091",1027.3779544981,"-"
"RBM19","chr19_12677211_12677290",1027.21063632933,"-"
"SF1","chr22_19475100_19475495",1026.67260650946,"-"
"PCBP1","chr19_18431418_18431646",1026.43020765335,"+"
"SGMS1","chr16_57641708_57650252",1026.22039841528,"-"
"IREB2","chr2_97198491_97204190",1026.00370795933,"+"
"SSB","chr3_47810711_47815962",1025.8296054103,"+"
"RBM38","chr2_181475066_181478756",1024.98379332465,"-"
"POLDIP3","chr20_18507972_18510821",1024.96236622553,"-"
"ASCC1","chr22_24270983_24276699",1024.57403990782,"+"
"EIF3B","chr12_2823943_2824089",1024.49326540932,"-"
"NCBP2","chr4_26321048_26386352",1024.45335593424,"-"
"SF3B4","chr2_201234112_201266460",1024.43066105949,"-"
"SSB","chr2_232697392_232700584",1024.25536949842,"-"
"SFMBT2","chr17_35021781_35026373",1023.85669517532,"-"
"LSM7","chr3_71112637_71198201",1023.84496008775,"-"
"HNRNPC","chr12_53467293_53468776",1023.65429296556,"-"
"TNRC6A","chr16_22519414_22523819",1023.58629420504,"-"
"LRSAM1","chr5_149513209_149517793",1023.46458322534,"-"
"ZC3H6","chr3_50103166_50104247",1023.35146714914,"-"
"EIF4B","chr2_202300137_202300233",1023.28714658408,"-"
"RBM17","chr5_138157267_138159554",1022.95619957718,"-"
"EIF3B","chr14_24632118_24632914",1022.6401527075,"+"
"RBM25","chr5_131391108_131391917",1022.44740148779,"-"
"GRSF1","chr14_49828807_49829053",1022.35595955164,"-"
"DGKQ","chr1_155689174_155709772",1022.3514742004,"-"
"RBM27","chr16_3065494_3065780",1021.87480123737,"+"
"TARDBP","chr20_35632923_35658929",1021.8120576079,"-"
"RBM7","chr1_51714079_51745535",1021.79757409195,"-"
"PABPC4","chr3_51970184_51973964",1021.79242133706,"+"
"THUMPD2","chr2_241268541_241315569",1021.22487324592,"-"
"THUMPD2","chr6_26370603_26373275",1021.12910001308,"+"
"PCBP2","chr3_108047292_108057476",1021.1149053264,"-"
"YTHDC2","chr4_98482175_98507677",1021.06148937201,"-"
"RBM25","chr6_31644194_31644524",1020.87504501998,"+"
"TEP1","chr22_20568631_20582610",1020.47941929268,"-"
"RC3H2","chr1_66930400_66940027",1020.23862274493,"-"
"ZC3H6","chr15_58899883_58901259",1019.57732364997,"-"
"SRBD1","chr2_97179766_97181597",1019.52246495018,"+"
"CIRBP","chr1_84566012_84570581",1019.40432809724,"-"
"SCMH1","chr1_26363134_26364531",1018.97149537066,"+"
"SART3","chr1_25562978_25563069",1018.97040007164,"-"
"RBM42","chr17_8886605_8887095",1018.94775396259,"-"
"TIA1","chr1_25243633_25245149",1018.62354186631,"-"
"HNRNPA1","chr1_20779911_20787194",1018.32515067903,"-"
"SEC23IP","chr12_54282874_54283811",1017.63597813921,"-"
"HNRNPK","chr19_12676142_12677290",1017.24936642782,"+"
"ZC3H18","chr20_58895684_58903530",1016.78990124231,"-"
"RBM38","chr2_97118517_97127066",1016.7491772131,"-"
"RBM42","chr16_1964365_1964806",1016.47116963244,"+"
"NONO","chr2_73946906_73950584",1016.41877782326,"-"
"GRSF1","chr22_23791894_23793558",1016.28043469294,"-"
"ASCC1","chr15_76292700_76311349",1016.0926200671,"-"
"POLDIP3","chr2_70228462_70229058",1016.07557435461,"-"
"ASCC1","chr2_73734591_73737301",1015.78821864356,"-"
"TEP1","chr2_95956816_95958590",1015.78303034135,"-"
"RBM25","chr2_219230405_219231927",1015.5973075962,"-"
"HNRNPF","chr13_19709599_19730238",1015.58877854218,"-"
"PNPT1","chr3_196939432_196942369",1015.46271761264,"+"
"ZC3H6","chr17_2041875_2042604",1015.33035344076,"-"
"HNRNPL","chr20_47298947_47310055",1015.31120725227,"-"
"HNRNPK","chr22_20568631_20575112",1015.23454027574,"-"
"RBM19","chr2_191682017_191683728",1014.99959925921,"-"
"CPEB4","chr2_177212805_177215538",1014.98445509264,"+"
"RBM25","chr2_229860531_229879981",1014.14111056177,"+"
"HNRNPA0","chr15_85690104_85693276",1013.90277921219,"-"
"YTHDF3","chr1_153543939_153544653",1013.86193666837,"+"
"SFMBT2","chr13_32538684_32538777",1013.42351834803,"+"
"SART3","chr13_46045513_46052403",1013.30990914188,"-"
"RC3H2","chr3_51970184_51973964",1013.10100408014,"-"
"RBM42","chr2_101295181_101307840",1012.78075642367,"-"
"TIPARP","chr1_53852270_53860055",1012.75216946319,"+"
"THUMPD3","chr21_43095743_43101365",1012.6369843685,"+"
"EWSR1","chr17_73209768_73227164",1012.63626785836,"-"
"RBM18","chr1_67424322_67424887",1012.26791755372,"-"
"PTBP2","chr2_86788560_86789639",1011.98493134946,"+"
"RBM42","chr2_84832145_84839148",1011.81034925816,"-"
"LARP4","chr14_22493990_22547505",1010.90742531948,"+"
"U2AF1","chr1_67424322_67424887",1009.86323995353,"-"
"RBM19","chr17_7017014_7017256",1009.43544639617,"-"
"CCAR1","chr19_29971227_29985222",1009.06460967857,"+"
"PHC1","chr5_139561815_139562243",1009.03355233871,"+"
"RBM19","chr2_24315224_24321813",1008.7933569171,"-"
"RC3H2","chr1_151889373_151895007",1008.60096088553,"-"
"YTHDC2","chr1_120808759_120816084",1008.54679307887,"-"
"TARDBP","chr2_55577356_55579678",1008.38560527834,"-"
"RBMX2","chr21_6492197_6495992",1008.33118608113,"-"
"LSM6","chr2_65056528_65069398",1008.08577757468,"+"
"RBMX2","chr17_36103981_36105224",1007.97009578713,"+"
"RBM27","chr1_1722634_1722707",1007.95380271991,"-"
"QKI","chr22_40156182_40246014",1007.93329017929,"-"
"ASCC1","chr1_155689174_155709772",1007.60276382103,"-"
"ZC3H4","chr19_54200961_54201159",1007.57361490068,"+"
"RBM42","chr20_28601756_28602608",1007.18392505313,"-"
"FMR1","chr6_107749813_107824125",1006.82609434921,"-"
"MSI2","chr3_33072713_33096718",1006.80549460104,"-"
"ZC3H12A","chr1_146988949_146991112",1006.53308848668,"+"
"TNRC6A","chr3_141404031_141438242",1006.07093632556,"-"
"PABPC4","chr2_95918042_95921606",1005.50098969349,"+"
"TRNAU1AP","chr1_155140271_155140490",1005.35234689421,"-"
"SPEN","chr6_152294127_152301868",1005.17293454563,"-"
"YTHDF3","chr1_149531742_149537099",1005.16550861805,"-"
"PCBP4","chr20_35658982_35664759",1004.97283505722,"-"
"TARDBP","chr2_175118369_175130137",1004.91328290396,"-"
"EPHA1","chr1_149531742_149537099",1004.57373417411,"-"
"RBM15","chr19_35745187_35745347",1004.2904317828,"-"
"EIF3G","chr2_99171646_99173914",1003.2457929907,"-"
"HTATSF1","chr2_97164311_97164396",1003.19943677438,"-"
"RBM17","chr1_244842058_244842194",1003.01161328831,"-"
"DAZAP1","chr5_149496860_149505482",1002.85995827494,"-"
"RBM41","chr22_29834550_29838177",1002.85603334212,"-"
"ASCC1","chr21_42413222_42416441",1001.88480903905,"-"
"EPHA1","chr1_161548678_161549010",1001.60809994144,"+"
"MBNL2","chr6_31620858_31622726",1001.4984888538,"-"
"THUMPD2","chr2_197398581_197398968",1001.27874547526,"-"
"RC3H2","chr3_49310737_49324701",1000.6709386901,"-"
"U2AF2","chr2_97198491_97204190",1000.66531125091,"+"
"SGMS1","chr2_85596649_85597103",1000.58011119518,"+"
"IREB2","chr1_155668777_155670319",1000.2574560357,"-"
"SLTM","chr1_23967723_23971572",1000.19122127548,"-"
"G3BP2","chr1_24662804_24666814",1000.0433274963,"-"
"RBM41","chr2_95910568_95915979",999.972888382548,"+"
"SFMBT1","chr1_159802455_159806595",999.965624221085,"+"
"SART3","chr22_45328145_45328309",999.747704932395,"+"
"DAZAP1","chr1_244842058_244842194",999.168193581085,"-"
"ACO1","chr16_30076100_30076314",999.096647225459,"+"
"HNRNPA1","chr16_70039100_70042350",998.717272475493,"-"
"DKC1","chr2_201233622_201234015",998.607761925,"-"
"ZC3H12A","chr5_143400852_143403210",998.389632237344,"-"
"HNRNPA2B1","chr20_58898985_58903530",997.953126326638,"-"
"SEC23IP","chr2_230416328_230442936",997.478855239127,"+"
"LARP4","chr21_8437352_8437495",997.434259146411,"-"
"SF3B4","chr13_114286400_114286518",996.9397566615,"-"
"RBM38","chr12_28190641_28257201",996.872588424926,"-"
"SEC23IP","chr21_42413222_42416441",996.11805581336,"-"
"ZC3H4","chr2_233273052_233274675",995.795530399011,"-"
"TRA2A","chr17_76557857_76561287",995.049445133323,"-"
"RBM41","chr19_41906025_41906702",995.040857284253,"+"
"APTX","chr17_41913896_41918879",994.736509313098,"-"
"RBM22","chr2_241508135_241508442",994.705943140466,"+"
"DAZAP1","chr18_26035127_26038554",994.693587168479,"-"
"TRMT2A","chr2_227352573_227355676",994.337216242515,"+"
"MTHFSD","chr3_52679726_52682091",994.252219922452,"-"
"PUF60","chr1_114736855_114737962",994.122380267343,"-"
"RBM38","chr6_127719823_127807215",993.98995335085,"-"
"ARAP1","chr2_97164469_97167576",993.872462462523,"-"
"PABPC1","chr4_82424883_82425562",993.546083788783,"-"
"QKI","chr1_114736855_114737962",993.02311138469,"-"
"HNRNPA2B1","chr5_96727530_96729611",992.993557023102,"+"
"ZC3H4","chr1_35176471_35177318",991.997670213974,"-"
"PUF60","chr16_68302509_68304025",991.928521541874,"-"
"ENOX2","chr19_11346634_11349653",991.424324543779,"-"
"HNRNPK","chr19_12677211_12677290",991.372255545202,"-"
"SF3B4","chr1_23323732_23337753",991.362359732909,"-"
"DGKD","chr2_73950732_73958145",991.004007911135,"-"
"HNRNPA0","chr2_86170844_86171207",990.983429124342,"-"
"HNRNPA2B1","chr12_53467293_53468776",990.895804955182,"-"
"SEC23IP","chr17_5422829_5432541",990.819681584233,"-"
"HNRNPA0","chr1_85258722_85259357",990.789928136213,"-"
"SGMS1","chr2_106164799_106166055",989.98190600328,"-"
"FUBP3","chr5_154858768_154865191",989.8630090358,"+"
"PUF60","chr2_71331865_71348752",989.390870486122,"-"
"SPEN","chr21_8437547_8437663",989.364917029743,"-"
"SYNJ2","chr3_28291954_28316332",989.219417049121,"+"
"RBM19","chr3_184323241_184323407",988.836062945694,"-"
"CIRBP","chr3_134482931_134485951",988.807440231695,"-"
"ZC3H12A","chr15_34407735_34437397",988.781452593428,"-"
"ELAVL1","chr14_22529688_22547505",988.492351729771,"-"
"TIPARP","chr19_29665505_29673823",988.332304310176,"-"
"FUBP3","chr12_9656649_9656920",987.909499906922,"-"
"PUF60","chr20_58668127_58670511",987.661311017661,"-"
"ENOX2","chr12_53441800_53442694",987.447989631214,"+"
"SF3B4","chr22_24270983_24302194",987.361295663327,"-"
"TRNAU1AP","chr20_57615580_57620261",987.345369378383,"-"
"POLDIP3","chr16_22437492_22451619",987.277148333484,"+"
"EIF3B","chr6_107720993_107731973",987.216084990596,"-"
"PABPC1","chr2_38577532_38581912",987.021810801531,"-"
"YTHDC2","chr2_85327273_85327483",986.67079018417,"+"
"APTX","chr16_88700940_88701261",986.338259501976,"-"
"PCBP1","chr15_50309798_50354984",985.944133990775,"-"
"PCBP1","chr19_18430930_18431646",984.737764008282,"+"
"SGMS1","chr2_224931668_225042251",984.351406543734,"-"
"EIF2S1","chr1_23967723_23971572",984.025022859049,"-"
"ALKBH8","chr16_29381786_29383688",983.847653477663,"+"
"TARDBP","chr20_35699451_35699632",983.685033034638,"-"
"G3BP2","chr6_125292909_125298713",983.387946495073,"-"
"RBM7","chr16_2752854_2756333",983.232613577587,"+"
"NONO","chr5_151063747_151080879",983.218875608154,"+"
"HNRNPAB","chr17_76089320_76094413",982.848329933196,"-"
"RBM27","chr2_97127134_97142639",982.696895221902,"-"
"POLDIP3","chr1_2510748_2511337",982.617639180482,"-"
"ZC3H4","chr16_208188_220648",982.435733597881,"-"
"RAVER1","chr2_113197634_113197749",982.38979805567,"-"
"RBM38","chr6_29829589_29944293",981.828794471393,"+"
"PTBP1","chr2_27772692_27779432",981.19435520389,"-"
"PABPC1","chr16_89878627_89883350",981.055417004811,"-"
"LSM6","chr3_49812543_49812647",980.955513574059,"-"
"MSI2","chr14_100138897_100141179",980.830484508543,"-"
"APTX","chr17_37576418_37584647",980.791650962398,"+"
"PABPC1","chr3_66221127_66236543",980.688571830312,"-"
"PHC1","chr1_111191065_111192139",980.465920741983,"+"
"PPIL4","chr2_64585545_64591887",980.455785196006,"-"
"DHX57","chr2_191010004_191014017",980.437295878242,"+"
"DHX57","chr15_44715699_44716327",980.36382790722,"-"
"POLDIP3","chr17_82884936_82889667",979.561702841558,"-"
"SNRPD3","chr1_155562295_155562778",979.113189996565,"+"
"LSM6","chr12_124913039_124913723",978.890034116548,"+"
"RAVER1","chr5_151772036_151786571",978.536010332941,"-"
"RBM38","chr15_60468162_60476062",978.419978771659,"-"
"ENOX2","chr12_9669795_9687901",977.69607327568,"+"
"RAVER1","chr15_28919487_28921639",977.594145843254,"-"
"CSTF2T","chr2_230327301_230357804",977.028723334766,"-"
"ZRANB2","chr17_82019694_82019857",976.949479896043,"-"
"PPFIA1","chr20_44975410_44978442",974.694275018172,"-"
"TRMT2A","chr4_83105020_83114665",974.334899314837,"+"
"UPF1","chr2_232697392_232703423",974.102729323929,"-"
"EWSR1","chr1_11748610_11750076",973.766921010651,"-"
"LARP4","chr5_139561815_139562243",973.617662482441,"+"
"PABPC1","chr3_185926734_185931576",973.558585408852,"-"
"RBM27","chr15_44403054_44413335",973.489232120265,"-"
"HNRNPA0","chr20_38421098_38426418",973.108873663348,"-"
"PCBP1","chr16_31700738_31702534",972.673169516904,"-"
"ELAVL1","chr5_10258303_10258383",972.51015690851,"-"
"ZC3H18","chr21_8394316_8438445",972.498582394689,"-"
"ARAP1","chr18_26035127_26038554",972.466101799004,"-"
"SCMH1","chr1_23333631_23337753",972.380927246235,"-"
"TRMT2A","chr20_35021332_35035122",971.970175873921,"-"
"SCML1","chr3_39266518_39279953",971.364842643819,"+"
"ELAVL1","chr2_97164311_97167576",971.322459787855,"-"
"HNRNPM","chr3_49310737_49311513",971.07006924977,"-"
"DKC1","chr1_161038075_161038879",970.984434189897,"+"
"TNRC6A","chr20_44975410_44978442",970.940744546827,"-"
"LSM6","chr14_23966417_23967210",970.037024518643,"-"
"SFMBT1","chr1_30739937_30757658",969.842958841564,"+"
"ELAVL1","chr5_178209447_178210131",969.779527504167,"-"
"RBM25","chr2_111367575_111494884",969.080092756148,"-"
"CSTF2T","chr21_8437352_8438445",969.026313053839,"+"
"POLDIP3","chr2_197069965_197078702",968.894454842977,"+"
"DNAJC17","chr12_8940869_8942415",968.606697825821,"-"
"SAMD8","chr2_86788560_86789639",968.597215351468,"+"
"HNRNPM","chr19_10180234_10180349",968.37952260965,"-"
"FMR1","chr1_85258722_85259357",968.004627217532,"-"
"POLDIP3","chr12_46367340_46370775",967.892319853756,"-"
"MEX3C","chr21_29036374_29037275",967.860893120265,"-"
"ALKBH8","chr3_141404031_141438267",967.569585708029,"-"
"RBM12B","chr15_49137458_49139527",967.352410963358,"-"
"NCBP2","chr16_70038985_70042350",967.115710146344,"-"
"POLDIP3","chr2_25771540_25794471",967.005041306,"-"
"MTHFSD","chr4_182915575_182917310",966.932414997721,"+"
"SCMH1","chr6_11213727_11232503",966.892270950727,"-"
"SNRNP35","chr14_23081836_23090521",966.874100675208,"-"
"ARAP1","chr16_88700940_88701261",966.412771904682,"-"
"RBM19","chr3_39266518_39279953",965.975991203726,"+"
"PAPSS1","chr16_29663080_29663694",965.868621562247,"+"
"SSB","chr16_89878627_89883350",965.530764596259,"-"
"ARAP1","chr20_1604142_1604741",965.373872917824,"-"
"MATR3","chr21_46635763_46636438",964.952666361521,"-"
"RBM39","chr5_113515362_113524980",964.952426142336,"-"
"HNRNPK","chr1_155916737_155917498",964.899290578063,"+"
"DGKD","chr20_35655344_35658929",964.15077246857,"-"
"POLDIP3","chr15_76295737_76311349",964.148056359446,"-"
"SPEN","chr5_79641196_79642843",963.626915157648,"-"
"POLDIP3","chr15_52564246_52568847",963.56111837385,"-"
"POLDIP3","chr1_77721901_77722023",963.500772904247,"-"
"HNRNPK","chr1_84566012_84570581",963.101322284229,"-"
"TARDBP","chr22_38486440_38487878",962.753945941814,"+"
"EPHA4","chr4_56656012_56656339",962.662517735948,"-"
"FUBP3","chr21_8393888_8438099",962.63510789257,"-"
"SGMS1","chr15_44380976_44413335",962.04774449603,"-"
"FMR1","chr3_42621516_42630545",961.949271244838,"-"
"EIF4B","chr17_18251816_18251998",961.421560528537,"-"
"CPEB4","chr2_38746747_38748055",961.032871137412,"+"
"RBM45","chr2_24321880_24328051",961.023954358528,"+"
"MSI2","chr2_232697392_232703423",960.949827829387,"-"
"DGKD","chr12_9655979_9656920",959.575937858877,"-"
"U2AF1","chr3_12604289_12608765",959.462388530596,"-"
"EIF3G","chr4_951258_951681",958.797797698834,"-"
"YTHDC2","chr1_207790345_207793518",958.716617837629,"-"
"SPEN","chr5_94053227_94074645",958.696540264659,"-"
"SF1","chr4_102826636_102827943",958.682701293575,"-"
"ARAP1","chr2_97205968_97206062",958.216052596097,"-"
"CSTF2T","chr17_82019381_82019857",957.928325256141,"+"
"TRMT2A","chr17_82449480_82450699",957.439348580212,"-"
"SF3B4","chr20_30388578_30393550",957.422589164384,"-"
"SAMD10","chr21_8394053_8438259",957.386537069141,"-"
"FUS","chr2_241317599_241324215",957.375209188294,"-"
"CPSF6","chr20_50084254_50113106",957.3469286796,"+"
"LARP4","chr17_82019694_82019857",956.597547236966,"-"
"APTX","chr22_38752665_38755762",956.113926373168,"-"
"RBM41","chr2_85694996_85695319",955.757790810822,"+"
"TIA1","chr2_232697392_232700584",955.690322120778,"-"
"RBM39","chr14_64924126_64932137",955.469667078009,"-"
"HNRNPM","chr2_68047319_68062957",955.458179394444,"-"
"SFPQ","chr22_19475100_19475495",955.230294769877,"-"
"RBM17","chr5_151772036_151786571",955.211723840599,"-"
"RBM15B","chr17_78131737_78132358",955.211373799126,"+"
"PABPC1L","chr5_35871213_35875511",955.111470591964,"-"
"U2AF1","chr2_189782602_189783013",955.047213758421,"-"
"DKC1","chr14_65093815_65102303",954.742612751863,"-"
"FUBP3","chr3_152300367_152301918",954.234526452005,"-"
"HNRNPA2B1","chr17_76729794_76732977",954.150453836929,"-"
"RAVER1","chr22_50250905_50251101",953.749886774255,"-"
"SNRPD3","chr4_4268615_4273582",953.506650847169,"-"
"DKC1","chr1_16391424_16393227",953.006773786994,"-"
"RAVER1","chr1_167684001_167690048",952.704219401526,"+"
"SCML1","chr2_85694470_85694752",952.700440432688,"-"
"ELAVL1","chr19_11447597_11447692",952.526454558417,"-"
"EIF4B","chr13_37048599_37051487",952.50547461116,"-"
"RBM15","chr20_36935403_36941038",952.453112023431,"-"
"HNRNPA1","chr2_169584490_169603641",952.43632004555,"-"
"HNRNPK","chr17_44212006_44212818",952.019170409623,"-"
"EPHA4","chr1_159802455_159806595",951.569384851737,"-"
"YTHDC2","chr22_31289699_31289932",951.418405167004,"+"
"TIA1","chr2_232697392_232703423",951.317538651805,"-"
"EIF4B","chr5_178209447_178210552",951.107717713133,"-"
"ZC3H6","chr12_57718376_57718992",950.653937018874,"-"
"SPEN","chr5_1798947_1799791",950.32568204629,"-"
"YTHDC2","chr2_113439117_113441350",950.253878073362,"-"
"ZC3H6","chr5_39124278_39125997",950.015983720821,"-"
"ELAVL1","chr3_184245812_184248781",949.089464525885,"-"
"PNO1","chr2_71331865_71348752",948.898490633193,"-"
"MBNL3","chr17_78119392_78121012",948.447545945634,"-"
"NONO","chr2_70300980_70301924",948.319242028688,"-"
"TOE1","chr2_98663179_98675034",948.064052852722,"-"
"SEC23IP","chr2_201272776_201276826",947.632588551579,"+"
"HNRNPC","chr2_37201726_37201862",946.951159648355,"-"
"LSM6","chr19_54449306_54451289",946.618932801294,"-"
"ZRANB2","chr1_160261358_160262448",946.328911052329,"+"
"TIAL1","chr2_229859574_229860405",945.753677547857,"+"
"DNAJC17","chr2_230200965_230207990",945.687433920894,"-"
"PARN","chr3_197621868_197623219",945.631980804933,"-"
"SF1","chr3_101574279_101579841",945.259351090497,"-"
"TRMT2A","chr1_153535375_153535948",945.104538194372,"+"
"HNRNPC","chr2_148021684_148024965",944.758508290845,"-"
"ZC3H3","chr19_16153204_16154398",943.997544841285,"+"
"DGKD","chr1_192575929_192576773",943.727019040625,"+"
"ELAVL1","chr19_13765109_13768358",943.553561604951,"-"
"ZC3H6","chr17_68103058_68114421",943.231555508103,"-"
"EWSR1","chr15_58899937_58901259",943.164763986588,"-"
"ACO1","chr17_4710744_4715972",942.139635203885,"+"
"RBM7","chr12_42332702_42335882",942.022704147701,"-"
"ZC3H12A","chr1_116782601_116805604",941.934204553457,"-"
"ZC3H3","chr4_4268615_4273582",941.743096409855,"-"
"ZC3H3","chr12_47206588_47216164",941.716387396525,"+"
"SRBD1","chr12_7827682_7930479",941.683961914137,"+"
"DNAJC17","chr1_16391424_16393227",941.678550791715,"+"
"HNRNPK","chr16_89878627_89883350",941.472639179754,"-"
"CSTF2T","chr19_582578_582749",941.2895789844,"+"
"SNRNP35","chr22_24427746_24433130",940.617587253101,"-"
"TARDBP","chr5_133006920_133026496",940.398612577031,"-"
"SF1","chr16_1786655_1787676",939.491760939803,"-"
"TRA2A","chr14_64924126_64932137",939.399103822072,"-"
"ZC3H18","chr21_8393888_8438096",938.878396890161,"+"
"SAMD12","chr1_160739356_160749820",938.808700804734,"-"
"SFMBT1","chr14_22529688_22547505",938.387922288082,"-"
"U2AF2","chr5_10258303_10258383",938.362973463334,"+"
"DHX57","chr1_228141288_228145510",938.046217082029,"-"
"HNRNPK","chr19_18430930_18431646",937.710428974563,"-"
"RBM12B","chr1_110891471_110899123",937.011837175585,"+"
"ZC3H18","chr6_127719823_127807215",936.729680354054,"-"
"KHDRBS1","chr1_35178036_35187000",936.49790783262,"-"
"RBM15B","chr2_174585611_174682773",936.46411353131,"+"
"DGKD","chr19_18557914_18562035",936.397336264237,"-"
"ZC3H3","chr17_78134571_78134869",936.355960020043,"+"
"CPSF6","chr20_62303781_62306196",936.177950448244,"-"
"KHSRP","chr2_230462518_230466300",935.309081672666,"+"
"EIF4B","chr3_197621868_197623219",935.15840237096,"-"
"FXR1","chr20_3123406_3159765",934.647266171149,"-"
"CCAR1","chr2_97219246_97224805",932.898970615148,"-"
"TRNAU1AP","chr16_68302501_68304025",932.578035616593,"-"
"HNRNPA2B1","chr15_64075537_64088686",932.437862732183,"-"
"RBMX2","chr2_102387000_102390055",932.17477371218,"-"
"G3BP1","chr12_53464852_53465931",932.039782115851,"-"
"UPF1","chr1_228108318_228109148",931.950733041181,"-"
"HNRNPC","chr20_58898985_58903530",931.73781021548,"-"
"EWSR1","chr17_82019381_82019857",931.57293277467,"+"
"PABPC1","chr6_31532911_31534485",931.310158975162,"-"
"FMR1","chr4_83105020_83114665",931.256186669655,"+"
"RBM7","chr6_29944221_30008286",931.033071698057,"-"
"TRNAU1AP","chr19_41883289_41888063",930.216673941852,"-"
"PARN","chr14_23563282_23563379",929.992571887014,"-"
"INPPL1","chr6_127314896_127327001",929.4697175803,"+"
"ZC3H6","chr5_180793097_180802679",929.437734887042,"+"
"MBNL3","chr17_5422829_5432541",928.815571907497,"-"
"SSB","chr6_31644194_31644524",928.649775313295,"+"
"ARAP1","chr4_53377923_53379224",927.851385943335,"-"
"ANKHD1","chr21_42413523_42416441",927.610772786207,"-"
"MBNL3","chr6_32127750_32128125",927.573042115627,"+"
"ARAP1","chr21_42288037_42288210",927.361038495529,"-"
"SLBP","chr16_4454927_4455545",927.212727436257,"-"
"SPEN","chr22_31289699_31289932",926.728544668297,"+"
"ZC3H14","chr2_181475066_181478756",926.5644341777,"-"
"PUF60","chr16_30076100_30076314",926.453512577213,"+"
"ZC3H6","chr15_85690104_85693276",926.251566917703,"-"
"PAPSS1","chr20_17680075_17682027",926.136952295027,"-"
"TRNAU1AP","chr1_30980163_30981311",926.099189487665,"-"
"CPSF6","chr1_71065137_71066775",926.054885043596,"-"
"ZC3H14","chr5_112864732_112867403",925.740541395811,"-"
"QKI","chr14_64924126_64932137",925.550195938594,"+"
"PABPC4","chr5_146878195_146878700",925.146855270136,"+"
"SARM1","chr1_155916737_155917498",925.106367336118,"+"
"SART3","chr17_49706309_49706964",925.027891053247,"-"
"DAZAP1","chr12_62325933_62355330",924.916356046308,"+"
"PCBP1","chr20_49280570_49289044",924.691494119537,"+"
"SART3","chr19_54449310_54451289",924.387333780634,"+"
"DKC1","chr14_101823941_101856685",923.82935979478,"-"
"MATR3","chr20_58668127_58670511",923.126750415308,"+"
"EPHA4","chr4_98482175_98486737",923.045005513826,"-"
"RBM25","chr15_101650161_101652270",922.995027248402,"-"
"PUM2","chr1_85259061_85259357",922.936950883731,"-"
"SF3B4","chr16_28656523_29050671",922.788485135845,"-"
"PTBP1","chr22_32475124_32479132",922.379109710939,"-"
"CSTF2","chr1_154169383_154170399",922.254133896387,"+"
"SNRPD3","chr12_47206588_47210639",921.501840070901,"+"
"U2AF1","chr12_62349307_62355330",921.264688464455,"-"
"TIAL1","chr2_135605016_135621493",921.18380755395,"-"
"RBM25","chr2_229859574_229860405",921.144208799412,"+"
"SGMS1","chr22_21629407_21629542",921.054923302894,"-"
"HNRNPM","chr16_68273904_68274690",921.051211883316,"-"
"DAZAP1","chr1_151056786_151059478",921.015923689065,"-"
"SART3","chr17_3720402_3723687",920.580828723444,"-"
"SFPQ","chr19_10180234_10180349",920.185787690923,"-"
"TDRKH","chr14_24138568_24138735",919.62256163966,"+"
"RBM39","chr17_82019694_82019857",919.539019417855,"-"
"LARP4","chr17_3723383_3723687",919.25133596503,"-"
"ZC3H14","chr3_50100051_50103082",918.875953708861,"-"
"APTX","chr6_31532911_31534485",918.847374361696,"+"
"THUMPD3","chr12_51049185_51056349",918.838098948286,"+"
"SAMD4B","chr1_23333631_23337753",918.625822437135,"-"
"HNRNPK","chr1_16391424_16393227",918.051853428937,"-"
"EIF2S1","chr16_22513921_22523819",917.863422744835,"-"
"PABPC1","chr5_57236032_57246299",917.767321026185,"-"
"HNRNPC","chr12_31305123_31326023",917.641476110313,"+"
"EWSR1","chr3_28241812_28316332",917.597784589252,"-"
"UNK","chr2_101295181_101307840",917.458348153037,"-"
"YTHDF1","chr21_44910372_44910599",917.129884213956,"+"
"HNRNPM","chr22_19471808_19479082",916.641168726655,"-"
"SFMBT1","chr6_158708391_158725502",916.326340202793,"-"
"G3BP2","chr1_23967723_23971572",916.210992505722,"-"
"RBM39","chr6_116571655_116574057",915.965527864723,"-"
"HNRNPA1","chr2_71331865_71355718",914.835971214846,"-"
"CPSF6","chr2_175118369_175130137",914.680419188555,"-"
"SGMS1","chr15_34528750_34529017",914.562588575062,"-"
"SFPQ","chr2_232567214_232568944",914.226504822444,"-"
"SAFB2","chr16_208188_220648",914.16061237273,"-"
"MATR3","chr20_34073635_34075873",914.155960072593,"-"
"PNO1","chr5_113515362_113524980",913.207247299766,"-"
"ANKS1B","chr3_188225527_188406111",912.017558962185,"-"
"RBM25","chr2_230462518_230466300",910.94572182686,"-"
"PABPC1","chr20_3149260_3159765",910.592781191384,"+"
"EIF3G","chr14_54430404_54436368",910.582743262293,"-"
"HNRNPF","chr4_82857764_82863317",910.436702881112,"-"
"EIF2S1","chr1_112705168_112707077",909.856220656078,"-"
"HNRNPA1","chr2_241150547_241153475",909.850501854692,"-"
"TDRKH","chr20_62303049_62303567",909.569040444409,"-"
"GRSF1","chr14_24232788_24233218",908.944173229094,"-"
"PPFIA1","chr16_69626528_69647027",908.739872332794,"+"
"HNRNPC","chr2_70216499_70216885",908.707914653299,"-"
"RBM45","chr2_112181876_112182790",908.629139522318,"-"
"CPSF6","chr15_44380976_44413335",908.359369554733,"-"
"SGMS1","chr14_91114283_91157638",908.041983557443,"-"
"HNRNPK","chr21_46635763_46636438",907.964073219045,"-"
"RBM17","chr21_37073364_37108391",907.78706848906,"-"
"HNRNPM","chr17_59112345_59131280",907.071559512669,"-"
"CSTF2","chr22_26482240_26483673",906.598532145484,"-"
"ENOX2","chr20_58652138_58667489",906.512617849852,"+"
"HNRNPC","chr2_85596649_85597103",905.655464647688,"-"
"HNRNPK","chr3_38129388_38131595",905.174338697934,"-"
"SGMS1","chr17_82884936_82889667",903.901703310289,"+"
"TARDBP","chr16_22513921_22523819",903.871072845043,"+"
"PUF60","chr2_148021684_148178699",903.369460572142,"+"
"CPSF7","chr1_35176474_35177318",903.212557369441,"-"
"CPSF7","chr1_45661225_45686411",902.845676559495,"+"
"CIRBP","chr2_207561160_207567462",902.802724183898,"-"
"EWSR1","chr17_42567655_42568836",902.775132701582,"-"
"TOE1","chr2_70227822_70229058",902.357503369917,"-"
"DNAJC17","chr1_2510782_2511337",901.147808776678,"-"
"PABPC1L","chr2_12723552_12724628",901.072048288674,"+"
"KHSRP","chr22_44185872_44186576",900.840794570967,"+"
"CSTF2","chr5_146463793_146468340",900.202531215878,"-"
"DKC1","chr22_25448284_25455711",898.590260506302,"+"
"HNRNPA1","chr17_73209768_73227164",898.060792975418,"-"
"TIA1","chr12_56160670_56161386",896.304526876418,"+"
"RBM39","chr16_30076094_30076314",896.225128339306,"-"
"SGMS1","chr4_185191212_185203784",895.488874710606,"-"
"PARN","chr2_219230350_219231927",895.391542662604,"-"
"ENOX2","chr21_39345958_39348291",894.658858363966,"+"
"EIF2S1","chr2_11172045_11177736",894.491353557009,"-"
"SCML1","chr1_26362022_26363025",893.886026441079,"+"
"HNRNPA0","chr14_23564221_23564332",893.341358921567,"+"
"SLTM","chr1_154212624_154214456",892.742166958374,"-"
"RBM43","chr18_49491833_49492457",892.529902437761,"+"
"UNK","chr22_21629407_21629601",892.005988019628,"+"
"EIF4B","chr1_71065137_71066775",890.365930645233,"-"
"DKC1","chr1_32627544_32633644",890.231311852298,"-"
"RAVER1","chr4_53399839_53414614",890.101902774692,"-"
"G3BP1","chr1_228141288_228145510",889.183791084321,"-"
"PABPC4","chr2_201233554_201234015",888.445117003052,"-"
"YTHDF1","chr16_30381243_30381338",888.039304454134,"+"
"NCBP2","chr2_70227822_70229058",887.979128381468,"-"
"RBM41","chr14_22503811_22547505",887.647013517223,"-"
"EIF3G","chr17_36578186_36579244",887.359676651349,"-"
"PPFIA1","chr2_127050912_127059010",886.934863583749,"-"
"RBMX2","chr17_16440253_16441367",886.49127865727,"-"
"RBM39","chr5_96727530_96729611",885.872612878247,"-"
"SARM1","chr14_22531138_22547505",885.539368176102,"-"
"RBM43","chr17_16440253_16441367",885.314375665217,"-"
"TAF15","chr20_49279208_49289044",885.266137169021,"-"
"RBM39","chr6_111780635_111793622",884.959808723867,"-"
"SLTM","chr17_36578186_36579244",884.752806845594,"-"
"RBM41","chr19_10180529_10180777",884.620191414124,"-"
"SSB","chr1_91720227_91721954",884.485620892037,"+"
"CSTF2T","chr2_74135658_74142271",884.410877341639,"-"
"HNRNPK","chr1_23323732_23337753",884.387614661636,"+"
"SF3B4","chr17_81682149_81683012",884.371387353222,"-"
"PUF60","chr2_73957240_73958145",884.347721932216,"-"
"HNRNPF","chr14_23090101_23090521",884.290480309034,"-"
"SGMS1","chr2_97558994_97560831",884.24935125629,"-"
"TARDBP","chr4_53399839_53425871",883.492904563741,"-"
"MEX3C","chr20_1571137_1604741",883.060719745393,"+"
"HNRNPA2B1","chr17_81891841_81893551",882.739245348907,"-"
"SYNCRIP","chr12_124912883_124913339",882.55104976443,"-"
"HNRNPC","chr1_155689174_155709772",882.281172199996,"-"
"EPHB6","chr17_4710744_4715972",882.158992233243,"+"
"MSI2","chr17_35587428_35594007",881.817288276763,"-"
"NCBP2","chr13_37047936_37051487",881.115522117697,"-"
"ZC3H14","chr19_52818031_52857571",880.849638103788,"-"
"KHSRP","chr6_29725202_29829589",880.614267571132,"-"
"TUT1","chr1_26363134_26364531",880.558426817776,"+"
"PUM1","chr1_22074219_22078428",879.976915126472,"-"
"SAFB2","chr19_42215252_42217631",879.483989466854,"-"
"PABPN1","chr17_42316851_42317181",879.204389477253,"-"
"EWSR1","chr17_76557857_76561287",878.588329648219,"-"
"L3MBTL3","chr13_41362159_41367438",878.15048488002,"-"
"SFPQ","chr1_150441023_150443230",877.787797955815,"+"
"GRSF1","chr3_180985996_180988022",876.913319381432,"-"
"INPPL1","chr12_7827682_7930479",876.397760201615,"+"
"RBM15","chr4_83105020_83114665",875.889967823215,"+"
"HNRNPF","chr2_241150547_241157806",875.881382200635,"-"
"SF3B4","chr18_35290391_35305975",875.416940387421,"-"
"SCMH1","chr5_71062796_71065124",875.170408699512,"-"
"INPPL1","chr4_127921771_127930682",875.144496983226,"-"
"SNRNP35","chr1_88988351_88992584",875.116117643264,"-"
"CIRBP","chr21_46636547_46636895",875.000262742317,"-"
"SGMS1","chr2_74528489_74529131",874.999110323442,"-"
"HNRNPC","chr16_69120649_69121435",874.750346284425,"-"
"RBM25","chr15_80098578_80120327",874.123080801234,"-"
"PABPC1","chr19_49981013_49988371",874.028054576684,"-"
"ENOX2","chr18_57620651_57621707",873.956701795705,"-"
"TIAL1","chr1_231229206_231238856",873.789023283128,"-"
"ZRANB2","chr16_30076100_30076314",873.34636650989,"-"
"SSB","chr16_68302501_68304025",873.217339966359,"-"
"RBM25","chr20_47298947_47310055",873.065184394287,"-"
"HNRNPC","chr2_134946465_134947735",872.046385732128,"+"
"SF1","chr22_19471808_19479082",871.789947872355,"+"
"RBM43","chr12_124913190_124913646",871.145022986889,"-"
"PUM1","chr16_68273904_68274690",870.648842613943,"-"
"SNRNP35","chr16_31701858_31702534",870.588529389495,"+"
"RBM12B","chr12_124913418_124913646",870.329452300177,"-"
"HNRNPM","chr17_76557857_76561287",870.268700716993,"-"
"TAF15","chr2_232703489_232735154",870.008360743965,"-"
"SF1","chr2_30147062_30148244",869.888279531751,"-"
"CIRBP","chr1_150839654_150846262",869.864075481533,"+"
"RBM39","chr2_97206135_97211545",869.432956066227,"+"
"SGMS1","chr2_97538363_97541910",869.346092755677,"-"
"PPRC1","chr22_50190648_50193026",869.038145195481,"-"
"SCML1","chr2_201272942_201276826",867.913054287692,"+"
"HNRNPA0","chr20_18507972_18510821",867.718661183623,"+"
"YTHDF1","chr21_8393177_8437388",867.654980755544,"-"
"MATR3","chr20_47298947_47310055",866.558746563967,"-"
"PABPC4","chr2_159712606_159729008",866.405406672725,"-"
"CPSF6","chr12_4605086_4610154",865.770210406043,"-"
"NONO","chr5_135346057_135352945",865.303951447892,"-"
"AKAP1","chr3_49077038_49092396",865.130503158819,"+"
"MYEF2","chr2_230238381_230238760",865.094851521547,"+"
"TARDBP","chr12_31305123_31326023",864.743196631847,"-"
"SYNCRIP","chr16_57137282_57146084",864.594179826797,"-"
"TIAL1","chr2_74135658_74145188",864.546919799631,"-"
"SAFB2","chr16_75644462_75647577",863.085448304077,"-"
"MATR3","chr1_84566012_84570581",862.881283484038,"-"
"TIA1","chr17_3723383_3723687",862.508886187279,"-"
"G3BP2","chr22_20036854_20043354",862.321566800498,"-"
"MATR3","chr17_28884315_28888944",861.966419021833,"-"
"EIF2S1","chr4_53428183_53440581",861.929402889967,"-"
"EIF4B","chr4_53391139_53399729",860.713691007988,"-"
"SNRNP35","chr1_7853120_7853306",860.561265604522,"-"
"CSTF2","chr14_23567315_23567738",860.451768428109,"+"
"MATR3","chr17_81891833_81893551",860.364820767345,"-"
"SSB","chr15_50309798_50354984",860.270594393377,"-"
"CSTF2T","chr4_102826636_102827943",860.097579593404,"+"
"EWSR1","chr20_58652138_58667489",859.178310855803,"-"
"TOE1","chr1_151907406_151909359",859.065571941184,"-"
"CPEB4","chr2_126656312_126693863",858.815367395846,"-"
"PABPC1","chr2_169824640_169824867",858.813751164759,"-"
"PABPC4","chr16_29663080_29663694",858.619127349914,"+"
"PCBP1","chr1_40040801_40059333",858.124055507296,"-"
"GRSF1","chr17_50737479_50740305",857.946490791305,"-"
"U2AF1","chr3_49975392_50048244",857.917080087363,"-"
"RBM25","chr2_135605016_135616667",857.403133196722,"-"
"HNRNPK","chr1_24655129_24660718",857.380484676968,"-"
"LARP4","chr14_65093815_65102303",857.031776238385,"-"
"TARDBP","chr19_10797518_10798485",856.836427151291,"+"
"SAMD4B","chr19_18899709_18899872",856.824543098675,"-"
"U2AF2","chr2_74528006_74528252",856.759278298205,"+"
"RAVER1","chr20_31722330_31722617",856.020220706615,"+"
"SYNJ2","chr15_44672239_44672387",855.92374246657,"-"
"TIA1","chr2_175118369_175121443",855.866388623953,"-"
"AKAP1","chr17_7224069_7224320",855.450419806696,"+"
"HNRNPK","chr2_241166441_241167044",855.180404567789,"-"
"PABPC1","chr13_114286400_114286518",854.71585328039,"-"
"TIA1","chr2_63842204_63856305",854.228622708164,"-"
"TIA1","chr3_9829395_9834680",854.202963365832,"-"
"G3BP2","chr1_154219937_154220341",853.749377272155,"-"
"L3MBTL3","chr17_7336787_7341947",853.56753306669,"+"
"SF1","chr21_37096643_37108391",853.22446402207,"-"
"TIAL1","chr19_19654144_19654542",853.153261034813,"-"
"SF1","chr16_30076100_30076314",852.708759065935,"+"
"SAMD4B","chr14_65101572_65102303",852.560190495334,"-"
"SLTM","chr14_101912473_101925140",852.485200053552,"-"
"PUM2","chr2_201160942_201163834",852.297151013469,"-"
"SF1","chr6_106293106_106308363",852.292624504396,"-"
"CSTF2","chr14_24606746_24607611",852.250915184436,"+"
"RBM25","chr18_36797050_36798448",852.054108637842,"-"
"RAVER1","chr1_155260659_155262085",851.89999069243,"-"
"EIF3G","chr1_231229206_231238856",851.563821763816,"+"
"PPIL4","chr2_55578342_55579678",850.334959205583,"-"
"SFMBT1","chr21_33595615_33595729",849.831959215977,"+"
"SAMD12","chr15_85662453_85664562",849.439337619116,"-"
"SYNJ2","chr1_160612580_160634612",849.241109137127,"+"
"PABPC4","chr22_38754706_38755762",849.139637321375,"-"
"U2AF1","chr22_46337944_46343261",848.748506236593,"-"
"PNO1","chr3_66221127_66243202",848.569080903751,"-"
"NONO","chr1_108693642_108695701",848.117517517206,"-"
"FUS","chr5_57236032_57237112",846.734016461093,"-"
"ASCC1","chr20_58669453_58670511",846.568296324617,"-"
"PNO1","chr21_34073745_34102834",846.406894741309,"+"
"SCML1","chr6_29889604_29890263",846.20650096801,"-"
"EWSR1","chr16_2264331_2268054",845.853112454927,"-"
"RBM39","chr1_23323732_23337753",845.711370326717,"-"
"HNRNPK","chr14_23090101_23090521",845.396832737773,"-"
"MSI2","chr1_25243633_25245149",845.359845657716,"-"
"CIRBP","chr1_154212624_154214456",844.766456077754,"-"
"PABPC4","chr2_85596649_85597103",844.603463952098,"-"
"GRSF1","chr2_161160486_161179613",844.095537895625,"-"
"NONO","chr4_26321048_26386352",843.919305914926,"-"
"HNRNPA1","chr2_201234112_201266460",843.793168692582,"-"
"NONO","chr13_37047936_37051487",843.728557533805,"-"
"TARDBP","chr15_22845267_22851638",843.697950655748,"-"
"KRR1","chr3_49975392_50048244",843.499665899842,"-"
"TOE1","chr2_70227822_70229058",842.274341122805,"-"
"EWSR1","chr1_110950123_110963620",842.267072483619,"-"
"NONO","chr21_6487412_6493043",842.252859818889,"-"
"AKAP1","chr2_27772692_27779432",841.903587273611,"-"
"ENOX2","chr12_47166643_47216164",840.281587759249,"+"
"PABPC1","chr15_44403054_44413335",839.655555527941,"-"
"HNRNPK","chr16_88004411_88006089",836.942885872594,"-"
"SF1","chr17_18251816_18251998",836.698872666918,"-"
"PCBP1","chr6_31639226_31639499",836.59824461831,"-"
"ZRANB2","chr17_75269469_75270113",836.573369705784,"+"
"TRA2A","chr17_82019694_82019857",836.38814277378,"-"
"ACO1","chr6_29888672_29943473",835.977743763293,"-"
"PABPC1","chr3_167720273_167734805",835.848532117313,"-"
"HNRNPA0","chr17_18251813_18251998",835.831141315934,"-"
"ZRANB2","chr1_207790345_207793518",835.329272110455,"-"
"HNRNPK","chr3_47917174_47921764",835.222108728021,"+"
"EIF4B","chr2_73946906_73950584",835.173923247944,"-"
"ANKHD1","chr19_54449306_54451289",835.071658912647,"-"
"SFPQ","chr5_179618323_179619268",835.031148484212,"-"
"SF3B4","chr15_66495419_66497641",835.025796332984,"-"
"ANKHD1","chr5_140464776_140482579",834.940553243611,"+"
"SF3B4","chr18_9208797_9211583",834.3650706026,"-"
"HNRNPK","chr2_272305_275139",834.015103687788,"-"
"EWSR1","chr15_49137437_49139527",833.627945747383,"-"
"HNRNPK","chr15_80098578_80120327",833.544067900927,"-"
"SSB","chr5_146463793_146468340",833.487032273852,"-"
"SAMD4B","chr13_27441077_27445087",833.195460077506,"+"
"SF1","chr2_70227822_70229058",833.152170363887,"-"
"CPSF6","chr17_58005041_58005800",832.945859574946,"-"
"ZC3H10","chr1_111195828_111195915",832.900417431246,"+"
"PPIL4","chr6_31639226_31640198",831.598549094816,"-"
"PTBP1","chr16_22519414_22523819",831.075263855928,"-"
"PUF60","chr20_28583946_28586298",830.867899166251,"-"
"PABPC1","chr16_69626528_69647027",830.108470975725,"+"
"EIF2S1","chr2_74142360_74145188",829.929539430048,"-"
"G3BP1","chr2_55577356_55579678",829.413069872213,"-"
"PABPC4","chr2_219251713_219253855",827.268077803865,"+"
"SART3","chr3_101574279_101579789",826.909741898921,"-"
"HNRNPM","chr1_155916709_155917498",826.797004829879,"+"
"EWSR1","chr22_19441694_19447377",826.71437032735,"-"
"SAMD8","chr17_64824872_64829160",826.170869411437,"-"
"KHDRBS1","chr15_101650161_101652270",825.749116236146,"-"
"ZRANB2","chr3_146525647_146533469",825.691271493672,"-"
"HNRNPA2B1","chr2_9418732_9423372",825.35511566092,"-"
"RBM25","chr12_55903480_55927724",825.152716270438,"-"
"RBM39","chr2_97206135_97211545",824.976183203339,"+"
"HNRNPA1","chr3_48922811_48924717",824.909307771174,"-"
"HNRNPC","chr3_183840640_183842297",824.34355439317,"-"
"TAF15","chr3_49975392_50048244",824.296658639021,"-"
"PCBP4","chr12_55938698_55938914",824.0088415404,"+"
"RBM39","chr17_16439703_16440184",823.970090396166,"+"
"RBM39","chr2_191678241_191678989",823.570587811856,"-"
"NCBP2","chr22_23791867_23793558",823.03808927901,"-"
"TIA1","chr2_241166441_241167044",822.186757653154,"-"
"KRR1","chr6_125292909_125300537",821.768062084815,"-"
"HNRNPC","chr19_11447597_11447692",821.51208488491,"+"
"MATR3","chr2_201234112_201266460",820.864994321998,"-"
"NONO","chr4_53399839_53414614",820.584019013682,"-"
"SF1","chr14_73099750_73103191",820.326468574905,"-"
"RBM39","chr22_20568631_20582610",820.281891891282,"-"
"HNRNPF","chr5_57214193_57221375",820.190071894557,"-"
"ZC3H8","chr17_28884315_28888944",819.917306036529,"-"
"PCBP1","chr5_140487060_140496519",819.91584818967,"+"
"SUPT6H","chr3_185926734_185937824",819.800989218398,"-"
"KHDRBS1","chr1_150839654_150846262",819.793255641245,"-"
"HNRNPAB","chr5_135346057_135352945",819.084886843553,"-"
"KRR1","chr19_48325610_48327520",819.030078012175,"+"
"INPPL1","chr2_105089069_105089919",818.9412501545,"-"
"EIF3G","chr1_110950123_110963620",818.725570300175,"-"
"UNKL","chr2_97187401_97190977",818.437452016345,"-"
"SSB","chr13_114286400_114286518",818.055706986401,"-"
"EWSR1","chr14_73366981_73409936",817.916539493921,"-"
"TIAL1","chr1_24663224_24666814",817.067588188703,"-"
"PUF60","chr20_30377721_30379584",816.765995726644,"-"
"PRR3","chr1_31911826_31918969",816.482895212292,"-"
"NONO","chr22_20568631_20575112",815.834092064182,"-"
"EIF3G","chr20_35655344_35658929",815.603609751484,"-"
"HNRNPA1","chr2_191682017_191683728",814.686253557819,"-"
"FXR1","chr12_55903480_55927724",814.667911270149,"-"
"TARDBP","chr2_201160942_201162995",814.178336459839,"-"
"SF1","chr13_37045373_37047534",813.971374325789,"-"
"RBM39","chr16_30076100_30076314",813.900912144609,"+"
"ZC3H8","chr20_31722348_31722617",813.456947040641,"+"
"SAMD8","chr12_56159730_56159974",812.584038427983,"-"
"ANKHD1","chr1_46686870_46689586",811.827107238764,"-"
"G3BP2","chr12_6602154_6602375",811.558882242954,"-"
"PTBP1","chr2_177234271_177263402",810.064534364141,"-"
"CPSF6","chr1_45661225_45686411",809.978936559683,"-"
"NCBP2","chr1_16635168_16643027",809.691887653966,"-"
"KRR1","chr3_88055999_88057190",809.049577622976,"-"
"RBM15","chr21_31685174_31685397",808.659799766543,"-"
"SART3","chr3_48927813_48945135",808.392667958826,"-"
"KHDRBS1","chr2_175118369_175130137",808.381409718228,"-"
"G3BP2","chr19_1273715_1274306",808.089012630068,"-"
"HNRNPA1","chr4_53391139_53399729",807.994075159072,"-"
"PABPC1","chr22_19475100_19475495",807.479569561175,"-"
"RBM12B","chr1_154988849_154990158",806.371315673206,"-"
"RBM39","chr1_67424959_67425082",806.226908737173,"-"
"RBM39","chr5_171405403_171406396",806.010577450279,"-"
"TIAL1","chr20_63873816_63882718",805.80379127472,"-"
"KHDRBS1","chr20_28601756_28602608",805.768305515336,"-"
"SCMH1","chr16_29566249_29594886",805.411692632535,"-"
"HNRNPM","chr2_161160484_161179613",804.717521157367,"-"
"UPF1","chr14_22518505_22547505",804.575658461462,"+"
"PUM2","chr2_71350271_71355718",803.984850290193,"-"
"HNRNPL","chr3_167720273_167734805",803.693905976098,"-"
"HNRNPF","chr2_74142360_74145188",803.612085001036,"-"
"CPSF6","chr5_151772036_151786602",803.602065912484,"-"
"SFPQ","chr15_25405502_25438488",803.410412775084,"-"
"CSTF2","chr17_78131737_78132358",802.90127767852,"-"
"CPSF7","chr13_37047936_37051487",802.786742167868,"-"
"KHDRBS1","chr13_37045373_37047534",802.465533977227,"-"
"TIAL1","chr18_36797050_36798448",801.803631638536,"-"
"KRR1","chr4_53428183_53440581",801.308765095792,"-"
"HNRNPA1","chr20_30377721_30379584",801.230220056816,"-"
"UPF1","chr3_47810711_47815962",800.828602752811,"-"
"FUS","chr12_6602175_6602375",799.728408109248,"+"
"HNRNPK","chr13_27440449_27445087",799.196697828848,"-"
"HNRNPM","chr2_73927052_73938909",799.190594262741,"-"
"RBM12B","chr2_73927052_73938909",799.111270631939,"-"
"PUF60","chr19_17405987_17406076",799.092411032607,"+"
"DUS3L","chr16_88700940_88701261",798.922882124512,"-"
"LARP7","chr1_236543040_236543559",798.848321831547,"-"
"SSB","chr6_31644194_31644306",798.718786793815,"+"
"EPHA4","chr14_24607747_24632914",798.660883362856,"-"
"SAFB2","chr5_79641196_79642843",798.295652503412,"-"
"PCBP1","chr2_74142360_74145188",798.022825116586,"-"
"MEX3C","chr6_158708391_158725502",797.811579877339,"-"
"TRA2A","chr17_78171054_78171738",797.652079394012,"+"
"PTBP1","chr13_37048599_37051487",797.33718437735,"-"
"PUF60","chr15_58899937_58901259",796.862409656168,"-"
"TRA2A","chr1_25243633_25245149",796.828662586187,"-"
"TIA1","chr4_53377923_53379072",796.735370646343,"-"
"FUS","chr14_23960003_23967210",796.640099978284,"+"
"CIRBP","chr2_232734486_232735154",796.116576335978,"+"
"HNRNPC","chr5_154941265_154956370",796.099568816624,"-"
"RBM15B","chr15_88880610_88881356",795.08430902826,"+"
"RAVER1","chr22_41680364_41682355",794.494158900401,"-"
"EWSR1","chr1_154212624_154214456",794.351576920056,"-"
"GRSF1","chr2_201272776_201274888",793.947147286992,"-"
"U2AF1","chr16_68302509_68304025",792.680605703231,"-"
"MATR3","chr2_70227822_70229058",792.653471569478,"-"
"SCML1","chr3_28291954_28292735",792.642955720676,"+"
"PABPC1","chr12_62325933_62355330",792.624461313026,"+"
"HNRNPK","chr2_230462518_230466300",792.618365643588,"-"
"HNRNPA2B1","chr1_46686870_46689586",791.996088673166,"-"
"G3BP1","chr1_23333631_23337753",791.987338979406,"-"
"PCBP2","chr20_38421098_38426418",791.875564684946,"-"
"U2AF1","chr3_3153488_3154746",791.519168264391,"-"
"SF3B4","chr5_112864732_112867371",790.047587138666,"-"
"NCBP2","chr15_66494552_66497641",790.017987213957,"-"
"PABPC1","chr19_8483211_8485602",790.01105863353,"-"
"SAMD8","chr1_111139711_111140037",788.647885419633,"-"
"U2AF1","chr12_98545061_98546358",788.278314163955,"-"
"MTHFSD","chr2_232697392_232703423",787.947197140572,"+"
"HNRNPK","chr17_6641152_6641752",787.44604324381,"-"
"U2AF2","chr21_34073745_34102834",787.433488169792,"+"
"RBM12B","chr2_97538363_97558798",786.450654284948,"-"
"PCBP2","chr1_6785575_6825091",785.358813146721,"+"
"SART3","chr1_155689174_155709772",785.190706073727,"-"
"LARP1B","chr20_36614387_36615224",783.101990602231,"+"
"MATR3","chr13_114282943_114286518",782.629244142501,"-"
"GRSF1","chr5_179618323_179620891",782.547545774982,"-"
"GRSF1","chr3_38129388_38131595",782.087879540562,"-"
"PNPT1","chr20_35699451_35699632",781.164388867788,"+"
"KHDRBS1","chr1_185306625_185307013",781.01493439929,"-"
"SSB","chr22_32475124_32478980",780.515053391266,"-"
"TARDBP","chr3_25729318_25732318",780.280936348153,"-"
"EWSR1","chr1_11654952_11655805",780.157363988176,"-"
"HNRNPK","chr1_51750195_51760689",779.688341599581,"+"
"NCBP2","chr15_74024927_74033155",779.609106443209,"-"
"PCBP1","chr5_151063747_151064959",779.535442794059,"-"
"PABPC1","chr19_9828064_9828326",779.050210813565,"-"
"PCBP2","chr19_8483211_8485602",778.832094813434,"-"
"EIF3G","chr4_87047594_87084119",777.981940078783,"-"
"EIF3G","chr2_229859574_229879981",777.765651258566,"-"
"EPHA4","chr2_86842377_86844921",777.424181306524,"-"
"SF3B4","chr20_18507990_18510821",777.308688409286,"-"
"TUT1","chr12_48660619_48667692",776.756825968045,"-"
"TIAL1","chr20_16730164_16731667",776.669539658655,"-"
"GRSF1","chr20_58668127_58670511",776.134048334166,"-"
"ZC3H8","chr2_27774530_27779432",775.453554947012,"-"
"RBM25","chr17_28884315_28888944",775.194919659811,"-"
"HNRNPC","chr16_20900535_20915555",774.845437914059,"+"
"NONO","chr2_189783123_189784268",774.711889944209,"-"
"SFPQ","chr3_185926734_185937824",774.578768169292,"-"
"HNRNPA0","chr20_58895684_58903530",773.141173984271,"-"
"PABPC1","chr17_41913900_41918879",772.822325494232,"-"
"TIAL1","chr1_45685620_45686411",772.742915306452,"-"
"HNRNPA0","chr17_75268192_75270113",772.416299848515,"-"
"RBM39","chr14_91114283_91157638",772.282048781221,"-"
"SF3B4","chr2_222900780_222908732",772.013641729551,"-"
"G3BP1","chr17_73209768_73227164",771.745413535489,"-"
"TRA2A","chr14_73355766_73409936",771.38510336096,"-"
"PPFIA1","chr3_101372126_101417592",770.896801013636,"-"
"FUS","chr2_68047319_68062957",770.530132459705,"-"
"RBM39","chr6_125292909_125300537",770.13154721963,"-"
"PUM2","chr2_232734486_232735154",769.824589277063,"-"
"SFPQ","chr6_111696456_111700103",769.668299052961,"-"
"HNRNPC","chr1_1390865_1393395",769.40018469275,"-"
"PUF60","chr3_50103166_50104247",769.236164198582,"-"
"EWSR1","chr3_47917174_47921764",768.904930087009,"-"
"U2AF2","chr17_76729794_76732977",768.371563584983,"-"
"HNRNPA2B1","chr5_177441053_177441736",766.612904587519,"-"
"EIF3G","chr1_185306625_185307013",765.479161418975,"-"
"MATR3","chr1_207767823_207770320",764.983859947456,"+"
"RBM25","chr2_71331865_71355718",763.023383542822,"-"
"HNRNPF","chr16_22519414_22523819",762.806383957612,"-"
"EIF4B","chr20_16730064_16731667",762.610087346495,"-"
"UNKL","chr3_48922811_48924717",762.350963995173,"-"
"CIRBP","chr16_29809764_29810076",761.421212459367,"-"
"RBM15","chr17_78119392_78121012",761.275249508845,"-"
"HNRNPK","chr1_24662804_24666814",761.091174419528,"-"
"UNKL","chr1_31911826_31918969",760.735357257109,"+"
"FUS","chr2_135616757_135621493",760.725997359535,"-"
"PCBP1","chr19_41906025_41906702",759.790542474551,"-"
"PPFIA1","chr5_71604468_71632120",759.697978261176,"-"
"EIF2S1","chr17_49706334_49706964",759.585469159834,"-"
"PRR3","chr2_95904833_95910539",759.580971795075,"-"
"RBM39","chr2_73927052_73938909",758.380319793084,"-"
"SF1","chr4_26321048_26362445",758.335319546256,"-"
"SF1","chr2_202297906_202300233",758.170813648166,"-"
"EIF4B","chr17_73212740_73227164",757.998743704964,"-"
"PRR3","chr1_6820250_6825091",757.619681036907,"-"
"MEX3C","chr1_53852270_53860055",757.600993040011,"-"
"SLBP","chr5_178209447_178210131",757.47088683867,"-"
"CPSF6","chr22_29832342_29838177",756.852599722256,"+"
"NCBP2","chr1_85259061_85259357",756.729701931246,"-"
"GRSF1","chr5_178211970_178214795",756.642494745087,"-"
"RBM25","chr17_6641152_6641752",756.075158329773,"-"
"HNRNPA1","chr4_87047594_87084119",755.918279636526,"-"
"SAFB2","chr6_111780635_111793622",755.564589698376,"-"
"PCBP2","chr6_31644194_31644524",755.542298593592,"-"
"SFPQ","chr4_26321048_26362445",755.437356314075,"-"
"SF1","chr17_49706334_49706964",754.869509193718,"-"
"PCBP1","chr1_11654952_11655805",754.602704680109,"-"
"SETD1A","chr2_227352573_227355676",754.374263129727,"+"
"PUM2","chr14_65101572_65102303",753.754372786834,"-"
"RBM25","chr22_38752665_38755762",753.588837419197,"-"
"G3BP2","chr17_35657791_35671753",753.07114051126,"+"
"FUS","chr19_1011612_1011740",752.823510629372,"+"
"HNRNPA2B1","chr13_114282943_114286518",752.728137041365,"-"
"HNRNPK","chr2_38577532_38577919",752.633245892291,"-"
"SAFB2","chr19_10797518_10798485",752.227442952061,"-"
"HNRNPC","chr2_169824640_169824781",751.625239398713,"-"
"YTHDF1","chr6_29889604_29890263",751.410694268907,"-"
"PPIL4","chr15_42457158_42466052",750.793362186507,"-"
"RBM15","chr2_201272942_201276826",750.165802901637,"-"
"PUM2","chr4_53377923_53379072",750.157949253565,"-"
"CIRBP","chr17_18251813_18251998",749.631419364899,"-"
"LARP4","chr20_58669453_58670511",749.614714837697,"-"
"ZC3H10","chr2_191010004_191014017",749.541573239699,"+"
"MATR3","chr18_9204544_9208656",749.108525287124,"-"
"HNRNPC","chr17_7013516_7013665",749.099523089952,"+"
"MSI2","chr1_11745837_11747439",748.994339966971,"-"
"PUM2","chr2_55577356_55578246",748.626827776863,"-"
"EIF3G","chr14_65093815_65102303",748.56225285426,"-"
"HNRNPA2B1","chr16_89878627_89883350",748.025664897139,"+"
"SF1","chr12_56160320_56161386",747.094433898924,"-"
"ASCC1","chr13_52659249_52662648",747.093693617426,"-"
"PABPC4","chr2_55578342_55579678",746.696300092815,"+"
"HNRNPK","chr17_7013516_7013665",746.639250758389,"-"
"CCAR1","chr2_175118369_175130137",746.34580398341,"-"
"ZRANB2","chr2_55577356_55579678",746.316008879649,"-"
"PUF60","chr6_10749698_10755141",745.657238231065,"-"
"TARDBP","chr17_77451528_77482143",745.543966327044,"+"
"CNKSR2","chr2_96549805_96550028",745.091082945608,"+"
"RBM25","chr2_169824640_169824867",745.057564740709,"-"
"KHDRBS1","chr3_50103166_50104247",744.305575286171,"-"
"HNRNPK","chr2_229859574_229860405",744.194237556376,"-"
"PTBP1","chr2_44218537_44232315",743.451642801211,"+"
"PUF60","chr14_73355766_73409936",742.554354966121,"-"
"PCBP1","chr15_72752892_72755555",742.060967577368,"-"
"ZCCHC14","chr2_161160484_161179613",741.647495852258,"+"
"PABPC1","chr20_63873816_63882718",741.240675413683,"+"
"CIRBP","chr14_35116737_35121901",741.108785798619,"-"
"HNRNPK","chr17_49622876_49677932",740.957432153197,"-"
"G3BP1","chr19_1011663_1011740",740.846266293148,"-"
"TIAL1","chr21_33432802_33436882",740.770904045485,"+"
"FUS","chr1_51730124_51745535",740.502164018827,"-"
"RBM39","chr2_169824640_169824867",740.455630633306,"-"
"LARP1B","chr1_151310255_151315572",740.331246540092,"+"
"FXR2","chr2_95888120_95958590",739.971531122267,"-"
"PTBP1","chr2_189782602_189784268",739.957710958484,"-"
"U2AF1","chr1_43975107_43976089",739.954702512721,"-"
"ZC3H8","chr2_74135658_74145188",739.919406675223,"-"
"ASCC1","chr5_178209447_178210552",739.751750442398,"-"
"PCBP2","chr19_34209051_34215595",739.500542923716,"-"
"RBM25","chr3_185926734_185937824",739.042251371944,"-"
"RBM22","chr1_231229209_231238856",738.446537921258,"-"
"HNRNPA1","chr2_169584899_169603641",737.957381861347,"-"
"ALKBH8","chr19_54200893_54201159",737.939935986214,"+"
"NONO","chr1_20779911_20787194",737.889333267825,"-"
"NONO","chr16_22519414_22523819",737.469235380193,"-"
"HNRNPL","chr3_49310737_49324701",737.160054642051,"-"
"LARP4","chr22_40178140_40246014",737.030503561703,"-"
"G3BP2","chr4_82355401_82356795",736.683997696317,"-"
"PTBP1","chr2_177234271_177264531",736.213482982916,"-"
"HNRNPA2B1","chr13_37048599_37051487",736.197040721544,"-"
"HNRNPA2B1","chr22_20575232_20582610",735.769267294319,"-"
"RBM22","chr1_32327458_32327535",734.808370887062,"+"
"RBM39","chr20_47298947_47310055",734.509319288969,"-"
"G3BP1","chr1_23967723_23971572",734.036041356859,"-"
"SF1","chr17_82244831_82248874",733.536407994773,"-"
"EWSR1","chr1_85259061_85259357",733.180704076132,"-"
"MSI2","chr2_201160942_201162995",733.006427881088,"+"
"G3BP2","chr2_27772692_27779432",732.832741514605,"-"
"SFPQ","chr16_29808741_29810076",732.179800627565,"-"
"HNRNPM","chr2_177234271_177263402",731.920754974079,"-"
"HNRNPF","chr16_31091342_31094556",731.54602227879,"-"
"HNRNPA2B1","chr4_53391139_53391429",731.542604485242,"+"
"PABPC1","chr20_49280570_49289044",731.478879777756,"-"
"HNRNPA2B1","chr2_271939_272191",731.44421578789,"-"
"CPSF4","chr3_9813345_9816073",731.179976579531,"+"
"ZRANB2","chr2_241166441_241167044",730.87434800631,"-"
"HNRNPC","chr22_46337944_46346421",730.618196755741,"+"
"AKAP1","chr16_68266721_68274690",730.573680873904,"-"
"RBM39","chr2_37201726_37204303",730.165672949891,"-"
"FUS","chr4_102826636_102827943",729.898740274174,"-"
"G3BP1","chr1_150441958_150443230",729.277601717836,"+"
"EIF4B","chr1_108698017_108698603",728.761194143985,"-"
"EIF4B","chr2_55577356_55579678",728.474075959523,"-"
"TIA1","chr1_84570139_84570581",728.464394376122,"-"
"RBM39","chr20_31722330_31722617",727.472023830169,"+"
"CIRBP","chr2_86171345_86173649",726.760646056807,"-"
"NONO","chr1_23109127_23168765",726.580464392212,"-"
"PCBP2","chr18_26035127_26038554",726.574699022487,"-"
"FXR1","chr16_70039100_70042350",726.019296228501,"+"
"LARP7","chr12_56160320_56161386",725.926062785889,"-"
"EIF2S1","chr3_101574279_101579789",725.829384978097,"-"
"RBM39","chr1_155260659_155262085",725.662068415522,"-"
"CNKSR2","chr16_53445929_53447041",725.431417036983,"+"
"G3BP1","chr1_207790345_207793518",725.236099472908,"-"
"HNRNPM","chr22_20575232_20582610",724.740876150812,"-"
"EIF2S1","chr17_81891833_81893551",724.591006727078,"-"
"SF3B4","chr22_23791867_23793558",723.631061504092,"-"
"NONO","chr1_28560732_28561345",723.576317118425,"-"
"RBM17","chr19_805187_806407",723.492357335352,"-"
"U2AF1","chr5_139293805_139314674",723.481205250881,"-"
"U2AF1","chr15_64075537_64088686",723.102198161408,"-"
"MATR3","chr17_59112345_59131280",722.41627147465,"+"
"RCAN2","chr17_50737479_50740305",721.105537806088,"-"
"CPEB3","chr3_32955261_32956707",720.979188844791,"+"
"G3BP1","chr2_135605016_135616667",720.676259231626,"+"
"GRSF1","chr2_191682017_191683728",720.597874849869,"-"
"SF1","chr2_70227822_70229058",720.460660688374,"-"
"PCBP1","chr20_45418979_45419294",720.109637385244,"-"
"HNRNPA2B1","chr1_77967101_77967626",719.643828571837,"-"
"UNKL","chr2_44218537_44230412",719.47699810308,"-"
"SAMD12","chr1_26363154_26364531",719.449518539936,"+"
"HNRNPK","chr3_66221127_66243202",719.316330878657,"-"
"QKI","chr14_65093815_65102303",717.432302972576,"-"
"RBM25","chr17_82246039_82248874",717.354194853627,"-"
"HNRNPA2B1","chr17_3720402_3723687",717.154730142581,"-"
"PARN","chr1_45551155_45561788",716.655338105585,"-"
"CCAR1","chr17_82019381_82019857",716.247319438914,"-"
"RBM25","chr1_207767823_207770320",716.052013948912,"-"
"CIRBP","chr2_27774530_27779432",715.433041093507,"-"
"U2AF1","chr1_1390865_1393395",714.912661599662,"-"
"RBM39","chr3_170178938_170181701",714.731782719745,"-"
"HNRNPA0","chr20_63873816_63882718",714.705169317761,"-"
"HNRNPM","chr19_34226464_34227364",714.67030199782,"-"
"CSTF2T","chr1_160244034_160262448",714.530444672011,"+"
"ASCC1","chr3_28241812_28263290",714.486906063663,"-"
"EIF4B","chr15_76292700_76311349",714.283387903476,"-"
"SSB","chr2_222900780_222908732",712.961676105021,"-"
"TRA2A","chr2_219230405_219231927",712.036213191001,"-"
"FUS","chr3_52700496_52705446",711.698998511458,"-"
"PTBP1","chr2_74135658_74145188",711.269081003201,"-"
"KHDRBS1","chr14_73148094_73170796",711.119468557782,"-"
"FXR1","chr2_159712606_159729008",710.847688202994,"-"
"EIF4B","chr12_56116863_56117188",709.879660224665,"+"
"DKC1","chr1_244835756_244842194",709.312902766535,"+"
"SETD1A","chr1_23341020_23344210",709.298762178309,"+"
"U2AF2","chr2_27772692_27779432",709.266797637111,"+"
"CPSF4","chr17_42316851_42317181",709.089692940565,"+"
"NONO","chr2_229859574_229879981",708.697561827413,"-"
"PUM1","chr1_28560732_28561345",708.576071501128,"-"
"HNRNPC","chr2_37201726_37204303",708.476111453673,"-"
"HNRNPK","chr13_37048599_37051487",708.203434624887,"-"
"NONO","chr17_81891833_81893551",708.130148403313,"-"
"HNRNPA2B1","chr6_31644194_31644306",708.068210510138,"+"
"PCBP1","chr19_1011663_1011740",707.942038006992,"+"
"SLBP","chr12_53462567_53465931",706.918843246029,"-"
"HNRNPA2B1","chr3_42619708_42620015",706.16039034654,"-"
"PABPC1","chr4_82857764_82863317",705.973791370021,"-"
"SLTM","chr3_28241812_28263290",704.155272165037,"-"
"U2AF1","chr14_101917947_101925140",704.061440735171,"-"
"G3BP1","chr3_48922811_48924717",703.936817342965,"-"
"CPSF4","chr12_43771365_43772179",703.855924512266,"+"
"HNRNPA2B1","chr1_45551155_45561788",703.070401895711,"-"
"NCBP2","chr16_31701858_31702534",702.999706271684,"+"
"PTBP1","chr20_49280964_49289044",702.939887175412,"-"
"EIF2S1","chr17_82019694_82019857",702.134458331607,"-"
"PCBP2","chr17_82244831_82248874",701.89168581544,"-"
"PARN","chr20_3123406_3159765",701.836211937878,"-"
"FUS","chr19_805569_806407",701.706702029047,"-"
"HNRNPL","chr16_66558348_66565885",700.745986815332,"+"
"RBM39","chr2_230416328_230442936",700.640930403241,"+"
"TAF15","chr3_49975392_49999439",699.744950066893,"-"
"SFPQ","chr16_67082339_67098709",699.728680015711,"-"
"TIA1","chr22_32475124_32478980",699.494137968426,"-"
"PARN","chr17_82449292_82450699",699.416878235718,"-"
"PTBP1","chr3_101574279_101579789",698.839093910436,"-"
"NCBP2","chr1_155921628_155921860",697.974168958773,"-"
"CCAR1","chr19_18431418_18431646",697.569040490739,"+"
"ZRANB2","chr4_185191212_185203897",697.346737305014,"-"
"HNRNPM","chr2_27774530_27779432",697.238532941202,"-"
"MATR3","chr2_74142360_74145188",696.59195717039,"-"
"PABPC1","chr15_44380976_44413335",696.471060040664,"-"
"HNRNPA0","chr20_58898985_58903530",696.372106558534,"-"
"NONO","chr2_175118369_175130137",696.082268716628,"+"
"ZRANB2","chr17_82246039_82248874",696.06958354686,"-"
"RBM25","chr6_116571655_116574057",695.342355704041,"-"
"HNRNPM","chr2_73946906_73950584",695.115257839332,"-"
"SF1","chr2_27774530_27779432",694.795087333384,"-"
"SF1","chr5_96727530_96729611",694.738784618899,"-"
"KHDRBS1","chr5_178209447_178210552",693.829136566306,"-"
"HNRNPC","chr16_89878627_89883350",693.289591313946,"-"
"CCAR1","chr1_207785682_207793518",692.004069342096,"-"
"CIRBP","chr16_1786655_1787676",691.872770766023,"-"
"PPIL4","chr17_6641227_6641752",691.830143974163,"-"
"SUPT6H","chr17_81891841_81894466",691.773275316724,"-"
"RBM39","chr1_185306625_185307013",691.505967720812,"-"
"FUS","chr14_73355766_73409936",691.144763063665,"+"
"PABPC1","chr1_111139666_111140037",690.472824681717,"+"
"KRR1","chr19_18538433_18539370",690.125000841769,"+"
"KRR1","chr12_56160320_56161386",689.994198014075,"-"
"HNRNPC","chr3_146525647_146533469",689.158613341951,"-"
"RBM22","chr1_154966077_154966161",689.127695872272,"+"
"NCBP2","chr1_51730124_51745535",688.966070815565,"-"
"EIF2S1","chr20_34073635_34075873",688.338256368537,"-"
"PUM1","chr2_48314814_48346200",688.202047988887,"-"
"FUS","chr17_44187743_44188934",688.088382571241,"+"
"TAF15","chr2_232567214_232568944",688.058096859951,"-"
"RBM17","chr1_151307801_151315572",688.000078245847,"-"
"RBM39","chr6_125292909_125298713",687.978185537072,"-"
"CIRBP","chr1_53888986_53889712",687.95672787556,"+"
"RBM17","chr3_47917174_47921764",687.612710250565,"-"
"U2AF1","chr5_96727530_96729611",687.474177124534,"-"
"HNRNPAB","chr1_35184593_35187000",687.366108711223,"-"
"MATR3","chr1_154214574_154220341",687.282810676949,"-"
"PHC2","chr2_30147062_30148244",687.085800030467,"+"
"FUS","chr16_68266721_68274690",686.586030312081,"-"
"G3BP1","chr3_101574279_101579789",685.951529772216,"-"
"FUBP3","chr4_182915575_182917310",685.212461591919,"+"
"SF1","chr2_74528489_74529131",684.855908414212,"-"
"SLTM","chr17_44212454_44212818",684.855631775508,"-"
"EIF3G","chr2_99171646_99173914",684.638164314436,"-"
"U2AF1","chr16_69626528_69647027",683.866020458776,"-"
"SFPQ","chr2_229859574_229879981",683.469220241824,"+"
"PCBP4","chr12_124912427_124913339",683.216875068898,"-"
"TARDBP","chr17_7017014_7017256",683.125512338271,"-"
"PABPC1","chr12_4605086_4610154",682.421894962807,"+"
"U2AF1","chr17_35587597_35594007",682.027625062499,"-"
"MATR3","chr1_154988849_154990158",681.685734322999,"-"
"G3BP1","chr22_40400813_40402138",681.555795515385,"-"
"PUF60","chr12_53462567_53465931",681.247086938732,"-"
"CPSF6","chr20_35021356_35035122",681.194189521406,"-"
"RBM39","chr1_71065137_71066775",680.719629176675,"-"
"HNRNPC","chr4_26321048_26362445",679.948759677526,"-"
"HNRNPC","chr17_35017606_35026373",679.874212966711,"+"
"HNRNPF","chr2_272305_275139",679.829309016399,"-"
"HNRNPK","chr2_73946906_73950584",677.642192805815,"-"
"PUM1","chr16_70039100_70042350",677.410890867165,"-"
"RBM25","chr2_189782602_189784268",676.910113875234,"-"
"RBM39","chr1_23967723_23971572",676.291336275758,"-"
"KRR1","chr12_47966229_47966682",675.753588558567,"-"
"CPSF7","chr17_35587597_35594007",675.312729291182,"-"
"MATR3","chr2_232700654_232703423",674.359113490015,"+"
"SF3B4","chr1_45685620_45686411",674.20546319155,"-"
"EWSR1","chr6_125292909_125298713",674.126855243058,"-"
"PCBP2","chr3_42619708_42620015",673.762477130714,"-"
"ZC3H8","chr17_42567655_42568836",672.961483162221,"-"
"U2AF1","chr2_71350271_71355718",672.427703859633,"-"
"HNRNPA1","chr1_1390865_1393395",671.835430176408,"-"
"PABPC1","chr1_53888986_53889712",671.61347630113,"-"
"MATR3","chr2_232697392_232700584",671.532645585009,"+"
"SF1","chr12_53467293_53468776",670.880188680384,"-"
"HNRNPL","chr2_197418588_197418895",669.67594455203,"+"
"G3BP2","chr22_32475124_32478980",669.602588516623,"-"
"HNRNPK","chr3_48922811_48924717",669.356852791217,"-"
"CIRBP","chr17_73212740_73227164",668.954722193277,"-"
"RBM17","chr17_37579434_37584647",668.887124993015,"-"
"ZC3H8","chr12_42352049_42355160",668.689784843433,"-"
"KRR1","chr15_44403054_44413335",667.912209115292,"-"
"RBM39","chr18_49491833_49492457",665.645783341052,"+"
"HNRNPF","chr19_11447618_11447692",664.532097519464,"-"
"NUFIP1","chr1_154214574_154220341",664.100598100752,"-"
"G3BP2","chr1_150441958_150443230",663.979727351297,"-"
"PABPN1","chr1_203017919_203018480",663.859402933786,"+"
"FUS","chr4_53377923_53379224",663.689176909156,"-"
"ZC3H12B","chr2_222887888_222908732",663.64391654799,"-"
"FUS","chr20_47298947_47310055",662.992240551046,"-"
"RBM25","chr19_18431418_18431646",662.859187315853,"-"
"HNRNPM","chr2_86171345_86173649",662.736234786454,"-"
"RBM15","chr6_116571655_116580294",662.182228483818,"-"
"SARM1","chr12_9669795_9687901",661.763712552963,"+"
"G3BP2","chr3_42619708_42620015",661.611566716992,"-"
"RBM39","chr16_22513610_22513763",661.549626230498,"+"
"TRA2A","chr14_35116737_35121901",661.356412666534,"-"
"HNRNPF","chr2_55577356_55578246",660.427363184136,"-"
"SLTM","chr16_208188_220648",660.406133665605,"-"
"HNRNPM","chr3_48922811_48924717",660.258757584477,"-"
"CPSF6","chr19_1011612_1011740",659.33434671112,"-"
"EWSR1","chr1_228141288_228145510",659.208176801204,"-"
"HNRNPK","chr3_101574279_101579841",659.095926785227,"-"
"FUS","chr2_207561160_207567462",658.521397748104,"-"
"HNRNPF","chr12_55903480_55927724",657.914682482334,"-"
"CPEB2","chr1_53888986_53889712",657.484440338057,"+"
"PCBP1","chr3_52700496_52705446",657.342494433883,"-"
"NCBP2","chr3_101574279_101579841",656.563733829397,"-"
"RBM17","chr2_55578342_55579678",656.533297035603,"-"
"HNRNPC","chr3_101574279_101579841",656.024392469521,"-"
"PUF60","chr2_237994809_238025341",655.99362384319,"+"
"SLTM","chr5_43555999_43556581",655.986788122472,"-"
"FMR1","chr1_1390865_1393395",655.576997691536,"-"
"PABPC1","chr22_46337944_46346421",655.288701054127,"+"
"SFPQ","chr20_35655344_35658929",654.765613881864,"-"
"PCBP1","chr2_241150547_241157806",654.591478316284,"-"
"GRSF1","chr17_81682149_81683012",653.755312961656,"-"
"CSTF2","chr6_31644194_31644524",653.751360425016,"-"
"EWSR1","chr17_7015156_7016494",653.405042151739,"-"
"PUM1","chr2_70216499_70216752",653.063669896186,"-"
"MATR3","chr17_76091235_76094413",652.565459984076,"-"
"HNRNPA0","chr17_18251816_18251998",652.493239650114,"-"
"TIA1","chr22_20568631_20582610",652.231157188017,"-"
"EIF4B","chr2_74491666_74492003",652.082309701026,"-"
"HNRNPM","chr22_19471808_19479082",651.813647941176,"-"
"MATR3","chr1_11654952_11655805",650.726966278083,"-"
"HNRNPA1","chr1_53889463_53889712",650.620044013811,"+"
"PTBP1","chr17_78171054_78171738",650.576432888774,"-"
"LARP7","chr12_56160670_56161386",650.56081968991,"+"
"TIA1","chr1_71065137_71066775",650.382659232425,"-"
"U2AF1","chr19_48325610_48327520",650.299375962191,"+"
"HNRNPK","chr5_134738792_134750758",649.602727875604,"+"
"HNRNPA2B1","chr21_33432802_33439213",649.590539697482,"-"
"ZC3H8","chr2_74135658_74145188",649.254334242334,"-"
"U2AF1","chr2_272305_275139",649.206516419992,"-"
"TIA1","chr22_32475398_32478980",648.780827933735,"-"
"SLBP","chr2_73957240_73958145",648.737701169551,"-"
"RBM17","chr2_241166441_241167044",648.549010490671,"-"
"HNRNPA1","chr4_53399839_53425871",648.030894750412,"-"
"HNRNPK","chr2_152677475_152679351",646.978658340762,"-"
"MSI2","chr13_52659249_52662648",646.856942034764,"-"
"NONO","chr17_49706334_49706964",646.540495557757,"+"
"HNRNPL","chr13_37048599_37051487",645.985098282593,"-"
"HNRNPA1","chr19_29942664_29985222",645.860471082555,"+"
"RBM15","chr3_49975392_49999439",644.809594807956,"-"
"EWSR1","chr22_32475124_32478980",644.428302297616,"-"
"PABPC1","chr3_28241812_28316332",644.360542660614,"-"
"RBM17","chr2_135616757_135621493",644.329706570521,"-"
"HNRNPA1","chr12_98545061_98546358",644.252364779939,"+"
"FMR1","chr2_191678241_191678989",643.990550066121,"-"
"SF3B4","chr16_69646578_69647027",643.812201666612,"-"
"PCBP1","chr14_23565701_23566063",643.3498994071,"-"
"RBM25","chr2_230462518_230466300",642.908978967324,"-"
"TIA1","chr1_7961735_7962762",642.731469121155,"-"
"PNPT1","chr22_23791894_23793558",642.24057001748,"-"
"EIF3G","chr12_53467293_53468776",641.286953051954,"-"
"EIF4B","chr2_70227822_70229058",641.228109927629,"-"
"TARDBP","chr3_52700496_52705446",640.85011100046,"-"
"HNRNPA1","chr2_206765747_206766643",640.253976135824,"+"
"TRA2A","chr15_101651773_101652270",639.805101947122,"-"
"HNRNPC","chr17_73227264_73232085",639.573979663039,"-"
"CIRBP","chr6_31644194_31644306",639.562103530471,"+"
"RBM22","chr19_8474244_8485602",639.550234016998,"-"
"NONO","chr2_135605016_135621493",639.36561315686,"+"
"NONO","chr16_89878627_89883350",639.192168729705,"-"
"HNRNPC","chr1_154988849_154990158",638.967379039512,"-"
"ASCC1","chr22_29748571_29766948",638.162751362093,"-"
"U2AF1","chr22_20568631_20582610",638.13058417501,"-"
"TIAL1","chr17_76091235_76094413",637.65607772161,"+"
"U2AF1","chr1_35184593_35187000",637.501848020062,"-"
"SFPQ","chr5_154941265_154950820",637.434825716631,"-"
"SF3B4","chr4_82857764_82863317",637.337306420596,"-"
"PUM2","chr3_33072713_33096718",637.127910971698,"-"
"HNRNPA1","chr13_114282943_114286518",637.070012303147,"-"
"G3BP1","chr2_70228462_70229058",636.960646120693,"-"
"PTBP1","chr12_42326229_42335882",636.668451033081,"-"
"EIF4B","chr1_46688544_46689586",636.558269454768,"-"
"MATR3","chr3_69077918_69080111",636.489919634793,"-"
"HNRNPM","chr4_53377923_53379072",636.279907210584,"-"
"HNRNPC","chr3_197621868_197623219",635.829155528293,"+"
"TAF15","chr6_116571655_116580294",635.800992478494,"-"
"NONO","chr16_20900889_20915555",635.678964557064,"+"
"SSB","chr12_56160320_56161386",635.244587113303,"-"
"CPSF7","chr6_31644194_31644524",635.02428271756,"+"
"TARDBP","chr6_31644194_31644306",634.552123862597,"+"
"PCBP1","chr3_146525647_146533469",634.525569582996,"-"
"EIF3G","chr2_201160942_201163834",634.44297778879,"-"
"EIF3G","chr1_44635588_44636029",634.420657884227,"+"
"PCBP4","chr5_154858768_154863206",634.216855193828,"-"
"HNRNPC","chr22_46337944_46346421",633.196882460033,"+"
"MATR3","chr1_207790345_207793518",632.660959917085,"-"
"PUM1","chr3_69077918_69080333",632.472711809328,"-"
"HNRNPL","chr1_23967723_23971572",632.393680933083,"-"
"PABPC4","chr12_31298224_31326023",632.110308303145,"-"
"GRSF1","chr20_34073635_34075873",632.019942589346,"-"
"SF1","chr1_114737563_114737962",631.958248684471,"-"
"ZC3H8","chr1_244835756_244842194",631.8758470617,"-"
"MATR3","chr2_161160486_161179613",631.855863401617,"-"
"FXR1","chr14_24232788_24233218",631.634160080803,"-"
"EIF2S1","chr3_47917174_47921764",631.611215051413,"+"
"RBM25","chr2_272065_272191",630.555670785002,"-"
"KRR1","chr20_47298872_47310055",630.4937202302,"-"
"PUF60","chr20_28601756_28602608",630.244784931087,"-"
"SF1","chr2_191682017_191683728",630.230891161406,"-"
"HNRNPC","chr5_140464776_140482579",628.794784737798,"-"
"HNRNPC","chr22_23791894_23793558",628.745709659788,"+"
"RCAN2","chr17_44187743_44188934",628.694803181437,"-"
"SSB","chr20_30388578_30393550",628.680298130042,"-"
"HNRNPC","chr6_116571655_116580294",628.595265888756,"-"
"GRSF1","chr5_154858768_154863206",628.524343874803,"-"
"HNRNPM","chr3_146525647_146528613",628.36582395734,"-"
"EWSR1","chr1_16632371_16633094",628.207182253547,"-"
"FUBP3","chr16_67082308_67098709",627.899785471153,"-"
"PABPC1","chr20_63873816_63882718",627.416244675798,"+"
"G3BP1","chr3_185926734_185937824",626.805981882054,"-"
"HNRNPA1","chr2_30147062_30148244",626.803788498122,"-"
"SSB","chr22_23791867_23793558",626.732968354767,"-"
"RBM25","chr19_36122173_36125450",626.162847498925,"-"
"SSB","chr4_53399839_53414614",626.111909860157,"-"
"HNRNPC","chr2_73950732_73958145",625.834378054637,"-"
"PABPC1","chr22_46337944_46346421",625.834344690076,"+"
"CSTF2","chr20_28601756_28602608",625.123068840974,"-"
"HNRNPA1","chr2_230462518_230466300",624.837594809058,"-"
"RBM25","chr5_154941265_154956370",624.533940350225,"-"
"RBM17","chr19_35745187_35745347",624.340502132691,"-"
"EIF3G","chr20_58669453_58670511",624.035510148982,"-"
"EWSR1","chr6_31835451_31836423",623.999571525538,"-"
"HNRNPA0","chr20_63873816_63882718",623.697390329041,"-"
"HNRNPA2B1","chr2_232697392_232700584",623.331629906832,"+"
"FUS","chr1_1655484_1657374",623.3158566431,"-"
"HNRNPC","chr4_82355401_82356795",623.104161789642,"-"
"HNRNPK","chr20_47298947_47310055",623.063576656961,"-"
"SSB","chr17_82019381_82019857",622.93281956759,"-"
"NONO","chr2_65056524_65069398",622.711706422022,"+"
"EWSR1","chr2_74135658_74142271",622.624310694665,"-"
"HNRNPL","chr22_32475124_32479132",622.49532794846,"-"
"PCBP2","chr2_99173502_99173914",622.050310967461,"-"
"KRR1","chr17_78171054_78171738",622.047297927626,"-"
"G3BP2","chr16_70039100_70042350",621.53321284129,"-"
"PUF60","chr16_634797_635280",620.996466111798,"-"
"TIAL1","chr1_67424959_67425082",620.833650845476,"-"
"PABPC1","chr1_75790057_75791284",620.809805288211,"-"
"RBM39","chr6_111780635_111846588",620.266789240177,"-"
"PUF60","chr2_71331875_71355718",620.233900231467,"-"
"CSTF2T","chr5_133006920_133022840",620.218585557602,"-"
"SUPT6H","chr2_71331865_71355718",619.945925955943,"-"
"G3BP2","chr17_35587597_35594007",619.353235932003,"-"
"SLTM","chr2_68047319_68062957",619.270868946131,"-"
"ZC3H8","chr1_25243633_25245149",619.048643779918,"-"
"PUM2","chr2_65056528_65069398",618.655692069992,"+"
"EIF2S1","chr6_31620858_31622689",618.40376219459,"-"
"U2AF1","chr17_35670898_35671753",618.222505390492,"-"
"HNRNPL","chr20_3123406_3159765",617.609565010279,"+"
"MSI2","chr2_97206135_97211545",617.453229093181,"+"
"SF3B4","chr2_230462518_230466300",617.374031036356,"-"
"HNRNPK","chr6_31644194_31644306",616.819234109225,"+"
"CSTF2T","chr14_23960003_23967210",616.710093127421,"-"
"MSI2","chr17_36578192_36579244",616.511129171375,"-"
"MSI2","chr1_155260659_155262085",616.458422951105,"-"
"EIF3G","chr19_48241063_48249750",615.498582320928,"-"
"NCBP2","chr2_148021684_148178699",615.008956496365,"-"
"PUM1","chr6_31620858_31622726",614.997657531529,"-"
"RBM39","chr1_155689174_155709772",614.778262222305,"-"
"TIAL1","chr1_35176474_35177318",614.714736203378,"-"
"SF1","chr17_6641152_6641752",614.00083116495,"-"
"HNRNPA1","chr12_62325933_62355330",613.88323713053,"-"
"RBM17","chr13_114286400_114286518",613.665504472623,"-"
"G3BP1","chr17_75269469_75270113",613.287225233344,"-"
"FUS","chr1_244835756_244842194",612.757544134907,"-"
"MSI2","chr12_2823943_2824089",612.137082297883,"-"
"HNRNPL","chr17_7393836_7394103",612.083939788333,"-"
"PUM2","chr1_155668717_155670319",611.992318901581,"-"
"RBM39","chr1_155689243_155709772",611.971516175988,"-"
"RBM25","chr17_82244831_82248874",611.770267143542,"-"
"RBM17","chr1_203796496_203801574",611.606185374086,"+"
"HNRNPA0","chr1_207767195_207770320",611.412328738548,"-"
"PPIL4","chr4_53377923_53379072",611.024292419676,"-"
"RBM17","chr18_26035127_26038554",610.729936515286,"-"
"SF3B4","chr17_76559043_76561287",610.67101658508,"-"
"HNRNPK","chr12_4605086_4610154",610.540431962345,"+"
"HNRNPK","chr20_58895684_58903530",610.097587199974,"-"
"HNRNPA1","chr12_51049185_51056349",609.826937837907,"-"
"EIF4B","chr17_81891841_81893551",609.703734333757,"-"
"HNRNPA1","chr6_111780635_111846588",609.060069411,"+"
"EIF3G","chr2_175118369_175130137",608.722021385497,"+"
"HNRNPK","chr5_71604468_71626639",608.271790607581,"-"
"RBM39","chr17_49706309_49706964",608.208126481395,"-"
"TARDBP","chr3_101574279_101579789",607.941441430705,"-"
"TAF15","chr2_202297906_202300233",607.807395687691,"-"
"HNRNPK","chr2_229859574_229879981",607.296380754037,"+"
"HNRNPA2B1","chr1_35184593_35187000",606.731362523998,"-"
"HNRNPK","chr1_1390865_1393395",606.68757278148,"-"
"SSB","chr15_76292700_76311349",606.27493899624,"-"
"NCBP2","chr20_38422241_38426418",605.758933233277,"+"
"PABPC1","chr5_135346057_135352945",605.443228873894,"-"
"SF1","chr16_53492522_53492692",605.437405182345,"-"
"ZC3H8","chr19_54200961_54201159",605.397276038641,"+"
"TRA2A","chr15_90935330_90935543",605.249530835006,"+"
"PUF60","chr2_229860531_229879981",604.992448230905,"-"
"HNRNPK","chr16_29809764_29810076",604.66646413265,"+"
"PCBP1","chr4_102826636_102827943",604.467249154645,"-"
"SF1","chr1_31911826_31918969",604.43383494026,"+"
"PCBP2","chr2_73828996_73830844",604.295472807759,"+"
"EIF4B","chr13_114282943_114286518",603.855442451958,"-"
"KHDRBS1","chr20_47298872_47310055",603.806766124848,"-"
"ASCC1","chr1_46686870_46689586",603.545382493689,"-"
"HNRNPC","chr6_10749698_10755141",603.265712124477,"+"
"PUF60","chr5_113515362_113532878",602.559846400798,"-"
"CIRBP","chr1_16635168_16643027",602.419407614307,"+"
"TIA1","chr22_20037094_20043354",602.211644856996,"+"
"ZC3H8","chr22_29832342_29838177",602.062510091191,"-"
"ZC3H8","chr22_25453434_25455711",601.97076539096,"-"
"HNRNPF","chr2_70216499_70216885",601.653749289775,"-"
"HNRNPA2B1","chr1_53228954_53235576",601.494381048127,"-"
"NCBP2","chr5_178211970_178214795",600.927382843645,"-"
"SART3","chr15_90935330_90935543",600.844804336205,"+"
"RBM22","chr2_241150547_241157806",600.824539703786,"+"
"SAFB2","chr17_76089320_76094413",600.736709350036,"-"
"PABPC1","chr17_18251813_18251998",600.574134877678,"-"
"HNRNPA2B1","chr16_31091342_31094556",600.401710317935,"-"
"CPSF6","chr22_29832342_29838177",600.357527934055,"+"
"RBM39","chr1_39026402_39028722",600.351212633159,"-"
"CCAR1","chr2_10408734_10419733",600.308630781195,"+"
"HNRNPA2B1","chr14_35110629_35121901",600.178382053837,"+"
"SF1","chr22_46337944_46343261",599.53250989976,"-"
"FUS","chr13_114286400_114286518",599.355977977146,"-"
"DKC1","chr2_55577356_55578246",599.339898171034,"-"
"PUM2","chr5_57236032_57237112",598.91382393188,"-"
"HNRNPA2B1","chr12_48662654_48667692",598.766106052586,"-"
"KHDRBS1","chr2_241166441_241167044",598.433315136081,"-"
"HNRNPC","chr3_38125881_38126509",598.394969782005,"-"
"HNRNPF","chr17_35587428_35594007",598.270975007609,"-"
"U2AF1","chr22_46337944_46346421",598.204662990471,"+"
"HNRNPK","chr4_53377923_53379224",597.715315650871,"-"
"HNRNPL","chr2_189783123_189784268",597.176081106285,"-"
"TRA2A","chr16_22519414_22523819",596.908410112007,"-"
"SF1","chr19_8483211_8485602",596.474676608821,"-"
"HNRNPA2B1","chr2_73927052_73938909",596.47170266115,"-"
"G3BP2","chr1_236542787_236543559",596.175628782252,"-"
"NONO","chr3_101574279_101579841",596.13350106505,"-"
"TIA1","chr2_241150547_241153475",595.508586398037,"-"
"PCBP1","chr5_179614959_179616125",595.407561169799,"-"
"LARP4","chr2_71331865_71348752",595.366057412152,"-"
"HNRNPK","chr4_184638468_184649394",594.827689022464,"-"
"RBM34","chr1_40040783_40059336",594.711911958467,"+"
"KHDRBS1","chr2_207560372_207567462",594.203730410317,"-"
"TARDBP","chr16_1786955_1787676",593.80776261399,"-"
"EWSR1","chr3_184245812_184248781",593.803058585471,"+"
"DAZAP1","chr16_4454927_4455545",593.582019928291,"-"
"HNRNPK","chr2_201272776_201274888",592.861264391326,"-"
"HNRNPK","chr13_37047936_37051487",592.640371858688,"+"
"TIA1","chr5_135346057_135352945",592.615941992489,"-"
"RBM25","chr1_207767195_207770320",592.604634821053,"-"
"RBM25","chr6_125292909_125300537",592.477402579928,"-"
"CCAR1","chr2_175118369_175130137",592.372776160334,"-"
"EWSR1","chr2_201160942_201162995",591.952019115138,"-"
"HNRNPK","chr1_185306625_185307013",591.898175231066,"-"
"NONO","chr4_53428183_53440581",591.821637385298,"-"
"PUM1","chr1_204532246_204538208",591.597093877552,"-"
"TRA2A","chr2_241166441_241167044",591.369726088341,"-"
"HNRNPA2B1","chr1_51750195_51760689",591.227734211223,"+"
"TIA1","chr22_23791894_23793558",590.818994363139,"-"
"PUF60","chr1_71065752_71066775",590.690932507904,"-"
"SAFB2","chr2_73957240_73958145",590.131598854496,"-"
"PCBP2","chr2_230462518_230466300",590.121227709848,"-"
"HNRNPA2B1","chr14_65093815_65102303",589.931058399562,"-"
"HNRNPA2B1","chr5_178209447_178210131",589.80214569005,"-"
"PCBP1","chr2_68047319_68062944",589.436706840294,"+"
"RBM17","chr3_49077038_49092396",589.377797823086,"-"
"RBM22","chr6_311962_345853",589.369895418908,"-"
"RBM17","chr1_155260659_155262085",589.114175750044,"-"
"RBM25","chr4_53377923_53379224",589.109429061092,"-"
"HNRNPA2B1","chr14_73099750_73103191",588.541493574279,"-"
"CPSF6","chr16_634956_635280",588.528480608573,"-"
"HNRNPM","chr1_23341020_23344210",588.489156173648,"-"
"HNRNPK","chr5_146463793_146468340",588.456958213079,"-"
"G3BP2","chr1_244842058_244842194",588.447265431015,"+"
"PCBP1","chr3_101574279_101579841",588.337452822968,"+"
"TRA2A","chr3_12604289_12606200",588.331070266517,"-"
"MSI2","chr17_42567655_42568836",588.297977995436,"+"
"HNRNPA2B1","chr1_155916709_155917498",587.885823951682,"+"
"NUFIP1","chr19_17838390_17839476",587.860469850976,"-"
"MATR3","chr22_19471808_19479082",587.638635120359,"-"
"G3BP1","chr21_29036374_29037278",587.292074452777,"-"
"CCAR1","chr5_178209447_178210552",587.029894700045,"-"
"KHDRBS1","chr17_73209768_73227164",585.979755147495,"-"
"PABPC1","chr15_101650161_101652270",585.837744172348,"-"
"KHDRBS1","chr2_201160942_201163834",585.669238587364,"-"
"HNRNPC","chr4_53377923_53379072",585.381744059332,"-"
"G3BP2","chr17_16439703_16440184",585.29863053624,"-"
"HNRNPF","chr5_151772036_151786602",585.149092511871,"-"
"TARDBP","chr2_55577356_55579678",585.05224560468,"-"
"SFPQ","chr5_178209447_178210131",584.950006418894,"-"
"CIRBP","chr5_151772036_151786571",584.643286169009,"-"
"RBM25","chr1_85258722_85259357",584.565090351776,"-"
"HNRNPC","chr12_31298224_31326023",584.278400400055,"-"
"MATR3","chr22_24270983_24302194",584.241434019601,"+"
"PABPC1","chr2_201160942_201162995",583.906667805203,"+"
"CPSF6","chr1_51756358_51760689",583.653872881622,"+"
"G3BP1","chr22_20053551_20055942",583.566269505857,"+"
"HNRNPA1","chr18_36797050_36798448",583.498969304202,"+"
"RBM39","chr12_53467843_53468776",583.324327954401,"-"
"PUF60","chr19_49878572_49880278",583.279872921388,"-"
"TIAL1","chr1_46688544_46689586",582.735441903288,"-"
"HNRNPA2B1","chr20_58669453_58670511",582.730407993349,"-"
"ZC3H8","chr13_19709599_19730238",582.208316847175,"-"
"ASCC1","chr16_22519414_22523819",581.840567807911,"-"
"RBM39","chr6_111696456_111700103",581.728815971403,"-"
"PTBP1","chr6_31644194_31644524",581.403394674315,"+"
"PCBP1","chr17_4715043_4715972",581.275814451256,"-"
"HNRNPK","chr20_45418979_45419294",581.077047254036,"-"
"PABPC1","chr1_40040783_40059336",580.894043068041,"+"
"PABPC1","chr2_207561160_207567462",580.846797265358,"-"
"HNRNPK","chr1_155689174_155709772",580.792618999088,"-"
"RBM17","chr14_23081836_23090521",580.677441042324,"-"
"FUS","chr2_232697392_232700584",579.794949489367,"+"
"SFPQ","chr1_184054863_184072826",579.576624295511,"-"
"U2AF1","chr16_67082308_67098709",579.137115495499,"-"
"EIF4B","chr3_49975392_49999439",579.124245955832,"-"
"PTBP1","chr2_169584899_169603641",579.043650443296,"-"
"PUF60","chr1_1390865_1393395",578.810961156565,"+"
"SF1","chr1_85259061_85259357",578.786737846243,"-"
"KHDRBS1","chr2_207560372_207567462",578.627427861907,"-"
"LARP7","chr2_70227822_70228343",578.473901423143,"-"
"CCAR1","chr3_152445539_152446703",577.95390347685,"-"
"RBM39","chr2_161160486_161179613",577.859549040232,"-"
"SUPT6H","chr12_47966229_47966682",577.586334264697,"-"
"MATR3","chr2_71331865_71348752",577.546779249876,"-"
"PUM1","chr12_57107743_57108162",577.388968928459,"-"
"TAF15","chr15_50725323_50726320",577.111536517046,"-"
"G3BP2","chr17_3720402_3723687",576.714892697684,"-"
"SF1","chr1_28561260_28561345",576.564484642563,"-"
"PCBP1","chr3_66221127_66236543",576.525537183385,"-"
"TIAL1","chr2_241097427_241102252",576.408608522703,"-"
"RBM39","chr3_52700496_52705446",576.358126039262,"+"
"SLTM","chr1_207790345_207793518",576.216791871342,"-"
"RBM25","chr18_36787079_36798448",576.216157709151,"+"
"SF1","chr5_138157267_138159554",576.093357978419,"+"
"FUS","chr1_2393355_2395783",575.63985677581,"-"
"MSI2","chr2_71331875_71348752",575.468586623599,"-"
"HNRNPA2B1","chr15_66495419_66497641",575.385452813798,"-"
"PCBP1","chr2_227325427_227328677",575.278364064439,"-"
"HNRNPK","chr20_45416694_45419294",574.674101877398,"-"
"SSB","chr1_160261358_160262448",574.59222215622,"+"
"SLTM","chr5_57236032_57246299",574.554297009088,"-"
"RBM39","chr5_146463793_146469543",574.397723127327,"-"
"RBM39","chr17_58005041_58005800",574.336586552103,"-"
"RBM25","chr20_47298872_47310055",573.679638600622,"-"
"PABPC1","chr22_19444390_19447377",573.550146209436,"+"
"ZRANB2","chr17_16151616_16151945",572.894697475455,"-"
"RBM39","chr2_191682017_191682491",572.894286803863,"-"
"RBM39","chr6_31639226_31640198",572.859885723837,"+"
"EIF4B","chr1_46686870_46689586",572.716074957674,"-"
"RBM25","chr17_49622876_49677932",572.40585787933,"-"
"HNRNPF","chr22_40400813_40401592",572.270384579312,"-"
"ZRANB2","chr16_635340_636093",572.246470019713,"-"
"HNRNPK","chr17_76729794_76732977",572.052902275715,"-"
"HNRNPM","chr4_82857764_82861630",571.802763103201,"-"
"SSB","chr20_63873816_63882718",571.558307976986,"-"
"HNRNPK","chr20_58669453_58670511",571.140356003068,"+"
"SAFB2","chr2_271939_272191",570.788279576089,"-"
"TARDBP","chr1_236543040_236543559",570.625994262385,"-"
"EIF4B","chr5_57236032_57246299",570.119974425162,"-"
"CIRBP","chr1_24663224_24666814",569.975917645224,"-"
"DKC1","chr5_140487060_140504820",569.807392007097,"-"
"PCBP1","chr1_16632371_16633094",569.501623599816,"-"
"TARDBP","chr1_20779911_20787194",569.43094634435,"-"
"HNRNPA2B1","chr1_1390865_1393395",569.308143833795,"-"
"FUS","chr3_152445539_152446703",568.871430389315,"-"
"HNRNPA2B1","chr6_31639226_31639499",568.68578471506,"-"
"HNRNPC","chr1_28561260_28561345",568.18050502538,"-"
"MATR3","chr15_76292700_76311349",567.904936139142,"-"
"MATR3","chr4_82857764_82863317",567.699738115599,"-"
"HNRNPK","chr6_10749698_10755141",567.32209206037,"-"
"SSB","chr19_5610688_5612539",566.826728974587,"-"
"HNRNPA2B1","chr14_35116737_35121901",566.332722261716,"-"
"HNRNPAB","chr20_3149260_3159765",566.182593245063,"+"
"G3BP2","chr1_20780540_20787194",565.753957585396,"-"
"RBM39","chr1_91720230_91721954",565.254601487693,"-"
"NCBP2","chr5_146463793_146469543",564.8746721414,"-"
"CPSF6","chr20_58898985_58903530",564.466105072376,"-"
"LARP4","chr16_68266721_68274690",563.90887007808,"-"
"RBM22","chr5_1798947_1799770",563.723718479243,"+"
"U2AF1","chr16_2752846_2757471",563.651035153669,"+"
"GRSF1","chr2_201272776_201274888",563.458458143151,"-"
"TAF15","chr15_44403054_44413335",563.458179074255,"-"
"NONO","chr2_44218537_44232315",563.033760295847,"+"
"ZRANB2","chr17_82449292_82450699",563.031922370972,"-"
"RBM39","chr1_155261734_155262085",562.990508285538,"-"
"HNRNPM","chr1_154214574_154220341",562.943980306219,"-"
"KHSRP","chr3_42619708_42620015",562.619381529976,"-"
"ZNF74","chr1_160612580_160634612",562.573770122295,"+"
"EIF4B","chr2_206765654_206766643",562.275845952927,"-"
"HNRNPK","chr2_177234271_177264531",562.225555523202,"-"
"EIF3G","chr17_76557857_76561287",562.099634335708,"-"
"EIF2S1","chr22_32475124_32478980",562.044935264675,"-"
"FUS","chr1_155668717_155670319",561.9919293707,"-"
"PARN","chr2_10396920_10419733",561.963862198423,"-"
"PCBP2","chr1_204532246_204538208",561.932529374285,"-"
"RBM39","chr1_244835756_244842194",561.64384184172,"-"
"NCBP2","chr1_20779911_20787194",561.51343499854,"-"
"SSB","chr1_24662804_24666814",561.427390490759,"-"
"TIAL1","chr1_45661225_45686411",561.394139822071,"-"
"LARP4","chr3_101574279_101579789",561.263202618597,"-"
"SUPT6H","chr22_19475100_19475495",561.056693378537,"+"
"HNRNPA1","chr19_18538436_18539370",561.024156095342,"-"
"LARP4","chr5_154941265_154956370",560.647157573782,"+"
"HNRNPA2B1","chr3_185926734_185937824",560.361148723557,"-"
"RBM39","chr20_35655344_35658929",559.964162806136,"-"
"HNRNPA0","chr13_49075364_49114654",559.519759615422,"-"
"CIRBP","chr2_201160942_201163834",559.432617501202,"-"
"U2AF1","chr22_46337944_46346421",559.432438821173,"+"
"SLTM","chr1_155668717_155670319",559.144702549307,"+"
"PUM1","chr2_241097427_241102252",559.098136289499,"-"
"CIRBP","chr22_19441694_19447377",558.769025595908,"-"
"SLBP","chr2_229860531_229879981",558.41197862412,"+"
"CPSF6","chr22_23791867_23793558",558.0153665856,"-"
"SF1","chr3_9813345_9816073",557.902144866378,"+"
"EIF4B","chr20_49280570_49289044",557.751033989771,"-"
"RBM17","chr16_30076100_30076314",557.729213217803,"-"
"G3BP2","chr20_47298947_47310055",557.335921412938,"-"
"SSB","chr17_3723383_3723687",557.120888751041,"-"
"PTBP1","chr1_155261734_155262085",556.737987428332,"-"
"PUF60","chr5_151772036_151786571",556.488520117606,"-"
"HNRNPA1","chr1_31911826_31918969",556.329702949014,"+"
"RBM39","chr17_44212006_44212818",555.646579277541,"-"
"SF1","chr6_31644194_31644524",555.554991883149,"+"
"HNRNPA2B1","chr1_112705168_112707077",555.048286081882,"-"
"RBM22","chr14_23566419_23567110",554.58504109809,"-"
"RBM25","chr1_46686870_46689586",554.510771551031,"-"
"HNRNPK","chr17_42567655_42568836",554.467692789304,"-"
"SLTM","chr14_64924126_64932137",554.435540551233,"-"
"TRA2A","chr2_229860531_229879981",553.960102611041,"+"
"HNRNPA1","chr6_31644194_31644306",553.842833549962,"+"
"G3BP2","chr20_18507972_18510821",553.623154031051,"-"
"SLTM","chr4_182915575_182917310",553.455853219206,"+"
"RBM17","chr4_185191212_185203897",553.443971464043,"-"
"EIF3G","chr17_35587428_35594007",553.233773486919,"-"
"TIAL1","chr5_57236032_57237112",552.737558103858,"+"
"SFPQ","chr6_111780635_111846588",552.57636403799,"-"
"HNRNPK","chr17_82244831_82248874",552.455534051917,"-"
"HNRNPK","chr2_38578002_38581912",552.427854452879,"-"
"TIAL1","chr1_71065137_71066775",552.355374827216,"-"
"RBM39","chr20_49280570_49289044",552.275602046179,"-"
"PABPC1","chr5_71604468_71632120",552.241362791287,"+"
"ZRANB2","chr13_52659249_52662648",552.180778060343,"-"
"U2AF1","chr17_42567655_42568836",551.773022028932,"+"
"HNRNPA1","chr3_11829864_11839221",551.071771078619,"+"
"HNRNPK","chr2_37201726_37204303",550.862789528921,"-"
"HNRNPK","chr2_238194331_238194804",550.704723755501,"+"
"HNRNPL","chr1_2393355_2395783",550.03090900436,"-"
"U2AF1","chr1_42457567_42459602",549.822354781714,"+"
"RBM25","chr3_101574279_101579789",549.539912804949,"-"
"G3BP1","chr14_65101572_65102303",549.522021788215,"-"
"HNRNPA0","chr5_140487060_140496519",549.370662702084,"-"
"EWSR1","chr4_189952287_189957397",548.555464648692,"-"
"G3BP2","chr13_52661570_52662648",548.429805923452,"-"
"HNRNPA2B1","chr2_222900780_222908732",548.335338585928,"+"
"SSB","chr1_155921628_155921860",548.16706265031,"-"
"RBM39","chr3_152445539_152446703",547.594795942192,"-"
"HNRNPC","chr3_48927813_48945135",547.453108182119,"-"
"RBM39","chr3_101574279_101579789",547.302446964961,"-"
"PABPC1","chr14_23563282_23563379",546.956472033455,"-"
"CPSF6","chr2_10396920_10419733",546.668609650753,"-"
"MATR3","chr2_189782602_189783013",546.395707101586,"-"
"G3BP1","chr2_27772692_27774423",546.373431110366,"-"
"KHSRP","chr2_222887888_222908732",546.315044719139,"-"
"PNPT1","chr19_11447618_11447692",546.238614677947,"-"
"PTBP1","chr13_19709599_19730238",546.199646888688,"-"
"RBM39","chr3_33072713_33097010",545.899909661695,"-"
"EIF4B","chr2_70216499_70216752",545.866600567801,"-"
"PUF60","chr1_112703806_112707077",545.853481453187,"-"
"RBM39","chr12_53462567_53465931",545.783549465006,"-"
"PCBP1","chr19_15369224_15370145",545.746439355147,"-"
"HNRNPAB","chr17_82019694_82019857",545.650236178614,"-"
"DAZAP1","chr2_135605016_135621493",545.456692122552,"-"
"GRSF1","chr12_57107314_57108162",545.367102798683,"-"
"SART3","chr2_38577532_38581912",545.167948122388,"+"
"HNRNPA1","chr1_231229209_231238856",545.141082665939,"+"
"HNRNPK","chr3_180985996_180988022",544.794111277988,"-"
"ZRANB2","chr1_207785682_207793518",544.635634103606,"-"
"CIRBP","chr1_51750195_51760689",544.480322587563,"+"
"ZRANB2","chr17_5422829_5432541",544.402446970547,"-"
"HNRNPC","chr22_19475100_19475495",544.169765334227,"-"
"HNRNPA0","chr17_78171054_78171738",544.144665918962,"+"
"CCAR1","chr19_54449310_54451289",543.899146698489,"-"
"HNRNPA2B1","chr5_112864732_112867403",543.841212466977,"-"
"MATR3","chr2_73950732_73957124",543.615377147445,"+"
"SUPT6H","chr16_2264760_2268054",543.591685674696,"-"
"RBM25","chr17_82019694_82019857",543.339318578829,"-"
"HNRNPL","chr5_70070751_70077018",542.841254410197,"+"
"PABPC1","chr2_86171312_86173649",542.205993957015,"-"
"GRSF1","chr1_184054863_184072826",541.935898441015,"-"
"PABPC1","chr19_18538436_18539370",541.566912967219,"-"
"DAZAP1","chr16_29808741_29810076",541.277576315286,"+"
"LARP4","chr17_44212454_44212818",541.125051046072,"-"
"MATR3","chr2_171687627_171690146",540.879035373753,"-"
"SF3B4","chr6_116571655_116574057",540.834515676556,"-"
"HNRNPK","chr3_138187599_138188454",540.786822917317,"+"
"MATR3","chr3_47810711_47815962",540.521685430905,"-"
"NONO","chr4_53399839_53425871",540.46388309775,"+"
"FXR1","chr22_20568631_20582610",540.150263558156,"-"
"ASCC1","chr2_27772692_27774423",539.645475977931,"-"
"KRR1","chr5_57214193_57221375",539.479687059325,"-"
"TRA2A","chr12_62349307_62355330",539.372422208857,"-"
"PCBP2","chr6_31639226_31639499",538.99324874609,"-"
"RBM25","chr2_232567214_232568944",538.313507344904,"-"
"FXR1","chr2_55577356_55579678",538.043683655403,"-"
"RBM17","chr14_65093815_65102303",537.894156084313,"-"
"KHDRBS1","chr5_154941265_154956370",537.610922352821,"+"
"HNRNPA1","chr20_30377425_30379584",537.365904477146,"-"
"EIF4B","chr17_42567655_42568836",537.334359983734,"-"
"PCBP1","chr1_46688544_46689586",536.76318305771,"-"
"HNRNPL","chr1_88988351_88992584",536.702635496006,"-"
"U2AF1","chr17_7016685_7017256",536.276716977842,"-"
"AKAP1","chr1_45685620_45686411",536.270138656091,"+"
"PUF60","chr17_49706309_49706964",536.104753999302,"-"
"KHDRBS1","chr1_71065137_71066775",535.98498400731,"-"
"TRA2A","chr22_32475124_32479132",535.631009242399,"-"
"SSB","chr5_112864732_112867403",535.380937192071,"-"
"PABPC1","chr1_225786985_225789239",535.270748584276,"-"
"PUM2","chr13_52661570_52662648",535.168552611034,"-"
"G3BP1","chr17_35657791_35671753",534.850911619485,"-"
"SF3B4","chr1_92832117_92833544",534.791328712263,"+"
"PARN","chr12_56160670_56161386",534.542898965454,"+"
"RBM25","chr2_74491672_74492003",534.143792871996,"-"
"PNPT1","chr2_27369212_27369413",534.012236191263,"-"
"G3BP1","chr21_6493110_6495992",533.825068417944,"-"
"EIF4B","chr6_31651776_31652399",533.686929729548,"+"
"CCAR1","chr6_31639226_31640198",533.378819895618,"-"
"ZC3H8","chr17_59112345_59131280",533.101646825448,"+"
"FUS","chr2_227352573_227355676",532.934443960202,"+"
"SFPQ","chr2_232697392_232703423",532.680128916399,"+"
"SLTM","chr12_31305123_31326023",532.661284679832,"-"
"HNRNPA1","chr3_47917174_47921764",532.586755970117,"-"
"SUPT6H","chr2_227325427_227328677",532.38316836181,"-"
"PCBP2","chr2_152716126_152717229",532.358006815701,"-"
"HNRNPA2B1","chr2_112652798_112657121",532.293829501089,"-"
"U2AF2","chr5_177441053_177441736",532.115198088896,"-"
"HNRNPC","chr3_48694240_48695089",532.081664695826,"-"
"TAF15","chr2_201160942_201163834",532.041306440019,"-"
"PTBP1","chr17_36578192_36579244",531.823739238304,"-"
"SLBP","chr2_97219246_97224805",531.680707193587,"+"
"PUF60","chr20_34073635_34075873",531.503917622732,"-"
"CCAR1","chr19_5611630_5612539",531.456110784422,"-"
"PCBP1","chr1_111137586_111140037",531.381805953002,"+"
"NCBP2","chr17_59112345_59131280",531.358228296928,"-"
"U2AF2","chr1_22052742_22078428",531.157803044822,"-"
"HNRNPM","chr20_35699451_35699632",530.978304864646,"-"
"EWSR1","chr20_63707092_63707866",530.960528414606,"+"
"EIF3G","chr2_222900780_222908732",530.842322083747,"+"
"U2AF1","chr17_49622876_49677932",530.672076707813,"-"
"FUS","chr20_28583946_28586298",530.636435717818,"-"
"PUM2","chr20_49280964_49289044",530.274049188038,"-"
"HNRNPC","chr2_27772692_27779432",530.208100857007,"-"
"LARP4","chr12_6652770_6652935",530.092230479901,"-"
"G3BP2","chr1_155668717_155670319",529.869089025789,"-"
"PUF60","chr14_65093815_65102303",529.781321132193,"-"
"CIRBP","chr2_27772692_27779432",529.625784733251,"-"
"PCBP3","chr16_87984259_88006089",529.188461732286,"-"
"U2AF2","chr2_27772692_27779432",529.104885059238,"+"
"DKC1","chr16_208188_220648",528.965427184065,"-"
"HNRNPA1","chr2_68047319_68062957",528.600964532066,"-"
"G3BP1","chr4_53399839_53425871",528.57065071409,"-"
"HNRNPK","chr20_28583946_28586298",528.355594838799,"+"
"EIF2S1","chr20_30377721_30379584",528.019618053057,"-"
"HNRNPC","chr3_185926734_185937824",527.627613790551,"-"
"CIRBP","chr16_20900535_20915555",527.340733040779,"+"
"SSB","chr2_232697392_232703423",527.311860986054,"-"
"ZC3H8","chr3_49310737_49311513",526.818218774774,"-"
"DKC1","chr3_48927813_48933565",526.745827943836,"-"
"EIF4B","chr13_37022080_37024034",526.696452473122,"+"
"PCBP1","chr2_201234112_201266460",526.450154361775,"-"
"FMR1","chr16_635340_636093",526.113085025333,"+"
"PABPC1","chr2_86171345_86173649",525.964486445771,"-"
"HNRNPA2B1","chr5_134738792_134741062",525.937048809477,"+"
"HNRNPF","chr6_31644194_31644306",525.61746383247,"+"
"CCAR1","chr1_193023036_193023843",525.531721847172,"-"
"HNRNPA2B1","chr19_805569_806407",525.036986429718,"-"
"AKAP1","chr1_66930400_66940027",524.310110661304,"-"
"MATR3","chr16_53492522_53492692",524.270085721496,"-"
"SSB","chr22_41680364_41682355",524.211920615046,"-"
"KRR1","chr5_135346057_135352945",523.918738551589,"-"
"PABPC1","chr19_49879504_49880278",523.68268810827,"+"
"GRSF1","chr3_113014032_113019541",523.635853245552,"+"
"SART3","chr3_101574279_101579841",523.032148395518,"-"
"PTBP1","chr1_71065752_71066775",523.012222980337,"-"
"G3BP2","chr2_232703489_232735154",522.916291260253,"-"
"HNRNPA2B1","chr22_20568631_20582610",522.906472795504,"-"
"U2AF1","chr17_16439703_16440184",522.883241047649,"-"
"HNRNPK","chr2_229859574_229879981",522.77435809351,"+"
"CCAR1","chr14_65093815_65102303",522.106143121157,"-"
"EIF4B","chr2_68047319_68062944",522.081924711623,"-"
"PCBP1","chr19_52818031_52857571",521.913810357925,"+"
"CIRBP","chr6_125292909_125298713",521.737339898582,"-"
"SF3B4","chr22_40400813_40402138",521.306287677271,"-"
"ZRANB2","chr3_9804013_9810620",521.299190243833,"-"
"EWSR1","chr16_668699_670122",521.221067537881,"+"
"U2AF1","chr2_70227822_70228343",521.190800149625,"-"
"HNRNPM","chr21_46636547_46636895",521.187487530574,"-"
"SLBP","chr1_16635168_16643027",521.073012563611,"-"
"MATR3","chr2_70227822_70229058",520.756351513938,"-"
"RBM39","chr1_203016140_203018480",520.117745132954,"+"
"MATR3","chr19_5611630_5612539",519.682965927601,"-"
"PUF60","chr5_57236032_57246299",519.661882298658,"-"
"KRR1","chr12_47966172_47966682",519.316566138252,"-"
"ZC3H8","chr16_634797_635280",519.23708580753,"-"
"KHDRBS1","chr2_272305_275139",518.885713551376,"-"
"G3BP1","chr20_35655344_35658929",518.721867479774,"-"
"PTBP1","chr12_53462567_53465931",518.27952363193,"-"
"RBM39","chr20_36608000_36609600",518.260011276347,"+"
"CPSF6","chr19_11447597_11447692",517.52810561918,"-"
"RBM39","chr3_105678571_105681478",517.520390555773,"-"
"RBM22","chr4_53399839_53414614",517.334094250912,"-"
"CPSF7","chr1_53888986_53889712",517.212774306767,"+"
"NONO","chr5_43555999_43556581",517.111872266046,"+"
"HNRNPM","chr20_35699456_35699632",516.594376627917,"-"
"PCBP1","chr16_22519414_22523819",516.507300732118,"-"
"NONO","chr2_135605016_135621493",516.383901313815,"+"
"EWSR1","chr1_7961735_7962762",516.275223771796,"+"
"SF1","chr2_73734591_73737301",516.272300601637,"-"
"PUM1","chr1_155916737_155917498",516.140943477589,"+"
"QKI","chr17_42567655_42568836",516.004578830785,"+"
"TARDBP","chr6_31620858_31622689",515.734475875279,"+"
"HNRNPA1","chr3_9829395_9834680",515.695728330174,"+"
"HNRNPC","chr6_109369017_109376073",515.59336118162,"-"
"PTBP1","chr14_101912473_101925140",515.58205062255,"-"
"SUPT6H","chr15_58899937_58901259",515.441452949942,"-"
"RBM39","chr5_179618323_179619268",515.378217524315,"-"
"GRSF1","chr17_78171054_78171738",515.002187960541,"-"
"SF1","chr6_31644194_31644306",514.930501524245,"+"
"GRSF1","chr3_48927813_48961611",514.501777334227,"-"
"G3BP1","chr22_23791867_23793558",514.488186598787,"-"
"MATR3","chr2_233273052_233273720",514.342776292959,"+"
"U2AF1","chr1_16632371_16633094",514.113547397907,"+"
"CPSF6","chr17_73212740_73227164",514.099148532607,"-"
"PCBP1","chr17_73209768_73227164",514.031116002868,"-"
"GRSF1","chr17_81891841_81894466",513.906752982226,"+"
"EWSR1","chr17_81891833_81893551",513.89040314635,"+"
"TIA1","chr20_35655344_35658929",513.642291745736,"-"
"G3BP2","chr19_2324192_2328386",513.61233372007,"-"
"SF1","chr21_6487412_6493043",513.413870874899,"-"
"MATR3","chr2_233273777_233274675",513.267071770382,"+"
"RBM17","chr12_53462567_53465931",513.264500732421,"-"
"SFPQ","chr4_53428183_53442652",513.244664967212,"-"
"HNRNPA2B1","chr22_29748571_29766871",513.160196016277,"-"
"PNPT1","chr16_68266721_68274690",513.031254458588,"-"
"ZRANB2","chr14_65101572_65102303",512.558881422092,"-"
"PUM1","chr14_23566419_23567110",512.512862277885,"-"
"HNRNPL","chr1_228141288_228145510",512.431179027467,"-"
"LARP7","chr20_58895684_58903530",512.310332647486,"-"
"PCBP2","chr12_53462567_53465931",511.962017200478,"+"
"HNRNPA1","chr3_88055999_88057190",511.865669457453,"+"
"SFPQ","chr1_155260659_155262085",511.594021656383,"-"
"PABPC1","chr20_58898985_58903530",511.555867625587,"-"
"CSTF2T","chr17_42567655_42568836",511.537627207858,"-"
"CSTF2","chr3_193618936_193631611",510.883619697774,"+"
"SAFB2","chr14_35124231_35126734",510.810751440767,"-"
"U2AF1","chr20_62303781_62306196",510.464318681839,"-"
"HNRNPA0","chr2_74135658_74145188",510.248849527293,"+"
"NONO","chr22_32475124_32478980",510.143310644151,"-"
"RBM22","chr3_184323241_184323407",509.969821016903,"-"
"EWSR1","chr22_19475100_19475495",509.764712493335,"-"
"CIRBP","chr1_155261734_155262085",509.692882959423,"-"
"PABPC1","chr2_73939022_73946718",509.097223089628,"-"
"CCAR1","chr2_27772692_27779432",509.083795874956,"+"
"HNRNPA2B1","chr13_72781356_72781604",509.006776777957,"+"
"TARDBP","chr1_45661225_45686411",508.89230425914,"-"
"HNRNPK","chr16_22513921_22523819",508.702444083677,"-"
"HNRNPK","chr1_20779911_20787194",508.631526004488,"-"
"HNRNPC","chr17_30481257_30484213",508.58460066167,"+"
"ZC3H8","chr2_152677475_152679351",508.046724421353,"-"
"NONO","chr5_151063747_151064959",507.547099971518,"-"
"G3BP1","chr2_201272776_201274888",507.292464575318,"-"
"MSI2","chr17_73209768_73227164",506.954267248319,"-"
"TAF15","chr17_81891841_81894466",506.651892634852,"-"
"G3BP1","chr5_57236032_57246299",506.599932065522,"-"
"EWSR1","chr2_68047319_68062944",506.407214032966,"-"
"U2AF1","chr13_114282943_114286518",505.892985002108,"-"
"EWSR1","chr1_108698017_108698603",505.804481544804,"-"
"SART3","chr2_38577532_38581912",505.761525711961,"+"
"G3BP1","chr1_32627544_32633644",505.559630764335,"-"
"DKC1","chr2_70227822_70229058",505.478512074267,"-"
"SART3","chr17_5422829_5432541",505.418633866236,"-"
"LARP7","chr1_16635168_16643027",505.113361104034,"-"
"HNRNPAB","chr17_41913900_41918879",504.859638720078,"+"
"EIF3G","chr21_33599248_33602233",504.486830547284,"-"
"HNRNPK","chr6_106293106_106316100",504.064474289994,"+"
"HNRNPC","chr2_70216499_70216752",503.960530279685,"-"
"GRSF1","chr1_84566012_84570581",503.873460087895,"-"
"CCAR1","chr18_35290391_35305975",503.80737990224,"+"
"G3BP2","chr17_44212006_44212818",503.781957913417,"-"
"PUF60","chr1_71065137_71066775",503.733038273975,"-"
"HNRNPA2B1","chr2_189782602_189784268",503.222612570805,"-"
"PARN","chr17_36578192_36579244",503.162022058811,"-"
"G3BP1","chr13_19677823_19730238",502.837894517641,"-"
"KRR1","chr19_52818031_52857571",502.768425079987,"+"
"TAF15","chr13_37022080_37024034",502.720483207846,"+"
"HNRNPC","chr3_52700496_52705446",502.583727610703,"+"
"SLBP","chr2_201160942_201163834",502.225749210352,"-"
"EIF3G","chr12_55903480_55927724",502.018019777202,"-"
"EIF3G","chr2_229859574_229879981",501.970725313437,"-"
"CIRBP","chr4_951258_951645",501.885576548075,"+"
"CCAR1","chr1_155916737_155917498",501.75528818325,"+"
"MATR3","chr19_805187_806407",501.665318058225,"-"
"NONO","chr6_116571655_116580294",500.874646792515,"-"
"KHSRP","chr14_73148106_73170796",500.426602374223,"-"
"CCAR1","chr1_16632371_16633094",500.3215542587,"-"
"PTBP1","chr20_49280570_49289044",500.307705183621,"-"
"EIF2S1","chr1_155916709_155917498",500.242497694922,"+"
"SUPT6H","chr1_112705168_112707077",500.12097098602,"-"
"RBM39","chr3_101574279_101579841",500.048295071509,"-"
"NONO","chr12_48662654_48667692",499.647941313097,"-"
"TRA2A","chr14_73366981_73409936",499.601838532657,"+"
"SFPQ","chr17_44212454_44212818",499.550592318004,"-"
"DAZAP1","chr16_22513921_22523819",499.199397070387,"+"
"PUF60","chr1_75724817_75732643",498.995059411008,"-"
"CPSF6","chr2_38578002_38581912",498.925621289666,"-"
"HNRNPA0","chr1_154214574_154220341",498.752351309171,"-"
"HNRNPA2B1","chr22_20568631_20582610",498.71482023532,"-"
"PCBP2","chr2_230462518_230466300",498.066245794716,"-"
"HNRNPC","chr2_27772692_27779432",498.015830424414,"-"
"RBM17","chr2_71350271_71355718",497.971534601089,"-"
"G3BP2","chr20_34073635_34075873",497.370158350442,"-"
"ZRANB2","chr3_101574279_101579789",497.182607727988,"-"
"NCBP2","chr15_101651773_101652270",497.025423968075,"-"
"HNRNPA1","chr22_40401675_40402138",496.779307119657,"-"
"PUF60","chr20_30377425_30379584",496.710950457065,"-"
"KRR1","chr2_74135658_74142271",496.572597684968,"-"
"TARDBP","chr1_207767823_207770320",496.540646311481,"-"
"SF3B4","chr16_68302501_68304025",496.529201542335,"+"
"EIF3G","chr17_82019694_82019857",496.386661432043,"-"
"SART3","chr4_53399839_53425871",496.125167783506,"-"
"SSB","chr1_244835756_244842194",495.990609484313,"-"
"GRSF1","chr14_23090101_23090521",495.970884958846,"-"
"PUF60","chr22_40400813_40401592",495.959904543324,"-"
"CIRBP","chr22_32475124_32478980",495.844504734603,"-"
"RBM39","chr20_35632923_35658929",495.792031135076,"-"
"PCBP2","chr19_12677211_12677290",495.771228552653,"-"
"HNRNPA1","chr1_75790517_75791284",495.679580085963,"-"
"FXR1","chr22_40400813_40401592",495.638839720937,"-"
"HNRNPA2B1","chr1_111139711_111140037",495.636882411549,"-"
"HNRNPA2B1","chr12_42352049_42355160",495.564891679924,"-"
"LSM11","chr2_97187226_97187328",495.457156240306,"-"
"ZRANB2","chr3_134482931_134485951",495.406666455196,"-"
"PCBP1","chr3_193618936_193631611",495.239373993053,"+"
"KHDRBS1","chr4_53428183_53440581",495.057837503566,"-"
"G3BP2","chr3_196939432_196942425",494.961612344865,"-"
"HNRNPC","chr6_311962_345853",494.591054963151,"+"
"EWSR1","chr21_33599248_33602233",494.486492719159,"-"
"DAZAP1","chr2_135605016_135621493",494.482712611464,"-"
"SFPQ","chr2_229859574_229879981",494.4229513494,"+"
"U2AF1","chr4_53377923_53379224",494.349706989496,"+"
"TIA1","chr1_23967723_23971572",494.016498514528,"-"
"RBM17","chr1_150842468_150846262",493.9668221263,"-"
"U2AF2","chr3_152445539_152446703",493.933149053224,"+"
"HNRNPA2B1","chr17_44212454_44212818",493.710067778714,"-"
"PNPT1","chr17_78171054_78171738",493.684907273268,"-"
"ZC3H8","chr16_208188_220648",493.655683161519,"-"
"PTBP1","chr1_155668717_155670319",493.33623502859,"+"
"CPSF6","chr21_33432802_33436882",493.312022080084,"+"
"SF1","chr2_44218537_44230412",493.088990381138,"+"
"ASCC1","chr1_207767195_207770320",492.917661826877,"-"
"SF1","chr17_35587428_35594007",492.529737322182,"-"
"PUF60","chr3_48922811_48924717",492.469376206044,"-"
"HNRNPL","chr5_154941265_154950820",492.381837682203,"-"
"RBM25","chr2_207560372_207561118",492.219909423916,"-"
"HNRNPK","chr2_74135658_74145188",492.205797051226,"+"
"CSTF2T","chr2_232697392_232703423",492.120251496438,"+"
"TIAL1","chr6_30577913_30578075",492.007916583026,"+"
"HNRNPA0","chr21_31685174_31685397",491.899202398467,"-"
"U2AF1","chr12_57107314_57108162",491.870873074894,"-"
"EIF3G","chr1_39738931_39740164",491.863673679303,"-"
"HNRNPA2B1","chr16_2264760_2268054",491.525548990331,"-"
"TAF15","chr17_7013516_7013665",491.370775034726,"-"
"HNRNPM","chr15_49137437_49139527",491.09242847901,"-"
"MATR3","chr17_3669012_3669097",491.014614105765,"+"
"RBM39","chr2_171687873_171690146",490.93691005822,"-"
"CIRBP","chr19_5610688_5612539",490.685318994788,"-"
"KHDRBS1","chr1_207785682_207793518",490.563604295771,"-"
"HNRNPA2B1","chr3_28241812_28316332",490.280846513411,"-"
"HNRNPA0","chr2_74135658_74145188",490.168322458116,"+"
"HNRNPA2B1","chr15_66494552_66497641",489.457354389307,"-"
"PCBP2","chr1_207767195_207770320",489.405014713403,"-"
"EIF3G","chr17_42567655_42568836",489.33474189334,"-"
"RAVER1","chr13_114282943_114286518",489.109451967113,"-"
"SF1","chr3_49310737_49311513",488.966711928523,"-"
"CPSF7","chr3_167720273_167725400",488.764866193864,"-"
"PCBP1","chr15_50726126_50726320",488.459479451669,"+"
"HNRNPC","chr17_7016685_7017256",488.406179501747,"-"
"TARDBP","chr1_75728488_75732643",488.13643623007,"-"
"HNRNPK","chr12_48662654_48667692",488.058531284728,"-"
"EWSR1","chr3_38129388_38131595",488.016295853902,"-"
"GRSF1","chr6_116571655_116574057",487.566237245908,"-"
"PARN","chr2_63842204_63856305",487.371341206975,"-"
"SLTM","chr14_73355766_73409936",487.337665965313,"+"
"MSI2","chr3_16260829_16264768",487.010673352345,"+"
"RBM39","chr2_152677475_152679351",486.982577322671,"-"
"PUF60","chr3_193618936_193626091",486.917883977655,"+"
"KRR1","chr5_178211970_178212972",486.705051770256,"-"
"NONO","chr4_53377923_53379224",486.634214420207,"+"
"NONO","chr16_22513610_22513763",486.612572640393,"+"
"G3BP1","chr13_49075364_49114654",486.540423169174,"-"
"SSB","chr1_40041493_40059333",485.930455210056,"-"
"ZRANB2","chr14_65093815_65102303",485.594570998176,"-"
"SF3B4","chr5_154941265_154956370",485.444708570177,"-"
"G3BP1","chr15_44380976_44413335",485.386958435768,"-"
"G3BP2","chr1_1390865_1393395",485.337779761087,"-"
"U2AF1","chr17_74203710_74203917",485.031516192551,"+"
"GRSF1","chr13_114282943_114286518",484.960715022859,"+"
"LARP4","chr22_23791867_23793558",484.800439614038,"-"
"PCBP2","chr12_6602175_6602375",484.682670383138,"+"
"HNRNPM","chr22_23791867_23793558",484.622647318686,"-"
"G3BP2","chr19_10180234_10180349",484.506538441029,"-"
"ANKS6","chr2_63842204_63856305",484.002481214566,"+"
"NCBP2","chr6_31620858_31622689",483.921717650461,"+"
"PABPC1","chr2_231786538_231788554",483.888063115202,"+"
"HNRNPM","chr2_73939022_73946718",483.823876748572,"-"
"HNRNPF","chr1_51756358_51760689",483.498157320111,"-"
"GRSF1","chr6_109369017_109376073",483.277608169161,"+"
"HNRNPC","chr2_71350271_71355718",483.131072927294,"-"
"HNRNPL","chr17_35587428_35594007",482.067134113095,"-"
"EIF4B","chr17_73209768_73227164",481.327694406001,"-"
"EIF3G","chr4_951258_951645",480.973279986775,"+"
"KRR1","chr1_32627544_32633644",480.65141278115,"-"
"TAF15","chr2_232700654_232703423",480.178930543751,"-"
"SF1","chr2_95912435_95917854",480.080477314616,"-"
"HNRNPA2B1","chr3_50103166_50105076",479.881279828047,"-"
"G3BP1","chr12_31305123_31326023",479.563087814286,"+"
"FUS","chr19_34226464_34227364",479.554368752062,"-"
"SSB","chr12_47966172_47966682",479.437767953682,"-"
"PUF60","chr2_189782602_189784268",479.403704294084,"-"
"G3BP1","chr16_80976179_80981805",479.123792949863,"-"
"RBM17","chr22_26482240_26483764",479.06652269798,"-"
"HNRNPC","chr2_201234112_201240269",478.943015384651,"-"
"ZRANB2","chr15_90935375_90935543",478.8863542818,"+"
"U2AF2","chr1_20780540_20787194",478.772504066436,"-"
"HNRNPM","chr1_23341017_23344210",478.171658831206,"-"
"HNRNPK","chr2_241315982_241324215",478.078273492749,"-"
"HNRNPK","chr5_57236032_57246299",477.645573778577,"-"
"HNRNPA2B1","chr2_71350271_71355718",477.58878041063,"-"
"EWSR1","chr19_41906025_41906702",477.364262249315,"+"
"RBM17","chr2_99171646_99173914",477.273545589068,"-"
"EIF4B","chr1_207767823_207770320",477.100227010975,"-"
"PTBP1","chr6_31639226_31640198",477.080000832285,"+"
"HNRNPF","chr2_44218537_44232315",476.998330470046,"+"
"NCBP2","chr16_29808741_29810076",476.877049183032,"-"
"SSB","chr14_91147858_91157638",476.366345766045,"-"
"PCBP2","chr1_155916709_155917498",476.130099148861,"+"
"SUPT6H","chr5_179618323_179620891",476.060408985014,"+"
"RBM25","chr19_29942664_29985222",475.969116732191,"+"
"UPF1","chr2_161160484_161179613",475.886961177432,"+"
"PCBP1","chr20_58895684_58903530",475.830547333442,"+"
"TIAL1","chr2_229860531_229879981",475.249318441463,"+"
"RBM39","chr2_241166441_241167044",475.081498330079,"-"
"EWSR1","chr1_193023039_193023843",475.044719303599,"-"
"SFPQ","chr3_9804013_9810620",474.727421812326,"-"
"FXR1","chr1_6785575_6825091",474.630604940658,"-"
"CPSF6","chr2_135616757_135621493",474.552934138253,"-"
"HNRNPC","chr16_29808741_29810076",474.128685233082,"+"
"PPIL4","chr3_9804013_9810620",474.047943107681,"-"
"SFPQ","chr6_111780635_111793622",473.985091207671,"-"
"PABPC1","chr3_48927813_48945135",473.971100237229,"-"
"EWSR1","chr2_272065_272191",473.953154132988,"-"
"PARN","chr17_30481257_30484213",473.920781098813,"-"
"MATR3","chr22_24270983_24302194",473.811579258594,"+"
"EIF4B","chr3_50103166_50104247",473.655896403669,"-"
"SF3B4","chr2_73939022_73946718",473.634116649138,"-"
"PUF60","chr3_42621516_42627199",473.339605692431,"-"
"SSB","chr1_1390865_1393395",473.248275984081,"-"
"GRSF1","chr2_189782602_189784268",472.950217362272,"-"
"ASCC1","chr20_35655344_35658929",472.667452057923,"-"
"PCBP1","chr17_82019381_82019857",472.664663873312,"-"
"HNRNPC","chr3_101574279_101579789",472.033268166572,"-"
"EIF4B","chr5_135346057_135352945",471.357233386719,"-"
"SF3B4","chr20_31722330_31722617",471.166128224088,"-"
"HNRNPC","chr19_34226464_34227364",470.873338002573,"-"
"SF3B4","chr19_1011612_1011740",470.555019529081,"+"
"PUF60","chr21_29036374_29037275",470.459328579088,"-"
"ASCC1","chr21_46635763_46636438",470.374121147136,"+"
"HNRNPK","chr1_23333631_23337753",470.339073097618,"-"
"GRSF1","chr16_87984259_88006089",470.161599056245,"+"
"CIRBP","chr21_46635763_46636438",470.117464312211,"-"
"ZRANB2","chr19_34226464_34227364",470.106442693415,"-"
"SSB","chr2_38577532_38577919",470.063753243546,"-"
"PCBP1","chr22_32475124_32478980",470.038087406791,"-"
"RBM39","chr20_28601756_28602608",469.871632788967,"-"
"MATR3","chr5_140487060_140496519",469.823840124482,"+"
"EIF4B","chr1_207767195_207770320",469.81754197331,"-"
"HNRNPK","chr3_12604289_12608765",469.784795018837,"-"
"PABPC4","chr6_116571655_116574057",469.307316819053,"-"
"TAF15","chr17_58005041_58005800",469.05694978146,"-"
"SSB","chr5_171405403_171406396",468.934589147563,"-"
"HNRNPA2B1","chr19_54449310_54451289",468.443257464449,"-"
"U2AF2","chr2_148021684_148024965",468.332889806966,"-"
"HNRNPA1","chr12_51056245_51056349",468.251762227708,"+"
"TIA1","chr4_53377923_53379224",467.891607282762,"-"
"EIF3G","chr13_37048599_37051487",467.81688136558,"-"
"LARP7","chr5_71604468_71632120",467.807571549166,"+"
"ZC3H8","chr2_191682017_191682491",467.750665524358,"-"
"SF3B4","chr15_43189280_43190324",467.590904754345,"-"
"HNRNPM","chr20_47298872_47310055",467.357187009389,"-"
"G3BP1","chr1_25243633_25245149",467.234030456635,"-"
"MSI2","chr19_18430930_18431646",467.135524454134,"-"
"SF1","chr19_34226464_34227364",467.076752536772,"-"
"MATR3","chr3_66221127_66243202",467.028306384034,"-"
"SF3B4","chr17_35587597_35594007",466.188264932961,"-"
"KRR1","chr1_203796496_203801574",466.172264160586,"+"
"HNRNPC","chr2_161160486_161179613",466.008532872238,"-"
"HNRNPM","chr20_3149260_3159765",465.901191111431,"-"
"CPSF6","chr22_32475124_32478980",465.685625465593,"-"
"MATR3","chr2_232567214_232568944",465.49568024638,"-"
"DKC1","chr14_23557304_23558694",465.39691179227,"-"
"SFPQ","chr2_241150547_241153475",465.297506872372,"-"
"CIRBP","chr2_152677475_152679351",464.955512986638,"-"
"NONO","chr3_3167793_3172505",464.93996623948,"-"
"TARDBP","chr3_185926734_185937824",464.854421068513,"-"
"HNRNPM","chr16_4454927_4455545",464.778087960997,"+"
"ZC3H8","chr14_101912473_101925140",464.67080903698,"+"
"CIRBP","chr2_55577356_55579678",464.61694427665,"-"
"SFPQ","chr2_112652798_112657121",464.597629371237,"-"
"U2AF2","chr14_23566419_23567110",464.443733243506,"-"
"TIA1","chr2_27369212_27369413",464.403633050045,"-"
"FUS","chr13_49997131_49997666",464.378573963777,"+"
"RBM39","chr3_42619708_42620015",464.225930419688,"-"
"ZRANB2","chr14_64924126_64932137",464.214571157194,"+"
"FUS","chr20_63873816_63882718",464.070854995387,"+"
"HNRNPC","chr4_82355401_82356536",464.046005731654,"-"
"HNRNPA1","chr6_31644194_31644524",463.99107012997,"+"
"PABPC4","chr3_193618936_193631611",463.850689538581,"-"
"HNRNPC","chr17_82019694_82019857",463.845951015249,"-"
"EIF4B","chr17_81682149_81683012",463.836885978532,"-"
"MATR3","chr5_133006920_133022840",463.676769436959,"+"
"G3BP1","chr2_169584490_169603641",463.665050035558,"-"
"PARN","chr17_36578186_36579244",463.638726725589,"-"
"HNRNPL","chr1_151056786_151059478",463.626960165514,"+"
"HNRNPA2B1","chr2_230416328_230442936",463.314302487346,"+"
"RBM39","chr22_24276803_24302194",463.181642339678,"+"
"G3BP2","chr3_185926734_185931576",463.017609085689,"-"
"EIF4B","chr1_31911826_31918969",462.927749920494,"-"
"EWSR1","chr2_55577356_55579678",462.398443639186,"-"
"RBM15","chr22_29834550_29838177",462.379095992485,"-"
"FUS","chr17_76557857_76561287",462.22185547572,"-"
"ZC3H8","chr22_32475398_32478980",461.984326717854,"-"
"PABPC1","chr14_23081836_23090521",461.692446147095,"-"
"PCBP1","chr17_21198840_21214090",461.123477197204,"-"
"HNRNPA1","chr2_191682017_191683728",461.097081189209,"-"
"MATR3","chr13_113177976_113178173",461.018764697676,"+"
"TIAL1","chr20_63873816_63882718",460.973702937251,"-"
"SF1","chr1_114736855_114737962",460.911556714336,"-"
"CIRBP","chr3_49310737_49324701",460.803355261412,"-"
"SF1","chr6_111780635_111793622",460.685011120685,"-"
"KRR1","chr5_140464776_140472238",460.412114602209,"-"
"EIF4B","chr1_45661225_45686411",460.027152199699,"-"
"SSB","chr12_76450988_76487509",459.778625160411,"-"
"MATR3","chr1_11745837_11747439",458.936801211379,"-"
"HNRNPM","chr22_32475124_32478980",458.932958986991,"-"
"SART3","chr16_67082308_67098709",458.860333573061,"-"
"HNRNPA2B1","chr12_6652770_6652935",458.795739136474,"-"
"HNRNPA1","chr4_53399839_53414614",458.271602911875,"-"
"EIF3G","chr1_236542787_236543559",458.123337201648,"-"
"SF1","chr2_222887888_222900673",458.013469854908,"+"
"CPSF6","chr2_230416328_230442936",457.901468070133,"-"
"TIAL1","chr6_125292909_125298713",457.795438525011,"-"
"PCBP2","chr6_111780635_111846588",457.734622070185,"+"
"TARDBP","chr1_77967101_77967626",457.455454805472,"-"
"HNRNPM","chr2_55577356_55578246",457.437499535513,"-"
"PARN","chr1_23341017_23344210",457.306332416009,"-"
"PCBP2","chr16_22513921_22523819",456.977220221211,"-"
"HNRNPA2B1","chr20_58895684_58903530",456.816692463224,"-"
"LARP7","chr2_189782602_189783013",456.329685841452,"-"
"U2AF1","chr20_30377425_30379584",456.102380881493,"-"
"SFPQ","chr5_96727530_96729611",455.888803969236,"-"
"RBM17","chr1_155668777_155670319",455.453449328838,"-"
"U2AF1","chr1_23323732_23337753",455.297377624364,"+"
"RBM39","chr6_116571655_116580294",455.055893771479,"-"
"TARDBP","chr1_51756358_51760689",454.942227829434,"+"
"NCBP2","chr5_112976986_112985834",454.910657846409,"+"
"HNRNPC","chr1_71065137_71066775",454.767389320378,"-"
"PTBP1","chr12_56160670_56161386",454.717280987191,"+"
"RBM39","chr2_230462518_230466300",454.665218307897,"-"
"PUF60","chr14_23090101_23090521",454.575623326503,"-"
"G3BP1","chr2_201272776_201274888",454.156086525574,"-"
"U2AF1","chr2_74527121_74527247",453.801764757192,"-"
"RBM34","chr20_58898985_58903530",453.783637367654,"-"
"HNRNPL","chr4_673401_674211",453.58533304558,"-"
"RBM39","chr1_91720227_91721954",453.580604723867,"-"
"SF1","chr2_271939_272191",453.541433320217,"-"
"RBM17","chr20_31722330_31722617",453.327011473824,"+"
"SF3B4","chr2_169824640_169824781",453.313833294377,"-"
"RBM39","chr16_70038985_70042350",452.852334408923,"+"
"TIAL1","chr12_54282874_54283811",452.833689485008,"-"
"U2AF1","chr17_82019381_82019857",452.791935264666,"-"
"CPSF7","chr1_45685620_45686411",452.779224121279,"+"
"PUF60","chr6_31639226_31640198",452.680808048375,"+"
"PCBP2","chr2_219230405_219231927",452.432570079475,"-"
"PUM1","chr1_207785682_207793518",452.140248510534,"-"
"PTBP1","chr12_56160320_56161386",452.092384359804,"-"
"KHDRBS1","chr5_179614959_179616125",451.865997887421,"-"
"KRR1","chr6_31639226_31640198",451.67673105924,"+"
"RBM25","chr2_63842204_63856305",451.61461708486,"-"
"HNRNPA2B1","chr17_76557857_76561287",451.469386677061,"-"
"LARP7","chr15_76295737_76311349",451.436096037182,"-"
"G3BP2","chr2_161160484_161179613",451.202886421969,"-"
"PABPC1","chr19_18538433_18539370",451.08039957623,"-"
"U2AF1","chr14_92093831_92096092",451.058963601307,"+"
"CSTF2T","chr2_55577356_55579678",450.962278976258,"-"
"HNRNPC","chr16_68266721_68274690",450.757356876357,"-"
"NCBP2","chr17_73209768_73227164",450.735398015214,"-"
"PCBP2","chr6_116571655_116580294",450.573905152436,"-"
"NCBP2","chr19_52818031_52857571",450.532189965283,"+"
"SF1","chr2_55578342_55579678",450.5249434605,"-"
"FUS","chr1_51714079_51745535",450.329736275164,"-"
"FUS","chr20_63873816_63882718",450.189763470019,"+"
"FUS","chr1_45661225_45686411",450.185321397981,"+"
"FXR1","chr20_58669453_58670511",450.052886998379,"-"
"HNRNPK","chr18_35290391_35305975",450.04770535928,"-"
"G3BP1","chr22_26482240_26483764",450.046087117636,"+"
"CPSF6","chr16_1786955_1787676",449.296472910622,"-"
"SF1","chr16_634956_635280",449.118135278407,"-"
"PUF60","chr2_71331865_71355718",448.790254768699,"+"
"PABPC1","chr1_45661225_45686411",448.518430061204,"+"
"CSTF2T","chr19_11447618_11447692",448.46201059339,"-"
"ANKS1A","chr20_58993764_58994109",448.42116709471,"-"
"RBM25","chr15_50725323_50726320",448.216456604874,"-"
"HNRNPAB","chr22_29832342_29834488",448.118763160924,"-"
"ASCC1","chr2_177234271_177264531",448.026560203195,"-"
"FXR1","chr3_48694240_48694458",447.974418789489,"-"
"G3BP2","chr20_38422241_38426418",447.807409884861,"+"
"TRA2A","chr20_58668127_58670511",447.761715994584,"-"
"EWSR1","chr17_49622876_49677932",447.742488026974,"-"
"DKC1","chr20_31722330_31722617",447.643000141049,"+"
"PTBP1","chr1_150441958_150443230",447.606930805186,"-"
"FUS","chr2_73939022_73946718",447.570897801499,"+"
"TAF15","chr22_20036854_20043354",447.112687976793,"-"
"SLTM","chr12_31298224_31326023",446.633695345056,"-"
"PTBP1","chr4_53399839_53425871",446.626689981537,"-"
"MSI2","chr19_5610688_5612539",446.517932203437,"+"
"HNRNPA2B1","chr2_74528489_74529131",446.350766544962,"-"
"SF3B4","chr6_311962_335113",446.222867006123,"-"
"FUS","chr17_49706309_49706964",446.018128175836,"-"
"HNRNPL","chr2_222900780_222908732",445.98007750076,"+"
"DAZAP1","chr13_27441077_27445087",445.939981507039,"+"
"RBM39","chr15_90935330_90935543",445.885803615118,"+"
"HNRNPA1","chr2_232697392_232703423",445.551536940316,"-"
"RBM22","chr1_71065137_71066775",445.328031216392,"-"
"HNRNPA2B1","chr20_62303781_62306196",445.218053904973,"-"
"PABPC1","chr16_67082339_67098709",445.104321292666,"-"
"RBM39","chr20_62303781_62306196",444.811566711889,"-"
"HNRNPK","chr12_53467843_53468776",444.702107871786,"-"
"PCBP1","chr1_75790517_75791284",444.613561114154,"-"
"RBM39","chr1_25243633_25245149",444.605901063707,"-"
"HNRNPA1","chr16_634797_635280",444.476384065912,"+"
"MATR3","chr4_102826636_102827943",444.185467969609,"+"
"HNRNPC","chr4_53377923_53379224",444.048609882473,"+"
"LARP7","chr2_73828996_73830844",443.89100682994,"+"
"PUF60","chr15_50725323_50726320",443.722711377061,"-"
"HNRNPA1","chr14_23960003_23967210",443.719362519771,"+"
"HNRNPA1","chr1_155689243_155709772",443.698112317794,"-"
"PCBP1","chr2_230462518_230466300",443.643017112484,"+"
"PUF60","chr15_50424514_50439008",443.594789468038,"-"
"MATR3","chr1_53855051_53860055",443.558919631963,"-"
"HNRNPM","chr2_201272776_201274888",443.264062151292,"-"
"TIAL1","chr20_30377721_30379584",443.181937451933,"+"
"ZRANB2","chr3_28241812_28263290",443.135155076516,"-"
"SF1","chr14_65101572_65102303",442.900165145628,"-"
"HNRNPC","chr19_10797518_10798485",442.827613186857,"+"
"FXR1","chr2_55578342_55579678",442.759624526807,"-"
"G3BP1","chr19_54449310_54451289",442.702305850106,"-"
"TARDBP","chr3_9690143_9701789",442.474511467574,"-"
"PABPC1","chr19_10797518_10798485",442.340546587303,"+"
"NONO","chr13_114282943_114286518",442.325386948242,"-"
"SFPQ","chr5_180793097_180802679",442.179019834291,"-"
"G3BP1","chr22_20568631_20582610",442.168177347741,"-"
"TAF15","chr13_37047936_37051487",442.143329363777,"+"
"PNPT1","chr14_73099750_73103191",442.008970247413,"-"
"ASCC1","chr1_35178036_35187000",442.000840223785,"-"
"TIAL1","chr12_56160320_56161386",441.943659780236,"-"
"HNRNPM","chr1_151316509_151327270",441.692214043769,"-"
"HNRNPAB","chr5_138157267_138159554",441.606108525268,"+"
"NONO","chr2_229860531_229879981",441.598102869725,"+"
"EWSR1","chr3_138187599_138188454",441.485891771096,"-"
"NONO","chr2_241097427_241102252",441.195982773759,"-"
"TRA2A","chr2_232700654_232703423",441.18028122538,"-"
"HNRNPK","chr19_18557914_18562035",440.99751884297,"-"
"TIA1","chr3_180985996_180988022",440.763618248155,"-"
"CIRBP","chr1_244842058_244842194",440.682921523913,"+"
"HNRNPM","chr22_20568631_20575112",440.568327882337,"-"
"ZRANB2","chr3_197621868_197622186",440.538776679573,"+"
"GRSF1","chr12_56159622_56159974",440.356996408975,"-"
"PUF60","chr1_6820250_6825091",440.330530603059,"-"
"CPSF6","chr22_20568631_20575112",440.214324981887,"-"
"PPIL4","chr20_30388578_30393550",440.154449501927,"+"
"RBM25","chr2_152677475_152679351",440.11374141866,"-"
"HNRNPA0","chr17_41913900_41918879",439.974648899557,"+"
"HNRNPA2B1","chr20_30388578_30393550",439.943645992781,"-"
"CCAR1","chr4_184638468_184649394",439.931416474354,"-"
"RBM39","chr20_35021332_35035122",439.911338265478,"-"
"HNRNPC","chr21_33436992_33439213",439.866049047655,"-"
"EIF2S1","chr5_71604468_71632120",439.811395517343,"+"
"PABPC1","chr20_31722348_31722617",439.682076634695,"+"
"SF3B4","chr6_10749698_10755141",439.633112953175,"-"
"DAZAP1","chr1_154214574_154220341",439.567036528366,"-"
"SF3B4","chr3_25729318_25732318",439.549347411213,"-"
"GRSF1","chr17_73209768_73227164",439.48502445242,"-"
"PABPC1","chr1_46310044_46310154",439.35637976813,"+"
"G3BP1","chr22_20052584_20055942",439.264689736488,"+"
"RBM39","chr1_6785575_6825091",439.190212824265,"+"
"PABPC1","chr17_59112345_59131280",439.055487759903,"+"
"QKI","chr16_69120649_69121435",438.99318141978,"-"
"HNRNPK","chr16_2264760_2268054",438.817888541754,"-"
"HNRNPM","chr4_53399839_53414614",438.662700242918,"-"
"MATR3","chr1_46688544_46689586",438.655802461445,"-"
"RBM25","chr3_69077918_69080111",438.60863841859,"-"
"HNRNPF","chr12_31298224_31326023",438.425906412242,"+"
"EIF2S1","chr2_11172045_11177736",438.305584663269,"-"
"EWSR1","chr20_58669453_58670511",438.277388599258,"-"
"HNRNPM","chr5_178209447_178210552",438.275694331627,"-"
"EWSR1","chr3_9829395_9833103",438.055116798367,"+"
"PUF60","chr2_71331865_71355718",437.658680708103,"+"
"HNRNPA1","chr12_76450979_76487509",437.618814109396,"-"
"PABPC4","chr2_55577356_55578246",437.576686227664,"+"
"KRR1","chr17_49706309_49706964",437.262270130866,"-"
"SLTM","chr12_6602154_6602375",437.223472630594,"+"
"TARDBP","chr17_3720402_3723687",437.040474166623,"-"
"TIAL1","chr3_49674621_49675693",437.023597656226,"-"
"CPSF7","chr17_82449292_82450699",436.882647247356,"-"
"HNRNPC","chr18_49491833_49492457",436.79329103105,"+"
"HNRNPA1","chr16_22513921_22523819",436.779146416106,"-"
"SAFB2","chr15_92900824_92924320",436.73166884988,"-"
"HNRNPK","chr3_16260829_16264768",436.646845739357,"+"
"HNRNPA2B1","chr22_29832342_29838177",436.635008091579,"+"
"EIF3G","chr14_65101572_65102303",436.624157934155,"-"
"PTBP1","chr1_155260659_155262085",436.292577413976,"-"
"HNRNPA1","chr1_75790057_75791284",436.196943104027,"-"
"TIA1","chr19_36122173_36125450",435.852803508836,"-"
"DAZAP1","chr12_42352049_42355160",435.227993455145,"+"
"RBM17","chr5_133006920_133026496",435.040363936456,"-"
"TARDBP","chr6_116571655_116580294",435.034340816269,"-"
"TAF15","chr1_45661225_45686411",434.986992146556,"-"
"FUS","chr1_45552563_45561788",434.935496059624,"-"
"CCAR1","chr2_44218537_44232315",434.810287735409,"+"
"KHDRBS1","chr1_7961735_7962762",434.696415760682,"-"
"NONO","chr17_16439703_16440184",434.694268557394,"-"
"MATR3","chr17_76727178_76729689",434.688728714708,"+"
"PTBP1","chr2_148021684_148024965",434.499986551248,"-"
"FXR1","chr14_73921105_73923394",434.413668430757,"+"
"RBM39","chr2_97206135_97207810",434.276641390249,"+"
"PUF60","chr22_32475124_32478980",434.136064630264,"-"
"TARDBP","chr3_180985996_180988022",434.075937517002,"-"
"TIAL1","chr2_241097427_241102252",433.833914517559,"-"
"NCBP2","chr16_68302501_68304025",433.802650464246,"-"
"PABPC1","chr1_42457073_42457246",433.578490130831,"-"
"TAF15","chr16_70038985_70042350",433.509651814442,"-"
"PUM2","chr1_40040801_40059333",433.252059279203,"-"
"NONO","chr6_31644194_31644524",433.190922128253,"+"
"RBM39","chr1_16642850_16643027",432.635688745768,"+"
"TIA1","chr13_37047936_37051487",432.628364203413,"-"
"HNRNPK","chr14_101912473_101925140",432.477524697832,"-"
"PCBP2","chr14_23090101_23090521",432.098389594241,"-"
"EWSR1","chr17_4710744_4715972",432.051027433063,"+"
"TIAL1","chr3_50103166_50105076",431.975547806595,"-"
"NONO","chr3_9804013_9810620",431.832902127411,"-"
"PTBP1","chr1_151316509_151327270",431.590710033925,"+"
"SLBP","chr1_203796496_203801574",431.21378769252,"+"
"PUF60","chr12_6602175_6602375",431.207542995843,"+"
"HNRNPC","chr17_16151616_16151945",431.117027488734,"-"
"KRR1","chr2_111429620_111494884",431.074666896726,"-"
"RBM17","chr2_201160942_201163834",430.971787655753,"-"
"PCBP1","chr5_135346057_135350822",430.54514235353,"+"
"DKC1","chr20_30377425_30379584",430.509666240765,"-"
"SF1","chr14_23966417_23967210",430.447912044763,"+"
"HNRNPA2B1","chr21_31685240_31685397",430.417567414631,"-"
"PCBP1","chr16_69120649_69121435",430.371133195992,"+"
"PNPT1","chr2_229859574_229879981",430.345698605475,"+"
"EWSR1","chr20_35632025_35632310",430.343742435339,"-"
"TAF15","chr22_38486440_38487878",430.240703439839,"-"
"EIF3G","chr3_49975392_49999439",430.203489622242,"-"
"U2AF1","chr1_20780540_20787194",430.188603418505,"-"
"GRSF1","chr14_101912473_101925140",430.186055695403,"-"
"PABPC1","chr2_38577532_38581912",430.089846221827,"-"
"U2AF1","chr2_74135658_74145188",430.030529341077,"-"
"SF1","chr1_45661225_45686411",429.891146191464,"+"
"HNRNPA2B1","chr21_46635763_46636438",429.866486677325,"-"
"SUPT6H","chr5_178209447_178210552",429.815036585812,"-"
"RBM39","chr20_58895684_58903530",429.652544313554,"-"
"SF1","chr4_53399839_53414614",429.52945271319,"-"
"SSB","chr1_66930400_66940027",429.516714064819,"-"
"TIAL1","chr5_138157267_138160068",429.50096258979,"+"
"PTBP1","chr2_241097427_241102252",429.463242749688,"-"
"PTBP1","chr16_29808741_29810076",429.403739161618,"-"
"CCAR1","chr22_40156182_40246014",429.301214756632,"-"
"LARP7","chr17_78119392_78121012",429.190549286876,"-"
"RBM22","chr6_31651776_31652399",429.050248391059,"+"
"KRR1","chr3_9804013_9810620",428.969622774732,"-"
"MATR3","chr2_201234112_201266460",428.81263527987,"-"
"CPSF6","chr22_32475124_32479132",428.423178157808,"-"
"HNRNPF","chr1_20780540_20787194",428.103264399218,"-"
"PPFIBP2","chr2_97219246_97224808",427.891214132132,"+"
"CIRBP","chr15_66494552_66497641",427.588507916731,"+"
"HNRNPK","chr16_68273904_68274690",427.561247546527,"+"
"LARP4","chr19_18538436_18539370",427.533874883865,"-"
"NCBP2","chr17_49706334_49706964",427.440738051161,"+"
"PCBP2","chr16_208188_220648",427.304630877802,"-"
"PCBP1","chr3_9690143_9697710",427.234636417655,"-"
"GRSF1","chr22_20568631_20582610",427.212078776562,"-"
"PUM2","chr20_58895684_58903530",427.045217069949,"-"
"CIRBP","chr1_150441023_150443230",427.030167619831,"+"
"DAZAP1","chr1_25243633_25245149",426.852068998577,"-"
"EIF4B","chr12_124912883_124913339",426.645413091251,"-"
"MATR3","chr16_75644462_75647577",426.362892624926,"-"
"TARDBP","chr1_203795794_203801574",426.291349332417,"+"
"TIA1","chr3_9689082_9689963",426.216672045997,"-"
"RBM39","chr16_68266721_68274690",426.13910836681,"-"
"PTBP1","chr3_180985996_180988022",426.107183046311,"-"
"SART3","chr22_20568631_20575112",426.028822051443,"+"
"NONO","chr20_49280570_49289044",426.012905626142,"-"
"EIF4B","chr1_225786985_225789239",426.000946261072,"-"
"ZC3H8","chr1_46686870_46689586",425.912235530785,"-"
"G3BP1","chr6_116571655_116580294",425.911708220815,"-"
"SLTM","chr22_20053551_20055942",425.752023045039,"-"
"CCAR1","chr1_24662804_24666814",425.648455087099,"-"
"GRSF1","chr2_272065_272191",425.327960295722,"-"
"FUS","chr2_229859574_229879981",425.233404964189,"+"
"U2AF2","chr6_31620858_31622726",425.205338246553,"+"
"RBM39","chr3_16260829_16264154",425.175703637048,"+"
"PTBP1","chr2_189782602_189783013",424.760266525312,"-"
"RBM39","chr1_75790517_75791284",424.728596956792,"-"
"EIF4B","chr21_33260727_33262792",424.690742627116,"-"
"EIF3G","chr1_24663224_24666814",424.614715824439,"-"
"ASCC1","chr1_20780540_20787194",424.59557064536,"-"
"G3BP2","chr1_2393355_2395783",424.58773724387,"-"
"HNRNPA0","chr1_150327652_150328319",424.453205580036,"-"
"ASCC1","chr1_181050286_181053572",424.42427748489,"-"
"HNRNPA0","chr4_53399839_53425871",424.187179155354,"-"
"CCAR1","chr2_27772692_27779432",424.033129762501,"+"
"PNPT1","chr2_229859574_229879981",423.934098688646,"+"
"SSB","chr20_47298872_47310055",423.888391298984,"-"
"EIF2S1","chr14_23564221_23564332",423.874835887358,"-"
"EIF4B","chr15_101642644_101645086",423.810390363175,"-"
"SF3B4","chr2_169584899_169603641",423.648579148277,"+"
"ASCC1","chr5_146463793_146469543",423.645082423041,"-"
"NONO","chr2_175118369_175130137",423.634157806616,"+"
"KHDRBS1","chr2_38577532_38581912",423.436749793619,"-"
"PCBP1","chr1_155689243_155709772",423.312927515549,"-"
"PUF60","chr17_35017606_35026373",423.28060944459,"-"
"PUM1","chr19_1011663_1011740",423.105979449429,"-"
"RBM22","chr1_23323732_23337753",423.088400485294,"-"
"CPSF6","chr3_108047292_108057476",423.031301417259,"-"
"PABPC4","chr3_49975392_49999439",423.019301244209,"-"
"G3BP2","chr21_31685174_31685397",422.949239026735,"+"
"PABPC4","chr5_154941265_154950820",422.855957533595,"-"
"SLTM","chr3_88055999_88058018",422.770026950236,"-"
"CPSF6","chr2_55577356_55579678",422.740352971187,"-"
"SFPQ","chr2_230462518_230466300",422.731567928529,"-"
"HNRNPA1","chr2_44218537_44232315",422.719263847688,"+"
"CCAR1","chr12_56724549_56725262",422.669354942331,"+"
"RBM39","chr5_151772036_151786571",422.535931916079,"-"
"PCBP1","chr1_42456628_42457246",422.496008418222,"+"
"TAF15","chr1_51750195_51760689",422.414385117298,"+"
"CCAR1","chr2_97206135_97207810",422.389556098343,"+"
"PUF60","chr13_20862858_20868595",422.37997046868,"-"
"LARP7","chr2_189782602_189784268",422.341532400621,"+"
"EIF2S1","chr2_65056528_65069398",422.329107205919,"-"
"MATR3","chr1_151310255_151315572",422.133026974383,"+"
"NCBP2","chr1_46686870_46689586",421.687928722837,"+"
"SAFB2","chr1_45685620_45686411",421.635101911403,"+"
"SART3","chr13_19677823_19730238",421.514113555449,"-"
"MSI2","chr12_6652767_6652935",421.455578901376,"-"
"PABPC1","chr5_178618778_178623255",421.336099590632,"-"
"PCBP2","chr14_54432220_54436368",421.029630028659,"+"
"G3BP1","chr5_112864732_112867371",420.9009344895,"-"
"HNRNPK","chr6_311962_345853",420.878668977394,"-"
"KHSRP","chr2_63842204_63856305",420.712887293333,"-"
"EIF3G","chr15_44380976_44413335",420.649913290742,"-"
"MATR3","chr1_112703806_112707077",420.169672883783,"+"
"MATR3","chr12_31298224_31326023",419.885055589003,"+"
"HNRNPK","chr20_18507990_18510821",419.821087408043,"-"
"TIA1","chr13_19709599_19730238",419.797178867725,"-"
"HNRNPA2B1","chr4_53377923_53379224",419.526274915976,"-"
"HNRNPM","chr3_38125881_38126509",419.515640520241,"+"
"PABPC1","chr1_84566012_84570581",419.47207349446,"-"
"SF1","chr22_19471808_19479082",419.416919597688,"+"
"CSTF2T","chr17_50737479_50740305",419.381362372405,"-"
"SUPT6H","chr4_87047594_87084119",419.270863998832,"+"
"PABPC4","chr2_74142360_74145188",418.880390019154,"+"
"HNRNPA0","chr1_45551155_45561788",418.879513374063,"-"
"FMR1","chr2_238194331_238194804",418.816067230485,"-"
