RBP,AS_Site,Contribution,Direction
CCAR1,chr10_68754077_68754713,1138.412638,+
GTF3A,chr13_27430621_27432730,1077.634783,+
PAPSS1,chr4_107660072_107682014,943.4596718,+
TROVE2,chr1_193069634_193075819,916.6600903,+
HNRNPK,chr9_83974589_83975461,908.4116274,+
LSM1,chr8_38172033_38176274,632.7496138,+
RBM34,chr1_235135770_235136033,613.9351476,+
NIP7,chr16_69341320_69341532,580.407769,+
PUM2,chr2_20258371_20260336,552.0765492,+
RBM4,chr11_66638752_66639699,550.7849261,+
CCAR1,chr10_68755536_68756272,527.3037854,+
PTBP1,chr19_805187_805491,489.9960255,+
NOL8,chr9_92319356_92321667,482.5082857,+
EWSR1,chr11_73716362_73718784,456.9185241,+
NOL8,chr9_92310675_92311145,438.0511025,+
FUBP1,chr1_77967098_77967626,432.8557042,+
SAFB,chr19_5667164_5667346,421.0295357,+
PUF60,chr5_170788668_170794230,417.6173092,-
SRRM1,chr1_74706994_74707102,417.2078573,+
SFPQ,chr1_35184593_35187000,412.318807,+
MBNL1,chr3_152432920_152445281,396.902265,+
PSPC1,chr13_19709599_19730238,391.6337823,+
TIA1,chr2_70229091_70229263,389.3083436,+
PHC3,chr3_170136665_170145422,385.781763,+
ZC3H14,chr14_88603060_88607242,384.1356513,+
EEF1G,chr2_27772692_27779432,382.5582303,+
TRA2A,chr17_81891841_81894466,379.5769218,+
ESRP1,chr8_94674506_94678202,378.3951143,+
PRPF3,chr1_150325881_150328319,377.5940592,+
GTF3A,chr14_94383241_94390456,370.0170494,+
FUS,chr16_31182664_31183857,364.6484927,+
RBM23,chr14_22905659_22906194,364.6048131,+
FXR1,chr3_180970358_180976121,361.993326,+
KIN,chr8_69493125_69501873,361.8037918,+
KIN,chr17_16440253_16441367,357.4647776,+
APTX,chr9_32988129_32989758,357.3035152,+
RBM6,chr3_50061748_50061961,353.0481148,+
FXR1,chr3_180970358_180976121,350.7284645,+
LARP1B,chr4_128091512_128098185,347.0598328,+
LSM4,chr5_71483896_71486483,345.8483894,+
RBM4,chr11_66640123_66646026,344.0637644,+
HNRNPF,chr10_43396590_43409130,344.0507243,+
SRRM1,chr1_24662804_24666814,341.2907269,+
ZFR,chr5_32379210_32380074,339.5603284,+
ESRP1,chr8_94696961_94705924,336.0579988,+
CIRBP,chr1_167773368_167787819,328.5459619,+
ANKHD1,chr1_168004793_168043024,325.2147631,+
G3BP2,chr1_155668777_155670319,317.1239782,+
SRRM1,chr1_24655129_24660718,313.3262703,+
HNRNPA0,chr1_228109021_228109260,311.6856633,+
SAMD12,chr1_45519054_45522777,310.8080069,+
MBNL1,chr3_152415111_152432716,309.7816245,+
NONO,chr16_66552793_66563121,309.7273617,+
TNKS2,chr3_157153156_157157010,309.0244943,+
MBNL2,chr12_27969516_27970024,307.6172525,+
KIN,chr4_53399839_53425871,306.4297696,+
CCAR1,chr15_79899125_79970699,306.327674,+
YBX1,chr16_635340_636093,303.0687821,+
PNPT1,chr15_48331479_48332267,302.1085837,+
TRA2B,chr3_185926734_185937824,299.1195855,+
SNRPG,chr2_197516146_197523623,298.3022494,+
PPP1R9A,chr6_30741867_30742146,296.468592,+
CCAR1,chr15_79899125_79970699,295.9233541,+
PAN3,chr17_81891833_81894466,295.0439334,+
RALY,chr20_34073635_34075873,294.9388511,+
PPIE,chr1_39738931_39740164,293.7948347,+
IREB2,chr9_21971208_21974677,293.0372995,+
DKC1,chr1_156011887_156018131,292.7404623,-
ANKS4B,chr7_105038199_105040838,292.4751045,-
EEF1G,chr2_27772692_27779432,292.0971744,+
HELZ,chr6_32975112_32975383,290.5392719,+
YTHDF3,chr8_63168901_63169386,290.0821555,+
RBMS1,chr2_160285044_160286968,289.4001703,+
RBM43,chr5_151772036_151786602,288.4297837,+
EIF3B,chr7_2379511_2380278,286.8463742,+
HNRNPD,chr12_7060877_7061838,286.4791778,+
YTHDC1,chr21_17598824_17604144,285.9336033,+
RBM12,chr4_185678822_185775226,285.2486591,+
ZRANB2,chr1_71065137_71066775,285.2252211,+
HNRNPL,chr11_102317571_102321836,284.1699685,+
WDSUB1,chr2_159259843_159271701,281.7473868,+
CIRBP,chr12_27244332_27297709,281.1472545,+
ZC3HAV1,chr4_76082535_76097643,280.6925598,+
EIF4B,chr7_5739625_5740972,280.4165576,+
ZC3H12B,chr2_271939_272036,279.7762862,+
FUBP1,chr5_304221_314416,279.7521054,-
RBM42,chr11_130137291_130140397,279.4139467,-
PABPC1,chr2_61017851_61018183,277.337533,+
HNRNPF,chr1_86863605_86880661,277.2731733,+
RBM26,chr6_7579772_7582641,276.1636689,+
HNRNPA2B1,chr1_228108318_228109148,275.5422072,+
ZRANB2,chr12_124912734_124913418,275.5161377,-
EIF2S1,chr4_83458429_83459739,275.0098962,+
PNPT1,chr3_180985996_180988022,274.1267405,+
SRRM1,chr4_53428183_53442652,274.1179518,+
RBM41,chr4_83456958_83459739,272.7907561,+
ZRANB2,chr1_71065137_71066775,272.4800612,+
HNRNPH1,chr8_69493125_69495764,272.1207312,+
ANKS4B,chr2_97560860_97578905,272.1135227,+
YBX1,chr12_28190641_28257201,271.7240016,+
ZC3H6,chr16_66552793_66563121,271.2082211,+
PNPT1,chr6_122427956_122431429,270.9230972,+
LARP7,chr4_112637239_112644667,270.6772512,+
ZC3H12B,chr6_20649377_20739518,269.8670887,+
PAPSS1,chr12_26231985_26271662,269.40607,+
RBM27,chr5_146251875_146254942,269.0485803,+
EIF3G,chr1_40059458_40060069,268.3825899,-
MBNL1,chr3_152447773_152455541,268.2060831,+
PAPSS1,chr2_160282304_160284774,268.092532,+
RBM41,chr4_83456958_83459739,267.9735924,+
PUM1,chr1_30945483_30950126,267.8561055,+
SAMD12,chr11_117199432_117203001,267.6717222,+
NAA38,chr1_45568177_45568926,267.5051258,+
HNRNPK,chr3_195662733_195664085,267.2622558,+
ANKS4B,chr1_172551626_172553259,266.5286153,+
TRA2A,chr7_26193694_26195846,266.2978167,+
PPIE,chr1_39753052_39762516,266.1690191,+
RBMS3,chr3_29899755_29936085,266.1228426,+
SNRPB,chr14_20802093_20802796,265.745671,+
CSDE1,chr22_40594735_40636477,265.1892796,+
SRRM1,chr1_24662804_24666814,264.792927,+
HELZ,chr12_124912636_124913320,264.1929746,+
ZRANB2,chr4_13368650_13376544,263.9507553,+
MYEF2,chr18_678737_683245,263.0234314,+
TROVE2,chr1_193059776_193069033,262.3271213,+
SRRT,chr17_40628993_40630207,262.028199,-
RBM3,chr7_74189918_74190246,261.9673121,+
LARP7,chr19_12764917_12764998,261.0060448,+
PAN3,chr17_5422829_5425970,260.9987872,+
HNRNPM,chr8_94678371_94696851,260.2726854,+
PNPT1,chr20_49154071_49174194,260.0550748,+
RBM27,chr5_146237432_146254942,259.7371439,+
RBM4,chr11_66640123_66643449,259.7194909,+
HNRNPH1,chr15_72200655_72203021,258.9666501,-
RRP7A,chr14_58291707_58297954,258.8622625,+
ZC3H11A,chr2_46581591_46588074,258.6319923,+
PABPC4,chr1_32224475_32228498,258.4393601,+
SLBP,chr1_150627592_150629060,257.7884048,+
ZFP36L2,chr2_61017851_61018188,255.4489849,+
MATR3,chr7_116904383_116910232,255.3141477,+
RBMS3,chr3_29897475_29899704,255.1067284,+
SNRPD1,chr10_110876070_110881274,254.9073954,-
PABPC4,chr6_24714354_24716245,254.458472,+
RBM4,chr11_66640123_66646026,254.2850752,+
RBM34,chr18_35290391_35305975,253.5776811,+
EEF1G,chr1_25826826_25829617,252.9941684,+
PARP14,chr16_19764112_19788837,252.1212128,+
ZRANB2,chr4_15971082_15980421,251.5937822,+
SAMD8,chr2_38746747_38748055,251.3743732,+
PPIL4,chr4_82829058_82844385,251.3530459,+
ANKHD1,chr5_140497278_140504820,251.2476242,+
MBNL2,chr9_72363606_72364695,250.3341432,+
TARDBP,chr4_185514337_185514702,250.1989278,+
SNRPG,chr12_10610680_10613438,249.7318708,+
EIF4B,chr8_56211837_56214597,249.668568,+
HNRNPL,chr10_6226365_6232894,249.4480687,+
ZFP36L1,chr17_72021979_72025897,249.1295621,+
PCBP2,chr12_53467843_53468776,248.8974593,+
PCBP2,chr2_152663979_152664137,248.8484112,+
ZFP36,chr6_29942626_29942756,248.691638,+
MSI1,chr7_128748367_128748572,248.5846304,+
NCL,chr1_186406268_186411810,248.5369948,+
SF3B4,chr4_54726050_54727217,248.3973138,-
HNRNPA2B1,chr1_228108318_228109148,248.1860304,+
SNRPC,chr3_149902162_149911977,248.012662,+
SASH1,chr11_34651610_34656907,247.3857845,-
ZC3H15,chr12_16347710_16357604,247.1912521,-
PPFIBP1,chr3_141438365_141442388,246.8832754,+
GTF3A,chr6_99414690_99416348,246.8757224,+
RBMX,chr7_45751646_45758042,246.80915,+
SAMD12,chr12_57719182_57720405,246.4631439,+
SASH1,chr20_58895684_58903530,246.44276,+
RBM23,chr14_22906368_22909482,246.2385931,+
NONO,chr1_52911790_52921552,246.2065485,+
PPP1R9A,chr1_54047372_54053355,246.2018062,-
U2AF1,chr18_9204544_9208656,246.1632427,+
RBM39,chr12_12487187_12500518,246.1126117,+
EIF4B,chr8_56211837_56214597,246.0785573,+
SNRPG,chr12_10610680_10613438,245.737498,+
HNRNPA2B1,chr15_41349241_41351032,245.3063239,+
HNRNPH1,chr2_215372300_215373321,245.289712,-
CPSF6,chr16_56935312_56936686,244.8921261,-
RBMS1,chr17_18587879_18594720,244.8791378,+
YBX1,chr15_79961174_79970699,244.3351523,+
MCTS1,chr6_42884750_42885973,244.3089651,+
PHC3,chr8_73978861_73981154,244.1849473,+
MCTS1,chr1_71065137_71066775,243.9804974,+
PNPT1,chr6_122423686_122427902,243.9419655,+
SAFB,chr19_5657347_5661520,243.8016948,+
GRSF1,chr2_237540533_237542566,243.6089947,+
ZC3H6,chr3_140963227_140970926,243.4814445,+
DKC1,chr4_184648631_184649394,242.940463,+
PAPSS1,chr10_112964624_113040024,242.8616136,+
HNRNPA2B1,chr12_91178585_91179361,242.3233866,+
EIF2S1,chr1_228141288_228145510,241.8669744,+
HNRNPC,chr12_27969516_27969680,241.7174917,+
PUF60,chr6_159790639_159790939,241.5708483,+
ZFP36L2,chr1_25243633_25245149,241.2675688,+
LSM3,chr5_132271466_132271790,241.0526433,+
LSM7,chr4_15971082_15979880,240.7273949,+
ZRANB2,chr14_39321056_39326863,240.3615715,+
PNO1,chr8_143818534_143821596,240.2657354,-
RBM4,chr5_150447735_150449491,240.0701733,-
RBM3,chr1_244842058_244842194,240.0132413,+
ZFP36L1,chr17_42951894_42953723,239.939338,+
PCBP2,chr11_62789426_62789885,239.7650198,+
CPSF7,chr9_14179780_14180658,239.7419142,-
HNRNPA3,chr7_74716950_74718878,239.6946331,+
SNRPE,chr2_74135658_74142271,239.1250729,+
HNRNPH1,chr5_147881094_147901628,238.7677,+
SRRM1,chr1_24663224_24666814,238.510805,+
RBM25,chr2_119367644_119368187,238.1804867,-
SNRPD1,chr7_27800090_27827737,238.1558935,+
U2AF1,chr1_213000383_213000785,238.0665027,+
SASH1,chr3_143023064_143023974,237.332188,+
SNRPG,chr10_30437406_30438915,237.1170972,+
HNRNPH1,chr6_159685033_159692660,236.8724118,-
PABPC4,chr1_39563922_39564422,236.8237651,+
SASH1,chr3_100492928_100555208,236.7925235,+
SNRPD2,chr15_69453020_69455169,236.4225606,-
SAMD12,chr9_35684550_35684731,236.1639874,+
HNRNPC,chr1_153990802_153990913,236.154178,+
HNRNPH1,chr1_32226320_32228498,235.9064907,-
RBM34,chr18_35290391_35305975,235.7134603,+
RBM8A,chr17_42953778_42954875,235.5457001,+
ZC3H12D,chr12_124912655_124913339,235.3782337,-
PABPC4,chr1_39563741_39564422,235.1685139,+
CARHSP1,chr17_7012757_7013665,234.9858943,-
RALY,chr3_157153156_157157010,234.8940139,-
LSM4,chr17_28331987_28335339,234.6495739,+
YBX1,chr1_78649905_78650185,234.5026633,+
SNRPC,chr5_151109846_151117126,234.4342224,+
RBMS2,chr11_10801087_10802048,234.4111366,-
PCBP2,chr11_62789426_62789885,234.3977268,+
RRP7A,chr17_81933376_81934652,234.379757,+
NCBP2,chr10_13116340_13118905,234.3540104,+
CSDE1,chr16_66558348_66563121,234.3019825,+
MATR3,chr13_37570669_37571368,234.2763068,+
RBM23,chr14_22905453_22905605,234.0986382,+
YBX1,chr10_29409683_29415356,234.0516277,+
HNRNPH3,chr7_122078014_122078861,233.9666269,+
HNRNPD,chr4_82355401_82356795,233.9076776,+
PARP14,chr8_61619019_61633682,233.9010088,+
CPSF6,chr16_56935312_56936686,233.9002983,-
HNRNPH1,chr11_102317571_102321836,233.7513427,+
SSB,chr8_140702707_140706118,233.6510724,+
ZC3H13,chr20_35729365_35731940,233.6066197,-
TNKS,chr4_155667419_155668089,233.2392793,-
SFPQ,chr1_161073299_161073719,233.1894229,+
PUF60,chr2_152716126_152717229,233.1107342,+
SFPQ,chr6_105288894_105323664,233.0250307,+
SASH1,chr3_100492928_100555208,233.0239744,+
ZC3H4,chr3_11602022_11702970,232.8264022,+
CPSF6,chr6_167033971_167039903,232.6405416,+
LARP7,chr4_112637603_112644667,232.4769535,+
HNRNPA1,chr1_174957549_174969276,232.2974895,+
RBMS2,chr8_61643433_61644599,232.2234581,-
PCBP2,chr12_53462567_53464759,231.8955269,+
SLTM,chr15_58899883_58901259,231.881933,+
PCBP1,chr6_12290693_12292340,231.8804512,+
ZC3H13,chr6_56620715_56620800,231.6359579,+
RBM39,chr1_151254808_151263913,231.5436598,-
FUBP1,chr2_95889871_95889965,231.2885855,+
SNRPC,chr5_151109846_151117126,231.2384221,+
PABPC1,chr18_59225734_59230403,230.9225986,+
CARHSP1,chr12_28190641_28225794,230.909715,+
YTHDF2,chr11_33731468_33736381,230.8256991,-
HDLBP,chr18_694334_706469,230.6244506,+
CPSF6,chr8_61619019_61633682,230.4808371,-
MATR3,chr11_130135715_130137255,230.3181111,-
TRA2A,chr6_24714440_24716245,230.1708623,-
HNRNPK,chr1_151199081_151224244,230.0612458,+
SRRM1,chr22_40594735_40636477,229.7053417,+
ZC3H6,chr7_99560695_99572244,229.4508322,+
HNRNPF,chr8_61619019_61633682,229.2056756,+
SNRPD1,chr7_27800090_27827737,229.1286448,+
RNPS1,chr3_108047292_108049618,229.0263914,+
LSM4,chr12_6492972_6493458,228.9036373,-
RRP7A,chr14_94383241_94390456,228.7642339,+
MATR3,chr19_10579864_10581265,228.5637746,+
SNRPC,chr11_35190065_35208104,228.492357,+
LSM2,chr2_9587509_9591391,228.4154174,-
RRP7A,chr17_37489958_37510676,228.2357491,+
RRP7A,chr3_129434136_129436460,228.1355444,+
ZC3HAV1,chr12_62349307_62355330,228.1279657,+
YTHDC1,chr1_28561260_28561345,227.7431888,+
ZC3H7A,chr3_152447773_152456266,227.6150201,+
NONO,chr16_66552793_66563121,227.1864222,+
DKC1,chr6_31540534_31541949,226.9742536,+
TRA2B,chr3_185926734_185937824,226.815187,+
ZC3HAV1,chr5_43139309_43161248,226.7156417,+
HNRNPH3,chr10_68338642_68339139,226.5904113,+
HNRNPA2B1,chr7_26193694_26195846,226.2854452,+
SRRM1,chr7_1010143_1127256,225.9906192,+
ZFP36L2,chr3_50288937_50289254,225.4985451,+
PUM1,chr22_31531129_31546860,225.3722494,+
PCBP2,chr1_150711571_150711832,225.173496,+
RBM34,chr5_179614959_179616125,224.995277,+
PRPF3,chr12_120571291_120575630,224.9866582,+
RC3H1,chr10_3782214_3783215,224.9860082,-
HNRNPA3,chr1_111139711_111140037,224.7216486,+
HNRNPK,chr12_124911971_124912427,224.6955585,-
ZC3H6,chr4_87499585_87529044,224.5027902,+
PABPC4,chr3_143023064_143027148,224.3636631,+
HNRNPM,chr12_124912278_124913418,224.1584517,-
CPSF6,chr10_35127193_35148367,223.8741898,+
ZC3H15,chr6_99414690_99425214,223.7734191,+
HNRNPM,chr17_16382111_16382567,223.7490471,-
ZFP36,chr12_14885850_14905108,223.713993,+
SNRPD1,chr4_76054274_76075880,223.7009732,+
LARP4B,chr4_53379117_53379224,223.5841756,+
PHC3,chr13_19709599_19730238,223.555908,+
SSB,chr8_143581328_143586728,223.4088721,+
UNKL,chr1_228141288_228145510,223.4057742,-
HNRNPL,chr13_49382941_49401132,223.3836885,+
PCBP2,chr12_53467843_53468776,223.2463155,+
RBM23,chr14_22905453_22906194,223.2258376,+
NCL,chr12_124911822_124912506,223.186183,+
KHDRBS1,chr15_22839790_22851638,223.1161323,+
HNRNPM,chr17_7577916_7578341,223.017814,-
THUMPD1,chr12_124911822_124912506,222.8660464,-
ZCCHC17,chr1_155309076_155310063,222.8427344,+
IREB2,chr12_124912883_124913111,222.7918544,-
GRSF1,chr12_6330711_6330852,222.6031355,+
SNRPD1,chr1_70231975_70232267,222.4618862,+
KRR1,chr8_10820269_10826151,222.3826641,+
RBM47,chr14_94581490_94581614,222.1569201,-
RBM19,chr4_76054274_76057978,222.0463227,-
RBM6,chr20_62308178_62308654,221.9305821,+
HNRNPM,chr2_97555254_97556936,221.2975348,+
RBMS2,chr2_97187226_97189217,221.1805561,+
RBMXL1,chr12_124911952_124913092,220.9167945,+
SGMS1,chr14_88596808_88607242,220.3448086,+
ESRP1,chr1_155260659_155262085,220.2468093,+
RC3H2,chr11_73716362_73718612,220.1102214,-
SNRPE,chr9_73151924_73154460,219.9575631,-
ZFP36L1,chr2_189575320_189578218,219.8310188,-
CPSF6,chr2_232556530_232564246,219.7526988,+
RBM25,chr12_101627804_101629433,219.5735978,+
SNRPG,chr14_20802093_20802796,219.4745112,+
SLBP,chr3_121770574_121781742,219.3452228,+
FUBP1,chr16_10547677_10580548,219.297164,+
SNRPE,chr2_172498100_172501771,219.2754499,+
RBM47,chr14_55601880_55612018,219.0243094,+
MCTS1,chr1_71065137_71066775,219.0037537,+
SNRPB,chr1_51652041_51714002,218.7870367,+
SNRPD1,chr4_185690611_185775226,218.6027748,+
FUS,chr4_15971082_15979880,218.540036,+
SAFB,chr4_155669892_155696755,218.168028,-
SLTM,chr15_58899937_58901259,218.163392,+
RBMX,chr6_79201726_79202275,217.9351456,+
PABPC1,chr2_27444061_27444185,217.7781367,+
TIAL1,chr2_97194754_97204190,217.5808267,-
TRA2A,chr12_96003064_96003837,217.2936928,+
LARP7,chr1_155260659_155262085,217.29211,-
UPF3B,chr3_138572984_138591853,217.2839363,+
PCBP2,chr15_101650161_101652270,217.1592281,+
TRA2B,chr1_112703806_112707077,217.1299798,+
SYNCRIP,chr9_32988129_32989758,217.0953587,+
PPFIBP1,chr2_215379317_215382211,217.001494,+
YTHDF3,chr18_36781922_36798448,216.6942279,+
THUMPD1,chr20_17680075_17682027,216.6607803,+
EEF1G,chr9_72360787_72364695,216.5834795,+
RBM25,chr10_70161931_70162689,216.558532,+
PHC3,chr14_58295811_58297954,216.4103077,+
NONO,chr11_66003070_66003234,216.2607861,+
PTBP1,chr2_1665074_1666213,215.9988222,+
SNRPB,chr1_51652041_51714002,215.9700758,+
PABPC1,chr4_185639035_185646667,215.8319761,+
TROVE2,chr4_108620712_108621950,215.7690917,+
ZC3H12A,chr16_56936817_56942131,215.3401501,-
SSB,chr20_34090602_34096656,215.2829325,+
FXR1,chr12_124912734_124913418,215.2216573,+
EIF3B,chr18_49483771_49487206,214.9534201,+
SF3B4,chr1_231241456_231250960,214.8077516,+
PAN3,chr7_30019123_30022664,214.7308461,+
HNRNPM,chr10_3782214_3783215,214.7261738,-
HNRNPK,chr12_101636728_101642418,214.6384797,+
EEF1G,chr12_120200891_120201082,214.5635022,-
CPEB4,chr14_69769251_69769510,214.5305873,-
APTX,chr9_32987731_32988082,214.4516456,+
FUS,chr12_21506976_21507943,214.4033331,+
FUS,chr20_16730164_16731667,214.391213,+
SNRPG,chr15_84655404_84657175,214.3205838,+
SF3B4,chr7_852667_852812,214.1354817,+
RBM14,chr8_100948900_100952849,214.0871336,-
POLR2G,chr3_195662733_195663623,214.0445497,+
NCL,chr10_73030370_73043886,213.7997212,+
ZCRB1,chr8_22621568_22622540,213.5953012,+
PABPC1,chr3_191375589_191380158,213.4053521,+
MEX3A,chr2_215391814_215392930,213.3421793,+
SNRPF,chr20_35280118_35284175,213.1807234,-
SSB,chr6_125292909_125298713,213.0859079,+
SNRPD3,chr12_27961997_27963347,212.9986447,+
NIP7,chr20_35740989_35741940,212.8723786,+
TEP1,chr12_76450988_76487509,212.7777346,+
HDLBP,chr1_225783368_225789258,212.7379695,-
TRA2A,chr6_24714440_24716032,212.6199895,-
ZRANB2,chr5_151110644_151117126,212.5626405,+
EEF1G,chr1_153544809_153544957,212.5600734,+
SAFB,chr3_157151930_157152176,212.5486743,+
RBMS3,chr10_88941390_88941784,212.4511271,+
RBM43,chr11_47565986_47571470,212.3706714,+
HNRNPH2,chr11_66284966_66285700,212.1855229,+
PTBP2,chr12_104021491_104049894,211.7682107,+
HNRNPH3,chr10_72216138_72230365,211.6150039,-
EEF1G,chr10_78037304_78040614,211.5811292,+
PPIL4,chr2_203402734_203416907,211.3357926,+
CSDE1,chr18_35290391_35291009,211.3046839,+
RNPC3,chr16_56936817_56942131,211.2324715,-
PTBP2,chr3_27404963_27411641,211.176119,+
HNRNPH2,chr7_101218485_101222603,211.0573828,+
NIP7,chr21_26468634_26480271,210.4805394,+
HNRNPC,chr12_124911899_124912355,210.4508392,-
RBM4,chr17_81891841_81894466,210.102367,-
ZC3H15,chr13_45383838_45389734,209.8895861,-
GTF3A,chr17_67894165_67903788,209.8662675,+
EEF1G,chr19_54206462_54206552,209.8495156,-
CCAR1,chr5_146164471_146168127,209.6559743,+
RBMS3,chr10_88941390_88943796,209.6250567,-
HNRNPA2B1,chr11_17286717_17295323,209.5564279,+
EWSR1,chr12_19345888_19348398,209.4915363,+
EWSR1,chr10_24219909_24380868,209.4279978,+
RBM34,chr10_110876070_110881274,209.357481,+
KHDRBS1,chr1_212766273_212782371,209.1110474,+
CPSF6,chr16_19764112_19788837,209.0689035,+
HNRNPD,chr4_82356683_82356795,209.0563345,+
EIF4H,chr17_58351508_58352066,209.0049509,+
SNRPG,chr1_234398553_234401180,208.9925394,+
RBM42,chr14_23565892_23566063,208.9481815,+
RBM3,chr3_197149796_197161639,208.9164084,+
PCBP2,chr22_35264096_35264647,208.9039794,+
TEP1,chr12_76450988_76487509,208.6401481,+
PCBP2,chr12_53462567_53465931,208.6137702,+
CCAR1,chr3_121770574_121781742,208.4441571,+
LSM7,chr14_69767251_69768137,208.3825032,+
ZRANB2,chr3_113724092_113745941,208.3427604,+
RALY,chr20_34073635_34075873,208.3308898,+
RBM17,chr19_38264998_38287875,208.1648981,-
DLC1,chr12_9656697_9656920,208.1544583,+
RALY,chr17_21198840_21210935,208.120148,+
G3BP1,chr6_34878720_34879966,208.1134035,+
RBM8A,chr1_62437400_62439798,208.0075499,+
LSM5,chr15_41371684_41375711,207.9392487,+
HDLBP,chr5_7870923_7875257,207.8580449,+
CARHSP1,chr18_11886621_11886916,207.8502272,+
PCBP2,chr11_884169_899339,207.7745627,+
TEP1,chr21_37084331_37087246,207.6905834,+
UNKL,chr10_30337031_30340225,207.688512,-
ZFP36,chr19_58315036_58325274,207.6391984,+
SF3B4,chr2_215391814_215392930,207.6280012,+
HNRNPA0,chr14_94581490_94587345,207.5543495,+
EIF4B,chr12_31298224_31326023,207.5110273,+
PPIL4,chr2_203402734_203416907,207.3718522,+
GRSF1,chr18_22929437_22936753,207.3229412,+
HNRNPA1L2,chr7_44058280_44058431,207.2927263,+
TIAL1,chr10_37169006_37169529,207.2064517,-
U2AF1L4,chr6_125248383_125257097,207.1871214,+
TRA2A,chr7_5741815_5752845,207.1855053,+
MBNL2,chr6_30642247_30645894,207.0630017,+
EWSR1,chr1_224967583_224968758,206.9317923,+
ZC3H4,chr17_39282855_39285477,206.9272873,+
SPEN,chr14_69770042_69770466,206.8837563,-
LSM7,chr1_161157693_161158411,206.8807587,+
RBM39,chr22_35263874_35264647,206.7465791,+
RBMXL1,chr8_73978861_73981154,206.6991174,+
KRR1,chr4_184638468_184649394,206.6531199,+
HNRNPA0,chr6_159790639_159790939,206.5974839,+
PRPF3,chr8_143581328_143586728,206.5431631,+
SNRPC,chr4_153204560_153270337,206.5276375,+
TARDBP,chr10_68338642_68339139,206.5069135,+
HNRNPM,chr12_101634605_101636671,206.4340613,+
SYNCRIP,chr6_85641451_85642796,206.3806181,+
ZFP36L2,chr19_11041560_11058257,206.3333019,+
G3BP1,chr11_57426352_57426587,206.3031776,+
HNRNPA3,chr3_37174605_37175817,206.1562933,+
SNRPE,chr1_172551626_172555868,206.0194254,+
ZFP36,chr12_124911971_124912427,205.9882759,-
EWSR1,chr22_29288786_29291564,205.4821671,+
SNRPE,chr1_172551626_172555868,205.347371,+
PPFIBP1,chr15_64075537_64088686,205.3353964,-
PSPC1,chr11_17286713_17295323,205.1791521,-
SAMD8,chr2_227340380_227347225,205.1537653,+
RBM34,chr11_77821241_77841018,205.0376309,+
KIN,chr10_89010600_89010752,204.8353218,+
RC3H2,chr10_102377140_102379283,204.7909739,+
EIF4H,chr11_57791673_57794009,204.677381,+
YTHDF2,chr2_85398152_85399135,204.5529718,-
MBNL1,chr1_168004793_168022987,204.5181365,+
KIN,chr15_49631058_49632158,204.0925721,+
SLTM,chr1_23971623_23971849,203.9931493,+
RBM47,chr1_207767823_207770320,203.9907872,+
SAMD5,chr1_46688544_46689586,203.8491797,+
APTX,chr10_75217991_75219062,203.8415408,+
CSDE1,chr12_10704148_10713210,203.7344933,+
RRP7A,chr1_154966077_154966161,203.385996,+
PPP1R9A,chr5_170805853_170811955,203.0850994,-
NCL,chr10_68337333_68338502,203.0683221,+
RNPS1,chr1_51309430_51311253,202.9661683,+
HNRNPR,chr8_140701022_140706118,202.9486874,+
EIF4B,chr12_76450988_76459858,202.3488674,+
ANKS4B,chr12_45961322_45961699,202.3403783,+
HNRNPH1,chr5_75354697_75355055,202.3049334,+
ZC3H15,chr12_53467843_53468776,202.2143252,+
ESRP1,chr5_151772036_151786602,202.1711571,-
TRA2B,chr1_112703806_112707077,202.1295873,+
SAMD5,chr2_222924595_222928861,201.9165184,+
SASH1,chr18_23473483_23474947,201.8575934,+
ANKS4B,chr1_155137722_155137978,201.8518578,+
ZRANB2,chr11_62633514_62634820,201.7591924,+
LARP1B,chr6_17507312_17539268,201.7444335,+
ZC3HAV1,chr5_43123310_43139164,201.6702726,+
ZFR,chr9_33347117_33351559,201.651664,+
ANKHD1,chr1_168004793_168043024,201.6405587,+
PUM1,chr1_6785575_6825091,201.6104749,+
NCBP2,chr6_41789336_41789530,201.5259675,+
EIF3G,chr2_201640924_201642608,201.2963471,+
HNRNPR,chr18_34977079_35005491,201.2139044,+
RBMX,chr12_49742115_49752463,201.0887734,+
DKC1,chr1_225783368_225789258,201.0341272,-
HNRNPH3,chr14_35402534_35402770,200.9998691,-
UNKL,chr10_124760503_124765391,200.9437575,+
RBM18,chr4_77610694_77610987,200.9176607,+
LSM3,chr12_53295639_53297849,200.7554983,-
ZC3H4,chr15_79967692_79970699,200.6135721,-
ZCCHC17,chr14_21211563_21211809,200.573692,+
MCM3AP,chr3_138188530_138209816,200.4775683,+
LSM3,chr14_73148094_73170796,200.2624217,+
FXR1,chr14_73922206_73923394,200.2107103,+
EIF3G,chr1_36140166_36149091,200.169407,+
NCL,chr22_40552367_40594673,200.16798,+
PUF60,chr11_502181_507112,200.1268394,+
HNRNPF,chr6_36600276_36601151,199.9967985,-
POLR2G,chr13_108286859_108303252,199.9484293,+
RNPS1,chr20_38421098_38426418,199.9467759,+
RBM39,chr13_113178008_113178173,199.944394,+
SYNCRIP,chr2_152716126_152717355,199.8881088,+
LSM5,chr2_111429620_111494884,199.8713195,+
MBNL2,chr6_112254291_112254441,199.806805,+
ACO1,chr15_60364523_60386027,199.7182242,-
HNRNPK,chr1_228108318_228109260,199.6457231,-
RBM6,chr16_208664_220648,199.5998103,+
RBM25,chr2_169824640_169824781,199.5720942,+
EIF2S1,chr1_61683546_61686791,199.5522731,+
LSM6,chr20_35280118_35284175,199.4879282,+
SCML4,chr17_16440253_16441367,199.441946,-
NAA38,chr6_3154923_3226158,199.3825628,+
ZC3H12D,chr12_101626910_101627768,199.2177469,+
EWSR1,chr16_75641723_75644282,199.083312,+
FUBP1,chr9_122285287_122291748,198.9698482,+
RPS3,chr3_138187599_138209816,198.9626106,+
MBNL1,chr17_42955367_42955841,198.8089986,+
YTHDF3,chr7_120955624_120956162,198.750479,+
EIF3B,chr3_134358716_134359282,198.566056,+
YBX1,chr15_79961174_79970699,198.5394025,+
KRR1,chr9_14088326_14120439,198.5138505,+
RBMS3,chr10_88941390_88943796,198.4385809,-
SNRPF,chr12_124912506_124913418,198.3308036,+
RBM8A,chr16_634797_636093,198.3271011,+
PPFIBP1,chr2_95888120_95929071,198.2911695,+
SRRM1,chr19_12764917_12764998,198.2473183,+
ZFP36,chr6_35293044_35294455,198.2170523,+
RBMS3,chr2_55875065_55876622,198.1861237,+
PUF60,chr19_11041560_11058254,198.055143,+
EIF2S1,chr1_207339417_207340390,198.0442523,+
HNRNPH1,chr8_119570841_119580115,197.9628805,+
DLC1,chr2_66464220_66547942,197.8874212,+
RBM7,chr1_193020381_193021096,197.8851559,+
RBMX,chr8_100948900_100952849,197.7641879,+
EIF4H,chr12_14885850_14910757,197.7281404,+
HNRNPA2B1,chr1_149390922_149430941,197.4662621,+
TDRKH,chr20_44197739_44206880,197.4550217,-
YTHDC2,chr6_311962_345853,197.4293611,+
RRP7A,chr6_125292909_125300537,197.3902206,+
ZC3H7A,chr7_5730817_5739275,197.3789801,+
RBMX,chr5_81489309_81615472,197.3605509,+
SRRM1,chr1_46688544_46689586,197.2437056,+
TRA2B,chr17_82019381_82019857,197.1600098,+
NOL8,chr1_30945483_30950132,197.0285023,+
RALY,chr22_29767607_29769677,197.0110608,+
PPP1R9A,chr12_120522363_120528939,196.9921256,+
SLBP,chr14_70329236_70359518,196.9362083,-
MATR3,chr2_152677475_152679351,196.9153845,+
RBM17,chr17_67959875_67963332,196.9106676,+
HDLBP,chr1_193059776_193069033,196.9096797,+
PABPC4,chr1_39563741_39564422,196.8383443,+
SEC23IP,chr6_109369017_109376073,196.7872027,-
EIF4H,chr2_227340380_227347225,196.7173867,+
RBM41,chr20_5109445_5112742,196.5945448,+
RBM41,chr6_105288894_105323664,196.5909478,+
HNRNPD,chr11_43444209_43448001,196.3753246,+
LSM2,chr14_21018239_21018762,196.3578029,-
ANKS4B,chr2_95912435_95914107,196.3100881,+
SLBP,chr12_16353467_16354230,196.2632674,-
SAMD5,chr19_43652371_43656478,196.2053252,-
G3BP1,chr12_48655060_48660365,196.0424574,+
RBM39,chr18_63981838_63983578,196.0072132,+
CARHSP1,chr12_120496216_120496401,195.997958,-
PPFIBP1,chr2_66512294_66547942,195.9644711,+
SAFB,chr10_73030370_73044980,195.9365628,+
RBM33,chr17_41987694_41987818,195.8256937,+
LARP4B,chr18_34827676_34829040,195.7880815,+
PPIE,chr6_135492291_135497187,195.7791036,+
MBNL2,chr4_119462979_119493332,195.7264753,+
KRR1,chr12_124912278_124912506,195.6868483,-
LARP7,chr3_186788420_186789124,195.6694833,+
RBM4,chr11_66644140_66646026,195.6280147,+
HNRNPF,chr16_53492519_53492692,195.5671113,+
SRRM1,chr21_25982477_25997359,195.5371181,+
SNRPG,chr12_57517424_57517705,195.5364981,-
HNRNPH2,chr1_151166252_151166470,195.507031,+
G3BP1,chr18_12311053_12329145,195.2459954,+
SNRPE,chr2_27772692_27779432,195.2108297,-
DHX57,chr2_241268541_241315101,195.0345804,-
LSM1,chr15_79961174_79967636,194.6941389,-
YTHDF3,chr16_635774_636093,194.6843173,+
CIRBP,chr5_135346057_135352945,194.5332002,+
SSB,chr6_24714440_24716032,194.4770013,-
SFPQ,chr7_87194828_87195030,194.4396901,+
EEF1G,chr10_74976330_74977315,194.3980027,+
SNRPD3,chr8_69493125_69501873,194.3308407,-
SRRM1,chr18_62161385_62186843,194.2278932,+
SLBP,chr3_16260829_16264768,194.1607489,+
ZC3H12B,chr10_125827638_125831419,194.1553247,-
SAMD12,chr1_179884769_179889309,194.0428184,+
SNRPG,chr16_2772102_2776992,194.0254855,-
GRSF1,chr12_6567922_6568206,193.9810483,+
ZC3H6,chr5_170788668_170794230,193.9712814,+
PNO1,chr20_58895684_58903530,193.8656305,+
LSM3,chr4_185678822_185684753,193.8144076,+
HNRNPA0,chr3_119435935_119436790,193.8125902,+
U2AF1,chr14_20802093_20802248,193.702536,-
ZC3H15,chr19_36115928_36116040,193.6053484,-
ZC3HAV1,chr2_71068712_71072640,193.4898882,+
EIF4H,chr11_46630100_46644278,193.4884011,+
HNRNPK,chr1_223814353_223818205,193.4681371,+
ZC3H6,chr1_32634072_32634767,193.3420415,+
HDLBP,chr6_31540664_31541949,193.3395486,+
MEX3A,chr6_99414690_99416348,193.3253605,+
RBM43,chr14_70329236_70359518,193.1421239,+
SAMD8,chr16_3065687_3065783,193.0345017,+
LSM7,chr17_82019381_82019640,192.829593,-
HNRNPC,chr1_153658886_153659137,192.7895187,+
ZC3H13,chr2_152677475_152679351,192.7730268,-
HNRNPH3,chr10_68332216_68337198,192.7220562,+
ZC3H12B,chr5_1798947_1799791,192.6516481,+
PUM1,chr1_85259061_85259357,192.5638537,+
RBPMS,chr1_23971623_23971849,192.4869588,+
CIRBP,chr17_72040849_72045427,192.4477454,+
FXR1,chr3_180970358_180975312,192.4124505,+
HNRNPK,chr2_38746747_38748055,192.3931163,-
GTF3A,chr3_51985271_51985360,192.3561797,+
HNRNPA2B1,chr1_45551155_45552435,192.2456737,+
ZFP36L2,chr1_25243633_25245149,192.2017561,+
RBMS1,chr6_122675144_122701439,192.077465,+
NCL,chr20_1164476_1166226,191.9801511,+
RBMS3,chr1_19978484_19978733,191.9601468,-
WDSUB1,chr1_25340579_25351625,191.8457451,-
NOL8,chr3_195662733_195663623,191.7972936,+
PTBP1,chr7_105118022_105126247,191.7826888,+
ZC3H6,chr10_26759238_26765217,191.7466169,-
RBM7,chr5_150447735_150449485,191.7328526,-
RBM6,chr3_50061547_50061961,191.517882,+
ZC3H4,chr7_73737735_73738327,191.4739709,+
EIF4H,chr1_21721163_21721649,191.4726256,+
SNRPB,chr12_50138617_50142052,191.3858143,+
SNRPG,chr16_2772102_2776992,191.363202,-
CARHSP1,chr3_11602022_11643436,191.3365319,+
SF3B4,chr16_189339_189967,191.3335243,+
TIA1,chr2_70227822_70229058,191.2776844,+
SNRPA,chr4_155667419_155668089,191.2133849,-
SNRPE,chr16_66552793_66563121,191.1050061,+
KIN,chr1_39748767_39748902,191.0178575,+
G3BP1,chr16_56935312_56936686,190.9051258,-
ZC3H12B,chr11_35190065_35214851,190.8918158,+
ZFP36L1,chr13_49382941_49433317,190.7806716,+
ESRP1,chr12_42335974_42351884,190.7203852,+
MATR3,chr16_69120649_69121052,190.704301,+
NONO,chr1_235155112_235160892,190.4919054,+
NONO,chr8_11821878_11822007,190.478854,+
SNRPB,chr19_42510920_42512349,190.4534886,+
SNRPB,chr6_109369017_109376073,190.4279005,-
G3BP1,chr12_124912278_124912506,190.4088294,+
HNRNPL,chr2_55922447_55922898,190.3436766,+
RBM43,chr17_51153662_51154224,190.1993481,-
SSB,chr12_31298224_31304981,190.1737553,+
ZFP36L2,chr10_124760503_124762299,190.1085939,+
SYNCRIP,chr6_85612923_85614980,190.0169738,+
PPFIBP1,chr12_91178585_91182654,189.92633,-
LSM2,chr10_63219983_63264650,189.9230092,+
TEP1,chr3_101580004_101585439,189.9215057,+
HNRNPM,chr13_40982282_41060837,189.8974699,+
YBX1,chr20_38421098_38422091,189.8889232,+
ANKS4B,chr2_191682017_191683728,189.84829,+
HNRNPA2B1,chr14_51701135_51702511,189.786381,+
SNRPC,chr20_58840886_58895611,189.7640618,+
RBM34,chr22_29299280_29299598,189.7266565,+
RC3H1,chr7_66554837_66560578,189.6553038,+
LARP4,chr8_48008470_48049852,189.5977094,-
CHERP,chr19_12948358_12948513,189.3176206,-
EIF2S1,chr14_35402534_35402770,189.2104279,-
CPEB4,chr12_27961997_27963347,189.1245536,-
FUS,chr6_144291907_144403122,189.1092583,+
TEP1,chr2_73927052_73938909,188.9467508,+
MBNL1,chr3_152445539_152447619,188.9348574,+
TARDBP,chr3_29281756_29434742,188.831708,+
KIN,chr4_53391139_53399729,188.7863244,+
KIN,chr12_2909580_2922261,188.739853,+
TEP1,chr2_169799516_169800951,188.7381376,+
LSM3,chr1_32634110_32634767,188.5902176,+
CARHSP1,chr20_16730064_16731667,188.4834995,+
HNRNPD,chr11_57737668_57738353,188.3853017,+
YTHDF3,chr12_8777802_8780577,188.2285261,+
MBNL2,chr9_72360787_72363469,188.2270766,+
PNPT1,chr20_44531978_44589796,188.2247577,+
RBM4B,chr13_27622009_27648378,188.0694617,+
CARHSP1,chr8_53811217_53814661,188.053347,+
HNRNPC,chr15_80098578_80120327,188.0222347,+
HDLBP,chr2_203411371_203416907,187.9588365,+
RBM34,chr1_235155112_235160892,187.8793409,+
ZC3H14,chr9_86317276_86319583,187.8579791,+
TARDBP,chr14_105474905_105478449,187.8525379,+
EIF4H,chr3_49278451_49280743,187.8447006,+
TROVE2,chr9_99221137_99221546,187.831565,+
EIF4B,chr15_44380976_44413335,187.8078382,+
RBM41,chr2_232556530_232564246,187.807593,+
HNRNPH1,chr16_68346280_68352247,187.697853,+
HNRNPA2B1,chr20_43459420_43459770,187.6634434,+
LSM2,chr10_26751783_26755654,187.5594323,-
HNRNPH1,chr12_124911899_124912355,187.5341037,-
SAFB2,chr14_96552622_96555849,187.4849899,+
RBM3,chr2_241317599_241324215,187.4483367,+
HNRNPL,chr11_130137291_130140397,187.3965584,+
THUMPD3,chr2_30155910_30156627,187.368363,+
PPFIA1,chr15_79961174_79967636,187.3626312,-
RBM12,chr12_12500682_12519861,187.1424548,+
RBM8A,chr6_135492291_135495813,187.069008,+
RC3H1,chr2_131531802_131532588,187.0157964,+
SAMD12,chr12_124913092_124913320,186.974953,+
PAN3,chr17_31878327_31880572,186.8965517,+
LSM5,chr4_51911174_51913289,186.8142307,+
SEC23IP,chr20_62308178_62308654,186.8059546,-
EIF3G,chr13_75569507_75589937,186.7320786,+
SRRT,chr7_100885040_100885215,186.6584065,+
SNRPG,chr11_6480463_6481230,186.5241378,+
GRSF1,chr10_80078786_80081840,186.5053533,+
SNRPF,chr7_91980333_91992884,186.4760449,+
SSB,chr1_109214128_109214546,186.4108686,+
PPFIBP1,chr3_138239528_138245087,186.4102358,+
LSM3,chr11_117199432_117203001,186.406966,+
RBM25,chr12_124912655_124913111,186.3624199,-
PABPC4,chr12_56666266_56671748,186.3582851,+
RBM47,chr10_37177756_37181321,186.3171242,+
PHC3,chr1_228108474_228108954,186.1837669,+
SSB,chr6_31581630_31582255,186.1339003,+
SRRM1,chr5_135350913_135360496,186.1294733,+
RPS3,chr16_19418092_19430412,186.0252902,+
APTX,chr9_32988124_32989758,186.0221885,+
EIF3B,chr11_118235589_118237049,185.9533754,+
SF1,chr7_43650712_43729428,185.9412757,+
SNRPC,chr1_219179246_219193081,185.9387401,+
YTHDC2,chr3_157151930_157152176,185.8543934,-
ZC3H12B,chr12_79805768_79807225,185.782049,+
RBMX,chr1_25340579_25351625,185.7385542,+
FUBP1,chr4_185630598_185646667,185.6867109,+
NONO,chr14_21211563_21211809,185.5800774,-
UNKL,chr10_110130486_110133325,185.56792,+
SPEN,chr11_66438259_66438709,185.5532563,+
YBX1,chr1_228108474_228108954,185.5495928,+
SNRPD3,chr2_159412545_159428310,185.3253048,+
TARDBP,chr2_38748653_38749239,185.3076592,+
RBM3,chr13_110880112_110883110,185.2961825,+
GRSF1,chr20_49174269_49179121,185.1440005,+
PPFIA1,chr2_60462424_60545970,185.1093493,+
CPSF6,chr20_43458509_43459770,185.0169214,+
PTBP2,chr4_153276130_153292981,184.8616429,+
RBMS2,chr5_138157267_138160068,184.7870087,+
ZFP36,chr2_156326920_156327925,184.779459,+
RBM8A,chr3_114974416_115147218,184.5438674,+
SNRPD3,chr4_48897857_48904483,184.4987784,+
PCBP2,chr12_53462567_53465931,184.4461382,+
MATR3,chr1_8868057_8871890,184.4229098,-
DHX8,chr7_117134192_117136080,184.4180528,+
HNRNPH1,chr1_159961405_159976643,184.305799,+
SRRM1,chr6_20125926_20126516,184.2884488,+
RBM14,chr11_66617057_66624213,184.2755595,+
HNRNPK,chr2_105396697_105398969,184.2431039,+
U2AF1,chr3_121854823_121857010,184.2347244,+
RNPS1,chr1_228140363_228141123,184.2323517,-
PABPC1,chr4_87980434_87981474,184.225015,+
SNRNP35,chr7_67306083_67308576,184.2091096,+
PTBP2,chr3_32442013_32452391,184.1951309,+
NONO,chr9_129634221_129635207,184.1768376,+
PAN3,chr17_81682149_81683012,184.1526588,+
RBM41,chr7_107186681_107190172,184.097722,+
LSM10,chr19_41422370_41422631,183.9775646,+
HTATSF1,chr4_77610694_77610987,183.9365803,+
RBMS2,chr6_37381354_37390741,183.8796216,+
MATR3,chr13_108286859_108303252,183.8764742,+
ZCCHC17,chr3_167725473_167734805,183.7901398,+
PPIE,chr21_33456097_33460412,183.754652,+
RBM3,chr20_18535742_18543018,183.7224361,-
MCTS1,chr1_172551626_172553259,183.6862118,+
PCBP1,chr2_152716126_152717355,183.6349261,+
SF3B4,chr14_94110797_94114850,183.5287268,-
PPP1R9A,chr2_119367214_119368187,183.4742858,-
TIAL1,chr1_45568684_45568926,183.4047836,+
PNO1,chr6_135492291_135497582,183.3361286,-
SAMD12,chr8_99892047_99893638,183.0744861,-
MCTS1,chr12_124912278_124912506,183.0453139,+
SNRPD1,chr15_64075537_64081101,183.0034212,+
HNRNPK,chr3_50068764_50075200,182.9987856,-
MBNL2,chr7_21911751_21916753,182.8951647,+
ZCRB1,chr4_13369965_13376544,182.867011,+
RBM34,chr1_6785575_6825091,182.8573766,+
PCBP1,chr20_45420693_45421382,182.8337977,+
ANKRD17,chr8_69493125_69495764,182.7120278,-
EIF2S1,chr2_27772692_27779432,182.6762178,+
SCML4,chr1_193060222_193069033,182.6694483,+
PTBP1,chr9_88462749_88468371,182.6076789,+
GTF3A,chr12_32737942_32738263,182.5998941,+
HNRNPF,chr14_94581490_94581614,182.5322931,+
ZC3H4,chr4_140379192_140380961,182.5246092,+
ZFP36,chr7_16880755_16881943,182.4812871,-
SNRPD3,chr15_79961174_79967636,182.4742552,+
RNPS1,chr19_48800297_48806516,182.3085402,+
HNRNPH1,chr6_335163_345853,182.2650242,+
PABPC1,chr3_123618770_123620206,182.237471,+
RBMX,chr1_25340579_25351625,182.1864308,+
SUPT6H,chr19_38290575_38304374,182.1810868,-
TRA2A,chr4_87980126_87981474,182.0830474,+
RBM4,chr1_243286397_243293090,181.9656547,+
TP63,chr10_88941390_88941784,181.8720107,+
G3BP1,chr4_82829058_82844385,181.787384,+
RBM25,chr10_102450330_102455336,181.7739993,+
PPP1R10,chr12_112048443_112049482,181.7661765,+
RBM43,chr11_47565986_47571470,181.7495484,+
SAMD12,chr1_145623160_145623612,181.7352465,+
RBM4,chr8_56211837_56212761,181.7180213,+
NCL,chr3_186804724_186806424,181.6292204,+
UHMK1,chr12_69260197_69262369,181.6255177,-
HDLBP,chr1_151540426_151562584,181.5178084,+
SNRPE,chr3_100492928_100519461,181.4182681,+
ANKS4B,chr1_24660799_24661309,181.4129073,+
POLR2G,chr11_3001248_3001961,181.3943555,+
YTHDC1,chr2_97558994_97584943,181.3878668,-
ZRANB2,chr1_155689243_155709772,181.3192894,+
LSM4,chr7_30498938_30504568,181.2653441,+
TNKS2,chr12_114679972_114680878,181.2452754,+
RBMS3,chr7_22947247_22960255,181.2094933,+
ELAVL1,chr16_3020491_3021554,181.138082,-
RRP7A,chr3_49278902_49280743,181.1332174,+
RBMS1,chr12_26976357_26979783,180.9518959,+
TEP1,chr16_4694238_4694957,180.8553948,+
SRRM1,chr17_81682675_81683012,180.8190559,+
PARP14,chr19_14410605_14410988,180.6802226,+
HNRNPC,chr14_21211563_21211809,180.6746437,-
RBM3,chr20_18535742_18543018,180.6621027,-
HNRNPH2,chr11_66284966_66285700,180.6172576,+
PABPC1,chr2_97560860_97580461,180.6159838,+
ZNF638,chr1_174957549_174969276,180.5874336,+
DKC1,chr7_99571792_99572244,180.583268,+
SNRPD2,chr1_114737563_114737962,180.4129756,+
ZC3H4,chr15_78540463_78541904,180.4028306,-
IREB2,chr2_197516146_197535529,180.3641406,+
ZC3H15,chr19_35631405_35633097,180.3433567,+
RBM3,chr12_57512103_57512302,180.3167341,+
SYNCRIP,chr12_124911899_124912127,180.2940287,-
PUF60,chr17_72428298_72431127,180.2891273,+
EIF4B,chr5_66158932_66159218,180.2750547,+
HNRNPH1,chr1_31318236_31319108,180.2244357,+
RBMX,chr4_185678547_185678795,180.2179171,+
EIF4B,chr17_67959875_67963332,180.1892007,+
HNRNPH1,chr16_72058355_72059113,180.1849837,+
HNRNPH1,chr16_72056631_72057391,180.1849837,+
RBM4,chr3_16260829_16264154,180.1847673,+
RBMXL1,chr12_124912050_124913190,180.1792505,-
MYEF2,chr2_241315982_241317498,180.1666925,+
HNRNPA2B1,chr17_16382111_16382567,180.1406159,-
RBM34,chr4_155368809_155373135,180.0454353,+
FUS,chr10_24474060_24495146,180.0006843,+
KRR1,chr2_9961436_9963885,179.7732592,+
EIF2S1,chr10_113775035_113775764,179.7665156,+
RRP7A,chr8_98042718_98044942,179.759442,-
FUS,chr20_17570211_17600737,179.7520385,+
HELZ,chr3_28241812_28263290,179.7033268,+
RBM25,chr16_80976179_80981805,179.673481,+
LARP1B,chr12_101636728_101642418,179.6001987,+
RBM25,chr12_109561104_109561242,179.4908745,+
DHX8,chr12_22060926_22062280,179.4808995,-
HNRNPA2B1,chr2_97555254_97584943,179.3972665,-
PUM1,chr2_43794643_43795889,179.3900662,+
SNRPD2,chr3_158571391_158592433,179.3437961,+
SNRPD2,chr20_62303781_62306196,179.1948144,+
QKI,chr8_89758233_89765340,179.0791433,+
RBM3,chr14_23960003_24000862,179.0476433,+
CPSF6,chr6_36600276_36601151,179.0251349,+
PPIE,chr6_135492291_135497187,178.9972561,+
PCBP2,chr11_884169_899339,178.9931364,+
ZC3HAV1,chr20_35280118_35284175,178.8819605,-
HDLBP,chr18_694334_706469,178.871835,+
SNRPC,chr8_120425366_120443184,178.857044,+
CARHSP1,chr12_16347710_16357604,178.7927682,-
SAMD12,chr2_95888120_95923494,178.7263682,-
TIA1,chr6_99403882_99404602,178.6549187,+
CSDE1,chr20_18567596_18569238,178.582553,+
ZC3H14,chr14_88596808_88601923,178.5402854,+
RBMS2,chr3_123618770_123620206,178.5316227,+
YTHDF2,chr7_852667_852812,178.4945978,+
LSM1,chr6_24714440_24718539,178.4391232,-
CIRBP,chr20_17660528_17682027,178.3897016,+
SNRPD2,chr7_80905916_80916678,178.3454019,+
ZFP36L1,chr4_109734796_109742490,178.312559,-
U2AF1,chr14_59484593_59486712,178.3088392,+
LSM6,chr1_1652566_1721595,178.2949317,+
SLTM,chr7_155302846_155303824,178.2240123,+
G3BP1,chr16_56935312_56936686,178.2218521,-
EIF4H,chr8_61643433_61644599,178.2124505,-
HNRNPC,chr2_159448409_159453612,178.1774485,+
NAA38,chr16_634797_636093,178.1708874,+
PABPC4,chr15_90088747_90102275,178.0940471,+
RC3H1,chr3_131501715_131502848,178.0391698,-
PPFIBP1,chr3_32449552_32452391,178.0382427,+
HNRNPH1,chr9_26913947_26919309,178.0188459,+
CIRBP,chr8_42188016_42191371,177.9685195,-
ZC3HAV1,chr1_149859681_149859951,177.9516314,+
ZFP36L1,chr15_80059809_80120327,177.898,+
SSB,chr10_102452187_102455336,177.8835033,+
SETD1B,chr1_207767195_207770320,177.823614,-
HNRNPM,chr2_219498938_219499955,177.7840389,+
HNRNPD,chr12_26976357_26980565,177.7652208,+
PNPT1,chr14_59484593_59486712,177.758939,+
SNRPD1,chr4_185678822_185684753,177.6650163,+
SEC23IP,chr10_24239337_24380868,177.6231021,+
PTBP2,chr16_21625115_21655229,177.6152682,+
RBM17,chr12_22644022_22656431,177.6107705,+
SNRPD1,chr20_49174269_49188115,177.5827906,+
G3BP1,chr4_53377923_53379224,177.5344461,+
RBM39,chr17_42823879_42824132,177.5344447,+
TNRC6A,chr3_150544498_150546051,177.52576,-
HNRNPF,chr10_37188019_37189466,177.4783507,+
KHDRBS1,chr8_94674506_94678202,177.3136019,+
ZC3HAV1,chr3_143021385_143021472,177.3129156,+
PUF60,chr12_6578917_6589119,177.2493283,+
PUM2,chr12_62325933_62355330,177.2039134,+
THUMPD1,chr12_112013609_112022149,177.1310928,+
PARP14,chr2_97181626_97181720,176.9308224,+
LARP7,chr5_132195480_132198320,176.896087,+
SNRPG,chr15_78540463_78541904,176.8445297,-
HTATSF1,chr11_75563770_75566315,176.8142663,+
NONO,chr17_74203710_74203917,176.791506,-
ELAVL1,chr3_113724095_113745941,176.7908147,+
RBM25,chr3_157153156_157157010,176.7904171,-
THUMPD3,chr10_95684624_95686494,176.7326431,+
HNRNPL,chr3_114380404_114389004,176.6544922,+
PARP14,chr12_14882280_14884212,176.6087714,-
RBM43,chr20_58891865_58895611,176.4168543,+
ZC3H4,chr4_140379192_140380961,176.4149802,+
HNRNPA0,chr1_155261734_155262085,176.3987232,+
PTBP1,chr8_98042718_98044942,176.3925261,-
YBX1,chr14_94110797_94114850,176.3715453,+
EWSR1,chr11_3744649_3753315,176.3247227,+
ZGPAT,chr12_8777802_8780574,176.2936111,-
PPRC1,chr6_28085891_28088562,176.278071,-
SHANK2,chr12_5160385_5169806,176.153623,+
EIF4H,chr4_82857764_82863317,176.1319092,+
SLTM,chr12_124912278_124912506,176.1299509,+
ZC3H6,chr17_81891841_81894466,176.0429232,-
HNRNPR,chr12_124912655_124912883,176.029575,-
PCBP2,chr6_26124633_26127697,176.0167996,+
PPFIA1,chr6_158637894_158644681,175.9638354,-
ZFP36,chr15_63060939_63061712,175.9272574,+
NSUN6,chr16_56940245_56943125,175.9089762,-
LARP7,chr4_48897857_48904483,175.8786914,-
ANKS4B,chr1_156011887_156018131,175.877681,+
TARDBP,chr12_124911971_124913339,175.7634858,-
HNRNPC,chr11_62854551_62854887,175.7360053,+
EIF4H,chr13_97347067_97357481,175.7343382,+
RBMS1,chr2_160281364_160284774,175.7043439,+
THUMPD1,chr12_31305123_31326023,175.6254863,+
SNRPB2,chr1_161072885_161073224,175.5486528,+
ZFR,chr14_49828787_49829053,175.502758,+
SAMD8,chr14_102251995_102283477,175.4846706,+
PNPT1,chr8_56211837_56214597,175.4522672,+
ANKRD17,chr4_73135265_73141740,175.4218247,+
TROVE2,chr9_37780880_37781985,175.4113842,+
RBM47,chr10_37177756_37181321,175.3672667,+
RRP7A,chr12_15957033_15958187,175.3649718,+
RBM3,chr2_237089994_237093662,175.312874,+
MCTS1,chr2_95888120_95935453,175.3117664,-
FUBP1,chr20_35740989_35741940,175.2330847,-
HNRNPC,chr3_12606299_12608765,175.2297622,+
RBM7,chr9_36657363_36665349,175.2061198,+
PUM2,chr6_137875035_137875687,175.1636441,+
ZC3H12D,chr10_12172866_12177792,175.0582726,+
LARP7,chr18_9562075_9563377,175.0390927,+
LARP1,chr19_38264998_38287875,175.0323767,-
EIF3G,chr19_49666799_49667018,175.0245043,+
RBM3,chr16_31201841_31202416,174.9875565,+
PARP14,chr22_28744709_28745863,174.9830385,+
DLC1,chr13_37570669_37571368,174.9623818,+
SNRPD2,chr14_21211563_21211809,174.9588825,-
HNRNPH1,chr15_90088747_90102275,174.9099906,-
TIA1,chr19_9828064_9828326,174.8708382,+
RBMS2,chr5_1798947_1799791,174.8390065,+
TEP1,chr1_25244498_25245149,174.754013,+
PPP1R9A,chr1_161154070_161156949,174.7192594,-
EWSR1,chr22_29288786_29291561,174.700795,+
PCBP2,chr1_53028071_53047857,174.6414219,+
TRA2A,chr15_72200655_72203021,174.6241935,-
ZC3H14,chr4_82829058_82842184,174.6204757,-
PNPT1,chr2_27312772_27322447,174.5793246,+
LARP4B,chr2_227813987_227815453,174.5748315,+
SNRPD1,chr4_87441915_87449141,174.5683629,+
RRP7A,chr22_42515268_42516010,174.4819826,+
PNO1,chr1_150711571_150714084,174.4653967,+
SNRPB,chr17_81934489_81934652,174.4275088,+
TARDBP,chr9_19200582_19378367,174.4144279,+
LSM4,chr3_16264229_16264768,174.4137404,+
RBM23,chr7_91980333_91980872,174.4081573,+
TROVE2,chr7_105118022_105126247,174.4005906,+
RBM6,chr8_109334402_109336127,174.262836,+
NCL,chr7_44014783_44016433,174.2284656,+
SNRPD1,chr10_24438479_24473227,174.1646784,+
MBNL2,chr12_27302188_27309113,174.0745839,-
ACIN1,chr2_38746747_38748055,174.0493873,-
G3BP1,chr20_18507990_18510821,174.0267652,+
PHC3,chr18_9945058_9950394,174.0158717,-
PTBP2,chr12_56158711_56159974,173.956862,-
HNRNPD,chr6_125298816_125300537,173.9556134,+
U2AF1,chr5_138518867_138529554,173.8735639,+
PARP14,chr15_80098578_80120327,173.8340728,+
ELAVL1,chr1_117153369_117170106,173.8291781,-
TROVE2,chr2_95888120_95919732,173.7780193,-
ZNF638,chr22_17750174_17774380,173.6999847,+
NCL,chr15_84655409_84657175,173.6536687,+
SSB,chr14_55601880_55612018,173.5951556,+
ZC3H12B,chr2_161160486_161179613,173.5394244,+
LSM1,chr1_31007102_31028795,173.5024398,+
SASH1,chr3_197069260_197075836,173.48488,+
SNRPD2,chr9_32553944_32570959,173.4400814,-
RBM3,chr9_14088326_14112998,173.4340868,+
UPF3B,chr2_60462424_60468731,173.4170952,+
PABPC1,chr2_222643005_222648739,173.3948699,+
PHC3,chr3_187734907_187745409,173.3364765,-
EIF4B,chr10_110876070_110876669,173.3154501,-
ANKHD1,chr17_75704814_75706007,173.310767,+
MBNL1,chr2_171458477_171468887,173.2990525,+
HNRNPR,chr1_23338608_23344210,173.2854033,+
PSPC1,chr13_52019143_52024005,173.2792413,+
RC3H1,chr1_150700183_150703309,173.248914,+
RBM42,chr1_33014594_33021592,173.1561399,+
HNRNPC,chr8_94674494_94678202,173.1516851,+
GTF3A,chr12_93467554_93469191,173.1257107,+
SRRT,chr7_100885040_100885212,173.1058842,+
U2AF1,chr2_97555254_97560664,173.1037833,-
ZC3HAV1,chr12_104019676_104021356,173.0632593,+
LARP1,chr16_208188_220648,173.0333129,+
RBM39,chr17_41689069_41690087,173.023649,-
ZC3H6,chr16_75641723_75647577,172.9853502,+
RBM4,chr1_31007102_31028795,172.8329226,+
YBX1,chr18_26035127_26035830,172.8316761,+
TEP1,chr15_34227846_34229752,172.7552113,+
LSM1,chr18_55229076_55232508,172.6284429,+
PNO1,chr14_45109780_45110093,172.5342675,+
ZNF74,chr6_31581859_31582255,172.4315025,+
PHC3,chr1_207790345_207793518,172.3811829,+
ZFP36L1,chr1_161038634_161038879,172.3482195,+
RC3H1,chr2_222919202_222921279,172.3364802,+
SNRPB,chr12_56158711_56159974,172.3271845,-
THUMPD3,chr3_28241812_28316332,172.3020607,+
SNRPD2,chr11_62271068_62272956,172.221783,+
NCBP2,chr9_32553944_32570959,172.1999305,-
RC3H1,chr4_53440608_53442652,172.1711258,+
NCBP2,chr2_159429260_159432756,172.1679457,+
SRRM1,chr13_40982282_41019227,172.1541962,+
ZC3HAV1,chr1_111449873_111454210,172.1515991,+
G3BP2,chr14_20802319_20802796,172.1071311,-
SNRPE,chr9_72360787_72364695,172.0759583,+
RBM8A,chr1_25826826_25829508,172.0313456,+
EIF2S1,chr12_98531838_98532822,171.9950786,+
TRMT1,chr20_44582731_44589796,171.9361661,-
SRRM1,chr1_185305643_185306484,171.9255344,+
PUM1,chr12_31298224_31304981,171.9242389,+
RBM34,chr17_81891833_81894466,171.9143799,-
CARHSP1,chr1_174957549_174969276,171.9099644,+
MYEF2,chr14_102251995_102263545,171.878885,+
RBMX,chr4_105190505_105233896,171.8303452,+
THUMPD1,chr9_98077017_98078061,171.8121709,+
ZC3H12D,chr8_85219363_85220305,171.7877834,+
RALY,chr12_124912655_124912883,171.7876051,+
TRMT1,chr19_13109838_13110157,171.7028089,+
SNRPF,chr11_10806047_10807254,171.6658571,-
HNRNPH2,chr5_138157267_138160068,171.6597443,+
RBM4B,chr7_99494631_99499637,171.5836247,+
HNRNPA1L2,chr20_5586269_5593326,171.5803895,+
ZC3HAV1,chr11_47476959_47477296,171.5530817,+
RNF113A,chr3_114693575_114801100,171.5469904,+
TARDBP,chr10_26751783_26765217,171.3994643,+
ZFR,chr10_42594699_42614281,171.2353631,+
SPEN,chr2_97151939_97158106,171.1589308,+
FUBP1,chr2_152677475_152679351,171.1391376,-
KIN,chr13_31151191_31154632,171.1368782,+
SNRPG,chr12_28305779_28306741,171.1326643,+
SLBP,chr4_53428183_53442652,171.1097649,-
NOL8,chr2_218228850_218238663,171.0144541,-
RBM19,chr2_97187226_97189217,171.0119094,+
ANKRD17,chr4_73140283_73141740,171.0110134,+
POLR2G,chr12_93467554_93469188,170.979425,+
U2AF1,chr14_94110797_94114850,170.977276,-
CCAR1,chr11_115198438_115209573,170.92775,+
SYNCRIP,chr17_64500326_64502009,170.6827602,-
GRSF1,chr1_24655129_24660718,170.6810425,+
HNRNPF,chr11_62885608_62888330,170.6784232,-
ACO1,chr21_32457720_32467695,170.6563447,+
ASCC1,chr13_108270424_108303252,170.6322485,+
UNKL,chr3_185495315_185496827,170.5510852,+
LARP4B,chr12_8777802_8780574,170.5496385,+
LSM3,chr15_84655404_84657175,170.5027862,+
LSM7,chr2_97187226_97187328,170.4837722,+
SRRM1,chr4_53428183_53442652,170.4642751,+
RBM7,chr6_26124749_26127697,170.4525408,+
NIP7,chr3_53292827_53312240,170.4298311,+
PAN3,chr6_10749698_10755141,170.4005357,+
ESRP1,chr8_94692827_94705924,170.3936397,+
HNRNPA3,chr4_75793901_75795335,170.3922264,+
GRSF1,chr8_15748465_15764202,170.385394,+
SNRPC,chr1_225783368_225786861,170.3507841,+
SF3B4,chr9_129489299_129503322,170.336135,+
PABPC1,chr2_97560860_97580461,170.3082568,+
EEF1G,chr11_35190065_35214851,170.2500441,+
TRA2A,chr4_184648631_184649394,170.2393114,+
U2AF1,chr14_20802331_20802796,170.205499,-
LARP7,chr3_112993124_112996891,170.1882934,+
TMEM63A,chr2_30147062_30156627,170.1770824,+
RNF113A,chr7_30500681_30504568,170.1026527,-
CPSF6,chr4_76054274_76075880,170.0699943,+
TIAL1,chr1_161074373_161074610,170.0324786,+
SNRPD3,chr17_16439414_16440184,170.0272905,+
NCL,chr12_56639307_56642457,170.00579,-
ZRANB2,chr16_18789118_18790243,169.9739683,+
EIF3G,chr1_155136951_155137978,169.9109352,+
RPS3,chr20_49230349_49233305,169.7789948,+
NAA38,chr8_94260512_94262204,169.7775454,+
SNRPD3,chr2_222924595_222928861,169.7696724,+
LSM5,chr19_16654125_16659394,169.7615802,+
SFPQ,chr12_95266632_95270050,169.7374975,+
CSDE1,chr1_228108318_228108436,169.7264431,+
SCML4,chr22_21629187_21629307,169.6765122,+
PPFIBP1,chr21_39391836_39393165,169.6444427,+
PCBP2,chr1_168023047_168038370,169.6205075,+
LARP1,chr19_38264998_38287875,169.60497,-
PCBP2,chr3_114714015_114801100,169.6020255,+
RBPMS,chr17_41689069_41690087,169.5811813,+
HNRNPH2,chr6_32974765_32975020,169.5287105,+
YTHDF2,chr18_11886621_11886712,169.5197777,+
SRRM1,chr12_14885850_14905108,169.5000173,+
HNRNPA1,chr16_87984259_88006089,169.4926934,+
SNRPD2,chr1_228108318_228109260,169.4054452,+
PCBP2,chr13_75809183_75817160,169.3968253,+
CSDE1,chr12_10710114_10713210,169.3371272,+
UNKL,chr12_124912180_124912636,169.3326982,+
PTBP2,chr11_32588732_32589546,169.3033063,+
EIF3B,chr19_58246427_58246710,169.2429684,+
PUF60,chr1_23971623_23971849,169.1755991,+
PPFIBP1,chr10_103105381_103105705,169.0956024,+
ZC3H15,chr3_53886934_53891769,169.0730749,-
RBM39,chr17_59700189_59707370,169.0699326,+
PRPF3,chr5_224521_225882,169.0601328,+
TARDBP,chr2_70216499_70216752,169.0100654,+
LSM4,chr21_25729801_25734938,169.0066849,-
SASH1,chr17_76559043_76561287,168.9837593,+
CPEB4,chr18_58333892_58335477,168.8791595,+
NSUN6,chr6_135497249_135497582,168.8592493,+
RC3H1,chr11_10801087_10802048,168.7951602,-
HNRNPK,chr7_66554837_66573384,168.7805493,+
KHDRBS1,chr20_35772079_35801490,168.7583792,+
PUM2,chr17_75704814_75705610,168.6970809,+
PUM2,chr2_200860215_200861237,168.6653065,+
SCML4,chr12_124912734_124913190,168.5889846,-
SRRM1,chr2_206765747_206766643,168.5760298,+
PPIL4,chr12_27969516_27969680,168.5586514,-
THUMPD1,chr1_51309325_51311253,168.5521439,+
SNRPN,chr4_109741110_109742490,168.5351996,+
RBM4,chr3_38125881_38126161,168.503373,+
TNRC6A,chr1_232950744_232956346,168.3724141,+
SART3,chr2_73250438_73252639,168.3414329,+
SRRM1,chr1_228109021_228109148,168.3409412,+
PCBP2,chr12_53467843_53468779,168.3381088,+
ZC3H12A,chr12_124913111_124913567,168.2987975,+
PABPC1,chr1_52905090_52907867,168.2728514,+
HNRNPA3,chr1_40040801_40059333,168.2100754,+
ANKS4B,chr16_53157541_53209481,168.2092776,+
RBM4,chr12_27297158_27297709,168.1958677,-
EIF3G,chr14_102229657_102232534,168.1393553,+
ZC3H12D,chr10_29686651_29735754,168.1265926,+
ZFP36L1,chr15_79845442_79889092,168.1033948,+
HNRNPM,chr8_94678371_94696851,167.9727204,+
CSDE1,chr2_73950732_73958145,167.9116176,+
RALY,chr1_228108321_228108954,167.9062554,+
MYEF2,chr5_96729209_96729611,167.9012771,+
RC3H1,chr4_76075958_76097643,167.8269986,-
MYEF2,chr20_13814515_13816462,167.8109134,+
LSM3,chr4_76075958_76097643,167.7263024,+
TP63,chr13_37564560_37569299,167.7237211,+
SNRPD3,chr17_82019381_82019857,167.7146812,+
U2AF1L4,chr20_2461793_2462635,167.6514013,-
PUM1,chr18_26035127_26035830,167.6408914,-
HNRNPC,chr14_21263829_21269297,167.6328039,-
ZRANB2,chr2_219001_224863,167.6251055,+
RPS3,chr12_120200891_120201082,167.6144914,-
HNRNPF,chr1_86863605_86880661,167.6104791,+
HNRNPH1,chr17_30743369_30759490,167.5028512,+
HELZ,chr12_123618837_123619431,167.494158,+
TRA2A,chr18_26917350_26944328,167.4013909,+
HTATSF1,chr17_68250480_68250793,167.3998406,+
YTHDF1,chr2_68047319_68062944,167.3989761,+
HNRNPA0,chr7_99560695_99572244,167.3416082,+
PPFIBP1,chr19_10682704_10683136,167.3342263,+
MBNL2,chr16_28845055_28845911,167.3333871,+
IGF2BP2,chr4_82424883_82425562,167.2912476,-
MATR3,chr14_73921105_73923394,167.286642,+
HNRNPL,chr11_102317571_102319876,167.263382,-
PPP1R10,chr16_189339_189930,167.2633491,+
NCL,chr12_56639307_56642457,167.2493611,-
PABPC1,chr7_45756992_45758042,167.1659402,+
PPIE,chr2_38746747_38748055,167.1530333,+
TNRC6A,chr2_85326804_85326978,167.0987102,+
SNRPG,chr6_125292909_125300537,167.059112,+
PCBP2,chr11_65713503_65713592,167.0434142,+
ZFR,chr19_16654125_16659394,167.0308275,+
HNRNPA2B1,chr11_10801087_10802048,167.0282491,+
HNRNPA0,chr15_57251423_57253261,166.9852765,+
RBM3,chr20_35280118_35284175,166.9773813,+
HNRNPAB,chr1_23971623_23971849,166.9744708,-
ZC3H12D,chr17_82481211_82483715,166.8946032,+
AKAP1,chr7_149012360_149020966,166.8916274,-
PHC3,chr17_16440253_16441367,166.8860907,+
SEC23IP,chr6_13326906_13328295,166.8358774,+
PPFIBP1,chr1_235155112_235160892,166.825491,+
YBX1,chr11_66617057_66639699,166.7910986,+
SHANK2,chr12_15111417_15119114,166.7793742,-
SNRPE,chr1_174957549_174957890,166.7304336,+
MCTS1,chr14_23567319_23567738,166.6279965,+
EIF4H,chr11_10806047_10807254,166.5892464,-
PCBP2,chr1_53028071_53047857,166.5792573,+
NIP7,chr17_5474789_5477847,166.5666618,-
RBM4,chr11_3744649_3753315,166.5645545,+
KIN,chr14_30628279_30630476,166.5292336,+
ZCRB1,chr14_21018239_21018762,166.5170836,-
G3BP1,chr11_114439675_114443855,166.5064221,+
RBM41,chr1_243172846_243186258,166.4950614,+
MBNL1,chr3_152445539_152446703,166.4898316,+
SSB,chr4_51886638_51891759,166.4098112,+
NONO,chr3_131501715_131502848,166.3894747,+
SNRPF,chr3_69080153_69080333,166.3413668,+
HNRNPH3,chr17_41515692_41610853,166.3310935,+
ZRANB2,chr2_224920_229965,166.2789022,+
HNRNPA1,chr4_82829058_82842139,166.2716448,-
TIAL1,chr5_151109846_151117126,166.1785697,+
TARDBP,chr2_201140439_201145377,166.1272437,+
FUS,chr12_53296551_53297849,166.115339,+
ZFP36L1,chr10_114448020_114451623,166.1025556,+
SF3B4,chr14_94110797_94114850,166.0408466,-
LSM3,chr17_81891841_81894466,166.0129721,-
RBM41,chr5_138163344_138164319,166.0084816,+
TEP1,chr5_43123310_43139164,166.003311,+
PPIE,chr18_55229076_55232520,165.8067423,+
PPIE,chr19_52322022_52322190,165.7698829,+
G3BP2,chr9_33956146_33960825,165.7099025,+
SAMD12,chr7_99923603_99971745,165.6868073,-
EPHB1,chr8_144425000_144425682,165.6587459,-
RBM47,chr12_101626910_101629433,165.6278555,+
HDLBP,chr1_151540426_151562584,165.6132139,+
TROVE2,chr5_151772036_151786602,165.4597267,+
PNPT1,chr5_304221_314416,165.4592546,+
EIF3G,chr9_136862345_136862905,165.3803207,+
IREB2,chr10_34341816_34347964,165.3692161,+
LSM5,chr3_183086788_183092408,165.3636209,+
DKC1,chr11_34646684_34651541,165.3196185,-
EWSR1,chr9_128323147_128325142,165.3031745,+
ZNF638,chr2_160281364_160284774,165.2978304,+
SLTM,chr2_73732700_73734428,165.2927657,+
DUS3L,chr1_196690239_196701317,165.2737197,+
PUF60,chr5_170788668_170794230,165.2605802,-
MEX3A,chr12_31298224_31326023,165.172334,-
MBNL2,chr16_69120649_69121052,165.1371606,+
RBM19,chr2_222924595_222928861,165.1324112,-
PPFIBP1,chr2_215379317_215382211,165.1130022,+
ASCC1,chr6_36970694_36972702,165.0904389,+
SRRM1,chr20_17570211_17600737,165.0852715,+
PARP14,chr18_35005553_35070194,165.0772532,+
EIF4H,chr4_70233053_70234019,165.0691701,-
RBM34,chr14_20802093_20802796,165.0587985,+
ZFP36,chr2_95888120_95929071,165.0362953,-
SFMBT2,chr5_62352653_62353274,165.0358891,+
SYNCRIP,chr4_76054274_76057989,165.0122007,+
LSM4,chr1_54047372_54053355,164.9332812,-
PABPC1,chr4_48885565_48894005,164.9265358,+
LSM7,chr7_67306083_67308934,164.8918115,+
CSDE1,chr10_73030370_73044980,164.8778833,+
PSPC1,chr7_105125874_105126992,164.8572415,+
RBM18,chr1_200649226_200659026,164.8384802,+
RBM34,chr1_193016395_193021096,164.8186229,+
ANKHD1,chr1_51756358_51760689,164.8065644,+
PPFIBP1,chr2_241678649_241680228,164.7962303,+
RNPS1,chr17_8460160_8463319,164.7926843,+
POLR2G,chr6_105323111_105323664,164.7116832,+
PABPC1,chr3_180975404_180976121,164.7090667,+
RBM22,chr5_171400210_171405301,164.70106,-
ZC3H11A,chr18_30994372_30996790,164.6818787,+
TP63,chr4_87499585_87529044,164.6686139,+
HNRNPH2,chr3_57577387_57584383,164.6327387,-
HDLBP,chr5_7861652_7862822,164.6000261,+
YBX1,chr11_117199829_117203001,164.5426252,-
HNRNPK,chr9_37422833_37424844,164.5272762,+
LARP4,chr4_17886161_17909093,164.4214424,+
NCL,chr15_32691763_32696513,164.3220541,+
SCML4,chr2_241317599_241324215,164.2758112,-
PRPF3,chr12_69260197_69262369,164.2450723,+
HNRNPH1,chr2_53801842_53809213,164.234421,+
NSUN6,chr2_171326148_171330558,164.191001,+
ZFP36L1,chr12_7060877_7061751,164.1788324,+
ZC3H14,chr14_88609403_88609714,164.1680367,+
RBMS2,chr6_44223641_44227262,164.1146695,+
PHC3,chr1_244842058_244842194,164.1077563,+
ZC3H12B,chr12_57793073_57796176,163.9997444,+
MBNL2,chr13_97347067_97357481,163.9890067,+
PUF60,chr1_161073299_161073719,163.9202068,+
IREB2,chr2_11776193_11779518,163.9157802,+
SSB,chr1_154212624_154214456,163.7542189,+
PARP14,chr9_114323805_114330791,163.7394546,-
TRA2A,chr15_79961174_79967636,163.7057407,+
HNRNPA1,chr16_56609057_56609262,163.6812007,+
RRP7A,chr1_228109021_228109148,163.6741013,+
RRP7A,chr7_22976305_22976692,163.6737908,+
HNRNPR,chr1_109659110_109665010,163.6583265,+
HNRNPAB,chr6_110875215_110892160,163.633117,-
PPFIA1,chr6_99402710_99404602,163.5943706,+
KIN,chr7_45751646_45756908,163.5559724,+
LSM5,chr17_67894165_68037109,163.5438889,+
ZRANB2,chr6_24708911_24716147,163.538046,-
MYEF2,chr6_17513954_17539268,163.5288386,+
TP63,chr6_56642503_56642621,163.5263127,+
YBX1,chr1_32634072_32634767,163.5024884,+
HNRNPC,chr1_42456628_42457246,163.4952366,+
HNRNPF,chr6_28085891_28088562,163.4445458,+
PUF60,chr1_144720690_144738996,163.4364225,+
MYEF2,chr6_125248383_125253716,163.3720764,+
SAMD4A,chr15_60396427_60397942,163.3701025,+
SNRPG,chr1_228108474_228108954,163.368263,+
HNRNPH2,chr2_152677475_152679351,163.3662046,+
POLR2G,chr12_124912408_124913320,163.3475424,+
RNPS1,chr18_27048503_27052854,163.3150359,+
ZRANB2,chr1_39480009_39484600,163.2862761,+
ZC3H14,chr21_37157214_37159698,163.2295676,+
ESRP2,chr12_27297158_27297709,163.1826689,+
RBMS2,chr11_66640123_66646026,163.1578723,+
YTHDF2,chr6_29942626_29942756,163.0943683,+
LARP4B,chr2_73939022_73946718,163.0825801,+
SNRPD2,chr19_45688566_45689232,163.0795192,-
LSM2,chr14_23960003_24049284,163.05319,+
EIF4B,chr11_13421838_13463091,163.0180725,+
HNRNPA3,chr8_109339390_109340490,163.0139098,+
PSPC1,chr1_114737563_114737962,162.999325,+
DLC1,chr2_66464220_66547942,162.8944824,+
QKI,chr1_51309325_51311253,162.7994326,+
GTF3A,chr5_138164133_138164319,162.7685313,+
HNRNPA3,chr20_47298947_47310055,162.7350649,+
PPFIBP1,chr13_97347067_97357481,162.7091069,+
IREB2,chr2_73946906_73950584,162.703361,+
SRRM1,chr7_107613432_107621629,162.6867886,+
MATR3,chr2_1665074_1666213,162.6857312,+
LSM5,chr14_30622399_30630476,162.6809472,+
TP63,chr10_88941869_88943796,162.6324179,+
SF1,chr14_103334260_103335652,162.6267584,-
HNRNPF,chr3_52198255_52199209,162.6099439,+
PRPF3,chr6_7393303_7395052,162.5855279,+
TROVE2,chr2_152716126_152717355,162.5464887,+
SFPQ,chr10_110876070_110876669,162.5415131,-
PNPT1,chr5_132271908_132272024,162.5412063,+
DKC1,chr17_42610590_42612074,162.4580601,+
RBMX,chr14_23567319_23567738,162.4561841,+
LARP4B,chr10_124760503_124765391,162.428543,+
LSM3,chr2_131531802_131532588,162.4240351,+
KHDRBS3,chr3_37091538_37094791,162.3697619,+
LSM1,chr1_179852811_179865435,162.339452,+
RBM41,chr10_62049483_62050887,162.3165204,+
SNRPG,chr1_231241456_231260506,162.2880537,+
TIAL1,chr5_151109846_151117126,162.2817579,+
RBM34,chr3_185494761_185495153,162.2482474,+
FUBP1,chr1_154261697_154263102,162.2460918,+
TRA2A,chr12_32737161_32740063,162.2058359,+
HNRNPA0,chr14_20802319_20802796,162.1929166,-
RBMS2,chr6_44223641_44227262,162.0845021,+
PDCD11,chr14_21022905_21023240,162.0697763,-
RBMXL1,chr16_4796048_4796189,162.0619777,+
ZFP36,chr1_153638448_153642242,161.874652,+
EWSR1,chr22_29299280_29299598,161.8658087,-
CSDE1,chr4_118704051_118705610,161.8653359,+
RBM25,chr12_10610680_10613438,161.8522618,+
HNRNPK,chr12_70294294_70310894,161.8359141,+
EIF4B,chr7_44014783_44016433,161.8168072,+
MYEF2,chr22_39313310_39314106,161.7518183,-
SF3B4,chr19_19194133_19196965,161.7050893,+
SNRPD2,chr8_116658980_116755665,161.6292394,-
EIF4H,chr11_62789426_62789885,161.5964515,+
MCTS1,chr5_135350913_135360496,161.5537799,+
LARP4B,chr19_11345628_11346126,161.5535848,+
UHMK1,chr20_34090602_34096656,161.5337785,+
RBM42,chr1_153608177_153608898,161.5211667,-
MATR3,chr11_66843861_66843955,161.4751769,+
POLR2G,chr2_73927052_73958145,161.463639,+
GRSF1,chr8_143818534_143821596,161.3697187,+
MATR3,chr8_144412946_144413512,161.3402885,+
PCBP2,chr2_97118517_97142639,161.1992013,+
HNRNPM,chr19_45165194_45178134,161.1889761,+
YBX1,chr12_27958568_27963347,161.1743857,+
ZFP36L1,chr10_63219983_63264650,161.170305,+
ZFP36,chr12_109458078_109460635,161.1436735,+
ZC3H15,chr18_675402_683245,161.0798826,+
PPFIA1,chr17_51275991_51280004,161.0784971,+
NCL,chr5_132927207_132932177,161.0492223,+
SF3B4,chr8_143581328_143586728,161.0390573,+
RC3H1,chr6_85612923_85614980,160.9376451,+
MSI1,chr3_29897475_29936085,160.8646102,+
PABPC1,chr1_154988849_154990158,160.7430111,+
RBM7,chr18_9195698_9208656,160.7383198,+
MCM3AP,chr20_34090602_34096656,160.6854429,-
HNRNPL,chr3_105550259_105552467,160.6712136,-
NONO,chr3_122454001_122461223,160.5874273,+
ZRANB2,chr6_3154923_3155624,160.5359072,+
ZRANB2,chr1_39480009_39484600,160.5238596,+
EIF4B,chr15_44380976_44413335,160.5192428,+
CCAR1,chr13_97347067_97357481,160.4961881,+
ZC3HAV1,chr14_49626048_49633286,160.4956055,+
G3BP1,chr10_110876753_110881232,160.4808762,+
HNRNPA1,chr17_3720402_3723687,160.3854368,+
RBM4,chr14_49626048_49633286,160.3717592,+
NSUN6,chr14_69769251_69769510,160.3646303,+
YTHDF3,chr12_10704148_10713210,160.362294,+
RRP7A,chr1_51652041_51714002,160.3599009,+
LARP1,chr8_143581328_143586728,160.3563861,-
RBM17,chr1_153638448_153645063,160.3511502,+
EIF4B,chr10_62049483_62050887,160.2687833,+
PPFIBP1,chr5_96727530_96729611,160.2638836,+
SNRPB,chr4_55418164_55424537,160.2197536,+
PNPT1,chr2_169824640_169824781,160.1994653,+
TRMT1,chr12_10607936_10609097,160.1686564,+
PCBP2,chr12_109561104_109561419,160.1397652,+
TRA2B,chr4_53428183_53440581,160.0785439,+
LARP7,chr1_46686870_46688352,160.0743316,+
TROVE2,chr2_25451635_25455404,160.0702917,+
RBM34,chr19_10702254_10706709,159.9821562,+
RBM3,chr14_23562593_23563379,159.944545,+
PCBP1,chr12_124912883_124913567,159.9385582,-
UNKL,chr14_88603060_88607242,159.9373981,+
ZC3H12B,chr12_79805768_79807225,159.8650048,+
SRRM1,chr4_53391139_53399729,159.833155,+
PAN3,chr6_159685033_159692660,159.7964612,-
RBM7,chr1_154212624_154214456,159.7376631,-
ZRANB2,chr12_124912734_124913418,159.7080705,-
ZC3HAV1,chr17_50737026_50737286,159.6660319,-
LARP1,chr3_108047292_108050577,159.663838,+
ZCRB1,chr4_102826636_102827943,159.6060315,-
RBMX,chr8_11853479_11864375,159.5906445,+
ZFP36L1,chr16_56609057_56609262,159.5732961,+
PARP14,chr3_149895570_149902071,159.5333404,+
SAFB2,chr1_23971623_23971849,159.4228758,-
NAA38,chr2_152677475_152679351,159.3965744,-
RRP7A,chr12_8777802_8780574,159.3710938,+
DHX8,chr9_88388538_88426381,159.3593003,+
NIP7,chr1_53855051_53860055,159.3178522,+
MCTS1,chr11_35211449_35214851,159.3031868,+
RRP7A,chr7_42935136_42937321,159.2775029,+
ZC3H12D,chr2_119317503_119321153,159.237022,+
DKC1,chr1_161038075_161038879,159.2318534,+
LARP1,chr12_27022621_27027346,159.2106469,+
NSUN6,chr16_56940245_56943125,159.2070237,-
PTBP2,chr1_155260659_155262085,159.2055809,+
QKI,chr8_89758233_89765340,159.1688924,+
NONO,chr1_228141829_228145510,159.1196314,+
G3BP1,chr11_77821241_77842478,159.1104059,+
EIF4B,chr1_111449873_111456085,159.0225213,+
LSM7,chr10_95684624_95686494,158.9957333,+
SNRPD2,chr19_36124363_36125450,158.9798401,+
G3BP2,chr15_34225658_34227692,158.9735956,+
APTX,chr11_57791673_57794009,158.9428144,+
FUBP1,chr1_153608177_153608898,158.9427902,+
RBMX,chr4_185684846_185690561,158.8951431,+
ANKS4B,chr2_55875065_55876622,158.8685374,+
HNRNPD,chr4_82355401_82356795,158.8035819,+
MYEF2,chr15_79889354_79896871,158.745251,+
RBM12B,chr2_113438022_113439019,158.7356275,-
EEF1G,chr1_161157693_161158411,158.7168145,+
U2AF1,chr9_72360787_72363469,158.6150726,+
TIAL1,chr9_87727729_87772878,158.5661476,+
PNPT1,chr12_124911971_124912427,158.5504354,+
EEF1G,chr7_120955624_120956159,158.5490828,+
EIF3B,chr7_2379511_2380203,158.5409895,+
LSM10,chr11_64318386_64320660,158.5141773,+
CPSF6,chr8_119580167_119582429,158.4987149,+
RC3H1,chr5_58455409_58455538,158.4332712,+
RBM27,chr15_32684669_32696513,158.3895319,+
KIN,chr5_62352653_62353274,158.37798,+
RBM47,chr6_28085891_28088562,158.3720968,+
YTHDF3,chr1_146189381_146228708,158.360995,+
SNRPD2,chr17_1714453_1716129,158.3482018,+
RPS3,chr19_18905629_18910970,158.3121161,+
TRA2A,chr19_45164970_45178134,158.2898386,+
PARN,chr18_31068212_31068298,158.2825621,-
PAN3,chr11_65540153_65540244,158.2343031,+
HNRNPM,chr21_37158203_37159698,158.1849654,+
UPF3B,chr3_121770574_121781742,158.1302938,+
SASH1,chr17_31878327_31878701,158.050009,+
HNRNPA2B1,chr3_183086788_183094558,158.0313451,+
RBMS1,chr19_45079377_45090106,158.030294,+
G3BP2,chr1_243286397_243293090,158.0289941,+
AKAP1,chr4_51899378_51908919,158.0124015,+
RPS3,chr19_12691257_12691341,157.954791,+
PCBP1,chr8_42361365_42362611,157.9484047,+
CPSF6,chr7_101218217_101222603,157.9277838,+
SNRPB2,chr7_101218217_101222603,157.9036791,+
PARP14,chr11_112085462_112086639,157.8956765,+
PNO1,chr9_70276731_70277309,157.8731363,+
ZFR,chr7_45751646_45756908,157.8642132,+
FUBP1,chr2_197516146_197535529,157.8635978,+
RBM25,chr11_62885608_62888330,157.8609671,-
RBM4B,chr2_159448403_159478574,157.8362951,+
POLR2G,chr8_67047859_67051229,157.8172179,+
RBMS2,chr15_90088747_90102275,157.7910519,+
PUF60,chr10_63264764_63380317,157.7356396,+
SNRPB,chr10_112951607_113040024,157.6753402,+
APTX,chr17_59866749_59874538,157.6427098,+
THUMPD1,chr5_132866691_132866868,157.5948766,-
TIAL1,chr1_52905090_52907867,157.5391319,+
HNRNPH1,chr10_7802854_7807658,157.5383136,+
NONO,chr1_154966077_154966161,157.5030826,+
SASH1,chr1_108693642_108695701,157.4557089,+
SCMH1,chr2_206161132_206161345,157.4451946,+
ZFP36,chr7_16878645_16880723,157.4414243,-
THUMPD1,chr16_56609057_56618588,157.4251473,+
HNRNPA1L2,chr16_67847456_67865101,157.4226376,+
UNKL,chr3_3154062_3154746,157.4131002,+
HNRNPA1,chr4_108620712_108621950,157.3063789,-
LSM5,chr12_56158711_56159974,157.2637011,+
ZRANB2,chr9_175784_178815,157.2578273,+
PPIE,chr19_18571909_18573292,157.2521645,+
HNRNPR,chr1_153642429_153645063,157.2079269,+
ZFP36L1,chr9_33953474_33960825,157.1517184,+
POLR2G,chr20_20026919_20033101,157.1179767,+
TIA1,chr12_124912278_124913418,157.0359029,-
KRR1,chr1_33014594_33021592,157.0232844,+
TRA2B,chr10_62049483_62050887,157.0205024,+
PABPC1,chr4_140379192_140380961,157.0185857,+
PCBP2,chr15_101650161_101652270,157.0179006,+
DKC1,chr1_161038075_161038879,156.8966341,+
HNRNPF,chr14_55661612_55667240,156.8187463,+
SCML4,chr16_28538155_28538525,156.7963498,+
HELZ,chr21_25997416_26000014,156.7769516,+
HNRNPH3,chr11_62794398_62794934,156.7218588,+
DHX8,chr13_48090418_48095059,156.7158109,+
PNO1,chr1_207790345_207793518,156.7064868,+
EWSR1,chr3_169773462_169774264,156.6794743,+
ZC3H13,chr8_116938567_116942557,156.6427805,+
MCTS1,chr19_52374427_52379420,156.6200919,+
SNRPF,chr3_100310542_100311832,156.5872054,-
RBM43,chr1_28229023_28232920,156.5616829,+
KRR1,chr1_173938874_173941264,156.5600149,+
ZC3H12D,chr4_185678547_185678795,156.5574675,+
LSM6,chr4_76075958_76097643,156.5076702,-
ANKS4B,chr12_124912883_124913111,156.5052474,-
TARDBP,chr11_33731468_33736381,156.5032875,-
RBM18,chr12_101626910_101629433,156.4900194,-
NONO,chr2_27444061_27444188,156.4860062,+
YTHDF3,chr1_167773368_167787819,156.4599159,+
MATR3,chr7_91980333_91992884,156.4134327,+
HNRNPA1L2,chr3_172133546_172226870,156.407593,+
LSM4,chr19_1438428_1438810,156.3892192,+
MATR3,chr16_56609057_56618588,156.382577,-
RBM41,chr11_62761904_62762541,156.3472005,+
ZFP36L1,chr14_35019074_35028087,156.3452732,+
TRA2A,chr2_30147062_30148244,156.2496137,+
SNRPN,chr12_101626910_101629433,156.1636084,+
PPFIBP1,chr8_116938567_116942557,156.1280722,+
FUS,chr12_124912408_124913320,156.1117992,-
QKI,chr15_79899125_79967636,156.1112856,+
SNRPN,chr12_57720263_57720405,156.0889322,+
PCBP2,chr18_49491584_49492257,155.9745964,-
EIF4B,chr12_124912278_124912506,155.8686277,+
TRMT1,chr19_13110001_13110157,155.8170397,+
PPFIBP1,chr1_112669605_112669895,155.79004,+
HELZ,chr2_23983033_23999671,155.7654066,+
KHDRBS3,chr2_97187226_97189217,155.7340912,+
ZFP36,chr5_172769132_172770160,155.7078327,-
HNRNPA2B1,chr15_80059809_80098415,155.6987899,+
RC3H1,chr13_36335832_36346581,155.6909906,+
CSDE1,chr1_114738072_114749820,155.6656083,-
RBM8A,chr22_40552367_40594673,155.6596364,+
PUF60,chr3_16260829_16264154,155.5986318,+
APTX,chr21_37073473_37087246,155.5787995,+
LSM5,chr20_17680075_17682027,155.5585369,+
SYNCRIP,chr2_38748653_38748897,155.5178108,-
CARHSP1,chr2_47172459_47176440,155.5112471,-
SFPQ,chr15_80059809_80120327,155.5048886,+
RPS3,chr14_21211563_21211809,155.4915615,+
SNRPD1,chr4_76054274_76075880,155.4630997,+
THUMPD1,chr17_37491627_37510676,155.4605648,+
PUM1,chr2_85645899_85647929,155.4520248,+
PCBP2,chr12_53467293_53468776,155.4264814,+
POLR2G,chr12_124912408_124913320,155.4250551,-
HDLBP,chr1_228107869_228107976,155.3839321,+
SSB,chr5_96702915_96722638,155.37743,+
EIF4B,chr1_153638448_153642245,155.3608047,+
RBM39,chr17_49413291_49414241,155.2968584,+
RBM19,chr2_97187226_97189217,155.2678319,+
DHX57,chr17_5474789_5477847,155.2626746,+
SNRPG,chr20_35280118_35284175,155.2550208,+
TARDBP,chr22_36467917_36480574,155.2204287,-
ZC3H4,chr4_185649656_185652661,155.2104687,+
HNRNPD,chr3_152432920_152445281,155.2067147,+
RBPMS,chr1_151307801_151315572,155.1932083,+
TTC14,chr3_138187599_138209816,155.1415544,-
RBM23,chr5_43454043_43483821,155.1289631,+
HNRNPA0,chr3_121781874_121788283,155.1287674,+
KIN,chr2_95938901_95938986,155.1033246,+
TIAL1,chr7_22976305_22976692,155.089624,+
ZFR,chr16_56936817_56942131,155.0672464,-
HNRNPF,chr2_131531802_131532588,154.9837102,+
CSDE1,chr4_102726683_102760717,154.9355682,+
FUS,chr17_74772395_74772895,154.9342878,+
NONO,chr1_153991034_153991114,154.9301574,+
ZFP36L1,chr10_3147737_3147986,154.9163877,+
RBM34,chr13_45340184_45341041,154.9004586,-
HNRNPA1,chr12_14885850_14905108,154.8703884,-
TRA2A,chr12_124911971_124912655,154.8462521,-
HNRNPH1,chr16_634956_635280,154.8381629,+
FUS,chr19_45165194_45178134,154.7924908,+
PUM1,chr1_6785575_6825091,154.7902341,+
FUS,chr3_127821838_127822308,154.7364826,+
QKI,chr2_47170764_47172413,154.7311462,-
HNRNPF,chr18_11886621_11886916,154.6758151,+
EEF1G,chr7_30498938_30504568,154.6365958,+
PPFIBP1,chr17_7016685_7017256,154.6201382,+
MBNL1,chr2_152716126_152717355,154.6172438,-
GTF3A,chr15_40853929_40854059,154.5759025,+
HNRNPH1,chr12_124912655_124912883,154.5660142,+
ZC3H15,chr17_81891833_81893551,154.5159312,+
CARHSP1,chr8_89758233_89765340,154.5098954,+
LSM3,chr20_34090602_34096656,154.4709561,+
YTHDF2,chr3_149059804_149060642,154.4661548,+
PARP14,chr2_227340380_227355676,154.4005227,+
SNRPC,chr6_56642503_56642621,154.396395,+
RC3H1,chr3_121781874_121788283,154.3854131,+
CCAR1,chr13_97347067_97357481,154.382674,+
RBM3,chr16_18789118_18790243,154.3674224,+
NCL,chr12_124913339_124913567,154.3452301,+
HNRNPA1,chr1_1390865_1393395,154.3215859,+
SF1,chr19_58315036_58325274,154.3049029,+
WDSUB1,chr3_108050602_108051938,154.2778154,-
SNRPD1,chr1_228108318_228109148,154.11054,-
TRA2A,chr21_42897047_42908863,154.0919539,+
NAA38,chr1_45568177_45568926,154.070689,+
PUF60,chr19_35631405_35632935,154.0385634,+
RBM25,chr3_121718501_121722261,154.0145571,+
HNRNPK,chr3_37083806_37094791,153.9708764,+
NAA38,chr3_33072713_33096718,153.8065406,+
KHSRP,chr7_30500681_30504568,153.7591037,-
NONO,chr4_48897857_48904483,153.7411385,+
SNRPB2,chr1_207655275_207761248,153.7039054,+
HNRNPH2,chr1_30980166_30981311,153.6896084,+
EIF4H,chr18_12311053_12325066,153.6699882,+
SNRPE,chr3_49310737_49324701,153.6639156,+
HTATSF1,chr6_29888224_29943267,153.6412933,+
LSM2,chr14_21018239_21018762,153.6291153,-
SAMD8,chr1_149859681_149859960,153.5727765,+
APTX,chr12_124911899_124912127,153.5690172,-
PNPT1,chr12_14884245_14910757,153.5561868,-
TRA2A,chr1_45519054_45522777,153.5362633,+
RBM41,chr1_154261697_154266500,153.5202625,+
TEP1,chr1_151266121_151266307,153.4718806,-
CARHSP1,chr6_31540534_31541949,153.4425829,+
EIF3G,chr16_20900889_20915555,153.4044178,+
ZC3H6,chr16_66552793_66563121,153.3085126,+
LSM4,chr7_30500681_30504568,153.2773385,+
RNPC3,chr1_153626533_153627482,153.258408,+
IREB2,chr2_9587509_9591391,153.1766869,-
U2AF1L4,chr12_21506976_21507116,153.1577426,+
PUM2,chr6_36970694_36972702,153.133941,+
RBMX,chr18_675402_677344,153.1192586,+
PUM1,chr1_150327652_150328319,153.0781411,+
SPEN,chr1_167773368_167787819,153.0697438,-
RBM19,chr2_68047319_68062944,153.0279666,+
RBM25,chr3_138187599_138221925,153.016964,+
LSM4,chr6_41090309_41091545,152.9998511,+
THUMPD1,chr20_58993675_58994109,152.9963354,+
LARP4B,chr19_5657347_5661517,152.9946977,+
HNRNPK,chr5_62352710_62353274,152.9687856,+
RBM25,chr6_26124633_26127697,152.9519345,+
MKRN2,chr12_22644022_22656431,152.9510938,+
HNRNPK,chr15_64136932_64138041,152.9430967,+
MCTS1,chr8_15748465_15757790,152.9420735,+
YTHDF2,chr10_35195214_35206894,152.9226263,+
LSM2,chr12_124912655_124912883,152.9101671,+
KHDRBS3,chr2_215391814_215394527,152.8769878,-
PPFIBP1,chr17_7016685_7017256,152.8551968,+
SNRPD1,chr1_154234792_154235195,152.8497174,+
SF3B4,chr1_39748767_39748902,152.8472933,-
RBMXL1,chr22_43151604_43161051,152.8364269,-
SLBP,chr3_121770574_121781742,152.8095207,+
TROVE2,chr10_6113068_6113507,152.8031121,+
CSDE1,chr2_42697834_42704196,152.7734136,+
POLR2G,chr2_159412545_159427940,152.7705447,+
RBM42,chr19_35631405_35632935,152.7436297,+
PARP14,chr16_67847456_67865101,152.7428286,+
SNRPB,chr2_28241393_28298337,152.7375742,+
LSM4,chr1_151166252_151166470,152.7338474,+
SNRPE,chr19_8969879_8985550,152.7273152,+
HNRNPC,chr1_155318332_155318855,152.7178043,-
SASH1,chr3_172755374_172756982,152.6458897,+
SNRPG,chr1_231241456_231260506,152.6274321,+
ZFP36,chr12_52051568_52054326,152.618917,+
YTHDF3,chr12_124913092_124913548,152.6008036,+
RBM8A,chr10_80408643_80420465,152.541868,+
YTHDF3,chr14_49626048_49633286,152.5332903,+
UNKL,chr10_28614685_28616172,152.4449051,+
RBM23,chr14_22905453_22906194,152.4350462,+
EIF4B,chr16_208664_220648,152.4264805,+
FUBP1,chr1_175004814_175006744,152.4194648,-
ZC3H14,chr6_26124633_26138053,152.3870662,-
SRRM1,chr21_25997416_26000014,152.3836991,+
PAN3,chr2_97560860_97580461,152.3532816,+
RNPS1,chr2_63857718_63857828,152.3329147,+
HNRNPA2B1,chr18_9937066_9944923,152.3310781,-
YTHDF2,chr7_849603_851383,152.2956285,+
KIN,chr8_69493125_69501873,152.2353296,+
LARP7,chr20_35632923_35664759,152.2346689,+
HNRNPA0,chr3_119434882_119435754,152.2343875,+
PUF60,chr17_27309272_27311508,152.2330135,+
HNRNPF,chr11_62885608_62888330,152.2303004,-
PNPT1,chr12_124913190_124913418,152.1815453,+
SAMD12,chr8_66922725_66926197,152.1722201,+
RBPMS,chr17_67963506_67964211,152.1492936,+
THUMPD1,chr12_31298224_31325835,152.1385351,+
RBM12,chr1_153642429_153645063,152.1034939,+
ANKRD17,chr12_124912408_124913320,152.0988226,-
KHDRBS1,chr14_102265912_102283477,152.0783186,+
PPP1R9A,chr5_170805853_170811955,152.0653229,-
KHDRBS1,chr1_40074183_40078559,152.041175,-
LSM1,chr2_224920_229965,152.0378983,+
HNRNPH1,chr9_128940497_128940598,152.0145692,+
G3BP2,chr17_64500326_64502009,152.0106977,-
RBM43,chr1_228109021_228109260,152.008938,+
PNO1,chr19_10677310_10679096,152.0050231,+
HNRNPA3,chr10_72216138_72230365,152.0030448,+
DKC1,chr12_8777802_8780574,151.9987699,+
GTF3A,chr22_17744013_17774380,151.9973331,+
TROVE2,chr12_79805768_79806165,151.9848373,+
KRR1,chr3_69080153_69080333,151.9730517,+
RBM7,chr12_57517424_57517705,151.9675955,-
ZFP36L1,chr6_24714440_24716245,151.954943,-
CSTF2T,chr8_89762982_89765340,151.9011002,+
HNRNPA3,chr10_37165155_37189466,151.8986929,+
RBM15B,chr14_94388660_94390456,151.8862696,+
DKC1,chr17_81891841_81893551,151.8823591,+
MBNL1,chr3_152447773_152456266,151.864136,+
THUMPD3,chr1_193018820_193021096,151.8512319,+
RBM25,chr2_160285044_160286977,151.8256513,+
HNRNPK,chr14_55580354_55601756,151.8153637,+
PPIE,chr9_128323147_128325142,151.7892027,+
LSM4,chr12_22644022_22644210,151.7787498,+
TIA1,chr2_42697834_42704193,151.7705412,+
ZCRB1,chr2_172498100_172504090,151.7180844,+
RBM43,chr2_177234271_177264531,151.7075007,-
EEF1G,chr2_11776193_11779518,151.686945,+
TRA2B,chr15_63044152_63056984,151.6498906,-
HNRNPH2,chr19_12764917_12764998,151.6342486,+
ENOX2,chr10_37188019_37189466,151.62573,-
SF1,chr5_103184744_103186319,151.6209518,+
RBM26,chr2_238194331_238194804,151.5675236,+
SAMD8,chr4_53428183_53440581,151.561193,+
SRRM2,chr2_238194331_238194781,151.5539719,+
SHANK2,chr1_24646789_24647078,151.5527617,-
HDLBP,chr2_240481097_240499957,151.5524691,+
RNPC3,chr1_33024567_33031543,151.5152203,+
NCL,chr14_73297285_73323129,151.513756,+
RRP7A,chr11_115178775_115209573,151.5072065,+
GTF3A,chr5_135346057_135350822,151.488247,+
HNRNPH2,chr8_80064593_80080314,151.4761043,+
PCBP2,chr2_38749346_38749528,151.450318,+
PAPSS1,chr19_19202398_19202469,151.3785384,+
FXR1,chr3_105550259_105552467,151.2737434,-
SNRPD1,chr11_57426652_57427061,151.2141382,+
PABPC1,chr2_58222042_58226727,151.2106572,+
ESRP1,chr8_94678371_94696851,151.1730564,+
CSTF2,chr20_46386275_46389038,151.0967988,+
LARP4B,chr6_24714440_24718539,151.0032105,-
LSM10,chr6_29828316_29943267,150.9901315,-
SNRPC,chr3_48695418_48717156,150.9820368,+
RBM39,chr1_151027327_151028785,150.937051,+
SNRPD1,chr5_150447735_150449485,150.8588053,-
TROVE2,chr10_26751783_26765217,150.8465231,+
FUS,chr17_1714014_1716129,150.8450105,+
PTBP2,chr17_72040849_72045427,150.7689874,+
PUF60,chr6_26124749_26127697,150.7656701,-
KRR1,chr2_27322522_27323051,150.723033,+
CSDE1,chr20_5109445_5112960,150.7222443,+
YBX1,chr12_27969516_27970024,150.7189273,-
ZC3H6,chr19_54206462_54206552,150.70121,+
RC3H1,chr2_95912435_95914107,150.6254644,+
TRA2B,chr12_56159622_56159974,150.6212317,-
POLR2G,chr7_5752979_5761002,150.5778126,+
ZC3H6,chr3_37355187_37361242,150.5741623,+
DKC1,chr13_45389820_45390757,150.5643902,+
EIF2S1,chr1_109214128_109223981,150.5588897,+
ZFR,chr15_40836282_40844178,150.5376939,+
GTF3A,chr16_54063942_54111761,150.5092847,+
ZFR,chr12_14884245_14905108,150.4989708,-
NAA38,chr2_15607313_15617243,150.4907711,+
RBM43,chr2_241268541_241315101,150.4218345,+
PNO1,chr11_66640123_66646026,150.4030991,+
RBM14,chr12_14456634_14460494,150.3954653,-
LSM2,chr6_31860621_31861998,150.3738748,+
RBM8A,chr6_3154923_3155624,150.3635906,+
RBMX,chr9_19200582_19378367,150.3246623,+
SPEN,chr2_97151939_97158106,150.319203,+
HNRNPF,chr2_152677475_152679351,150.3143987,+
RBMS2,chr14_94388663_94390456,150.3071638,-
MCTS1,chr20_31568280_31569119,150.2865456,+
YTHDC1,chr9_86317276_86318957,150.2763672,+
NAA38,chr12_26976357_26980565,150.2695948,+
SAMD12,chr2_30148541_30156627,150.2331486,+
RBMXL1,chr8_73979171_73981154,150.2237137,+
EIF4H,chr7_66573550_66592256,150.2097851,+
LARP4B,chr6_26124749_26127697,150.1974736,+
CSDE1,chr2_60538549_60545970,150.1514803,+
PCBP2,chr19_35119251_35119362,150.1414098,-
PPFIBP1,chr1_174957549_174957890,150.0891331,+
RBM4,chr1_112705168_112707077,150.0258676,+
NCL,chr7_149012360_149020966,150.01275,-
RBMX,chr19_49680253_49680486,150.0084282,+
TRA2A,chr14_102251995_102283477,149.9856874,+
HNRNPF,chr10_37169558_37169651,149.9702074,+
SNRPN,chr6_31954877_31955058,149.9393374,+
RBM41,chr18_57620648_57621707,149.9324769,+
SYNCRIP,chr4_108620712_108621950,149.9250576,-
PSPC1,chr20_46386275_46387337,149.8890048,+
HNRNPK,chr12_98531838_98532822,149.8684919,+
SNRPD2,chr10_35127193_35148367,149.8257679,+
ZFP36L1,chr8_144425000_144425682,149.8113878,+
TRA2A,chr14_58295811_58297954,149.8099016,+
HNRNPM,chr4_39774933_39778359,149.7424894,+
TARDBP,chr2_61017851_61018188,149.735313,-
NONO,chr17_36578192_36579244,149.6939745,+
SASH1,chr17_51161272_51166826,149.6860903,+
HNRNPK,chr2_189578353_189579812,149.6388106,-
RBM39,chr12_102039975_102044104,149.6262534,+
RBM4,chr2_202278002_202278211,149.6216623,+
RBM43,chr21_25982477_26021839,149.5852254,-
ZC3H4,chr19_52374427_52383848,149.4976931,+
SAMD12,chr4_76075958_76097643,149.4783134,+
HNRNPR,chr3_49310737_49324701,149.4676492,+
SNRPE,chr1_32224475_32228498,149.4587734,+
PAN3,chr2_169584899_169603641,149.4582047,+
U2AF1,chr17_5422829_5432541,149.4563335,+
ZFP36L1,chr6_7579772_7582641,149.4562595,-
ZC3H4,chr19_52322022_52322190,149.4556949,+
ZC3HAV1,chr1_228108318_228108436,149.4461565,-
FXR1,chr2_241315982_241317498,149.4379316,-
U2AF1L4,chr2_169824640_169824867,149.4171686,+
SF1,chr16_53157541_53209481,149.416951,+
HNRNPA1,chr1_154966077_154966161,149.3987811,+
NCL,chr1_207767195_207770320,149.3936391,+
HNRNPA1,chr6_122610535_122633282,149.390939,+
HNRNPH2,chr12_8777802_8780577,149.3802839,+
ZC3H14,chr9_86317276_86319583,149.3796773,+
APTX,chr2_271939_272191,149.3450303,+
RBMX,chr12_5358361_5367802,149.3161354,+
CCAR1,chr7_141010660_141014910,149.3031331,+
RBM12,chr11_57426652_57427407,149.2866536,+
HNRNPH3,chr4_140379192_140380961,149.2746429,+
PAN3,chr4_155368809_155373135,149.27304,+
SAFB,chr19_38632678_38634992,149.228062,+
EWSR1,chr17_30709811_30743300,149.2273008,+
SCML2,chr6_3154923_3155624,149.2145099,+
HNRNPD,chr22_21629187_21629307,149.2106737,+
RBMX,chr2_232556530_232564246,149.1970661,+
MYEF2,chr1_153991034_153991114,149.1912231,+
ANKS4B,chr9_86317276_86318957,149.1899511,+
RALY,chr11_34646684_34651541,149.0501929,-
EIF4B,chr2_241268541_241315101,149.04005,+
RBM25,chr19_12694722_12696172,148.9818062,+
SEC23IP,chr11_66617057_66639699,148.9739978,+
EIF2S1,chr3_25720191_25729132,148.9693773,+
EIF3B,chr6_85641451_85642796,148.9439649,+
PAN3,chr20_38447623_38448661,148.9323091,+
RBM25,chr12_6670838_6672349,148.9222359,+
G3BP1,chr17_82019381_82019857,148.9202566,+
ASCC1,chr14_20802093_20802796,148.9018352,+
TARDBP,chr2_9961436_9963885,148.9003234,+
PNPT1,chr12_8780112_8780574,148.8789085,+
U2AF1,chr10_26751783_26755654,148.8433599,+
LSM3,chr12_104021491_104049894,148.7840278,+
THUMPD2,chr3_93995944_93996547,148.7761444,+
RPS3,chr4_102826636_102827943,148.7631544,+
RBMX,chr14_103500200_103502881,148.7575147,+
RBM17,chr10_29686651_29735754,148.744064,+
RBM6,chr2_191682017_191683728,148.7384775,+
YBX1,chr3_157153156_157157010,148.7335903,-
LARP7,chr17_59962616_59962826,148.7085541,+
UHMK1,chr1_156137232_156138487,148.697171,-
MATR3,chr6_12290693_12292343,148.6941156,-
ZC3H12B,chr2_95888120_95935453,148.6846254,-
PCBP2,chr20_34090602_34093674,148.6300411,+
TRA2A,chr1_30966197_30967166,148.6226087,+
ZFP36L2,chr1_162562584_162566011,148.6158622,+
EIF4B,chr14_58291707_58297954,148.6017095,+
PARP14,chr12_48671962_48679654,148.5603825,+
PCBP2,chr18_49483771_49487206,148.5031195,+
SHANK2,chr9_32988124_32989758,148.5026456,+
LSM10,chr8_60558923_60584207,148.4671632,+
ZC3HAV1,chr12_124913190_124913418,148.4328696,+
ANKRD17,chr5_36177292_36181817,148.4034877,+
PNO1,chr8_143818534_143821596,148.3994349,-
RBM3,chr16_31201841_31202416,148.3724895,+
RBM25,chr1_33014594_33021592,148.2874491,+
HNRNPH1,chr15_40854086_40854396,148.2490861,+
YTHDC1,chr7_108485762_108487758,148.2413533,+
SLTM,chr5_102961229_102990271,148.1974772,+
EEF1G,chr11_35190065_35214851,148.1858583,+
SNRPD3,chr8_61643433_61644599,148.1216563,-
ANKS4B,chr1_203179877_203181161,148.1149807,-
RALY,chr12_124912883_124913111,148.108741,+
SNRPE,chr11_47565986_47569699,148.1082291,+
DKC1,chr17_72021979_72025897,148.1027632,+
SNRPB2,chr11_66644140_66646026,148.0662326,-
RBM12B,chr12_6567922_6568138,148.0497059,+
CIRBP,chr19_18571909_18573292,148.0210257,+
ANKS4B,chr12_10702134_10704050,148.003523,+
RBM3,chr9_93107827_93110567,147.9787091,+
RBM34,chr12_95266632_95270050,147.9778604,+
NSUN6,chr14_23960003_23967210,147.9540529,+
MCTS1,chr16_80976179_80981805,147.9297162,+
HNRNPM,chr7_22946163_22946951,147.9244443,+
ZC3H12B,chr17_42823879_42824154,147.9138712,+
PUF60,chr22_46337944_46346421,147.8982196,+
G3BP1,chr2_95888120_95889798,147.8971939,+
MBNL2,chr3_158571391_158592433,147.8766909,-
ZFP36,chr1_155318332_155318855,147.873021,-
RBM17,chr14_24241776_24242140,147.8580924,+
HNRNPL,chr2_215391814_215394527,147.8525028,+
PARP14,chr6_116571655_116580294,147.7922745,+
ANKS4B,chr12_70319364_70335437,147.790511,+
SNRPE,chr12_89656107_89709218,147.7842262,+
HNRNPA2B1,chr17_7012757_7013665,147.7819661,+
SRRM1,chr19_45165194_45178134,147.7674284,+
LSM5,chr11_47569891_47571470,147.7517809,+
TRA2B,chr11_57737668_57738353,147.7289285,+
TIAL1,chr2_219001_229965,147.7164397,+
RBM43,chr12_120566980_120571190,147.7076021,+
ZC3H14,chr12_10704148_10709907,147.6957135,-
SNRPB,chr9_36083562_36087693,147.6080208,+
ELAVL1,chr8_61643433_61644599,147.605047,-
CARHSP1,chr5_147897041_147901628,147.591119,+
APTX,chr11_11880380_11884466,147.5629286,+
EIF4H,chr11_62789426_62789885,147.5468555,+
ZFP36L1,chr3_57577387_57584383,147.5357233,-
ESRP1,chr14_88603060_88607242,147.5296218,+
RPS3,chr19_18571909_18573292,147.481534,-
PCBP1,chr12_14905215_14910757,147.4653058,+
TEP1,chr15_34227846_34229752,147.4636307,+
TNRC6A,chr7_91980958_91992157,147.4601338,-
TARDBP,chr12_6578917_6580277,147.4473337,+
SAFB,chr19_5657347_5661517,147.4463974,+
YBX1,chr15_80059809_80098415,147.444382,-
ZFP36L1,chr3_158710933_158713796,147.4140769,+
ZC3H14,chr10_32345623_32346762,147.4128276,+
ASCC1,chr21_26468631_26480271,147.3926161,+
ANKHD1,chr2_130342935_130343085,147.3809676,+
LARP1,chr6_56642503_56645865,147.3808665,+
FUS,chr1_179865854_179877238,147.3768906,+
HNRNPL,chr2_28241393_28298337,147.3588457,+
MSI1,chr1_154169383_154170399,147.356263,+
LARP4B,chr5_96695907_96722638,147.3482273,+
PARP14,chr6_31581630_31582255,147.3193727,-
RBM25,chr19_12694722_12696172,147.3156777,+
RBM47,chr21_25997416_26000014,147.2890556,-
LARP1B,chr4_185651828_185652661,147.2780742,+
LSM7,chr5_131391108_131391828,147.2562635,+
PAN3,chr9_92223429_92229000,147.2556294,+
SNRPC,chr15_64075537_64088686,147.2298108,+
RBMXL1,chr6_30619989_30624882,147.2236407,+
HNRNPA1,chr21_37073473_37108391,147.2118701,+
EIF4H,chr7_74189918_74190246,147.1890251,+
PUM1,chr19_9827984_9828326,147.180753,+
RBM39,chr17_28331987_28335339,147.1782483,+
ANKS4B,chr17_5477999_5480053,147.114567,+
PPIL4,chr2_241315982_241317498,147.1097657,-
GTF3A,chr12_10710114_10713210,147.0858165,+
SNRPN,chr17_50737026_50737286,147.0668859,-
RBM8A,chr7_73737735_73738327,147.0410752,+
ZC3HAV1,chr7_120955624_120964741,147.029799,+
HNRNPC,chr16_53934109_54111761,147.0182881,+
RBM34,chr18_26035127_26035830,147.0182456,+
PCBP2,chr7_120955624_120956159,147.004277,+
HTATSF1,chr1_33014594_33021592,147.0028444,-
HNRNPH1,chr2_53801842_53809213,146.98479,+
HNRNPA1,chr5_7870923_7875257,146.9815466,+
TIPARP,chr8_119580167_119582429,146.9751793,-
U2AF1,chr12_47966172_47966682,146.9400702,+
RBM25,chr1_112703806_112705099,146.9339774,+
FUBP1,chr2_152677475_152679351,146.910136,-
EIF4B,chr1_111449873_111456085,146.908688,+
RBM8A,chr2_97187226_97189217,146.9061534,-
ZC3H12D,chr1_24647208_24648858,146.8434974,+
ANKS4B,chr2_85645899_85647929,146.8235168,+
HNRNPA3,chr9_136862496_136862905,146.8229193,+
SNRPD2,chr1_228140363_228141123,146.8216997,+
SNRPE,chr19_35631405_35632935,146.80906,-
PPFIA1,chr3_158710933_158713796,146.7534051,+
RPS3,chr1_156061443_156068269,146.7015407,+
YTHDC2,chr18_26917350_26944328,146.6891905,-
RBM8A,chr4_82425667_82426036,146.6867843,+
PCBP2,chr15_42231915_42233212,146.5969703,+
FUBP1,chr17_68248086_68248639,146.590389,+
PUM2,chr1_24662804_24666814,146.5872124,+
MCTS1,chr16_56940245_56943125,146.5593503,-
SNRPC,chr11_35211449_35214851,146.5392631,+
RBM34,chr9_175784_178815,146.4917022,+
SNRPG,chr9_36651877_36657240,146.4909808,+
UNKL,chr10_110130486_110133325,146.4849065,+
EEF1G,chr1_86863605_86880661,146.4787469,+
SASH1,chr3_69077918_69080333,146.4705822,+
ZRANB2,chr4_118704051_118709997,146.4598969,+
ZC3HAV1,chr1_37582936_37583693,146.4513136,+
RBM4,chr7_128739432_128747552,146.4124182,+
TEP1,chr12_6492972_6493458,146.4060172,-
DGKD,chr1_156137232_156138487,146.397409,-
RBM39,chr12_53601021_53626278,146.3959979,+
PTBP2,chr1_109739493_109740239,146.3880846,+
ZFP36L1,chr2_227352573_227355676,146.2934759,+
ZFR,chr7_107186681_107190172,146.2555873,+
SLTM,chr10_37180798_37181321,146.2139499,-
GTF3A,chr9_136850137_136850505,146.1911343,-
LSM4,chr17_74772277_74772895,146.1760243,+
EWSR1,chr6_135497249_135497582,146.1713782,+
RNPS1,chr2_60462424_60545970,146.1705152,-
ZCCHC17,chr18_11886621_11886712,146.129619,+
SNRPF,chr10_75214070_75219062,146.1054563,+
RBM34,chr10_31852597_31861394,146.0713547,+
SAMD4A,chr12_21506976_21507943,146.0324538,-
RC3H1,chr3_11602022_11702970,146.0267953,+
HNRNPF,chr2_219498938_219499955,146.023417,+
PCBP2,chr3_138187599_138209816,145.9537604,+
RBM4,chr6_33417695_33418086,145.9383773,-
SFPQ,chr12_130872126_130872835,145.9274271,-
PARN,chr16_28845055_28845911,145.9217619,-
RBM25,chr7_21908507_21916753,145.9055028,+
PUM1,chr1_31007102_31028795,145.8811777,+
PUF60,chr4_82424883_82425562,145.8779864,+
YTHDC1,chr2_161160486_161179613,145.8628408,-
MKRN1,chr2_156326920_156327925,145.847892,-
THUMPD3,chr1_228109021_228109148,145.8129025,+
G3BP1,chr1_22074219_22078428,145.8096144,+
ESRP1,chr1_151027327_151033805,145.8041904,+
U2AF1,chr10_24466790_24473227,145.7982397,+
PCBP1,chr3_185926734_185937824,145.7865809,+
EIF2S1,chr9_26917165_26919309,145.7616026,+
EEF1G,chr2_30147062_30156627,145.747421,+
RBM34,chr12_122511188_122515104,145.7359681,+
ANKS4B,chr4_87504923_87529044,145.7004645,-
RBM4B,chr18_3247909_3249360,145.6767837,-
PUF60,chr21_25982477_26021839,145.6631179,-
TRA2B,chr3_113724092_113745941,145.5993071,-
EIF4B,chr5_1798947_1799770,145.598215,+
SNRPG,chr1_161750145_161751654,145.5687582,+
ZC3H15,chr12_124911971_124913339,145.5622942,+
SASH1,chr12_56158711_56159974,145.5409488,+
LSM2,chr11_62634375_62634820,145.5380623,+
ZC3HAV1L,chr12_91178585_91182654,145.5352277,-
LSM2,chr6_31860621_31861998,145.4984144,+
IREB2,chr2_26254474_26263379,145.4265807,+
RBMS1,chr11_72010854_72012400,145.3863312,+
ZC3H11A,chr17_81891841_81894466,145.3733188,+
CSDE1,chr12_124912883_124913111,145.3538974,-
YBX1,chr12_93467554_93469188,145.3528542,+
RBM47,chr14_73148094_73170796,145.3454928,+
EIF3G,chr5_163457610_163459326,145.3039927,+
RPS3,chr15_34227846_34229752,145.2753489,+
APTX,chr13_110893263_110894108,145.2689739,+
ZFP36L1,chr4_82881940_82891087,145.2633694,+
TARDBP,chr11_83280260_83285552,145.2332558,+
NAA38,chr2_152677475_152679351,145.2112364,-
ZRSR2,chr4_77610694_77610987,145.1870172,+
EIF3G,chr12_28190641_28257201,145.1547019,-
SNRPD1,chr9_32553944_32570959,145.1424117,-
RPS3,chr17_42348520_42388278,145.1263769,+
SNRPD1,chr7_99967286_99971745,145.1078646,-
MYEF2,chr20_58895684_58898940,145.0692693,+
IREB2,chr11_2402147_2402293,145.0520579,+
HNRNPA2B1,chr2_95876509_95880426,144.9607687,+
HNRNPH1,chr16_68346280_68352247,144.9505886,+
PCBP1,chr4_168921741_168924254,144.9385772,+
HNRNPR,chr1_154214574_154220341,144.9329032,+
THUMPD1,chr20_17970370_17988165,144.9320439,+
TNKS,chr12_21506976_21507116,144.914916,-
NONO,chr3_138187599_138188454,144.9129927,+
RRP7A,chr12_6439676_6446960,144.9124419,+
YTHDC1,chr4_105146979_105233896,144.8973028,+
HNRNPR,chr1_146189373_146228708,144.8642038,+
FXR1,chr11_47565986_47571470,144.824908,+
HNRNPF,chr12_76450988_76487509,144.8229794,+
SFPQ,chr1_53228954_53233541,144.8156733,+
SRRM1,chr14_21234229_21262593,144.788147,+
PABPC1,chr21_39178647_39180284,144.763836,+
YBX1,chr1_39738931_39740164,144.7391936,+
RBM12,chr1_153642429_153645063,144.6988421,+
SAMD8,chr3_114714015_114801100,144.6171973,+
RBM4,chr3_187734907_187745409,144.6076379,-
HNRNPH2,chr11_34651610_34656910,144.5784023,-
RNPS1,chr1_24646789_24647078,144.5672101,-
LARP4B,chr8_33507321_33509745,144.537865,+
TEP1,chr2_73829510_73830844,144.526976,+
ZC3HAV1,chr11_73716362_73718612,144.5143276,+
SSB,chr12_26976357_26980565,144.5090663,+
PTBP2,chr1_223132639_223134681,144.4918644,+
LARP1B,chr1_173938871_173941264,144.4693932,+
LSM1,chr5_146164471_146171909,144.4489711,+
LARP7,chr12_6975148_6975695,144.448374,-
RBMS1,chr6_46170114_46170807,144.4387812,+
PTBP2,chr17_81891833_81894466,144.4356278,+
NAA38,chr3_50061748_50061961,144.4249331,+
ZRANB2,chr17_81511803_81511902,144.4121754,-
CSTF2,chr10_37169006_37169529,144.3897245,+
TROVE2,chr8_22591668_22593732,144.3768211,+
TEP1,chr19_12694938_12696172,144.3753716,+
MBNL2,chr4_185684846_185775226,144.3216636,+
TRMT2A,chr19_36322030_36330252,144.3213372,+
RBM3,chr12_28305779_28306741,144.3176769,+
YTHDF3,chr5_7870923_7875257,144.2932416,+
POLR2G,chr5_131391108_131391828,144.282918,+
UHMK1,chr2_271939_272036,144.2662615,+
RBM12,chr1_167765749_167787819,144.2382642,-
HNRNPR,chr2_159478721_159516278,144.170136,+
G3BP1,chr9_41171934_41172711,144.1431593,+
ZFP36L2,chr2_97579043_97580461,144.1430888,+
RC3H2,chr2_1665074_1673642,144.1248003,+
LSM7,chr7_65974704_65974918,144.0928075,+
RBM3,chr8_143824399_143829279,144.0841081,+
ZFP36L2,chr19_35742619_35743808,144.066235,+
MCTS1,chr2_131531802_131532863,144.0467167,-
ASCC1,chr9_136850137_136850505,144.0439467,+
MATR3,chr2_97219246_97224808,144.0375234,+
PDCD11,chr17_42823879_42824132,144.016157,+
LSM2,chr12_56159622_56159974,143.9946292,-
HNRNPAB,chr10_63217331_63264650,143.9756959,+
PNO1,chr14_21263336_21268622,143.97028,-
HELZ,chr12_120199485_120200718,143.9522316,-
ELAVL1,chr13_45340184_45341041,143.9392937,-
SNRPB2,chr20_16730164_16731667,143.922682,+
SNRPD1,chr22_29767607_29769677,143.9208964,+
LARP7,chr11_66640123_66643449,143.9069694,+
RBM39,chr10_43396590_43409130,143.8848269,+
LSM4,chr5_96702915_96722638,143.871824,+
IREB2,chr4_118278792_118279388,143.8566028,-
HNRNPA1L2,chr4_10088741_10097710,143.8520105,+
HNRNPH2,chr10_74138382_74150754,143.8404814,+
ZC3HAV1,chr15_40836282_40844178,143.8288191,+
LSM6,chr1_228108318_228108436,143.8003296,+
SHANK2,chr18_34827676_34848295,143.7746756,+
RBM3,chr3_121719768_121722261,143.7551147,+
EIF4H,chr12_71907138_71913825,143.7488855,+
NSUN6,chr11_118235589_118237049,143.7461112,+
PABPC1,chr5_96762372_96765220,143.7399768,+
RBMS3,chr13_37569383_37569743,143.7283095,+
KRR1,chr9_14307520_14321940,143.7281122,+
RBM7,chr4_76054274_76075880,143.7251293,-
YBX1,chr3_3129188_3137259,143.7149815,+
HNRNPL,chr1_161072885_161073224,143.6951271,+
HNRNPC,chr3_32442013_32452391,143.677801,+
AKAP1,chr7_87194102_87195030,143.664577,+
EEF1G,chr1_181050286_181053572,143.6425287,+
ZC3H11A,chr2_27772692_27774423,143.6356207,+
SF3B4,chr18_724632_736807,143.6036022,+
YBX1,chr10_72216138_72230365,143.5822794,+
ZFP36,chr1_168004793_168038370,143.5683798,+
UNKL,chr7_134958112_134958211,143.5338474,+
RBM3,chr5_57214193_57221375,143.5292385,-
HNRNPR,chr12_70278274_70310894,143.5262297,+
SAMD8,chr16_3067415_3067553,143.5236221,+
UHMK1,chr1_94901785_94903121,143.5144831,-
ANKHD1,chr2_12723552_12724628,143.4884641,+
SRRM1,chr6_85612923_85614980,143.4871164,+
PRPF3,chr12_109088512_109090008,143.4857405,+
SNRPC,chr22_43151604_43161051,143.4767621,+
PNPT1,chr8_143821913_143829279,143.4722435,-
MEX3C,chr2_95876509_95880426,143.4688529,+
RBM34,chr15_92900824_92924320,143.4368036,+
CARHSP1,chr17_50737026_50737286,143.394088,-
SEC23IP,chr18_74496431_74499936,143.3709023,+
MATR3,chr6_41090309_41091545,143.3333018,+
RC3H1,chr7_22946163_22960255,143.3062892,+
GTF3A,chr14_20802093_20802796,143.2655588,+
MCTS1,chr1_156061443_156068269,143.241047,+
SRRT,chr12_14425473_14434336,143.2300743,+
HNRNPH1,chr2_27774530_27779432,143.2155049,+
ESRP1,chr9_33953474_33960825,143.2092839,+
TRA2B,chr10_35127193_35178888,143.1914117,+
CPSF7,chr11_34651610_34656910,143.1774779,+
ZC3H11A,chr1_153663276_153664395,143.1506153,-
HNRNPH3,chr2_55875065_55881611,143.144122,-
RBM22,chr3_37273601_37281957,143.1340167,+
TRA2A,chr1_151166252_151166470,143.125666,-
ZC3H7A,chr15_40838686_40844178,143.0985897,+
LARP1B,chr3_37251484_37281957,143.0923865,+
ZRANB2,chr14_94383241_94390456,143.0903837,+
G3BP1,chr6_31581630_31582255,143.0847627,-
HNRNPM,chr1_46688544_46689586,143.0739936,+
LARP4,chr12_71664580_71674202,143.0695789,+
HNRNPF,chr14_55661612_55667240,143.0557199,+
PAN3,chr4_76058625_76075880,143.0491405,+
CPSF6,chr2_191682017_191682491,143.014495,+
ANKS4B,chr1_153626533_153627138,143.0114554,+
HDLBP,chr18_30994496_30996790,143.0109093,+
NCL,chr10_110130486_110132304,143.0040714,+
RBM6,chr10_37177756_37181321,142.997958,+
SFMBT2,chr21_37084331_37087246,142.9554139,+
RBM12,chr12_69260197_69262369,142.9533277,+
RBM12,chr3_157153156_157156935,142.949451,-
LSM1,chr17_51275991_51280004,142.9297367,+
FXR1,chr2_215379317_215380810,142.9170739,+
RBM6,chr12_104019676_104049894,142.9089721,+
HNRNPA1,chr19_18589077_18589478,142.859774,+
ZCRB1,chr12_25195337_25203919,142.8585752,+
PPIL4,chr4_82829058_82844385,142.8280845,+
HNRNPA1,chr4_185649656_185652661,142.8277474,+
SASH1,chr20_58895684_58903530,142.8158991,+
PPIE,chr22_20315476_20319638,142.8158327,+
SNRPE,chr2_73732285_73734527,142.8066541,+
SFPQ,chr1_25243633_25245149,142.7810333,+
TIA1,chr22_28744704_28745863,142.7600987,+
DHX8,chr9_33332502_33338506,142.7378955,+
ZC3H11A,chr5_96702915_96722638,142.712314,+
ZFP36,chr3_37355187_37361242,142.7043945,+
THUMPD1,chr2_97194754_97204190,142.6895368,+
LARP4B,chr12_124912278_124912962,142.6821831,-
ZC3H14,chr10_26755741_26759061,142.6429793,+
POLR2G,chr12_120571291_120575630,142.6326328,+
ZFP36L1,chr11_18266443_18266883,142.6187967,-
EEF1G,chr13_38359333_38360040,142.6171365,-
ACO1,chr12_26231119_26231922,142.6052859,-
LSM3,chr15_41358258_41365404,142.5990419,+
TNRC6A,chr2_178444500_178445425,142.5897747,-
HNRNPA2B1,chr2_159412545_159428310,142.5842833,+
SASH1,chr2_200857884_200857972,142.5811408,+
SF3A1,chr22_45550615_45562911,142.5789015,+
HNRNPR,chr1_154214574_154220341,142.5412516,+
EIF4H,chr1_243304777_243307988,142.5326981,+
ZCRB1,chr1_6785575_6820180,142.5107377,+
HNRNPH3,chr2_60541925_60545970,142.5039789,+
ZC3H13,chr7_128748367_128748572,142.4980874,-
RNPC3,chr16_208664_220648,142.4909653,+
ZFP36,chr12_124912734_124913418,142.4658197,-
U2AF1,chr19_49666799_49667018,142.4463193,+
HDLBP,chr15_79967692_79970699,142.4227405,-
DDHD2,chr19_36797811_36801875,142.4121054,+
KRR1,chr2_9961436_9963885,142.408386,+
EIF2S1,chr11_17282943_17286633,142.3913952,-
LSM3,chr4_26321048_26386352,142.390965,+
PHC3,chr15_40810757_40812698,142.3622812,+
U2AF1,chr4_105146979_105190359,142.3472758,+
RNPS1,chr16_53492519_53492692,142.3261431,+
PUF60,chr6_26127761_26138053,142.246156,-
FUBP1,chr20_49280964_49289044,142.2452102,+
G3BP2,chr1_51669512_51714002,142.226708,+
HELZ,chr6_85641451_85642796,142.2251741,+
HNRNPF,chr8_89758233_89762828,142.2206758,+
RBM8A,chr2_161160486_161179613,142.2195095,+
G3BP2,chr10_37169006_37169529,142.2161536,+
ENOX2,chr9_87727729_87728026,142.2124472,-
ENOX2,chr21_46649739_46663382,142.2026909,+
CARHSP1,chr11_66843861_66843959,142.19707,+
SLBP,chr13_52456607_52460898,142.1952736,+
PNPT1,chr8_56211837_56214597,142.1280656,+
RALY,chr12_101627804_101629433,142.1098417,-
PHC3,chr12_12500682_12519861,142.0769459,+
HNRNPA0,chr2_25383889_25387288,142.0669222,+
G3BP1,chr12_52051568_52054326,142.0581998,+
ACIN1,chr12_122508450_122511108,142.0366709,+
TNRC6A,chr15_72200655_72203021,142.0310315,+
RBM25,chr1_155136376_155137560,142.0217443,+
SAMD8,chr1_19978524_19978733,142.0206001,+
SAMD12,chr11_112085462_112085977,141.9963447,+
FUS,chr4_15971082_15979880,141.9926018,+
ZRANB2,chr4_118704051_118709997,141.9600369,+
LSM5,chr10_125827638_125831419,141.9525961,+
PAN3,chr1_109236870_109237243,141.9516626,-
RBM27,chr12_53462567_53465931,141.9512902,+
MBNL1,chr2_152663979_152664137,141.9421382,+
RBMX,chr9_112694233_112716460,141.9379819,+
MBNL1,chr2_178444500_178445425,141.9317709,+
LSM3,chr15_41349241_41350987,141.9171094,+
CARHSP1,chr17_15260761_15265153,141.8525154,+
ZFP36L1,chr1_182388750_182391174,141.8255069,-
SNRPD1,chr12_124912636_124913320,141.8054224,+
RBM3,chr3_172509321_172514860,141.8047786,-
G3BP1,chr12_104019676_104021356,141.770537,+
MCTS1,chr7_149012360_149020966,141.7360967,-
ZC3H12B,chr2_177234271_177264531,141.7328019,+
PARN,chr8_102836541_102838743,141.7232716,-
HNRNPA3,chr22_42912157_43015020,141.7046486,+
HNRNPA2B1,chr12_68871956_68885791,141.7022153,+
NSUN6,chr9_83978452_83980118,141.6989417,-
HNRNPD,chr6_87653249_87656905,141.6976647,+
ESRP1,chr17_16439414_16440184,141.6580513,+
MBNL1,chr2_96601776_96602752,141.6546169,+
RBM8A,chr6_311962_345853,141.6183885,+
RALY,chr11_67400919_67401727,141.5809826,-
ZRANB2,chr3_37273601_37281957,141.5716652,+
RBMS1,chr8_142701713_142703090,141.5669703,+
YTHDF3,chr1_219179246_219193081,141.5436685,+
ZFP36L1,chr2_227813987_227815453,141.4897673,-
HNRNPC,chr14_94388663_94390456,141.4730812,-
RBMX,chr14_73921105_73923394,141.4461523,+
RBMXL1,chr19_36006671_36006749,141.4454916,+
RBMX,chr22_29272431_29273737,141.4423181,+
HNRNPA1,chr7_6392041_6398661,141.4336883,+
SNRPA,chr3_108047292_108057476,141.4196483,-
HTATSF1,chr12_124912883_124913567,141.4079208,-
HNRNPD,chr5_103019843_103025130,141.3905501,+
HNRNPM,chr1_25826826_25829617,141.3865875,+
SFPQ,chr17_42316851_42317181,141.381924,+
RBMS1,chr6_17513954_17539268,141.366713,+
MCTS1,chr3_58141896_58142649,141.3334261,+
ZRANB2,chr1_71065752_71066775,141.3194563,+
DKC1,chr12_120566980_120575630,141.287656,+
LARP4,chr4_82356683_82356795,141.2862734,+
RBM41,chr6_87653249_87656905,141.2696879,+
PARP14,chr19_36322030_36330252,141.2463883,+
FUS,chr10_26759238_26765217,141.2366784,-
ZC3H15,chr10_124762558_124765391,141.2184142,+
KRR1,chr11_72010854_72012400,141.2163887,+
SNRPD3,chr2_60541925_60545970,141.1791759,+
KIN,chr2_159412545_159427940,141.1726173,+
CSDE1,chr2_176270419_176296859,141.1697429,+
PSPC1,chr17_73209768_73227164,141.1646502,+
LSM1,chr15_63044152_63056984,141.1208582,+
HNRNPR,chr1_165768269_165768758,141.1149159,-
PAN3,chr12_21501948_21512294,141.0903887,+
CCAR1,chr22_40156182_40246014,141.0884275,+
RBM23,chr9_87727729_87772878,141.0708629,+
ANKHD1,chr11_893519_899339,141.0548943,+
SFPQ,chr1_35178036_35187000,141.0488753,+
RBM41,chr3_42553448_42555929,141.0167508,+
LARP4B,chr6_24714440_24718539,140.9642575,-
ZC3H12D,chr19_51024310_51024637,140.9560127,+
RRP7A,chr7_5741644_5752845,140.9495809,+
ANKRD17,chr18_74496431_74499936,140.8092703,+
RBM7,chr15_79899125_79967636,140.7982873,+
ZGPAT,chr7_23106146_23123776,140.7870508,+
HNRNPA1L2,chr11_124625903_124626903,140.7800682,+
SF3B4,chr9_83974589_83976994,140.7169201,-
MCTS1,chr21_37073364_37108391,140.6983822,+
LSM5,chr7_91980958_91992157,140.694596,+
TIA1,chr6_26124633_26138053,140.6869809,+
YBX1,chr1_155256791_155258825,140.6793136,+
RBM6,chr4_185651828_185652661,140.6273502,+
QKI,chr1_162590511_162597791,140.6271826,-
RNPS1,chr15_63044152_63056984,140.6257573,-
EEF1G,chr10_95684624_95686494,140.6173574,+
SNRPD2,chr6_109369017_109376073,140.6137445,+
SRRT,chr20_58993675_58994109,140.603478,-
ANKS1A,chr22_40552367_40636477,140.5963871,+
ZC3H7A,chr2_178444500_178445425,140.592816,-
AKAP1,chr8_48008470_48049852,140.5842823,-
RBMX,chr10_78037304_78040614,140.5780905,+
RBMS3,chr4_87499585_87529044,140.5493372,+
LARP4,chr10_37166695_37169529,140.5169775,+
LSM1,chr8_109339390_109340490,140.4961994,-
ZC3H4,chr5_66153596_66159218,140.4883734,+
PPP1R9A,chr21_37084331_37087246,140.456612,+
PABPC1,chr4_82424883_82425562,140.4488516,+
CCAR1,chr1_20779911_20787194,140.4447018,+
HNRNPD,chr6_75237988_75241175,140.4409216,+
SSB,chr6_99414690_99416348,140.3830825,+
LSM4,chr6_31954877_31955058,140.3755596,-
ZC3H12B,chr11_11842224_11880176,140.3613033,+
SNRPE,chr1_235155112_235160892,140.3335872,+
SLBP,chr3_48945181_48961611,140.3179338,+
PCBP1,chr12_21501948_21512294,140.283003,+
TIAL1,chr14_88596808_88601923,140.2816647,-
LSM5,chr7_43648652_43729428,140.2725736,+
SAMD12,chr1_156115274_156134402,140.2667324,-
SNRPC,chr10_100527074_100529365,140.2665732,-
RBM34,chr20_3046900_3047734,140.2537139,+
MBNL2,chr3_38125881_38126509,140.243983,+
SF3A1,chr12_56724549_56725262,140.2289028,-
ZC3H12B,chr11_35190065_35214851,140.2159029,+
TARDBP,chr3_48694525_48695089,140.2135399,+
NAA38,chr6_116574171_116580294,140.1680696,+
RBM6,chr2_191682017_191683728,140.1570346,+
LSM6,chr4_155667419_155696805,140.1406155,+
LARP4B,chr1_224365991_224375794,140.1353746,-
ESRP1,chr22_32475124_32479132,140.097586,+
PAN3,chr8_140701022_140706118,140.0831591,+
SNRPB,chr11_66644140_66646026,140.0800544,+
DKC1,chr12_123345567_123348028,140.0612259,+
HNRNPL,chr12_124912655_124912883,140.054587,+
PCBP2,chr8_56212909_56214597,140.0543525,+
ZCRB1,chr6_109369017_109376073,140.0512627,-
RBMXL1,chr11_35211449_35214851,140.0498339,+
RBMS2,chr17_44322552_44322807,140.0335089,-
ZNF638,chr2_9961436_9963885,140.0214673,+
MBNL2,chr17_39282855_39285477,140.0165731,+
PNO1,chr20_58895684_58903530,140.013666,+
SCML2,chr12_124911952_124913092,140.0091131,+
RBM14,chr2_97219246_97224805,140.0013838,+
SNRPB,chr17_7017014_7017256,140.0001919,+
NOL8,chr1_30980163_30981311,139.9935517,+
ZCRB1,chr14_21018239_21018762,139.9801496,-
KRR1,chr8_61638360_61642887,139.9670742,-
EIF2S1,chr8_143818534_143821596,139.9019207,+
FUBP1,chr3_114974416_115100174,139.8779989,+
LSM5,chr1_32627544_32633644,139.8692592,+
SNRPE,chr2_200856985_200857972,139.8520048,+
MATR3,chr12_25203832_25203919,139.8482006,+
SAMD12,chr2_20256170_20258236,139.8007632,+
PUF60,chr1_235829036_235830225,139.7999242,+
HNRNPA2B1,chr3_183086788_183094558,139.7706985,+
RNF113A,chr10_37166695_37169529,139.7683837,-
SNRPG,chr3_187734907_187745409,139.7673952,+
POLR2G,chr14_88841196_88843805,139.7657534,+
HNRNPM,chr12_28190641_28305648,139.7534616,-
PPFIA1,chr16_21625115_21655226,139.7261701,+
ZFP36L1,chr2_66569145_66571245,139.7251346,+
GTF3A,chr17_5422829_5432541,139.7223162,+
ZRANB2,chr7_8232752_8235909,139.710384,+
MYEF2,chr10_42594699_42631928,139.6906271,+
CSDE1,chr15_69453020_69455169,139.6529138,+
DKC1,chr3_49278451_49280743,139.6233882,+
SASH1,chr6_32974765_32975020,139.6031806,-
RBM34,chr14_55673012_55675834,139.601479,+
U2AF1,chr2_159478721_159516278,139.594273,+
SFMBT2,chr1_112703806_112705099,139.5902698,+
PUM1,chr19_35508240_35509910,139.5737035,+
ZC3H15,chr12_16347710_16357604,139.5668782,-
DHX8,chr6_79201726_79202275,139.5665075,+
PNPT1,chr17_32360967_32362913,139.5502976,+
EIF3G,chr4_53399839_53425871,139.5464301,+
POLR2G,chr8_69493125_69495764,139.5453837,+
RBM14,chr10_8058841_8063995,139.5190664,+
RBM17,chr14_77462242_77464597,139.5181884,+
LARP1B,chr15_92900824_92924320,139.4919158,+
DKC1,chr3_108050602_108051938,139.4892103,-
RBM8A,chr12_120496216_120496401,139.3526474,+
FXR1,chr3_180975404_180976121,139.3274242,+
HNRNPM,chr20_35699451_35699632,139.3070127,+
ESRP1,chr20_49279208_49280484,139.306103,+
YTHDC1,chr20_38422241_38426418,139.2950154,+
EIF3B,chr9_32974561_32985970,139.2415449,-
PUF60,chr12_11047188_11171421,139.2105041,+
SYNCRIP,chr7_99494631_99499637,139.1727199,+
HNRNPD,chr16_88859972_88860910,139.1717906,+
HNRNPR,chr8_143818534_143821596,139.107467,-
HNRNPM,chr2_222643005_222648739,139.0937997,+
HNRNPF,chr20_2656214_2656400,139.0900712,+
ZFR,chr17_72428298_72592202,139.0761693,+
SNRPE,chr5_147881094_147901628,139.0476287,+
NCBP2,chr6_36600276_36601151,139.0183706,-
SRRM1,chr1_228109021_228109148,139.0179459,+
HNRNPK,chr12_124912506_124913418,139.0101516,+
ZC3H12D,chr1_232955719_232956346,138.9889206,+
RBMX,chr1_23338608_23344210,138.9876239,+
MATR3,chr3_123618767_123620206,138.9620762,-
ZC3HAV1,chr18_678737_683245,138.9592632,+
SNRPD2,chr7_151368887_151374096,138.9535616,+
MCTS1,chr3_197069260_197076585,138.9478057,+
YTHDC1,chr1_20779911_20787194,138.9282341,+
PAN3,chr15_101650161_101651695,138.9125583,+
TIAL1,chr4_76054274_76075880,138.911875,+
YBX1,chr12_124912655_124913111,138.9056246,-
ZCRB1,chr12_28190641_28305648,138.8497429,+
SFMBT2,chr6_41937394_41940369,138.839776,+
PPFIA1,chr5_271821_304176,138.8384664,-
QKI,chr6_34878720_34880288,138.7972561,+
GTF3A,chr1_153544809_153545469,138.7800266,+
ZFP36,chr5_81446922_81448789,138.7747488,+
THUMPD3,chr9_87727729_87772878,138.7572432,+
LSM10,chr11_64318386_64320660,138.7557324,+
ZFP36L2,chr11_112085462_112086639,138.733212,+
ZFP36,chr2_201640924_201643358,138.7204298,+
RBM23,chr15_64081151_64088686,138.7190181,+
HNRNPD,chr12_10710114_10713210,138.665366,+
ZC3H12B,chr14_59484593_59486730,138.649232,+
G3BP1,chr2_55922447_55923710,138.6446028,+
PARP14,chr2_227340380_227355676,138.6164395,+
SNRPD3,chr3_69077918_69080111,138.5950071,+
SFPQ,chr12_95252071_95257149,138.5898777,+
TRA2A,chr1_155261734_155262085,138.5566133,+
EEF1G,chr7_99971911_99975944,138.5472108,-
ZFP36L2,chr3_186788420_186789124,138.5313363,+
RBM41,chr1_114737563_114737962,138.5300492,-
SNRPD3,chr8_61681036_61682438,138.5047141,-
SAMD8,chr2_55922939_55923710,138.4971913,-
SCML4,chr9_33953474_33960825,138.4869346,+
ZC3H12D,chr6_75634811_75640683,138.4770322,+
RBM34,chr4_13381594_13474317,138.4713038,+
ZC3H7A,chr3_169774097_169774264,138.4438906,+
TRA2A,chr2_131530827_131531663,138.4277445,+
HNRNPF,chr1_109659110_109661164,138.3867959,+
THUMPD1,chr7_35838657_35863551,138.2948512,+
APTX,chr10_125827638_125831419,138.2885441,+
FUS,chr18_57620648_57621707,138.2848145,+
LARP4B,chr11_66640123_66646026,138.244013,+
PNO1,chr2_97558994_97584943,138.2369445,-
LARP1,chr12_6450980_6451468,138.2285822,+
RBM25,chr7_75996599_76003757,138.2263786,+
HNRNPK,chr7_80828745_80916678,138.2194288,+
ZC3HAV1L,chr9_19376589_19378367,138.1731499,+
ZC3H6,chr2_95914180_95914274,138.17047,+
TIA1,chr18_31068212_31068298,138.1383471,-
PPIE,chr3_183086788_183094558,138.1116035,-
CCAR1,chr8_102850144_102858012,138.0962431,+
RBM4,chr21_46635763_46636438,138.090745,+
RC3H1,chr18_724632_736807,138.0604718,+
GTF3A,chr10_12172866_12173717,138.0379229,+
PTBP2,chr10_72216138_72223887,138.0174186,+
HNRNPA3,chr4_83456958_83459739,137.9856993,+
RPS3,chr7_94599723_94600645,137.967911,+
SSB,chr20_44582731_44589796,137.966944,+
SNRPB2,chr7_26193373_26195846,137.9587009,+
RC3H1,chr1_87331814_87332012,137.9444905,+
HDLBP,chr6_32974765_32975020,137.9408464,-
SNRPB,chr3_172133546_172226870,137.938669,+
UPF3B,chr20_35739547_35740524,137.8626963,-
EIF4B,chr10_88941869_88943796,137.8524637,+
SNRPD1,chr6_26124749_26127697,137.8294272,+
RRP7A,chr2_74528489_74529131,137.828331,+
YBX1,chr4_15971082_15980421,137.8042384,-
SAFB2,chr11_72010854_72012894,137.7933277,+
RBMX,chr12_32737161_32738263,137.7870615,+
PUM1,chr1_30980163_30981311,137.7838508,+
HELZ,chr20_46393143_46394048,137.7734016,+
TNRC6A,chr4_67701484_67720421,137.7709374,+
HNRNPL,chr4_39774933_39778359,137.7332506,+
EIF2S1,chr1_16977195_16978236,137.7013981,+
SAFB,chr1_155258912_155260329,137.700325,+
HNRNPH1,chr6_135492291_135497187,137.6747416,+
NOL8,chr2_227352573_227355676,137.6745539,-
HELZ,chr10_43644801_43646059,137.6706661,+
SASH1,chr15_79961174_79970699,137.6693418,+
ZC3H11A,chr2_58146474_58154753,137.6691401,+
SNRPD2,chr9_32553944_32570959,137.6681961,-
MYEF2,chr5_304221_314416,137.5962481,-
ZRANB2,chr7_112462179_112467980,137.5952607,+
PABPC1,chr11_85628688_85631144,137.5465982,+
MATR3,chr20_62303781_62306196,137.5402348,+
LARP1,chr6_75621625_75623899,137.4921786,+
TARDBP,chr2_9961436_9963885,137.4777464,+
G3BP1,chr22_29288786_29291564,137.4722265,+
LARP4,chr3_146525647_146533469,137.4685031,+
YTHDF2,chr17_8460160_8466929,137.4425838,+
SRRM1,chr5_78421960_78459244,137.353518,+
ZFP36,chr12_124912278_124912506,137.3403788,-
PABPC4,chr22_39317021_39317460,137.3079803,-
SAMD8,chr15_41358258_41365404,137.276848,+
MCTS1,chr2_97181626_97204190,137.2494923,+
YBX1,chr2_237692521_237708543,137.2325234,+
LSM1,chr6_42884750_42886255,137.1887191,+
THUMPD3,chr5_138163344_138164319,137.1754891,+
TIAL1,chr21_37156906_37157160,137.1682501,+
SGMS1,chr14_88596808_88607242,137.1658749,+
PPIE,chr6_90544632_90547257,137.1623727,+
SSB,chr17_49706309_49706964,137.1568317,+
HNRNPA1,chr6_3225811_3226158,137.150673,+
ZC3H13,chr1_11748589_11750076,137.13912,+
SRRM2,chr19_10679927_10681018,137.1382562,-
HNRNPD,chr2_159555865_159616241,137.1351096,+
ZFP36L2,chr6_85612920_85614980,137.1328164,+
RBM23,chr7_91980958_91992157,137.1282219,+
NOL8,chr9_36657363_36665349,137.1079593,+
SFPQ,chr15_80098578_80120327,137.0876852,+
HNRNPA2B1,chr1_85259061_85259357,137.0719827,+
U2AF1L4,chr11_34651610_34656907,137.060738,+
TRMT1,chr2_58146474_58154753,137.0598675,+
KHDRBS1,chr1_33014594_33021592,137.0589515,-
PSPC1,chr3_9977446_9981633,137.0474166,+
UPF3B,chr1_110406379_110407032,137.0336403,+
SF3B4,chr3_108047292_108057476,137.0083001,-
THUMPD3,chr2_222919202_222921279,136.9788334,+
SYNJ2,chr5_43123310_43161248,136.9630941,+
GRSF1,chr2_171326148_171330558,136.9402443,+
ZGPAT,chr1_193059776_193075819,136.9214991,-
SNRPB,chr11_61965515_61967311,136.9158641,+
PAPSS1,chr15_79961174_79967636,136.8931754,+
DHX8,chr12_32737942_32740063,136.8478127,+
PUM1,chr10_112951607_113040024,136.8247028,+
ZC3HAV1,chr4_13381594_13460698,136.8217627,+
HNRNPH3,chr7_140337349_140348625,136.8048629,+
ZC3H6,chr1_228108321_228108436,136.7989229,+
PARN,chr20_5109445_5112729,136.7894642,+
EIF4H,chr18_50272955_50273563,136.7858446,+
SNRPB2,chr9_72363606_72364695,136.7835059,+
RBMX,chr5_102961229_102990271,136.7577471,+
LSM4,chr7_30498938_30504568,136.7432972,+
LSM3,chr9_21971208_21974677,136.7277642,-
RBM42,chr6_28085891_28088562,136.70838,+
UNKL,chr3_108047292_108050577,136.7042246,+
PNPT1,chr8_27604392_27604923,136.6987969,+
KIN,chr6_99414690_99416348,136.6947385,+
SNRPD1,chr12_27302188_27309113,136.6944587,+
SASH1,chr3_49022768_49022877,136.6822383,+
ZFP36L2,chr17_80273404_80278763,136.680702,+
CARHSP1,chr8_119572250_119580115,136.6634927,-
EIF2S1,chr7_105038199_105040838,136.6283488,-
RBM3,chr18_35041661_35070194,136.6204232,+
THUMPD1,chr18_35291232_35305975,136.5942426,+
SUPT6H,chr8_67059445_67061845,136.5918674,+
U2AF1L4,chr19_35742803_35743154,136.5773053,+
YBX1,chr11_118235589_118240210,136.5672333,+
HNRNPL,chr15_41358258_41365401,136.5454304,-
G3BP1,chr18_11884627_11885675,136.5422974,+
TROVE2,chr1_175018576_175023271,136.5397077,+
RBMS1,chr2_160285044_160286977,136.5091723,+
HNRNPH1,chr16_72056631_72059113,136.470804,-
ZFP36L2,chr14_20802319_20802796,136.4669624,-
PUM1,chr21_32601973_32602271,136.4654901,+
ZFP36L2,chr8_116938567_116942557,136.4547822,+
TNKS,chr14_91873675_91877486,136.4334683,-
RBM6,chr9_88418951_88426381,136.4297622,+
LSM2,chr10_68755536_68757293,136.4209067,+
HNRNPM,chr11_66644140_66646026,136.3958502,+
YBX1,chr17_78171054_78171738,136.3692221,+
YTHDF3,chr1_171512200_171513000,136.3675967,-
EIF3G,chr14_23565701_23565815,136.322117,+
LSM4,chr12_49371290_49460769,136.3189554,+
ZC3H12D,chr13_40982282_40982857,136.2953162,+
HNRNPK,chr11_85628688_85631144,136.2786492,+
YTHDC1,chr4_105146979_105233896,136.2649582,+
CCAR1,chr19_8474244_8485602,136.2560033,+
RBM43,chr12_31298224_31323943,136.2518991,+
ZC3H4,chr17_7626793_7627142,136.2415305,+
ANKRD17,chr5_96702915_96722638,136.2301195,-
LARP1,chr2_237540533_237542566,136.1674348,+
ANKHD1,chr4_53399839_53414614,136.1598651,+
PARP14,chr3_195662733_195664085,136.1561593,+
PPFIA1,chr5_170805853_170811955,136.1293069,-
MYEF2,chr5_135346057_135352945,136.1229316,+
HELZ,chr11_61430182_61445940,136.0999426,+
SSB,chr19_41422370_41422631,136.0863593,+
CPEB4,chr3_167720273_167725400,136.0854969,+
HNRNPL,chr2_156326920_156327925,136.0802096,+
U2AF1L4,chr12_15957033_15959828,136.0792512,+
HNRNPL,chr3_105550259_105552467,136.0584841,-
PAPSS1,chr1_52904833_52905033,136.0465369,+
PHC3,chr8_61638360_61642887,136.0307982,+
IREB2,chr19_12773044_12774634,136.0171888,+
TRA2B,chr1_203179877_203181161,136.0086273,-
TNKS2,chr12_26979936_26980565,136.0056327,+
RBM41,chr7_73737735_73738327,135.9752778,+
RBM7,chr18_9945058_9950394,135.9686847,-
EWSR1,chr12_124911899_124912583,135.9516204,+
APTX,chr3_23917239_23917849,135.9458889,+
HNRNPM,chr2_172501901_172504090,135.9368006,+
RALY,chr18_36787079_36798448,135.9335344,+
ZC3H4,chr6_24775112_24777221,135.9238329,+
MCTS1,chr15_88639076_88639342,135.9093516,+
UNKL,chr10_124760503_124765391,135.891871,+
SF3B4,chr7_20218363_20219582,135.8598528,+
TARDBP,chr15_72200655_72203021,135.8536404,+
EIF2S1,chr12_122981266_122981594,135.8435432,+
ZFP36L2,chr3_38125881_38126161,135.8403098,+
SLTM,chr14_24241776_24242140,135.832899,+
SHANK2,chr10_63217331_63219877,135.8315501,+
U2AF1,chr7_120955624_120964741,135.8156917,+
SNRPB,chr14_20802319_20802796,135.7908638,-
PTBP2,chr1_228108318_228109148,135.7904801,-
EEF1G,chr1_162590511_162592734,135.7758824,-
RBMXL1,chr1_45551155_45552435,135.7651629,+
SNRPB,chr5_179699102_179705678,135.754338,+
MBNL2,chr13_97356849_97357481,135.7130006,+
YTHDF2,chr1_153642429_153645063,135.7024519,+
NSUN6,chr12_32737161_32738263,135.699728,+
SNRPB2,chr14_91942961_91947212,135.6798669,+
NCL,chr12_14905215_14910757,135.6600058,-
PAN3,chr17_31878327_31880572,135.6560107,+
EIF4H,chr16_189339_189967,135.6127546,+
NAA38,chr16_634797_636093,135.5963593,+
ZFP36L2,chr12_10702134_10704050,135.5893197,+
SNRPC,chr20_37199225_37200446,135.5750958,+
HNRNPH1,chr1_186301711_186306317,135.5549098,+
SF1,chr10_31852597_31854065,135.5417298,+
MATR3,chr10_63264764_63380317,135.5133734,+
LARP4,chr18_46087492_46095052,135.5082665,+
ZC3H4,chr16_634797_635280,135.5064069,+
RBM6,chr14_24234241_24235736,135.5046695,+
RBM34,chr1_173938874_173941264,135.4815103,+
PNPT1,chr7_67306083_67308934,135.4671708,+
MBNL2,chr1_39762407_39762516,135.4449597,+
EIF2S1,chr1_24663224_24666814,135.4335107,+
SAMD5,chr19_43652371_43656478,135.4316195,-
KRR1,chr1_155668717_155670319,135.4296123,+
KIN,chr19_7680878_7682241,135.3929358,+
HNRNPK,chr12_101634605_101636671,135.3921176,+
MCTS1,chr12_114679651_114680878,135.3548604,+
KHDRBS1,chr1_154173201_154182987,135.3477411,-
PTBP2,chr12_10704148_10709907,135.3430948,+
LSM3,chr20_49174269_49188115,135.2880448,+
CIRBP,chr1_150698734_150700111,135.2856561,+
KRR1,chr3_149059807_149060642,135.2658816,+
CPEB4,chr8_80064593_80080314,135.2221686,+
RBM7,chr9_35684550_35685063,135.1957762,+
MBNL2,chr4_185630598_185646667,135.1872418,+
QKI,chr18_62045979_62070389,135.1830822,+
PNPT1,chr21_29036374_29037275,135.1707383,+
MEX3D,chr5_146164471_146171909,135.1591847,+
ZC3H4,chr5_43454043_43476113,135.1585121,+
ZFP36L1,chr18_36124700_36129113,135.1552891,-
RC3H1,chr2_206765747_206766643,135.1521273,+
RBM39,chr3_149371867_149375679,135.1235173,-
ZC3HAV1,chr2_71068712_71072640,135.1188512,+
HNRNPD,chr1_32627544_32633644,135.1186507,+
ZFP36,chr1_31310164_31318166,135.112253,+
SRRM1,chr14_20455338_20455577,135.1069614,+
LARP1,chr16_30741908_30748205,135.1056277,-
YTHDF2,chr7_5739352_5740972,135.0988879,+
ZC3H4,chr1_109200900_109202943,135.0682353,+
SAFB2,chr19_17859974_17862093,135.0609273,-
TRA2A,chr7_23521840_23531788,135.0226366,+
LSM4,chr2_32039492_32039732,135.0206222,+
HELZ,chr3_167720273_167725400,134.9983204,-
SNRPG,chr4_48885565_48894005,134.9936167,-
ZC3H12D,chr1_108695780_108696042,134.988952,+
RBM3,chr18_35290391_35305975,134.9881018,+
STIM2,chr19_8474244_8485602,134.9839576,-
RBM8A,chr9_32553944_32570959,134.9643638,-
SCML2,chr5_71604468_71632120,134.9343694,+
PTBP2,chr3_32442013_32452391,134.9339667,+
ZC3H4,chr18_9208797_9211583,134.9219617,+
ANKRD17,chr4_73135265_73141740,134.9187106,+
RBM12,chr1_155318332_155318855,134.8664674,+
ARAP1,chr3_41239354_41239818,134.8618919,+
RBM10,chr1_231229209_231238856,134.8492935,+
ZRANB2,chr2_119367644_119368187,134.8318047,+
HNRNPM,chr9_2647592_2648207,134.814987,+
G3BP1,chr6_41789336_41789530,134.8128569,-
SNRPG,chr22_42577098_42577843,134.7678604,+
RBM8A,chr14_24164134_24165846,134.7666503,+
HNRNPA0,chr1_228109021_228109260,134.7537891,+
IREB2,chr7_73738142_73738327,134.7359903,+
CPSF6,chr1_52904833_52907867,134.7291698,+
SYNCRIP,chr1_52906611_52907867,134.7260619,+
PABPC1,chr9_111666946_111669271,134.7208096,-
HNRNPD,chr4_153276130_153295312,134.708681,+
TEP1,chr22_44808438_44809005,134.6840844,+
ZC3H15,chr2_169824640_169824867,134.6788236,+
HNRNPC,chr6_85640564_85642796,134.6209149,+
HNRNPC,chr14_20684758_20693546,134.6163258,+
SNRPC,chr12_28362515_28450160,134.6000233,+
SNRPD1,chr8_94692827_94696851,134.5985067,+
UPF3B,chr2_131133015_131140166,134.5740754,+
PPFIBP1,chr2_60452666_60460681,134.5686341,+
ZC3H12D,chr1_185305643_185306484,134.5440099,+
HNRNPK,chr18_36787079_36798448,134.5156368,+
DKC1,chr3_180987022_180988022,134.5079245,+
SNRPE,chr14_88603060_88607242,134.5026529,+
NCL,chr2_159762993_159767283,134.5021326,+
NIP7,chr16_53208709_53209481,134.4835536,+
SASH1,chr3_180985996_180988022,134.4797079,+
ZC3H12D,chr3_141738509_141743508,134.469551,+
NCBP2,chr1_28738338_28768928,134.4475026,+
PAPSS1,chr3_158710933_158713796,134.4463567,+
RBM25,chr22_45550615_45574510,134.4409798,+
U2AF2,chr6_137207077_137215266,134.439633,-
MCTS1,chr13_113178008_113178173,134.4157172,+
ESRP1,chr7_43648652_43650611,134.4122537,+
ZNF638,chr8_132727983_132746941,134.4095284,+
HNRNPH2,chr10_88941869_88943796,134.3886363,+
NCL,chr1_231241456_231250960,134.3378413,+
G3BP1,chr11_47565986_47571470,134.3197864,-
HNRNPA1,chr3_114389105_114450022,134.2940107,+
ZFP36,chr3_93995944_94003658,134.2426958,+
GTF3A,chr10_73030370_73043886,134.2406843,+
PPFIBP1,chr3_37174605_37175817,134.2250687,+
RBM3,chr9_129489299_129493418,134.215829,+
SNRPG,chr12_56158711_56159974,134.1934922,-
PABPC1,chr6_26124633_26138053,134.1758297,+
MCTS1,chr1_51294511_51296078,134.1506996,+
MYEF2,chr7_105118022_105126247,134.139287,+
HNRNPA3,chr1_62436562_62439798,134.1377948,+
ACIN1,chr20_20026919_20033101,134.1342189,+
LARP4B,chr2_233229_234159,134.1296806,+
HNRNPA1,chr9_92319356_92321667,134.0871541,+
SF3B4,chr1_154261697_154266500,134.0560176,+
ZC3H12B,chr4_53377923_53379072,134.0372268,+
CNOT4,chr12_56639307_56642457,134.0349724,-
TRA2B,chr3_29897475_29899704,134.0243046,+
ZFP36L2,chr15_76767088_76771741,134.00641,+
RBM47,chr14_69767380_69768137,133.9970394,-
LSM7,chr11_65713058_65713592,133.9757353,+
SF3B4,chr3_191370036_191375061,133.9679858,+
HNRNPF,chr13_40982282_41019227,133.947969,+
SART3,chr7_105068545_105073618,133.937021,-
PNPT1,chr3_180985996_180988022,133.8881868,+
PABPC1,chr4_53377923_53379224,133.8850054,+
U2AF1L4,chr3_183086788_183094558,133.8608838,+
PTBP1,chr17_81845742_81860326,133.8543127,-
LARP1,chr12_6448737_6450892,133.849039,+
PNPT1,chr3_100310542_100316098,133.8225174,+
ZNF638,chr15_79899125_79907628,133.8217538,-
ZNF638,chr14_23960003_23967210,133.8159293,+
ZC3H11A,chr18_35041661_35070194,133.7410915,+
GTF3A,chr3_121699885_121702480,133.7336237,+
RBM12,chr8_85217502_85219322,133.7172416,-
HNRNPL,chr12_31305123_31326023,133.6980325,+
RBMX,chr11_35211449_35214851,133.6841366,+
RBM6,chr2_73927052_73938909,133.6686509,+
CIRBP,chr7_27816394_27816889,133.6649022,+
ANKS4B,chr2_55922939_55923710,133.6102515,+
LSM1,chr4_103096274_103099782,133.6070868,+
ZC3HAV1,chr12_55728352_55729281,133.6034975,+
YTHDF1,chr17_64500326_64502009,133.581843,-
NCBP2,chr2_43894629_43899218,133.5777703,+
YBX1,chr6_99544273_99545111,133.5764392,+
HNRNPF,chr2_131530827_131531663,133.5675289,+
PUM2,chr6_41068953_41070075,133.5417017,+
MYEF2,chr18_9945058_9950394,133.5405528,-
RBMS2,chr7_123551576_123557403,133.5227271,-
SNRPD3,chr12_53462567_53464759,133.5149771,+
HNRNPC,chr1_28738338_28768928,133.5097406,+
EEF1G,chr20_38448093_38448661,133.4765584,+
ZRANB2,chr1_154988849_154990158,133.4757876,+
HNRNPA3,chr10_103111805_103139405,133.4577463,+
HNRNPH1,chr6_29888224_29943267,133.446532,+
HNRNPA2B1,chr11_10801087_10802048,133.4313831,+
IGF2BP2,chr3_149895570_149911977,133.4033774,+
CSDE1,chr1_94901785_94903121,133.4011986,-
PARP14,chr12_124912655_124913567,133.3952069,+
RBMX,chr2_28298491_28338449,133.3290572,+
RRP7A,chr2_25451635_25482795,133.294755,+
CSDE1,chr1_228109021_228109260,133.2933792,+
UPF3B,chr7_105068545_105073618,133.2913004,-
KIN,chr11_64318386_64320660,133.2877169,+
ZCCHC17,chr3_9669492_9671047,133.2796644,+
HNRNPH1,chr20_62303781_62306196,133.2644418,-
TROVE2,chr1_193059776_193069033,133.2632316,+
DNAJC17,chr19_43649143_43655438,133.2529056,+
ANKS4B,chr12_124913039_124913267,133.2513125,-
ZC3H12D,chr17_41689069_41690087,133.246677,+
RBMXL1,chr3_138187599_138188454,133.2305311,+
RBM23,chr2_222924595_222930620,133.2065636,+
MATR3,chr2_20256170_20258236,133.2000381,+
MBNL2,chr13_45383235_45389734,133.1988615,+
SNRPN,chr9_129489299_129503322,133.179392,+
SSB,chr17_72428298_72592202,133.1616794,+
TIAL1,chr3_185926734_185937824,133.1343546,+
RBM26,chr6_99414686_99416348,133.1161564,+
NAA38,chr2_24321880_24328051,133.114454,-
KHDRBS3,chr3_143023064_143027148,133.1141598,+
MCTS1,chr4_168916027_168924254,133.1082098,+
HNRNPL,chr12_124912278_124912506,133.1058494,-
SASH1,chr9_133348246_133348921,133.0983082,+
GTF3A,chr10_110876070_110881274,133.0612647,-
SNRPG,chr11_95888261_95923874,133.0444966,+
ZC3HAV1,chr18_63981838_63983578,133.0264416,+
PAPSS1,chr1_171514630_171515733,133.0134747,+
RBM8A,chr11_66843861_66843955,133.0026862,+
RBM41,chr7_107186681_107190172,132.9800878,+
ANKHD1,chr12_53462567_53465931,132.9762239,+
PAN3,chr19_41432408_41433271,132.9700377,+
YTHDF1,chr22_39317021_39317460,132.9559504,-
SYNCRIP,chr6_85640564_85642796,132.9492159,+
RBPMS,chr6_20125926_20126516,132.9127885,-
RBM19,chr8_61643433_61644599,132.9041099,-
CARHSP1,chr2_130342935_130343085,132.9040806,+
ZC3H6,chr6_44223641_44227262,132.8825726,+
ENOX2,chr2_27772692_27779432,132.8762648,-
HNRNPA3,chr1_155137722_155137978,132.8577989,+
CSDE1,chr5_102961229_102974115,132.8576111,+
RBM41,chr8_89981523_89982721,132.8325174,+
LSM3,chr1_149833855_149834134,132.8269217,-
IREB2,chr4_82898062_82900076,132.8268168,+
RBM7,chr15_41358258_41365401,132.8226502,+
ZC3H12D,chr14_21263829_21269297,132.8207154,-
SNRPD2,chr8_142701713_142703090,132.8041051,+
HNRNPR,chr7_16878645_16880723,132.7720967,-
SNRPD1,chr7_103307708_103308951,132.7629641,+
CPSF6,chr6_134174586_134175543,132.7626215,-
HNRNPH2,chr4_82430913_82447919,132.75007,+
RBM6,chr14_49577853_49585949,132.7389527,+
EWSR1,chr20_49279208_49289044,132.7367794,+
RPS3,chr12_29341816_29343119,132.7358308,+
PRPF3,chr19_9434859_9435107,132.7043226,+
HTATSF1,chr8_48008470_48043032,132.6970634,+
ANKRD17,chr3_121668158_121668313,132.6829119,+
CSDE1,chr1_24647208_24648858,132.6818406,+
PCBP2,chr8_85217502_85220305,132.6799516,+
LSM7,chr8_143818534_143821596,132.6709269,-
ZC3HAV1,chr5_96727530_96729611,132.6662709,+
TROVE2,chr3_180985996_180988022,132.6537183,+
RBMS1,chr1_52896597_52899173,132.6477547,+
SNRPG,chr1_39743924_39745413,132.6333478,+
RBM34,chr10_37180798_37181321,132.6235222,-
ZFP36,chr15_39588218_39588958,132.6149413,-
RBM7,chr11_102520804_102524935,132.60964,-
POLR2G,chr4_83458429_83459739,132.602503,+
HNRNPR,chr15_79889354_79896871,132.552574,+
ZFP36L2,chr12_124913339_124913567,132.5484195,+
MYEF2,chr11_34978182_34984569,132.5382068,+
AKAP1,chr12_15111417_15217428,132.5376674,-
SNRPG,chr20_35739017_35739392,132.5375567,-
PHC3,chr14_59484593_59486730,132.5167333,+
YBX1,chr4_83456958_83459739,132.5161617,-
RBM25,chr3_121718501_121722261,132.511857,+
HNRNPM,chr11_64318386_64320864,132.4777211,-
MBNL1,chr7_30500681_30504568,132.4771756,+
SFMBT2,chr11_35211449_35214851,132.4766724,+
PAN3,chr3_51984158_51985360,132.4707758,+
HNRNPH1,chr14_55580354_55601756,132.4554036,+
SNRPE,chr17_59874703_59878102,132.4457508,+
KRR1,chr5_146164471_146168127,132.4350133,+
EIF4H,chr17_46704854_46710962,132.4167781,+
SAMD8,chr10_45972730_45982522,132.4144522,+
GRSF1,chr14_88841514_88843805,132.4114959,+
EIF3B,chr1_42456628_42457246,132.3666389,+
HNRNPA2B1,chr9_136850560_136850754,132.3601505,-
PCBP2,chr11_17286713_17295323,132.3466403,-
RBM4B,chr12_124912408_124912864,132.339111,-
PHC3,chr17_7012757_7013665,132.3251718,+
FUBP1,chr20_18507990_18510821,132.3100048,+
LSM7,chr4_99863855_99866033,132.2685343,+
PSPC1,chr6_29942626_29942756,132.238308,-
ASCC1,chr17_81891841_81894466,132.2326503,-
KIN,chr17_40630286_40630713,132.1906154,-
RBM3,chr18_34978541_35005491,132.1890989,+
YTHDF3,chr3_28241812_28263290,132.1419503,+
TRA2B,chr3_185926734_185931576,132.1008268,+
HNRNPH1,chr18_11884627_11884878,132.0777527,+
RBM25,chr12_124912734_124912962,132.0738911,+
CSDE1,chr1_228109021_228109260,132.0423768,+
MBNL2,chr9_14113081_14116207,132.0365953,+
PCBP1,chr5_304221_314416,132.0031077,-
TROVE2,chr17_1714453_1716129,131.9685909,+
ZC3H12D,chr17_5477999_5480053,131.9681704,-
KIN,chr15_80059809_80120327,131.9639139,+
POLDIP3,chr12_22668700_22671271,131.9531888,-
SF1,chr17_78171054_78171738,131.9482867,+
MCTS1,chr4_184638468_184649394,131.9387611,+
RNPS1,chr12_42326229_42332659,131.9180888,+
HNRNPH2,chr14_94581490_94587345,131.8917865,+
NONO,chr11_11842224_11880176,131.887195,+
HNRNPC,chr17_16439414_16440184,131.8689216,+
LARP1,chr21_37073473_37108391,131.8650455,+
UNKL,chr14_88609403_88609711,131.8574859,+
PUF60,chr7_74189918_74190246,131.8249379,+
LSM4,chr14_68882592_68884167,131.8039694,+
MBNL2,chr11_66640123_66646026,131.7991406,+
RPS3,chr4_74309182_74312184,131.7946004,+
MATR3,chr3_197950299_197950935,131.7861718,+
PAN3,chr7_26193373_26195846,131.7613817,+
ZRANB2,chr17_58347241_58347528,131.7587915,+
SNRPF,chr4_10088741_10116112,131.7543729,-
CSDE1,chr6_335163_345853,131.7295524,+
ELAVL1,chr12_124911971_124912883,131.6764417,-
TIAL1,chr4_155368809_155373135,131.6760934,+
SNRPG,chr10_30434748_30437175,131.6760777,+
SNRPD3,chr2_25455494_25482795,131.6670854,+
PABPC1,chr6_24710996_24714317,131.6429762,-
SAMD12,chr22_39313310_39314106,131.6361038,+
ZC3HAV1,chr12_62325933_62349220,131.6267128,+
RBMS2,chr2_27312772_27322447,131.6152159,+
RBM3,chr13_97347067_97356795,131.596383,+
RBMX2,chr15_79889354_79896871,131.5885143,-
BFAR,chr2_152663967_152664137,131.5774535,+
SNRPE,chr16_48252365_48258617,131.5712736,-
SNRPB,chr2_203411371_203416907,131.5681766,+
LSM2,chr2_9587509_9591391,131.5607373,-
EPHA1,chr6_78990982_78997413,131.5465321,-
MCTS1,chr4_185639035_185646667,131.5403391,+
MBNL2,chr1_161038075_161038879,131.514741,+
ZC3H13,chr8_102850144_102858012,131.490834,-
PTBP2,chr4_74309182_74312184,131.4567777,+
SNRPD1,chr17_21198840_21214090,131.4399183,+
UNKL,chr17_31878327_31878701,131.4284852,+
HNRNPK,chr7_105038199_105040838,131.4151103,-
LSM4,chr1_111139666_111140037,131.3920749,+
EWSR1,chr1_159961405_159965498,131.3885636,+
PAPSS1,chr18_63985245_63986962,131.3871602,+
NAA38,chr22_46337944_46346421,131.3840946,+
RBM26,chr12_55903480_55927724,131.3741652,+
YTHDF2,chr3_114693575_114801100,131.3730857,+
RNPS1,chr20_284081_289558,131.3730719,+
PARP14,chr19_11033517_11034122,131.3663558,+
CCAR1,chr17_72045524_72057458,131.357443,+
SAMD12,chr1_25340579_25351625,131.3364962,-
SSB,chr3_193618936_193626091,131.3228239,+
ZFP36,chr1_168004793_168038370,131.3140012,+
ZC3HAV1,chr6_13321095_13326786,131.3064564,+
POLR2G,chr2_189578353_189579812,131.3035755,-
CARHSP1,chr2_47170764_47172413,131.2938354,-
EPHB3,chr19_1032696_1036415,131.2882302,-
ZFP36L2,chr1_93079531_93114687,131.2826469,+
ZC3H12A,chr2_97181626_97181720,131.2712576,-
NCL,chr2_237692521_237708543,131.2696616,+
CSDE1,chr19_41432408_41433536,131.2475416,+
RBM34,chr6_30619989_30624882,131.2443328,+
ZC3H14,chr14_88609403_88609711,131.2407158,+
U2AF1,chr1_151240039_151242122,131.2260433,+
TIA1,chr11_893519_899339,131.2054121,+
TNRC6A,chr10_125827638_125831419,131.1703711,-
SRRT,chr11_11880380_11884466,131.169696,+
LSM3,chr2_227340380_227355676,131.1337398,+
ZC3H12D,chr12_22644022_22656431,131.1283276,-
APTX,chr19_48800297_48806516,131.1239547,+
TEP1,chr6_56670807_56692387,131.1132829,+
HNRNPH3,chr13_45340184_45341041,131.0892164,-
LSM2,chr14_77462242_77464597,131.0888714,+
ZC3H4,chr9_136850137_136850505,131.0874189,-
SNRPF,chr3_10301147_10304025,131.0767768,-
RBM6,chr9_128068580_128101095,131.0671529,+
EIF3G,chr3_138187599_138209816,131.0492108,+
HNRNPR,chr19_10177367_10180186,131.0477478,+
RBM17,chr5_102961229_102990271,131.0476081,+
KIN,chr12_52897618_52898678,131.0234324,-
ZRANB2,chr12_56159622_56159974,131.0203399,-
RBM43,chr21_25729801_25734988,131.0129188,+
CIRBP,chr8_42188016_42191371,131.0105718,-
HNRNPF,chr15_79889354_79896871,131.0022744,+
CARHSP1,chr2_95912435_95914107,130.9970871,+
HNRNPK,chr19_41432408_41433536,130.9963805,+
NCL,chr2_227340380_227355676,130.9740262,+
PAN3,chr16_56939359_56940176,130.9696661,-
RBM6,chr5_134199204_134200984,130.969542,+
KHSRP,chr19_54200893_54201159,130.9578338,-
LSM5,chr9_83665145_83669184,130.9551208,+
SNRPD1,chr20_44885886_44887647,130.9501678,+
EWSR1,chr3_51984158_51985360,130.9291507,+
RBM39,chr7_140337349_140348625,130.9038262,+
AKAP1,chr7_87194102_87195030,130.9011519,+
RBM3,chr14_55673012_55675834,130.896668,+
HNRNPK,chr2_227340380_227355676,130.8757758,+
PABPC1,chr2_156326328_156326717,130.8662241,+
PNPT1,chr21_46649739_46663382,130.8621753,+
CNOT4,chr12_56639307_56642457,130.8300188,-
LSM1,chr11_6480423_6481230,130.8070409,+
SRRM1,chr2_97538363_97540033,130.8038477,+
HNRNPR,chr17_16439414_16439580,130.7923724,+
EWSR1,chr5_135353045_135360496,130.7579136,+
PNO1,chr12_124912883_124913111,130.7420071,+
RBM41,chr2_159428042_159428310,130.7417711,+
GRSF1,chr10_30336997_30340225,130.7205382,-
SFPQ,chr1_24663224_24666814,130.6994491,+
HNRNPF,chr3_100310542_100311832,130.6694444,-
CIRBP,chr3_180970358_180976121,130.6568855,+
HNRNPA1L2,chr20_58895684_58903530,130.6563565,-
DHX8,chr11_34646684_34651541,130.6409736,-
THUMPD3,chr17_5422829_5432541,130.6333533,+
RBM3,chr1_46309127_46309896,130.6073132,+
AKAP1,chr11_66640123_66646026,130.5980953,+
PABPC1,chr7_74718941_74728785,130.5972269,+
CNOT4,chr11_47565986_47569699,130.593975,-
MBNL1,chr7_21908507_21916753,130.5877796,+
TIAL1,chr2_222900780_222908732,130.5782532,+
PPFIA1,chr14_69769251_69769510,130.5514093,-
RBM3,chr1_155140245_155140490,130.5513044,+
RBM4,chr17_21198840_21214090,130.5511707,-
EIF2S1,chr1_185305643_185306484,130.5437781,+
RBM12,chr20_49280964_49289044,130.5437375,+
POLR2G,chr12_124912655_124913111,130.5397771,+
SNRPD3,chr4_54726050_54727217,130.5259506,-
KHSRP,chr20_49154071_49174194,130.5160054,+
TIA1,chr1_155136951_155137560,130.514496,+
ZRANB2,chr18_35291232_35305975,130.5116213,+
PABPC1,chr6_109369017_109376073,130.4946342,+
PUM1,chr7_99929621_99971745,130.4885923,-
GRSF1,chr3_149059807_149060642,130.4875069,+
TNRC6A,chr7_124871041_124892265,130.4837776,+
SNRPC,chr2_63841232_63856305,130.4812987,+
SNRPD3,chr15_79961174_79970699,130.4690311,-
ZC3H11A,chr12_22457161_22458483,130.4436471,+
EEF1G,chr7_30498938_30504568,130.4283328,+
APTX,chr17_16440253_16441367,130.420669,-
RBMX,chr17_81891841_81894466,130.4082057,-
LARP1B,chr6_17507312_17539268,130.3997715,+
SAFB,chr2_227352573_227355676,130.3685776,-
LSM3,chr16_1786955_1787676,130.3642058,+
QKI,chr22_20126368_20126954,130.3562553,-
RALY,chr10_72216072_72223887,130.3370206,+
ESRP1,chr20_35280118_35284175,130.335019,-
PABPC1,chr6_3154923_3155624,130.3333936,+
HDLBP,chr15_32691763_32696513,130.3297752,+
PAN3,chr2_97560860_97580461,130.3220982,+
RBM22,chr14_103334260_103335652,130.3176292,+
RPS3,chr12_120199485_120200718,130.3166352,-
NONO,chr1_32634072_32634701,130.2716996,+
HNRNPD,chr20_49280570_49289044,130.2065269,+
FXR1,chr10_122998671_123008693,130.18914,+
ZFP36L2,chr17_58351508_58352066,130.1766004,+
EIF3G,chr14_23565892_23566063,130.1516409,+
IREB2,chr16_4474166_4474409,130.1368222,+
SRRM1,chr6_90536401_90547257,130.1099868,+
TRMT2A,chr22_39317021_39317460,130.1065186,-
THUMPD1,chr1_228108318_228108436,130.0868703,+
HELZ,chr10_35179276_35206894,130.0852493,+
ANKS4B,chr20_49279208_49280484,130.0734303,+
RBPMS,chr17_27307919_27309099,130.0603798,-
SAMD8,chr4_98352601_98379016,130.0525276,+
CSDE1,chr20_38421098_38422086,130.0395555,+
LENG9,chr5_43529879_43534852,130.0322909,+
LARP1,chr4_48885565_48894005,130.014715,+
ZFP36L2,chr15_51954575_51958741,130.0105153,+
ZCCHC17,chr12_10848407_10973654,129.9990252,+
RBM25,chr1_182388750_182391174,129.9935598,+
RBM3,chr2_105396697_105398969,129.9880417,+
PABPN1,chr4_53377923_53379224,129.9709262,-
UNKL,chr12_124912050_124913190,129.958664,-
RBM3,chr3_172509321_172514860,129.9369829,-
HNRNPA3,chr1_193059776_193069033,129.8960485,+
PPFIBP1,chr2_31883462_31891991,129.895346,+
RBM4,chr12_27022621_27027346,129.8549269,+
PNPT1,chr9_115042341_115046409,129.8531233,+
SAMD5,chr1_32224475_32228498,129.8365967,+
YBX1,chr15_41349241_41350987,129.8363218,+
PTBP1,chr12_46367340_46370775,129.8344137,+
ZFP36L1,chr5_65662150_65664233,129.8065857,+
BFAR,chr13_45340184_45341041,129.7966981,-
SSB,chr1_151167414_151168193,129.7837587,+
NCBP2,chr12_123618837_123619447,129.7616795,+
CPEB4,chr1_193016395_193021096,129.755539,+
KHSRP,chr22_39313310_39314106,129.7506579,-
LARP4B,chr4_76082535_76097643,129.7389187,+
MBNL1,chr4_108620712_108621950,129.7047919,+
RBM4,chr2_181920662_181921947,129.6999208,+
HELZ,chr21_33436992_33439213,129.6701157,+
RC3H1,chr14_91870385_91877486,129.6568647,+
SASH1,chr7_44986097_44986524,129.6533537,+
PPFIBP1,chr1_223235100_223264629,129.6395314,+
RBMS2,chr18_34978541_35005491,129.6380669,+
SF3B4,chr19_2269744_2271781,129.6093282,-
BFAR,chr1_151760899_151762104,129.6006714,-
LARP4,chr2_95889871_95889965,129.5632648,+
RBMXL1,chr6_99412318_99412550,129.5605299,-
LRSAM1,chr2_241350203_241351942,129.5582519,-
G3BP1,chr1_200649226_200659026,129.5574892,+
ZC3H4,chr17_42348539_42388278,129.5539841,+
RBM22,chr2_58146474_58159348,129.5371465,+
RBM34,chr13_102664925_102674282,129.5265283,+
HNRNPC,chr11_86268561_86276979,129.5040941,+
HDLBP,chr8_81715114_81718181,129.4943703,-
ZFP36,chr1_161072885_161073224,129.4936711,+
LSM10,chr16_53492519_53492692,129.4832874,+
LSM7,chr2_28865119_28869578,129.4791217,+
TEP1,chr2_97560860_97576378,129.4708494,+
QKI,chr1_112703806_112707077,129.4696036,+
PABPC4,chr18_13666713_13681604,129.4640178,+
CSDE1,chr12_56159622_56159974,129.451895,-
U2AF1L4,chr10_18668677_18673983,129.4429038,+
LARP4B,chr2_74135658_74142271,129.4422496,+
LARP4B,chr21_39178647_39180284,129.4371166,-
SAMD5,chr4_82829058_82844385,129.4101228,+
PUF60,chr12_101634605_101642418,129.4030539,-
LSM5,chr2_237540533_237542566,129.3862526,-
ACIN1,chr9_128936645_128940598,129.3814483,+
EIF4H,chr19_35116359_35119167,129.378601,+
NCL,chr19_12694938_12696172,129.3750114,+
ZFP36L1,chr8_102829933_102833055,129.3726575,+
FXR1,chr3_191370036_191380158,129.3631158,+
RBM3,chr12_122519029_122521384,129.3468406,+
ZC3HAV1,chr16_14998405_15004186,129.3438578,+
EIF3G,chr20_35734257_35738967,129.3304084,+
NCL,chr12_124912636_124913092,129.295139,+
U2AF1L4,chr10_13116340_13118905,129.2886536,+
RBM39,chr2_215379317_215380810,129.2693884,-
RBM8A,chr17_42951894_42953723,129.2690991,+
KHDRBS1,chr6_87243611_87254649,129.2659853,+
ESRP1,chr12_6566324_6566528,129.2623111,+
YTHDF2,chr7_116904383_116910232,129.2543409,+
EIF4B,chr1_52904833_52905033,129.2483702,+
HNRNPA3,chr16_634797_634888,129.2443594,+
ZC3H15,chr1_235155112_235160892,129.2335427,-
U2AF1L4,chr11_64318386_64320864,129.2292546,-
RBMX,chr2_203402734_203416907,129.205658,+
PPIL4,chr2_202278329_202282350,129.2006149,-
SNRPN,chr12_124912655_124913111,129.1943303,-
TROVE2,chr19_8474244_8485602,129.1760201,+
PARP14,chr12_124913092_124913320,129.1667568,+
ZRANB2,chr1_40074183_40078559,129.1637878,-
LSM10,chr13_31151191_31154632,129.160764,-
LSM10,chr1_151254808_151263913,129.1456308,+
RBMX,chr16_19733827_19735352,129.1386639,+
HNRNPA0,chr16_54063942_54111761,129.1163726,+
TNKS,chr6_31269543_31269965,129.1048428,+
PTBP2,chr5_146509245_146510440,129.1005985,+
FUS,chr1_173864304_173864674,129.0798491,-
G3BP1,chr15_79961174_79967636,129.0748225,+
SNRPG,chr6_125292909_125300537,129.0607162,+
LSM6,chr4_185630598_185646667,129.0574969,+
SAMD12,chr2_111429620_111494884,129.0474853,+
HNRNPL,chr12_124912864_124913092,129.039127,-
CNOT4,chr15_66494552_66497641,129.0130612,+
SF3B4,chr19_40348768_40366418,128.9976866,+
RBM19,chr1_184072298_184072826,128.9862378,+
DLC1,chr16_19410773_19430412,128.9745219,+
SASH1,chr2_203402734_203416907,128.9703697,+
KHDRBS1,chr9_88462749_88468371,128.9659066,+
SF3A1,chr17_64972927_64973231,128.9484804,+
RNPS1,chr3_93996684_94003658,128.9476068,+
CPSF6,chr18_50274353_50274976,128.94538,+
SNRPC,chr11_66285536_66285700,128.939576,+
ZC3H8,chr17_50737479_50740305,128.9028185,-
ZCRB1,chr10_12172866_12177792,128.8759355,+
PAPSS1,chr18_59155807_59158631,128.875889,+
MCTS1,chr2_23984831_23999671,128.8150739,+
MBNL2,chr18_12311053_12325066,128.7828324,+
PNPT1,chr6_159789888_159790939,128.7743222,+
SASH1,chr3_197149796_197194424,128.7627358,+
SNRPD2,chr18_59225734_59230403,128.7554534,+
PUF60,chr1_234398553_234400852,128.7488321,+
LARP4B,chr6_28271934_28272669,128.7299482,+
FUS,chr1_162796677_162797801,128.7256113,+
FUS,chr2_23984831_23999671,128.7112628,+
IREB2,chr7_66560675_66573384,128.6960603,+
SNRPD3,chr2_222643005_222646800,128.6896621,+
G3BP1,chr18_58335537_58341037,128.6743476,+
MEX3C,chr6_24775112_24777221,128.6716085,-
SNRPB,chr16_208188_220648,128.6712465,+
TRA2A,chr2_201640924_201643358,128.6679074,+
ZRANB2,chr12_101634605_101636671,128.6637757,+
PARP14,chr9_36083562_36087693,128.658683,+
PHC3,chr17_76735875_76736153,128.6529546,+
TIA1,chr7_5752979_5761002,128.640209,+
CSDE1,chr2_156326328_156326717,128.6372983,+
RBM39,chr19_19194133_19196962,128.6351438,+
DLC1,chr14_103334260_103335652,128.6271313,-
TIA1,chr17_81891841_81894466,128.6162447,+
SYNCRIP,chr2_215379317_215382211,128.5799608,+
HELZ,chr15_63044152_63056984,128.5792411,-
CARHSP1,chr1_156738764_156741052,128.5768083,+
IGF2BP2,chr2_161160486_161161284,128.5672776,+
HNRNPK,chr11_10801087_10802048,128.5525019,-
PPFIBP1,chr3_195662733_195664085,128.5514788,+
POLR2G,chr12_133083561_133105509,128.5505785,+
SFPQ,chr12_8777802_8780577,128.546712,+
PAN3,chr17_42951894_42953723,128.5392448,+
HNRNPC,chr4_128091512_128098185,128.5269546,+
THUMPD2,chr2_27772692_27779432,128.4987127,-
CNOT4,chr22_43151604_43161051,128.482176,-
HDLBP,chr1_154261697_154263102,128.4676482,+
ZC3H12B,chr1_86385590_86386914,128.4676186,+
G3BP1,chr4_67701484_67720421,128.4647427,+
MCTS1,chr12_62349307_62355330,128.4604952,+
NCL,chr20_58993675_58994109,128.4590105,+
MBNL2,chr11_62633514_62634309,128.3993838,+
RBM34,chr19_52728831_52808006,128.3809297,+
LSM4,chr5_32586501_32588511,128.3739529,-
SSB,chr11_66640123_66646026,128.3410945,+
ZFR,chr4_98352601_98379016,128.3385158,+
LARP1,chr16_208188_220648,128.3186496,+
RBM12,chr18_47136449_47137234,128.3062473,+
HNRNPK,chr8_124516030_124518817,128.305872,+
U2AF1,chr12_52428743_52449468,128.3036122,+
RBMX,chr1_243293494_243304712,128.2992991,+
RBM4B,chr4_83456958_83459739,128.2509981,-
RBM39,chr6_11193692_11213280,128.2349549,+
RALY,chr2_55922447_55923710,128.2284693,+
PTBP2,chr6_99403882_99404602,128.2261429,+
MATR3,chr1_151760031_151760815,128.2226969,+
TRA2B,chr20_44903121_44903992,128.2170029,-
ZFR,chr6_75621625_75623899,128.1975086,+
RC3H1,chr1_244835756_244842194,128.1928522,+
ZCRB1,chr20_34073635_34075873,128.1915813,+
TMEM63A,chr4_94455384_94455818,128.1714971,-
HNRNPM,chr8_140890769_140925660,128.1620715,+
LARP1B,chr20_18567596_18569235,128.1540644,+
QKI,chr14_88609403_88609711,128.1494053,+
YTHDC1,chr16_56609057_56618588,128.143883,+
MCTS1,chr12_82357269_82358678,128.1297551,+
EIF2S1,chr17_42951894_42954875,128.1234258,+
KHDRBS1,chr8_143818534_143821596,128.1122803,+
SNRPE,chr19_57769878_57776542,128.098624,+
THUMPD3,chr11_34651610_34656907,128.0882651,-
ANKRD17,chr16_56939359_56939899,128.0865054,-
IREB2,chr18_35005553_35070194,128.0532332,+
EWSR1,chr12_28190641_28305648,128.0341983,+
RNPS1,chr11_130137291_130140397,128.0114728,+
SLTM,chr2_100008932_100104401,128.0095461,+
PNO1,chr12_130872126_130872835,128.006828,-
NCL,chr1_74706994_74707102,127.9815618,+
HNRNPA1,chr2_53801842_53808298,127.9813693,+
KIN,chr20_58895684_58903530,127.9630827,+
PABPC1,chr2_28298491_28338449,127.9282184,+
MCTS1,chr2_191682595_191683728,127.9236689,+
HNRNPR,chr6_75237988_75241175,127.9126395,+
RRP7A,chr3_197069260_197076585,127.9122407,+
SCML2,chr6_105288894_105323664,127.9111988,+
RBMX,chr4_108620712_108621950,127.9096657,+
SEC23IP,chr11_62634375_62634820,127.9013189,+
UHMK1,chr1_223134482_223134681,127.8975984,+
SCML4,chr15_64081151_64088686,127.8831638,+
RNF113A,chr3_150568292_150575648,127.8615002,+
SCML2,chr1_160224549_160225590,127.8552474,-
MBNL2,chr1_161038075_161038879,127.8500669,+
ZC3HAV1L,chr19_52322358_52322442,127.8198109,+
PARN,chr12_14885850_14910436,127.8165519,-
NONO,chr17_8463354_8466929,127.8123411,+
PCBP1,chr22_28744709_28745863,127.8057517,+
IREB2,chr1_244842058_244842194,127.799214,+
ZFR2,chr3_69077918_69080333,127.7916405,+
FUS,chr15_49625431_49632158,127.7377175,+
POLR2G,chr7_5741644_5752845,127.7374224,+
ZC3H14,chr4_185684846_185775226,127.7321717,+
PUF60,chr12_14885850_14910757,127.7307234,+
RBMS2,chr17_59958444_59962826,127.7246262,+
ZC3H15,chr17_72040849_72045427,127.708625,+
CNOT4,chr8_61681036_61682438,127.69699,+
SRRM1,chr14_21263336_21268622,127.6963286,-
PPFIBP1,chr20_43458509_43459770,127.6622601,+
ZC3H12D,chr5_112864732_112867371,127.65612,+
RBM4,chr1_243304777_243307988,127.6422076,+
PPIE,chr16_635340_636093,127.6340192,+
RBM25,chr6_37377033_37381149,127.6165723,+
CSDE1,chr7_21911751_21916753,127.6062518,+
SNRPA,chr12_27302188_27309113,127.6061059,-
SNRPC,chr4_13381594_13474317,127.5975857,+
RBM23,chr1_37582936_37583693,127.5882859,+
GTF3A,chr12_32737942_32740063,127.575976,+
MBNL2,chr3_100310542_100311832,127.569673,+
PABPC1,chr10_124760503_124765391,127.5683538,+
LARP4,chr1_153663276_153664395,127.5374346,-
RNPS1,chr6_41789336_41789530,127.5149958,-
ELAVL1,chr4_76103969_76112385,127.5125012,+
PCBP1,chr12_31305123_31326023,127.4979962,+
ZCRB1,chr21_46649739_46664294,127.4823071,+
PPFIA1,chr1_153638448_153645063,127.4660973,+
FUS,chr1_153608177_153608898,127.449637,-
RBM12B,chr2_95888120_95929071,127.4430856,+
RBM3,chr2_241678649_241680228,127.4233291,+
RBM19,chr8_99892047_99893638,127.4181198,+
HNRNPM,chr19_8474244_8485602,127.4136085,+
EEF1G,chr19_54206724_54207397,127.4063303,+
PPFIBP1,chr14_30628279_30630476,127.400654,+
FUBP3,chr7_105125874_105126992,127.3998507,+
APTX,chr5_34911812_34913469,127.3950224,+
RBM25,chr8_37744696_37749558,127.3726944,+
NUPL2,chr1_52896597_52899173,127.364085,+
NSUN6,chr6_21668899_21680919,127.3584906,+
HNRNPA1,chr5_7870923_7875257,127.3565812,+
RBM6,chr3_146517167_146525604,127.3446021,+
U2AF1,chr12_124912734_124912962,127.3282507,+
SNRPE,chr5_112976986_112985834,127.2871992,+
RBM7,chr1_74706994_74710097,127.2807983,+
SART3,chr5_7870923_7875257,127.2532775,+
TRA2B,chr2_161160486_161179613,127.2281141,+
SNRPG,chr1_234398553_234401180,127.2268577,+
CIRBP,chr1_155256791_155258825,127.2118165,+
SNRPD1,chr8_60558923_60584207,127.2026422,+
HNRNPD,chr12_120522363_120528939,127.1973802,+
SF3B4,chr2_152716126_152717355,127.1732057,-
PPIL4,chr6_46170114_46170807,127.172673,+
CARHSP1,chr3_3172646_3172775,127.1502034,+
U2AF1,chr3_157153156_157157010,127.149128,+
YTHDF3,chr2_227813987_227815453,127.14684,-
PABPC1,chr1_154988849_154990158,127.1333813,+
PAN3,chr6_36600276_36601151,127.1240539,-
PUM2,chr6_122633367_122717786,127.0829446,+
NONO,chr6_12290693_12292340,127.0784456,+
RBM3,chr2_55922447_55923710,127.0703001,-
ESRP1,chr6_75237988_75241175,127.0662975,-
FUBP1,chr9_32988129_32989758,126.9714844,+
HELZ,chr17_75040202_75042180,126.9493029,+
HNRNPC,chr18_26917350_26944328,126.9431646,+
ANKS4B,chr15_78885083_78886140,126.9326594,-
PUM1,chr1_243286397_243304712,126.930146,+
KIN,chr3_121718501_121719645,126.9019474,+
ZC3H12B,chr3_127821838_127822308,126.8795066,+
NAA38,chr1_150714678_150717137,126.8626915,+
LSM1,chr1_224311857_224317693,126.8561502,+
EIF4B,chr19_35631405_35632935,126.8395049,+
ANKS4B,chr1_150714121_150717137,126.8100464,+
TNKS2,chr2_237518648_237525600,126.7917001,-
RBM12,chr6_30642247_30645894,126.7802702,+
RBM8A,chr1_224365991_224375794,126.7762493,-
RC3H1,chr1_243172846_243186258,126.7598173,+
SNRPD1,chr20_45814470_45815853,126.7512845,-
PABPC1,chr3_143023064_143023974,126.7422275,+
EIF2S1,chr11_62762866_62765181,126.722898,+
SNRPN,chr4_102826636_102827943,126.707474,+
YTHDF3,chr20_1164476_1166226,126.6955373,+
SRRM2,chr2_25455494_25482795,126.6598239,+
PHC3,chr6_21065228_21198020,126.6589029,+
TIAL1,chr11_118786518_118791097,126.6464795,+
SF1,chr11_95888261_95923874,126.6370126,+
RBM19,chr11_47172333_47172709,126.6231099,+
U2AF1,chr1_155261734_155262085,126.603497,+
PABPC1,chr2_55875065_55881611,126.59327,-
LARP4B,chr12_133081072_133081272,126.5882599,+
HNRNPR,chr11_47565986_47571470,126.5870288,+
SNRPB2,chr22_35257557_35262322,126.5705324,+
RBM4,chr12_14885850_14905108,126.5605302,+
EIF4B,chr7_74189918_74190246,126.5511464,+
PARP14,chr2_191682017_191683728,126.5503832,+
ZFR,chr20_38422241_38426418,126.5429727,+
RBM34,chr9_33347117_33351559,126.5396283,+
MKRN2,chr1_45568177_45568926,126.527912,-
UPF3B,chr12_14425473_14434339,126.5241828,+
SRRM1,chr19_3366666_3381711,126.5238603,+
NCL,chr11_884169_893426,126.5142365,+
YTHDF3,chr12_124912050_124913418,126.5116541,-
PCBP2,chr9_88448989_88468371,126.5069051,+
RBM39,chr7_30019123_30022664,126.4785437,+
SNRPD2,chr10_45972730_45982522,126.4777576,+
SAMD5,chr2_98608726_98609755,126.4569752,+
PUM2,chr15_40037018_40038281,126.4500986,+
HNRNPF,chr6_135492291_135497187,126.3927048,+
HNRNPA3,chr14_35046628_35050032,126.3547145,+
RBM47,chr1_90918154_90937484,126.3380403,+
RBMS3,chr13_37570669_37571368,126.3176404,+
ZC3H4,chr14_24241776_24241889,126.3003297,+
YTHDF2,chr19_12773044_12774634,126.2936541,+
POLR2G,chr2_28852499_28869578,126.2899096,+
THUMPD1,chr12_57720263_57720405,126.2852896,+
CNOT4,chr16_20900535_20915555,126.2814412,+
EIF4H,chr1_6785575_6820180,126.2723323,+
RALY,chr17_16439414_16439580,126.2715301,+
SNRPC,chr12_12823319_12824539,126.266253,+
RBM39,chr2_30147062_30148244,126.2072302,+
SNRPB,chr1_51296170_51301571,126.202464,+
PAPSS2,chr12_49367587_49460769,126.1999512,+
KIN,chr1_151760899_151762104,126.1868337,+
NCBP2,chr7_30498938_30504568,126.1777444,+
RBM34,chr1_224317930_224326390,126.1739003,+
PUM2,chr6_31835451_31836423,126.1657031,+
NONO,chr6_56536940_56540279,126.1367436,+
RBM41,chr2_25383889_25387288,126.1300769,+
SRRM1,chr5_96762372_96765220,126.1260939,+
CPSF7,chr14_103334597_103335791,126.1254622,-
SYNCRIP,chr13_72781003_72781604,126.1060766,+
FUS,chr1_174957549_174957890,126.0994475,+
PARP14,chr19_42510920_42512349,126.0987084,+
ZC3H12A,chr18_30994372_30996790,126.0958746,-
ZC3H12D,chr3_143021385_143021472,126.0928769,+
RBMS1,chr12_28362515_28450160,126.0873146,+
NAA38,chr6_3154923_3226158,126.0564626,+
HELZ,chr12_124912883_124913567,126.0371196,-
RBMS2,chr7_849603_851383,126.027869,+
HELZ,chr7_27816394_27816889,126.01861,+
ZFP36,chr12_52051568_52054326,126.015175,+
RBM41,chr14_70329236_70359518,125.9879884,+
LSM7,chr19_43646548_43652224,125.9877611,-
ZC3HAV1,chr8_63168814_63169386,125.9508651,+
RBMS2,chr1_108693642_108695701,125.9504068,+
EIF2S1,chr3_114380404_114389004,125.9439702,+
EIF4B,chr17_73209768_73227164,125.9320735,+
HNRNPH2,chr4_185684846_185775226,125.9312173,+
RBM41,chr12_124912734_124913418,125.9265883,+
SNRPG,chr1_78650652_78654242,125.916219,+
RPS3,chr9_87727729_87772878,125.9074849,+
PCBP2,chr3_49278451_49280743,125.9030312,+
LSM1,chr9_37588932_37592309,125.8994011,-
HNRNPK,chr3_114380940_114389004,125.8836843,+
LARP7,chr16_4694308_4694957,125.8783444,+
CNKSR1,chr18_57615975_57621707,125.8730892,+
RBMS2,chr6_107040230_107040380,125.8607816,+
SNRPB,chr1_228146067_228146860,125.854433,-
SFPQ,chr2_47172459_47176440,125.852521,-
ESRP1,chr12_14884245_14905108,125.8419707,-
RBM25,chr12_124912734_124912962,125.8387927,+
KRR1,chr9_78265543_78265858,125.8148247,+
EIF2S1,chr1_77741748_77759642,125.8023078,+
HNRNPL,chr3_121718501_121719645,125.7775882,+
RBM19,chr12_6724818_6728222,125.7719406,-
HNRNPH1,chr11_112233233_112235848,125.7570086,+
CPSF6,chr1_175000195_175006744,125.7527504,-
HNRNPA2B1,chr1_167773368_167787819,125.7496345,+
TARDBP,chr1_235155112_235160892,125.7496193,-
MATR3,chr6_167033971_167044404,125.7321449,+
LSM2,chr1_228141288_228145510,125.7096317,-
SRRM1,chr12_124912636_124913320,125.7062678,+
RBM39,chr20_49279208_49280484,125.7058974,+
UHMK1,chr6_42632904_42635417,125.7036638,+
RBPMS,chr20_17970370_17988165,125.7034136,+
TRMT1,chr5_96702915_96722638,125.7032782,-
UHMK1,chr1_161074373_161074610,125.7015948,+
HNRNPM,chr14_73921105_73923394,125.6937224,+
UNK,chr16_31091342_31094556,125.6914812,-
PARP14,chr15_79961174_79970699,125.686012,+
YTHDC1,chr17_72040849_72057458,125.6781952,+
SETD1A,chr21_25982477_26021839,125.6735788,+
MBNL2,chr12_32737161_32738263,125.6694041,+
CIRBP,chr18_675402_677344,125.6523588,+
ZCRB1,chr2_98608726_98609642,125.6453552,+
HNRNPR,chr1_161209931_161210303,125.6451419,+
RBM26,chr6_159790639_159790939,125.6369471,+
HNRNPF,chr21_25982477_25997359,125.6141537,-
GRSF1,chr2_272305_275139,125.5910466,+
RBM34,chr3_149285182_149287620,125.5770382,-
ZRSR2,chr14_69767251_69768137,125.5760282,+
HNRNPK,chr12_6905759_6905844,125.5696513,+
YTHDF1,chr12_28225861_28226139,125.5667015,+
LSM6,chr6_10749698_10755141,125.5594594,-
RBM45,chr16_635340_636093,125.5467684,-
HNRNPA3,chr6_90536401_90544551,125.5452733,+
RBM34,chr12_124912636_124913548,125.5436935,+
HTATSF1,chr2_25451635_25455404,125.5418816,+
RBM39,chr4_67701484_67728539,125.5392934,+
HELZ,chr9_32988124_32989758,125.5021934,+
SRRM1,chr4_153276130_153295312,125.5002675,+
HNRNPA2B1,chr3_114693575_114801100,125.4919619,+
HNRNPC,chr12_21506976_21512294,125.4870915,-
ANKS4B,chr7_44984426_44986524,125.482841,+
CSDE1,chr1_46686870_46688352,125.4780692,+
U2AF1,chr5_134738792_134743986,125.4640984,+
LSM5,chr9_83665145_83669184,125.4570429,+
SAMD5,chr11_126256852_126261424,125.438515,+
RBMS2,chr2_70229091_70229263,125.4293389,+
HNRNPAB,chr4_82430913_82447919,125.4270345,+
SFPQ,chr7_76048226_76048575,125.4244658,-
HNRNPF,chr3_157153156_157157010,125.4127727,+
TEP1,chr1_225783368_225786861,125.3882924,-
NONO,chr4_158672490_158680466,125.3865258,+
PAPSS1,chr19_19202575_19202790,125.3783547,+
RBM17,chr3_37282272_37289234,125.3653308,+
ANKHD1,chr17_27309272_27311508,125.3528113,+
YBX1,chr19_38619223_38620336,125.309463,+
YTHDF2,chr9_33347117_33351559,125.3077531,+
CCAR1,chr1_175004814_175006744,125.2941551,-
TRA2A,chr10_113774333_113774825,125.2815644,+
SAMD8,chr15_74458896_74461107,125.2812432,+
G3BP2,chr10_63217331_63219877,125.271352,+
SNRPE,chr2_20256170_20258236,125.2708426,+
EIF3G,chr22_40364365_40366435,125.244279,+
ANKRD17,chr6_13326906_13328315,125.2067607,+
SSB,chr7_66554837_66573384,125.2064837,+
SEC23IP,chr22_45550615_45574510,125.2047097,-
SASH1,chr18_30994372_30996790,125.2006701,+
ZC3H12A,chr1_153638448_153642242,125.1948514,-
HDLBP,chr1_149833855_149834134,125.111143,+
HNRNPL,chr4_76054274_76057989,125.1008505,+
TARDBP,chr12_31298224_31304981,125.096819,+
SNRPB2,chr3_114693575_114801100,125.0825196,+
SRRM1,chr2_97181626_97181720,125.0759072,-
HNRNPM,chr19_58063541_58066740,125.0587049,+
RRP7A,chr16_31182664_31183860,125.0562977,+
RPS3,chr11_75562319_75566315,125.0552127,+
PTBP2,chr20_2656214_2656400,125.0367927,+
YBX1,chr12_5358361_5367802,125.0083245,+
ANKS4B,chr5_68290834_68292258,124.9873534,+
FUS,chr3_197950299_197950935,124.9861258,-
RBM4B,chr1_53940097_53946236,124.9822517,+
RBM4B,chr12_124913092_124913320,124.9769953,+
RPS3,chr10_95684624_95686494,124.9639183,+
SFPQ,chr6_107040230_107044259,124.9576072,+
HNRNPA3,chr12_109088512_109092506,124.9251486,+
PPFIBP1,chr10_3780229_3781766,124.8875347,-
TIAL1,chr2_219001_229965,124.8760484,+
PUM1,chr20_35699456_35699632,124.8679119,+
ZC3H6,chr12_102039975_102044104,124.8591759,+
TNRC6A,chr16_635774_636093,124.8591696,+
HNRNPR,chr14_105478360_105478449,124.8351642,+
SF3B4,chr17_31878327_31880572,124.813097,+
UNKL,chr6_32554971_32584108,124.8029579,+
MYEF2,chr5_62352710_62353274,124.8019587,+
HNRNPF,chr14_70329236_70359518,124.7806365,+
SF1,chr7_44984426_44986524,124.7678564,+
LSM2,chr3_187734907_187745409,124.7609001,-
HNRNPR,chr20_13617123_13623445,124.748634,+
SPEN,chr2_202278002_202278211,124.7297156,-
TNKS2,chr5_65662150_65664233,124.7165656,+
RBMX,chr12_21508109_21508382,124.7111757,+
LSM4,chr7_1010143_1127256,124.6982222,+
RRP7A,chr2_53801842_53808298,124.686576,+
SCML4,chr5_131162676_131165059,124.6848155,+
PTBP1,chr9_70276731_70277309,124.6599759,+
RBM22,chr14_23033674_23035111,124.6559096,-
SNRPE,chr3_139373412_139374488,124.648745,+
YTHDC1,chr17_72040849_72057458,124.6461442,+
PUF60,chr12_31298224_31323943,124.6156681,+
CSDE1,chr6_122423686_122427902,124.608726,+
TROVE2,chr19_11033517_11033766,124.6014092,+
ANKS4B,chr4_87499585_87504821,124.5812923,-
THUMPD1,chr20_17975903_17988165,124.5793706,+
GTF3A,chr2_152663979_152664137,124.5785529,+
SNRPC,chr7_26191128_26192494,124.5659592,+
SAMD8,chr2_218661520_218661758,124.5622338,+
PPIE,chr18_36139613_36141136,124.544109,+
SAMD8,chr2_55875065_55876622,124.5360492,+
HNRNPH2,chr11_47172333_47173425,124.5281805,+
SNRPF,chr12_27724186_27737538,124.5234832,+
PTBP2,chr12_45961322_45961699,124.5229162,+
RBM39,chr10_102450330_102455336,124.5091763,+
HNRNPH3,chr12_16347898_16354230,124.500977,-
RBM14,chr12_52237717_52238679,124.4811005,-
HNRNPF,chr10_110130486_110132304,124.4547754,+
ZFP36L2,chr6_30346564_30346712,124.4493338,+
SSB,chr21_37156906_37157160,124.4490613,+
SFPQ,chr12_57719182_57720405,124.4274415,+
SRRM1,chr17_16382339_16382567,124.4231644,+
FUS,chr6_21668899_21754699,124.4167558,+
RBM4,chr1_225783368_225786861,124.4055119,-
PPFIBP1,chr15_34227846_34229752,124.4025076,+
HNRNPL,chr1_24662804_24663182,124.4014911,+
SAMD8,chr20_35021356_35035122,124.3956199,+
UPF3B,chr2_241268541_241315569,124.3951835,+
G3BP1,chr1_228109021_228109148,124.3901874,+
HNRNPR,chr1_51714079_51745535,124.3891171,+
ESRP1,chr1_150700183_150703309,124.371879,+
SGMS1,chr3_167725473_167734805,124.3709256,-
HNRNPM,chr9_73151924_73154460,124.3581836,-
RPS3,chr5_150402020_150402562,124.3504975,-
PCBP2,chr1_156115274_156134402,124.3160411,-
RBMS2,chr3_141386937_141396258,124.3140378,+
MCTS1,chr12_56155198_56159974,124.3129659,-
ANKS3,chr8_102850144_102858012,124.3054506,+
ZFP36L2,chr12_47966172_47966682,124.2987649,+
EIF3B,chr2_227352573_227355676,124.2970931,+
RBM6,chr11_34651610_34656907,124.2948281,-
ZC3H12B,chr6_3263759_3267590,124.2897699,+
RNPS1,chr14_69767380_69768137,124.2883034,+
ESRP1,chr7_30500681_30504568,124.2857726,+
TIAL1,chr17_67959875_67964211,124.2840274,+
ZC3HAV1,chr2_215393203_215394527,124.2745478,+
ZFR,chr22_42515268_42516010,124.2697051,+
ZC3HAV1,chr2_97558871_97558965,124.259635,+
FMR1,chr12_862270_871264,124.2547621,+
RBM8A,chr10_114163329_114174014,124.2446492,+
SPEN,chr10_102377128_102379283,124.2431325,+
HNRNPC,chr17_3720402_3723687,124.2291771,+
YTHDF2,chr6_106308491_106316100,124.2268352,+
SYNCRIP,chr2_172501901_172504090,124.2141122,+
TIAL1,chr4_67701484_67728539,124.2076988,+
MCTS1,chr14_35019074_35028087,124.1985352,+
GTF3A,chr2_100008932_100104401,124.1952795,+
POLR2G,chr10_15102336_15103304,124.1866875,+
FUBP1,chr4_105405948_105424195,124.1797311,+
G3BP1,chr11_95888261_95923874,124.1753378,+
HNRNPF,chr1_173866581_173866760,124.1686238,-
THUMPD3,chr3_48695421_48717156,124.1669991,+
ZC3H12D,chr22_29288786_29291564,124.1526965,+
SASH1,chr11_34651805_34656910,124.1337353,+
PUF60,chr20_5584322_5593326,124.1246445,+
UNKL,chr7_5229705_5230834,124.111987,+
ZRSR2,chr11_43444209_43448001,124.0895136,-
DKC1,chr12_120566980_120575630,124.0892668,+
HNRNPH1,chr1_24655123_24660718,124.0678143,+
PPP1R10,chr12_124911822_124912506,124.0642196,-
HELZ,chr7_91980958_91992157,124.05267,+
SNRPD2,chr12_124912734_124913190,124.0267009,-
RBM17,chr10_6112361_6113507,124.0025015,+
RNPS1,chr13_45383838_45389734,123.9357138,-
DDHD2,chr2_215391814_215392930,123.9332676,-
FUBP1,chr5_140281533_140303040,123.9319799,+
RBM34,chr3_180970358_180976121,123.9080289,+
EIF3B,chr4_15971082_15979880,123.9018612,+
RC3H1,chr3_32449552_32452391,123.8973109,+
PNPT1,chr22_29298895_29299194,123.8886123,+
UNKL,chr3_197854445_197865422,123.8737557,+
PPIL4,chr7_99923603_99971745,123.8385861,-
RNF113A,chr3_114693575_114801100,123.8092202,+
DHX8,chr2_55875065_55881611,123.7942067,+
CPSF6,chr1_90007750_90010087,123.793833,+
RNPS1,chr16_31182664_31183860,123.7635977,+
LARP4B,chr7_116210734_116249019,123.7537035,-
HNRNPK,chr11_134252916_134253226,123.7317331,+
ZMAT5,chr1_160305598_160305687,123.7187127,-
SAMD12,chr7_26197866_26200571,123.716572,+
PHC1,chr12_21506976_21512294,123.7164412,+
NAA38,chr2_95935644_95938828,123.7144842,+
KIN,chr12_5276889_5358269,123.7073868,+
PAPSS1,chr2_227813987_227815456,123.7038313,+
RC3H1,chr12_28305779_28306741,123.6893137,+
HNRNPL,chr10_88941869_88943796,123.6222815,+
HNRNPC,chr19_58063541_58066704,123.611398,+
UNK,chr1_150220761_150226607,123.5962548,+
ZC3H6,chr5_170788668_170794230,123.5927698,+
SRRM1,chr6_87569590_87589921,123.5911074,+
ZC3HAV1,chr13_49382941_49401132,123.5820334,+
TROVE2,chr5_112864732_112867371,123.5619559,+
SF3A1,chr12_53462567_53465931,123.5595867,+
SNRPC,chr12_124912050_124912278,123.5438993,+
HNRNPD,chr5_132195480_132198320,123.5385241,+
HTATSF1,chr21_46635763_46636438,123.511879,+
EPHB3,chr16_66552793_66563121,123.5118509,-
SNRPC,chr1_219179246_219193129,123.4967208,+
SRRT,chr22_39313310_39314106,123.4933202,-
PAN3,chr2_42697834_42704193,123.4880841,+
PABPC4,chr1_203179877_203181161,123.4863936,+
RBM42,chr2_160285044_160286968,123.4847694,+
RNPS1,chr7_21911754_21916753,123.4750153,+
ZFP36L2,chr2_219498938_219499960,123.4662137,+
QKI,chr4_102826636_102827943,123.4570925,+
SYNCRIP,chr4_55418164_55424537,123.4393144,+
PABPC4,chr2_134939062_134946100,123.4391554,+
CSDE1,chr3_10301147_10304025,123.4179662,-
MEX3A,chr12_16347710_16357604,123.4055544,-
HNRNPK,chr14_39321056_39326863,123.4014846,+
PUF60,chr12_101634605_101642418,123.3949343,-
DKC1,chr11_502181_507112,123.3936649,+
PAN3,chr11_73716362_73718612,123.3891219,+
ZC3H13,chr3_32442013_32452391,123.3839423,-
PUF60,chr17_8576672_8577235,123.382744,+
YTHDF3,chr6_99544273_99545111,123.3722714,+
PDCD11,chr9_68259434_68264467,123.3480484,+
RPS3,chr10_95684624_95686494,123.345058,+
SYNCRIP,chr7_105125874_105126992,123.3417767,+
RBM8A,chr1_202951164_202954240,123.3371633,+
RBM25,chr1_162590511_162597791,123.3271539,+
HNRNPR,chr1_45606591_45613168,123.3253817,+
SNRPD3,chr10_29409683_29415356,123.3194632,+
MEX3A,chr3_10118970_10125625,123.3190716,+
SNRPD2,chr2_224920_229965,123.3138825,+
RBM41,chr19_38930998_38931275,123.2995675,+
G3BP2,chr12_28362515_28450160,123.2829336,+
LSM4,chr8_11853479_11868000,123.2466269,+
EIF4B,chr8_67045960_67047684,123.2373666,+
ZC3H15,chr15_63060939_63061712,123.2327166,+
SASH1,chr2_152716126_152717229,123.2264714,+
LARP7,chr12_122513874_122515104,123.2179268,+
RBM6,chr11_62705617_62706202,123.2014926,+
MATR3,chr19_39435705_39435847,123.184961,-
ELAVL1,chr19_8474244_8485602,123.1809029,-
HNRNPK,chr12_101627804_101629433,123.1665401,+
SAFB,chr14_70329236_70359518,123.1507525,+
RBM17,chr13_40982282_41019227,123.1375912,+
RBM3,chr18_30994372_30996790,123.1357746,+
HTATSF1,chr3_172755374_172756982,123.1346541,+
HNRNPR,chr3_186788420_186789124,123.1316791,+
RBM39,chr15_22838921_22851638,123.130787,+
NCBP2,chr5_96727530_96729611,123.1218288,+
ANKS4B,chr3_129434136_129436442,123.1050504,+
PCBP2,chr14_100369258_100375282,123.099091,+
ZCRB1,chr2_169799516_169800951,123.0960974,+
HELZ,chr9_111666946_111669271,123.0922783,+
APTX,chr22_19468003_19479082,123.0824416,+
RBM22,chr12_6672532_6673215,123.0656848,+
POLR2G,chr19_38619223_38620336,123.0630449,+
FUBP1,chr10_26755741_26759061,123.0227685,+
TARDBP,chr1_153658886_153659447,122.9872482,+
RNPS1,chr1_61683546_61686791,122.9849918,+
PPIL4,chr1_161209931_161210303,122.9715584,+
NCBP2,chr8_94674494_94678202,122.9672927,+
ZRANB2,chr12_124912655_124913339,122.9570185,+
CARHSP1,chr8_43080441_43083117,122.9550324,+
U2AF1,chr1_71065137_71066775,122.9534665,+
NCL,chr12_124911899_124913495,122.9476636,-
RBM25,chr16_25140247_25164597,122.9422477,+
LARP4B,chr6_24714440_24716245,122.9336557,-
PNPT1,chr2_237692521_237708543,122.9336184,+
DKC1,chr11_66640123_66643449,122.9052949,+
RBM14,chr2_97151939_97158106,122.887452,+
RRP7A,chr5_135346057_135352945,122.8844404,+
ZNF74,chr1_200649226_200659026,122.8792065,+
YTHDF1,chr3_188225527_188406111,122.8607598,+
SAMD8,chr6_158767137_158767260,122.8493702,-
FUBP1,chr5_179623164_179623594,122.8477116,+
SF3A1,chr20_5586269_5593326,122.8315289,+
HNRNPH2,chr1_71065137_71066775,122.8116846,+
RPS3,chr6_107040230_107044259,122.8115018,+
SF1,chr6_137011452_137016967,122.8026799,+
PPIE,chr9_68259434_68264467,122.7886314,+
LARP4B,chr14_20684758_20693546,122.7762219,+
SLTM,chr2_233229_234159,122.7619452,+
YTHDF2,chr17_39285573_39297126,122.7576734,+
GTF3A,chr1_161157693_161158411,122.7394897,+
ZC3H4,chr12_57720263_57720405,122.6892237,+
RPS3,chr15_60386086_60396150,122.6884125,+
ZC3H6,chr12_71907138_71907862,122.6676257,+
KIN,chr6_31954877_31955058,122.6646593,+
ZFP36L2,chr2_206159684_206159958,122.6591888,+
HNRNPA1,chr22_40552367_40636477,122.6524209,-
RPS3,chr11_75562319_75566315,122.6355461,+
NCL,chr12_69260197_69262369,122.6299001,-
EWSR1,chr9_14179780_14180658,122.6165813,+
FXR1,chr11_47565986_47571470,122.5988238,+
PPP1R9A,chr8_53811217_53814661,122.5986798,+
PARP14,chr8_11853479_11868000,122.5939639,+
RPS3,chr2_20041007_20051409,122.5912307,-
IGF2BP2,chr4_53379117_53379224,122.5863904,+
SF3A1,chr12_31305123_31326023,122.5709196,+
PCBP2,chr11_126256852_126261424,122.5633031,+
HNRNPH2,chr7_27816394_27816889,122.5496824,+
ZC3HAV1,chr6_13321095_13326786,122.5470917,+
NONO,chr16_69340332_69341532,122.5410907,+
ZFP36L2,chr1_212375300_212379894,122.5382645,+
ZC3H8,chr8_42352568_42355515,122.5199274,+
RBM25,chr5_96695907_96722638,122.5176896,+
WDSUB1,chr2_159259843_159275545,122.5166966,+
TIAL1,chr11_66644140_66646026,122.5154177,-
SAMD4B,chr9_37777506_37777600,122.514289,+
ZC3HAV1,chr4_87504923_87529044,122.513682,-
HNRNPA1,chr17_3720402_3723687,122.5067822,+
RBM8A,chr6_87653249_87656905,122.4786119,+
NCBP2,chr19_58315036_58325274,122.4661097,+
PAN3,chr19_43649143_43655438,122.4541903,-
TARDBP,chr17_75268192_75270113,122.4445303,+
MEX3A,chr17_16440253_16441367,122.4324011,-
PABPC1,chr1_225789141_225789239,122.4179635,-
ZCRB1,chr12_42335974_42351884,122.4168466,+
RBM25,chr11_62885608_62888330,122.4155106,-
HELZ,chr15_60386086_60396150,122.3898481,+
RBM43,chr13_37048599_37051487,122.3813334,+
SNRPD1,chr12_10849094_10849373,122.3622674,+
ZFP36L2,chr5_96740118_96741265,122.3159788,+
SNRPD1,chr12_6975148_6975695,122.3067479,-
RBM12,chr12_124911899_124912583,122.2983022,-
ZFP36L1,chr14_102229657_102232534,122.2845297,+
MSI1,chr3_119434882_119435754,122.272686,+
PCBP2,chr10_80078786_80081840,122.2684312,+
KHDRBS1,chr1_162561777_162566011,122.2683987,+
HNRNPC,chr3_197161738_197194424,122.2630522,+
SRRM1,chr3_51985271_51985360,122.2480393,+
LSM7,chr21_33557316_33559229,122.2451433,+
FUS,chr16_635774_636093,122.2442262,+
SNRPB,chr11_86264263_86266082,122.2428668,+
SASH1,chr12_15109549_15111343,122.2233334,-
ZC3H12B,chr1_155689243_155709772,122.2189639,+
HELZ,chr2_227340380_227342744,122.2130095,+
POLR2G,chr12_14885850_14910757,122.2118769,+
LARP7,chr21_25734375_25734852,122.2077401,-
PABPC1,chr1_111137586_111140037,122.2072941,+
CIRBP,chr12_101636728_101642418,122.2046618,+
HDLBP,chr16_29566249_29569270,122.1967421,+
ZCRB1,chr3_115144907_115147218,122.1840497,+
RBM14,chr20_17592063_17600737,122.1568415,+
ANKRD17,chr1_75790057_75791284,122.1225796,+
YTHDC1,chr12_124912583_124913495,122.1143848,-
MBNL2,chr6_26124633_26127697,122.1058309,+
EIF4B,chr6_31581630_31582255,122.1004781,+
LRSAM1,chr8_100948900_100950405,122.0968779,-
LSM10,chr3_57577387_57584383,122.0789152,+
NCBP2,chr14_94388660_94390456,122.0788134,-
DKC1,chr12_8777802_8780574,122.0526309,+
SART3,chr7_8232755_8235909,122.0424625,+
POLDIP3,chr2_27772692_27774423,122.0351283,+
PPP1R10,chr11_828963_829359,122.0299063,+
CSDE1,chr7_107613432_107618327,122.0274747,+
HNRNPM,chr10_3783281_3784912,122.0230713,-
SNRPE,chr7_99968430_99975944,122.0222249,-
HNRNPM,chr8_140890769_141001124,121.9947545,+
YTHDF3,chr19_45080029_45090106,121.9780331,+
PSPC1,chr19_18905629_18910970,121.9663675,+
HNRNPD,chr17_49707068_49707729,121.9652778,+
HNRNPH1,chr3_93995944_93996562,121.9416548,+
ZFP36,chr7_120955624_120956159,121.9365099,+
SNRPD2,chr12_29341761_29343119,121.9248997,+
IREB2,chr2_227340380_227347225,121.9216919,+
ZRANB2,chr9_27548422_27548556,121.9214085,+
PPIE,chr16_19764112_19788837,121.9069481,+
RBM6,chr6_24714440_24716032,121.9065918,-
EWSR1,chr17_46704854_46710962,121.9028622,+
SNRPC,chr12_10607936_10609097,121.8911177,-
HNRNPA1,chr8_109339390_109340490,121.8883506,-
PRPF3,chr3_48694824_48695089,121.8748928,+
TEP1,chr3_11602022_11702970,121.8712446,+
SRRM1,chr1_205381856_205384287,121.8557907,+
LSM4,chr17_82019909_82022638,121.8533084,+
MYEF2,chr11_64318386_64320864,121.833323,-
KHDRBS1,chr4_107660072_107682014,121.826209,+
ESRP1,chr3_32442013_32454240,121.8190984,+
CNKSR1,chr14_102086378_102101874,121.816155,+
TUT1,chr2_131531802_131532709,121.8137614,+
PCBP2,chr13_51675243_51703595,121.8103214,+
LARP7,chr1_86863605_86880661,121.8088628,+
RBM39,chr6_99414686_99416348,121.793522,+
TRA2B,chr8_89981523_89982721,121.7795786,+
FUS,chr15_22839790_22845145,121.7663466,+
LSM6,chr4_70227511_70231194,121.7531359,-
CIRBP,chr6_36678939_36684096,121.7498013,-
HNRNPH3,chr7_140337349_140348625,121.7448278,+
ZC3H13,chr6_152975621_152983233,121.7439438,+
ANKS4B,chr3_11602022_11702970,121.7414475,+
DAZAP1,chr7_849603_851383,121.7354739,+
ZFP36L1,chr1_154966080_154966161,121.720937,+
DKC1,chr4_153276130_153295312,121.7200092,+
THUMPD1,chr12_124913339_124913567,121.7193139,+
SYNCRIP,chr2_197516146_197523623,121.7006982,+
YBX1,chr15_80059809_80120327,121.6941659,+
PUF60,chr2_203402734_203411284,121.6814996,+
TUT1,chr2_222919202_222922707,121.6789202,-
KRR1,chr1_224967583_224967679,121.6773498,+
HNRNPC,chr6_135492291_135497582,121.676287,+
SF1,chr20_47298872_47310055,121.6761249,+
HNRNPH1,chr15_57252492_57253261,121.6721457,+
MCTS1,chr10_38017386_38054374,121.6590377,+
SNRPD1,chr10_114448020_114451623,121.657977,+
PUM1,chr1_243286397_243304712,121.6577867,+
THUMPD3,chr7_43648652_43729428,121.652543,+
PUM2,chr17_7012757_7013665,121.645343,+
ZC3H11A,chr18_31068212_31068298,121.6452105,+
HNRNPH3,chr2_27369209_27369413,121.635799,+
EIF4B,chr1_108659962_108661183,121.610981,+
PRPF3,chr1_228146938_228147409,121.6087008,-
GTF3A,chr14_20802093_20802796,121.6068029,+
RBM6,chr2_97187226_97187328,121.5995218,-
SNRPE,chr18_9562075_9562921,121.5945718,+
SEC23IP,chr3_183086788_183092408,121.5770685,+
APTX,chr5_146164471_146168127,121.5606142,+
LSM5,chr6_31639226_31640198,121.5518926,+
RBM34,chr2_134939062_134946100,121.548449,+
PSPC1,chr2_237540533_237542566,121.5364008,-
GRSF1,chr20_38447623_38448661,121.5010189,+
PRPF3,chr6_125248383_125257097,121.486178,+
EEF1G,chr14_69767380_69768137,121.480273,+
SNRPD3,chr14_96556413_96560648,121.4665871,+
EEF1G,chr2_181920662_181921947,121.4561062,+
SNRPG,chr5_154950938_154956370,121.4518604,+
HNRNPAB,chr3_58141929_58142649,121.4414941,-
SLBP,chr3_16260829_16264768,121.4358367,+
NCL,chr13_37570669_37571368,121.43,+
SNRPB,chr12_120522363_120526456,121.4272065,+
RBM12B,chr2_232556530_232564246,121.4216661,-
YTHDF2,chr7_45103443_45105440,121.4129089,+
HELZ,chr11_35206243_35208104,121.3945436,+
POLR2G,chr14_23960003_24049284,121.3899023,+
RC3H2,chr11_102520804_102524935,121.3699401,-
MBNL1,chr7_67306083_67308576,121.3663522,+
HNRNPK,chr2_215393203_215394527,121.3660954,-
YBX1,chr17_68248086_68248643,121.3646201,+
RBMS3,chr4_109734796_109742490,121.3644336,-
EIF4H,chr5_78450034_78459244,121.3610113,+
RBM6,chr11_118786518_118791097,121.3528827,+
RBMS3,chr2_55875065_55881611,121.3442422,-
SNRPE,chr4_49118933_49123621,121.3410092,+
HNRNPH2,chr1_39480009_39484600,121.3354298,+
SNRPB,chr2_203402734_203416907,121.3273227,+
SF3B4,chr7_141738410_141739123,121.3249409,-
U2AF1,chr4_51899378_51913289,121.3221676,+
SNRPD2,chr18_3456580_3457396,121.3176395,+
SAMD12,chr10_26755741_26759061,121.3163269,+
HNRNPA3,chr20_38421098_38426418,121.3051582,+
ZGPAT,chr12_27297854_27300553,121.3041834,-
HNRNPA1,chr4_76054274_76075880,121.2996699,+
HNRNPH2,chr6_24714440_24716032,121.2986461,-
RRP7A,chr12_56155198_56159974,121.2759035,-
LARP7,chr14_73148094_73170796,121.2566381,+
SSB,chr6_7393303_7395052,121.2482951,+
SNRPD1,chr1_70355111_70366443,121.2453044,+
IREB2,chr11_34646684_34651541,121.1973648,-
SNRPB,chr6_109369017_109376073,121.1935973,-
KIN,chr3_57577387_57584383,121.1889416,-
ZC3H6,chr1_32634792_32650432,121.1773544,+
HNRNPK,chr11_112085462_112086639,121.1721273,+
HNRNPA1,chr7_74065732_74066731,121.1642799,-
EEF1G,chr14_94110797_94114850,121.161992,+
RBMXL1,chr7_8232752_8235909,121.1593422,-
SNRPG,chr14_20802093_20802796,121.1371158,+
SNRPN,chr1_51309325_51311253,121.0928584,+
SNRPD3,chr17_28655483_28662045,121.0905147,+
PCBP1,chr3_108047292_108057476,121.0700873,-
HNRNPM,chr15_80098578_80120327,121.0690453,+
CNOT4,chr12_10710114_10713210,121.0660492,+
KRR1,chr1_150698734_150700111,121.0569775,+
CSDE1,chr7_105014535_105038125,121.0390354,+
PUM1,chr3_16260829_16264768,121.0272561,+
MATR3,chr13_113178008_113178173,121.0246528,+
PTBP2,chr12_104019676_104021356,121.0222115,+
TEP1,chr18_11886778_11886916,120.98391,+
FUS,chr2_172501901_172504090,120.9701198,+
SF3B4,chr21_17604276_17604859,120.9602046,+
RBM34,chr13_50949505_50953904,120.9543897,+
HNRNPL,chr4_87980434_87981474,120.9518324,+
RBM4,chr1_162590511_162597791,120.9389122,+
YTHDF2,chr12_96003064_96003837,120.9299776,+
HNRNPR,chr22_17744013_17774380,120.9252369,-
SNRPE,chr12_57719182_57720405,120.9225845,+
RC3H1,chr18_26035923_26038554,120.9216426,+
SNRPN,chr10_37166695_37168964,120.9213384,+
SNRPC,chr6_34878720_34879966,120.9103585,+
RNPS1,chr20_38421098_38426418,120.9053413,+
HNRNPM,chr14_35046628_35050032,120.9042542,+
PPFIBP1,chr2_97555254_97560664,120.9022047,-
ZRANB2,chr1_224365991_224375794,120.9015965,-
SNRPG,chr1_168004793_168043024,120.8995336,+
LARP4B,chr2_97219246_97224805,120.8993016,+
PABPC1,chr19_48800297_48810983,120.8468901,+
SAMD8,chr13_75809183_75817160,120.8457893,+
ZC3H15,chr19_35631405_35632935,120.8253968,-
THUMPD1,chr2_130342962_130343085,120.8245533,+
RBM6,chr5_71604468_71632120,120.7786759,+
RPS3,chr10_75214070_75219062,120.7670491,+
ANKRD17,chr1_40040801_40059336,120.7632314,+
LSM5,chr14_94110797_94114850,120.7401229,-
TEP1,chr1_24660799_24661312,120.7386341,+
ANKRD17,chr2_27369209_27369413,120.7381388,+
PTBP2,chr10_31852597_31861394,120.7174436,+
LSM4,chr4_70233053_70234019,120.7117088,-
RBM5,chr20_59036760_59037190,120.6955521,+
CSDE1,chr9_14102510_14112998,120.6909237,+
EIF3B,chr18_11886621_11886712,120.6737423,+
SF3B4,chr6_22056690_22110746,120.6685711,+
WDSUB1,chr2_73250438_73252639,120.6644832,-
DNAJC17,chr1_202764145_202773117,120.6597899,+
CARHSP1,chr4_185678822_185775226,120.6582796,+
PPIL4,chr12_6450980_6451468,120.6572627,+
SAMD5,chr2_159453801_159478574,120.6565756,+
RBM3,chr5_272772_311292,120.652116,+
RBMX2,chr9_19200582_19378367,120.6447634,-
SAMD12,chr8_94678371_94705924,120.6366469,+
SF3B4,chr9_3293258_3301545,120.6275194,+
HNRNPA3,chr15_63060939_63061712,120.6081925,+
DDHD2,chr12_6330711_6333068,120.593704,-
APTX,chr16_635340_636093,120.57833,+
SAMD4B,chr17_41515692_41610853,120.5726876,+
CCAR1,chr6_311962_335113,120.5719491,+
SASH1,chr16_89907322_89908965,120.5704695,+
ZC3H15,chr5_57247215_57249453,120.5681121,+
G3BP1,chr8_52624787_52628031,120.5677027,+
EWSR1,chr5_138163344_138164319,120.560434,+
LARP1,chr7_849603_849922,120.5580127,+
MYEF2,chr2_191682017_191683728,120.5470584,+
HNRNPR,chr13_52019143_52024005,120.5373262,+
HNRNPF,chr3_197161738_197194424,120.5340847,+
ZFP36L1,chr18_36124700_36129113,120.5284569,-
SNRPD1,chr20_45814470_45815853,120.5277695,-
SNRPB2,chr17_42316851_42317181,120.5237946,+
TIA1,chr7_101218485_101222603,120.5161993,+
RC3H1,chr3_193618936_193626091,120.502656,+
APTX,chr7_101221796_101222603,120.5019717,+
ZFP36L2,chr14_20455338_20455577,120.4917216,+
FUS,chr6_125292909_125300537,120.4805894,+
ZFP36L2,chr19_9827984_9828326,120.473853,+
SAMD8,chr10_28614685_28616172,120.4656686,+
RBM6,chr12_91178585_91182654,120.4584418,-
NCL,chr7_103307708_103308951,120.4527912,+
HNRNPM,chr3_185494761_185496827,120.4444529,+
SNRPD2,chr1_203861955_203863662,120.4440677,-
MBNL1,chr12_6578917_6580277,120.4415752,+
ESRP1,chr3_149285182_149287620,120.4361317,-
ZFR,chr16_53157541_53209481,120.429796,+
QKI,chr12_120566980_120575630,120.4148483,+
SCML4,chr12_124912883_124913111,120.4147111,-
ZC3H11A,chr12_7060877_7061838,120.4077907,+
YTHDF2,chr7_5229738_5230834,120.3839961,+
ANKS4B,chr6_85641451_85642796,120.3683864,+
ZFR,chr5_179614959_179616125,120.351691,+
PPIE,chr4_118705821_118709997,120.3366251,+
PCBP2,chr20_45420693_45421382,120.3299494,+
RALY,chr14_69767380_69768137,120.327039,-
PAN3,chr1_207339417_207340390,120.3269961,+
PPIE,chr10_73045051_73046924,120.3214272,+
EPHB1,chr1_185305643_185306484,120.3200195,-
RBM45,chr11_62705617_62706202,120.3171186,+
HDLBP,chr1_186406268_186411810,120.3159741,+
CARHSP1,chr8_89758233_89765340,120.3132948,+
SAMD4A,chr13_45383235_45389734,120.311808,+
NAA38,chr1_156011887_156018131,120.2945628,+
RPS3,chr3_157153156_157157010,120.294366,-
U2AF1,chr4_51886638_51891759,120.2940255,+
SASH1,chr3_180985996_180988022,120.2889248,+
PNO1,chr19_35631405_35633097,120.2886237,+
ZCCHC17,chr19_5901454_5903611,120.2795816,+
RBM28,chr19_52322022_52322358,120.2793344,+
KIN,chr5_71604468_71626639,120.2567197,+
RRP7A,chr6_125292909_125300537,120.2463233,+
SAMD12,chr1_146189373_146228708,120.2452285,+
ZC3H7A,chr4_82430884_82447919,120.2301514,+
SNRPD1,chr15_69453020_69455169,120.2162317,-
ZFP36L1,chr1_52896597_52899173,120.2124945,+
RBM7,chr1_155260659_155262085,120.2059025,+
PDCD11,chr5_138157267_138160068,120.1962413,+
RBM19,chr9_114323805_114330791,120.1939955,+
PARP14,chr12_6652309_6652661,120.1919077,-
PAPSS1,chr12_98531838_98537474,120.1886989,+
HNRNPH2,chr8_94678371_94705924,120.1803388,+
HNRNPH3,chr22_29299280_29299598,120.1764814,+
SNRPG,chr19_45079377_45090106,120.170114,+
SRRM2,chr20_35772079_35774487,120.1578628,+
RBMX,chr4_49119207_49123621,120.1476961,+
TROVE2,chr6_30741333_30742146,120.1459019,+
YTHDF3,chr15_42231915_42233212,120.1433011,+
PTBP2,chr3_37174605_37175817,120.1401051,+
TRA2A,chr6_31540534_31541949,120.1353943,+
PAN3,chr12_124912655_124913567,120.1311447,-
MYEF2,chr12_6905759_6905844,120.1151297,+
MCTS1,chr8_73030395_73032041,120.0991902,+
PCBP2,chr20_35772079_35801490,120.0878791,+
SNRPE,chr17_82019219_82019307,120.0744327,-
PAN3,chr16_72056631_72057391,120.0688556,+
PAN3,chr16_72058355_72059113,120.0688556,+
ZC3H15,chr1_149833855_149834134,120.0657225,+
PUF60,chr8_94692827_94705924,120.0473882,+
NONO,chr3_100310542_100316098,120.045543,+
RBM34,chr2_95888120_95923494,120.0381089,-
ACIN1,chr10_30437406_30438915,120.0309622,+
PCBP1,chr12_133083561_133105509,120.0290843,+
PCBP2,chr2_206159684_206159912,120.0182839,+
PCBP1,chr19_58063541_58066740,120.0175858,+
SF3B4,chr12_27302188_27309113,120.0087376,-
TROVE2,chr2_25455494_25482795,120.0074402,+
RBM8A,chr5_181242345_181243679,120.0044718,+
GRSF1,chr3_158571391_158592433,120.0034109,+
YBX1,chr10_110132400_110133325,119.9728087,+
ACIN1,chr9_86317276_86319583,119.9655024,+
RBM25,chr15_41358258_41365401,119.9602656,-
RBM39,chr2_200877037_200881420,119.9494164,+
TEP1,chr1_52911790_52913894,119.9232626,+
RBM3,chr16_80981877_80997313,119.9225744,+
SAMD12,chr12_50138617_50142052,119.9225642,+
MBNL1,chr12_50138617_50143073,119.8995376,+
RBMX,chr1_161157693_161158411,119.8974945,+
LSM1,chr7_87194102_87195030,119.8963536,+
PPFIBP1,chr17_5428211_5432541,119.8869477,+
RRP7A,chr11_66644140_66646026,119.8764227,+
EIF3G,chr3_48927813_48961611,119.8762229,+
SLBP,chr12_28225861_28257201,119.875065,+
HNRNPM,chr7_95412477_95416241,119.8742495,+
SF1,chr12_10612978_10613438,119.8740173,+
SART3,chr3_32442013_32454240,119.8688757,+
TIAL1,chr7_6398718_6400125,119.8656404,+
SAMD12,chr8_85217502_85219322,119.8632495,+
FUS,chr12_124912408_124912864,119.8459631,-
ZC3H15,chr1_40059458_40060069,119.8318923,+
TRA2A,chr1_202945195_202946438,119.8318416,-
TNKS,chr8_56214667_56216388,119.8312801,-
EIF2S1,chr1_156738764_156741052,119.8254445,+
CCAR1,chr12_124912408_124913548,119.8187711,-
SNRPE,chr2_97558871_97558965,119.8173926,+
SNRPE,chr2_97558994_97560664,119.8044716,+
PAPSS1,chr3_121770574_121781742,119.8029476,-
SRRM2,chr2_95888120_95889798,119.795126,-
SNRPA,chr9_83974589_83976994,119.7946903,-
KIN,chr1_224317930_224326390,119.7894595,+
RBM5,chr1_161038634_161038879,119.7884549,-
PARP14,chr3_185926734_185931576,119.7835276,+
RALY,chr19_43649143_43655438,119.7577687,+
PPIE,chr11_32583929_32589546,119.7573964,+
NOL8,chr1_235155112_235160892,119.7547929,+
ZC3H4,chr1_8868057_8871890,119.7443063,+
NONO,chr1_212375300_212377561,119.740301,+
CSDE1,chr19_38619223_38620336,119.7361995,+
HNRNPH1,chr2_215381080_215382211,119.7185035,-
RBM43,chr5_146164471_146168127,119.717392,+
PHC3,chr1_162590511_162592734,119.7124149,+
RBM3,chr6_158637894_158644681,119.7109518,+
EIF4B,chr1_179884769_179889309,119.6952098,+
PTBP1,chr6_90536401_90547257,119.6908145,+
GRSF1,chr2_97187226_97187328,119.6905006,+
PABPC1,chr11_17286717_17295323,119.6744364,+
HNRNPR,chr12_53462567_53464759,119.6552891,+
ZC3H4,chr5_71483896_71486530,119.6473723,+
RPS3,chr22_20126368_20126954,119.6440425,+
HNRNPA1,chr17_46487140_46710962,119.6364007,+
PAPSS1,chr1_168038488_168043024,119.6129325,+
GRSF1,chr7_20218363_20219582,119.6092197,+
RBM7,chr6_167864746_167870385,119.6059014,+
SRRM1,chr8_73830472_73878807,119.6036672,+
APTX,chr10_29409683_29415356,119.602308,+
EEF1G,chr6_125292909_125298713,119.5929742,+
SNRPE,chr8_66922725_66926197,119.5824886,+
RBM17,chr1_30945483_30950126,119.5783656,+
SRRM1,chr14_102251995_102283477,119.5579574,+
SNRPD1,chr12_15111417_15217428,119.5532253,+
RBM41,chr17_81682149_81683012,119.5097418,+
HNRNPL,chr11_3001248_3001969,119.5089971,+
HNRNPH2,chr17_81891841_81894466,119.5087856,+
U2AF1,chr19_49667161_49668850,119.5028701,+
ANKS4B,chr1_181050286_181053572,119.4890295,+
U2AF1,chr17_42951894_42954875,119.4838181,+
PNO1,chr19_3366666_3381711,119.4804751,+
RC3H1,chr5_132271466_132271790,119.4796698,+
ZRANB2,chr12_14885850_14910436,119.4708635,+
FUBP1,chr18_50274353_50274976,119.4647398,+
RBM6,chr8_142701713_142703125,119.4606687,+
RBM34,chr12_22457161_22469708,119.4324242,+
LARP1B,chr18_47869436_47870474,119.4178327,+
THUMPD1,chr14_73316422_73323129,119.4168856,+
G3BP1,chr1_90918154_90937484,119.4076104,+
TIAL1,chr2_206765654_206766643,119.3851755,+
RBM28,chr7_2222754_2229983,119.368304,+
KIN,chr14_88609403_88609711,119.3648386,+
TARDBP,chr7_101318213_101318955,119.3570202,+
SNRPE,chr8_144412946_144413512,119.3536839,+
KRR1,chr12_56159622_56159974,119.3454284,-
NCL,chr8_69493125_69501873,119.3317509,-
RBM3,chr4_53399839_53425871,119.3293986,+
RBM43,chr13_45340184_45341041,119.323491,-
EPHB4,chr4_76054274_76057989,119.3177795,-
RBM7,chr5_34913578_34914694,119.3019579,+
PABPC1,chr5_65662150_65664233,119.2956715,+
CSDE1,chr2_73927052_73938909,119.2793187,-
YTHDF2,chr12_101636728_101642418,119.2767744,+
PAN3,chr2_227813987_227815456,119.2698363,+
ZFR,chr3_3172646_3172775,119.2660652,+
HNRNPC,chr15_101650161_101652270,119.2625606,+
YBX1,chr12_31298224_31304981,119.261225,+
ZC3H15,chr15_40836282_40844178,119.2579465,-
THUMPD1,chr13_52456607_52460895,119.2578348,+
HNRNPA1L2,chr12_124913092_124913320,119.2551911,-
SNRPC,chr6_26124633_26138053,119.2348953,-
HNRNPF,chr5_96727530_96729611,119.2339132,+
RBM28,chr3_52693046_52693190,119.230245,-
HNRNPF,chr3_138187599_138209816,119.2289654,+
PCBP2,chr3_138187599_138209816,119.2166441,+
TRA2A,chr12_95252071_95256549,119.2141129,+
RBM42,chr6_24708911_24716147,119.1762272,-
MCTS1,chr21_37157214_37159698,119.159108,+
RBM7,chr5_304221_314416,119.1441709,+
EEF1G,chr9_111597432_111599338,119.1307053,+
RBM39,chr1_151254808_151263913,119.1261165,-
RBM7,chr12_27300601_27302136,119.1253197,-
PCBP2,chr21_29008123_29008239,119.0809226,+
RBM41,chr8_73959818_73964486,119.0791432,+
RBM4B,chr6_26124633_26127697,119.0383012,+
EIF4H,chr7_99968467_99971745,119.0280849,-
RPS3,chr1_150220758_150223185,119.0266753,+
ZC3H12B,chr3_50288937_50289254,119.0120956,+
GRSF1,chr1_51294511_51297790,119.0030816,-
TEP1,chr10_31852597_31854065,118.9940367,+
CNKSR1,chr11_35190065_35204511,118.9766758,+
SNRPD3,chr3_69080153_69080333,118.9740672,+
G3BP1,chr9_128098725_128101095,118.9724928,+
SCML4,chr8_69493125_69501873,118.9624512,+
EIF4B,chr5_96727530_96729152,118.9586769,+
YTHDC2,chr6_311962_345853,118.9346282,+
RPS3,chr5_138518867_138529554,118.9214,+
SF1,chr3_180970358_180976121,118.9089538,+
RBM41,chr14_39319291_39326863,118.9088647,+
SYNCRIP,chr8_15748465_15764202,118.9087288,+
HNRNPH3,chr9_32987731_32988082,118.9055688,+
DHX57,chr1_213008466_213015612,118.893263,+
TTC14,chr12_57787162_57796176,118.8884135,+
G3BP2,chr1_22052742_22078428,118.8865087,+
SHANK2,chr12_56158415_56158683,118.8689385,-
ACO1,chr3_158710921_158713796,118.8589389,-
EEF1G,chr17_7626793_7626942,118.8587215,+
SNRPE,chr1_186301711_186306317,118.8577196,+
TARDBP,chr12_124911822_124913418,118.8359016,-
MCTS1,chr11_64241661_64242383,118.8345978,+
ZC3H15,chr20_17975903_17988165,118.8292517,+
RBPMS,chr9_128068580_128101095,118.8241797,+
EIF4B,chr6_24708911_24710866,118.8133799,-
HNRNPH1,chr19_36325764_36330252,118.8030219,+
NCL,chr12_7060877_7061751,118.7807354,-
CNOT4,chr8_94260512_94262204,118.7698363,+
ZFP36,chr20_59036760_59037190,118.7473884,+
SAMD12,chr1_182388750_182391174,118.7185263,-
RBM4,chr1_28560732_28561345,118.711416,+
G3BP2,chr20_46393143_46394048,118.6984788,+
U2AF1,chr1_71065137_71066775,118.695821,+
SLBP,chr1_151293462_151294017,118.6769936,+
HNRNPM,chr17_72021979_72025897,118.6337566,-
EPHB3,chr11_62520391_62522551,118.6297019,+
LSM2,chr1_150220761_150226607,118.6268593,-
ZC3H12D,chr16_20900889_20915555,118.6201936,+
SAMD8,chr16_80976179_80980769,118.6120206,+
U2AF1,chr2_227325427_227330625,118.6089017,+
U2AF1,chr11_3001248_3001969,118.5979044,+
SSB,chr9_88448989_88468371,118.5957876,+
LSM4,chr2_27444061_27444185,118.5851987,+
ZRANB2,chr14_30622399_30630476,118.5817575,+
CHERP,chr9_72363606_72364695,118.5725188,+
TIAL1,chr4_48897857_48904483,118.5712169,+
RBMX2,chr12_53295639_53297849,118.5430912,-
ZFP36,chr11_34651610_34656907,118.5373795,+
HTATSF1,chr6_26127761_26138053,118.5262676,-
LSM1,chr11_34651610_34656907,118.5167033,-
SCML4,chr19_10677310_10679096,118.508182,+
SNRPC,chr14_55673012_55675834,118.4854779,+
SAFB,chr7_76005404_76021850,118.4699998,+
HNRNPM,chr8_11853479_11864375,118.4655453,+
PNO1,chr7_54757594_54759157,118.4648453,+
PTBP2,chr12_56158711_56159974,118.4615059,-
PCBP2,chr17_16439414_16440184,118.4605207,+
PAPSS1,chr19_40348768_40366418,118.4584379,+
GRSF1,chr2_232556530_232564246,118.4497769,-
RBM34,chr14_55673012_55675834,118.4374661,+
LARP4B,chr3_121788432_121790072,118.4051712,+
RBM7,chr1_146189381_146228708,118.404906,+
RC3H1,chr9_37780880_37783913,118.3869961,+
SASH1,chr1_186411893_186417543,118.3847397,+
G3BP2,chr12_14885850_14905108,118.3847127,+
TRA2A,chr7_10938147_10940015,118.3696377,-
MYEF2,chr5_135353045_135360496,118.3694038,+
EIF4B,chr11_43335994_43342432,118.3599976,+
SYNCRIP,chr2_227340380_227347225,118.351434,+
RBM4,chr4_185678822_185775226,118.3421969,+
SNRPB2,chr6_3225811_3226158,118.3404942,+
APTX,chr22_17739488_17774380,118.3332581,-
LSM3,chr3_37174605_37176059,118.3329084,+
HNRNPC,chr14_94388660_94390456,118.3297427,-
PAPSS1,chr6_24708911_24716147,118.3257,-
TROVE2,chr1_219179246_219210531,118.3006746,+
HNRNPH3,chr10_109888192_109888502,118.2933658,+
TRA2A,chr19_49680253_49680486,118.2610898,+
PAPSS1,chr12_124913190_124913418,118.2581679,-
SNRPE,chr2_73957240_73958145,118.2580265,+
RBM4B,chr19_54206724_54207397,118.232245,-
HNRNPR,chr12_57793073_57796176,118.2311251,+
MBNL2,chr7_105038199_105040838,118.2173483,+
PPP1R10,chr2_227325427_227328677,118.2128275,+
PNO1,chr12_32737161_32737864,118.2008058,-
SAMD12,chr20_34090602_34096656,118.1899748,+
RBMS2,chr19_51024310_51024637,118.1878444,+
EEF1G,chr12_57512103_57512235,118.1832992,+
SAMD4A,chr7_116210734_116249019,118.1727298,-
RRP7A,chr1_51652041_51714002,118.1697196,+
ESRP1,chr18_47869436_47896520,118.1651311,+
RBM7,chr20_59036760_59038465,118.1648493,+
SRRM1,chr1_16315435_16316436,118.160191,+
HNRNPA2B1,chr12_8777802_8780574,118.1471941,+
APTX,chr3_121668158_121669196,118.1369739,+
EPHB1,chr7_116210734_116249019,118.1321555,-
U2AF1,chr3_121844547_121854686,118.1315739,+
RBM23,chr1_22052742_22078428,118.1299023,+
PNPT1,chr4_73135265_73139530,118.1275739,+
PUM2,chr2_95888120_95889798,118.098471,+
EWSR1,chr12_68885889_68932677,118.0843457,+
PCBP1,chr15_78542219_78544189,118.0827668,+
CPSF7,chr2_131531802_131532863,118.0757006,-
HELZ,chr4_10088741_10116112,118.0721946,+
TNKS2,chr1_179852811_179877238,118.0360202,+
ZRANB2,chr1_153638448_153645063,118.0335108,+
SSB,chr1_231229209_231238856,118.0290462,+
HNRNPD,chr6_33294762_33294976,118.0242382,+
QKI,chr3_152447773_152456266,118.0128312,+
TNRC6A,chr18_63983721_63985092,117.9991114,+
SRBD1,chr2_45488331_45546731,117.998483,+
RBM4B,chr2_97555254_97584943,117.9979023,-
RBM6,chr2_27772692_27779432,117.9927104,-
RBMS3,chr3_29281756_29434742,117.9850662,+
PARP14,chr17_16440253_16441367,117.9634681,+
ZFR,chr4_13381594_13474317,117.9486674,+
EIF4B,chr6_159790060_159790939,117.9453593,+
U2AF1,chr12_124911971_124912427,117.9449523,-
THUMPD1,chr17_67959875_67963332,117.9448782,+
ZC3H6,chr12_56159622_56159974,117.9420159,+
SLBP,chr3_136928227_136945582,117.9378468,+
SCML2,chr2_31869952_31891991,117.9363518,+
TROVE2,chr8_61643433_61644599,117.9157011,+
G3BP2,chr2_28865119_28869578,117.9035554,+
LSM2,chr7_141738575_141739123,117.902645,+
RBM18,chr19_1032696_1036415,117.8929389,-
KHSRP,chr3_142005544_142093060,117.8886538,+
KHDRBS1,chr3_134358719_134359282,117.8838093,+
CIRBP,chr8_69493125_69495764,117.8791595,-
PNPT1,chr6_36600276_36601151,117.8754743,+
EIF2S1,chr17_41525273_41527920,117.8626522,-
KRR1,chr7_95406272_95406986,117.8575499,-
PCBP1,chr14_88609403_88609714,117.8510363,+
RBM43,chr7_99458355_99460085,117.8494466,+
U2AF1L4,chr15_88639076_88639342,117.84111,+
ZC3H8,chr13_49110406_49114654,117.8289388,+
KIN,chr4_82355401_82356795,117.8270028,+
LSM7,chr17_49707068_49707729,117.8239621,+
SF1,chr12_53034724_53037408,117.7943048,+
RBM8A,chr6_10695069_10697323,117.7941441,+
TIA1,chr1_92832117_92833544,117.788856,-
SLTM,chr14_24241994_24242140,117.7808026,+
ZC3H12D,chr20_18507990_18510821,117.7800474,+
RBM12,chr22_31531129_31546860,117.7661586,+
RBM34,chr2_71068712_71072640,117.7638703,+
RC3H2,chr6_31860621_31861998,117.7529967,+
CPSF7,chr1_175000195_175006744,117.7457633,-
NOL8,chr12_8777802_8780574,117.729981,-
ZC3HAV1,chr9_19200582_19378367,117.7232654,-
SYNCRIP,chr3_32442013_32452391,117.7178546,+
PTBP1,chr12_124913339_124913567,117.7110258,+
ZFR,chr3_187734907_187736089,117.7068193,+
HNRNPD,chr5_163505749_163512001,117.6826819,+
RBM41,chr12_28190641_28305648,117.671679,+
RBM34,chr9_36651877_36665349,117.6644797,+
RBM4,chr12_14885850_14905108,117.6539437,+
GTF3A,chr10_70161931_70170412,117.6425149,+
ESRP1,chr4_82355401_82356795,117.6372064,+
HDLBP,chr10_78037304_78040614,117.6285695,-
EIF4B,chr17_82019909_82022825,117.6283037,+
RBM41,chr7_8232755_8235909,117.6235996,+
PARP14,chr20_58895684_58903530,117.6183845,+
PARP14,chr14_94383241_94390456,117.597895,+
NCBP2,chr12_124913339_124913567,117.5665714,+
G3BP2,chr1_42457567_42459602,117.5655556,+
HNRNPL,chr10_88941390_88941784,117.562625,+
ANKRD17,chr22_31528863_31531057,117.5439343,+
DAZAP1,chr15_41358258_41365404,117.5396663,+
TRA2A,chr6_33080534_33080671,117.5340334,+
ZC3H4,chr16_634797_635280,117.5327371,+
MEX3D,chr17_3720402_3723287,117.5212185,+
HNRNPM,chr19_5901454_5903611,117.5032404,+
ANKS4B,chr12_124912199_124913339,117.4880162,-
ZC3H4,chr8_119570841_119572175,117.4783021,-
HNRNPL,chr12_124912636_124913092,117.4612556,+
CSDE1,chr2_272305_275139,117.4594559,+
RBM27,chr12_124911971_124913339,117.4379406,+
PUM1,chr18_12948232_12951854,117.4341674,+
FUBP1,chr10_102452187_102455336,117.4325793,+
SNRPD3,chr15_79961174_79970699,117.428757,-
LSM3,chr1_167773368_167787819,117.4278807,+
SF1,chr12_31298224_31304981,117.4119983,-
RBM43,chr21_25982477_25997359,117.4090686,+
SF3B4,chr4_15971082_15980421,117.401533,+
NONO,chr1_45519054_45522777,117.3923863,-
RBMS2,chr2_97187226_97189217,117.3858874,+
CPSF6,chr4_76054274_76075880,117.3723819,+
SNRPE,chr11_47569891_47571470,117.3707163,+
RALY,chr6_159790639_159790939,117.3671441,-
HNRNPF,chr9_129634306_129635207,117.3651167,+
RBM17,chr18_46087492_46095052,117.3587282,-
HNRNPA2B1,chr1_202764145_202766925,117.3393149,+
RBM25,chr18_62279856_62280645,117.3359677,+
YBX1,chr18_22933564_22936753,117.3324751,-
ESRP1,chr2_222643005_222646800,117.3309582,+
ZC3HAV1L,chr9_114323805_114330791,117.3023133,+
TRA2A,chr17_72428298_72592202,117.2977863,+
SNRNP35,chr1_167765749_167787819,117.262134,+
RRP7A,chr12_28190641_28305648,117.2618481,+
HNRNPH1,chr17_81512360_81512614,117.254675,-
GRSF1,chr22_17744013_17774380,117.2508908,-
PHC3,chr16_56936817_56942131,117.2478417,-
PCBP2,chr12_28225861_28257201,117.2343003,+
RPS3,chr6_31835451_31836423,117.2276427,-
SNRNP70,chr6_31269543_31269965,117.226246,+
PCBP2,chr11_66617057_66624213,117.2178598,+
EEF1G,chr1_85258722_85259357,117.215677,+
HNRNPH2,chr16_66552793_66558189,117.2145528,+
HNRNPK,chr7_56052485_56055623,117.2117136,+
POLDIP3,chr8_144425000_144425682,117.2071596,-
PCBP2,chr6_159790060_159790939,117.198576,+
PPFIBP1,chr1_207785682_207790252,117.1926227,+
ZCCHC17,chr7_124863640_124870910,117.172464,+
RBM19,chr6_35293044_35293750,117.1640401,+
PABPC4,chr1_155136376_155137560,117.1451563,-
RBMX,chr15_41371684_41377195,117.1415806,-
CCAR1,chr17_81891841_81893551,117.1185425,+
PCBP2,chr18_58335537_58341037,117.1171812,+
RBM34,chr2_9587509_9591391,117.1044403,-
CCAR1,chr5_57214193_57221375,117.0952972,+
TEP1,chr17_81891833_81894466,117.0933392,+
TIAL1,chr3_140963227_140966347,117.0774247,+
ZC3H15,chr6_106293106_106308363,117.0759014,+
HNRNPK,chr2_131132991_131140169,117.0744705,-
SCML2,chr17_27307919_27309099,117.0621399,-
RBMS1,chr2_160282304_160284774,117.055367,+
MATR3,chr17_7017014_7017256,117.0499236,+
SNRPD2,chr10_89010815_89011998,117.0348071,+
HNRNPAB,chr9_26913947_26919309,117.0146354,+
RBM5,chr21_37073473_37087246,117.009562,+
LSM3,chr12_124912180_124913320,117.0084518,+
DKC1,chr2_97164311_97164396,116.9851835,+
SASH1,chr17_28715122_28715218,116.9601269,+
PHC3,chr3_50289628_50289711,116.958226,+
SAMD8,chr3_141974194_141978519,116.9302787,-
KIN,chr2_38577532_38581912,116.9234414,+
RC3H1,chr10_37177756_37181321,116.9224749,+
EIF4H,chr16_88859972_88860910,116.9131164,+
G3BP2,chr7_95406272_95406986,116.9107973,-
GTF3A,chr14_30628279_30630476,116.9051241,+
MATR3,chr10_68901471_68906710,116.8970465,+
NIP7,chr17_21625246_21632652,116.8910101,+
EIF4B,chr2_55922939_55923710,116.8607899,+
LSM2,chr7_1010143_1127256,116.8599753,+
SNRPD2,chr19_38619327_38620336,116.8578414,+
RBM39,chr18_63983721_63985092,116.8468134,+
MBNL1,chr19_14410334_14410420,116.8448751,+
RBM43,chr12_122511188_122515104,116.8409008,+
EIF3G,chr10_78037304_78040614,116.8201499,-
YTHDF2,chr1_234400948_234401180,116.8086567,+
RBMXL1,chr7_99923603_99971745,116.8054363,-
PPIE,chr1_39748767_39748902,116.788341,+
MBNL2,chr9_33332502_33338506,116.758329,+
FUBP1,chr5_140281533_140303040,116.7481046,+
U2AF1,chr17_5480144_5481100,116.7465686,+
MCTS1,chr20_44531978_44589796,116.7458254,+
RBMX,chr15_49625431_49632158,116.7400492,+
FUS,chr2_97187226_97187328,116.7224229,+
KHDRBS1,chr2_218269537_218269965,116.7143883,+
RBM3,chr2_207624404_207625264,116.7072277,+
UPF3B,chr8_98042718_98044942,116.6977299,-
RNPC3,chr14_45096228_45096423,116.6957535,+
SAMD8,chr11_117200812_117203001,116.6787049,-
APTX,chr12_27724186_27737538,116.6504146,+
THUMPD1,chr5_134374463_134388324,116.640216,+
PHC3,chr3_32442013_32454240,116.6319613,+
GRSF1,chr1_228108318_228109148,116.6299838,-
MYEF2,chr3_129288997_129298353,116.6160751,+
STIM1,chr2_85596649_85597103,116.6132315,-
FUBP1,chr19_41433673_41438217,116.6020999,+
PCBP1,chr4_75795356_75799621,116.5929683,+
HNRNPF,chr18_36124700_36129113,116.5811784,-
CPSF7,chr1_243186072_243186258,116.5809312,+
POLR2G,chr12_124912655_124913111,116.5799062,+
SAFB,chr12_42375074_42387455,116.5742071,+
SCML4,chr7_149012360_149020966,116.5710725,+
SNRPN,chr14_20802093_20802796,116.5606679,+
SNRPE,chr9_115042341_115073602,116.5559132,+
SCML2,chr3_167720273_167734213,116.5549386,+
CSTF2,chr17_81512360_81512614,116.5486876,-
RBM4B,chr4_185678547_185678795,116.5334937,+
PUM2,chr12_124912655_124912883,116.532254,-
TROVE2,chr1_156137232_156138487,116.5188385,-
RBM19,chr6_56735289_56851396,116.5104944,+
ZC3HAV1,chr14_94615084_94622340,116.5074392,-
SNRPD3,chr3_152445539_152447619,116.5023341,+
PUM2,chr2_15607313_15617243,116.4909847,+
ZCCHC17,chr7_45103443_45105440,116.4800423,+
HNRNPK,chr7_116904383_116910232,116.4781982,+
RBPMS,chr7_91980333_91980872,116.4780626,-
EIF3G,chr18_26944366_27024115,116.4727946,+
MCTS1,chr2_227813987_227815456,116.4720732,-
UNKL,chr22_40156182_40246014,116.4712231,+
HNRNPA1,chr19_9828064_9828326,116.4689837,+
SAFB,chr8_143581328_143586728,116.4667501,-
KHDRBS1,chr5_103186439_103190841,116.4649726,+
KRR1,chr13_75569507_75589937,116.4522888,+
SAFB,chr7_149012360_149020966,116.439767,-
SHANK2,chr4_54726050_54727217,116.4386657,-
SAMD8,chr17_36578192_36579244,116.4367167,+
SNRPB,chr8_129871496_129903311,116.4261401,+
LRSAM1,chr2_23983033_23999671,116.4226686,+
PAPSS1,chr2_201118901_201129728,116.389536,+
DNAJC17,chr19_12773044_12774668,116.3887966,+
RBM6,chr12_56159622_56159974,116.3826987,-
UNK,chr12_15110282_15111343,116.3813738,-
RBM39,chr14_103334260_103335652,116.3746556,+
EIF4B,chr6_158637894_158644681,116.3731621,+
HNRNPH3,chr10_63264764_63380317,116.3676904,+
CPSF7,chr12_5160385_5169806,116.3560914,+
PARN,chr8_108233672_108234997,116.3548118,-
ZC3H12D,chr10_28614685_28616172,116.3533555,+
RBM41,chr9_14179780_14180658,116.3521382,+
TIAL1,chr6_42935473_42935573,116.3507854,+
HNRNPD,chr20_17660528_17682027,116.3425627,+
PAPSS1,chr11_33731468_33736381,116.3357389,+
PABPC1,chr4_48897857_48904483,116.3333596,-
SASH1,chr6_30619989_30624882,116.2854023,+
RBMS2,chr17_46487140_46710962,116.2833866,+
YTHDF3,chr8_116658980_116755665,116.2816936,-
LSM3,chr12_10607936_10609097,116.280778,-
RBM8A,chr3_100492928_100555208,116.2700777,+
PABPC1,chr21_39345958_39348291,116.2524356,+
HNRNPK,chr20_5109445_5112960,116.2464961,+
ZC3H15,chr6_135492291_135497582,116.2337413,+
ANKHD1,chr6_85612923_85614980,116.2222838,+
HNRNPA2B1,chr15_79905450_79970699,116.2184462,-
GRSF1,chr3_195662733_195663623,116.2104452,+
ZNF638,chr22_42912157_43015020,116.193954,+
ZC3H12B,chr14_65093815_65102303,116.185233,+
EEF1G,chr14_77462242_77464597,116.1796171,+
SNRPD1,chr6_36600276_36601151,116.1669111,-
IREB2,chr14_20455338_20455577,116.1538517,+
YTHDF2,chr1_153638448_153642245,116.1494433,+
SFMBT2,chr2_66568756_66571245,116.1465686,+
SF3B4,chr6_17507312_17539268,116.1230859,+
NCL,chr7_5741644_5752845,116.100111,+
ZC3H4,chr1_151254808_151264831,116.094315,-
RNPC3,chr12_26979936_26980565,116.0926258,+
EIF2S1,chr8_81717288_81718181,116.0893898,+
DKC1,chr5_132927207_132932177,116.0531656,+
PCBP2,chr12_88040265_88042824,116.0523574,+
MATR3,chr10_112964624_113040024,116.0507521,+
KHSRP,chr3_27404963_27411641,116.0341156,+
ZC3H14,chr11_118237260_118240210,116.0070413,+
SNRPB2,chr2_227352573_227355676,116.0028471,-
NIP7,chr2_200877037_200881420,116.0001184,+
CNOT4,chr5_150447735_150449485,115.9913262,-
NONO,chr1_51756358_51760689,115.9835483,+
LARP4B,chr1_193016395_193021096,115.953225,+
SSB,chr3_108049651_108050577,115.9496942,+
HNRNPH1,chr8_143581328_143586728,115.9479628,-
PNPT1,chr16_31202203_31202416,115.9381773,-
LSM5,chr11_78101195_78103979,115.9375088,+
NUPL2,chr16_21625115_21655229,115.9365648,+
TRA2B,chr7_99409245_99410033,115.9294058,+
YTHDF3,chr4_152863714_152872451,115.9256088,+
SASH1,chr20_38421098_38422086,115.9166887,+
SNRPB2,chr12_10373137_10374034,115.9118521,+
HNRNPM,chr6_107040230_107044259,115.9109624,+
ESRP1,chr1_161038075_161038879,115.905917,-
HNRNPA3,chr18_31068212_31068298,115.8988517,+
HNRNPH2,chr4_105190505_105233896,115.889767,+
ANKRD17,chr18_3247587_3253232,115.8871203,-
SAMD8,chr7_42937241_42937321,115.8765897,+
YBX1,chr2_202214434_202238439,115.8633893,-
ZCRB1,chr12_22457161_22458483,115.8599276,+
TARDBP,chr15_79889354_79896790,115.8574878,+
HNRNPL,chr3_3154075_3154746,115.8544843,+
RBM3,chr6_79201726_79202275,115.84721,+
PABPC1,chr17_7012757_7013665,115.8381016,-
PHC3,chr8_140702707_140706118,115.8270738,+
PPIE,chr12_124912636_124913092,115.8146407,+
HNRNPM,chr16_189339_189967,115.813392,+
LSM5,chr12_8780112_8780574,115.808911,+
YBX1,chr6_24714440_24718539,115.8088034,-
RBM4,chr7_117134192_117136080,115.7980821,+
MCTS1,chr12_124911971_124912427,115.7967306,+
SNRPD3,chr3_52198255_52199209,115.7893942,+
KHDRBS1,chr6_99412318_99412550,115.7758594,-
ZFP36L1,chr8_109339390_109340490,115.7723202,-
ZC3H4,chr11_10801087_10802048,115.7609335,+
ZFP36L1,chr19_43646548_43652224,115.7596701,+
YTHDF2,chr14_20802093_20802796,115.7568068,+
LSM2,chr9_121326792_121327307,115.7455942,+
LARP7,chr12_124913339_124913567,115.7286552,-
ZC3H11A,chr12_50138617_50142052,115.72428,+
ZC3H12B,chr3_143023064_143023974,115.7040549,+
RC3H1,chr6_31581630_31582255,115.6986792,-
EIF3G,chr1_151293033_151294017,115.6981639,+
HTATSF1,chr13_36335832_36346581,115.6921604,+
EIF4H,chr22_37677065_37679602,115.6878905,-
RBM6,chr20_62303781_62306196,115.6596036,-
FXR1,chr12_27961997_27963347,115.6560128,+
U2AF1,chr19_54206462_54206552,115.6360289,-
LARP4,chr6_158637894_158644681,115.6353789,-
THUMPD1,chr11_62491831_62535002,115.6347291,+
RBM17,chr10_68754077_68754713,115.6168023,+
EEF1G,chr8_102850144_102858012,115.6134523,-
SNRPD1,chr7_99967286_99971745,115.6030895,-
ACO1,chr8_120425366_120443184,115.6006441,-
U2AF1,chr2_222900780_222908732,115.6005716,+
EIF2S1,chr1_155689243_155709772,115.5950688,+
HNRNPF,chr5_103019843_103025130,115.5932026,+
EEF1G,chr1_243293219_243293398,115.584826,+
NCL,chr7_75881486_75881828,115.5821721,+
MBNL2,chr8_56212909_56214597,115.5819487,+
FUBP1,chr5_171400210_171405301,115.5794929,+
NONO,chr1_235155112_235160892,115.5774001,+
RBMX2,chr7_26193694_26195846,115.5678363,+
TEP1,chr11_34651805_34656910,115.5555169,+
PPIE,chr18_35291232_35305975,115.5539104,+
RBMXL1,chr2_32039492_32039732,115.5524957,+
HNRNPR,chr10_31831800_31843460,115.5413398,+
ANKS4B,chr6_10695069_10697323,115.5348378,+
G3BP2,chr9_19378511_19378707,115.5286952,-
NOL8,chr9_92319356_92319942,115.5209837,+
KIN,chr7_5739352_5740972,115.5177669,+
SASH1,chr7_43648652_43729428,115.5031092,+
SRRM1,chr15_32679915_32684556,115.4979792,+
LSM7,chr10_78037304_78040614,115.4966563,+
RBM22,chr8_143581328_143586728,115.4944832,-
ANKHD1,chr15_80059809_80120327,115.4911206,+
SNRPA,chr1_173864079_173864256,115.4600749,-
EIF2S1,chr6_26124633_26138053,115.4563229,-
RBM4,chr6_144331018_144403122,115.4526848,+
CARHSP1,chr15_64075537_64081101,115.4448276,+
MBNL2,chr13_97347067_97357481,115.4425853,+
LARP4B,chr9_37782137_37783913,115.4356026,+
EWSR1,chr2_55577356_55578246,115.4349487,+
PNPT1,chr8_132727986_132746941,115.434596,+
HNRNPF,chr1_154261697_154263102,115.4345832,+
RBM22,chr21_39178647_39180284,115.434492,+
SAMD4B,chr7_128748804_128753817,115.4282229,-
PPIE,chr1_6785575_6825091,115.4246174,+
UNKL,chr2_227340380_227355676,115.4166927,+
HNRNPH2,chr7_2225550_2229983,115.4130553,+
PHC2,chr1_154173201_154182987,115.4125206,-
RBM25,chr12_124912734_124913418,115.4114934,-
HNRNPL,chr1_46560277_46561477,115.4093376,+
PCBP2,chr20_45814470_45815540,115.3851245,+
RBM8A,chr8_11853479_11864375,115.3850341,+
YBX1,chr11_65713058_65713592,115.3759245,+
HNRNPD,chr16_80976179_80980769,115.3658703,+
PPRC1,chr12_91178585_91182654,115.3620226,+
EWSR1,chr2_201118901_201129728,115.349125,+
RBM6,chr11_6603822_6604225,115.3405218,+
SNRPD2,chr6_109369017_109376073,115.3343994,+
EIF4B,chr22_40594735_40636477,115.3277494,+
LSM2,chr12_124911971_124913111,115.3099232,-
RBM39,chr12_124912050_124912506,115.304527,+
RBM3,chr12_124912734_124913190,115.2976687,-
PUM2,chr15_79961174_79970699,115.2963246,+
KIN,chr6_31639226_31640198,115.2945445,+
MBNL1,chr1_228108318_228109260,115.2821197,+
LSM3,chr14_30622399_30630476,115.2649093,+
YBX1,chr2_200877037_200881420,115.2646053,+
ZC3H4,chr13_37571458_37574571,115.239261,+
CCAR1,chr18_79977701_79988239,115.2390393,+
TNRC6A,chr12_6975148_6975695,115.2366999,+
HNRNPK,chr9_87727729_87728026,115.2329159,+
GRSF1,chr2_27772692_27779432,115.2314884,-
TEP1,chr7_6392041_6398661,115.2250461,+
RBM6,chr1_52914095_52921552,115.2168932,+
SASH1,chr12_56666266_56671748,115.2108572,+
YTHDF3,chr17_42610590_42660638,115.2100516,+
LARP7,chr17_31878327_31878701,115.2017435,+
APTX,chr9_33347117_33347662,115.200663,+
ZCCHC17,chr12_120566980_120571190,115.1990188,+
LSM3,chr1_168004793_168038370,115.1983769,+
CSDE1,chr1_114737563_114737962,115.1915892,-
TARDBP,chr6_125986622_125993756,115.1795306,+
EIF2S1,chr11_130135715_130137255,115.1763478,-
ZC3H7A,chr3_141402449_141403926,115.1713752,+
RBM41,chr12_124912636_124913548,115.1641941,+
RBM7,chr20_34090602_34096656,115.1568059,-
SYNCRIP,chr20_2461793_2462635,115.1519185,-
SNRPD3,chr6_109369017_109376073,115.1438324,-
SLBP,chr1_248850516_248850681,115.1403131,+
SAMD5,chr3_101580004_101585439,115.1303962,+
EIF4H,chr10_37188019_37189466,115.1275461,+
RBM22,chr6_53294491_53295641,115.1257667,-
SNRPB,chr1_52056379_52064824,115.1116635,+
ZNF638,chr12_42375074_42387455,115.0994444,+
HNRNPC,chr6_46168297_46170807,115.0804894,+
RBM3,chr6_3263759_3267590,115.0701676,+
SLTM,chr8_15748465_15757790,115.0600577,+
PABPC1,chr6_135492291_135495813,115.056771,+
SRRM2,chr14_94615084_94622340,115.0530938,-
HNRNPH1,chr19_11041560_11058254,115.0448669,+
PPP1R9A,chr1_25351693_25356792,115.0337532,-
SART3,chr12_53462567_53465931,115.0251011,-
ACIN1,chr18_47869436_47870474,115.0249388,+
ZCCHC17,chr1_228140363_228141123,115.0155669,+
ZC3HAV1,chr2_173217250_173221149,114.9961586,+
PCBP2,chr3_16264229_16264768,114.9949068,+
PHC3,chr7_107613432_107618327,114.9931595,+
PHC3,chr14_44937812_44945029,114.9820852,+
SF3B4,chr6_27254872_27254985,114.9739847,+
HNRNPA1L2,chr1_149859681_149859951,114.9660864,-
RRP7A,chr2_73732700_73734428,114.962025,+
YBX1,chr17_5477999_5480053,114.9376742,-
ZFR,chr19_58315036_58326822,114.9364197,-
RNPS1,chr11_35206243_35208104,114.9061035,+
PCBP2,chr17_42567655_42568836,114.9042181,+
KIN,chr15_64075537_64081101,114.9022159,+
TEP1,chr2_97558994_97560664,114.89749,+
PPIL4,chr2_215391814_215392930,114.895229,+
SEC23IP,chr17_42316851_42317181,114.8929717,-
YTHDF3,chr2_207560372_207561118,114.8778656,+
SYNCRIP,chr3_32442013_32452391,114.8735708,+
RBM6,chr12_79805768_79807225,114.8607717,+
ZC3H11A,chr3_122454001_122461223,114.8528823,+
ZNF638,chr13_102664936_102674282,114.852162,+
EPHA2,chr15_60468162_60476062,114.8409137,-
PUM2,chr1_24663224_24666814,114.8368023,+
HNRNPF,chr1_86385590_86386914,114.8284269,+
ZC3H12D,chr12_2909580_2920762,114.8279363,+
ACIN1,chr8_102850144_102858012,114.8222967,-
PABPC4,chr12_32738296_32740063,114.8188343,+
FXR2,chr15_79899125_79970699,114.8057661,-
TROVE2,chr12_27724186_27737538,114.8043404,+
PUM1,chr17_76557857_76561287,114.7948113,+
HNRNPK,chr7_80828745_80916678,114.773301,+
PABPC1,chr1_154169383_154170399,114.7704065,+
SF3B4,chr1_167773368_167787819,114.7677446,-
ZC3H15,chr12_53467843_53468776,114.7676699,+
RBM47,chr10_88941869_88943796,114.7667503,+
SYNCRIP,chr12_25195337_25203919,114.7661068,+
SNRPB2,chr2_30147062_30156627,114.7606512,+
QKI,chr7_128748804_128753817,114.7406479,+
YTHDC1,chr3_16260829_16264768,114.7347139,+
WDSUB1,chr18_50272955_50273563,114.7167812,+
NONO,chr5_138164133_138164319,114.7101751,+
TRA2A,chr20_54476185_54554932,114.7093719,+
EIF3B,chr1_213000383_213005032,114.7015369,+
PAPSS1,chr16_56935312_56936686,114.7013542,-
PPIL4,chr6_132815224_132816460,114.6952525,-
RBM8A,chr3_113724092_113745941,114.6889262,+
PABPC1,chr12_22459542_22469708,114.6778806,+
TEP1,chr16_56936817_56939894,114.6777007,-
TRA2A,chr11_62534074_62535002,114.6731092,+
ZFR,chr18_11886778_11886916,114.6714161,+
LARP1,chr2_222646996_222648739,114.6647046,-
EEF1G,chr5_96762372_96765223,114.6635226,+
CARHSP1,chr20_58895684_58903530,114.6562532,-
ZNF74,chr12_56666266_56671748,114.6539093,-
ZFP36,chr2_20041007_20051409,114.6391684,-
PTBP1,chr2_9406905_9408112,114.6309436,+
MCTS1,chr20_16730164_16731667,114.6309187,+
SCML4,chr20_17660528_17682027,114.6236884,+
ANKHD1,chr2_30155910_30156627,114.6190976,-
ZC3H12B,chr12_32737942_32738263,114.6136477,+
MYEF2,chr15_60468322_60476062,114.6068592,+
SNRPD1,chr15_40838686_40844178,114.5940733,+
PARP14,chr12_7060877_7061838,114.5928526,+
RBM41,chr3_10301147_10304025,114.583136,+
MKRN2,chr1_46686870_46689586,114.5819981,+
RBM41,chr12_124912278_124912506,114.5779097,+
U2AF1,chr21_32457720_32467695,114.5726979,+
TRA2A,chr4_185684846_185690561,114.5623966,+
POLDIP3,chr22_42599793_42601969,114.5525441,+
RBM43,chr1_161038075_161038879,114.5509681,-
PPFIBP1,chr9_114323805_114324017,114.5453746,+
IREB2,chr21_37096643_37108391,114.525568,+
ZC3H6,chr7_66560675_66573384,114.522818,+
RPS3,chr20_49230349_49233305,114.5130213,+
RPS3,chr4_185684846_185690561,114.512928,+
RBM34,chr12_121328497_121330582,114.5105924,+
HTATSF1,chr14_24233598_24235736,114.4810216,+
LSM5,chr1_228108318_228108436,114.4796293,-
ZFP36L1,chr3_49311654_49324701,114.4626656,+
ZC3HAV1,chr20_16730164_16731667,114.4578906,+
PUF60,chr12_124911971_124913111,114.4574783,-
ANKS4B,chr1_20779911_20787194,114.4564721,+
MCTS1,chr2_171745927_171747778,114.4518324,+
LARP4B,chr1_161072885_161073719,114.4322873,-
SNRPN,chr10_37166695_37169529,114.4306043,-
HNRNPL,chr3_161242653_161247257,114.4305944,+
RRP7A,chr10_63264764_63380317,114.4141981,+
ESRP1,chr20_13617123_13623445,114.3917299,+
G3BP2,chr1_107642755_107688380,114.3774116,+
RALY,chr4_103096274_103099782,114.3564639,+
G3BP1,chr3_25720191_25729132,114.3553668,+
MATR3,chr8_61638360_61642887,114.3430759,+
PNPT1,chr2_20256170_20258236,114.3259751,-
RBM17,chr2_222924595_222928861,114.3070962,-
PSPC1,chr11_57737668_57737912,114.2995326,+
SNRPC,chr1_151293033_151294017,114.2960472,+
NAA38,chr1_154261697_154266500,114.2783788,+
PAPSS1,chr17_64968381_64972317,114.2696729,+
ESRP1,chr14_88596808_88601923,114.2686268,+
LARP4B,chr6_99416428_99425214,114.252449,+
HNRNPA2B1,chr19_38309643_38315868,114.2405675,+
RBM25,chr1_86385590_86386914,114.2404169,+
TROVE2,chr13_75804541_75809153,114.2358541,+
RBM43,chr2_189575320_189578218,114.208503,-
DKC1,chr12_124912278_124912506,114.2034395,+
TRA2A,chr5_134738792_134743986,114.1910743,+
ZC3H15,chr12_31298224_31325835,114.1753298,+
ZCRB1,chr19_9157394_9157979,114.1593156,+
PPFIBP1,chr15_79961174_79970699,114.142676,+
TRNAU1AP,chr1_28560732_28561345,114.1413009,+
PHC3,chr1_174877605_174957456,114.1265933,+
GRSF1,chr19_54206462_54206552,114.1061704,-
UNKL,chr19_2269744_2271781,114.0953734,-
SNRPD2,chr3_197950299_197950935,114.0914439,+
EIF4H,chr6_31835451_31836423,114.0890857,-
ACIN1,chr18_34977079_35005491,114.0817237,+
MCTS1,chr6_24716321_24718539,114.068272,-
IREB2,chr2_9587509_9591391,114.0674107,-
UNK,chr15_84655404_84657175,114.060964,-
HNRNPH2,chr2_189575320_189578218,114.055245,-
RBM4,chr12_124913339_124913567,114.0530834,-
NAA38,chr6_167864746_167870382,114.0437323,+
ANKRD17,chr15_51926872_51958741,114.0318359,+
G3BP1,chr10_3782214_3783215,114.0313801,-
HNRNPR,chr17_51153662_51154224,114.0303559,+
PPP1R9A,chr16_14998405_15004186,114.0245478,-
RBM41,chr1_52905090_52907867,114.0195203,+
ZC3H6,chr12_98531838_98532822,114.011016,+
NCL,chr12_51049185_51052091,114.0101686,+
ZFR,chr19_19202398_19202790,114.0038778,+
ZFR,chr11_57737668_57738353,114.0032228,+
YTHDF2,chr2_61888257_61888380,114.0027398,+
SNRPB2,chr6_85536924_85538837,113.998992,+
RBM28,chr1_153638448_153645063,113.994156,+
MATR3,chr10_104275334_104277893,113.9887928,+
UNKL,chr10_73030370_73043886,113.9811091,+
U2AF1,chr4_15971082_15980421,113.9809454,-
EIF2S1,chr8_89981523_89981952,113.9760201,+
RBM14,chr1_179884769_179889309,113.9743014,+
LSM7,chr19_35508240_35509910,113.9690692,+
PPP1R9A,chr2_58154802_58159348,113.9677631,+
SNRPN,chr2_131132991_131140169,113.9672192,-
RC3H1,chr3_188341719_188406111,113.95509,+
NSUN6,chr3_129434136_129436442,113.9408266,+
PAN3,chr3_197149796_197161639,113.9309577,+
ZFP36,chr11_66284966_66285700,113.924367,+
PCBP2,chr17_42567655_42568836,113.9212328,+
ACO1,chr4_168916027_168924254,113.9208239,+
ZC3H12B,chr9_128098725_128101095,113.9161778,+
RBM17,chr20_35021356_35035122,113.8962895,+
MKRN1,chr3_121781874_121790072,113.8962642,+
CARHSP1,chr14_24233598_24235736,113.8902376,+
PAN3,chr17_59874703_59878102,113.8772133,+
PARP14,chr6_167013567_167022408,113.8754229,+
ZFR,chr12_14884245_14905108,113.8741426,+
PPIE,chr3_184323241_184323407,113.8628601,+
LSM6,chr11_111910449_111910670,113.8606175,-
SF3A1,chr10_43644801_43646059,113.8599956,+
DUS3L,chr12_56724549_56725262,113.8427088,+
SNRPD1,chr12_57720263_57720405,113.8411152,+
RBM12,chr6_41789336_41789530,113.8288924,+
SNRPD1,chr10_113774993_113775764,113.8040023,+
RBM3,chr8_129871496_129903311,113.7830186,+
SNRPF,chr7_105014535_105038125,113.7758308,+
NONO,chr3_158571347_158588851,113.7726588,+
CSDE1,chr12_10704148_10713210,113.7451307,+
ACIN1,chr7_73737735_73737875,113.7412397,+
SNRPD2,chr7_45103443_45104098,113.7068007,+
SNRPN,chr2_66512294_66547942,113.7063493,+
SNRPD3,chr9_70286271_70297965,113.6948345,+
SNRPB2,chr11_62885608_62888330,113.670985,-
ZC3H6,chr12_120522363_120526456,113.6687963,+
PPIE,chr17_39745788_39746108,113.6574114,-
CPEB4,chr10_37169558_37169651,113.6532332,+
ZCCHC17,chr3_37361305_37366079,113.6483431,+
RBM7,chr8_132804032_132804614,113.6445079,+
KIN,chr2_152677475_152679351,113.6397769,+
ZCRB1,chr16_14998405_15004186,113.6333822,+
U2AF1,chr18_9195698_9204475,113.632782,+
YTHDF1,chr12_32737942_32738263,113.6288889,+
MYEF2,chr18_675402_677344,113.6229203,+
MATR3,chr2_97194754_97194844,113.6114456,+
SNRPD3,chr9_129493595_129503322,113.6012554,+
RBM41,chr3_121668158_121669196,113.5975053,+
NCBP2,chr6_75634811_75647730,113.5797711,+
G3BP2,chr11_66337889_66338720,113.5733303,+
PAN3,chr4_39774933_39778359,113.5679407,+
PABPC4,chr4_76058625_76075880,113.5669835,-
PAN3,chr12_55903480_55927075,113.5451607,+
QKI,chr2_161160486_161161284,113.5290995,+
SNRPD2,chr1_155586703_155717005,113.5265089,+
NIP7,chr6_167010893_167022408,113.5262514,+
RBM25,chr20_58895684_58898940,113.5082913,+
PPFIBP1,chr12_123345570_123348028,113.4884883,+
NAA38,chr17_82019381_82019857,113.4755709,+
ZRANB2,chr2_97538363_97541910,113.4750645,+
RBM6,chr10_30434748_30438915,113.4658964,+
TIA1,chr1_179884769_179889309,113.4651637,+
CIRBP,chr6_135492291_135497582,113.4508568,+
SAMD12,chr9_33347117_33347662,113.4352705,+
RBM43,chr20_17988298_17989938,113.4336173,+
FUS,chr1_248850516_248853936,113.4334994,+
HNRNPH1,chr6_24714440_24716032,113.4332007,-
MBNL2,chr3_129288997_129290678,113.4302449,+
TNKS2,chr12_14885850_14910436,113.4241264,-
TNKS,chr16_634797_636093,113.4171894,-
IREB2,chr16_57173869_57185820,113.4171118,+
PUM1,chr13_45383838_45389734,113.4132555,+
TROVE2,chr13_27440449_27441016,113.405249,+
TARDBP,chr10_72216138_72230365,113.3750343,+
LSM3,chr13_45383235_45391031,113.3602524,+
ZMAT5,chr5_33998827_34005755,113.3569984,+
CCAR1,chr10_78037304_78040614,113.3539405,+
PUF60,chr17_21625246_21632652,113.3473793,+
CPSF6,chr1_156236483_156242552,113.3302031,+
MYEF2,chr1_155717128_155725381,113.3280912,+
POLR2G,chr19_5667164_5667346,113.3259085,+
EIF3G,chr20_5106222_5109331,113.310108,+
EIF4H,chr18_59225715_59230403,113.2973467,+
RBM7,chr22_29767607_29769677,113.2955729,-
CIRBP,chr8_143581328_143586728,113.2940438,-
SAMD12,chr18_35290391_35291009,113.2890218,+
KIN,chr21_29036374_29037278,113.2874611,+
SGMS1,chr14_30622399_30630476,113.274307,-
ZC3H12B,chr12_124912278_124912506,113.2620779,-
HELZ,chr6_75634811_75647730,113.2574468,+
UHMK1,chr12_22644022_22644210,113.2565304,-
SYNCRIP,chr1_45568177_45568926,113.2541368,+
SFPQ,chr14_23033674_23035111,113.2443544,-
KIN,chr14_91870385_91877486,113.2392148,+
ZNF638,chr4_48897857_48904483,113.2351196,+
ZC3H11A,chr1_1652566_1655368,113.2045712,+
PTBP2,chr7_103307708_103308951,113.1905841,+
HNRNPD,chr12_70278274_70310894,113.1900059,+
RBM8A,chr14_24232788_24233218,113.1891044,+
LSM10,chr2_131530827_131531622,113.1765894,-
PUF60,chr9_14179780_14180658,113.1516307,+
TEP1,chr12_133081072_133081272,113.1424598,+
RRP7A,chr12_55728352_55729281,113.1417831,+
HNRNPK,chr1_52912021_52913894,113.1382659,+
ZFP36,chr12_124912655_124913111,113.1214438,+
TEP1,chr12_109090207_109092506,113.1208244,+
PNO1,chr1_42456628_42457246,113.1153669,+
PABPC4,chr12_56666266_56671748,113.1088631,+
MBNL2,chr3_123618767_123620206,113.091988,+
ZNF638,chr14_73921105_73923394,113.0917859,+
ZC3H4,chr19_7681049_7682241,113.0702517,+
TRA2A,chr3_16260829_16264768,113.0692826,+
SAMD12,chr4_75793901_75795335,113.0582502,+
PUM1,chr1_30945483_30950132,113.0561085,+
SNRPB2,chr15_57251423_57253261,113.0335554,+
CIRBP,chr15_78885083_78886140,113.0223861,-
ANKS4B,chr17_63830501_63831035,113.0120572,+
DHX8,chr6_56735289_56843054,113.0010504,+
RBMS3,chr3_115110204_115147218,113.0007748,+
HNRNPK,chr12_101626910_101627768,112.9846931,+
NONO,chr18_34977079_35005491,112.9819711,+
FUBP1,chr2_55577356_55578246,112.9808545,+
LARP7,chr15_34225658_34227692,112.9677051,-
TNRC6A,chr11_65713503_65713592,112.9635596,+
CARHSP1,chr2_271939_272191,112.9541654,+
SASH1,chr6_30619989_30624882,112.9495788,+
UNKL,chr14_20455394_20455577,112.9352374,+
RBMX,chr14_24233598_24235736,112.923904,+
CSDE1,chr16_10547677_10580548,112.9006072,+
TIA1,chr6_31639646_31640198,112.8818164,+
NCBP2,chr19_41432408_41433271,112.8779086,+
ZC3HAV1,chr12_862270_878211,112.8695536,+
HNRNPC,chr13_37564560_37569743,112.8680362,+
RBM25,chr14_105478360_105478449,112.8619513,+
FUBP1,chr2_27445449_27445928,112.8615815,+
LSM3,chr8_100948900_100953268,112.8376461,-
ESRP1,chr1_33014594_33021592,112.8303806,+
SAMD5,chr17_43013373_43013475,112.8295354,+
RBM43,chr11_95865676_95888155,112.8236221,+
SNRPD1,chr12_109561104_109561419,112.8214783,+
PSPC1,chr4_103096274_103099782,112.8035703,+
RBM34,chr22_29767607_29769677,112.8000607,-
RBM6,chr9_37782137_37783913,112.7996232,+
ZFP36L1,chr11_6478198_6478578,112.7960979,+
G3BP1,chr9_37780880_37781985,112.7886881,+
POLR2G,chr14_88596808_88607242,112.7756876,+
SRRT,chr20_45814470_45815853,112.7748272,-
RRP7A,chr2_227340380_227355676,112.7609591,-
KIN,chr6_26124633_26127697,112.746878,+
RBMX,chr5_81489309_81615472,112.7395364,+
TRA2A,chr1_219179246_219210531,112.7382885,+
NAA38,chr2_232556530_232564246,112.7337414,-
PUM1,chr3_58141929_58142649,112.7259306,+
PHC3,chr12_31117484_31121138,112.7191421,+
HNRNPH2,chr2_227813987_227815453,112.710046,+
LSM4,chr3_167725473_167734805,112.6942867,+
CARHSP1,chr19_10682704_10683136,112.693544,+
SSB,chr7_30498938_30504568,112.6893047,-
MYEF2,chr13_37048599_37051487,112.6857353,+
NCL,chr7_99415266_99416137,112.6764995,+
G3BP1,chr11_35190065_35214851,112.6643968,+
HNRNPK,chr2_177234271_177264531,112.6526006,+
RBM28,chr1_224371423_224379068,112.6511041,-
PUM2,chr8_102829933_102833055,112.6405364,+
RBM6,chr12_57517424_57517705,112.6389935,-
PPFIBP1,chr14_55580354_55612018,112.6386226,+
HNRNPR,chr19_42510920_42511575,112.6178867,+
KIN,chr1_25826826_25829508,112.6074907,+
PNO1,chr1_159961405_159965498,112.6028882,+
PSPC1,chr11_46630100_46644278,112.602498,+
RBMX,chr5_138157267_138160068,112.6005975,+
RBMX,chr5_16711245_16738135,112.5881,+
NOL8,chr14_91942961_91947212,112.5871398,+
ANKS1A,chr1_70228555_70231858,112.5867427,-
SNRPF,chr3_136930594_136945582,112.5842777,+
HNRNPH1,chr11_57738026_57738353,112.5839148,+
YTHDF1,chr1_149859681_149860701,112.5764829,+
U2AF1,chr18_694334_706469,112.5750551,+
PSPC1,chr9_111597432_111599602,112.5750161,+
HNRNPK,chr2_97558994_97560664,112.5549517,+
MBNL2,chr11_17286717_17295323,112.5502101,-
HNRNPC,chr12_10607936_10609097,112.5488938,-
PAPSS1,chr4_185639035_185646667,112.5238462,-
YTHDF2,chr7_120840109_120856697,112.5146068,+
ZC3HAV1,chr12_46196871_46197719,112.5117809,+
CIRBP,chr20_58895684_58903530,112.484397,+
CPSF6,chr4_155667419_155696805,112.4822755,+
TRA2B,chr16_3020491_3021554,112.4769316,-
SAMD12,chr9_98077017_98078061,112.4636526,+
PCBP1,chr16_1786655_1787676,112.4605676,+
SF3B4,chr1_95234315_95246541,112.4599659,+
PNO1,chr1_51294511_51296078,112.4513747,+
ZRANB2,chr2_95935644_95938986,112.4438838,+
U2AF1L4,chr1_207767823_207783291,112.4434934,+
LARP4B,chr11_35206243_35208104,112.4421856,+
SNRPC,chr19_10177367_10180186,112.4403733,-
RBM17,chr19_52322022_52322190,112.4248981,+
YTHDF3,chr3_121781874_121788283,112.4218697,+
RBM25,chr2_119367214_119368187,112.4138427,-
ZFP36L2,chr5_75354697_75355364,112.4134489,-
SHANK2,chr12_14882280_14884212,112.3984859,-
ZFR,chr1_225783368_225786861,112.3769749,+
GTF3A,chr12_27958568_27963347,112.3700286,+
NCBP2,chr10_110876070_110876669,112.3687831,+
NOL8,chr4_76054274_76057989,112.3596309,-
HNRNPA1L2,chr11_13445181_13463091,112.3552455,+
ESRP1,chr1_155260659_155262085,112.3483253,+
ZC3H6,chr4_83458429_83459739,112.3460505,+
LSM2,chr17_59958444_59962826,112.3202516,+
SSB,chr18_49483771_49487206,112.3149284,+
SAMD4B,chr19_57769878_57776542,112.3112205,+
HELZ,chr18_59155807_59158631,112.3106863,+
NONO,chr7_76030524_76047811,112.3088275,+
NCBP2,chr6_75237988_75241175,112.2909637,+
PAN3,chr7_123551576_123557403,112.2664471,-
RBM41,chr11_124625903_124626903,112.2401273,+
SASH1,chr5_132866691_132866868,112.2253438,+
YBX1,chr1_196690239_196713734,112.2060831,+
KIN,chr3_29897475_29899704,112.1949886,+
RBM43,chr2_73250438_73252639,112.1910295,+
ZC3H4,chr3_37355187_37366079,112.1896843,+
ANKS4B,chr1_23109127_23109584,112.1747986,+
LSM4,chr10_123162828_123163819,112.1740775,+
RBMS1,chr17_36578192_36579244,112.1674156,+
SART3,chr11_32583929_32589546,112.1644748,+
RBPMS,chr1_167776166_167787819,112.1640233,+
ZFP36L1,chr14_73921105_73923394,112.1596687,+
RC3H1,chr10_122998671_123007025,112.1579235,+
TRA2A,chr13_45340184_45341041,112.1544891,+
ZC3H4,chr12_124912506_124912962,112.1535201,+
SPEN,chr14_68878523_68879961,112.1484174,+
DHX8,chr17_67344812_67345744,112.1448794,+
SNRPD2,chr1_228108318_228109148,112.1190045,+
SSB,chr3_25720191_25729132,112.109101,+
RBMS1,chr2_200861862_200864563,112.1085239,+
HNRNPA2B1,chr19_5657347_5661520,112.101669,+
CSDE1,chr10_113774333_113774825,112.1009671,+
RBM17,chr9_136850560_136850754,112.0997169,+
LSM1,chr7_75881486_75881828,112.0919313,+
RBM7,chr2_70214491_70215370,112.0891438,+
SAMD12,chr2_97118517_97122886,112.0720052,+
THUMPD3,chr1_228108318_228109148,112.0674675,+
RBM8A,chr1_53940097_53946236,112.0642381,+
SSB,chr4_48885565_48894005,112.0619929,-
NSUN6,chr12_130872126_130872835,112.0526187,+
HDLBP,chr13_45340184_45341041,112.0370081,-
FUS,chr6_57099141_57100602,112.0368745,+
RBM47,chr1_207767823_207770320,112.0332716,+
RBM19,chr10_30434748_30438915,112.0305388,+
FUBP1,chr6_167870498_167872213,112.0294597,+
RBM6,chr4_48885565_48894005,112.0138177,+
SAMD12,chr3_57577387_57584383,112.0117572,+
CPEB4,chr8_119570841_119572175,112.0107518,-
PPFIBP1,chr3_32442013_32452391,112.0102171,+
SASH1,chr12_47966172_47966682,112.0055942,+
SLTM,chr6_3264325_3267590,112.0029194,+
RBM3,chr18_46087492_46095052,112.0021178,+
SNRPD2,chr10_63217331_63219877,111.9999012,+
SNRPC,chr1_162562584_162566011,111.9966032,+
UHMK1,chr7_45103443_45104098,111.9843445,+
HNRNPH3,chr6_116571655_116580294,111.9811165,+
HNRNPF,chr12_101636728_101642418,111.9651776,+
TNKS2,chr12_14885850_14910757,111.9611212,-
ZFP36L2,chr16_227336_229278,111.9526856,+
SF3B4,chr19_14562575_14563173,111.9371262,-
ZFP36L1,chr12_7060877_7061838,111.9220531,-
HNRNPF,chr1_154966080_154966161,111.919058,+
SNRPD2,chr11_118235589_118237049,111.9137371,+
SF3A1,chr9_128940497_128940598,111.9090062,+
EIF4B,chr3_93996684_94003658,111.9079676,-
ZC3H4,chr12_124912655_124913339,111.8977262,+
KRR1,chr1_39563741_39564422,111.8747408,+
ZC3H6,chr12_124913495_124913723,111.8712524,-
KHDRBS1,chr5_71604468_71626639,111.8689766,+
EIF4H,chr1_154214574_154220341,111.8689349,-
YBX1,chr16_635340_636093,111.8665811,+
U2AF1L4,chr22_19468003_19479082,111.8617501,+
ANKRD17,chr8_94678371_94692676,111.859013,+
UHMK1,chr20_13483337_13528432,111.8448814,+
RBM25,chr8_37873179_37874514,111.8297509,-
PTBP1,chr12_15121119_15125023,111.8204887,-
ZC3H12B,chr13_110893263_110900529,111.8135745,+
PPIL4,chr21_25997416_26000014,111.8124554,+
SSB,chr1_225783368_225786861,111.807653,-
ACIN1,chr17_57980786_57981872,111.7729852,+
PTBP1,chr12_121328497_121330582,111.7674559,+
SASH1,chr17_30735097_30743300,111.7443864,+
RBM27,chr1_151368319_151369712,111.7369918,-
LSM4,chr15_78542219_78544189,111.7342347,-
ZFP36L1,chr13_45340184_45341041,111.7324177,+
SUPT6H,chr5_313850_314416,111.7304978,-
UHMK1,chr11_62789426_62789885,111.7253194,+
ZNF638,chr9_14102510_14112998,111.7173648,+
FUBP1,chr3_157151930_157152176,111.7134277,+
RBM25,chr8_20212905_20216412,111.7084588,-
SASH1,chr13_51660663_51675169,111.7068714,+
RBM18,chr16_1786655_1787676,111.7049963,+
RC3H2,chr17_49707068_49707729,111.7036192,+
EEF1G,chr8_60558923_60584207,111.6944091,+
TRA2A,chr11_95888261_95923874,111.6911795,+
POLR2G,chr4_13381594_13474317,111.6899543,+
TARDBP,chr5_179614959_179616125,111.689403,+
HNRNPC,chr13_37564560_37569743,111.6851176,+
EIF3B,chr8_17924780_17934705,111.6839368,+
HNRNPR,chr12_124911971_124913111,111.6821242,+
PHC3,chr2_201140439_201145377,111.6791491,+
SNRPD3,chr14_73316422_73323129,111.6657842,+
RC3H1,chr2_191682017_191683728,111.655852,+
RNPC3,chr17_16439414_16440184,111.6525969,-
LSM6,chr1_1652566_1721595,111.6485927,+
RBM41,chr1_52905090_52907867,111.6485026,+
HNRNPC,chr16_3067415_3067553,111.6395816,+
HNRNPF,chr12_76450988_76487509,111.6244371,+
TROVE2,chr11_90206272_90206747,111.6173566,+
NONO,chr14_21022905_21023240,111.6108547,+
HNRNPA2B1,chr17_67344780_67345744,111.5903321,+
GRSF1,chr21_37157214_37159698,111.5872732,+
EIF4B,chr1_153544809_153545752,111.568998,+
PARP14,chr3_157151930_157152176,111.5640698,+
PNO1,chr11_43335994_43342427,111.5636968,+
TIAL1,chr17_10705615_10706437,111.5466068,+
NCL,chr20_45943765_45944244,111.5320254,+
HNRNPA2B1,chr8_94674494_94678202,111.5316936,+
ZC3H11A,chr7_23260773_23266516,111.5285797,+
ESRP1,chr3_158571391_158592433,111.5239496,+
ANKHD1,chr2_86119614_86121478,111.5225251,+
FUBP1,chr18_49483771_49487206,111.5218265,+
HDLBP,chr20_59036760_59038465,111.5190589,+
HNRNPA1,chr12_28225861_28226139,111.5093078,+
QKI,chr14_103334597_103335791,111.496526,-
PDCD11,chr11_66640123_66646026,111.4931625,+
RBM47,chr11_115178775_115209573,111.4804725,+
ZFP36L2,chr2_30155910_30156627,111.4763612,-
QKI,chr1_228082850_228097077,111.4710192,+
YTHDC1,chr7_2379511_2380203,111.4588122,+
RBM25,chr12_10610680_10613438,111.4469175,+
TRA2A,chr11_57762046_57794009,111.4319082,+
PUM2,chr3_140963227_140970926,111.4239775,+
HELZ,chr4_76124756_76144148,111.4193344,+
PABPC1,chr3_129288997_129298353,111.4183332,+
SAMD4B,chr1_223814353_223818205,111.403587,+
MATR3,chr3_100519608_100555208,111.3958336,+
ZNF638,chr5_150446963_150447473,111.3938014,-
YBX1,chr11_102317571_102321836,111.3934377,+
CPEB4,chr2_24315224_24328051,111.3887812,+
HNRNPA2B1,chr8_61643433_61644599,111.387705,+
HELZ,chr11_61430182_61445940,111.365566,+
APTX,chr5_139294028_139314674,111.349285,-
SNRPD1,chr11_62491831_62535002,111.3465981,+
DDX43,chr20_58840886_58895611,111.3464254,+
ZC3H14,chr10_74138931_74150754,111.3457219,+
RNPC3,chr19_36327225_36330252,111.3443103,+
TMEM63A,chr19_54200893_54201159,111.3399321,-
HNRNPF,chr12_124913092_124913320,111.3375313,+
HNRNPF,chr18_11886778_11886916,111.3240264,+
EIF3B,chr19_43652371_43656478,111.3238614,-
CCAR1,chr12_124912180_124912636,111.3176643,+
RBM7,chr5_132904404_132932177,111.3092836,+
SAMD12,chr9_122148277_122152244,111.3005242,+
PTBP1,chr12_8777802_8780574,111.3003774,+
RBM5,chr20_13483337_13528432,111.2931409,+
PCBP2,chr3_69077918_69080111,111.2704369,+
SRRM1,chr16_80976179_80980769,111.2657314,+
TRA2A,chr3_149902162_149911977,111.2611761,+
ZC3H6,chr4_48897857_48904483,111.2594182,-
EIF3G,chr12_124912408_124913548,111.258658,-
HNRNPR,chr22_37677065_37679602,111.2467642,-
RC3H1,chr1_231241456_231250960,111.2406214,+
SNRPE,chr19_8474244_8485602,111.2368942,+
SNRPD3,chr6_31269543_31269965,111.2194213,-
SNRPC,chr1_232955719_232956346,111.2182669,+
ZC3H15,chr17_81891833_81893551,111.2144603,+
ZCRB1,chr3_41239354_41239659,111.2143473,+
PNPT1,chr2_207624404_207625061,111.1991465,+
HNRNPK,chr2_28298491_28338449,111.1951083,+
RALY,chr12_95252071_95256549,111.1905164,+
RBPMS,chr3_57577387_57584383,111.1832745,-
RBM43,chr13_27440449_27445087,111.178827,+
FUBP1,chr7_95412477_95416241,111.1727767,+
HNRNPM,chr6_135492291_135495813,111.1701923,+
PNPT1,chr19_41433673_41438217,111.1649917,+
LSM7,chr19_10579858_10581265,111.1476528,+
HNRNPF,chr7_141006535_141014910,111.1447228,+
DAZAP1,chr10_26759238_26765217,111.1383134,-
RBM25,chr7_75996599_76003757,111.137348,+
HNRNPA2B1,chr9_87727729_87728026,111.1302067,-
NIP7,chr10_26751783_26755654,111.1295478,-
NCL,chr4_49119207_49123621,111.1266602,+
RBM19,chr17_42348539_42388278,111.1246146,-
ZC3HAV1,chr2_26254474_26263379,111.1147925,+
NAA38,chr12_53295639_53297849,111.1123419,-
NONO,chr12_124912655_124913339,111.1075699,+
YTHDF2,chr20_5109445_5112742,111.1037066,+
PABPC1,chr4_140379192_140380961,111.0954324,+
HNRNPK,chr3_108047292_108049618,111.0823409,+
TRA2A,chr20_410025_417525,111.0764726,+
LSM7,chr15_88639076_88639342,111.0758248,+
NONO,chr3_167720273_167725400,111.0736818,-
TRA2A,chr12_27969516_27969680,111.0517379,+
RC3H1,chr10_3783281_3784912,111.0390006,-
DKC1,chr8_140890769_140925660,111.0356554,+
SSB,chr12_46367340_46370775,111.022367,+
TRMT1,chr19_13109838_13109914,111.0107793,+
SNRPD1,chr7_99498842_99499637,110.9961902,+
RRP7A,chr9_108935689_108939195,110.991277,+
RBM17,chr8_142701713_142703125,110.9893474,+
ZC3H15,chr1_162561777_162566011,110.9893214,+
ANKRD17,chr5_179618323_179620891,110.9880566,+
ANKRD17,chr6_33417695_33418086,110.9743374,+
PPIE,chr11_112085462_112086639,110.9734882,+
U2AF1,chr2_227325427_227330625,110.9369608,+
RBMX,chr14_61744813_61746933,110.935604,-
TROVE2,chr12_27724186_27737538,110.931025,+
SFMBT2,chr22_45550615_45574510,110.9217837,-
RPS3,chr20_31561736_31569119,110.9204966,+
PPIE,chr2_222924595_222930620,110.9181689,-
PPIL4,chr7_87194102_87195030,110.9010397,+
PPFIBP1,chr14_55580354_55612018,110.8970611,+
TIAL1,chr3_28241812_28263290,110.8943744,+
MATR3,chr20_46393143_46394048,110.8909479,+
LSM3,chr5_134738792_134750758,110.8866297,+
SF1,chr19_5901454_5903611,110.8848643,+
HNRNPK,chr21_17598824_17604144,110.8716911,+
TROVE2,chr21_36046011_36048307,110.8694117,+
EIF4H,chr10_113774333_113774825,110.8685949,+
HNRNPL,chr1_40074183_40078559,110.8677898,+
ANKS4B,chr2_42697834_42704196,110.8673345,+
RBM18,chr1_200649226_200659026,110.8569371,+
PABPC1,chr10_91222983_91240483,110.8367021,+
TROVE2,chr5_33998827_34004573,110.8324343,+
RBMS2,chr12_76459895_76487509,110.8314169,+
ZFP36L1,chr1_70366984_70367616,110.830817,+
RBM8A,chr2_31869952_31891991,110.8270567,+
RBM14,chr2_27313074_27322447,110.8266464,+
PCBP2,chr17_42316851_42317181,110.8240192,+
STIM1,chr4_98352601_98379016,110.7959927,+
HNRNPH1,chr12_101634605_101636671,110.7944071,+
TRA2B,chr4_10088741_10116112,110.7922694,-
HELZ,chr1_162590511_162592734,110.7905906,-
ZNF638,chr22_43151604_43161051,110.7808,-
ZRANB2,chr2_159712606_159729008,110.7807547,+
ZFR,chr3_53292827_53304176,110.7801057,+
LARP1,chr9_2648347_2648668,110.7795299,+
PAN3,chr22_38665685_38668016,110.7789747,+
NAA38,chr17_8460160_8466929,110.7777829,+
HNRNPR,chr20_45814470_45815853,110.7741794,-
KRR1,chr1_150711853_150714084,110.772959,+
PUM1,chr2_53801842_53808298,110.7664112,+
RBM41,chr8_80003180_80030035,110.764175,+
SART3,chr1_175018576_175023271,110.7591777,-
CPSF6,chr5_96702915_96722638,110.7476269,+
YBX1,chr4_70233053_70234019,110.7398525,-
RBMS1,chr8_132727983_132746941,110.7348237,+
DKC1,chr12_56724549_56725262,110.7306956,-
PUM2,chr8_99892047_99893638,110.7287802,+
SRRM1,chr6_85640564_85642796,110.7194722,+
HNRNPD,chr2_156326328_156326717,110.7099173,+
LARP1B,chr3_37251484_37281957,110.7091598,+
ZFP36L2,chr5_131159611_131160655,110.7069282,+
RBM12,chr12_27302188_27309113,110.6922151,-
HELZ,chr12_7060877_7061751,110.6819961,+
DHX8,chr17_10705615_10706437,110.6788472,+
PPIL4,chr1_203179877_203181161,110.6767228,+
SNRPC,chr1_154173201_154182987,110.6602607,+
RBM39,chr8_17675252_17684327,110.6547414,+
YTHDF1,chr4_53428183_53440581,110.6516637,-
ZCRB1,chr6_31639226_31639499,110.6413759,+
LSM7,chr15_80120498_80121747,110.6337272,-
GRSF1,chr4_53428183_53442652,110.6255058,+
RALY,chr12_101634605_101642418,110.6177506,-
RBM5,chr7_112471033_112472218,110.5980152,+
ZC3H6,chr6_99402710_99404602,110.5917417,+
G3BP2,chr21_46649739_46664294,110.5896685,+
SNRPB,chr9_86319058_86319583,110.5879804,+
PPP1R10,chr15_39588218_39588958,110.5804641,-
ANKRD17,chr3_64022523_64022642,110.5767815,+
TRA2B,chr12_124912655_124913339,110.568155,+
HNRNPF,chr3_180985996_180988022,110.5658299,+
CCAR1,chr9_99218836_99221546,110.5642179,+
PAPSS1,chr12_53467293_53468776,110.5620131,-
NCL,chr6_12290693_12292340,110.5595983,+
HNRNPL,chr10_68337333_68338502,110.5485343,+
APTX,chr20_37236709_37238401,110.5458806,-
RBM34,chr2_61492250_61492324,110.5419564,+
HNRNPF,chr10_43396590_43407716,110.5335285,+
NCL,chr2_172498100_172501771,110.5330716,+
NCBP2,chr2_159429260_159432756,110.5235434,+
RC3H1,chr3_41239354_41239818,110.5195241,-
RBM17,chr21_46663554_46664294,110.5132781,+
GRSF1,chr12_27969516_27970024,110.4972919,+
PCBP2,chr2_200857884_200857972,110.4972161,+
RBMX,chr19_19202575_19202790,110.4956364,+
HNRNPA0,chr10_24466790_24473227,110.4857351,+
PNO1,chr1_154214574_154220341,110.4705424,-
APTX,chr5_7861652_7862822,110.4663396,+
RRP7A,chr16_208188_220648,110.4618449,+
CSDE1,chr3_48694525_48695089,110.4608359,+
U2AF1L4,chr10_26751783_26765217,110.4546337,+
ZC3H13,chr11_47565986_47571470,110.445537,+
ZFP36,chr1_156115274_156134402,110.4422485,-
FXR1,chr6_122633367_122717786,110.4396218,-
SNRPD1,chr13_110880112_110883110,110.4360028,+
RBM8A,chr1_150325881_150328319,110.4351095,+
HNRNPF,chr18_36124700_36129113,110.4303202,-
HNRNPK,chr1_8015400_8015494,110.4270841,+
RALY,chr12_101634605_101642418,110.4253011,-
HNRNPA2B1,chr8_61643433_61644599,110.4244078,+
PUF60,chr21_37073473_37108391,110.4105478,+
SYNCRIP,chr3_100492928_100519461,110.4061775,+
PPFIBP1,chr19_18905629_18910970,110.4051357,+
HNRNPA0,chr6_26124749_26127697,110.4016858,+
HTATSF1,chr7_105014535_105038125,110.398029,-
PARP14,chr6_116571655_116580294,110.3935247,+
RBM8A,chr3_123618770_123620206,110.376264,+
KHDRBS1,chr5_65662150_65664236,110.3735235,+
HNRNPA1,chr2_159448409_159453612,110.3715741,+
THUMPD1,chr7_76001002_76003757,110.3555102,+
YTHDC1,chr2_224920_229965,110.3548447,+
ZC3H4,chr17_16440253_16441367,110.3474521,+
HNRNPC,chr3_100492928_100555208,110.3446952,+
PCBP1,chr1_51309325_51311253,110.338259,+
ACIN1,chr16_10547677_10580548,110.333681,+
MKRN2,chr2_61017851_61018188,110.3320338,-
NCBP2,chr2_38748653_38748897,110.3271974,-
U2AF1,chr20_35734257_35738967,110.3271866,+
LARP1,chr12_124912408_124912864,110.3183935,-
EEF1G,chr15_63042943_63043705,110.3102994,-
IREB2,chr5_134738792_134741062,110.2982004,+
YBX1,chr12_42375074_42387455,110.2942041,+
ASCC1,chr3_136930594_136945582,110.2896933,-
RBM34,chr2_130342935_130343085,110.2865272,+
RRP7A,chr5_151772036_151786602,110.2793593,+
PUF60,chr3_121699885_121702480,110.2791086,+
SSB,chr14_55664041_55667240,110.2551103,+
SNRPC,chr3_114057106_114065236,110.2465686,+
SNRPF,chr7_75879260_75881828,110.2452027,+
PABPC1,chr10_124760503_124765391,110.240528,+
RBM39,chr6_33076141_33080671,110.2403607,+
HNRNPM,chr1_144720690_144757915,110.2336735,+
NCL,chr4_53428183_53442652,110.2314833,+
WDSUB1,chr4_83456958_83459739,110.2241011,-
TIA1,chr1_151760899_151762104,110.2201935,-
MATR3,chr6_75634811_75647730,110.21958,+
ZFP36L1,chr15_64075537_64088686,110.2093619,-
PARP14,chr2_97189115_97189217,110.2058299,+
PTBP2,chr11_43444209_43445930,110.1854285,+
NONO,chr17_58347241_58347528,110.1818439,+
SNRPE,chr16_20900535_20915555,110.1662866,+
ZC3HAV1,chr15_41349241_41351032,110.1626787,+
RBM5,chr10_89010600_89011998,110.1611201,+
SRBD1,chr2_45546360_45546731,110.1580213,+
RBM23,chr14_69767251_69768137,110.1529565,-
SF1,chr3_114056864_114065236,110.1529025,+
PPFIBP1,chr3_121718501_121722261,110.1495547,+
ZC3H6,chr8_69493125_69501873,110.1339332,+
PARP14,chr5_43123310_43139164,110.1334258,+
CPSF6,chr20_35699451_35699632,110.1294152,+
RBM6,chr14_23564221_23564332,110.1162341,+
RBM47,chr12_101634605_101636671,110.1121231,+
SNRPN,chr14_88596808_88601923,110.1062237,+
G3BP2,chr11_884169_899339,110.1037238,-
HNRNPK,chr2_97558994_97560664,110.0961395,+
ZFP36L1,chr3_48601470_48603563,110.0926588,-
ZC3H12D,chr7_105014535_105038125,110.0921392,-
LSM7,chr1_162590511_162597791,110.0917051,-
RBM6,chr6_31540664_31541949,110.087466,+
RBM17,chr9_136850137_136850505,110.0864471,+
ZC3H14,chr1_185305643_185306484,110.0769909,-
TEP1,chr17_42348517_42388278,110.0763185,+
RRP7A,chr6_29944634_29945058,110.0750372,+
RNPS1,chr12_4612718_4613514,110.0737121,+
PPFIA1,chr12_124912655_124913111,110.0698858,-
HNRNPL,chr11_112085462_112086639,110.0695079,+
U2AF1L4,chr19_41436472_41438217,110.0588094,+
EIF3G,chr12_120200891_120201082,110.0520892,-
PPFIBP1,chr5_179614959_179616125,110.0514524,+
YBX1,chr2_227342819_227347225,110.0427059,+
SNRPB2,chr1_151307801_151315572,110.0402361,+
TRA2B,chr12_121328497_121330582,110.0364164,+
TARDBP,chr5_150446963_150447473,110.0334903,-
NSUN6,chr12_4612718_4613514,110.0274323,+
EWSR1,chr14_49626048_49628011,110.0174059,+
SF1,chr14_94110797_94114850,110.0079739,-
FUBP1,chr7_73737735_73738327,109.9989045,+
TIA1,chr2_70214491_70215370,109.9909851,+
SPEN,chr22_32475124_32478980,109.9908637,+
PAPSS1,chr11_66002513_66003234,109.9853048,+
FUS,chr8_60558923_60584207,109.9848303,+
FXR1,chr14_30622399_30630476,109.9828816,-
L3MBTL4,chr18_675402_677344,109.9774081,+
NOL8,chr19_38931171_38931275,109.9768783,+
ZC3HAV1,chr9_137576167_137577469,109.9762249,+
PPP1R9A,chr2_66569145_66571245,109.9641846,+
HNRNPA0,chr4_76082535_76097643,109.9386473,+
HNRNPD,chr16_1786655_1787676,109.930818,+
LSM5,chr9_37782137_37783913,109.8803591,+
FXR1,chr5_81489309_81615472,109.8741081,+
RBM15B,chr7_16854915_16860499,109.8591052,-
PABPC1,chr19_18905629_18910970,109.8560944,+
YBX1,chr5_304221_311292,109.8540488,-
HNRNPD,chr19_5896997_5901334,109.8492526,+
WDSUB1,chr1_207767195_207770320,109.8461389,-
SNRPC,chr2_95888120_95929071,109.8275258,+
ZFP36,chr2_58222042_58226727,109.8253016,+
RBM7,chr21_36046011_36053582,109.823068,+
RBM8A,chr2_227325427_227330625,109.817959,+
QKI,chr1_45568177_45568926,109.8168921,-
PAPSS1,chr16_56935312_56936686,109.7927928,-
LARP4B,chr7_23106146_23123776,109.7871309,+
PARP14,chr11_126256852_126261424,109.7753846,+
PCBP2,chr1_42457073_42457246,109.7432704,+
SRRT,chr11_35190065_35208104,109.7349267,+
DLC1,chr12_10704148_10709907,109.721945,-
PRR3,chr8_100948900_100950405,109.7209567,-
FUBP1,chr8_66922725_66926197,109.7181349,+
SAMD8,chr3_23917295_23917849,109.703018,+
HNRNPA0,chr18_46087492_46095052,109.6873669,-
SAMD12,chr20_35699451_35699632,109.6802369,+
TIA1,chr4_75981545_75981932,109.6373121,+
THUMPD1,chr9_111597432_111599338,109.6334593,+
YTHDC1,chr14_30622399_30630476,109.6311249,-
SNRPN,chr1_26301024_26301693,109.6306975,+
RBM19,chr11_35190065_35208104,109.6269895,+
DAZAP1,chr10_78037304_78040614,109.619963,-
ANKS4B,chr20_18567596_18569238,109.6195028,+
MATR3,chr7_116210734_116249019,109.6134213,+
EIF4B,chr4_13368650_13376544,109.6090872,+
RBM3,chr9_36657363_36665349,109.6038639,+
NOL8,chr1_70228555_70231858,109.6018455,-
PPP1R9A,chr12_124912180_124913320,109.5978116,+
PPIE,chr1_25243633_25245149,109.5898467,+
LARP4B,chr2_73927052_73938909,109.5895273,+
ZFP36L1,chr8_73959818_73964486,109.5894952,+
APTX,chr8_80053430_80171424,109.5753826,+
HDLBP,chr19_12773044_12774668,109.5719638,+
ANKRD17,chr1_13614405_13615904,109.5667714,+
SSB,chr19_14410605_14410988,109.5645892,+
LARP4B,chr10_13116340_13118905,109.5505539,+
RBM27,chr6_36970694_36972702,109.550308,-
NONO,chr12_104019676_104021356,109.5450177,+
ZFR,chr2_97555254_97584943,109.5323572,-
FXR1,chr2_97555254_97558965,109.5265273,-
SNRPD1,chr8_127290060_127323014,109.5172651,+
FUS,chr7_22947247_22960255,109.4868171,+
EIF4B,chr6_28085891_28088562,109.4848302,+
NOL8,chr22_20126368_20126954,109.4845599,-
FUBP1,chr18_694334_706469,109.4793048,+
G3BP2,chr2_131530827_131531663,109.4772742,+
LARP4,chr5_179614959_179616125,109.4658873,+
PAN3,chr2_60541920_60545970,109.4623555,+
MEX3D,chr12_56158711_56159974,109.4503886,-
ZC3H4,chr1_201151852_201153848,109.44282,-
GTF3A,chr12_7060877_7061838,109.4363238,+
CPSF6,chr19_8474244_8485602,109.4341113,+
PABPC4,chr15_41371684_41377195,109.4335504,-
MCTS1,chr20_47298947_47310055,109.4294499,+
PTBP2,chr12_10849094_10849373,109.4241775,-
HNRNPA0,chr19_45079377_45090106,109.4230347,+
EIF4H,chr11_125102317_125102636,109.419802,+
RNPS1,chr12_6724179_6724613,109.4171295,+
TIAL1,chr7_74718941_74728785,109.4165074,+
RALY,chr2_215391814_215394527,109.3920597,+
RC3H1,chr5_179614959_179616125,109.3733458,+
RBM43,chr2_121469960_121503166,109.3664247,+
RBM7,chr17_2042231_2042604,109.3612062,+
ELAVL1,chr1_94901785_94903121,109.3572136,-
LARP4B,chr17_3720402_3723687,109.3553899,+
SRRT,chr1_151307801_151315572,109.3525523,+
RNF113A,chr3_149895570_149902071,109.3519548,+
POLR2G,chr4_185690611_185775226,109.3425543,+
HNRNPM,chr3_185494761_185496827,109.3378134,+
HNRNPA1,chr20_62308470_62308654,109.3377729,+
PCBP2,chr16_56935312_56936686,109.3296099,+
HNRNPA3,chr2_240482261_240499957,109.3254396,+
HNRNPH1,chr7_141738410_141739123,109.3249101,+
ZFR,chr20_17970370_17989938,109.3242453,+
PUM1,chr1_30980166_30981311,109.3240718,+
HTATSF1,chr1_32634110_32634767,109.3240137,+
SNRPE,chr2_97558994_97560664,109.3227163,+
RC3H1,chr12_124911899_124912583,109.3201042,-
RBM39,chr20_46386275_46387337,109.3192373,+
SFMBT2,chr2_238194331_238194804,109.3161537,+
PAN3,chr7_105038199_105040838,109.3155105,-
RBM6,chr12_56639307_56642457,109.305923,-
FUBP1,chr12_124912180_124913320,109.3023209,+
PUF60,chr2_215391814_215394527,109.2977347,+
RC3H1,chr14_102229657_102232534,109.2792926,+
ZFP36L1,chr20_18567596_18569235,109.2728403,+
UHMK1,chr11_62789426_62789885,109.2722196,+
NOL8,chr17_21629193_21632652,109.2576643,+
POLDIP3,chr6_41937394_42048500,109.2473086,+
EIF4H,chr7_105118022_105126247,109.2447845,+
SNRPN,chr1_179865854_179877238,109.2264209,+
HNRNPA2B1,chr12_120522363_120528939,109.2240057,+
ZC3H14,chr4_185514337_185514702,109.219036,-
HNRNPA0,chr11_117199829_117203001,109.2133637,-
SASH1,chr1_150711853_150714084,109.2083097,+
ZFP36,chr3_138187599_138221925,109.1975825,+
TDRKH,chr1_114737563_114737962,109.1916355,-
RBPMS,chr10_63217331_63264650,109.1913449,+
RBM34,chr1_168023047_168038370,109.1887733,+
IREB2,chr12_121903107_121915858,109.1823378,+
RBM39,chr17_64968381_64972533,109.1684041,+
ANKS1A,chr2_222924595_222930620,109.1642716,+
FUS,chr3_157153156_157156935,109.1477754,+
RBMS1,chr3_56566759_56566949,109.1473966,+
FXR1,chr1_145623160_145623592,109.1413191,+
PHC1,chr3_172509321_172514860,109.1275269,+
TARDBP,chr9_32553944_32570959,109.1263826,-
PUM1,chr5_96740118_96741265,109.1256529,+
EIF2S1,chr2_27772692_27779432,109.1240356,+
TIAL1,chr3_114974416_115147218,109.0976072,+
HNRNPR,chr20_45814470_45815853,109.0959292,-
YBX1,chr8_143580632_143581053,109.0852827,-
MYEF2,chr2_43794643_43795886,109.0797667,+
HNRNPA1,chr3_48927813_48961611,109.0717852,+
RBM41,chr1_243172846_243186258,109.0716779,+
HNRNPC,chr11_32588732_32589546,109.0644171,+
EWSR1,chr22_30926871_30928018,109.0559288,+
ACIN1,chr18_35041661_35070194,109.0485503,+
CCAR1,chr14_69769251_69769510,109.0470452,+
LARP4,chr12_27958568_27963347,109.0381465,+
BFAR,chr6_99414690_99416348,109.0344183,+
KRR1,chr1_150711571_150711832,109.0331249,+
EIF3G,chr20_34073635_34075873,109.0259723,+
G3BP1,chr2_189578353_189579812,109.0239929,-
EIF4B,chr3_93995944_93996547,109.0222707,-
ZFP36,chr12_52057259_52058687,109.0220661,-
U2AF1,chr1_24655129_24660718,109.0128555,+
HNRNPH2,chr12_124911822_124912278,109.0009962,-
HNRNPC,chr16_56936817_56939894,108.9845062,-
LSM5,chr20_45815745_45815853,108.9658351,+
HNRNPH1,chr12_6578917_6589119,108.9508225,+
NIP7,chr3_123618770_123620206,108.9484914,+
MYEF2,chr16_80976179_80981805,108.9435045,+
PARP14,chr2_43794643_43795886,108.933806,+
PAN3,chr10_3780229_3781766,108.9288117,-
SNRPB2,chr11_62885608_62888330,108.9260951,-
NCL,chr9_32987731_32988082,108.9242567,+
LSM2,chr20_45944320_45944867,108.9225287,+
EWSR1,chr20_35280118_35284175,108.8986699,-
ZFP36L1,chr2_238194331_238194804,108.894813,+
ZC3HAV1L,chr2_95889871_95889965,108.8934499,+
LARP4,chr10_37166695_37169529,108.8853812,+
EWSR1,chr9_115042341_115073602,108.8754722,+
LARP1B,chr4_128093031_128098185,108.8737659,+
FMR1,chr4_82829058_82842139,108.8733104,-
LARP7,chr17_1365058_1369708,108.868246,-
MCTS1,chr1_156061443_156068269,108.8675227,+
PCBP2,chr3_48695421_48717156,108.8590964,+
RPS3,chr12_109561104_109561419,108.8554654,+
HNRNPL,chr3_157151930_157152176,108.817614,-
NIP7,chr1_109200900_109202943,108.8166977,+
EIF4H,chr14_69769251_69769510,108.8142893,+
CPSF6,chr9_128940497_128940598,108.8084482,+
RBM4,chr8_69493125_69501873,108.7984394,+
TROVE2,chr3_23917295_23917849,108.7947048,+
TIA1,chr10_29409658_29415356,108.7856314,+
PABPC1,chr5_96762372_96765223,108.7800569,+
UHMK1,chr11_35190065_35208104,108.758296,-
LSM7,chr3_138187599_138209816,108.7253735,+
SAMD8,chr16_69120649_69121052,108.7029589,+
PCBP2,chr7_66560675_66573384,108.7013252,+
LARP4B,chr6_42884750_42885973,108.6954512,+
CSDE1,chr1_30966197_30967166,108.6920659,+
PHC3,chr12_124913320_124913548,108.6865188,+
ZC3HAV1,chr1_171512200_171513000,108.6778217,+
HNRNPA1L2,chr8_94696961_94705924,108.6639414,+
EIF2S1,chr3_138187599_138188454,108.655084,+
EIF4B,chr12_124912655_124913567,108.6511544,-
YBX1,chr9_19379618_19379761,108.627778,+
HNRNPA0,chr2_96602338_96602752,108.6183587,+
NAA38,chr2_27369212_27369413,108.6134117,+
ZC3H6,chr3_100519608_100555208,108.6103832,+
ZC3H6,chr20_58891865_58895611,108.6051611,+
EIF4B,chr12_15957033_15959828,108.5976688,+
QKI,chr18_24239382_24280841,108.5849753,+
RRP7A,chr12_122511188_122515104,108.5731205,+
PHC3,chr2_9406905_9408112,108.572621,+
ZC3HAV1,chr7_151374201_151375847,108.5720306,+
EIF2S1,chr1_25244498_25245149,108.571713,+
ARAP1,chr2_28865119_28869578,108.566824,+
SEC23IP,chr8_116658980_116755665,108.5419203,-
HNRNPC,chr17_3720402_3723687,108.5327706,+
YTHDF2,chr22_40594735_40636477,108.5268407,+
SSB,chr12_76450988_76487509,108.5247476,+
PPIL4,chr12_124911971_124912655,108.5229113,-
PUF60,chr11_57426652_57427061,108.5155319,+
NIP7,chr1_161074376_161074610,108.4994338,+
PSPC1,chr7_76030524_76047811,108.4914281,+
PPRC1,chr12_124912655_124913567,108.4833843,-
SNRPC,chr8_143818534_143821596,108.4831736,+
HNRNPA2B1,chr10_24466790_24473227,108.4806478,+
SRRM1,chr6_31860178_31860438,108.4785238,+
HNRNPC,chr1_37496604_37501803,108.4779551,+
YTHDF2,chr8_37873179_37874514,108.474211,-
THUMPD1,chr3_138187599_138221925,108.4675661,+
KHDRBS1,chr12_14885850_14910757,108.4671629,-
SF1,chr5_96727530_96729152,108.4624143,+
HDLBP,chr20_59036760_59038465,108.4583888,+
ZFR,chr1_167773368_167787819,108.4543481,+
RC3H2,chr1_179884769_179889309,108.4480678,-
SAMD8,chr20_18567596_18569238,108.4425508,+
RBM47,chr17_74772395_74772895,108.4400739,+
MCTS1,chr2_74135658_74145188,108.4380946,+
SNRPD2,chr3_183092545_183094558,108.434442,+
ZFP36L1,chr20_62303781_62306196,108.4298075,-
ZMAT5,chr4_53440608_53442652,108.4283071,-
LARP4B,chr6_26124749_26127697,108.4259952,+
ESRP1,chr5_65662150_65664236,108.4110757,+
LSM5,chr14_30622399_30630476,108.4073752,+
UHMK1,chr14_88596808_88607242,108.4032694,-
MCTS1,chr20_5109445_5112729,108.3920544,+
TRA2A,chr15_79961174_79970699,108.391596,+
RBM47,chr17_42348539_42388278,108.3875598,+
ZC3H4,chr12_124912278_124913418,108.370458,-
ZC3H12D,chr12_14885850_14910436,108.3693766,+
HNRNPK,chr12_124913039_124913267,108.3682109,-
EIF2S1,chr17_42951894_42954875,108.3671337,+
PABPC1,chr12_101634605_101642418,108.363677,-
PCBP2,chr11_77841060_77842478,108.361698,+
MSI1,chr1_150220761_150226607,108.3587446,-
PHC3,chr1_228108318_228109260,108.3578781,+
ANKHD1,chr12_53462567_53465931,108.3500355,+
RBM7,chr14_73921105_73922065,108.3491153,+
YTHDF1,chr15_64075537_64088686,108.3443292,+
ZFP36L2,chr1_92832117_92833544,108.3437042,-
SFMBT2,chr7_44058280_44058431,108.3415385,+
KHSRP,chr17_7577916_7578341,108.3324547,-
G3BP2,chr11_102520804_102524935,108.3316012,-
TDRKH,chr8_143821913_143829279,108.3233676,-
PNO1,chr4_82426129_82427189,108.3230485,-
YTHDF3,chr8_58553303_58565021,108.3155963,-
CIRBP,chr12_27972019_27972522,108.3110716,+
HNRNPM,chr12_122208577_122209772,108.3106549,+
HNRNPA1L2,chr19_10579864_10581265,108.3080045,-
RBM39,chr14_24241776_24241889,108.3013625,+
CARHSP1,chr1_228146067_228146860,108.2878935,+
TIA1,chr4_87980126_87980392,108.2752294,+
ZGPAT,chr8_20212905_20216412,108.2706838,-
ZFP36L1,chr19_7680878_7682241,108.2581059,+
ESRP1,chr6_36970694_36972702,108.2460706,+
KIN,chr10_28590832_28595732,108.2454754,+
THUMPD1,chr3_27409530_27411641,108.2449199,+
THUMPD1,chr22_21628787_21629009,108.2354732,+
PNPT1,chr12_124913092_124913320,108.2349961,+
MBNL1,chr15_60347689_60351192,108.233657,-
SAMD12,chr1_6785575_6820180,108.2332623,+
PNO1,chr9_137576167_137577469,108.2113845,+
SUPT6H,chr1_207767823_207770320,108.2043225,+
SSB,chr22_42912157_43015020,108.2026552,+
THUMPD3,chr1_46686870_46689586,108.1974466,+
LSM3,chr12_7060877_7061751,108.1973391,-
SAMD4A,chr1_186301711_186306317,108.1926773,+
LSM6,chr15_60364523_60386027,108.1900074,-
LARP7,chr2_202278329_202282350,108.186799,+
RBM3,chr7_45751646_45758042,108.1834173,+
ZCCHC17,chr1_54043525_54052999,108.1813428,+
HNRNPL,chr10_42594699_42614281,108.1797585,+
GRSF1,chr9_128936645_128937756,108.1782247,+
SART3,chr2_95888120_95889798,108.1756823,-
HNRNPA2B1,chr11_34651610_34656907,108.169863,+
EIF3B,chr6_31835451_31836423,108.1541048,+
SNRPD2,chr6_99414690_99425214,108.1357215,+
HNRNPL,chr6_5369182_5431040,108.1340559,+
SNRPD2,chr3_146525647_146533469,108.1275552,+
PCBP2,chr6_167827237_167864550,108.1143942,+
RBM34,chr6_26124633_26138053,108.0978158,+
HNRNPA1,chr1_86352208_86352858,108.0917079,+
HNRNPL,chr22_46356072_46356841,108.0911813,+
RBMX,chr2_241678649_241680228,108.0910708,+
RBM3,chr2_97151939_97158106,108.0852386,-
LSM5,chr2_169824640_169824781,108.0657091,+
HDLBP,chr17_81511803_81511902,108.0538906,-
SNRPD3,chr14_69767251_69768137,108.0462433,-
SAMD4B,chr3_114388145_114389004,108.0451175,+
ANKRD17,chr1_109739493_109740239,108.0392928,+
ZC3H4,chr7_151374201_151375847,108.0302515,+
ZC3H13,chr7_99560695_99561887,108.0215076,+
CARHSP1,chr2_241268541_241272760,108.021354,+
YBX1,chr15_63044152_63056984,108.0118959,+
HNRNPF,chr4_15971082_15980421,107.9816709,+
SAMD12,chr12_27300601_27302136,107.9714497,+
RRP7A,chr12_76450988_76459858,107.9698916,+
ZFP36L2,chr18_678737_683245,107.9682042,+
SNRPB2,chr1_145623160_145623612,107.9654305,+
PUF60,chr20_58895684_58903530,107.9618593,-
PHC3,chr1_153638448_153642242,107.9613208,+
PABPC1,chr7_116904383_116910232,107.9583172,+
EEF1G,chr19_42510920_42512349,107.9536588,+
G3BP1,chr4_53377923_53379224,107.9492949,+
YTHDC1,chr5_96727530_96729611,107.9427801,+
RBM42,chr12_4543904_4546308,107.9422325,+
PPIL4,chr6_36600276_36601151,107.9379239,+
CARHSP1,chr9_19200582_19378367,107.9349173,-
ZC3H6,chr12_10704148_10709907,107.9116503,+
SUPT6H,chr3_158710921_158713796,107.9050564,-
RBM4B,chr1_75724817_75728400,107.8851141,+
PPFIBP1,chr12_52052645_52054326,107.8839041,+
LSM2,chr7_16873843_16881943,107.8836994,-
RBM17,chr12_6448737_6450892,107.8787505,+
CIRBP,chr2_97558871_97558965,107.8708683,+
TNRC6A,chr1_232950744_232956346,107.8582863,+
TIAL1,chr12_120200891_120201082,107.8552411,-
PUM2,chr9_83974589_83976994,107.8545072,-
HNRNPA1L2,chr12_32737942_32740063,107.8523536,-
SASH1,chr12_14884245_14884595,107.8508739,-
SNRPB,chr7_22946163_22946951,107.8399003,+
ACIN1,chr1_193060222_193075819,107.8367146,+
HNRNPM,chr3_100310542_100311832,107.8357415,+
ZC3H12D,chr4_153204560_153270334,107.8168881,+
SNRPG,chr1_111449873_111454210,107.7967407,+
EEF1G,chr12_10610680_10613438,107.7942653,+
PAN3,chr12_16353467_16354230,107.7899912,-
PPP1R10,chr16_53141274_53155925,107.7866445,+
PUM2,chr2_73732285_73734428,107.7824119,+
TARDBP,chr11_117199829_117203001,107.7812228,-
HNRNPH3,chr13_102664925_102674282,107.7810398,+
SCML4,chr9_33953474_33960825,107.7730788,+
PCBP1,chr4_83456958_83459739,107.7567922,+
HNRNPK,chr21_37156906_37157160,107.7484665,+
SRRT,chr7_149012360_149020966,107.7458249,-
RBM39,chr14_20802093_20802796,107.7457392,+
IREB2,chr3_157153156_157156935,107.7390165,+
HNRNPH1,chr1_224360563_224365878,107.7358818,+
HNRNPC,chr1_186406268_186411810,107.7251548,+
PHC1,chr1_70228555_70231858,107.7104125,-
PPIE,chr3_122454001_122461223,107.7100584,+
SNRPD1,chr2_47170764_47172413,107.7072903,-
PTBP2,chr19_52374427_52379420,107.7055201,+
ZRSR2,chr5_44746038_44747626,107.7045539,+
PPIE,chr19_11041560_11058257,107.6932934,+
PTBP2,chr15_50300902_50301220,107.6904674,+
PUM2,chr20_38421098_38426418,107.6898738,+
HNRNPH1,chr12_28190641_28305648,107.6807424,+
SNRPD2,chr1_19978524_19978733,107.6585029,+
YTHDC1,chr14_45109780_45109893,107.6575679,+
SF3B4,chr4_15971082_15980421,107.6553331,+
SAMD8,chr18_675402_677344,107.6549403,+
HNRNPH3,chr1_51756358_51760689,107.6428229,+
HNRNPC,chr19_48800297_48810983,107.6376347,+
ZCCHC17,chr15_79846856_79889092,107.6362417,+
FUBP1,chr8_109339390_109340490,107.634468,+
RBM43,chr17_1712399_1713855,107.6272069,+
SNRPB2,chr8_99892047_99893638,107.6262164,-
FUS,chr2_206161132_206161345,107.6226596,+
EIF4B,chr4_10088741_10097710,107.6215969,+
ZFP36L1,chr8_69493125_69501873,107.6185547,+
SAMD8,chr1_37496604_37501803,107.6066213,+
HNRNPA3,chr1_52906611_52907867,107.5983406,+
PPFIBP1,chr2_97181626_97181720,107.5982009,-
RBM17,chr15_52557222_52564189,107.5959237,+
PABPC1,chr14_100361921_100375282,107.5888337,-
RBM14,chr2_152677475_152679351,107.5797411,-
HNRNPA2B1,chr11_95865676_95888155,107.5794926,+
DKC1,chr6_37381354_37390741,107.571091,+
RBM34,chr3_48693179_48695089,107.563745,+
SNRPA,chr7_95406247_95409900,107.5591609,-
KRR1,chr7_100885040_100885212,107.5455872,+
ZC3H6,chr20_33994131_34072065,107.5388197,+
NONO,chr11_118237260_118240210,107.5337696,+
RBM8A,chr2_227325427_227330625,107.5169347,+
PCBP2,chr1_70366984_70367616,107.5167196,+
SEC23IP,chr3_146517167_146525604,107.5124429,+
PAPSS1,chr21_37073473_37087246,107.5080612,+
ZC3H7A,chr6_87243611_87254649,107.4935366,+
CNOT4,chr7_116210734_116249019,107.4861541,+
SASH1,chr6_125986622_125993756,107.4816521,+
MBNL2,chr1_45591270_45602254,107.4762462,+
SSB,chr1_219179246_219210531,107.4738106,-
RBM41,chr3_114066283_114070625,107.4677357,+
HNRNPA1,chr11_112228673_112230625,107.4563616,+
U2AF1L4,chr18_9208797_9211583,107.4549043,+
SNRPD2,chr6_132815224_132816460,107.4534571,+
QKI,chr3_49278451_49280743,107.4471549,+
PNPT1,chr2_177234271_177264531,107.4417141,+
PAPSS1,chr14_103334260_103335652,107.4363949,+
EIF2S1,chr10_34341816_34347964,107.4256006,+
ZFP36,chr12_101634605_101642418,107.4143414,-
PABPC1,chr12_32737942_32738263,107.413237,+
TIAL1,chr6_99414690_99425214,107.4113569,+
PARN,chr5_304221_311292,107.4103391,-
RBM18,chr3_32442013_32454240,107.4028979,+
TRA2B,chr21_46636547_46636895,107.3961779,+
ZFP36L1,chr1_108659962_108660962,107.374158,+
PPIE,chr17_75704814_75705610,107.358359,+
RBM17,chr2_169584899_169603641,107.3530995,+
ZFP36L2,chr4_15971082_15980421,107.3371852,+
SARM1,chr12_6653050_6656726,107.3355259,+
HNRNPH3,chr14_103334260_103335652,107.334343,+
PHC3,chr16_68348431_68352247,107.333294,+
SAMD8,chr10_96133648_96155325,107.3177311,+
FXR1,chr5_96729209_96729611,107.3155438,+
ZNF638,chr12_6653050_6656726,107.308105,+
UPF3B,chr2_181920662_181921947,107.3074335,+
PPFIBP1,chr7_76030524_76047811,107.3010201,+
IREB2,chr14_105474905_105478449,107.3008777,+
SNRPD3,chr12_6652767_6652935,107.2913551,+
PUM1,chr12_124911822_124912050,107.2906158,-
HNRNPM,chr10_114448020_114451623,107.2883266,+
SSB,chr1_154212624_154214456,107.2865383,+
SNRPB2,chr1_151562165_151562584,107.2841998,+
TROVE2,chr8_61681036_61682438,107.2709651,+
ZFP36,chr12_101634605_101642418,107.2541041,-
ZCCHC17,chr1_25351693_25356792,107.2454676,-
RALY,chr2_240482261_240499957,107.2324148,+
HNRNPD,chr22_46337944_46343261,107.2122131,+
RBM25,chr5_304221_314416,107.2002704,+
MATR3,chr17_7017014_7017256,107.198737,+
RBMXL1,chr14_45109993_45110093,107.1926963,+
RBM3,chr20_18567596_18569238,107.1923881,+
TARDBP,chr2_152677475_152679351,107.1825186,-
YBX1,chr12_124912408_124913320,107.1819861,+
RBM39,chr11_114440739_114449845,107.1624261,-
ACIN1,chr20_49230349_49233305,107.1543129,+
PAN3,chr6_90536401_90547257,107.1514174,+
ZFP36L1,chr10_15102336_15103304,107.1512103,+
RBM3,chr14_55580354_55601756,107.1417106,+
ANKS4B,chr13_37564560_37569299,107.1339562,+
ZC3H4,chr3_100492928_100555208,107.125648,+
ZNF638,chr16_53208709_53209481,107.0907903,+
PCBP2,chr12_10704148_10713210,107.0778624,+
HNRNPA2B1,chr2_71068712_71072640,107.0755998,+
SNRPB,chr11_33731468_33736381,107.0664039,+
UNKL,chr20_49280964_49289044,107.0621123,+
MEX3D,chr5_43123310_43161248,107.0564915,+
RBMX,chr12_9655979_9656920,107.0447223,+
PPFIBP1,chr12_45961322_45961699,107.0430526,+
RBM34,chr2_73732285_73734428,107.0387192,+
PPFIBP1,chr1_165768269_165768758,107.0287131,+
HNRNPH2,chr10_88941390_88941784,107.0285237,+
NCBP2,chr17_59866749_59878102,107.0027089,+
EIF2S1,chr19_18571909_18573292,106.9903205,-
SETD1B,chr11_118260201_118262501,106.9892904,+
TEP1,chr19_54110121_54114441,106.9763821,+
THUMPD3,chr2_227352573_227355676,106.96697,+
SNRPF,chr18_694334_697239,106.9633642,+
PPIE,chr4_51899378_51911069,106.9617963,+
PARP14,chr2_152677475_152679351,106.961563,+
FUBP1,chr9_37588932_37592309,106.9606179,-
PABPC1,chr2_73732285_73734428,106.9555955,+
HDLBP,chr5_135346057_135350822,106.934392,+
ZC3H6,chr3_114693575_114710267,106.9335317,+
LSM4,chr14_88596808_88607242,106.9293459,+
ZC3H12D,chr3_185495315_185496827,106.9270014,+
POLR2G,chr5_272772_311292,106.9191101,-
ZC3H11A,chr1_207790345_207793518,106.9186064,+
TRA2A,chr7_120955624_120964741,106.9157939,+
SLBP,chr10_24474060_24495146,106.9133062,+
SNRPE,chr16_28845055_28845911,106.9124036,+
PPIE,chr1_235829036_235830225,106.9095911,+
KHSRP,chr4_103096274_103099782,106.9054065,-
RBM27,chr22_29299280_29299598,106.9053602,-
TIAL1,chr21_37084331_37087246,106.9000477,+
ACIN1,chr1_54043525_54052999,106.8982225,-
ZC3H7A,chr1_213000912_213005032,106.8960188,+
RBM34,chr6_30619989_30624882,106.8913783,+
HNRNPL,chr2_20256170_20260336,106.8905813,+
LSM5,chr4_51886638_51891759,106.8890223,+
RBM26,chr13_27445156_27450508,106.8860534,+
HNRNPA1,chr2_27313074_27322447,106.8835643,-
RBM3,chr11_95865676_95887611,106.8781274,+
HNRNPH1,chr12_57719182_57720405,106.8409661,+
RNPS1,chr5_7870923_7875257,106.8397202,+
NAA38,chr3_152447773_152456266,106.834842,+
HNRNPA1,chr11_62854551_62854887,106.8337033,+
HNRNPL,chr1_151199081_151224244,106.8284441,+
PHC3,chr2_215381080_215382211,106.8218275,+
PTBP2,chr3_53292827_53304176,106.8105179,+
EWSR1,chr19_10702254_10706709,106.8084301,+
SNRPC,chr15_41358258_41365404,106.7986506,+
G3BP1,chr1_22052742_22078428,106.7942493,+
HNRNPC,chr3_197149796_197161639,106.7781622,+
RBM6,chr7_22976808_22977340,106.775951,+
RBM39,chr21_36046011_36048307,106.7741024,+
RBM41,chr14_70329236_70359518,106.7651307,+
PCBP2,chr14_30622399_30630476,106.746627,+
ZC3H12D,chr10_110569013_110575335,106.7465864,+
RRP7A,chr1_155136951_155137978,106.7426725,+
SAMD5,chr4_102826636_102827943,106.7158184,-
RBM34,chr1_74707204_74710097,106.7148762,+
HNRNPK,chr1_51309325_51311253,106.7117464,-
EEF1G,chr12_10610680_10613438,106.7102868,+
NCL,chr2_31883462_31891991,106.7070862,+
SNRPE,chr16_88859972_88860913,106.6999137,+
ACO1,chr14_20684758_20693546,106.695895,-
TROVE2,chr1_85259061_85259357,106.6889482,+
RBM34,chr14_68882592_68884167,106.6837163,-
ZC3H15,chr3_138187599_138209816,106.675346,+
GTF3A,chr14_20684758_20693546,106.6725014,+
RBM4,chr17_64974641_64975559,106.6683571,+
HNRNPAB,chr22_31528863_31531057,106.6519769,-
HELZ,chr3_108047292_108050577,106.6495043,+
NCBP2,chr2_73732700_73734428,106.6413683,+
RBMX,chr18_724632_736807,106.6343384,+
EIF3G,chr18_12311053_12329145,106.6155314,+
HNRNPH1,chr12_26976357_26980565,106.6155212,+
SNRPD1,chr15_69453020_69455169,106.614546,-
ZC3H12D,chr22_36467917_36480574,106.6091342,-
HNRNPK,chr22_29296368_29298732,106.606882,-
RBM19,chr12_52051568_52054326,106.5986331,+
EIF4B,chr1_150627592_150629060,106.5924557,+
SNRPD1,chr17_7016685_7017256,106.5904051,+
RBM6,chr1_46688544_46689586,106.5868702,+
SNRPB,chr17_7017014_7017256,106.5827648,+
HNRNPD,chr12_26976357_26980565,106.5740426,+
ZFP36L2,chr8_52624787_52628040,106.5684203,+
RBM8A,chr1_155260659_155262085,106.5419685,-
RBM26,chr7_43648652_43729428,106.5366742,+
MATR3,chr17_64973517_64974554,106.5281832,+
ZFP36L2,chr5_96729209_96729611,106.5078454,+
PRPF3,chr6_10749698_10770076,106.49884,+
HNRNPM,chr12_124911952_124913092,106.4874192,-
FUBP1,chr16_68346280_68347210,106.4841037,+
MATR3,chr10_113774333_113775764,106.4815625,+
PCBP1,chr2_237627740_237708543,106.4643252,+
PPFIBP1,chr17_81512360_81512614,106.4633945,-
PRPF3,chr2_43894629_43896633,106.460403,+
SYNJ2,chr1_161073299_161073719,106.4473728,+
NOL8,chr7_99892746_99903217,106.439507,+
HNRNPR,chr3_105550259_105552467,106.4388649,+
G3BP1,chr12_112048443_112053557,106.438826,+
ZC3H6,chr18_30994372_30996790,106.4379558,+
HNRNPR,chr12_112048443_112053557,106.4246731,+
SNRNP70,chr5_131162676_131165059,106.4199572,+
HELZ,chr3_119436978_119437587,106.4195488,+
HNRNPF,chr8_109334402_109336127,106.4159687,+
RRP7A,chr11_61438113_61445940,106.4128923,-
RBM43,chr9_72363606_72364695,106.4002211,+
SNRPD2,chr1_108659962_108660962,106.395161,+
RNPS1,chr10_61940408_62050887,106.3936563,-
SSB,chr3_114974416_115100174,106.3900772,+
MEX3A,chr4_153276130_153292981,106.3800496,+
SNRPF,chr20_49279208_49280484,106.378412,+
PPIL4,chr19_38930998_38931275,106.3769765,+
SAMD8,chr3_123618767_123620206,106.3751751,-
SRRM1,chr1_154261697_154263102,106.373629,+
PARN,chr1_154988849_154990158,106.3704049,+
SNRPG,chr3_136930594_136945582,106.3500992,+
TAF15,chr4_6708643_6709225,106.3487696,+
RBM22,chr6_36970694_36972651,106.3409281,+
RBMS2,chr1_90918154_90937484,106.339417,+
ANKS4B,chr1_54043525_54052999,106.3345123,+
SSB,chr9_92310675_92314266,106.3236647,+
PNPT1,chr14_24440926_24442177,106.3235224,+
ANKHD1,chr12_9656697_9656920,106.3111132,+
CNOT4,chr17_7224393_7224483,106.3026858,-
TROVE2,chr1_86385590_86386914,106.3026703,+
GTF3A,chr12_27969516_27970024,106.2997184,-
G3BP2,chr12_124912655_124913339,106.2971139,-
PAN3,chr16_56935312_56936686,106.2954669,+
TIAL1,chr2_66512294_66547942,106.2952215,+
RC3H1,chr11_10801087_10802048,106.2936141,-
ASCC1,chr12_122519029_122520503,106.2926032,+
HNRNPF,chr11_114440739_114449845,106.2866697,-
SHANK2,chr16_66552793_66563121,106.2839162,+
HNRNPF,chr2_227813987_227815456,106.2746168,+
PNO1,chr8_102836541_102838743,106.2704893,+
CHERP,chr20_58895684_58903530,106.2689167,-
CPSF6,chr3_58141896_58142649,106.2581923,+
NONO,chr12_124912734_124913418,106.2518852,-
NUPL2,chr7_141006535_141010418,106.2508303,+
SPEN,chr11_77821241_77842478,106.2505149,+
RBM43,chr17_81682675_81683012,106.2501226,+
PCBP1,chr3_100310542_100311832,106.2498552,+
PABPC1L,chr22_35263874_35263981,106.2467459,-
EIF2S1,chr12_14885850_14905108,106.2451731,-
PPFIBP1,chr19_54110121_54114437,106.2438143,+
RBPMS,chr1_151760899_151762104,106.2407614,+
SUPT6H,chr12_8777802_8780574,106.2318664,+
HNRNPR,chr9_83974589_83975461,106.2204927,+
RBM3,chr4_75981545_75981932,106.2095286,+
RBM8A,chr12_124913495_124913723,106.2035993,-
SNRPD2,chr1_200649226_200650424,106.1953098,+
LARP4,chr9_177820_178815,106.1939119,+
CIRBP,chr13_37570669_37577752,106.1835252,+
ZC3H12D,chr15_88639178_88639342,106.179612,+
LSM4,chr12_124912050_124913418,106.1728441,-
SNRPB,chr16_208188_220648,106.1685192,+
RBM34,chr6_135492291_135497582,106.1624882,-
SHANK2,chr2_159428042_159428310,106.1592697,-
RBM19,chr4_118278792_118278943,106.1569402,+
RBM3,chr2_73734591_73737301,106.1534882,+
SAMD8,chr1_207339417_207340390,106.1520672,-
SAMD8,chr10_12172866_12177792,106.1477121,+
RBM22,chr1_71065752_71066775,106.126798,-
FXR1,chr1_24646789_24647078,106.1083291,-
SSB,chr1_156738764_156741052,106.105394,+
RNPC3,chr12_122508450_122511108,106.1029081,+
TRA2A,chr10_63217331_63219877,106.0930145,+
RBMS3,chr4_168916027_168924254,106.0917791,+
G3BP2,chr1_207339417_207340390,106.0841923,+
RBM12,chr1_213000912_213005032,106.0831843,+
ZCCHC17,chr1_54043525_54052999,106.0714489,+
SLTM,chr8_56211837_56214597,106.0631572,-
PUM2,chr6_90536401_90547257,106.0565227,+
SNRPB2,chr12_124913039_124913267,106.0562888,-
SRRT,chr10_63217331_63264650,106.0438717,+
ZC3H15,chr2_190205232_190212955,106.0429544,+
HNRNPA1,chr20_47298947_47310055,106.041387,+
HNRNPH2,chr1_231229209_231238856,106.0080312,+
MEX3A,chr6_27252949_27254692,105.9980214,+
SF1,chr16_69120649_69121435,105.9976024,+
HNRNPM,chr10_42594699_42631928,105.9950707,+
HNRNPL,chr4_13381594_13460698,105.9950255,+
MCTS1,chr5_43555999_43556581,105.9921357,+
TMEM63A,chr17_42348520_42388278,105.9876883,-
ZFP36L1,chr8_69493125_69501873,105.9842543,+
YTHDF3,chr17_72431224_72592202,105.9721933,+
RBM8A,chr3_150568292_150575648,105.9693169,+
LSM1,chr7_87194102_87195030,105.9595566,+
YTHDC1,chr19_1036246_1036415,105.9512387,+
RBMX,chr1_108659962_108661183,105.9447725,+
PPIE,chr7_91980333_91980872,105.9365204,+
RBM25,chr6_135492291_135497582,105.9280547,+
SNRPE,chr15_41349241_41350987,105.9275572,+
SRRT,chr12_124912655_124912883,105.9157192,-
RBM41,chr11_76453388_76458182,105.9149966,+
HNRNPL,chr6_5369182_5431040,105.9142396,+
SASH1,chr10_3783281_3784912,105.9126715,-
TROVE2,chr6_116571655_116580294,105.9084047,+
PPFIBP1,chr5_179623164_179623594,105.9060848,+
PAPSS2,chr9_83978452_83980118,105.9029019,-
NIP7,chr15_51954575_51958741,105.9016994,+
RBM8A,chr10_84417861_84425730,105.8965753,+
PAN3,chr10_24474060_24494499,105.8879435,+
HNRNPC,chr11_62271068_62272956,105.8823451,+
NOL8,chr3_15245671_15246731,105.8818147,+
RBM4,chr7_26193694_26195846,105.8737109,+
PAN3,chr12_124912655_124912883,105.8730646,-
TROVE2,chr2_227342819_227347225,105.8612094,+
PPRC1,chr4_6708643_6709225,105.8505661,+
YBX1,chr19_16646800_16647095,105.8496664,+
SCML4,chr9_19376589_19378367,105.8486442,+
CPSF6,chr20_35740989_35741940,105.8307929,-
PAN3,chr20_45420693_45421382,105.8235761,+
ZC3H12B,chr2_42697834_42704193,105.82081,+
EIF2S1,chr4_87980434_87981474,105.8073443,+
FMR1,chr8_27604392_27604923,105.7990426,-
RBM42,chr3_37174605_37176059,105.7956629,+
ANKS4B,chr12_124911952_124913092,105.7894902,+
NSUN6,chr6_167010893_167022408,105.7736388,+
ZFP36,chr2_100008932_100104401,105.7415905,+
LARP4B,chr12_124911971_124913339,105.7269504,-
RBM3,chr5_138164133_138164319,105.7251515,+
MEX3D,chr9_33347117_33347662,105.7221577,-
RBM41,chr12_95252071_95256549,105.7184089,+
PABPC4,chr12_94435327_94459556,105.7180525,+
ESRP1,chr9_92310675_92311145,105.7130637,+
RBM43,chr14_70329236_70359518,105.702475,+
HNRNPH3,chr16_69340332_69341532,105.6961015,-
RC3H1,chr20_35699451_35699632,105.6954261,+
DKC1,chr5_34911812_34913469,105.6924301,+
SCML2,chr2_131531802_131532588,105.6907716,-
PHC3,chr12_124912655_124912883,105.6906881,+
ZFP36L1,chr9_68259434_68264467,105.6599618,+
ZC3H3,chr7_99968467_99971745,105.6348679,-
ZFR,chr18_27048503_27052854,105.6302084,+
EIF4H,chr12_95252071_95256549,105.6256109,+
FMR1,chr4_82857764_82862533,105.6249077,-
KRR1,chr20_35280118_35284175,105.6241757,-
FMR1,chr8_143818534_143821596,105.6220534,+
HTATSF1,chr2_27312772_27322447,105.6124076,+
CPSF6,chr1_45519054_45522777,105.6096304,+
HELZ,chr12_133083561_133100986,105.6000999,+
EIF4B,chr2_20256170_20260336,105.5942611,+
RBM17,chr1_53028071_53047857,105.592098,-
PABPC1,chr12_101634605_101642418,105.5867433,-
LSM3,chr17_74203710_74203917,105.5803594,-
U2AF1,chr20_13814515_13816462,105.5675154,+
RBM34,chr5_146510160_146510440,105.5643634,+
RBM42,chr14_23565701_23565815,105.5629264,+
ANKS4B,chr2_159448409_159453612,105.5594666,+
LSM1,chr1_222577643_222584127,105.5446227,+
HNRNPH3,chr12_31298224_31326023,105.5419473,-
ZC3H11A,chr2_159448409_159478574,105.5307465,+
FUBP1,chr3_121668158_121669196,105.526162,+
SNRPC,chr8_143821913_143829279,105.5203667,+
FUBP1,chr8_22591668_22593732,105.5099194,+
SSB,chr15_78545764_78548789,105.507653,+
RBM26,chr9_121326792_121327307,105.5050838,-
ZFP36L1,chr7_65974704_65976014,105.5011971,+
EIF2S1,chr11_34651805_34656910,105.4897176,+
RBM4,chr20_17660528_17682027,105.4882111,+
CPSF6,chr15_40836282_40844178,105.487564,+
ZNF638,chr15_52557222_52564189,105.4847884,+
HNRNPC,chr6_52681914_52686009,105.4702002,+
PABPC1,chr1_162561777_162566011,105.4689913,+
LARP4B,chr12_122519029_122520503,105.4594541,+
PUM1,chr12_124912636_124912864,105.4535047,+
SNRPF,chr1_213000383_213005032,105.4438073,+
RBM17,chr7_75881486_75881828,105.4307175,+
RBM19,chr1_151368319_151369712,105.4263745,+
RBM39,chr15_40838686_40844178,105.4180709,+
PNO1,chr19_10677310_10679096,105.4118663,+
RBM25,chr1_167773368_167787819,105.4109139,+
WDSUB1,chr6_139034221_139041542,105.4039565,-
PAN3,chr2_201140439_201145377,105.4000773,+
NSUN6,chr7_5741644_5752845,105.3901322,+
TROVE2,chr12_93467554_93469188,105.3890185,-
PPRC1,chr2_9406905_9407448,105.3802124,+
NOL8,chr3_183840640_183844230,105.3770522,+
RBMX,chr3_139383435_139389468,105.3747157,+
HNRNPH2,chr19_38930998_38931275,105.3746429,+
PPFIBP1,chr6_135492291_135497187,105.3739183,+
HNRNPA3,chr12_32737161_32738263,105.3615824,-
ZC3H11A,chr12_48671962_48679654,105.3501671,+
RBM6,chr12_56639307_56642457,105.3428095,-
RBM28,chr10_78037304_78040614,105.3254264,-
CIRBP,chr3_57577387_57584383,105.319845,-
RBM17,chr7_112462179_112467980,105.3193412,+
MSI1,chr1_196690239_196701317,105.3152478,+
PNPT1,chr12_55903480_55927724,105.3123742,+
RBM41,chr9_111563231_111570090,105.309822,+
RPS3,chr1_28229023_28232920,105.3082496,+
ANKHD1,chr5_140487060_140504820,105.2902186,+
ZCRB1,chr1_70228555_70231858,105.2846321,+
PPIL4,chr19_39435705_39435847,105.2703578,-
ANKHD1,chr3_100310542_100311832,105.2701773,+
RBM33,chr12_6975148_6975695,105.2684309,+
HNRNPH2,chr1_39480009_39484600,105.2678661,+
PARP14,chr1_186301711_186306317,105.2633417,+
HNRNPF,chr11_17282943_17286633,105.2612473,+
TRA2A,chr17_72428298_72592202,105.2602648,+
NIP7,chr2_222924595_222928861,105.2597375,+
SYNCRIP,chr9_32988124_32989758,105.2574872,+
YBX1,chr1_156236483_156242552,105.2523748,+
RRP7A,chr3_149285182_149287620,105.2408952,+
HNRNPR,chr3_149966586_149968357,105.2392823,+
SRRT,chr12_124912655_124913339,105.2361631,+
TARDBP,chr1_111449873_111454210,105.2347748,+
PPFIBP2,chr18_59155807_59158631,105.234043,+
LARP4B,chr1_165768269_165768758,105.2303757,-
EIF2S1,chr2_97555254_97584943,105.2275582,-
ZC3HAV1,chr12_124913039_124913267,105.2265852,-
HNRNPD,chr8_61643433_61644599,105.2237072,+
G3BP2,chr5_179699049_179705678,105.2084245,+
RALY,chr5_112864732_112867371,105.1923803,+
ZCRB1,chr10_24474060_24494499,105.182256,+
PPFIBP1,chr2_60541920_60545970,105.1758538,-
HNRNPA2B1,chr17_7241679_7241767,105.1583437,+
ZFP36L1,chr15_22845267_22851638,105.1566164,+
EIF3G,chr5_75354697_75355364,105.1550367,+
TDRKH,chr4_82424883_82425562,105.1539281,-
LARP1,chr17_21625246_21632652,105.1527272,+
PPIE,chr1_45606591_45607320,105.152622,+
TNRC6A,chr10_12172866_12177792,105.1520723,+
HNRNPA2B1,chr5_304221_314416,105.1515887,+
HELZ,chr3_185926734_185937824,105.150759,+
EIF4B,chr17_67894165_67903788,105.149879,+
ESRP1,chr2_23984831_23999671,105.1466457,+
ZC3H6,chr4_48885565_48894005,105.1445335,-
EIF3B,chr1_22074219_22078428,105.1435898,+
RNPC3,chr16_53208709_53209481,105.1362356,+
SAMD12,chr19_45165194_45178134,105.1288783,+
SRRM1,chr4_53399839_53425871,105.1234279,+
RRP7A,chr5_78421960_78449932,105.1194169,+
KRR1,chr20_46386275_46387337,105.1138139,+
HNRNPA3,chr2_97118517_97142639,105.1108957,+
SNRPF,chr8_61643433_61644599,105.1106816,+
FUBP1,chr1_90005092_90010087,105.1089461,+
SRRM1,chr5_224521_225882,105.1007284,+
RBM39,chr2_97194754_97194844,105.095903,+
LARP4B,chr2_55577356_55578246,105.094596,+
HNRNPA1L2,chr12_114679972_114680878,105.0943014,-
NCL,chr12_79805768_79807225,105.0912325,+
RBM26,chr11_102317571_102321836,105.0803097,+
HNRNPL,chr19_48800297_48806516,105.0747073,+
SSB,chr6_31581630_31582255,105.0655012,+
HNRNPM,chr17_7577916_7578341,105.0545426,-
RBMS2,chr10_73030370_73044980,105.0458209,+
SNRPN,chr7_66554837_66573384,105.038657,+
HNRNPH1,chr15_41375828_41377195,105.0381935,+
SAMD8,chr19_12694722_12694798,105.0371768,+
POLR2G,chr11_66003070_66003234,105.036069,+
SNRPD2,chr2_1666486_1673642,105.0181245,+
PNPT1,chr3_53292827_53312240,105.0169074,+
TNKS,chr3_11602022_11643436,105.011171,+
SFMBT2,chr2_152716126_152717229,105.0071162,+
ESRP2,chr2_241315982_241316421,105.0047634,-
RBM8A,chr4_51899378_51913289,105.0046631,+
ZRANB2,chr17_59958444_59960067,105.0028774,+
ZC3H12D,chr17_57980786_57981872,104.9973017,+
RBMXL1,chr2_224920_229965,104.9913156,+
ZC3H6,chr2_46581591_46588074,104.9829206,+
SASH1,chr17_58347241_58347528,104.9745865,+
RBM8A,chr6_311962_345853,104.9627554,+
PPFIA1,chr12_124912506_124912962,104.9619697,+
YBX1,chr1_155261734_155262085,104.9576073,-
HNRNPAB,chr2_152716126_152717355,104.9542554,+
SAMD4A,chr8_143580632_143581053,104.9420091,+
RNPC3,chr7_42937241_42937321,104.9319428,+
YTHDC1,chr9_35684807_35685268,104.9315464,+
YTHDF2,chr5_7889275_7891371,104.9236101,+
RBMX2,chr8_11821878_11844782,104.9229396,-
EIF4H,chr1_155136376_155136827,104.9168374,+
QKI,chr1_112703806_112707077,104.9114043,+
U2AF1L4,chr12_111991889_112005256,104.9077074,+
RBM25,chr1_25243633_25245149,104.9040369,+
PNO1,chr12_124912408_124913320,104.8916376,+
UPF3B,chr12_6724818_6728222,104.8860599,-
GTF3A,chr7_30019123_30022664,104.8637371,+
PNO1,chr6_167827237_167864550,104.8503598,+
RBM17,chr8_81715114_81718181,104.8488105,+
SCML4,chr1_36140166_36149091,104.8349906,-
LSM2,chr1_228108474_228108954,104.834963,+
RALY,chr4_185651828_185652661,104.8337065,+
RBM5,chr21_46636990_46643531,104.8268849,+
PPIE,chr12_28362515_28450160,104.8212095,-
YTHDF3,chr18_59155807_59158631,104.8176748,+
BFAR,chr8_61643433_61644599,104.8109676,-
ZNF638,chr3_57577387_57584383,104.809483,-
FUBP1,chr4_15971082_15980421,104.8066756,+
SASH1,chr1_151540426_151562584,104.8036227,+
HNRNPR,chr7_99560695_99563862,104.8016353,+
ZC3H12B,chr19_12694722_12694798,104.8003592,+
DDHD2,chr2_97555254_97560664,104.7961124,+
EIF4B,chr17_67959875_67964211,104.7908104,+
SNRPE,chr9_112716541_112717986,104.7866401,+
YTHDC1,chr17_64974641_64975559,104.7800304,+
RBM23,chr1_156738764_156741011,104.7778415,+
IGF2BP2,chr3_143021385_143021472,104.7710518,-
RBMX,chr12_56158711_56159974,104.7701329,+
ANKS4B,chr14_35116737_35121901,104.7701015,+
HNRNPA2B1,chr8_109334402_109336127,104.7675534,+
RBMS2,chr12_123618837_123619431,104.7647747,+
SAMD4A,chr16_15030056_15138878,104.7637791,-
CIRBP,chr6_135492291_135497582,104.7551559,+
SNRPB,chr1_173866581_173866760,104.7528672,-
RBM7,chr12_112048443_112053557,104.7461525,+
IGF2BP2,chr6_10755232_10770076,104.7349403,+
RBM4,chr2_38577532_38581912,104.733266,+
HNRNPA1,chr2_200857884_200857972,104.7250227,+
RBM3,chr12_6448737_6451468,104.7063912,+
MATR3,chr5_43123310_43161248,104.70506,+
PRPF3,chr1_90918154_90937484,104.7045168,+
LARP1B,chr5_43123310_43139164,104.6953,+
HNRNPA1L2,chr11_43335994_43342432,104.6915444,+
HNRNPA2B1,chr2_159412545_159428310,104.676128,+
SF3A1,chr2_44321445_44322730,104.675513,+
LARP4B,chr12_12357509_12361205,104.6743648,+
RBMS1,chr6_85536924_85538837,104.6672229,+
PTBP2,chr17_50738199_50740305,104.6653448,-
SNRPG,chr3_108047292_108050577,104.6622009,+
LSM4,chr3_129171538_129171651,104.6611182,-
RBM4,chr1_243293219_243293398,104.6596774,+
HNRNPR,chr3_105550259_105552467,104.6458243,+
TRA2A,chr3_58141929_58142649,104.6385951,+
SASH1,chr12_53295639_53297849,104.6351225,-
RNPS1,chr2_97538363_97541910,104.634315,+
KIN,chr11_10801087_10802048,104.6315844,-
ARAP2,chr4_82861708_82863317,104.6290463,-
SNRPG,chr7_99968430_99975944,104.6184215,-
HNRNPC,chr7_134958112_134958211,104.6147131,+
SYNCRIP,chr3_172755374_172755482,104.6021773,+
RBPMS,chr17_7241679_7241767,104.577521,-
SAMD4B,chr3_93997301_94003658,104.5774262,+
PABPC1,chr17_21198840_21210935,104.5757643,+
SNRPC,chr1_201958908_201963615,104.5722699,-
PCBP2,chr20_49230349_49231022,104.5626864,+
PARP14,chr1_228141288_228145510,104.5623966,+
PPP1R9A,chr2_159453801_159478574,104.5566767,+
LARP4,chr7_103307708_103308951,104.5480153,+
RBM34,chr1_228108318_228108436,104.5473898,-
EIF2S1,chr2_173217250_173229688,104.544559,+
LARP4B,chr2_20256170_20260336,104.5420006,+
PAN3,chr12_79805768_79806165,104.5418334,+
NIP7,chr9_136850137_136850505,104.5280214,+
HELZ,chr14_73148106_73170796,104.5210849,+
TNRC6A,chr2_176270419_176296859,104.4961284,+
HNRNPH2,chr9_32974561_32985970,104.4907029,+
LARP7,chr10_101605212_101608834,104.4854113,+
NOL8,chr12_124913092_124913320,104.4832746,-
HNRNPL,chr20_18507972_18510821,104.4708807,+
RBM34,chr3_138187599_138209816,104.4687017,-
SAMD8,chr3_105550259_105552467,104.4572831,+
CIRBP,chr19_49981013_49988371,104.4472753,+
PNO1,chr5_132195480_132198205,104.4421635,-
SRRM2,chr1_193060222_193075819,104.4345338,-
RNPC3,chr20_18567596_18569238,104.4275299,+
LARP7,chr17_16158873_16171802,104.414362,+
FUBP1,chr9_122148277_122152244,104.4092074,+
HNRNPA2B1,chr5_179623164_179623594,104.4072188,+
HNRNPH3,chr7_105126340_105126992,104.4000786,+
ESRP1,chr2_159448409_159453612,104.3996474,+
ACIN1,chr10_37188019_37189466,104.3981833,-
LSM4,chr12_16347898_16354230,104.3934581,-
SAFB,chr12_42375074_42387455,104.3795598,+
PARN,chr6_10749698_10755141,104.3714946,-
SAMD8,chr5_81489309_81615472,104.3615549,+
TRA2B,chr10_89010600_89011998,104.3561874,+
ANKS4B,chr14_65101572_65102303,104.3480582,+
CSDE1,chr1_193069634_193070553,104.3433416,-
SNRPD1,chr7_95412477_95416241,104.341073,+
ELAVL1,chr6_158637894_158644681,104.3381746,-
HNRNPH2,chr10_37188019_37189466,104.3253052,+
TARDBP,chr19_9827984_9828326,104.320841,+
SFMBT2,chr2_161160486_161179613,104.3151715,-
LSM5,chr1_151166252_151166470,104.3008315,-
FUBP3,chr6_29942626_29942756,104.2893993,-
SF1,chr22_37677065_37679602,104.2866352,-
WDSUB1,chr8_120425366_120443184,104.2791761,-
ZC3HAV1,chr5_224521_225882,104.2765938,+
KHDRBS1,chr3_121788432_121790072,104.2747269,+
MBNL1,chr8_48008470_48043032,104.27377,+
ZFP36L2,chr12_124912655_124913111,104.2566923,+
NONO,chr5_57176400_57230845,104.2489323,+
SNRPC,chr17_42610590_42660638,104.2303636,+
EIF3G,chr2_227340380_227355676,104.2280075,-
CCAR1,chr3_121770574_121781742,104.227059,+
RBM23,chr21_25997416_26000014,104.2229203,-
MSI1,chr4_155718883_155722037,104.2195221,-
ESRP1,chr14_102086378_102101874,104.2093659,+
MCTS1,chr15_34225658_34227692,104.2029226,-
SNRPF,chr19_18905629_18910970,104.196485,-
U2AF1,chr1_32627544_32631826,104.1838776,+
HNRNPD,chr7_76048226_76048575,104.1660645,-
KHDRBS1,chr9_88418951_88426381,104.1591102,+
NSUN6,chr12_32737161_32738263,104.1582224,+
RBMS2,chr11_66640123_66646026,104.1505517,+
RBM41,chr19_11345628_11346007,104.1503026,+
CSDE1,chr8_80053430_80171424,104.1204426,+
NIP7,chr22_35263874_35264647,104.1202069,+
PTBP2,chr18_63981838_63983578,104.1147105,+
HNRNPF,chr5_138561789_138567000,104.113367,+
EWSR1,chr5_138157267_138160068,104.113242,+
HNRNPH3,chr5_36177292_36181817,104.1099748,+
HDLBP,chr2_215391814_215394527,104.1098081,+
HDLBP,chr6_36970694_36972702,104.1088147,-
U2AF1,chr10_101601336_101608834,104.1053874,+
ANKRD17,chr22_29296368_29298732,104.1022922,-
PABPC1,chr2_227813987_227815456,104.0991358,-
LARP7,chr17_51161272_51166826,104.0967771,+
SRRM1,chr8_37873179_37874514,104.0884987,-
CPSF6,chr2_27772692_27779432,104.0872993,+
RBM8A,chr2_227340380_227355676,104.0846951,+
ANKS4B,chr12_79805768_79806165,104.0694077,+
UPF3B,chr3_172133546_172186711,104.0640796,+
LARP7,chr12_95266632_95270038,104.0562363,+
ZNF74,chr17_7574308_7575118,104.0433407,-
RBM33,chr2_215379317_215380810,104.0390821,-
ESRP1,chr8_94678371_94705924,104.0348162,+
GRSF1,chr8_33503935_33509745,104.0306889,+
PUM2,chr1_161072885_161073719,104.0293936,-
RBM39,chr4_119494523_119497810,104.0162462,+
SSB,chr1_149833855_149834134,104.0125833,-
LARP4B,chr1_53233652_53235576,104.0118219,+
NONO,chr17_75704814_75706007,104.0067788,+
SNRPB2,chr10_30337031_30340225,104.0002257,+
SNRPG,chr12_112013609_112022149,103.9737345,+
PARN,chr3_98506747_98517051,103.9699079,+
MATR3,chr17_42317224_42322284,103.968813,+
SLBP,chr12_96003064_96006313,103.9590429,+
RBM8A,chr14_20684758_20693546,103.9575237,+
LSM10,chr8_116658980_116755665,103.9516037,+
ZC3H7A,chr10_123162828_123163819,103.9481617,+
PPIE,chr22_39313310_39314106,103.9414695,-
ZFP36,chr1_75724817_75728400,103.930032,+
HNRNPH1,chr19_19202575_19202790,103.929227,+
SART3,chr9_111597432_111599602,103.9271017,+
FUS,chr1_212375300_212377561,103.9266393,+
RBM3,chr15_40836282_40844178,103.9168424,+
DNAJC17,chr12_57719182_57720405,103.9161475,-
PDCD11,chr1_6785575_6825091,103.9053797,-
G3BP2,chr1_154214574_154220341,103.9037669,-
RBM42,chr12_124912655_124913567,103.902797,-
UHMK1,chr12_124912408_124912864,103.8969711,+
SNRPN,chr15_60347689_60351192,103.8967431,-
DKC1,chr3_143021385_143021472,103.8779836,-
SNRPA,chr8_127323154_127420828,103.869151,-
ZC3H12D,chr19_8474244_8485602,103.8568782,+
LARP4,chr2_169584899_169603641,103.8549561,+
POLR2G,chr5_149517877_149520289,103.8476934,+
CNKSR3,chr1_212375300_212377561,103.8440892,-
SYNCRIP,chr1_30966197_30967166,103.8323521,+
SRRT,chr3_41239354_41239818,103.8275778,+
HNRNPH3,chr13_110893263_110900529,103.8173181,+
LARP4B,chr17_3720402_3723687,103.8135829,+
ZRANB2,chr2_238194331_238194781,103.7922592,+
ZCRB1,chr14_24164134_24165846,103.7732209,+
RBM22,chr2_98608726_98609755,103.7731112,+
NIP7,chr1_86385590_86386914,103.7663305,+
ZC3H11A,chr2_215391814_215394527,103.7547321,+
ZC3H4,chr19_49982188_49988371,103.7471351,+
SF3B4,chr1_156011887_156018131,103.7471054,-
PCBP1,chr12_42375074_42387455,103.7328533,+
KIN,chr19_52845296_52849086,103.7273047,+
SNRPB,chr14_20802093_20802796,103.7209766,+
SAMD12,chr19_54110121_54114441,103.7204824,+
RBPMS,chr11_47565986_47571470,103.7183462,+
RBM34,chr8_127323154_127420828,103.7158643,+
HNRNPM,chr1_153626533_153627482,103.7077946,+
G3BP1,chr5_102961229_102974115,103.7073456,+
HNRNPL,chr12_6330711_6330852,103.6998199,+
SAMD4B,chr20_17680075_17682027,103.6965877,+
RBM34,chr6_35293044_35294455,103.67932,+
RBM4,chr7_116210734_116249019,103.6791867,+
RBM10,chr1_172553370_172555868,103.6542302,+
ANKS4B,chr10_26759235_26765217,103.644472,+
PPP1R10,chr2_1666486_1673642,103.6402813,+
NONO,chr12_124912734_124913190,103.6275653,+
EIF3G,chr6_42632904_42634247,103.6260456,+
SF1,chr1_228141829_228145510,103.6232815,+
RBM47,chr1_155136951_155137560,103.6018856,+
G3BP2,chr17_41689069_41690087,103.5923603,-
TRA2A,chr6_99412318_99412550,103.5854595,+
MBNL1,chr4_82829058_82842139,103.5767832,+
TEP1,chr7_140337349_140343411,103.5747012,+
HNRNPA0,chr1_46688544_46689586,103.565514,+
SNRPD1,chr6_125986622_125993756,103.5602811,+
SASH1,chr10_34336243_34337364,103.5313189,+
HNRNPK,chr8_69493125_69501873,103.5282684,+
RBM39,chr11_62633514_62634820,103.5258793,+
TRA2B,chr6_152975621_152983233,103.5179709,+
PPIL4,chr20_5109445_5111499,103.5124745,+
PNO1,chr12_27961997_27963347,103.5121927,-
SRRM1,chr12_124911822_124913418,103.5102254,-
RBM8A,chr12_14905215_14910757,103.509136,-
HNRNPA1,chr2_20041007_20051409,103.5067363,-
RPS3,chr15_79967692_79970699,103.5064172,-
FUS,chr3_146528831_146533469,103.5028299,+
EEF1G,chr11_47476956_47477296,103.4929263,+
RNPS1,chr9_137576167_137577469,103.4800228,+
RBM39,chr20_35729365_35731940,103.4711187,+
PSPC1,chr1_108659962_108660962,103.468135,+
MCTS1,chr5_96729209_96729611,103.4657702,+
RBM3,chr6_31581630_31582255,103.449163,-
NIP7,chr3_108047292_108049618,103.4481224,-
GRSF1,chr7_101218217_101222603,103.4318003,+
CSDE1,chr6_12290693_12292340,103.4267432,+
HNRNPA1L2,chr7_6398718_6400125,103.4217213,+
PSPC1,chr7_107174745_107179878,103.4207457,+
MBNL1,chr18_34827676_34848295,103.3981163,+
FUBP1,chr3_146525647_146533469,103.3879354,+
SRRM2,chr3_114974416_115147218,103.3867073,+
HNRNPD,chr11_66843861_66843955,103.3866505,+
NONO,chr1_51669512_51714002,103.3809876,+
HNRNPA0,chr2_74142360_74145188,103.3751771,+
LARP1,chr17_7241679_7241767,103.3701673,+
CSDE1,chr5_57174211_57175447,103.3557,+
TARDBP,chr2_176269669_176296859,103.3538525,+
RC3H1,chr4_87441915_87449141,103.3467273,+
SYNCRIP,chr17_30709811_30759490,103.3427474,+
PCBP2,chr17_8463354_8466929,103.3409399,+
YTHDC1,chr1_78649905_78654242,103.3396437,+
SNRPB2,chr17_76090397_76094413,103.336579,+
CSDE1,chr3_50288937_50289711,103.3316441,+
SNRPE,chr11_95888261_95914241,103.3156247,+
RBMX,chr12_124911822_124912278,103.3118648,-
G3BP2,chr1_154966080_154966161,103.3117465,+
RBM14,chr1_153608177_153608898,103.3114232,-
ZMAT5,chr20_34090602_34096656,103.2978098,+
YTHDF2,chr20_62139197_62139695,103.2939505,+
SASH1,chr7_99967286_99971745,103.2936324,-
SART3,chr4_107670863_107682014,103.291148,+
ZC3H4,chr3_114974416_115147218,103.2899985,+
MATR3,chr3_100310542_100316098,103.2896684,+
THUMPD3,chr9_65693473_65698514,103.28769,+
PABPC1,chr6_109369017_109376073,103.275145,+
SETD1B,chr1_207767195_207770320,103.2611608,-
RBM8A,chr11_85628688_85631686,103.2610895,+
RBM25,chr3_121719768_121722261,103.2490496,+
HNRNPL,chr2_53801842_53809213,103.2331262,+
SAMD4B,chr18_26917350_27024115,103.22963,+
FUBP1,chr21_39347483_39348291,103.2199393,+
ZFR,chr12_124912734_124912962,103.213393,+
RBM45,chr3_149966264_149968357,103.2129015,+
HNRNPA1,chr3_127821838_127823083,103.2128647,+
ZC3H12B,chr2_28852499_28861117,103.2085199,+
HNRNPA1L2,chr19_3359685_3381711,103.2014216,+
PNO1,chr3_186788420_186789124,103.1869187,+
PSPC1,chr2_73957240_73958145,103.1832783,+
RBMX2,chr4_185690611_185775226,103.1756987,-
SNRPF,chr17_81891863_81894466,103.1654202,-
RBM3,chr12_122511188_122515104,103.1571898,+
RBM4,chr1_171512200_171513000,103.1538794,+
PHC3,chr2_200860215_200861237,103.1524503,+
ZC3H13,chr4_733789_733883,103.1423003,+
MEX3D,chr14_39319291_39320927,103.1405445,+
RBM43,chr22_31531129_31546860,103.1395805,+
PPIL4,chr22_42599793_42602769,103.1267073,+
NUFIP1,chr12_27302188_27309113,103.1132564,+
RBMX2,chr11_61438113_61445940,103.1110382,-
PABPC1,chr7_141010660_141014910,103.1085749,+
GTF3A,chr9_122148277_122152244,103.0949202,+
YTHDC1,chr1_235155112_235160892,103.0857262,+
SASH1,chr4_87980126_87980392,103.0812729,+
RC3H1,chr6_46168297_46170052,103.0787131,+
LSM7,chr6_24714440_24716245,103.0781499,-
SRRM2,chr12_21501948_21512294,103.0617984,-
PNPT1,chr2_55875065_55876622,103.0531406,+
SAFB,chr16_68346280_68347210,103.0335252,+
SYNCRIP,chr1_225783368_225786861,103.0290071,+
CNKSR1,chr1_32226320_32228498,103.0154515,+
SF1,chr12_124911822_124912050,103.00989,-
SYNCRIP,chr14_45096228_45096423,103.0096263,+
SNRPE,chr2_200860215_200861237,103.0021534,-
SASH1,chr8_69493125_69501873,103.0011852,-
SAFB2,chr12_6567922_6568138,102.9974221,-
POLR2G,chr8_61638360_61642887,102.9934666,+
EIF4H,chr3_138187599_138188454,102.9856908,+
U2AF1L4,chr6_41937394_42048500,102.9818124,+
INPPL1,chr3_48601470_48603563,102.9783178,+
RPS3,chr5_150447735_150449491,102.9707125,-
EIF4H,chr3_136930594_136945582,102.9706432,+
GRSF1,chr9_86317276_86319583,102.9592975,+
ZC3H12B,chr17_80273404_80278763,102.9535731,+
MBNL2,chr10_30437406_30438915,102.9458147,+
IREB2,chr2_11773745_11776085,102.9455023,+
ZC3H7A,chr14_21018400_21018762,102.9430528,-
RALY,chr1_114737563_114737962,102.9283532,-
HNRNPH2,chr4_118704051_118705610,102.9231459,+
ZC3H13,chr12_124912655_124913567,102.9196365,-
KHSRP,chr1_151562165_151562584,102.9119163,+
SEC23IP,chr12_124912278_124913418,102.9095316,+
CSTF2,chr3_188225527_188406111,102.9077137,+
CSDE1,chr14_24234241_24235736,102.9046716,+
MATR3,chr15_39588218_39588958,102.8928513,-
HNRNPH1,chr6_24714354_24716245,102.8883808,-
HNRNPF,chr16_21625115_21655226,102.8882447,+
LSM1,chr1_154169383_154170399,102.8777009,-
SCML4,chr16_75641723_75647577,102.8616596,+
HNRNPA2B1,chr4_53399839_53414614,102.856587,+
PUM1,chr17_7224393_7224483,102.8438702,-
PABPC4,chr11_74965117_74969639,102.8402107,-
RBM4,chr2_45546360_45546731,102.8342335,+
TMEM63A,chr4_185514337_185514702,102.8306631,-
EIF3B,chr1_168004793_168043024,102.8272083,+
HNRNPA2B1,chr12_53601021_53626278,102.8265105,+
RBMS1,chr5_58455409_58455538,102.8125835,+
SNRPE,chr3_149059807_149060642,102.8029637,+
HNRNPA1,chr16_53492519_53492692,102.799035,+
LSM1,chr3_121718501_121722261,102.7964994,-
SAMD12,chr8_22591668_22593732,102.7913075,+
RBMS3,chr2_55922447_55923710,102.7908712,+
EEF1G,chr1_70366537_70367616,102.7895337,+
ZFP36L1,chr4_82355401_82356795,102.7887514,+
PAPSS1,chr11_76453388_76458182,102.7824046,+
HNRNPD,chr22_24276803_24302194,102.7820708,+
NCL,chr6_137009492_137016967,102.7763085,+
LSM2,chr14_69767251_69768137,102.7753195,+
CSDE1,chr2_73950732_73958145,102.7589963,+
LSM5,chr3_121770574_121781742,102.7586554,+
LSM1,chr1_162590511_162597791,102.7566419,-
KHDRBS1,chr17_7017014_7017256,102.7508061,+
HNRNPC,chr8_102850144_102858012,102.7452319,+
MKRN2,chr2_189578353_189579812,102.7379701,+
YBX1,chr1_32634072_32634767,102.7355906,+
APTX,chr8_27604392_27604923,102.7322605,+
KIN,chr1_207767195_207770320,102.7214318,+
HNRNPL,chr2_53801842_53809213,102.7110199,+
RBM41,chr5_150447735_150449485,102.7027604,-
PCBP2,chr17_10705527_10706437,102.7022992,+
TRNAU1AP,chr6_31860178_31860438,102.6938319,+
RBM18,chr12_124911822_124912962,102.6850738,-
TNRC6A,chr6_110875215_110892160,102.6824047,-
RBM34,chr11_95865676_95888155,102.6750572,+
RBMX,chr17_64968381_64972533,102.6723587,+
HNRNPL,chr16_72058355_72059113,102.6711553,+
HNRNPL,chr16_72056631_72057391,102.6711553,+
TROVE2,chr1_20779911_20787194,102.6710122,+
LSM4,chr16_4694308_4694957,102.659678,+
ZRANB2,chr11_130137291_130140397,102.6552477,+
SRRM1,chr1_155658304_155709772,102.654778,+
SNRPE,chr1_32224475_32228498,102.6443008,+
EIF4B,chr9_72360787_72364695,102.6443008,+
HNRNPM,chr12_12203400_12266680,102.6399511,-
SNRPD2,chr7_8232752_8235909,102.6333161,+
HNRNPH2,chr17_82019381_82019857,102.6273818,+
LSM7,chr19_18571909_18573292,102.6199803,+
MEX3C,chr1_149390922_149430941,102.6162125,-
TRNAU1AP,chr1_154234792_154235195,102.6140874,+
EIF2S1,chr8_143818534_143821596,102.6129905,+
G3BP1,chr11_67467563_67468027,102.5945329,+
ZRANB2,chr12_122511188_122515104,102.5933958,+
NCL,chr12_122981299_122981594,102.5755136,+
ZFP36L2,chr2_237540533_237542566,102.5697418,-
HNRNPK,chr18_59225715_59230403,102.5695222,-
NONO,chr17_7016685_7017256,102.5676087,+
EIF2S1,chr9_78265906_78266441,102.5671227,+
LSM3,chr1_151254808_151264831,102.5650325,-
RRP7A,chr2_160285044_160286977,102.5589963,+
U2AF1L4,chr13_45340184_45341041,102.5484385,-
RBMX,chr1_74706994_74710097,102.5404086,+
ENOX2,chr4_153204560_153270337,102.5263925,-
RBMX2,chr12_27302188_27309113,102.5251309,-
RBMX,chr1_207767823_207770320,102.5226165,+
RBM39,chr7_87194828_87195030,102.5152544,+
LARP1,chr3_32442013_32452391,102.5138641,+
SYNCRIP,chr4_118278792_118279388,102.5115269,+
RBM43,chr11_17282943_17286633,102.504849,-
PPIL4,chr6_46168297_46170052,102.4975872,+
LSM5,chr12_49742115_49752463,102.4961038,-
ARAP1,chr3_191370036_191380158,102.4960591,+
RBM43,chr8_58434504_58434857,102.4945692,+
RBM27,chr2_30155910_30156627,102.4936693,+
MBNL3,chr22_19468003_19479082,102.4902297,+
RBMS3,chr8_119580167_119582429,102.4636852,-
PPFIBP1,chr1_167765749_167787819,102.4617562,+
PCBP2,chr6_56670807_56692387,102.4560616,+
MEX3D,chr20_44197739_44206880,102.4443007,+
PNO1,chr6_135492291_135497582,102.4404704,-
PAPSS1,chr2_95914180_95914274,102.4284569,+
THUMPD2,chr8_67045960_67047684,102.4264535,-
LSM6,chr5_78450034_78459244,102.4199372,+
HDLBP,chr12_120199485_120200718,102.4194362,-
RBM5,chr19_12691257_12694593,102.4111145,+
ESRP1,chr10_37165155_37189466,102.4019237,-
RBMS2,chr7_87194828_87195030,102.3986575,+
HNRNPA3,chr2_161160486_161179613,102.3949066,+
RBMXL1,chr18_22933564_22936753,102.3927746,+
SRRT,chr16_53208709_53209481,102.3880929,+
HTATSF1,chr14_22908380_22909482,102.376676,+
PCBP2,chr16_635340_636093,102.3703149,+
SNRPE,chr19_8474244_8485602,102.3505528,+
HNRNPF,chr1_31310164_31318166,102.3494832,+
MBNL2,chr18_62045979_62072672,102.3488053,+
RBM39,chr1_156738764_156741052,102.3425269,-
RBM15B,chr1_151264918_151265393,102.3421377,-
RBM34,chr1_150698734_150700111,102.3384994,+
TMEM63A,chr20_35739017_35739392,102.3220329,+
SUPT6H,chr2_97558994_97560664,102.318314,+
ZC3H6,chr6_87653249_87656905,102.3156186,+
SAMD12,chr11_62633514_62634820,102.2941963,+
HNRNPH2,chr5_140281533_140303040,102.2873622,+
YTHDF2,chr19_38632678_38634992,102.2828339,+
SNRPD2,chr1_228108321_228108954,102.2817094,+
PPIE,chr9_21971208_21974677,102.2625632,-
ANKHD1,chr2_58154802_58159348,102.2605868,+
RBM14,chr20_44901833_44902897,102.2573272,+
PCBP1,chr10_18672705_18673983,102.2567069,+
TROVE2,chr7_5741815_5752845,102.2556088,+
FUBP3,chr6_56735289_56851396,102.2555138,+
RBM34,chr5_138561789_138567000,102.2512401,+
NIP7,chr10_28590832_28595732,102.2494546,+
RBM41,chr6_26127761_26138053,102.2484458,+
RC3H1,chr19_9158075_9158825,102.2471439,+
ZCRB1,chr5_170788668_170794230,102.2458302,-
RBM27,chr6_110875215_110892160,102.2408877,-
NCL,chr12_14885850_14910436,102.239936,-
POLR2G,chr16_31201841_31202416,102.2382655,+
TRA2A,chr6_159790060_159790939,102.233711,+
LSM3,chr8_143821913_143829279,102.2309153,+
CARHSP1,chr4_54699766_54703720,102.2167896,+
LSM10,chr12_114679972_114680878,102.2164453,-
KHDRBS1,chr1_114575751_114581298,102.1982302,+
TIA1,chr6_131949557_131949948,102.1881138,-
PABPC1,chr20_49174269_49188115,102.1880786,+
CCAR1,chr6_41067437_41070075,102.1842381,+
KRR1,chr17_67894165_67903788,102.1652252,+
MATR3,chr19_43652371_43656478,102.1569378,-
ZC3H12D,chr19_10702254_10706709,102.1538168,+
HNRNPA1,chr8_73030395_73032041,102.1467101,+
DKC1,chr19_12773044_12774634,102.1402352,+
LEMD3,chr2_218269537_218269965,102.1390445,-
RBM23,chr14_22908380_22909482,102.1318323,+
HNRNPC,chr8_60584815_60618579,102.125041,-
HNRNPH2,chr1_51296170_51301571,102.119051,+
CSDE1,chr14_24232977_24233218,102.1172791,+
MSI1,chr4_74309155_74312184,102.0984164,+
LSM7,chr8_99892047_99893638,102.0969615,-
TIA1,chr2_27369212_27369413,102.0947558,+
CARHSP1,chr17_73242351_73242895,102.0929571,+
PCBP2,chr10_38017386_38054374,102.0870424,+
SAMD8,chr2_73957240_73958145,102.0795708,+
HDLBP,chr2_241680319_241685768,102.07484,+
RBM25,chr5_43454043_43476113,102.071368,+
LSM10,chr10_123007176_123008693,102.0679765,+
SF3B4,chr12_31305123_31326023,102.0676507,+
YTHDF2,chr3_114693575_114801100,102.0522006,+
SNRPC,chr2_231191_234159,102.0496091,+
DKC1,chr7_26193694_26195846,102.0446525,+
ZC3HAV1,chr1_153990802_153991114,102.0380213,+
EIF3G,chr5_75354697_75355364,102.0349208,+
PARP14,chr1_186301711_186304107,102.0263071,-
MBNL2,chr16_28845055_28845911,102.0220871,+
RBM7,chr12_120496216_120496401,102.0181345,+
STIM1,chr3_48694240_48695089,102.0173747,-
SNRPG,chr2_131531802_131532709,102.0013139,-
POLR2G,chr22_40364365_40366435,101.9924139,+
LSM3,chr6_135495898_135497187,101.9893408,+
SLBP,chr17_75226157_75231339,101.9886226,+
LSM3,chr8_81715114_81718181,101.9824555,+
ZFR,chr10_38017386_38054374,101.9770004,+
SYNCRIP,chr12_27972019_27972522,101.96013,+
RBM6,chr5_112976986_112985834,101.9557847,+
TRA2A,chr2_241268541_241272760,101.9468526,-
SF3B4,chr1_219179246_219210531,101.9384243,+
SCML2,chr3_138187599_138209816,101.9373923,+
SF1,chr2_159395834_159397344,101.9329847,+
ZFP36L2,chr8_42189071_42191371,101.9238125,+
HNRNPF,chr7_16880755_16881943,101.9040643,-
CIRBP,chr2_97558994_97560664,101.895634,+
EIF4B,chr13_27622009_27622874,101.8828393,+
RBM43,chr6_33417695_33417868,101.877133,+
U2AF2,chr1_74706994_74710097,101.8644588,+
RC3H1,chr2_8812496_8813236,101.8643377,+
HELZ,chr12_124913092_124913320,101.8626551,+
TARDBP,chr4_73135265_73141740,101.8619497,+
PDCD11,chr2_73950732_73958145,101.8606201,+
U2AF1L4,chr6_35587117_35597247,101.8491035,-
KHSRP,chr8_94674494_94678202,101.8488136,-
PABPC1,chr15_79889354_79896871,101.83945,+
HNRNPH3,chr3_48694240_48695089,101.832134,+
RBM42,chr19_58315036_58326822,101.8298612,-
ZC3HAV1,chr9_68258569_68264467,101.807545,+
HNRNPM,chr14_96552622_96555849,101.8046707,+
NSUN6,chr6_87218731_87222769,101.8031696,+
QKI,chr15_79899125_79967636,101.7889883,+
MATR3,chr17_7626793_7627142,101.7862341,+
KIN,chr17_76559043_76561287,101.7852768,+
FUBP1,chr1_112703806_112705099,101.7838759,+
HNRNPK,chr1_201957574_201965432,101.7763117,+
ZC3H15,chr17_64500326_64502009,101.7723098,-
G3BP2,chr12_14885850_14905108,101.7698836,+
SF3B4,chr11_11880380_11884466,101.7694886,+
RBM8A,chr7_73737735_73738327,101.7679646,+
SNRPG,chr1_228108318_228108436,101.7598091,+
SCML4,chr22_29288786_29291561,101.7544052,+
PPP1R9A,chr3_49278451_49280743,101.7478734,+
TRA2A,chr6_35293044_35294455,101.7424154,+
UPF3B,chr17_31878327_31880572,101.7350823,-
POLR2G,chr7_95412477_95416241,101.7343561,+
RBM17,chr12_56724549_56725262,101.7336755,-
CPSF7,chr8_143580632_143581053,101.7304455,+
SNRPC,chr3_183086788_183092408,101.7237633,+
CPEB4,chr3_157153156_157157010,101.7215184,+
PAN3,chr2_61192980_61203139,101.714242,+
SAMD5,chr15_22845267_22851638,101.7094874,+
SRRM1,chr22_17744013_17774380,101.7068304,+
LSM7,chr1_39753052_39762516,101.7027046,+
PPFIBP2,chr1_20779911_20787194,101.7009074,-
HNRNPH2,chr1_71065137_71066775,101.6910444,+
ZC3H4,chr1_6785575_6820180,101.6901417,+
ANKS4B,chr10_24438479_24473227,101.674761,+
SCML2,chr13_37004561_37005956,101.6746493,+
RBM47,chr18_47869436_47870474,101.674429,+
ZFR,chr16_31182664_31183857,101.6625545,+
EIF2S1,chr3_121718501_121719645,101.6572264,+
RBMX,chr7_99458355_99460085,101.6568624,-
RBM8A,chr12_95252071_95256549,101.6445385,+
HNRNPH2,chr18_9562075_9563377,101.6411399,+
RBM43,chr5_57176400_57230845,101.6233549,+
ZRANB2,chr8_67059445_67062105,101.620014,+
APTX,chr1_181052510_181053572,101.6092981,+
RBM19,chr9_114330576_114330791,101.6023933,-
PAPSS1,chr11_95865676_95887611,101.6020441,+
DLC1,chr10_100527074_100529365,101.5871964,-
SNRPE,chr1_156236483_156242552,101.5845926,+
UNK,chr16_28845055_28845911,101.574412,-
TEP1,chr3_15415583_15415771,101.573059,+
G3BP1,chr7_74065732_74065943,101.5668177,+
PCBP2,chr6_33417695_33418086,101.5664183,+
RBM34,chr15_49137458_49139527,101.5648936,-
KIN,chr3_129171538_129171651,101.5622281,-
RBM19,chr12_68871956_68885791,101.5588298,+
HNRNPD,chr12_89656107_89708595,101.555348,+
ZNF638,chr12_42375074_42387455,101.5533755,+
ZRANB2,chr12_124913190_124913418,101.5486616,+
RBMS2,chr14_70329236_70359518,101.5475246,+
RBM3,chr1_151307801_151310210,101.5462637,+
PAPSS1,chr11_33746059_33747129,101.5434872,+
ANKRD17,chr6_35587117_35597247,101.5428267,-
HNRNPK,chr3_143023064_143027148,101.541057,+
HDLBP,chr12_130872126_130872835,101.5400977,-
RBM39,chr6_26124633_26138053,101.5387317,+
SNRPF,chr17_68101959_68114421,101.5385442,+
SCML2,chr2_97555254_97558965,101.5365951,-
HTATSF1,chr19_36922846_36925199,101.5353166,+
PTBP1,chr2_171745927_171747778,101.5327724,+
SUPT6H,chr3_121844547_121857010,101.528199,+
HNRNPA1,chr4_185649656_185652661,101.5152927,+
EIF2S1,chr1_151254808_151263913,101.5152908,-
RBM6,chr1_161100859_161117951,101.5092318,+
SYNCRIP,chr14_59484593_59486712,101.4998098,+
SASH1,chr6_85612920_85614980,101.4975394,+
ANKHD1,chr2_73250438_73252639,101.4774291,-
SNRPB2,chr1_23967723_23971572,101.477148,+
SCML4,chr12_22668700_22671271,101.4752094,+
THUMPD1,chr7_99560695_99561887,101.4701254,+
U2AF1L4,chr3_9669492_9671047,101.4657789,+
SAMD4B,chr2_159428042_159428310,101.4512387,-
SFMBT2,chr9_14179780_14180658,101.4490336,-
MEX3C,chr2_60462424_60545970,101.4481468,-
TRA2B,chr19_11033517_11033766,101.4475886,+
ZNF638,chr9_68258569_68264467,101.4402908,+
ZRANB2,chr4_53391139_53399729,101.4378622,+
EIF4B,chr17_58351508_58352064,101.4278151,+
TRA2A,chr4_82829058_82842184,101.4213759,-
ZCRB1,chr17_7017014_7017256,101.4194063,+
ZC3H13,chr6_17507312_17539268,101.4178427,+
CHERP,chr4_82425667_82426036,101.4141902,-
ZC3H3,chr9_70286271_70297965,101.409038,+
HNRNPK,chr17_67959875_67964211,101.3957221,+
RBM25,chr14_88596808_88601923,101.3896595,-
SART3,chr19_35631405_35632935,101.3885968,-
ZC3H4,chr12_103953534_103956630,101.3746094,+
RBM38,chr8_116938680_116942557,101.3711332,+
ZRANB2,chr17_51275991_51280004,101.3669261,+
PAN3,chr15_79961174_79970699,101.3647908,+
PNPT1,chr14_45109993_45110093,101.3641431,+
HNRNPD,chr10_26751783_26765217,101.3518732,+
GRSF1,chr22_22304114_22306789,101.340605,+
FUBP3,chr10_1043393_1048863,101.32348,+
CSDE1,chr8_61681036_61682438,101.3209975,+
RPS3,chr6_87508466_87509040,101.3097662,+
YBX1,chr14_94581490_94587345,101.3097211,+
ZFP36,chr11_47731561_47732116,101.3095781,+
RBM27,chr3_121781874_121790072,101.3084637,+
MEX3C,chr12_14885850_14905108,101.3044961,+
KIN,chr16_2205512_2206030,101.292324,+
SAMD12,chr11_134252916_134253298,101.2908229,+
LSM4,chr12_21506976_21507116,101.2817194,-
MSI1,chr13_52456607_52460895,101.2815608,-
SNRPD1,chr20_31549114_31550063,101.2763303,+
RBM43,chr5_150447735_150449485,101.2693905,-
L3MBTL4,chr18_26917350_26944328,101.2644617,+
ZCRB1,chr2_203402734_203416907,101.2638444,+
HNRNPK,chr11_112085462_112086639,101.2613959,+
ZFP36L2,chr2_241315610_241324215,101.251563,+
SAFB2,chr6_17507312_17539268,101.2417964,+
SNRPF,chr20_18567596_18569238,101.2394573,+
SAMD8,chr7_101218217_101222603,101.2343034,+
ZC3HAV1L,chr2_160285044_160286977,101.2318259,+
EWSR1,chr21_46649739_46664294,101.2233207,+
PPFIBP1,chr14_94110797_94114850,101.2206374,+
SAMD8,chr6_41789336_41789530,101.212695,+
EPHB4,chr8_61681036_61682438,101.211491,-
RBM6,chr11_118237260_118240210,101.2076328,+
HNRNPA2B1,chr12_124912864_124913092,101.1958163,-
SEC23IP,chr4_67701484_67720421,101.1927088,+
YBX1,chr12_124912408_124913320,101.1888741,-
LEMD3,chr17_7574308_7575118,101.1840229,-
NIP7,chr5_132271466_132272024,101.1831852,-
SFPQ,chr14_49577853_49585949,101.180029,+
TEP1,chr10_118336423_118342269,101.1772774,+
PTBP2,chr2_215379317_215382211,101.1761901,-
EWSR1,chr4_112644768_112646350,101.1724771,+
PCBP2,chr20_49279208_49289044,101.1636364,+
RBMS2,chr21_25729801_25734988,101.1625774,-
ZC3HAV1,chr9_87727729_87772878,101.1593714,+
LSM5,chr12_8777802_8780574,101.1529236,+
RBMX,chr20_35735081_35738967,101.1432513,+
ZC3H7A,chr12_124913092_124913320,101.1397504,+
KRR1,chr11_35206243_35208104,101.1357973,+
RBM3,chr15_40810757_40812698,101.1339798,+
LARP1B,chr12_124912180_124912636,101.1300231,+
RALY,chr3_115071414_115147218,101.1293067,+
ZC3H15,chr1_228108321_228108954,101.1250711,+
EIF3G,chr18_30994372_30994453,101.1220591,+
POLR2G,chr2_73927052_73938909,101.1213828,-
RBM17,chr1_231229206_231238856,101.1139759,+
RNPS1,chr12_28190641_28257201,101.095259,-
KRR1,chr4_49119207_49123621,101.0835932,+
RBM4,chr14_103334260_103335652,101.0745436,+
HNRNPA1L2,chr3_114056864_114065236,101.0743016,+
HNRNPH2,chr1_22074219_22078428,101.0740049,+
SNRPF,chr3_115144907_115147218,101.0698305,+
PABPC1,chr13_38359333_38360040,101.0663082,+
PPRC1,chr19_10679927_10681018,101.0647655,-
RC3H1,chr7_8232755_8235909,101.0603032,+
LSM7,chr3_186804724_186806289,101.0598896,+
MCTS1,chr1_1719455_1721595,101.0549925,+
SNRPD1,chr2_95888120_95889798,101.0426025,+
RBM34,chr8_129879471_129903311,101.0325261,+
IGF2BP2,chr19_57769878_57778750,101.0308333,+
ZC3H12D,chr6_159685033_159692660,101.0294266,+
ZC3H12B,chr1_32634792_32650432,101.0242678,+
RBM6,chr17_58351508_58352064,101.0227482,+
FXR2,chr3_108047292_108050577,101.0203265,-
RBM39,chr1_51294511_51297790,101.0200205,+
DDX43,chr20_58895684_58903530,101.0124578,-
PUF60,chr8_140890769_141001124,101.0116611,-
KIN,chr2_152716126_152717229,101.0026131,+
PABPC1,chr3_10301147_10304025,101.0013549,+
LSM7,chr17_75040163_75042180,100.9848019,+
KIN,chr21_37157214_37159698,100.983827,+
TEP1,chr6_87218731_87222769,100.9828338,+
YBX1,chr11_34651610_34656910,100.9772273,+
DNAJC17,chr1_172551626_172555868,100.9771834,-
SSB,chr6_33076141_33080671,100.9580652,+
EIF2S1,chr6_167033971_167044404,100.9465544,+
YBX1,chr12_28190641_28257201,100.9402511,+
LSM7,chr1_156738764_156741011,100.9217652,+
ZC3HAV1,chr16_28845055_28845911,100.921214,-
UNKL,chr17_64972927_64973231,100.9118713,+
SRRM1,chr18_62045979_62070389,100.9100555,+
CPSF6,chr3_146528831_146533469,100.9062225,+
PNO1,chr6_135495898_135497187,100.90411,+
SAMD5,chr14_34524807_34533443,100.9015539,+
CSDE1,chr4_13369965_13376544,100.9010727,+
SRRM2,chr14_24241776_24242140,100.8993058,+
CHERP,chr3_51984158_51985360,100.8959181,+
RBM18,chr12_124911971_124912427,100.8948803,+
PUF60,chr11_35190065_35214851,100.8891307,+
EIF3B,chr7_45103443_45104098,100.876438,+
RBM26,chr3_169773462_169774030,100.873511,+
FUBP1,chr3_134358719_134359282,100.8690111,+
U2AF1L4,chr17_78171054_78171738,100.8636562,-
HNRNPL,chr4_82829058_82844385,100.8617618,+
SRRT,chr9_26917165_26919309,100.8587735,+
PNO1,chr1_179865854_179877238,100.8546722,+
RBM23,chr5_112864732_112867371,100.8529388,-
NONO,chr17_67959875_67964211,100.8527051,+
NOL8,chr9_32553944_32570959,100.8475752,+
FMR1,chr17_41515692_41610853,100.8430694,+
ZGPAT,chr11_61438113_61468663,100.8386288,+
NONO,chr4_109741110_109742490,100.8336174,+
NONO,chr17_28655483_28661725,100.8306423,+
YTHDC1,chr5_138518867_138542832,100.8263581,+
SNRPG,chr4_41619440_41644499,100.8260012,+
YTHDF3,chr11_66640123_66643449,100.8177689,-
CSDE1,chr1_185305643_185306484,100.8151085,+
SFMBT2,chr5_138164133_138164319,100.8144177,+
ZC3H6,chr12_133083561_133100986,100.8017635,+
PAPSS2,chr8_70598252_70600018,100.7999445,-
HNRNPD,chr15_63043831_63056984,100.7965733,+
NONO,chr9_129632865_129634053,100.7960274,+
PRR3,chr1_111449873_111456085,100.7946097,-
ZC3HAV1,chr6_21668899_21783631,100.7863074,+
PHC3,chr16_634797_636093,100.7793056,+
PABPC3,chr11_78101195_78102873,100.7677942,-
SNRPN,chr6_112254291_112254441,100.7645813,+
HNRNPA2B1,chr17_44188009_44189021,100.7611354,+
SF3A1,chr2_215391814_215394527,100.7569775,-
SF3B4,chr22_20126368_20126954,100.7479871,+
RBM4B,chr10_28614685_28616175,100.74644,+
PAPSS1,chr6_31954877_31955058,100.7424975,+
IREB2,chr8_61643433_61644599,100.7379856,-
ZFR,chr1_114737563_114737962,100.7360429,+
PPFIBP1,chr7_122078950_122079596,100.7322012,+
U2AF1,chr1_77967098_77967626,100.7288059,+
HNRNPA3,chr7_74718941_74728785,100.7277183,+
SF1,chr8_61681036_61682438,100.7226567,-
PTBP2,chr9_112716541_112717986,100.72026,+
EWSR1,chr5_138157267_138160068,100.714839,+
HNRNPA2B1,chr6_87245644_87254649,100.7068727,+
RBM25,chr1_155136376_155137560,100.7044097,+
DKC1,chr19_12764917_12764998,100.7029028,+
PPP1R9A,chr1_168004793_168019544,100.7006663,+
SAMD12,chr6_10749698_10755141,100.696252,+
HNRNPK,chr2_200856985_200857972,100.6937474,+
THUMPD1,chr3_167720273_167725400,100.6905251,+
LSM5,chr7_101316542_101318123,100.6838782,+
SF3B4,chr6_17507312_17539268,100.6813466,+
SNRPB2,chr17_78171054_78171738,100.6772897,-
POLR2G,chr12_6652309_6652661,100.6768238,+
PRPF3,chr1_25351693_25356792,100.6716815,+
TARDBP,chr17_16440253_16441367,100.667876,+
KHSRP,chr12_57489558_57490206,100.6678202,-
SNRPE,chr10_80408643_80420465,100.6675675,+
HELZ,chr7_74718941_74728785,100.6601801,+
PPFIA1,chr3_121718501_121719645,100.6558496,-
SASH1,chr5_57173926_57175447,100.6358815,+
TAF15,chr22_31531129_31546860,100.6320857,-
PARP14,chr7_66560675_66573384,100.6314987,+
PUM2,chr7_87194828_87195030,100.6311889,+
AKAP1,chr1_235155112_235160892,100.6239503,-
RBM25,chr6_36600276_36601151,100.6236387,-
ZC3H13,chr8_38995794_38996212,100.6188979,+
MATR3,chr8_43080441_43083117,100.6184281,+
PARP14,chr1_31007102_31028795,100.6125427,+
G3BP1,chr6_135497249_135497582,100.6111525,+
KIN,chr22_20126368_20126954,100.5926767,+
LARP1,chr1_193069634_193075819,100.5872955,+
SAMD5,chr9_114323805_114330791,100.5855611,+
ZFR,chr12_49742115_49752463,100.5822954,-
EIF2S1,chr3_146525647_146533469,100.5782581,+
HNRNPF,chr2_191682017_191683728,100.5782064,+
TRA2B,chr5_179614959_179616125,100.5741627,-
RC3H2,chr4_105146979_105233896,100.5675142,-
HNRNPM,chr15_41371684_41375711,100.5391416,+
ZC3H12D,chr5_170788668_170794230,100.5314903,+
ZC3HAV1,chr17_68248086_68248639,100.5263974,+
RBM23,chr15_64075537_64081101,100.5207728,+
PCBP1,chr21_29036374_29037278,100.5151074,+
HNRNPR,chr19_38893867_38899505,100.5083936,+
TRA2A,chr1_219179246_219210531,100.5079288,+
ZNF239,chr11_884169_899339,100.5061258,-
HNRNPF,chr17_78171054_78171738,100.4996961,+
MEX3C,chr1_232950744_232956346,100.4969547,-
ZFP36L2,chr6_56620715_56624529,100.4938378,+
PNO1,chr5_103019843_103028181,100.4936291,+
RBM7,chr12_10607936_10609097,100.490482,-
MATR3,chr20_3046737_3047734,100.481303,+
RBPMS,chr17_59958444_59960067,100.4728442,+
KRR1,chr7_108497995_108502490,100.4724672,+
EIF4B,chr7_16878645_16880723,100.4647807,-
TNRC6A,chr2_215372015_215373321,100.4540261,-
RBM34,chr1_150714678_150717137,100.4490996,+
ZFP36,chr3_157153156_157156935,100.4471708,-
G3BP1,chr8_56214667_56216388,100.4444701,+
KRR1,chr4_184638468_184649394,100.4433004,+
CSDE1,chr7_141738410_141739123,100.4329224,+
SNRPD2,chr15_63044152_63056984,100.4263107,+
LSM6,chr11_62520391_62522551,100.4246379,+
ZC3H12D,chr12_26231119_26231922,100.4210224,+
HNRNPA2B1,chr13_72781003_72781604,100.4162267,+
HNRNPA2B1,chr2_159428042_159428310,100.4139816,+
LSM1,chr12_124911899_124913723,100.3995966,-
SNRPD3,chr1_155136951_155137978,100.3966163,+
ANKS4B,chr3_129288997_129290678,100.3935185,+
CARHSP1,chr1_40040801_40059336,100.3751741,+
RBM19,chr1_200650676_200659026,100.3711097,+
YBX1,chr1_32634792_32650432,100.3581697,+
SUPT6H,chr19_13110001_13110157,100.3526386,+
HNRNPA2B1,chr1_150220758_150223185,100.3511393,+
HNRNPA3,chr11_126256852_126261427,100.3493808,+
SRRM1,chr1_202951164_202954240,100.3491273,+
RBM34,chr18_74496431_74499881,100.3461692,+
HNRNPA1L2,chr12_22060926_22062280,100.3443005,-
RBM3,chr6_36600276_36601151,100.33561,+
NCL,chr19_38893867_38899505,100.3353023,+
EIF4B,chr3_146525647_146533469,100.3346898,+
KIN,chr1_234400948_234401180,100.3301875,+
PNO1,chr20_31073692_31087500,100.3261034,-
LARP7,chr22_36467917_36480574,100.3246899,-
IGF2BP2,chr3_197069260_197075836,100.323863,+
SNRPN,chr1_155258912_155260329,100.309136,+
SASH1,chr3_169773462_169774264,100.3086809,+
RBM6,chr12_6905954_6906408,100.3029599,+
HNRNPD,chr7_99415266_99416137,100.2936863,+
NAA38,chr3_193618936_193631611,100.2930629,+
HTATSF1,chr20_45420693_45424215,100.2927158,+
RBM17,chr10_24438479_24473227,100.2806233,+
ESRP1,chr8_94678371_94696851,100.2712556,+
MCTS1,chr1_42456628_42457246,100.2669433,+
LSM10,chr1_42457567_42459602,100.2560557,+
CPSF6,chr1_51750195_51760689,100.2418947,+
U2AF1L4,chr18_63981838_63985092,100.2297254,+
RBM47,chr7_99923603_99971745,100.2237122,-
AKAP1,chr18_47136449_47137234,100.217025,+
FUBP3,chr5_32585625_32586368,100.1948269,-
SAFB2,chr16_20900535_20915555,100.1907918,+
LSM6,chr5_43555999_43556818,100.1868701,+
RBMX,chr7_122078014_122079596,100.1826543,+
RBM39,chr19_49489912_49490231,100.1771605,-
CPSF7,chr1_161038634_161038879,100.1757485,-
SNRPE,chr14_24241994_24242140,100.1624123,+
EEF1G,chr20_62308178_62308654,100.162149,+
IGF2BP2,chr5_134199204_134200984,100.1594712,+
ANKHD1,chr4_76054274_76075880,100.1547419,-
GTF3A,chr11_57737668_57738353,100.1518999,+
KRR1,chr2_203402734_203411284,100.1445221,+
RBM25,chr12_124912734_124913418,100.1430274,-
ZC3H7A,chr4_119494523_119512350,100.13714,+
HNRNPA0,chr2_156326328_156326717,100.1219257,+
RBM7,chr12_109561329_109561419,100.1088541,+
ZC3H15,chr5_7870923_7875257,100.1047382,+
NSUN6,chr17_59958444_59962826,100.1015516,+
LSM3,chr18_62045979_62072672,100.095265,+
PRPF3,chr19_9434235_9434797,100.0870262,+
RBM39,chr9_33332502_33338509,100.0849114,+
DKC1,chr10_34336243_34337274,100.0810152,+
PUM1,chr7_75996599_76003757,100.0784129,+
RRP7A,chr2_73939022_73946718,100.0729919,+
L3MBTL3,chr19_18900449_18904770,100.0664674,+
MKRN2,chr13_31151191_31154632,100.0617724,-
SF3B4,chr10_68906337_68906710,100.0575517,+
SAMD8,chr12_28190641_28257201,100.0255867,+
NAA38,chr7_849603_849922,100.0194472,+
CIRBP,chr12_49371290_49460769,100.0157523,+
CSTF2,chr20_46386275_46389038,100.0098247,+
RBM8A,chr19_9818617_9818727,100.0061838,+
YTHDC1,chr12_124912583_124913495,100.0055444,-
ZC3HAV1L,chr1_39748767_39748902,99.97658584,-
GTF3A,chr9_112716541_112717986,99.97256394,+
HNRNPH3,chr1_156011887_156018131,99.97227978,-
THUMPD1,chr11_67467563_67468027,99.95582802,+
HNRNPH1,chr4_109741110_109742490,99.95359444,+
TRMT2A,chr17_42348520_42388278,99.95319861,-
TROVE2,chr21_46663554_46664294,99.95153836,+
PRPF3,chr20_17660528_17682027,99.95024455,+
PPIL4,chr2_63841232_63856305,99.94293764,+
ZFP36L2,chr20_1455037_1458199,99.93860225,+
SAMD12,chr3_37174605_37176059,99.93164218,+
KHDRBS1,chr10_63264764_63380317,99.92946891,-
FXR1,chr4_53399839_53425871,99.92578661,+
RBM25,chr10_124498128_124498327,99.91224339,+
PUF60,chr6_137875035_137875835,99.90007514,+
HNRNPA2B1,chr1_149833855_149834134,99.89906531,-
PCBP2,chr1_23967723_23971572,99.89742482,+
ZC3HAV1,chr1_32226320_32228498,99.89610071,+
RC3H1,chr6_122610535_122633282,99.89122965,+
RBM19,chr1_153638448_153642242,99.89119561,-
YTHDC1,chr5_171400210_171405301,99.88780104,+
UPF3B,chr8_116658980_116755665,99.88298894,+
EIF2S1,chr21_46663554_46664294,99.87526933,+
ZNF638,chr12_122519029_122521384,99.86834832,+
CPSF7,chr13_110893263_110894108,99.8670972,+
SYNJ2,chr11_67400919_67401727,99.84674981,-
MCTS1,chr19_45164970_45165126,99.84243702,+
SF3A1,chr2_84906117_84906365,99.84178692,-
PPIL4,chr11_124625903_124626812,99.83421645,+
LSM5,chr17_38755990_38762410,99.83317421,-
TIA1,chr8_143581328_143586728,99.83264901,-
SNRPD1,chr1_75790517_75791284,99.83061896,+
KRR1,chr1_150698734_150703309,99.81965398,+
NCL,chr13_19709599_19730238,99.81804753,+
U2AF1L4,chr12_27958568_27963347,99.81667398,+
RRP7A,chr4_140379192_140380961,99.81551456,+
HNRNPF,chr7_2225550_2229983,99.79522606,+
QKI,chr4_48897857_48904483,99.79232442,-
LARP7,chr10_68755536_68756272,99.78642682,+
EEF1G,chr1_45552563_45561788,99.78196057,+
NCL,chr11_893519_899339,99.77783079,+
EIF4B,chr12_123345567_123348028,99.77620983,+
HNRNPH1,chr15_40812902_40813337,99.77353924,+
RBMXL1,chr6_30619989_30624882,99.75419106,+
FUS,chr6_134174586_134174731,99.74648138,+
ESRP1,chr4_76082535_76097643,99.74414593,-
CPSF6,chr22_37677065_37679602,99.74290352,-
LSM7,chr17_7574308_7575118,99.73965086,-
SAFB,chr9_127450804_127451280,99.73788349,+
SLTM,chr7_99967286_99971745,99.73049063,-
PUM2,chr14_23960003_23967210,99.7297512,+
MATR3,chr3_49022768_49022877,99.72183841,+
ANKHD1,chr7_99458355_99460085,99.72165401,-
RBM4,chr18_26035923_26038554,99.70258253,+
RBM8A,chr22_29298895_29299194,99.69165999,+
FUS,chr3_143021385_143021472,99.68909498,+
NAA38,chr1_149390922_149430941,99.67373433,-
SNRPC,chr2_161160486_161179613,99.67213107,+
SF3B4,chr2_11773745_11779518,99.67182442,+
LSM6,chr3_121668158_121669196,99.66239653,-
ZC3H15,chr11_10799756_10800243,99.66171308,-
LSM1,chr15_80059809_80098415,99.65896347,-
SASH1,chr12_10704148_10709907,99.65807889,+
MEX3A,chr6_131949557_131949948,99.65272049,-
PARP12,chr20_37200494_37203884,99.65171311,+
HNRNPM,chr4_103096274_103098643,99.64720482,+
NCBP2,chr11_66617057_66639699,99.64315507,+
PPFIBP1,chr1_162590511_162592734,99.64268516,-
RBM43,chr12_56158711_56159974,99.64220565,-
LARP1,chr12_56724549_56725262,99.63696535,-
RBM3,chr9_114323805_114330791,99.63668541,-
POLR2G,chr5_272772_311292,99.6340802,-
CARHSP1,chr6_36970694_36972702,99.6164994,+
CSDE1,chr7_128739432_128747552,99.61507154,+
SNRPD2,chr12_62325933_62335165,99.59928722,+
EIF4B,chr20_44903121_44903992,99.59411462,+
NCBP2,chr18_59155807_59158631,99.59206807,+
RBM4B,chr18_26917350_27024115,99.58561212,+
PUM1,chr5_271821_304176,99.58032794,+
TIAL1,chr11_62854938_62855132,99.57270605,+
ZCCHC17,chr14_94383002_94388559,99.56794021,-
RBMS2,chr2_55922447_55922898,99.56005547,+
ZC3HAV1L,chr2_232556530_232564246,99.55853623,+
SNRPA,chr19_12691454_12694593,99.55816736,+
PDCD11,chr21_37156906_37157160,99.54369655,+
PARP14,chr6_33417695_33417868,99.54022941,+
FXR1,chr12_6975148_6975695,99.53977206,-
RBM25,chr16_25140247_25164597,99.52975694,+
RBMS2,chr5_138163344_138164319,99.52720822,+
TROVE2,chr22_29272431_29273737,99.52552656,+
RALY,chr12_124912655_124912883,99.5176258,+
PPIE,chr11_829183_829359,99.5174052,+
THUMPD1,chr1_151540426_151562090,99.50682822,+
ZC3H7B,chr1_66368065_66372312,99.50121288,-
NSUN6,chr2_97558994_97560664,99.50102897,+
HNRNPL,chr6_75237988_75241175,99.49529352,+
SNRPD3,chr20_1164476_1166226,99.49512486,+
U2AF2,chr5_138164133_138164319,99.49381184,+
LSM1,chr15_32684669_32696513,99.49163398,+
FUBP1,chr2_97560860_97578905,99.48730503,+
FUBP1,chr5_34911812_34914694,99.48375124,+
LSM4,chr18_12311053_12325066,99.47140102,+
RBM34,chr17_64500326_64502009,99.46392241,+
LARP7,chr3_146528831_146533469,99.46390581,+
SNRPD1,chr12_16347710_16357604,99.45689688,-
PPFIBP1,chr6_31540534_31541949,99.44708093,+
NONO,chr3_50289628_50289711,99.43177953,+
RBM3,chr8_85217502_85219322,99.42318264,+
RBM41,chr19_54206462_54206552,99.41185806,+
ANKS4B,chr17_30709811_30743300,99.40871707,+
NAA38,chr7_44986097_44986524,99.40813962,+
SNRPD2,chr1_111137586_111140037,99.40450099,+
HELZ,chr17_27307919_27309099,99.39887509,+
SNRPD1,chr1_37683437_37686272,99.39707407,+
RBM39,chr8_61643433_61644599,99.39475377,+
SYNCRIP,chr8_61643433_61644599,99.37715534,+
TIAL1,chr6_7579772_7582641,99.37515216,+
TROVE2,chr2_97194754_97204190,99.36836061,+
IREB2,chr1_12568424_12578717,99.36749369,+
HNRNPK,chr9_83978452_83980118,99.35498554,-
YBX1,chr6_109369017_109376073,99.35381,+
HNRNPH3,chr12_109088512_109092506,99.35379304,+
SEC23IP,chr6_109369017_109376073,99.35223725,-
FUBP1,chr4_15971082_15980421,99.3514279,-
YTHDF2,chr2_237627740_237708543,99.3465941,+
HNRNPR,chr10_118341927_118342269,99.34571354,+
RBM12,chr19_36801240_36801875,99.34545421,+
SNRPB2,chr14_91873675_91877486,99.34418173,-
KIN,chr14_45109780_45110093,99.34142437,+
RBM25,chr2_71068712_71072640,99.33815187,+
TRA2A,chr17_42348520_42388278,99.3303183,+
HNRNPK,chr1_151307801_151310210,99.32775023,+
PUF60,chr22_46355588_46356841,99.32228224,+
HNRNPA2B1,chr2_58222042_58229813,99.32066685,+
HNRNPK,chr17_51161272_51166826,99.31596846,+
ESRP1,chr2_95888120_95929071,99.31041598,-
ZC3H11A,chr1_153663276_153664395,99.30583271,-
ZCCHC17,chr11_75562319_75563726,99.30427976,+
UPF3B,chr12_62349307_62355330,99.30382199,+
HNRNPH2,chr13_40982282_41060837,99.30349199,+
DAZAP1,chr5_138164133_138164319,99.29745216,-
PPP1R10,chr2_38748653_38748897,99.29714907,+
ZFR,chr8_89762982_89765340,99.29239225,+
RBM3,chr15_39588218_39588958,99.28824023,-
HELZ,chr10_8058841_8063992,99.28746636,+
G3BP1,chr8_73830472_73878807,99.2717454,+
PPFIBP1,chr16_31885256_31890206,99.26543376,+
SSB,chr16_56609057_56618588,99.2634292,+
HNRNPH2,chr5_140281533_140303040,99.2592523,+
HNRNPH2,chr7_149006056_149008158,99.24672091,+
YTHDF2,chr1_77967098_77967626,99.24218387,+
RRP7A,chr10_101605212_101608834,99.23784933,+
SNRPN,chr12_7060877_7061838,99.23762296,-
GTF3A,chr5_135360607_135369405,99.22907258,+
SART3,chr17_16440253_16441367,99.22583398,+
SSB,chr12_89656107_89708595,99.2235657,+
RBMX2,chr12_28225861_28226139,99.21681832,+
SRRT,chr12_122520581_122521384,99.21118523,+
LARP1,chr12_124912655_124913111,99.21046707,-
TRA2A,chr12_56159622_56159974,99.20855174,+
ZC3H12D,chr19_41433673_41436391,99.2053394,+
ZC3H15,chr6_125248383_125253716,99.20157056,+
YBX1,chr3_69077918_69080111,99.19904611,+
SNRPD2,chr1_179865854_179877238,99.19383371,+
RBM47,chr18_58333892_58341037,99.19025007,+
MCTS1,chr2_241678649_241680228,99.18943047,+
KIN,chr8_144425000_144425682,99.17733491,+
POLR2G,chr11_62789426_62789885,99.17682516,-
U2AF1,chr2_44218537_44232315,99.17336749,+
LSM10,chr12_122508450_122511108,99.16376796,+
HNRNPA0,chr2_227340380_227355676,99.16363114,+
POLR2G,chr16_31201841_31202416,99.15882817,+
SF1,chr3_180970358_180976121,99.15608904,+
ZC3HAV1L,chr9_114330576_114330791,99.15334946,-
SARM1,chr12_15121119_15125023,99.15303399,-
RBM34,chr12_42375074_42387455,99.15300539,+
EIF2S1,chr1_155136376_155137560,99.15062274,+
MCTS1,chr4_94455384_94455818,99.14532047,+
SRRM2,chr3_129434136_129436442,99.14374932,+
ZC3H14,chr7_91980333_91980872,99.13827839,-
HNRNPC,chr6_41789336_41789530,99.12812102,+
PRR3,chr1_175004814_175006744,99.12632955,-
HNRNPL,chr1_212609271_212615017,99.12544871,+
HNRNPH1,chr12_109561104_109561419,99.12191892,+
RBM3,chr12_31298224_31304981,99.11894699,+
ANKRD17,chr19_36124363_36125450,99.11255003,-
IREB2,chr21_25729801_25734988,99.10672006,-
NCBP2,chr12_120200891_120201082,99.10590785,-
TIAL1,chr9_93107816_93110567,99.09443997,+
ANKS4B,chr6_122423686_122427902,99.07603164,+
DHX8,chr16_56939359_56940176,99.07225843,-
TRA2A,chr1_150441023_150443230,99.06887583,+
SF1,chr10_37188019_37189466,99.06841562,+
PPIE,chr1_39753052_39762516,99.06808259,+
G3BP2,chr3_183086788_183094558,99.0534104,+
EIF2S1,chr8_100948900_100953268,99.05135879,+
UNKL,chr10_80408643_80420482,99.04880386,+
SNRPD2,chr3_37355187_37361242,99.03821519,+
RBM4B,chr2_159762993_159767283,99.03695966,+
SEC23IP,chr12_124912278_124912506,99.01570143,-
CIRBP,chr1_77967098_77967626,99.01514592,+
CNKSR3,chr9_41166830_41172711,99.00323786,-
LARP4B,chr6_158637894_158644681,99.00086133,-
HNRNPL,chr6_56642503_56642621,98.99974277,+
RBMX2,chr1_232950744_232956346,98.9964997,-
RBM22,chr13_38359333_38360040,98.99621799,-
LARP4B,chr3_169773462_169774030,98.99346398,+
HTATSF1,chr6_11193692_11213280,98.98590419,-
HNRNPR,chr20_35739547_35740524,98.97669544,+
HDLBP,chr5_146462096_146463550,98.97645948,+
PRPF3,chr1_151240039_151242437,98.96378163,+
NONO,chr17_51154444_51155650,98.96068321,-
LSM5,chr5_81489309_81513627,98.96045082,+
YTHDF2,chr1_114575751_114581298,98.95690641,+
PARP14,chr3_114974416_115147218,98.93745145,+
FUS,chr18_12311053_12325066,98.93038486,+
SNRPG,chr1_212375300_212379894,98.9299641,+
PPFIBP1,chr15_64075537_64088686,98.92839287,-
KHDRBS1,chr12_6492972_6493458,98.92739671,-
YTHDF3,chr16_4694238_4694957,98.92714841,+
EWSR1,chr12_124911971_124913567,98.92617265,+
ZC3H4,chr9_68258569_68264467,98.92529584,+
HNRNPA2B1,chr1_95234315_95246541,98.92190438,+
EEF1G,chr14_94383241_94390456,98.91731802,-
CARHSP1,chr8_61643433_61644599,98.91726185,+
THUMPD3,chr4_82857764_82862533,98.91193947,+
ZC3HAV1,chr16_56935312_56936686,98.88990251,+
SNRPG,chr7_72830813_72831601,98.88685024,+
FUBP1,chr17_7241679_7241767,98.88541419,+
ZC3H12B,chr2_215391814_215394527,98.88177123,+
PPIL4,chr10_122998671_123008693,98.8711463,+
LARP1,chr2_73732700_73734428,98.87039571,-
ZFP36,chr2_38577532_38581912,98.87010532,+
TARDBP,chr13_49075364_49114654,98.86655651,+
WDSUB1,chr6_36600276_36601151,98.86180351,-
NOL8,chr3_113724095_113745941,98.85427685,+
HNRNPH1,chr19_38264998_38287875,98.85254144,-
EPHB4,chr7_100089066_100089292,98.85144892,-
PTBP2,chr4_185630598_185635354,98.8502783,+
NIP7,chr8_132727983_132746941,98.84965633,+
AKAP1,chr19_38619223_38620336,98.84838399,-
TRMT2A,chr1_160305598_160305687,98.84642341,-
RBM22,chr2_241268541_241272760,98.84602197,-
ZC3H15,chr12_62349307_62355330,98.84528505,+
SNRPB,chr10_78037304_78040614,98.84523129,+
EIF4B,chr2_111367575_111494884,98.83841892,-
SRRM2,chr1_161154070_161156949,98.83463016,-
ACO1,chr3_138239528_138245087,98.82933126,+
L3MBTL3,chr19_18900449_18904770,98.82122139,+
SNRPN,chr12_10710114_10713210,98.81637335,+
TMEM63A,chr2_97194754_97204190,98.81538361,+
POLR2G,chr2_73927052_73958145,98.81315619,+
RNPC3,chr4_119488717_119493332,98.80338607,+
G3BP1,chr12_6448737_6451468,98.80263894,+
U2AF1,chr3_27409530_27411641,98.79905142,+
PTBP2,chr15_43793083_43793686,98.79092634,-
MBNL1,chr7_23260773_23266516,98.78539639,+
HNRNPH3,chr6_52681914_52686009,98.77035091,+
LSM7,chr13_37047936_37051487,98.76410514,+
HNRNPA1,chr9_111597432_111599338,98.76344803,+
RBMXL1,chr21_17604276_17604859,98.75684647,-
RBMS3,chr14_103334260_103335652,98.74920139,-
UHMK1,chr1_225789141_225789239,98.74612153,-
HNRNPF,chr12_124913092_124913548,98.73193968,+
HNRNPD,chr4_70233053_70234019,98.7157057,-
NIP7,chr11_66640123_66646026,98.70671613,+
RBM3,chr1_219179246_219210531,98.69427364,+
SNRPA,chr12_27300601_27302136,98.69223132,-
CARHSP1,chr18_58335537_58341037,98.69160631,+
ZNF638,chr6_41068953_41070075,98.68977383,+
RBMXL1,chr12_123345567_123348028,98.68526395,+
ZC3H14,chr17_42823879_42824154,98.68521863,+
ZFR,chr1_196690239_196701317,98.67794837,-
G3BP1,chr10_24474060_24494499,98.66996062,+
ZC3HAV1,chr6_43054486_43055544,98.65914186,+
LSM1,chr17_16382111_16382567,98.65566623,+
ZC3H11A,chr12_31298224_31326023,98.64141072,-
SNRPB,chr16_88859972_88860910,98.63218569,+
CSDE1,chr1_173864304_173864674,98.62869756,-
ANKHD1,chr5_140487060_140496519,98.62859089,+
TRA2A,chr17_81891841_81894466,98.62774486,+
NCBP2,chr9_37422833_37424844,98.62309083,+
PHC3,chr1_193018820_193021096,98.62265799,+
PPIL4,chr5_103184744_103186319,98.61860427,+
RBM22,chr20_17975903_17988165,98.6171638,+
APTX,chr16_228402_229278,98.60702848,+
PUF60,chr1_228107869_228107976,98.59994634,+
THUMPD1,chr13_45383235_45389734,98.59940264,+
HNRNPC,chr12_120199485_120200718,98.59731417,+
HELZ,chr1_78649905_78650185,98.59491677,+
SSB,chr12_124912506_124913418,98.59238421,+
RBM10,chr3_122454001_122457725,98.59156272,+
SNRPN,chr4_105146979_105190359,98.58875954,+
SART3,chr2_207561160_207567462,98.58762654,+
TMEM63A,chr2_95888120_95919732,98.58719059,-
G3BP1,chr15_79961174_79970699,98.58570167,-
KRR1,chr4_118704051_118709997,98.58083058,+
PNPT1,chr17_58347241_58347528,98.57522981,+
ZC3H15,chr4_102726683_102760717,98.57111371,+
U2AF1,chr3_141386937_141403926,98.56946525,+
PAN3,chr11_46617890_46618259,98.56218363,+
SYNCRIP,chr7_23106146_23117833,98.55601567,+
PPFIBP1,chr1_70355107_70366443,98.54274019,+
ZCCHC17,chr1_173864304_173864674,98.5392451,-
SNRPB,chr1_162590511_162592734,98.5353646,-
RBM19,chr8_89758233_89762828,98.53394217,+
RBMX,chr4_82857764_82862533,98.52938475,+
UPF3B,chr8_116658980_116755665,98.51902753,+
MYEF2,chr1_16977195_16978236,98.51826996,-
RBMX,chr5_134738792_134750758,98.51665716,+
KIN,chr10_89010815_89011998,98.50935352,+
RBM27,chr18_34827676_34848295,98.50449159,+
SAMD12,chr8_69493125_69495764,98.4931982,+
PAPSS1,chr1_25340579_25351625,98.48658207,-
UHMK1,chr12_15109549_15111343,98.4776459,-
SNRPG,chr12_101636728_101642418,98.47682343,+
LSM6,chr3_143021385_143021472,98.47401058,-
KIN,chr2_173217250_173229688,98.47298498,+
POLR2G,chr7_2379511_2380283,98.47217377,+
MATR3,chr8_61619019_61633682,98.4693933,+
PCBP1,chr15_78542219_78544189,98.46890835,+
TRA2A,chr21_33557316_33559229,98.46866203,+
PSPC1,chr3_49310737_49324701,98.46325829,+
EIF2S1,chr4_74309155_74312184,98.46064574,+
SAMD5,chr1_230916302_230920509,98.45963223,+
ZFP36L2,chr10_112964624_113040024,98.45875455,+
CSDE1,chr3_186804724_186806424,98.45850783,+
MBNL1,chr2_28852499_28861117,98.45772101,+
HNRNPH3,chr2_191682017_191683728,98.44521337,+
NCBP2,chr1_232950744_232956346,98.44476514,-
SRRM1,chr4_53391139_53399729,98.43447745,+
HNRNPF,chr19_8882366_8882696,98.43083394,+
U2AF1,chr11_35190065_35208104,98.43062152,+
RBPMS,chr17_41689069_41690087,98.43043992,-
ANKS4B,chr2_55922447_55923710,98.42760074,+
TDRKH,chr11_66003070_66003234,98.41813148,-
PHC3,chr4_733789_734930,98.41633303,+
KHDRBS1,chr10_63217331_63219877,98.41306921,+
RBM8A,chr2_227813987_227815456,98.41285041,+
SASH1,chr3_170136665_170145422,98.41199963,+
LSM6,chr10_8069598_8073746,98.40354407,+
RC3H1,chr3_157151930_157152176,98.40350646,+
PAN3,chr1_150325881_150328319,98.40318818,+
SSB,chr6_30741867_30742146,98.40195417,+
HNRNPH1,chr6_110888983_110890274,98.40189016,-
KIN,chr2_9406905_9408112,98.39535148,+
KHDRBS1,chr14_23564159_23564332,98.39240351,+
CSDE1,chr11_62534074_62535002,98.39193386,+
GRSF1,chr18_9945058_9950394,98.38719109,-
G3BP1,chr2_73734591_73737301,98.38578198,+
RBM39,chr20_35729365_35731940,98.37831833,+
RBM43,chr3_138239528_138245087,98.35956696,+
ANKRD17,chr6_159790639_159790939,98.35193453,+
YTHDF2,chr3_58141929_58142649,98.35016929,+
SNRPB2,chr10_45972730_45982522,98.34647982,+
HNRNPA1,chr15_101650161_101652270,98.34490825,+
HNRNPA2B1,chr2_30147062_30148244,98.34357822,+
RNPC3,chr12_122519029_122521384,98.33951507,+
SPEN,chr12_112013609_112022149,98.33659462,+
SHANK2,chr2_227340380_227355676,98.33045236,-
HNRNPH2,chr6_135492291_135497187,98.32890755,+
IREB2,chr12_124913495_124913723,98.3214,-
THUMPD1,chr2_160281364_160284774,98.32123966,+
SLTM,chr17_7009889_7012195,98.32121393,+
KHDRBS1,chr4_82857764_82862533,98.31663819,+
RBM47,chr1_51294511_51296078,98.31354573,+
PHC3,chr10_42614358_42631928,98.31236326,+
RBM7,chr7_155302846_155303824,98.31045539,+
SAFB,chr1_29149226_29154695,98.30684976,+
HNRNPD,chr15_88639178_88639342,98.30330983,+
YBX1,chr5_96762372_96765223,98.29329652,+
HELZ,chr19_35631405_35633097,98.29156021,+
NAA38,chr15_41349241_41351032,98.2692518,-
MBNL1,chr2_156326328_156326717,98.26665937,+
QKI,chr12_124912180_124912636,98.26570103,+
RAVER1,chr17_42317224_42322284,98.26500296,-
U2AF1,chr3_183086788_183092408,98.26220999,+
RBM3,chr8_129871496_129903311,98.25590382,+
CIRBP,chr11_85628688_85631686,98.25357845,+
SRRM1,chr15_49137437_49139527,98.25015469,+
LARP7,chr17_51161272_51166826,98.24838207,+
ESRP1,chr20_46393143_46393528,98.24685074,+
PUM1,chr9_127450804_127451049,98.24507668,+
ZC3H4,chr20_45814470_45815853,98.24107316,+
RBM12,chr17_67894165_68037109,98.2395372,+
PRPF3,chr6_36970694_36972651,98.21985892,+
HNRNPK,chr15_64075537_64088686,98.21169578,+
ZFP36L1,chr8_119570841_119580115,98.20777076,+
PPIL4,chr15_74926887_74937914,98.20761503,-
THUMPD3,chr2_27772692_27779432,98.20625562,-
HNRNPC,chr6_109369017_109376073,98.20529275,+
CPEB4,chr12_28225861_28257201,98.19964007,-
ZC3H4,chr13_36336358_36346581,98.19651243,+
PPFIBP1,chr15_63043831_63056984,98.19249532,-
PUF60,chr18_22933564_22936753,98.18225008,+
SRRM1,chr2_241317599_241324215,98.1805482,+
UNKL,chr15_60364523_60386027,98.18014167,-
TRA2A,chr17_16158873_16171802,98.17679914,+
SCML2,chr12_124912180_124913320,98.16808956,+
HNRNPR,chr16_80976179_80981805,98.16658616,+
HNRNPL,chr7_105038199_105040838,98.16633212,+
MEX3A,chr1_228108318_228109148,98.1644156,+
RBMXL1,chr1_86863605_86880661,98.16320096,+
GRSF1,chr2_73927052_73958145,98.15807031,+
RBM34,chr12_124912180_124913320,98.14769266,+
HNRNPK,chr13_27445156_27450508,98.13744678,+
SRRM1,chr1_155136376_155137560,98.12969949,+
G3BP2,chr1_159961405_159976643,98.12655338,+
ZMAT5,chr6_10749698_10770076,98.11079212,+
ZC3HAV1,chr17_75040202_75042180,98.10672187,+
APTX,chr7_116250496_116252317,98.10626723,-
CNKSR1,chr11_2949264_2951258,98.09725736,+
TLR2,chr1_243256240_243270091,98.08608638,-
HNRNPAB,chr8_144412946_144413236,98.0835456,+
EIF3G,chr8_56211837_56214597,98.08189657,+
SAMD4B,chr2_95889871_95889965,98.07727743,+
YTHDF1,chr16_1786955_1787676,98.0760939,+
MCTS1,chr16_57173869_57185820,98.06763753,+
MATR3,chr20_289676_290258,98.06484293,+
THUMPD1,chr5_224521_225882,98.06248499,+
SNRPB2,chr7_75881486_75881828,98.05464801,-
MYEF2,chr10_70161931_70162689,98.0401703,+
LSM3,chr10_124498128_124517179,98.03439232,+
RBM8A,chr4_108620712_108621950,98.03320168,+
RBM39,chr6_29828316_29828542,98.03255136,+
RBM14,chr17_74772277_74772895,98.02293216,+
HNRNPR,chr1_24464120_24466003,98.0020911,+
HDLBP,chr1_168038488_168043024,97.99691727,+
G3BP1,chr10_3783281_3784912,97.99494654,-
ZC3H6,chr6_44223641_44227262,97.99383571,+
LSM3,chr8_15748465_15757790,97.99251561,+
RBM5,chr12_48671962_48679654,97.98956294,-
KIN,chr19_36917648_36925199,97.98673098,+
PPIE,chr6_24708911_24710866,97.97236398,-
LARP1,chr3_114974416_115071218,97.96750838,+
ESRP1,chr7_149006056_149008158,97.96295326,-
RBM34,chr15_72250954_72251206,97.9517641,+
UPF3B,chr8_100948900_100950405,97.9458314,-
SRBD1,chr3_146525647_146533469,97.93688184,-
PUM1,chr7_87194102_87194683,97.93037235,+
RBMS1,chr5_138163344_138164319,97.91560487,+
SCML4,chr21_25982477_26021839,97.90234291,-
RBM39,chr2_38748653_38748897,97.9022769,+
PPIE,chr11_77821241_77842478,97.89848218,+
G3BP1,chr11_66285536_66285700,97.89560684,+
TIAL1,chr3_197019801_197021403,97.88090236,+
HNRNPM,chr15_34227846_34229752,97.87918191,-
GRSF1,chr11_3001248_3001969,97.87334592,+
HNRNPL,chr10_84417861_84425730,97.87156815,+
CPSF6,chr15_50725323_50726320,97.86008046,+
HNRNPH1,chr6_311962_335113,97.8555457,+
PHC3,chr15_52557222_52564189,97.85386337,+
EPHA2,chr3_121699885_121714860,97.85166811,-
RBMX,chr1_151326373_151327270,97.85085543,+
ZRANB2,chr5_170788668_170794230,97.8479123,+
RBM34,chr12_124912050_124912278,97.84603152,+
SNRPD1,chr17_49707068_49707729,97.84459609,+
HNRNPK,chr7_99498842_99499637,97.8350444,+
HNRNPR,chr17_1714453_1716129,97.83312564,+
ZRANB2,chr12_124912734_124912962,97.83201704,+
SSB,chr12_120563070_120563331,97.82621358,+
FUS,chr10_70161931_70170412,97.82337702,+
PPP1R10,chr4_185678478_185678795,97.82076522,+
RBM6,chr19_38893867_38899505,97.8153372,+
TROVE2,chr5_170805853_170811955,97.810603,-
RBM43,chr2_27317234_27322447,97.79795489,+
LSM2,chr1_234398553_234401180,97.79268048,-
FUBP1,chr6_41789336_41789530,97.79246291,+
PAPSS2,chr8_80053430_80171424,97.78338928,-
DKC1,chr12_124911952_124913092,97.77584734,-
ZCRB1,chr2_131531802_131532588,97.77380544,-
RBM43,chr11_6480423_6481230,97.76624553,+
ZFR,chr1_30995220_31028795,97.76223426,+
PCBP1,chr12_120200891_120201082,97.76096596,-
RPS3,chr5_58455409_58455538,97.75902084,+
SAFB2,chr1_150330498_150332683,97.75846504,+
SART3,chr12_4518880_4525253,97.7525953,+
CNOT4,chr6_85615347_85622481,97.74478064,+
PARP14,chr2_152677475_152679351,97.74337781,+
RBM7,chr17_72021979_72025897,97.7339454,-
HNRNPF,chr17_37491627_37510676,97.72749914,+
PTBP2,chr1_228108318_228109260,97.72576777,+
SNRPD2,chr14_94388660_94390456,97.72319324,-
CHERP,chr4_53379117_53379224,97.72264839,+
ANKHD1-EIF4EBP3,chr5_33463825_33465986,97.70355143,-
PRPF3,chr1_228108318_228108436,97.70321627,+
ZFP36L1,chr1_231241456_231260506,97.70215925,+
PHC3,chr12_124912408_124913320,97.69772258,+
PPIL4,chr12_124911952_124913092,97.69649454,-
ZC3H12D,chr2_97538363_97541910,97.69390559,+
LSM1,chr2_233229_234159,97.69185994,+
PAPSS1,chr8_56214667_56216388,97.69131757,+
ELAVL1,chr10_103106706_103111744,97.68583592,+
PAN3,chr7_26206510_26208465,97.67736772,+
ZC3HAV1L,chr15_78542219_78544189,97.67627342,-
ZCRB1,chr11_34651610_34656907,97.67245766,+
LARP4B,chr3_121718501_121722261,97.67227019,+
HDLBP,chr3_158571391_158592433,97.66743666,+
RBM41,chr7_5229738_5230834,97.65782216,+
CARHSP1,chr15_69453020_69455169,97.65198543,+
LSM4,chr3_187734907_187736089,97.64537763,+
RALY,chr14_21018663_21018762,97.63794612,-
SRRM1,chr2_219001_229965,97.63511269,+
ANKS4B,chr12_14385400_14423908,97.63391202,+
EPHB4,chr6_41090309_41091545,97.63022819,-
SNRPB,chr3_50061748_50061961,97.6235441,+
FUS,chr4_82857764_82863317,97.61102784,+
HNRNPK,chr9_129632801_129634053,97.61095389,+
RBM17,chr13_108270424_108303252,97.57480956,+
RBM39,chr3_93995944_94003658,97.57474479,+
SYNCRIP,chr19_41436472_41438217,97.57208405,+
THUMPD3,chr2_207561160_207567462,97.57010588,+
RBM8A,chr20_5586269_5593326,97.55610749,+
PCBP2,chr7_120955624_120966625,97.55240973,+
PRR3,chr17_74772395_74772895,97.54266851,-
THUMPD1,chr12_15110282_15111343,97.54155815,+
HNRNPL,chr20_33994131_34072065,97.54052355,+
LSM4,chr10_37177756_37181321,97.52997559,+
PABPC1,chr2_95889871_95889965,97.52843369,+
TIAL1,chr2_73734588_73737301,97.52674731,+
RBM34,chr11_34646684_34651541,97.52120678,-
TROVE2,chr6_10749698_10755141,97.52087788,+
RPS3,chr14_68878523_68879961,97.51884901,-
ANKS4B,chr7_105014535_105038125,97.51542245,-
SNRPE,chr17_81891833_81894466,97.51374177,+
CSDE1,chr2_241678649_241685768,97.51150397,+
PABPC1,chr15_79961174_79970699,97.50233694,-
EIF3G,chr4_41619440_41644499,97.4943866,+
YTHDF2,chr12_130872126_130872835,97.48842151,-
HNRNPD,chr2_159412545_159428310,97.48618881,+
KHDRBS1,chr1_173864079_173864256,97.47782986,-
KRR1,chr16_28845055_28845911,97.46456637,+
ZC3HAV1,chr4_75981545_75981932,97.46217544,+
KIN,chr4_53391139_53399729,97.46212248,+
PSPC1,chr2_58146474_58159348,97.45834843,+
ZC3H15,chr7_95406247_95409900,97.4567079,+
CPSF6,chr19_52322022_52322358,97.45440149,+
EEF1G,chr10_35195214_35206894,97.45331747,+
HELZ,chr1_32327677_32330577,97.45110416,+
RBM19,chr1_161074373_161074610,97.44988362,+
PAN3,chr14_23033674_23035111,97.44987104,+
TEP1,chr15_80059809_80120327,97.44348361,+
HNRNPC,chr22_24270983_24302194,97.44277017,+
CSDE1,chr9_19200582_19378367,97.44276639,+
NONO,chr12_101626910_101629433,97.43458617,+
RBM6,chr19_38632496_38634992,97.42517591,-
FUBP1,chr18_49491584_49491735,97.42255199,-
RBMS2,chr1_151240039_151242122,97.42215867,+
ZC3HAV1,chr1_168004793_168043024,97.41350267,+
SNRPD3,chr1_235829039_235830225,97.41082713,+
TEP1,chr6_44223641_44227262,97.41074477,+
SF3A1,chr8_61643433_61644599,97.40830939,-
ZRANB2,chr12_122511188_122515104,97.40706484,+
NONO,chr12_2909580_2922261,97.39974237,+
LSM1,chr8_127290060_127420828,97.39844239,-
RPS3,chr6_56642503_56642621,97.39768071,+
SSB,chr1_155709824_155721516,97.38989533,+
SRRT,chr8_22591668_22593732,97.38974056,+
POLDIP3,chr2_68047319_68053060,97.38948689,+
ZRANB2,chr12_32738296_32740063,97.38919669,+
PARP14,chr2_191682017_191683728,97.38426847,+
SNRPC,chr12_120566980_120575630,97.38249083,+
PAN3,chr4_87980126_87980392,97.37311717,+
SNRPN,chr10_37169558_37169651,97.36404653,+
G3BP1,chr4_82857764_82862533,97.35856629,+
SNRPG,chr1_162590511_162597791,97.35636829,-
RBPMS,chr6_36678939_36684096,97.35562952,+
PDCD11,chr9_41171934_41172711,97.35116507,+
FUBP1,chr4_53428183_53442652,97.35107775,+
ZC3HAV1,chr7_120964838_120966625,97.33998103,+
PCBP2,chr12_120563070_120563331,97.33474848,+
MCTS1,chr1_201958908_201963615,97.33339864,+
HNRNPA1,chr10_30437406_30438915,97.32832686,+
MKRN2,chr1_203179877_203181161,97.32829238,+
HNRNPF,chr2_233229_234159,97.3191907,+
TIPARP,chr7_16873843_16881943,97.31349303,-
SNRPC,chr6_79201726_79202275,97.3042834,+
KRR1,chr12_57512103_57512235,97.29959501,+
ZFP36L2,chr2_58222042_58226727,97.29701701,+
SNRPE,chr14_20802093_20802248,97.28988215,-
RBM26,chr7_91980958_91992157,97.28942793,-
ESRP1,chr2_238194331_238194804,97.28754608,-
MBNL2,chr1_40074183_40078559,97.27948661,-
HNRNPR,chr12_22644022_22656431,97.26717037,-
RBM47,chr13_31151191_31154632,97.26522062,+
RBM4,chr7_100149053_100149498,97.26117207,+
THUMPD1,chr5_134374463_134388324,97.25844964,+
RBM39,chr2_130342962_130343085,97.25813784,+
RBM3,chr3_138187599_138221925,97.25603571,+
LSM3,chr21_33557316_33559229,97.25205451,+
ZMAT5,chr21_46649739_46663382,97.24705057,-
YTHDC1,chr17_74772395_74772895,97.2464282,+
LSM1,chr9_2647592_2648668,97.24446571,+
KRR1,chr7_74718941_74728785,97.24321587,+
RBM42,chr11_95888261_95914241,97.24017097,+
RBM25,chr12_98531838_98537474,97.2364775,+
THUMPD1,chr7_65974704_65974918,97.23347762,+
ANKHD1,chr6_99414690_99416348,97.21831472,+
EIF4H,chr17_16439414_16440184,97.21821924,+
NCL,chr2_227340380_227355676,97.21807655,+
SLBP,chr1_207790345_207793518,97.21515669,+
IREB2,chr11_65713503_65713592,97.2145832,+
TEP1,chr2_169584899_169603641,97.20848329,+
SRRM1,chr1_77741748_77745420,97.20391557,+
LSM4,chr15_90088747_90102275,97.18139116,-
SASH1,chr11_47565986_47571470,97.16381809,+
RBM27,chr12_96003064_96006313,97.15848648,+
HNRNPA2B1,chr1_45606591_45607320,97.15140703,+
SF3A1,chr3_9977446_9981633,97.14914825,+
PCBP1,chr3_185926734_185937824,97.14722945,+
SRRT,chr1_117153369_117170106,97.13399886,-
MKRN2,chr2_130342935_130343085,97.13128736,+
LARP4B,chr4_48897857_48904483,97.1307333,-
SNRPC,chr11_134252916_134253298,97.1254863,+
TIAL1,chr1_219179246_219193129,97.12129533,+
RBM18,chr5_32270947_32273979,97.11963411,+
PABPC1,chr1_150441023_150443230,97.11708697,+
PPFIBP1,chr7_120840109_120856697,97.11192937,+
ZFP36,chr3_56566759_56566949,97.10942342,+
RC3H1,chr4_82829058_82842184,97.10539635,+
DGKD,chr16_208188_220648,97.10157361,-
KIN,chr12_101626910_101627768,97.0991073,-
POLDIP3,chr5_75354697_75355364,97.09576801,-
EIF3G,chr4_41619440_41644499,97.09495317,+
SSB,chr1_243304777_243305011,97.09267083,+
NIP7,chr8_144412946_144413236,97.08287835,+
ZC3H6,chr12_124912655_124913111,97.0760616,+
SNRPD1,chr3_158110211_158122102,97.07148575,+
SF3A1,chr17_81933376_81934652,97.07046193,+
KRR1,chr4_49114164_49154895,97.07013879,+
PAN3,chr7_26197866_26200571,97.06844895,+
ANKS3,chr1_212609271_212615017,97.06477899,-
FUS,chr19_38264998_38287875,97.06075604,-
HNRNPH3,chr10_68337333_68338502,97.06059505,+
RBM34,chr3_121781874_121788283,97.05739153,+
HNRNPR,chr6_44226167_44227262,97.05637028,+
SNRPG,chr9_14307520_14321940,97.05267675,+
RBM39,chr1_153608177_153608898,97.04223493,-
PAN3,chr7_99458355_99460085,97.04014661,-
MCM3AP,chr6_33294762_33294995,97.02920958,+
LARP4,chr3_146525647_146533469,97.029061,+
PABPC1,chr2_73732285_73734428,97.02238441,+
MBNL2,chr11_61965515_61967311,97.02153919,+
RC3H1,chr9_27548422_27548556,97.01729043,+
NCL,chr6_26124633_26138053,97.01647638,-
PCBP1,chr1_151540426_151562584,97.00953047,-
RBM25,chr3_37083806_37094791,97.0002874,+
SRRM1,chr15_60468162_60476062,96.99764013,+
LARP7,chr18_678737_683245,96.99637335,+
PHC3,chr8_73959818_73964486,96.99512014,+
ZC3H14,chr21_46636547_46636895,96.98953151,+
ZC3H6,chr6_20686549_20739518,96.98151373,+
PSPC1,chr12_55903480_55927075,96.97097246,+
HDLBP,chr17_16158873_16171802,96.96806022,+
PTBP1,chr19_805187_806407,96.9596096,+
LSM7,chr6_144291907_144403122,96.95420216,+
DDX43,chr1_171514630_171515733,96.95354512,-
WDSUB1,chr21_29008307_29008394,96.94963508,+
RBM17,chr11_61468714_61472744,96.94743313,+
PUM1,chr6_26127761_26138053,96.943686,-
HNRNPF,chr1_31007102_31028795,96.93982861,+
MCTS1,chr13_108270424_108303252,96.9383191,-
POLR2G,chr9_108935689_108939195,96.9381189,+
PPP1R9A,chr21_33432802_33439213,96.93548913,+
HNRNPH2,chr12_91178585_91179361,96.93360703,+
RBM42,chr8_143818534_143821596,96.93298196,-
YTHDF3,chr3_64022523_64022642,96.93199402,+
SCML2,chr2_66568756_66571245,96.93147831,+
SAMD5,chr10_31852597_31854065,96.93117729,+
NONO,chr12_53467843_53468779,96.92340762,+
ZC3H6,chr6_75237988_75241175,96.90805064,+
EWSR1,chr12_55728352_55729281,96.90593784,+
KRR1,chr5_179616218_179617020,96.89501862,+
PABPC1,chr4_153276130_153292981,96.89395871,+
SNRPD1,chr2_215393203_215394527,96.89383098,-
G3BP1,chr12_124912278_124912506,96.89258481,+
TRMT1,chr17_42317224_42322284,96.88736033,-
SCML4,chr1_168004793_168038370,96.8819343,+
NOL8,chr12_6448737_6450892,96.87509284,+
RBMS2,chr3_105550259_105552467,96.86758564,+
ASCC1,chr3_188341719_188406111,96.86565792,+
RBM25,chr1_112705168_112707077,96.86375729,+
PPRC1,chr19_12948358_12948685,96.85680198,-
HNRNPC,chr2_28852499_28869578,96.85604261,+
ZCCHC17,chr2_131531802_131532863,96.8510414,-
RBM43,chr11_62705617_62706202,96.84887114,+
ZRANB2,chr1_224365991_224375794,96.84815705,-
LARP7,chr1_228141288_228145510,96.8458842,+
ZFP36L2,chr19_35509961_35510183,96.83846798,+
PTBP1,chr11_72010854_72012894,96.83682318,+
CPSF7,chr18_11886621_11886916,96.83337804,+
TEP1,chr18_47136449_47150377,96.82951651,+
DNAJC17,chr2_200877037_200881420,96.8209414,+
PHC3,chr2_97555254_97556936,96.81542972,+
GRSF1,chr4_53399839_53414614,96.80823747,+
SAMD8,chr7_75996599_76003757,96.79652251,+
SNRPB2,chr12_15111417_15119114,96.79265721,-
CCAR1,chr1_151017904_151024610,96.78547434,+
ESRP1,chr1_45568177_45568926,96.77463638,+
SGMS1,chr13_27622009_27622874,96.77414928,+
PABPC4,chr2_97555254_97558965,96.76968656,-
HNRNPF,chr7_74056713_74057639,96.76767834,+
RBM8A,chr22_17750174_17774380,96.76123174,+
HNRNPF,chr15_32691763_32696513,96.73707951,+
POLR2G,chr16_1786955_1787676,96.73374771,+
HNRNPH3,chr3_100492928_100555208,96.7313431,+
LSM1,chr6_29942626_29942756,96.73053095,+
ANKS4B,chr1_54043525_54052999,96.71996688,+
SNRPD1,chr11_62885608_62888330,96.71627128,-
STIM2,chr11_35190065_35208104,96.7161342,-
LARP4,chr2_152716126_152717355,96.71566016,-
CSDE1,chr11_6603822_6604179,96.7138949,+
FXR1,chr7_27816520_27816889,96.7101328,+
HNRNPH1,chr12_124911971_124913339,96.70648579,-
ZFP36L1,chr11_62634375_62634820,96.69666133,+
RBM42,chr17_2041875_2042604,96.69540742,+
RNPC3,chr11_17282943_17286633,96.68295249,+
PABPC3,chr12_10702134_10704050,96.67520903,+
LARP1,chr15_49137437_49139527,96.67058986,+
GTF3A,chr2_73957240_73958145,96.66590903,-
SNRPB,chr12_53462567_53465931,96.65304804,+
SF1,chr12_124912636_124913320,96.65202281,-
RRP7A,chr12_8777802_8780574,96.65064645,+
RBM39,chr12_101636728_101642418,96.64769154,+
ZC3H13,chr2_152677475_152679351,96.64705658,-
SFPQ,chr17_1714014_1714370,96.64346088,+
GTF3A,chr9_14179780_14180658,96.63050739,+
ZFP36,chr1_228108321_228108954,96.62673462,+
STIM2,chr12_53296551_53297849,96.62230611,-
MKRN1,chr3_121781874_121790072,96.62114368,+
TIA1,chr3_53292827_53312240,96.6160301,+
EWSR1,chr5_57214193_57221375,96.6082244,+
U2AF1L4,chr18_63981838_63985092,96.60772852,+
EWSR1,chr1_23691829_23692611,96.60025906,-
RBM3,chr19_4324529_4325215,96.59528819,+
HNRNPL,chr9_36657363_36665349,96.59457754,+
RBMX,chr21_39391836_39396865,96.58506069,+
RNPS1,chr17_42317224_42322284,96.58208586,+
RBM47,chr2_95888120_95929071,96.5783637,+
HNRNPK,chr17_44322552_44322807,96.57542191,+
SNRPD1,chr20_31549114_31550063,96.56643606,+
FUBP1,chr19_35116359_35119167,96.55873659,-
DHX57,chr14_91873675_91877486,96.55382748,+
RBMX,chr15_74458896_74461036,96.54823097,+
PAN3,chr6_33294762_33294976,96.54387438,+
RRP7A,chr7_105014535_105038125,96.540025,-
SNRPF,chr9_14179780_14307213,96.53855655,+
SNRPB,chr1_150441958_150443230,96.53611139,+
G3BP2,chr4_94586444_94586988,96.51272276,+
KIN,chr10_12172866_12177792,96.51186259,+
FUBP1,chr2_61192980_61203139,96.50857996,+
ZC3H4,chr12_93467554_93469191,96.50680969,+
HNRNPF,chr2_202290457_202291020,96.50026643,-
HNRNPR,chr11_66337889_66338720,96.49342077,+
YTHDC1,chr15_101651773_101652270,96.48618596,+
RBM25,chr1_30945483_30950132,96.48506105,+
TROVE2,chr7_22947247_22960255,96.48228993,+
HELZ,chr19_1032696_1036129,96.46416321,+
HNRNPA1,chr7_91980333_91980872,96.46365687,-
CPSF6,chr14_49828787_49829053,96.46174631,+
RBM39,chr8_56214667_56216432,96.4605385,+
ASCC1,chr1_155261734_155262085,96.45861283,+
POLR2G,chr11_34651610_34656910,96.45852105,+
TNRC6A,chr15_63043831_63056984,96.45647951,+
U2AF1,chr15_63044152_63056984,96.45595006,+
SNRPA,chr8_127290060_127420828,96.44846261,+
ZC3H14,chr2_222919202_222921279,96.44474052,+
ZFP36L2,chr3_49310737_49311513,96.44230272,+
RBM34,chr10_110876753_110881232,96.44122839,+
EWSR1,chr8_42189071_42191371,96.43647349,+
TIAL1,chr7_74716950_74718878,96.4286478,-
TRA2A,chr12_57517424_57517705,96.42403953,+
MBNL2,chr21_37073364_37108391,96.42304668,-
RBM18,chr5_131162676_131165059,96.41913732,+
PRPF3,chr5_224521_225882,96.41903306,+
RBM3,chr15_79899125_79967636,96.41894453,-
NCBP2,chr5_73561288_73562592,96.41665794,+
SSB,chr8_80003180_80030053,96.41194363,+
U2AF1,chr14_20802319_20802796,96.40971182,-
SAMD12,chr15_84655404_84657175,96.40647322,+
RBM4,chr11_115178775_115209573,96.40541197,+
SAMD8,chr3_197950299_197950935,96.39767008,+
SRRM1,chr16_88859972_88860910,96.39054907,+
THUMPD2,chr11_75562319_75563726,96.39038179,+
GRSF1,chr1_243293494_243304712,96.38918538,+
U2AF1,chr9_72363606_72364695,96.38900817,+
ZFP36L1,chr16_69340332_69341532,96.38077305,-
ZFP36,chr6_33417695_33418086,96.37857263,+
RBM25,chr1_193016395_193021096,96.37839494,+
HNRNPK,chr11_66640123_66646026,96.37050336,+
NCL,chr4_87980126_87981474,96.36964893,+
TARDBP,chr2_96601776_96602115,96.36127716,+
PHC3,chr3_93995944_94003658,96.36090868,+
SYNCRIP,chr8_85219363_85220305,96.35761517,+
YTHDC1,chr7_22946163_22946951,96.34446914,+
SF3A1,chr11_112085462_112086639,96.33967691,-
ZFP36,chr15_34227846_34229752,96.33463806,+
RBM17,chr12_21506976_21507943,96.33436741,+
HNRNPL,chr22_19468003_19479082,96.33212817,+
YTHDC1,chr2_121471274_121503166,96.33004702,+
EPHB4,chr10_12172866_12177792,96.32984621,+
EIF4B,chr11_35190065_35208104,96.3294805,+
U2AF1,chr13_32537027_32538682,96.32846104,+
TNKS,chr20_13788652_13793159,96.32055006,+
ZC3H6,chr9_87727729_87772878,96.31594074,-
YTHDC1,chr2_97151939_97158106,96.31021884,+
CSTF2T,chr5_34915897_34922216,96.30769707,-
LSM4,chr10_37177756_37181321,96.30415174,+
RBM12B,chr16_208664_220648,96.30367427,-
SNRPD1,chr1_94901785_94903121,96.30327273,-
MCM3AP,chr11_119019317_119021759,96.29856244,+
EWSR1,chr11_134248484_134249166,96.29660924,-
PPP1R9A,chr8_144425000_144425682,96.29365336,-
G3BP1,chr10_123007176_123008693,96.29206549,+
HNRNPC,chr17_64973517_64975559,96.28661837,+
RBM17,chr10_101624810_101672914,96.28319691,+
ZC3H11A,chr2_169824640_169824867,96.28129069,+
THUMPD3,chr2_38748653_38748897,96.27129476,+
SSB,chr12_76450988_76487509,96.27042236,+
CARHSP1,chr1_228108321_228108436,96.26337386,+
CIRBP,chr3_180970358_180976121,96.26229021,+
PUF60,chr3_149966586_149968357,96.26060501,+
PPP1R9A,chr19_54206462_54206552,96.25884245,+
PUM1,chr1_20779911_20787194,96.24235106,+
QKI,chr22_39313729_39314106,96.24168597,+
U2AF1L4,chr6_99402710_99404602,96.23164141,+
SYNCRIP,chr13_50949505_50953904,96.23133773,+
PABPC1,chr21_46636547_46636895,96.22804856,+
ZC3HAV1,chr12_6652770_6652935,96.20653669,+
SASH1,chr12_49371290_49460769,96.20481688,+
ZNF74,chr12_88035738_88042824,96.2008038,+
HDLBP,chr2_241268541_241315569,96.19663718,+
SAMD8,chr1_228146938_228147409,96.19410406,+
PRR3,chr3_114066283_114070625,96.18990319,-
MATR3,chr2_237627740_237708543,96.17917393,+
NSUN6,chr6_99544273_99545111,96.16906837,+
LSM2,chr7_2379511_2380283,96.15848581,-
SYNCRIP,chr2_215379317_215382211,96.15581509,+
APTX,chr14_55673012_55675834,96.15142226,+
EIF2S1,chr17_81891863_81894466,96.1364616,-
ZFP36,chr8_73027052_73030335,96.13596231,+
LSM2,chr1_40040801_40059333,96.13115291,-
ZC3H15,chr12_5276889_5358269,96.12822452,+
RBM8A,chr1_223235100_223264629,96.12526924,+
ZFP36L2,chr6_90544632_90547257,96.11985052,+
TARDBP,chr17_42316851_42317181,96.11984461,+
HNRNPA3,chr1_30980163_30981311,96.11598608,+
SNRPB,chr6_27254872_27254985,96.11349587,+
PPFIBP1,chr1_200650676_200659026,96.11289062,+
HNRNPM,chr8_70598252_70600018,96.11166808,+
FUBP1,chr11_57737668_57737835,96.10307145,+
LARP1,chr12_120522363_120526456,96.10047928,+
FXR1,chr13_45383235_45391031,96.10019312,+
RBMS2,chr12_108564155_108564278,96.09779008,+
MYEF2,chr3_197069260_197076585,96.0920697,+
LARP1,chr4_83456958_83459739,96.08980536,-
SAFB,chr18_63985245_63986962,96.08207769,+
PPP1R10,chr12_6863377_6863829,96.0752575,-
PCBP1,chr7_108485762_108487758,96.0749664,+
ZMAT5,chr8_102836541_102838743,96.06664601,-
FUBP1,chr9_33956146_33960825,96.06534034,+
PHC3,chr2_11773745_11779518,96.05844086,+
ZC3H11A,chr12_123345570_123348028,96.04927026,+
ZNF74,chr8_132804032_132804611,96.04824146,+
RBM27,chr12_6567922_6568138,96.04730319,-
CIRBP,chr12_101634605_101636671,96.0428068,+
GRSF1,chr15_80059809_80120327,96.03877505,+
THUMPD2,chr12_6724818_6728222,96.0310687,-
ZC3H14,chr2_237518648_237525600,96.0270019,-
TRNAU1AP,chr3_161242653_161247257,96.01751219,+
RBM3,chr1_35176471_35177318,96.01285527,+
RBM42,chr20_47298872_47310055,96.01106188,+
MBNL2,chr2_202278002_202278211,96.00417886,+
SLTM,chr15_76767088_76771741,95.99970222,+
HNRNPA3,chr22_17744013_17774380,95.99663962,-
PDCD11,chr6_137009492_137016967,95.9949146,+
FUBP1,chr8_56214667_56216432,95.99480372,+
U2AF1,chr3_58141929_58142649,95.98903871,+
SAMD8,chr17_28331987_28335339,95.98715249,+
RBM8A,chr9_112694233_112716460,95.98454962,+
TIA1,chr2_11773745_11779518,95.98382219,+
MYEF2,chr2_58222042_58226727,95.97538982,+
SNRPD1,chr8_23566336_23568321,95.97362509,+
HELZ,chr3_185926734_185937824,95.96426879,+
PNPT1,chr5_304221_314416,95.96408943,+
YBX1,chr10_30336997_30340225,95.96286622,-
YBX1,chr2_27772692_27774423,95.96234207,+
RNPS1,chr8_73979171_73981154,95.96219315,+
SYNCRIP,chr14_58295811_58297954,95.95671157,+
ZC3H12B,chr3_37091538_37094791,95.95477984,+
YTHDF3,chr6_37381354_37390741,95.94451373,+
ZC3H11A,chr3_180985996_180988022,95.94274503,+
HNRNPL,chr1_150441023_150443230,95.94104145,+
CSDE1,chr17_63830501_63831035,95.93823812,+
ANKS4B,chr16_634956_635280,95.93208592,+
EWSR1,chr1_243304777_243307988,95.92826868,+
LSM10,chr8_116658980_116755665,95.92533704,+
SNRPN,chr1_207767823_207770320,95.92090849,-
MBNL1,chr2_160285044_160286968,95.91827879,+
YTHDF3,chr19_5657347_5661517,95.91533687,+
CIRBP,chr4_53379117_53379224,95.90953053,+
CARHSP1,chr7_5752979_5761002,95.90945978,+
EIF2S1,chr15_92900824_92924320,95.90730226,+
LSM7,chr20_31073692_31103506,95.9049986,-
RBMS2,chr6_24714440_24716245,95.90467197,-
YTHDF3,chr19_7680878_7682241,95.89914469,+
SNRPG,chr1_224371423_224379068,95.89649373,+
SNRPA,chr1_53028071_53047857,95.89463009,+
PPIL4,chr5_134199204_134200984,95.89444334,+
ZFP36L1,chr20_17975903_17988165,95.89246187,+
PHC3,chr17_3723383_3723687,95.87794069,+
CIRBP,chr2_97558994_97560664,95.87507459,+
SFPQ,chr12_50138617_50143073,95.87231478,+
KHSRP,chr20_1164476_1166226,95.87100334,+
RC3H1,chr6_32974765_32975020,95.87061453,+
KIN,chr8_94678371_94696851,95.86768866,+
RBM18,chr2_97538363_97541910,95.86615371,+
RBM12,chr6_134174586_134174731,95.86583992,+
TMEM63A,chr4_108620712_108621950,95.85447925,-
EEF1G,chr10_91222983_91240483,95.85284522,+
RBM15,chr15_22845267_22851638,95.85105272,-
U2AF1,chr15_60386086_60396150,95.84702953,+
PPIL4,chr6_128409332_128520258,95.84689096,+
ZC3H13,chr11_76453388_76454748,95.84258197,+
PPIE,chr15_22845267_22851638,95.84055134,+
RBM47,chr12_109561104_109561242,95.81912817,+
CSDE1,chr11_126256852_126261424,95.80835135,+
ZFP36L2,chr1_66368065_66372312,95.80819706,-
SNRPB2,chr3_136928227_136945582,95.80664537,+
APTX,chr6_34878720_34880288,95.80573053,+
HNRNPA1,chr9_70267975_70277309,95.80528281,+
RBM8A,chr7_66573550_66576754,95.80233553,+
SF3A1,chr1_161154070_161156949,95.79893996,-
RBM41,chr15_79899125_79907628,95.79681536,+
PABPC1,chr10_8058841_8063992,95.79129915,+
PPFIBP1,chr15_66494552_66497641,95.78706064,+
MEX3D,chr6_10695069_10697320,95.77460037,+
HNRNPF,chr1_31318236_31319108,95.77215016,+
SLTM,chr6_24714354_24716245,95.77027987,+
TIAL1,chr7_75881486_75881828,95.76242985,+
SAMD4B,chr13_52456607_52460898,95.75870704,+
PPFIBP1,chr6_24714440_24718539,95.75753677,-
UPF3B,chr8_56214667_56216432,95.7572162,+
SNRPB2,chr19_49666799_49667018,95.75106157,+
THUMPD1,chr3_140963227_140970926,95.74985626,+
SYNJ2,chr13_32404271_32407249,95.74831265,+
EWSR1,chr17_8463354_8466929,95.74178449,+
ESRP1,chr11_66640123_66646026,95.73848774,-
ANKS4B,chr2_191682595_191683728,95.73385513,+
MBNL2,chr12_124911899_124913495,95.73157952,-
PUM2,chr12_52237717_52238679,95.72590297,+
APTX,chr12_6652309_6652661,95.72310866,-
SNRPD1,chr3_129288997_129290678,95.72257013,+
PABPC1,chr12_124912050_124912278,95.71669268,+
SNRPN,chr3_136930594_136945582,95.70931709,+
SRRM1,chr14_24240875_24241674,95.70839195,+
RBM8A,chr19_52728831_52729905,95.70205335,+
HNRNPR,chr1_51750195_51760689,95.69595672,+
SNRPE,chr9_37782137_37783913,95.67678817,+
HNRNPA2B1,chr1_45568177_45568926,95.66735376,+
UPF3B,chr12_26231780_26231922,95.65975408,+
SLTM,chr12_124912655_124913567,95.64745542,+
SF1,chr5_138518867_138542832,95.64378054,+
ZFP36L2,chr11_57762046_57794009,95.64157089,+
GTF3A,chr8_143824399_143829279,95.63960324,+
ZC3H12B,chr2_203402734_203411284,95.63310921,+
PNPT1,chr9_128323147_128325142,95.63236277,+
HNRNPM,chr9_41166830_41171846,95.63121399,+
ZC3H11A,chr2_58154802_58159348,95.62382448,+
DGKH,chr12_22060926_22062280,95.61938567,+
RRP7A,chr6_144291907_144403122,95.61669606,+
ZFP36,chr12_15957033_15958187,95.61504444,+
PUM2,chr1_117153369_117170106,95.60845607,+
ZFP36L1,chr12_12500682_12519861,95.60218165,+
HNRNPL,chr10_78037304_78040614,95.59949882,+
RBM33,chr15_42218375_42219580,95.5989255,-
ANKS4B,chr10_68338642_68339139,95.59335922,+
SRRT,chr18_58333892_58341037,95.58839445,+
SNRPD2,chr18_50273863_50274976,95.58397706,+
SAMD5,chr5_32379210_32385507,95.58180795,+
NONO,chr5_134374463_134388324,95.58006732,+
SNRPG,chr4_70227511_70231194,95.5715744,-
LSM5,chr1_155668777_155670319,95.5597301,+
CPSF6,chr3_114693575_114801100,95.55955053,+
ZC3H6,chr10_102377128_102379283,95.55951277,+
CCAR1,chr12_124913092_124913548,95.55915166,-
SUPT6H,chr10_68906337_68906710,95.55750132,+
PNPT1,chr14_23960003_23965761,95.55253916,+
RBM39,chr2_215372300_215373321,95.55227377,-
PNO1,chr12_124912408_124912864,95.54799961,+
KIN,chr14_91870385_91877486,95.54384554,+
MBNL2,chr14_103334260_103335652,95.54240807,+
FUS,chr12_124912408_124913548,95.54139532,-
RBM47,chr4_185630598_185646667,95.53952864,+
RBM8A,chr10_99747390_99750368,95.53724845,+
RBM6,chr1_45568684_45568926,95.5346456,+
ZFP36L1,chr5_34004734_34005755,95.52870309,+
MBNL1,chr7_141010660_141014910,95.52742625,+
ESRP1,chr10_37188019_37189466,95.5240435,+
PCBP2,chr3_142185793_142185928,95.52345822,+
QKI,chr14_68878523_68879961,95.50170222,+
ESRP1,chr1_224311857_224317693,95.49597473,+
HNRNPH1,chr8_119580167_119582417,95.48831924,+
RBMS2,chr19_36694876_36712385,95.48212151,+
KRR1,chr2_206765654_206766643,95.47002087,+
PNPT1,chr4_76082535_76097643,95.46973116,+
RBM4,chr6_107040230_107040380,95.46719914,+
LSM4,chr11_6603822_6604225,95.46196162,+
ZC3H15,chr6_125986773_125993756,95.46145062,+
HNRNPA1,chr6_33272122_33272586,95.45814932,-
GRSF1,chr21_32601973_32602271,95.45055963,+
ZFP36L2,chr6_85536924_85541984,95.4348346,+
NONO,chr2_113438022_113439019,95.42712107,+
NIP7,chr14_88841514_88843805,95.42247006,+
U2AF1,chr2_43794643_43795889,95.4220886,+
NONO,chr7_8232752_8235909,95.40915023,-
DLC1,chr1_40059458_40060069,95.40416747,-
SNRPG,chr12_124912050_124913190,95.39937135,-
RBM39,chr1_179884769_179889309,95.39286155,+
YTHDF3,chr2_232556530_232564246,95.38862303,+
PABPC1,chr11_2400798_2402293,95.38596282,+
PNPT1,chr1_6785575_6820180,95.3839341,-
SF1,chr1_39480009_39480919,95.38116806,+
ZC3H11A,chr1_71065137_71066775,95.37547036,+
SLTM,chr20_43458509_43459770,95.37539975,+
RBM5,chr4_75795356_75799621,95.37396636,+
PHC3,chr6_167013567_167022408,95.36974005,+
HNRNPA0,chr17_81933376_81934652,95.3655827,+
EIF3B,chr1_40040801_40059333,95.36212525,-
ZC3H6,chr20_13808902_13816462,95.36137001,+
FMR1,chr2_66568756_66571245,95.35218174,+
ZC3H15,chr4_17845901_17909093,95.33661214,+
SRRM1,chr10_24474060_24495146,95.32586212,+
NIP7,chr17_67959875_67964211,95.32538975,+
MCTS1,chr14_94110797_94114850,95.32405035,-
SASH1,chr18_63983721_63985092,95.31388009,+
SF3B4,chr3_108047292_108057476,95.30684875,-
LSM10,chr12_47966229_47966682,95.3059636,-
SNRPN,chr14_94388660_94390456,95.29591179,-
SLTM,chr8_22591668_22593732,95.29065621,+
ZC3HAV1,chr5_16761546_16762544,95.28229701,+
HNRNPL,chr3_114693575_114801100,95.2767785,+
RBM42,chr12_27958568_27963347,95.27385414,-
TROVE2,chr9_127450804_127451280,95.25461558,+
SF3B4,chr12_14884245_14905108,95.25249848,-
HNRNPA3,chr4_75795356_75799621,95.24335972,+
CSDE1,chr1_51294511_51297790,95.2394274,+
PAPSS1,chr20_2461793_2462635,95.23857744,-
HNRNPH3,chr5_134738792_134741062,95.23779727,+
LSM1,chr1_1652566_1655368,95.23442964,+
ZC3H11A,chr1_86863605_86880661,95.2173016,-
PABPC4,chr1_114575751_114581298,95.21646264,+
TEP1,chr17_31878327_31878701,95.211102,+
RNPC3,chr13_52019143_52024005,95.2103405,+
ZNF638,chr2_159448409_159478574,95.20788754,+
CSDE1,chr12_51049185_51052091,95.20721786,+
ZC3H4,chr5_34911812_34913469,95.20620976,+
HDLBP,chr2_169584899_169603641,95.20254307,+
SFMBT2,chr11_32588732_32589546,95.20192413,+
SNRPD3,chr1_228109021_228109148,95.19926355,+
U2AF1,chr1_235155112_235160892,95.19664013,-
PHC3,chr2_97558994_97560664,95.19592442,+
TMEM63A,chr1_150296094_150332683,95.1897209,+
PUF60,chr6_158637894_158644681,95.18825544,+
SLBP,chr10_124760503_124765391,95.18819016,+
SNRPD1,chr2_271939_272036,95.18380855,+
UNKL,chr18_675402_683245,95.17752292,+
PHC3,chr8_42189071_42191371,95.17206242,+
PAPSS1,chr4_82356683_82356795,95.17140365,+
PCBP1,chr1_145623160_145623592,95.16808639,+
POLR2G,chr16_634797_634888,95.16382914,+
KIN,chr17_16440253_16441367,95.16217946,+
PPIE,chr6_90536401_90544551,95.15098174,+
HNRNPD,chr12_101626910_101629433,95.15020532,+
HNRNPH2,chr16_2206214_2206360,95.14996431,+
EWSR1,chr16_25140247_25164597,95.14968133,+
RBMX,chr16_19733827_19788837,95.14295867,+
HNRNPA3,chr22_29299280_29299598,95.13954262,+
UNKL,chr8_89981523_89982721,95.13931094,+
ESRP2,chr3_32442013_32452391,95.13273207,-
UPF3B,chr1_39563922_39564422,95.13168096,+
SF3B4,chr4_10088741_10116112,95.13148685,-
FXR1,chr22_35264096_35264647,95.13112339,+
MATR3,chr18_697355_706469,95.1283368,+
CHERP,chr12_12187119_12244261,95.12440186,-
CARHSP1,chr12_46196871_46197719,95.1232828,+
EWSR1,chr15_48331479_48332267,95.12198947,+
YTHDF3,chr1_114737563_114737962,95.11864545,+
RBMS2,chr3_105550259_105552467,95.11502888,+
ZCRB1,chr3_121699885_121702480,95.11004404,+
SYNCRIP,chr15_49625431_49632158,95.09601588,+
RBM3,chr5_43454043_43483821,95.09594906,+
PAPSS1,chr1_155136376_155136827,95.09536176,+
TARDBP,chr4_102726683_102760717,95.0918153,+
SRRM1,chr1_153638448_153642242,95.09138989,+
HNRNPC,chr6_30642247_30642767,95.08869557,+
KIN,chr12_22060926_22062280,95.08843898,-
RBM22,chr16_75641723_75647577,95.08368146,-
PUF60,chr9_36083562_36085901,95.08127705,+
SLBP,chr12_124912655_124912883,95.07957132,-
THUMPD3,chr9_99218836_99221546,95.06754497,+
HNRNPK,chr5_139476454_139477328,95.06739092,+
LSM6,chr2_171325906_171330558,95.06543691,+
TIAL1,chr14_69767380_69768137,95.06493301,+
THUMPD2,chr4_82355401_82356795,95.05839899,+
HNRNPL,chr3_53292827_53304176,95.04797353,+
RC3H1,chr3_136928227_136945582,95.033962,+
LSM2,chr20_31549114_31550063,95.0332058,+
SNRPB,chr11_62271068_62272956,95.0281867,+
SLBP,chr2_159712606_159729008,95.02790496,-
HNRNPK,chr10_62049483_62050887,95.01417833,-
HDLBP,chr1_228108321_228108954,95.01356886,+
RBM8A,chr1_193016395_193021096,95.00712552,+
PUF60,chr1_23109127_23109584,95.00361284,+
ZFP36,chr2_97558871_97558965,94.99591315,+
HNRNPM,chr6_135497249_135497582,94.99473642,+
HNRNPH2,chr4_99863855_99866033,94.99422231,+
HNRNPM,chr2_222643005_222648739,94.99408383,+
PCBP2,chr11_11842224_11884466,94.9923651,+
LSM3,chr6_167864746_167870382,94.99212079,+
YBX1,chr1_201958908_201963615,94.96531761,+
PAPSS1,chr6_35293044_35293750,94.96026741,+
SAMD4B,chr2_241268541_241315101,94.95646439,-
FXR1,chr1_153658886_153659137,94.95471143,+
RBM41,chr19_49489912_49490231,94.94588457,-
RPS3,chr1_154966077_154966161,94.9380435,+
SLTM,chr15_22839790_22851638,94.93572449,+
SFMBT2,chr17_42610590_42612074,94.9352781,+
PHC3,chr19_35505986_35509910,94.93326176,+
HNRNPA0,chr11_125102317_125102636,94.92887956,+
DGKH,chr17_3723383_3723687,94.91066298,-
NCL,chr9_114323805_114324017,94.90616412,+
QKI,chr11_62534074_62535002,94.90275968,+
ZFR,chr6_35293044_35293750,94.89776949,+
TRMT1,chr3_157153156_157156935,94.89659111,+
RC3H1,chr11_66644140_66646026,94.8954028,+
EIF4B,chr17_75229131_75231339,94.89421583,+
SF1,chr17_8460160_8463319,94.88736066,+
ANKRD17,chr6_31581630_31581813,94.88202364,-
RBM3,chr12_10612978_10613438,94.87376292,+
HNRNPL,chr13_51660663_51675169,94.87308518,+
ZC3H4,chr4_39774933_39778359,94.8706354,+
MCTS1,chr2_159397100_159397344,94.87024852,+
PNPT1,chr12_88035738_88040147,94.84669834,+
PCBP2,chr1_71065752_71066775,94.84130365,+
HNRNPH1,chr2_159259843_159275545,94.83415276,+
FUBP1,chr4_15971082_15979880,94.82594749,+
SPEN,chr1_25244224_25244453,94.8217948,+
SLBP,chr12_21501948_21512294,94.81767725,+
SNRPD2,chr15_74926887_74937914,94.81680779,+
ARAP1,chr12_124911822_124913418,94.81318423,-
RBM41,chr6_31639646_31640198,94.81032114,+
PPIE,chr4_82857764_82863317,94.80957736,+
HNRNPL,chr17_72045524_72057458,94.80643247,+
PARP14,chr10_24474060_24495146,94.79377895,+
EWSR1,chr19_41433434_41433536,94.79360218,+
SYNCRIP,chr14_55601880_55612018,94.78522597,+
HNRNPR,chr3_23917239_23917849,94.77837367,+
HNRNPR,chr12_8777802_8780034,94.7633552,+
RBPMS,chr10_63217331_63264650,94.75886149,+
PCBP2,chr17_5474789_5477847,94.75411903,-
YTHDC1,chr19_43646548_43652224,94.75250177,+
ZCRB1,chr14_21499802_21500494,94.74277488,+
APTX,chr13_51660663_51703595,94.73270081,+
RBMX2,chr7_30500681_30504568,94.71835463,-
ZFP36L1,chr16_69340332_69341532,94.71126553,-
DKC1,chr12_6450980_6451468,94.70715687,+
HNRNPH2,chr12_71907138_71907862,94.70570918,+
SLTM,chr5_102961229_102990271,94.70367746,+
SNRPC,chr9_121300126_121301962,94.69995065,+
ZC3HAV1L,chr12_124911899_124912583,94.69574776,+
PCBP1,chr1_155689243_155709772,94.68983152,+
ZC3H12D,chr10_8058841_8063995,94.67779491,+
ARAP1,chr2_73927052_73958145,94.66678878,+
EIF4B,chr12_12826070_12827231,94.66345768,-
PUM2,chr3_114056864_114065236,94.6568948,+
RBMX,chr1_28738338_28768928,94.65683264,+
PARP14,chr12_62302920_62314789,94.65329551,+
SEC23IP,chr6_122610535_122633282,94.64911145,+
POLR2G,chr1_155717128_155725381,94.64790211,+
RBM3,chr4_17886161_17909093,94.64652035,+
EIF4B,chr11_13421838_13463091,94.64526289,+
YTHDF2,chr1_228108318_228108436,94.63958624,+
NOL8,chr8_42188016_42191371,94.63898558,+
ZC3H12D,chr13_49382941_49433317,94.63303441,+
ZC3H12B,chr12_47966229_47966682,94.63185869,+
SAMD4A,chr7_116250496_116252317,94.62624181,-
FUBP1,chr19_5901454_5903611,94.62603405,-
YBX1,chr12_32737161_32737864,94.62526338,+
MYEF2,chr7_95406247_95409900,94.60375469,-
KHSRP,chr12_124911971_124913111,94.6034653,-
RBM6,chr14_23567319_23567738,94.5920839,+
RNPS1,chr12_32107544_32216246,94.59186329,+
KIN,chr1_155260659_155262085,94.59023289,+
SAFB,chr4_82829058_82842184,94.58578706,-
HNRNPC,chr8_15748465_15764202,94.58004913,+
RBM17,chr1_28457855_28459084,94.5796457,+
ZC3H6,chr6_122675144_122701439,94.57952085,+
SNRPB2,chr12_122520581_122521384,94.57942702,+
MKRN1,chr20_13587370_13623445,94.57833416,+
MATR3,chr6_5369182_5431040,94.57364334,+
MBNL2,chr21_25982477_25997359,94.57197842,+
SNRPD2,chr12_27958568_27963347,94.57088468,+
SNRPB,chr20_35734257_35738967,94.57017535,+
ZNF638,chr4_51899378_51908919,94.56756785,+
SAMD8,chr1_212618234_212619045,94.56270648,-
SNRPD1,chr12_21501948_21512294,94.55912333,+
RRP7A,chr5_78450034_78459244,94.54949757,+
APTX,chr12_28225861_28257201,94.54697901,+
ZC3H11A,chr12_48671962_48679654,94.54583753,+
HNRNPL,chr3_121699885_121714860,94.53921139,+
TRA2A,chr19_45164970_45178134,94.53806633,+
CPSF6,chr1_53852270_53860055,94.53687561,+
ZFP36L1,chr20_35632923_35664358,94.52369995,+
PTBP1,chr7_99923603_99971745,94.5226159,-
RBM41,chr22_35264096_35264647,94.51936489,+
NIP7,chr2_240481097_240499957,94.51820913,+
THUMPD1,chr19_45164970_45165126,94.51437387,+
RBM3,chr2_169799516_169800951,94.51394761,+
HNRNPC,chr12_123618837_123619431,94.49141427,+
TEP1,chr6_44223641_44227262,94.49052024,+
ACO1,chr12_6330711_6333068,94.4861953,-
LARP4,chr1_39481030_39484600,94.48538428,+
RBMX2,chr7_120855381_120856697,94.48510911,+
EIF4B,chr2_177234271_177264531,94.47358133,-
ANKS3,chr16_4727177_4729979,94.47330943,+
RBM34,chr1_161750145_161751654,94.4730042,+
RBM39,chr6_21065228_21108400,94.467816,+
RBM6,chr6_26124633_26138053,94.45627246,+
HELZ,chr6_125915480_125920942,94.45385428,-
SEC23IP,chr14_68878523_68879961,94.45307575,+
RBM17,chr2_171325906_171330558,94.44833459,+
PPFIA1,chr12_124913495_124913723,94.44592462,-
SNRNP70,chr3_149966264_149968357,94.44031302,+
HELZ,chr22_46337944_46346421,94.43580851,+
PPIE,chr10_110876070_110876669,94.43322682,+
SCML4,chr17_16440253_16441367,94.42569095,-
HDLBP,chr8_132804032_132804614,94.42553675,+
SAFB,chr1_25351693_25356792,94.42448185,-
ACIN1,chr1_85258722_85259357,94.41863193,+
RBM8A,chr1_42456628_42457246,94.41775942,+
SAFB,chr10_26751783_26755654,94.41771815,-
MBNL1,chr1_24464120_24468985,94.41626791,+
LSM3,chr7_111521449_111561850,94.41554435,+
CNOT4,chr14_61744813_61746933,94.41551192,-
TRA2B,chr6_31639226_31639499,94.40104132,+
RBM8A,chr21_37096643_37108391,94.39659527,+
DNAJC17,chr2_200861862_200864563,94.39392035,+
RBM19,chr1_154988849_154990158,94.3922979,+
CARHSP1,chr4_41619440_41644499,94.39160329,+
YTHDC1,chr1_109236870_109237243,94.37869294,-
EIF4B,chr1_23109127_23109584,94.36367043,+
U2AF1L4,chr10_47551952_47553328,94.35752538,+
CNOT4,chr11_47569891_47571470,94.35619076,-
PDCD11,chr2_1665074_1673642,94.34003456,+
SFPQ,chr11_17282943_17286633,94.32777473,-
SASH1,chr1_25243633_25245149,94.32713736,+
PDCD11,chr5_132866691_132866868,94.32102452,+
G3BP1,chr6_12290693_12292340,94.31969709,+
SHANK2,chr3_37091538_37094791,94.31953598,+
SASH1,chr3_146528831_146533469,94.31258275,+
U2AF1L4,chr3_152415111_152432716,94.30536346,+
ZFR,chr11_57737668_57738353,94.30523153,+
HNRNPH2,chr19_52728831_52808006,94.30364702,+
SNRPC,chr15_40838686_40844178,94.30315633,+
RNPS1,chr14_92706653_92709671,94.29580937,+
SNRPD1,chr3_183833589_183840569,94.29523078,+
YTHDF3,chr1_156061443_156068269,94.29254684,+
LARP4B,chr2_215372300_215373321,94.290338,-
ZFP36L2,chr17_76089320_76094413,94.28911978,+
NCL,chr3_114057106_114065236,94.27801837,+
CPSF7,chr10_38017386_38054377,94.27799776,+
LSM5,chr15_42231915_42233212,94.26715092,+
TROVE2,chr12_124912636_124913320,94.26622887,+
EIF4B,chr18_13671973_13681604,94.26133758,+
PPP1R9A,chr4_76082535_76097643,94.25945954,+
SAMD5,chr1_75790517_75791284,94.2557893,+
PABPC1,chr3_12606299_12608765,94.25545224,+
U2AF1,chr5_132271466_132272024,94.24572521,+
G3BP1,chr1_228140363_228141123,94.23443438,+
SNRNP70,chr7_16873843_16881943,94.23367256,-
ZC3H13,chr12_49742115_49752463,94.22340758,+
SSB,chr3_15242253_15246731,94.22132493,+
LARP1,chr8_61619019_61633682,94.21780643,+
EWSR1,chr14_35110629_35121901,94.21579858,+
ZGPAT,chr18_11886621_11886916,94.20828264,+
CSDE1,chr15_57251423_57253261,94.2062373,+
ZFP36L2,chr8_144098994_144099276,94.2055861,+
G3BP2,chr17_28715122_28715218,94.19916912,-
HNRNPH1,chr18_74496431_74499936,94.19016046,+
YTHDC1,chr10_24219909_24380868,94.18207105,+
CSTF2,chr1_207785682_207790252,94.17574162,-
KHDRBS1,chr2_30148541_30156627,94.17152132,+
KIN,chr8_17939861_17947185,94.16641507,+
IREB2,chr19_52374427_52379420,94.16340866,-
PTBP1,chr1_228108318_228108436,94.15853212,-
SF3A1,chr6_32974765_32975020,94.15382032,-
SYNCRIP,chr12_124912180_124912636,94.15074283,-
SNRPE,chr11_61965515_61967311,94.14114278,+
RPS3,chr1_108693642_108695701,94.14102693,+
FXR1,chr15_32679915_32684556,94.09028275,-
LARP4,chr12_53462567_53464759,94.08974902,-
NONO,chr1_155137722_155137978,94.08951103,+
ZFP36L1,chr19_35119251_35119362,94.08816242,+
EEF1G,chr8_61643433_61644599,94.08695176,-
RBM17,chr2_227325427_227330625,94.08091143,-
ZC3H12D,chr12_21471647_21472197,94.07573176,+
SFPQ,chr19_36325764_36330252,94.0696104,+
ACIN1,chr4_53399839_53425871,94.05948334,+
SRRM1,chr15_51926872_51958741,94.05727054,+
YBX1,chr11_66617057_66639699,94.05476733,+
CPSF6,chr14_68877240_68878457,94.05294089,+
MBNL1,chr22_29299280_29299598,94.05246931,+
TROVE2,chr4_155667419_155668089,94.04725593,+
LARP4,chr3_114714015_114801100,94.04614891,+
SGMS1,chr16_635340_635611,94.0439138,+
POLR2G,chr2_230470098_230473383,94.03469684,+
SRRT,chr4_185678547_185678795,94.03370222,+
EEF1G,chr21_46636547_46636895,94.02903343,+
ZRANB2,chr3_197149796_197194424,94.02488706,+
RBM25,chr7_80828745_80916678,94.02358458,+
MKRN2,chr2_42697834_42704196,94.01918082,+
UPF3B,chr4_54699766_54703720,94.01858205,-
PTBP2,chr12_9655979_9656920,94.01851058,+
EIF4B,chr1_107669472_107683487,94.01486544,+
HNRNPK,chr1_234398553_234401180,94.01465108,+
RBMS3,chr13_37564560_37569299,94.00818297,+
PABPC1,chr12_6905954_6906408,94.00179554,+
SRRM1,chr11_75562319_75563726,93.99916314,+
FUBP1,chr19_41436472_41438217,93.99798916,+
NSUN6,chr10_43396590_43409130,93.99567462,+
UPF3B,chr12_28225861_28257201,93.99546511,+
NIP7,chr3_108050602_108051938,93.99546066,-
PUM1,chr4_13381594_13460698,93.99513444,+
ANKRD17,chr7_128748804_128758870,93.9921912,-
TARDBP,chr2_27313074_27322447,93.98826044,+
TIAL1,chr1_32627544_32633644,93.98605584,+
MBNL2,chr1_155709824_155721516,93.98354978,-
ZRSR2,chr19_41433434_41433536,93.97941814,+
PHC3,chr7_80828745_80916678,93.97766129,+
PUM1,chr20_49230349_49233305,93.97658779,+
PARP14,chr5_135360604_135369405,93.96710993,+
HNRNPK,chr20_13483337_13528445,93.96544784,+
PPFIBP1,chr1_30945483_30950126,93.96526738,+
ZRANB2,chr7_112462179_112467980,93.96465794,+
FXR1,chr4_53391139_53399729,93.96463838,+
SCML1,chr3_52693046_52693190,93.96363761,+
PPIE,chr10_30434748_30438915,93.95612908,+
DKC1,chr2_119317503_119339826,93.94894326,+
HNRNPH3,chr10_63217331_63219877,93.9473951,+
ZC3H11A,chr12_6566324_6566528,93.94631607,+
SART3,chr14_21022905_21023240,93.94519198,+
SYNJ2,chr3_11602022_11702970,93.9434059,-
RBMS2,chr6_31860621_31861998,93.93889294,-
U2AF1L4,chr1_207767823_207783291,93.93799556,+
ESRP1,chr1_151027327_151033805,93.93684032,+
UNKL,chr1_52896597_52899173,93.93430433,+
RBM4,chr14_69767380_69768137,93.92386325,-
MCTS1,chr2_131531802_131532863,93.92369535,-
PAPSS1,chr2_60538549_60545970,93.92287927,+
RBM8A,chr17_82019909_82022825,93.92129796,+
SNRPG,chr1_25826826_25829508,93.92083881,+
LARP1B,chr6_46168297_46170807,93.89828621,+
EWSR1,chr9_14102510_14112998,93.87845368,+
RBM19,chr1_162561777_162566011,93.87801358,+
YTHDC1,chr12_124912883_124913111,93.87770105,-
MSI1,chr1_149390922_149430941,93.87641729,+
U2AF1L4,chr2_200857884_200857972,93.87417904,+
EIF3G,chr19_19194133_19196965,93.87267404,+
PNPT1,chr3_32449552_32452391,93.87014273,+
SASH1,chr7_6392041_6398661,93.87013849,+
ZC3H12D,chr12_103934287_103938339,93.86986876,-
SASH1,chr7_94599723_94600645,93.86763746,+
CPSF6,chr12_69260197_69262369,93.86711239,+
ASCC1,chr6_135497249_135497582,93.8646672,+
HNRNPF,chr12_124912278_124912506,93.85800761,-
G3BP2,chr22_35263874_35263981,93.85575828,-
YTHDF2,chr1_231241456_231260506,93.85001479,+
ZFP36L1,chr17_8460160_8466929,93.84512436,+
HNRNPF,chr12_56159622_56159974,93.84162562,-
MCTS1,chr16_56940245_56943125,93.8404204,-
KRR1,chr17_47973693_47973930,93.83711303,+
UPF3B,chr12_26231119_26231922,93.8367601,-
RBM23,chr1_107642755_107683487,93.8336531,+
ZC3H7A,chr12_26231780_26231922,93.82606915,+
PPFIBP1,chr2_11773745_11776085,93.82510382,+
MEX3A,chr8_67059445_67061845,93.81866507,+
PSPC1,chr15_51926872_51958741,93.81558737,+
SNRPB,chr14_55580354_55612018,93.80644334,+
HNRNPM,chr1_28229023_28232920,93.79821831,+
HNRNPA1L2,chr9_41172749_41182374,93.79545376,-
HNRNPD,chr8_85217502_85219322,93.79518334,+
RBM47,chr14_35019074_35028087,93.79498382,+
MYEF2,chr12_94435327_94459556,93.79354879,+
SNRPC,chr1_230997267_230999622,93.78851636,+
PTBP1,chr16_29566249_29594886,93.78090443,+
SYNCRIP,chr7_149012360_149020966,93.78049105,+
SNRPB2,chr1_228140363_228141123,93.78016919,-
CSDE1,chr5_96729209_96729611,93.77769148,+
THUMPD1,chr17_82019909_82022825,93.77745035,+
PAN3,chr1_46686870_46689586,93.77695423,+
RBM8A,chr12_122981299_122981594,93.77496004,+
ARAP1,chr1_37495918_37496546,93.77457709,-
DNAJC17,chr14_34524807_34533443,93.76859518,-
LSM4,chr12_6652770_6652935,93.7625567,+
RBM43,chr1_228109021_228109260,93.75974953,+
RNPC3,chr7_44058280_44058428,93.75047793,+
SCML2,chr12_122520581_122521384,93.73916247,+
LSM3,chr2_66568756_66571245,93.73054507,+
ZNF638,chr1_225783368_225786861,93.72884281,-
HDLBP,chr11_47731561_47732536,93.72132735,+
YTHDF2,chr2_171326148_171330558,93.71088884,+
CSTF2,chr12_26976357_26980565,93.70910988,+
ANKS4B,chr22_45550615_45574510,93.70450782,+
HNRNPL,chr3_114693575_114801100,93.7032345,+
ZC3H11A,chr14_22905453_22906194,93.70126547,+
NCL,chr4_155667419_155668089,93.69411358,+
HNRNPF,chr16_3020491_3021554,93.69190592,-
PUF60,chr5_163503424_163512001,93.68178212,+
PUM2,chr2_73732285_73734428,93.67625678,+
MCTS1,chr20_5106222_5109331,93.67409496,+
RBM7,chr17_10705527_10706437,93.67100446,+
HNRNPR,chr11_47476956_47477296,93.6702933,+
SF1,chr14_103334260_103335652,93.66872863,-
MCTS1,chr19_58315036_58326822,93.66291638,+
YTHDF2,chr1_156236483_156242552,93.66225941,-
PCBP1,chr7_26197866_26200571,93.66001587,+
SAFB2,chr10_28614685_28616172,93.65588976,-
CCAR1,chr19_10177367_10180186,93.65485392,+
PNO1,chr8_108203503_108228266,93.65163012,-
PABPC1,chr7_28570537_28718752,93.64865627,+
TEP1,chr6_26124633_26127697,93.64708061,+
FUS,chr13_37564560_37569299,93.64553789,+
POLR2G,chr4_15971082_15980421,93.63705155,+
UHMK1,chr1_1390865_1393395,93.62981366,+
FUS,chr11_66284966_66285700,93.62772045,-
CCAR1,chr19_35508240_35509910,93.62381549,+
RC3H1,chr3_48694824_48695089,93.62110145,+
HNRNPC,chr19_12676142_12677290,93.61548382,+
SAMD8,chr12_6653050_6656726,93.61363395,+
SPEN,chr6_11193692_11213280,93.61019859,-
ZCRB1,chr6_125292909_125300537,93.60600441,+
HNRNPF,chr12_122519029_122521384,93.60254204,+
PARP14,chr5_112864732_112867371,93.58810698,+
ZC3H6,chr12_70319364_70335437,93.58285695,+
SNRPB,chr6_116571655_116580294,93.57719208,+
SNRPE,chr1_108692867_108693589,93.56991433,-
PCBP2,chr3_114389105_114500351,93.54823199,+
PABPC1L,chr7_73687095_73692595,93.54255242,+
TARDBP,chr16_25140247_25164597,93.54084509,+
THUMPD2,chr11_72111286_72111411,93.54011708,+
ACO1,chr1_224311857_224317693,93.53790109,+
GRSF1,chr14_91870385_91877486,93.53662617,+
TARDBP,chr11_6480463_6481230,93.53414983,+
PUM1,chr1_24647208_24648858,93.52194729,-
HELZ,chr2_23983033_23999671,93.51896021,+
DDHD2,chr4_15971082_15980421,93.51031743,-
YBX1,chr17_78171054_78171738,93.50744325,+
EPHB6,chr4_155667419_155668089,93.50590472,-
LSM4,chr1_114736855_114737470,93.48909023,+
PUF60,chr9_32553944_32570959,93.4889272,-
YTHDF2,chr6_34880063_34880288,93.48854747,+
HNRNPA2B1,chr19_45165194_45178134,93.48441187,+
HNRNPA2B1,chr19_41432408_41433536,93.48335793,+
YTHDC2,chr12_124911822_124912506,93.47925397,+
FMR1,chr18_62161385_62163530,93.47462589,+
RBM4,chr1_162590511_162597791,93.47190136,+
ACIN1,chr17_47973693_47973930,93.46798861,+
FUBP1,chr10_24219909_24380868,93.46651794,+
PAN3,chr14_23564159_23564332,93.46556138,+
RBM19,chr2_189782602_189784268,93.4624806,+
LSM1,chr2_31883462_31891991,93.45184756,-
U2AF1L4,chr19_11041560_11058257,93.45054108,+
KRR1,chr17_16440253_16441367,93.44808187,-
HNRNPC,chr3_114693575_114801100,93.44454041,+
SAFB,chr3_49278902_49280743,93.44442724,+
G3BP2,chr2_73950732_73958145,93.44034038,+
ZFR,chr12_124911822_124913418,93.43973149,-
NCL,chr15_49625431_49632158,93.43756012,+
ZCRB1,chr12_10610680_10612639,93.43694431,-
FUS,chr16_31885256_31890206,93.42071205,+
IREB2,chr18_22929437_22936753,93.41893886,+
LSM2,chr12_6724818_6727925,93.41691132,+
EWSR1,chr3_139373412_139374488,93.41232129,+
HNRNPA0,chr18_26035127_26035830,93.40997415,+
THUMPD2,chr4_103096274_103098643,93.40577775,+
LSM7,chr3_42553448_42555929,93.40476527,+
KRR1,chr12_96003064_96003837,93.4026885,+
YTHDF2,chr10_104274949_104277893,93.39593761,+
ANKS4B,chr1_155136951_155137560,93.38349667,+
RBM22,chr6_24708911_24716147,93.36578915,-
ZC3H12D,chr3_146525647_146533469,93.36339586,+
ANKS4B,chr12_124911822_124912278,93.36099114,-
RBM39,chr12_32107544_32216246,93.35585653,+
MYEF2,chr5_179618323_179620891,93.35117581,+
SHANK2,chr11_124625903_124626812,93.35009862,+
ANKHD1,chr12_124912655_124913339,93.34646449,+
AKAP1,chr22_30926871_30928018,93.34537963,+
NOL8,chr15_49137458_49139527,93.34406394,+
PTBP1,chr17_8576672_8577235,93.34386745,+
LSM5,chr19_40365930_40366418,93.3420422,+
EIF3B,chr3_121781874_121790072,93.3389833,+
ELAVL1,chr20_37236709_37238401,93.33753389,-
YBX1,chr12_124911952_124913092,93.33490137,+
HNRNPK,chr9_86317276_86318957,93.33315644,+
CSDE1,chr22_17739488_17774380,93.33036351,+
SYNJ2,chr1_39738931_39740164,93.32591182,+
RALY,chr7_76001002_76003757,93.31945027,+
HNRNPA2B1,chr3_149059804_149060642,93.31883174,+
RBM4,chr12_22668700_22671271,93.31526628,+
TEP1,chr8_56211837_56214597,93.29932273,+
RBM39,chr2_27444061_27444188,93.29916309,+
SNRPC,chr12_123618837_123619447,93.2951396,+
HNRNPA0,chr2_95876512_95880426,93.29477272,+
SNRPC,chr19_8882366_8882696,93.29397355,+
MCTS1,chr11_66638752_66639699,93.27915326,-
TNRC6A,chr17_82483304_82483715,93.27656762,+
HNRNPA1,chr4_153204560_153270334,93.27399597,+
RBM4B,chr6_90536401_90544551,93.27329658,+
HNRNPA1,chr4_158672490_158679289,93.26980068,+
TNRC6A,chr1_193069634_193070553,93.26838892,-
LSM5,chr4_77610694_77610987,93.2678701,+
YBX1,chr7_73738142_73738327,93.26143349,+
FUBP1,chr6_159790060_159790939,93.2499472,+
G3BP1,chr5_151772036_151786602,93.24926663,+
HELZ,chr1_243172846_243186258,93.24907109,+
ZNF74,chr21_33432802_33439213,93.22751126,+
TARDBP,chr10_102452187_102455336,93.22116907,+
SNRPD1,chr15_49631058_49632158,93.21854059,+
SNRPE,chr6_116571655_116580294,93.21723462,+
HDLBP,chr11_134252916_134253226,93.21629732,+
RBM3,chr16_15030056_15138878,93.2123891,+
RBM19,chr1_52911790_52921552,93.20830725,-
YTHDC1,chr18_63981838_63985092,93.20693775,+
SRRM2,chr3_138187599_138188454,93.20643791,+
TRA2B,chr2_161160486_161179613,93.20351184,+
YBX1,chr1_51756358_51760689,93.19674435,+
SASH1,chr20_31073692_31103506,93.18752408,-
RBM7,chr21_29036374_29037275,93.18500296,+
ARAP2,chr14_88596808_88601923,93.17754191,-
STIM1,chr12_6653050_6656726,93.17589391,-
SGMS1,chr3_114974416_115147218,93.17499553,-
EIF4B,chr2_31869952_31891991,93.17208947,+
TIPARP,chr2_8812493_8813236,93.1703881,+
HNRNPH2,chr9_129632801_129634053,93.16648975,+
ANKS4B,chr2_97555254_97584943,93.15038614,-
KHDRBS3,chr3_143023064_143027148,93.14638724,+
SAMD8,chr1_2393355_2395783,93.14403461,+
RBMS2,chr19_10579858_10581265,93.1401062,+
ZC3HAV1,chr3_33826580_33828837,93.13495787,+
PTBP2,chr2_61492250_61492324,93.12781506,+
SASH1,chr1_71065752_71066775,93.12378178,+
ESRP1,chr11_66003070_66003234,93.12298674,-
PAN3,chr8_127736623_127738250,93.11959104,-
RBM18,chr14_94383241_94390456,93.11921449,+
SETD1A,chr3_23917173_23917849,93.11773812,+
CIRBP,chr1_181050286_181052234,93.1123683,+
MYEF2,chr12_56158415_56158683,93.11096758,-
POLR2G,chr20_20026919_20033101,93.10778251,+
CSDE1,chr15_64075537_64081101,93.10643644,+
ZRSR2,chr1_196690239_196701317,93.0942952,+
HNRNPH3,chr2_55875065_55881611,93.09221924,-
HNRNPK,chr7_66554837_66573384,93.09211166,+
YTHDC1,chr9_83978452_83980118,93.08041191,-
TRMT1,chr4_153276130_153295312,93.07708462,-
MEX3C,chr5_140281533_140303040,93.0758715,-
LSM4,chr11_78101195_78103979,93.0733892,+
SNRPE,chr11_72111281_72111411,93.06855237,+
ANKS4B,chr15_69453020_69455169,93.06538377,-
THUMPD3,chr19_38632496_38634992,93.06286276,+
PCBP2,chr13_51660663_51675169,93.06265959,+
NCL,chr7_26193373_26195846,93.05294605,+
APTX,chr16_53492522_53492692,93.04750001,+
PABPC1,chr16_30756272_30756354,93.03950128,+
RBM17,chr7_66554837_66560578,93.03882974,+
QKI,chr8_53801896_53814661,93.03869003,+
POLDIP3,chr14_21501824_21503172,93.03200135,+
U2AF1,chr18_12311053_12329145,93.03146904,+
EWSR1,chr1_6785575_6825091,93.02267323,-
RBM19,chr11_35190065_35208104,93.02150619,+
RBM8A,chr11_66617057_66639699,93.00794887,+
PPIE,chr9_65692608_65698514,93.00450733,-
SAFB2,chr20_44197739_44206880,93.001129,-
HNRNPH2,chr1_28560732_28561345,92.99901393,+
ZCCHC17,chr1_151254808_151264831,92.9951932,-
SRRT,chr2_97194754_97204190,92.99264518,+
MEX3C,chr11_10799756_10800243,92.99123189,-
SAFB,chr7_116250496_116252317,92.98984022,-
RBM41,chr2_28327447_28338449,92.98976249,+
DKC1,chr11_13421838_13463091,92.98893994,+
RBM3,chr5_102974436_102990271,92.97731007,+
EEF1G,chr1_154157721_154169304,92.97434932,+
PUM1,chr1_168023047_168038370,92.97146394,+
HNRNPH3,chr1_52905090_52907867,92.96967315,+
HNRNPK,chr1_161072885_161073719,92.9695583,+
GTF3A,chr10_43396590_43409130,92.96931488,+
SFMBT2,chr18_74496431_74499936,92.96639046,+
RBMXL1,chr12_55760640_55766979,92.95799282,+
THUMPD1,chr12_70319364_70335437,92.95717349,+
RBM17,chr18_58333892_58341037,92.95524558,+
U2AF1L4,chr6_22056690_22063019,92.9540885,+
RC3H1,chr3_134358716_134359282,92.95129287,+
HNRNPH3,chr8_94678371_94692676,92.9490584,+
RBM27,chr12_53462567_53465931,92.9420103,+
TIAL1,chr6_126006954_126008391,92.9320429,+
PTBP2,chr11_46630100_46644278,92.9279485,+
HNRNPH2,chr10_37169558_37169651,92.91756264,+
RBM8A,chr5_146459337_146462017,92.91578852,+
LARP1B,chr6_35587117_35597247,92.91559751,-
HNRNPA1,chr2_237540533_237542566,92.91262295,+
U2AF1,chr1_203861955_203863662,92.90940412,-
HNRNPH2,chr9_32974561_32985970,92.90783764,+
ELAVL1,chr4_10088741_10097710,92.90240392,+
EIF4H,chr2_9408201_9412268,92.89344622,+
SAMD8,chr7_76005404_76021850,92.892467,+
HNRNPL,chr19_36689497_36694801,92.89026982,+
HNRNPL,chr5_154941265_154956370,92.88785719,+
RPS3,chr6_30346564_30346712,92.8808466,+
FUBP1,chr15_49170375_49201161,92.88080304,+
HNRNPAB,chr21_46649739_46663382,92.87910229,+
AKAP1,chr7_99967286_99971745,92.87497941,-
YBX1,chr20_62308178_62308654,92.86618269,-
FUS,chr4_82898062_82900076,92.85944254,+
ZFP36L2,chr15_40836282_40838542,92.85767796,+
HNRNPC,chr2_55577356_55578246,92.85756416,+
HNRNPH3,chr1_228108321_228108954,92.85500594,+
LARP1,chr18_31068212_31068298,92.8426152,+
YTHDC1,chr11_118557045_118557737,92.83635331,+
PUM1,chr12_5160385_5169806,92.83387223,+
TEP1,chr9_128068580_128101095,92.83368381,+
KIN,chr14_68877240_68878457,92.81434537,+
CSDE1,chr10_8058841_8063992,92.80437888,+
KHDRBS1,chr2_172498100_172504090,92.80311727,+
NIP7,chr10_68755536_68756272,92.79814173,+
SFMBT2,chr14_39122543_39124991,92.76880471,+
RBM39,chr20_16730064_16731667,92.76400726,+
KRR1,chr12_124912655_124913111,92.76224174,-
ZNF638,chr9_83974589_83976994,92.75888382,-
HNRNPK,chr3_143023064_143027148,92.75723613,+
SNRPB2,chr2_97194754_97204190,92.7520927,+
RBMS2,chr3_184323241_184323407,92.75160206,+
ZC3H4,chr12_52051568_52054326,92.74980602,+
LARP7,chr4_53377923_53379224,92.74769073,+
SAFB,chr12_50138617_50143073,92.74656703,+
SNRPN,chr6_135492291_135497582,92.73620345,+
RBM42,chr22_35781746_35809779,92.73464621,+
SAMD4A,chr9_26913947_26917096,92.72989889,+
TRA2B,chr7_99971911_99975944,92.72312344,-
ZC3H12D,chr2_218661520_218661758,92.71790386,+
PHC3,chr16_634956_635280,92.71784288,+
PCBP2,chr15_79961174_79967636,92.71569585,+
YTHDC1,chr5_139476454_139477328,92.71535376,+
EIF3G,chr7_100149053_100149498,92.71248608,-
SNRPG,chr12_14425473_14434339,92.70710232,+
DKC1,chr1_151254808_151263913,92.69429214,-
HNRNPH2,chr3_12606299_12608765,92.688549,+
SF3A1,chr2_70216499_70216752,92.68677173,+
PPFIBP1,chr21_32413013_32467695,92.6774321,+
HTATSF1,chr18_57620648_57621707,92.67598144,-
GRSF1,chr8_132804032_132804614,92.67291437,+
RBM22,chr1_228146938_228147409,92.67185588,-
RBM25,chr1_52905090_52906518,92.66933917,+
RBM41,chr5_138163344_138164319,92.6672911,+
NAA38,chr9_121281562_121301923,92.66472295,+
PUF60,chr12_56158711_56159974,92.65786008,+
HNRNPL,chr12_103951630_103956630,92.64912066,+
HNRNPF,chr1_150327652_150328319,92.63933688,+
SNRPB2,chr1_25340579_25351625,92.63715386,+
HNRNPR,chr10_29686651_29735750,92.61897773,+
RC3H1,chr3_185494761_185496827,92.61873067,-
RRP7A,chr9_137576167_137577469,92.61766043,+
ESRP1,chr1_45568177_45568926,92.61371452,+
NONO,chr12_124912408_124912864,92.61234977,-
RBMS2,chr3_42786162_42804435,92.61035861,-
EIF4B,chr1_20779911_20787194,92.6076456,+
RBM3,chr5_57221396_57230845,92.60741371,-
KRR1,chr1_30945483_30950126,92.6068806,+
MBNL1,chr2_58165874_58198593,92.60582596,+
PARN,chr1_151240039_151242437,92.60229522,+
EIF4B,chr12_27297158_27297709,92.59571535,+
SAMD8,chr3_105550259_105552467,92.59500906,+
PUM1,chr11_57426352_57426587,92.58697905,+
RBM18,chr16_1786655_1787676,92.57411138,+
TARDBP,chr19_9818617_9818727,92.56910105,+
SF1,chr10_123007176_123008693,92.56336758,+
PCBP1,chr1_24662804_24663182,92.56320552,+
ZC3H6,chr6_90536401_90547257,92.5582074,+
LARP7,chr6_135497249_135497582,92.55795348,-
TRA2A,chr2_11773745_11779518,92.55593398,+
TRA2A,chr1_23338608_23344210,92.5552222,+
EIF4B,chr7_112471033_112472218,92.55124098,+
ZRANB2,chr2_86119044_86121478,92.5409902,+
PABPC1,chr2_159395834_159397344,92.5279273,+
KHSRP,chr1_52911790_52921552,92.52758396,-
PUM1,chr7_122078014_122079596,92.52217986,+
ZC3H15,chr13_38359333_38360040,92.51921761,+
ZC3H3,chr10_68338642_68339139,92.51890292,+
HNRNPA1,chr9_21971208_21974677,92.51509708,+
MBNL1,chr14_21211563_21211809,92.51394762,+
HNRNPA0,chr1_107642755_107688380,92.50954638,+
PCBP1,chr2_23984831_23999671,92.50812946,+
ZC3H4,chr8_85217502_85219322,92.50742549,+
RBM17,chr1_71065137_71066775,92.49995035,+
HTATSF1,chr21_33456097_33460412,92.49910595,+
SNRPC,chr8_143818534_143821596,92.49077694,+
ZFP36,chr3_3172646_3172775,92.49076733,+
THUMPD3,chr11_3001248_3001961,92.48307277,+
TRA2A,chr15_79967692_79970699,92.47746225,-
PAPSS1,chr12_21501948_21512294,92.46736175,-
EPHA7,chr10_13116340_13118905,92.46633445,-
BFAR,chr4_185649656_185652661,92.46008068,-
EPHB4,chr2_97555254_97556936,92.44542947,-
EIF4B,chr1_161038634_161038879,92.4407684,+
LSM3,chr1_201957574_201958838,92.44065493,+
DLC1,chr6_125248383_125257097,92.43596895,+
EIF3B,chr2_171326148_171330558,92.43462075,+
ZC3H8,chr7_30498938_30504568,92.43381486,-
ZNF638,chr17_59866749_59874538,92.43051716,+
ZRANB2,chr1_24655123_24660718,92.42676059,+
HNRNPA2B1,chr11_32583929_32589546,92.42398873,+
NOL8,chr16_56939359_56940176,92.42384318,-
PPFIBP1,chr2_207624404_207625264,92.42356402,+
SCML4,chr9_70286879_70297965,92.4198801,+
NSUN6,chr4_118278792_118279388,92.41619293,-
SNRPB2,chr1_181050286_181052234,92.41425844,+
HNRNPA1,chr1_45519054_45522777,92.40588523,+
GRSF1,chr19_41436472_41438217,92.40582216,+
ZFR,chr22_22304114_22306832,92.40498117,+
SF3B4,chr15_34227846_34229752,92.4005798,+
TOE1,chr12_6330711_6333068,92.39584429,-
PPFIBP1,chr1_32634072_32634767,92.39301091,+
SHANK2,chr1_26924166_26934248,92.3862321,-
SNRPE,chr6_43054486_43055544,92.38491118,+
RBM10,chr12_6724250_6724613,92.38089297,+
LSM4,chr2_97187226_97189217,92.37480162,-
FUS,chr11_115178775_115209573,92.3696647,+
TIPARP,chr12_89656107_89708595,92.36449645,+
TTC14,chr7_75879260_75881828,92.36289738,+
RBM27,chr1_155256791_155258825,92.36262835,+
U2AF2,chr18_9195698_9208656,92.3614702,+
POLR2G,chr7_21908507_21911616,92.35405676,+
EIF4B,chr1_212375300_212377561,92.35385905,+
RBM7,chr3_108049651_108050577,92.35215942,+
PARP14,chr3_123618767_123620206,92.34735479,-
PPFIA1,chr17_37491627_37510676,92.34530476,+
PAPSS2,chr10_88941390_88943796,92.34305795,+
LARP1B,chr2_30147062_30156627,92.33823365,-
RBM6,chr3_37355187_37366079,92.33286963,+
SNRPD1,chr1_184072298_184072826,92.33271032,+
RC3H1,chr15_49137458_49139527,92.33234017,+
RBM6,chr7_27816394_27816889,92.32882628,+
ACIN1,chr12_96003064_96006313,92.32852994,+
PABPC1,chr3_138239528_138245087,92.31661357,+
HNRNPK,chr3_23917173_23917849,92.3128939,+
RBMX,chr17_67344812_67345744,92.3115959,+
PPP1R9A,chr10_88941390_88941784,92.31022676,+
KIN,chr21_25982477_25997359,92.29946455,+
MBNL2,chr4_94586444_94618003,92.28978614,+
MKRN2,chr12_14905215_14910757,92.28934289,+
LSM5,chr3_42786162_42804435,92.28864239,+
CARHSP1,chr10_27046520_27048800,92.28722062,+
HNRNPR,chr2_232556530_232564246,92.28657592,+
MEX3A,chr14_91942961_91947212,92.28455908,+
RBM6,chr7_44058280_44058431,92.27482145,+
YBX1,chr11_47569891_47571470,92.27321029,+
RBM6,chr7_73737735_73737875,92.27084172,-
RRP7A,chr16_208188_220648,92.26464142,+
SNRPB,chr4_54699766_54703720,92.2644576,+
PUM2,chr7_111521449_111561850,92.26190094,+
SNRPC,chr14_65093815_65102303,92.2550393,+
TIA1,chr7_116250496_116252317,92.25122818,+
SNRNP35,chr12_6863377_6863829,92.2463013,+
RBM3,chr8_67045960_67047684,92.24588376,+
NONO,chr3_197950299_197950935,92.23939893,-
PUM1,chr13_27622009_27622874,92.23529121,+
PPIL4,chr20_35772079_35801490,92.23434205,+
HNRNPA2B1,chr12_6863377_6863829,92.23104867,-
UNKL,chr19_38309643_38315859,92.22945149,+
MCTS1,chr12_124913320_124913548,92.22917878,+
HNRNPH1,chr13_32404397_32407249,92.22021476,+
HNRNPA3,chr4_48885565_48894005,92.21853881,+
DKC1,chr12_124912278_124912506,92.21561555,+
SNRPD1,chr1_53228954_53235576,92.21457808,+
ZFP36L1,chr16_21625115_21655226,92.21404374,+
KRR1,chr14_22905453_22906194,92.21115995,+
RRP7A,chr1_74706994_74707102,92.20759319,+
MBNL1,chr19_49489912_49490231,92.20556443,-
SRRM1,chr1_24655123_24660718,92.20519797,+
PPIE,chr3_46450028_46454304,92.2046205,-
RBM27,chr4_51899378_51913289,92.20205305,+
HNRNPA2B1,chr1_112669605_112669895,92.19707955,+
TNRC6A,chr15_42218375_42219580,92.19536129,-
ZC3HAV1,chr1_243186072_243186258,92.19459039,+
PUM2,chr7_42937241_42937321,92.19373445,+
PPFIBP1,chr9_93107816_93110567,92.19041947,+
SGMS1,chr19_14410334_14410420,92.18652606,+
THUMPD2,chr3_37083806_37094791,92.18386822,-
PAN3,chr11_85628688_85631144,92.18341882,+
RBM39,chr16_75641723_75647577,92.18220178,+
MATR3,chr6_5369182_5431040,92.17792805,+
PCBP2,chr9_136862496_136862905,92.17474043,+
PNPT1,chr3_57577387_57584383,92.16372608,+
PABPC1,chr12_101636728_101642418,92.16081827,+
MYEF2,chr19_14562575_14563173,92.15427346,+
MCTS1,chr4_17845901_17909093,92.14653429,+
PCBP1,chr12_42375074_42387455,92.14487829,+
HNRNPH2,chr12_70319364_70335437,92.14257146,+
PPFIBP2,chr17_5422829_5432541,92.14022839,+
SNRPC,chr2_159448409_159453612,92.13755584,+
ZCRB1,chr2_73939022_73946718,92.1324777,+
ZC3HAV1,chr21_37158203_37159698,92.12574438,-
SEC23IP,chr1_155260659_155262085,92.12381007,+
LRSAM1,chr9_26913947_26919309,92.12235451,+
ANKHD1,chr7_99458355_99460085,92.11893009,-
AKAP1,chr19_10579864_10581265,92.11738578,-
SNRPG,chr7_120855381_120856697,92.1161234,+
HNRNPL,chr16_3067415_3067553,92.10917736,+
POLDIP3,chr2_130342962_130343085,92.10600595,-
ZC3H4,chr9_35684550_35684731,92.101088,+
LSM5,chr15_41375828_41377195,92.10009202,+
PPFIBP1,chr1_26298062_26301693,92.09282539,+
MATR3,chr5_163457610_163459861,92.08647551,+
MBNL2,chr4_185630598_185646667,92.07968971,+
PUF60,chr20_49279208_49280484,92.07967418,+
YBX1,chr10_72216138_72230365,92.07594493,+
ZRANB2,chr12_8777802_8780574,92.0722283,+
RBM39,chr10_29686651_29735750,92.07201405,+
EIF4B,chr4_140379192_140380961,92.0716822,+
TEP1,chr8_94674506_94678202,92.06815673,+
SNRPG,chr1_228140363_228141123,92.06030544,-
HNRNPM,chr19_45165194_45178092,92.0562145,+
CCAR1,chr1_167776166_167787819,92.04212554,+
ZC3HAV1,chr11_112228673_112230625,92.04182704,+
RBM6,chr12_120199485_120201082,92.04003064,-
HNRNPA3,chr9_129632865_129634053,92.03569574,+
HNRNPF,chr13_110893263_110900529,92.02782369,+
FUBP1,chr12_55903480_55927075,92.02494653,+
ZC3H12D,chr1_109739493_109740239,92.02136148,-
ARAP1,chr2_131531802_131532863,92.01346313,-
SNRNP35,chr18_9204544_9208656,92.01155918,-
RBM43,chr19_5896997_5901334,92.01006938,+
ACIN1,chr22_35263874_35263981,92.00886346,-
ZRANB2,chr9_33332502_33338509,92.00452959,+
RBM47,chr10_37169558_37169651,91.9887449,+
ZC3H12A,chr5_181242345_181243679,91.98835077,-
LARP4B,chr7_155302846_155303824,91.98693921,+
ZFP36L1,chr14_45109780_45110093,91.98641079,+
PPIL4,chr3_108050602_108051938,91.98489928,-
UHMK1,chr13_113178287_113178961,91.98296313,+
RBM12,chr12_124912506_124912962,91.96838324,-
UNKL,chr7_74056713_74057639,91.96234408,+
SNRPD1,chr12_124912278_124913418,91.96005155,-
HNRNPR,chr15_79899125_79907628,91.95726185,-
PABPC4,chr12_27297854_27300553,91.95529851,-
PUM2,chr19_18905629_18910970,91.94985074,+
HNRNPL,chr13_37574652_37577752,91.94118542,+
HNRNPK,chr11_2400798_2402293,91.93979639,+
PTBP1,chr12_124913190_124913418,91.93807458,-
ZC3H11A,chr5_103019843_103028181,91.93773597,+
MYEF2,chr20_13801683_13801817,91.93443552,+
ZC3H12A,chr15_80120498_80121747,91.93126467,+
ZFP36,chr1_30945483_30950132,91.92777307,+
LARP4B,chr12_112048443_112053557,91.92273266,+
SSB,chr20_17680075_17682027,91.92195202,+
YTHDF3,chr2_159259843_159275545,91.92189018,+
THUMPD3,chr11_34651610_34656907,91.91528427,-
RRP7A,chr3_58141896_58142649,91.91275159,+
RBM41,chr7_91980333_91980872,91.91119096,-
RBM3,chr6_29942626_29942756,91.90796926,+
RBM43,chr1_39481030_39484600,91.90032962,+
RBM3,chr14_94581490_94581614,91.89265421,+
ANKRD17,chr2_200856985_200857972,91.88706789,-
SRRM1,chr2_219001_229965,91.88571248,+
RBM4B,chr22_40552367_40636477,91.88331851,-
RBM39,chr3_129288997_129298353,91.88158397,+
NOL8,chr10_113774333_113775764,91.87335763,+
ZFP36L1,chr11_78101195_78102873,91.87112638,-
HNRNPK,chr3_108050602_108051938,91.85933838,-
HNRNPM,chr3_47277379_47282139,91.85379474,+
SPEN,chr11_66337889_66338720,91.85190832,+
EIF2S1,chr19_41433673_41438217,91.84883503,+
TRNAU1AP,chr5_304221_311292,91.83706519,-
SNRPB,chr6_31639226_31640198,91.83055491,+
HNRNPA2B1,chr4_105424322_105446382,91.82708782,-
RBMXL1,chr11_130135715_130137255,91.82464814,-
RBM4,chr6_44248780_44249376,91.82436388,-
LSM7,chr22_30926871_30928027,91.82402949,+
SASH1,chr7_100885040_100885212,91.81535312,+
TNRC6A,chr2_222919202_222922707,91.80945665,+
PCBP2,chr2_227813987_227815453,91.80837723,-
HNRNPL,chr6_32554971_32584108,91.80125285,+
YTHDF1,chr6_10749698_10770076,91.80092969,+
HNRNPH1,chr2_215379317_215380810,91.79923661,-
SLBP,chr19_11345628_11346126,91.79184588,+
ESRP1,chr2_131531802_131532588,91.79178609,+
RBM3,chr16_208188_220648,91.79092452,+
SLBP,chr5_16761546_16762544,91.78464557,+
PNPT1,chr20_44197739_44206880,91.77942776,+
MBNL2,chr1_111137586_111140037,91.77514273,-
SF1,chr22_37677065_37679602,91.77473393,-
SAFB,chr8_100948900_100953268,91.76993057,-
FUBP3,chr17_51154444_51155650,91.76495157,+
RBM43,chr17_50737026_50737286,91.76209087,+
PCBP2,chr17_31865438_31866654,91.75567386,+
EIF3B,chr5_7889275_7891371,91.75463211,+
SNRPC,chr2_32039492_32039592,91.74678407,+
RBM12B,chr3_143021385_143021472,91.74554319,+
PARP14,chr12_62325933_62349220,91.74505599,+
SNRPD2,chr7_5741644_5752845,91.739045,+
SRRM1,chr1_112669605_112669895,91.73583263,+
HDLBP,chr1_235113910_235119338,91.73326794,+
RBM41,chr12_57719182_57720405,91.73174637,+
TROVE2,chr2_222919202_222921279,91.73076499,+
SUPT6H,chr9_89332986_89334635,91.72910412,+
HNRNPK,chr1_108692867_108693589,91.71583872,+
RBM39,chr2_111367575_111494884,91.71573596,-
RBMXL1,chr12_124913495_124913723,91.71239295,-
HNRNPM,chr4_76075958_76097643,91.71158663,+
RBM25,chr1_40074183_40078559,91.70250963,+
ZC3HAV1,chr17_81891833_81894466,91.69412406,-
ZGPAT,chr7_5730817_5761002,91.69240581,+
ZC3H18,chr2_53801842_53809213,91.68496597,-
EWSR1,chr2_46581591_46588074,91.68407558,+
HNRNPA1L2,chr12_28190641_28225794,91.67639032,+
MSI1,chr3_119435935_119436790,91.67309931,+
WDSUB1,chr3_134358716_134359282,91.6728251,-
NOL8,chr3_183840640_183844230,91.66795859,+
ZC3H12D,chr2_227340380_227355676,91.66721215,+
NUPL2,chr12_28190641_28225794,91.66657599,+
ZFP36L1,chr1_151540426_151562584,91.66488711,+
DND1,chr10_12172866_12177792,91.65891782,+
ZRANB2,chr5_179616218_179617020,91.65826788,+
PABPC1,chr5_66158932_66159218,91.65614821,+
SF3B4,chr6_335163_345853,91.65384218,+
HNRNPA3,chr12_48671962_48679654,91.65144869,+
ZC3HAV1,chr1_110406379_110407032,91.65080524,+
NAA38,chr9_3490345_3525746,91.64907524,+
ZFP36L1,chr16_72058355_72059113,91.64814884,+
ZFP36L1,chr16_72056631_72057391,91.64814884,+
SAMD12,chr14_94388663_94390456,91.63729835,+
PHC3,chr17_8460160_8466929,91.63599715,+
TTC14,chr17_67894165_68037109,91.63227543,+
RBM5,chr20_49174269_49179121,91.62527747,+
SAMD8,chr4_185678822_185775226,91.62071358,+
RBM8A,chr10_95684624_95686494,91.61595469,+
THUMPD2,chr11_62885608_62888330,91.61175259,-
YBX1,chr12_124913495_124913723,91.6113127,-
MCM3AP,chr6_56670807_56692387,91.60614025,+
MSI1,chr12_22668700_22671271,91.60546923,+
ANKS1B,chr8_94674494_94678202,91.60411483,-
EIF3G,chr9_32553944_32570959,91.60291922,-
EEF1G,chr2_202214434_202238439,91.60124311,-
RBM8A,chr3_121828632_121828860,91.59969032,+
LSM6,chr4_76058625_76075880,91.59168045,-
HNRNPA3,chr3_143023064_143027148,91.59140684,+
NCBP2,chr15_64136932_64138041,91.58493071,+
CIRBP,chr1_235155112_235160892,91.58342969,+
ZFP36L1,chr6_44223641_44227262,91.57686605,-
RBM43,chr17_50737479_50740305,91.57222764,+
ZFP36L1,chr7_100089066_100089292,91.57184848,+
G3BP1,chr4_39774933_39778359,91.5713646,+
ZFR,chr7_76048226_76048575,91.56379797,+
PCBP1,chr9_127450804_127451280,91.55098124,+
HNRNPA0,chr18_59155807_59158631,91.54268561,-
RBM39,chr17_58347241_58347528,91.54129519,+
SNRPD3,chr2_222900780_222908732,91.53789422,+
KHSRP,chr22_28744704_28745863,91.53583154,+
SNRPD2,chr3_112333224_112344961,91.53417286,+
RBM42,chr11_61438113_61445940,91.53388919,+
AKAP1,chr4_83456958_83459739,91.52838226,-
RPS3,chr2_12723552_12740325,91.52682949,+
TNKS,chr6_22056690_22063019,91.52647586,+
SNRPD2,chr8_38428093_38428345,91.52586849,+
HNRNPF,chr5_98869277_98869753,91.52439377,+
SAMD4A,chr7_116210734_116249019,91.52097126,-
SF3B4,chr4_67701484_67728539,91.51734242,+
HNRNPR,chr14_61744813_61746933,91.51382615,-
RBPMS,chr21_25982477_25997359,91.51368395,+
HNRNPA0,chr14_94383241_94390456,91.51096988,-
MKRN1,chr12_56664800_56670274,91.5101378,+
UPF3B,chr11_46617890_46644278,91.50761572,+
ANKS4B,chr6_167870498_167872216,91.49933308,+
MBNL1,chr2_96601776_96602752,91.498471,+
HNRNPH1,chr7_99967286_99967481,91.49275937,-
RBM22,chr17_51161272_51166826,91.48870185,-
NCL,chr5_58455409_58455538,91.48295681,-
U2AF1,chr15_41358258_41365404,91.47000933,+
SF1,chr8_143824396_143829279,91.46697755,+
TARDBP,chr16_3065687_3065783,91.46395909,+
FXR1,chr10_6112361_6113507,91.45683004,+
HDLBP,chr11_115178775_115209573,91.44764017,+
PSPC1,chr12_124911971_124912883,91.44639266,-
DAZAP1,chr20_37199225_37200446,91.44311007,-
MCTS1,chr1_111137586_111139500,91.44212461,+
FXR1,chr2_11773745_11779518,91.4419363,+
TUT1,chr12_124911899_124912583,91.44100738,+
RBMX,chr6_43054486_43055544,91.44056699,+
RBM18,chr17_10705615_10706437,91.43950585,+
PUF60,chr17_72431224_72592202,91.43666743,+
TNKS,chr10_75217991_75219062,91.42843432,+
RBM26,chr16_3067415_3067983,91.41806041,-
ESRP1,chr6_5369182_5431040,91.41619709,+
PUM2,chr2_25455494_25482795,91.41495129,+
NONO,chr12_122513874_122515104,91.4146882,+
SLBP,chr12_70278274_70310894,91.41394899,+
SRRM2,chr10_74976330_74977315,91.41338466,+
ZFR,chr2_222643005_222646800,91.41138142,+
DKC1,chr12_120199485_120200718,91.40903301,-
NONO,chr3_158571391_158592433,91.40713832,+
PCBP1,chr9_111563231_111564156,91.39712688,+
HNRNPK,chr9_136850137_136850505,91.39542613,-
SNRPD2,chr9_26913947_26919309,91.39290982,+
ZCCHC17,chr2_46581591_46588074,91.39052308,+
CSDE1,chr2_241678649_241685768,91.38832082,+
SNRPN,chr4_185514337_185514702,91.38341719,+
SNRPG,chr3_10301147_10304025,91.38331003,+
MCTS1,chr1_11680613_11681038,91.38009505,+
RBM8A,chr2_9587509_9591391,91.37821837,-
SNRPC,chr3_16264229_16264768,91.37791288,+
ZC3H12B,chr16_75641723_75644282,91.37683737,+
YTHDF3,chr1_114738072_114749820,91.37494095,+
EEF1G,chr5_1798947_1799770,91.36597207,+
EIF2S1,chr22_35263874_35263981,91.36468008,+
ZCRB1,chr5_43454043_43476113,91.36405095,+
RBM41,chr4_82424883_82425562,91.36158945,-
HNRNPH1,chr12_124911899_124913495,91.35990005,-
KHDRBS3,chr2_97187226_97189217,91.35839343,+
SNRPN,chr1_23338608_23344210,91.35448401,+
UHMK1,chr7_103341865_103344558,91.35152361,+
TRA2A,chr1_75724817_75728400,91.34926345,+
CIRBP,chr5_96727530_96729611,91.34490678,-
RBMX,chr21_46663554_46664294,91.3443615,+
LSM7,chr15_101285801_101286213,91.34042511,+
PUF60,chr22_46337944_46346421,91.33438419,+
RBMX,chr15_41371684_41375711,91.33390291,+
HNRNPL,chr9_128323147_128325142,91.33226294,+
NOL8,chr12_52237717_52238679,91.3247969,+
SF3B4,chr12_21471647_21472197,91.32253052,+
LARP1,chr17_51161272_51166826,91.32251052,-
MKRN1,chr1_151369554_151369712,91.31592182,+
CARHSP1,chr12_6724179_6724613,91.30019413,+
SSB,chr15_79961174_79967636,91.29980272,+
SHANK2,chr17_72431224_72592202,91.29265801,-
LSM4,chr8_143581328_143586728,91.28740857,-
RBM3,chr2_200856985_200857972,91.27757746,+
SASH1,chr14_55580354_55612018,91.27622169,+
PPP1R10,chr13_45383235_45391031,91.27592241,+
SNRPD1,chr1_155309076_155310063,91.27030433,+
MSI1,chr12_56639307_56642457,91.26327155,+
U2AF1,chr3_134358719_134359282,91.26309906,+
DHX8,chr6_20125926_20126516,91.26170176,+
LSM3,chr1_159961405_159976643,91.26163281,+
GTF3A,chr14_23563282_23563379,91.26094741,+
UNKL,chr12_28190641_28225794,91.25830608,-
YTHDF2,chr21_33595836_33599149,91.25393449,+
RBM19,chr2_55922447_55923710,91.24431506,+
HTATSF1,chr4_10088741_10116112,91.24335671,+
ZC3H11A,chr3_114974416_115147218,91.24201115,+
HNRNPH2,chr1_35176471_35177318,91.2351554,+
CCAR1,chr6_28085891_28088562,91.22464264,+
SRRM1,chr5_7861773_7862822,91.2183912,+
PCBP2,chr9_86317276_86319583,91.2178543,+
FUBP1,chr3_138187599_138221925,91.21619537,+
ANKS4B,chr5_147897041_147901628,91.2134128,+
IREB2,chr2_12723552_12740325,91.20872326,-
SF1,chr5_224521_225882,91.19896319,-
HNRNPH2,chr18_11886621_11886916,91.19561779,+
RC3H1,chr12_104021491_104049894,91.19292785,+
RBM5,chr12_53467843_53468776,91.18497212,+
YTHDC2,chr7_134958112_134958211,91.18455285,-
SFPQ,chr1_161072885_161073224,91.18284576,+
PAN3,chr2_201640924_201643358,91.18262621,+
PAN3,chr19_49680253_49680486,91.17572058,+
TIAL1,chr2_218269537_218269965,91.17041833,+
HDLBP,chr12_123618837_123619447,91.16883136,+
PPFIBP1,chr1_228146067_228146860,91.16400418,-
RC3H1,chr6_57099141_57124733,91.16220867,+
PAN3,chr1_156115274_156134402,91.16180365,-
FXR2,chr9_112694233_112717986,91.15928998,+
ZFP36L1,chr14_35019074_35028087,91.15229741,+
SNRPB,chr1_182854178_182855576,91.15061382,+
RBM41,chr12_109561104_109561242,91.14831623,+
RBM8A,chr21_32601973_32602271,91.14551246,+
KIN,chr2_152677475_152679351,91.14534624,+
ZCCHC17,chr3_100310542_100316098,91.1450178,+
RPS3,chr17_58351508_58352066,91.14260479,+
CIRBP,chr8_143824399_143829279,91.13054675,+
SNRNP35,chr2_215391814_215394527,91.12303606,+
PAPSS2,chr11_73716362_73718784,91.11871022,-
TEP1,chr15_41358258_41365404,91.11090174,+
RBM19,chr2_27369212_27369413,91.10191398,+
PCBP1,chr1_75724817_75728400,91.09599854,+
SNRPC,chr7_95412451_95416241,91.08959032,+
RBMS2,chr19_52322022_52322190,91.08759123,-
ZC3H6,chr10_26759235_26765217,91.0832576,+
RBMS2,chr17_67894165_68037109,91.08325605,+
SF3A1,chr6_159685033_159692660,91.07359524,+
PUF60,chr12_42326229_42332659,91.07295279,+
HNRNPD,chr17_82019381_82019857,91.07272699,+
PDCD11,chr1_35176474_35177318,91.07169312,+
UNKL,chr7_95412477_95416241,91.07163648,+
PABPC4,chr10_78037304_78040614,91.06669209,-
ZGPAT,chr1_23967723_23971572,91.05608099,+
SYNCRIP,chr3_143023064_143027148,91.05444944,+
ZRANB2,chr2_177234271_177264531,91.05376297,+
SNRPB,chr10_30337031_30340225,91.05223092,-
MKRN2,chr1_203179877_203181161,91.0514557,+
NAA38,chr17_82019381_82019857,91.0481517,+
ANKHD1,chr12_124912408_124913320,91.0324665,-
MKRN2,chr5_304221_314416,91.02590986,-
UNK,chr20_59036760_59038465,91.02405126,-
EPHB3,chr20_62304485_62306196,91.02222998,+
RRP7A,chr4_102826636_102827943,91.02053271,+
ANKRD17,chr5_81442723_81448789,91.0162947,+
NONO,chr2_97154741_97158106,91.0148618,+
HNRNPD,chr9_32987731_32988082,91.00964637,+
PPFIBP1,chr14_103334260_103335652,91.00777578,-
SASH1,chr15_44380976_44413335,91.00422914,+
PARN,chr11_33731468_33736381,91.00298584,-
PPIL4,chr14_68877240_68878457,90.99924911,-
ZFP36L2,chr11_112085462_112086639,90.99768482,+
LSM5,chr20_45814470_45815540,90.9919977,+
RBMS1,chr13_40982282_41019227,90.99028143,+
LSM1,chr1_202951164_202954240,90.96963959,+
SLTM,chr2_241268541_241315569,90.96847467,+
PCBP1,chr17_7626793_7626942,90.95446685,+
CHERP,chr11_61430182_61445940,90.94943945,-
HNRNPA1,chr4_82356683_82356795,90.94873529,+
PPIE,chr6_75621625_75623899,90.94360898,+
SNRPG,chr12_69260197_69262369,90.94335468,+
NOL8,chr20_46393143_46393528,90.9221895,+
TIAL1,chr17_67959875_67964211,90.91966393,+
EIF4H,chr12_52051568_52054326,90.91784319,+
MSI1,chr17_76089320_76094413,90.91692332,+
ZC3H12B,chr2_113438022_113439019,90.89876013,+
EWSR1,chr19_18907112_18910970,90.8975087,+
GTF3A,chr7_76005404_76021850,90.89745056,+
FUS,chr15_22839790_22851638,90.89569366,+
PUM1,chr1_161340655_161362328,90.89515485,+
RC3H1,chr19_41433434_41433536,90.89296437,+
MCTS1,chr18_49491584_49492257,90.89281778,-
PARP14,chr1_200649226_200650424,90.88061235,+
LSM3,chr1_234398553_234401180,90.8804298,+
NCL,chr7_99902174_99903217,90.87829962,+
RBM47,chr11_124625903_124626903,90.87580912,+
TRA2B,chr14_20802093_20802248,90.87234305,-
RBMX,chr17_82054975_82055161,90.87093168,+
GRSF1,chr1_51756358_51760689,90.86927778,-
HNRNPR,chr3_172755374_172755482,90.86903378,+
ZRANB2,chr11_77821241_77841018,90.86419892,+
SASH1,chr6_79201726_79202275,90.84608837,-
PUM2,chr12_124912734_124913190,90.83717376,+
SFPQ,chr3_122454001_122461223,90.83374675,+
FUBP1,chr7_30498938_30504568,90.81980428,+
ZFR,chr12_14882280_14884212,90.81864527,-
RBM6,chr17_81682149_81683012,90.81768647,+
MBNL1,chr16_66552793_66558189,90.80508629,+
EIF4H,chr19_9158075_9158825,90.80345571,+
RNF113A,chr1_154988849_154990158,90.80094701,-
TRMT2A,chr12_124912883_124913111,90.79722894,+
RBM34,chr4_82430884_82447919,90.79526854,+
ZC3H6,chr6_75237988_75241175,90.78105622,+
PPIE,chr2_98608726_98609642,90.77958745,+
ZC3H15,chr21_17604276_17604859,90.76835891,+
HNRNPA0,chr18_58333892_58341037,90.76454743,+
NCBP2,chr5_96762372_96765223,90.75948162,+
CPEB4,chr7_16880755_16881943,90.74842168,-
RC3H1,chr12_124912180_124912636,90.74488837,-
KIN,chr3_121719753_121722261,90.74372365,+
SYNCRIP,chr1_24647208_24648858,90.7431847,+
LARP7,chr12_21449691_21455131,90.74065647,+
SNRPB,chr19_35631405_35633097,90.73994876,+
RBPMS,chr11_93479284_93499275,90.73836242,+
RALY,chr7_99929621_99971745,90.73550626,-
RBMS3,chr1_68098753_68137779,90.73147877,+
HNRNPK,chr2_27445843_27445928,90.72859705,+
PCBP2,chr8_85217502_85220305,90.72751773,+
SPEN,chr11_66337889_66338720,90.72742809,+
TRA2B,chr15_78542219_78544189,90.72337078,+
G3BP1,chr3_98506747_98517051,90.72200122,+
RBM18,chr17_15260761_15262428,90.71983271,+
TRA2A,chr17_31878327_31878701,90.71363149,+
EIF4B,chr2_97181626_97181720,90.71068476,+
RBM28,chr2_28298491_28338449,90.70908865,+
CSTF2,chr1_231241456_231260506,90.7015837,-
UPF1,chr19_18900449_18904770,90.70089426,-
RBM18,chr2_30147062_30148244,90.69634687,-
TRA2A,chr11_86268561_86276979,90.68667245,+
RBM25,chr16_228402_229278,90.68052942,+
ZC3HAV1,chr9_137576167_137577469,90.67788502,+
ANKHD1,chr15_40836282_40844178,90.6761141,+
MCTS1,chr2_70216499_70216752,90.67515512,+
LSM1,chr14_23960003_24049284,90.67137438,+
TIAL1,chr7_30579128_30579230,90.67003378,+
CARHSP1,chr17_74203710_74203917,90.66254282,-
SLBP,chr17_64500326_64502009,90.6613366,-
CCAR1,chr7_8232752_8235909,90.65873385,+
RNPS1,chr17_59958444_59962826,90.65847395,+
SNRPG,chr2_176269669_176296859,90.6510285,+
ANKS4B,chr4_82355401_82356795,90.64909682,+
LSM1,chr6_52681914_52686009,90.63556814,+
LSM4,chr16_3065687_3065783,90.6326804,+
RRP7A,chr12_45961322_45961699,90.63011233,+
RBM42,chr20_62139197_62139695,90.62418874,+
QKI,chr17_64968381_64972533,90.62404313,+
RBM25,chr8_58434504_58439632,90.6112327,+
RBM12,chr1_52911790_52921552,90.60988506,+
RBM25,chr6_10695069_10697320,90.60725415,-
SNRPN,chr7_66554837_66573384,90.60434671,+
SYNCRIP,chr3_100310542_100311832,90.60360573,-
PUM2,chr19_10177367_10180186,90.6032442,+
G3BP2,chr10_24239337_24380868,90.59306158,+
RBMX,chr15_101651773_101652270,90.58933281,+
SSB,chr2_95935644_95938986,90.58859365,+
SNRPG,chr12_62302920_62314789,90.58499875,+
HNRNPA3,chr1_202951164_202954240,90.57118155,+
IGF2BP2,chr21_46635763_46636438,90.56487073,+
EIF2S1,chr12_53296551_53297849,90.56349518,+
U2AF1,chr7_67306083_67308934,90.55522376,+
PUM1,chr22_39313310_39314106,90.54751503,+
RALY,chr5_163457610_163459861,90.54176603,+
SPEN,chr11_34651610_34656907,90.54111154,-
TUT1,chr7_16873843_16881943,90.53375846,-
SNRPC,chr17_1714014_1716129,90.53095804,+
SNRPD1,chr3_169773462_169774264,90.52753019,+
RBM3,chr14_55601880_55612018,90.52600715,+
PABPC1,chr6_26124633_26138053,90.51847917,+
YBX1,chr1_248850516_248850681,90.51325501,+
YBX1,chr4_82426129_82427189,90.51088308,-
SNRPE,chr3_185931852_185937824,90.50732171,+
HNRNPC,chr3_15242253_15246731,90.50672097,+
SSB,chr14_103500200_103502881,90.50587522,+
RBM4,chr10_72216138_72223887,90.50564945,+
ANKS4B,chr6_99402710_99404602,90.50169149,+
EIF2S1,chr14_39319291_39326863,90.49978212,+
QKI,chr3_138187599_138209816,90.49679103,-
RBM8A,chr19_54200893_54201159,90.49559172,+
RBMX,chr6_167870498_167872216,90.49065457,+
DGKD,chr11_118260201_118262501,90.48944229,+
SNRPG,chr5_68281006_68292258,90.48611306,+
ZC3H7A,chr20_54476012_54554932,90.48320416,+
SASH1,chr11_57791673_57794009,90.48012196,+
U2AF1,chr2_12723552_12740325,90.47893072,+
DDHD2,chr3_114066283_114070625,90.47605283,-
MATR3,chr15_57252492_57253261,90.47011509,+
FXR1,chr4_53399839_53425871,90.47003539,+
ZC3H15,chr6_135492291_135497582,90.46610406,+
RBM42,chr18_26917350_27024115,90.4635813,+
HNRNPD,chr11_114298194_114312044,90.46106155,+
PHC3,chr18_30994372_30996790,90.46036685,+
LARP1,chr2_11773745_11776085,90.45727171,+
PCBP2,chr17_16439414_16440184,90.45586326,+
SNRPD3,chr10_3147737_3147986,90.45489594,+
PRPF3,chr15_63044152_63056984,90.45485935,+
PPIL4,chr17_40928607_40931372,90.44929754,-
ZC3H15,chr9_108935689_108939195,90.44843401,+
HNRNPH3,chr20_38421098_38426418,90.44793419,+
SFPQ,chr3_51984158_51985206,90.44379789,+
LARP1,chr1_243304777_243307988,90.4338919,+
ZC3H4,chr17_42953778_42954875,90.42844929,+
ZC3H8,chr10_62049483_62050887,90.42747431,-
PHC1,chr6_135492291_135497582,90.42407062,+
SNRPC,chr3_187734907_187745409,90.42048275,+
PARP14,chr5_146251875_146254942,90.41929978,+
RBMS2,chr15_40853881_40854059,90.41643781,+
SYNCRIP,chr5_44746038_44808641,90.41054755,+
PNO1,chr3_121719753_121722261,90.41035167,+
HNRNPF,chr4_83456958_83459739,90.40521352,+
FUBP1,chr6_41068953_41070075,90.39773156,+
PNO1,chr6_31835451_31836423,90.39703257,+
SNRPD2,chr11_62271059_62272956,90.39652421,-
NSUN6,chr1_173864304_173864674,90.39039963,+
TRA2B,chr5_150446963_150447473,90.38386069,-
CNOT4,chr19_49981013_49988371,90.38004495,+
THUMPD3,chr3_100492928_100555208,90.37729929,+
HNRNPA1,chr12_25225773_25245273,90.37667213,+
NCL,chr19_35742619_35743808,90.3708867,+
RBM3,chr12_122519029_122521384,90.37088582,+
SAMD12,chr8_56211837_56212761,90.37033444,+
PPP1R10,chr4_73140283_73141740,90.37011038,+
EWSR1,chr8_42188016_42191371,90.36057836,+
PPIL4,chr3_37083806_37094791,90.35976808,+
ZFR,chr2_47172459_47176440,90.35826218,-
U2AF1,chr10_110876753_110881232,90.35758225,+
SNRPD1,chr12_76450979_76487509,90.35749725,+
SNRPB,chr3_183092545_183094558,90.35334799,+
EIF2S1,chr1_51296170_51301571,90.3495869,+
ZC3H12D,chr10_113774333_113775764,90.34944023,+
SNRPB2,chr1_25340579_25351625,90.34072502,+
MATR3,chr8_23566813_23568321,90.32584142,+
EIF4H,chr1_154988849_154990158,90.3246502,+
SRRT,chr11_114298194_114312044,90.32117806,+
UNKL,chr7_76048226_76057409,90.3183962,-
EIF4B,chr5_98868635_98869753,90.31480928,+
MATR3,chr16_66558348_66563121,90.30932589,+
EIF4B,chr3_52198255_52199209,90.30065688,+
RBM4,chr19_18589077_18589412,90.29382952,+
CCAR1,chr4_51899378_51911069,90.28954371,+
HNRNPH3,chr17_59866749_59874538,90.28775765,+
ASCC1,chr6_126340444_126346204,90.28631396,-
EIF4B,chr2_28783978_28799198,90.28400161,+
SNRNP70,chr8_58553303_58565021,90.27322808,-
DAZAP1,chr2_222924595_222928861,90.2618163,-
SNRPD2,chr6_24714440_24716186,90.25860506,-
SF3A1,chr1_235135767_235136033,90.25530479,+
LSM5,chr9_121326792_121327307,90.25318629,+
BFAR,chr19_18905629_18910970,90.25234338,+
RBM8A,chr2_152663967_152664137,90.24875707,+
SF3A1,chr1_172553370_172555868,90.24467258,+
HNRNPA2B1,chr9_14125766_14155824,90.2408634,-
U2AF2,chr3_9669492_9671050,90.23687543,+
ZNF638,chr1_151369554_151369712,90.2311746,+
U2AF2,chr5_224521_225882,90.22229095,+
RBM4B,chr2_159412545_159428310,90.22158249,+
MEX3A,chr2_95912435_95914107,90.22091236,+
HNRNPH2,chr19_45164970_45165126,90.22016632,+
POLR2G,chr17_75704814_75705610,90.21754121,+
SNRPF,chr1_6785575_6820180,90.20857656,-
SNRPN,chr9_127450804_127451049,90.20609107,+
KRR1,chr2_191678241_191678989,90.20565959,+
RBM4,chr4_87445507_87449141,90.2053349,+
RBM4,chr8_143581328_143586728,90.19137268,-
EIF3B,chr4_82430913_82447919,90.18336307,+
RBM8A,chr2_189575320_189578218,90.18158077,-
RBMXL1,chr12_124912636_124913320,90.17824932,+
RNPC3,chr21_32457720_32467695,90.17030414,+
KIN,chr3_149285182_149287651,90.16752627,-
NONO,chr10_18672705_18673983,90.1653409,+
MCTS1,chr19_58315036_58326822,90.16349523,+
PNO1,chr2_241315982_241317498,90.16235076,-
LSM3,chr9_36657363_36665349,90.15431106,+
SSB,chr1_153968639_153968929,90.15213343,+
CNKSR1,chr17_31863516_31868045,90.15000546,+
SNRPC,chr12_109561329_109561419,90.14268319,+
ZRSR2,chr1_86863605_86880661,90.13587714,+
DHX8,chr4_119497903_119499560,90.13488413,+
TMEM63A,chr18_35005553_35070194,90.11815046,+
HNRNPC,chr12_71907138_71913825,90.11806786,+
SNRPB2,chr20_13788652_13793179,90.11507448,+
TRA2B,chr4_82881940_82891087,90.10635624,+
PABPC1,chr6_37377033_37381149,90.10460587,+
ZC3H11A,chr12_28190641_28257201,90.10360494,+
RRP7A,chr3_169773462_169774264,90.10020843,+
PTBP2,chr19_38264998_38287875,90.09546034,-
RBM8A,chr14_20455394_20455577,90.09343118,+
NIP7,chr1_35176474_35177318,90.09006932,+
SNRPD1,chr11_10801087_10802048,90.08748925,+
HNRNPA3,chr11_57426352_57426587,90.08191607,+
SNRPF,chr2_73732285_73734527,90.06957086,+
THUMPD3,chr2_222924595_222930620,90.06719205,-
PPFIA1,chr14_100361921_100375282,90.06587917,+
PRPF3,chr18_26917350_27024115,90.06582207,+
YTHDC1,chr22_46337944_46346421,90.06383138,+
RBM41,chr1_71065752_71066775,90.06135335,-
ESRP1,chr6_5369182_5431040,90.06100332,+
SNRPD1,chr2_222919202_222921279,90.05987418,+
YBX1,chr10_104275334_104277893,90.05402779,+
YBX1,chr7_141738410_141739123,90.0539589,-
EIF4B,chr8_67047859_67051229,90.05270579,+
PNPT1,chr16_69340332_69341532,90.03755255,+
ANKHD1,chr15_74926887_74937914,90.03062877,-
LSM3,chr1_155261734_155262085,90.02959739,+
RBM17,chr7_122078950_122079596,90.02817517,+
PRR3,chr12_6975148_6975695,90.01848292,-
RBM4,chr7_116904383_116910232,90.00692458,+
RBMS2,chr1_150714121_150717137,90.00348631,+
U2AF1,chr22_30926871_30928027,90.00228283,+
TARDBP,chr12_31298224_31326023,89.99805458,-
ZCRB1,chr2_27369209_27369413,89.99340277,+
SF3B4,chr17_50738199_50740305,89.99091119,+
ZC3H12A,chr7_105066807_105068474,89.99066747,-
PPIE,chr1_51714079_51745535,89.98819799,+
LARP4B,chr20_13587370_13623445,89.97603224,+
RBM17,chr1_151199081_151224244,89.97573059,+
NUFIP1,chr11_66638752_66639699,89.97452121,-
LSM6,chr20_2461793_2462635,89.95655269,+
SSB,chr6_41937394_42048500,89.95181137,+
PUM1,chr3_69077918_69080333,89.95152111,+
SASH1,chr3_185926734_185931576,89.94856704,+
THUMPD1,chr12_6863377_6863829,89.93657159,+
MCTS1,chr6_27252949_27254985,89.9348625,+
PHC1,chr3_114389105_114500351,89.93477403,+
ACIN1,chr6_167013567_167022408,89.92887939,+
EIF4B,chr5_146164471_146171909,89.92802173,+
IREB2,chr14_22905453_22906194,89.91746657,+
HNRNPH2,chr6_32975112_32975383,89.91553959,+
SNRPB,chr12_71907138_71913825,89.91542545,+
RBM15,chr3_138188530_138209816,89.90640519,+
PPFIBP1,chr8_17675252_17684327,89.89420097,+
RRP7A,chr17_81891833_81893551,89.89380303,+
SNRPN,chr2_42697834_42704196,89.87499293,+
RBM6,chr7_105125874_105126992,89.8747851,+
ANKRD17,chr1_154966077_154966161,89.87434809,-
ESRP1,chr8_94692827_94696851,89.87353766,+
ZC3H15,chr3_149895570_149902071,89.87176481,+
RBM26,chr9_21971208_21974677,89.86206683,-
SF3B4,chr12_27297854_27300553,89.85099885,-
SAFB,chr7_5752979_5761002,89.84783273,+
TIAL1,chr12_47966229_47966682,89.84766315,-
YTHDC1,chr12_124911952_124913092,89.8441236,+
RBM39,chr1_86385590_86386914,89.83071459,+
ZC3H12D,chr9_27548418_27548556,89.82808134,+
RRP7A,chr7_141738410_141739123,89.82516346,+
CARHSP1,chr20_35729365_35731940,89.82188483,-
PHC3,chr1_39738931_39740164,89.7934977,+
HNRNPA2B1,chr14_35116737_35121901,89.78875192,+
YTHDF2,chr7_134950514_134959973,89.78679375,-
EEF1G,chr20_17988298_17989938,89.7841749,+
ANKS4B,chr7_76001002_76003757,89.78025276,+
QKI,chr15_79961174_79967636,89.77979078,+
SLTM,chr15_50289668_50300788,89.77663575,+
ZC3H6,chr12_124913092_124913548,89.7758428,-
MBNL2,chr7_128748367_128748572,89.77284189,+
SLBP,chr10_26755741_26759061,89.76863907,-
RC3H2,chr6_31860621_31861998,89.76437319,+
PARP14,chr5_272772_314416,89.76383149,-
ZNF638,chr14_49608121_49614255,89.76361176,+
RBM33,chr15_29719138_29720357,89.76023768,+
LSM3,chr1_77967098_77967626,89.75916349,+
UNKL,chr12_47966229_47966682,89.75813177,+
ANKS4B,chr1_70366984_70367616,89.754058,+
SLTM,chr10_37188019_37189466,89.7533019,-
CPSF6,chr12_56158711_56159974,89.75020046,-
AKAP1,chr3_115071414_115147218,89.74472625,+
HNRNPA2B1,chr1_6785575_6820180,89.74262923,+
RBM15B,chr12_70319364_70335437,89.74153856,-
PNO1,chr10_63217331_63219877,89.7347527,-
SAMD8,chr18_21622801_21623870,89.73118781,-
ANKS4B,chr12_96003920_96006313,89.72520403,+
G3BP1,chr10_24474060_24495146,89.71983939,+
PHC3,chr10_89010600_89010752,89.71729344,+
RBM19,chr3_167720273_167734213,89.71448368,+
HNRNPL,chr14_68877240_68878457,89.70441282,+
ANKS4B,chr1_19978524_19978733,89.70321641,+
GRSF1,chr6_167033971_167039903,89.70169928,+
NAA38,chr6_167827932_167864550,89.69624345,+
RPS3,chr6_24708911_24718539,89.68027601,-
PAPSS1,chr4_185649656_185652661,89.67759487,-
PUF60,chr10_99747390_99750368,89.66351733,+
PCBP1,chr9_41166830_41172711,89.66058087,+
ZC3HAV1,chr8_140701022_140706118,89.65840268,+
ZFP36L1,chr19_41436472_41438217,89.65806137,+
ZC3HAV1,chr18_12949907_12951854,89.65444533,+
PDCD11,chr9_128635175_128635657,89.647283,+
RBM8A,chr2_53801842_53809213,89.63825887,-
CIRBP,chr22_35263874_35263981,89.6360745,+
EEF1G,chr4_102826636_102827943,89.63160375,-
RBMX,chr18_58333892_58341037,89.630826,+
U2AF1L4,chr15_43761531_43765449,89.63020719,+
SAMD12,chr2_85398152_85399135,89.61589677,+
PAN3,chr16_72056631_72059113,89.61434049,-
CIRBP,chr13_37570669_37577752,89.60837116,+
RBM7,chr11_112086310_112086639,89.60733513,+
PRPF3,chr2_202278002_202278211,89.6021989,+
EEF1G,chr4_41638967_41644499,89.59966687,+
SRRM1,chr12_62325933_62355330,89.59671351,+
CSDE1,chr19_16647261_16659394,89.59477629,+
UPF3B,chr8_61643433_61644599,89.59230748,+
SRRM1,chr13_31151191_31154632,89.59152973,+
MKRN2,chr2_85398152_85399135,89.58972433,-
MYEF2,chr10_6112361_6113507,89.58739531,+
SNRPD2,chr12_4505380_4525253,89.58657757,+
NONO,chr1_155136951_155137560,89.58550173,+
ZC3H12B,chr3_29281756_29434745,89.58058207,+
NONO,chr7_143265092_143267616,89.57907673,+
PABPC1,chr12_93467554_93469188,89.57731302,+
ANKS4B,chr11_47565986_47569699,89.57540201,-
POLR2G,chr14_21499802_21500912,89.57187885,+
HNRNPH1,chr3_143021385_143021472,89.57139967,+
ZFP36L1,chr12_124911971_124913567,89.56412683,-
RBMX,chr3_49310737_49324701,89.56313378,+
HELZ,chr5_134199204_134200984,89.56199273,+
HNRNPF,chr17_51154444_51155650,89.56123062,+
PNO1,chr18_11885043_11885675,89.55505128,+
NIP7,chr6_167010893_167022408,89.55410232,+
HNRNPK,chr2_159428042_159428310,89.53558034,+
SF3A1,chr1_179865854_179877238,89.52243071,+
HNRNPH1,chr5_103184744_103190841,89.52181579,+
ZFP36L2,chr12_124912408_124913548,89.52115949,-
ZC3H15,chr3_121826180_121828860,89.51608867,+
GTF3A,chr15_60468162_60476062,89.51386577,+
SNRPD2,chr4_41619440_41644499,89.51373138,+
RBM3,chr2_241678649_241685768,89.50843926,+
HNRNPK,chr10_63219983_63264650,89.50459693,-
RNPS1,chr1_33014594_33021592,89.50308955,+
EIF2S1,chr12_101636728_101642418,89.50246461,+
SLTM,chr10_37177756_37181321,89.50136192,+
RBM8A,chr2_60519167_60545970,89.49795736,+
NIP7,chr1_161074373_161074610,89.49186761,+
SAFB,chr15_51926872_51958741,89.48936488,+
RBM34,chr12_14885850_14910436,89.48702359,+
ZFP36L2,chr2_44218537_44232315,89.48630351,+
HDLBP,chr2_240481097_240499957,89.4853115,+
HNRNPA2B1,chr7_43648652_43650611,89.47503863,+
LSM3,chr10_30337031_30340225,89.46536734,+
HNRNPM,chr5_131391108_131391828,89.46228488,+
PPFIBP1,chr10_30434748_30438915,89.4593393,+
TNRC6A,chr7_21908507_21916753,89.45787749,-
RBM33,chr17_43013373_43013475,89.45609739,+
SRRT,chr16_635340_636093,89.4547506,-
MBNL2,chr11_66600549_66605153,89.45090401,+
HNRNPA0,chr17_49413291_49414739,89.44280105,+
RPS3,chr1_45568177_45568926,89.43623207,+
ZC3H7A,chr7_143265092_143267616,89.43193961,+
PHC3,chr16_15030056_15138878,89.43160744,+
SYNJ2,chr5_179618323_179620891,89.43067461,+
SAFB,chr6_10749698_10755141,89.42603359,-
RNPC3,chr1_222577643_222584127,89.41599698,+
LSM5,chr17_5422829_5432541,89.41335713,+
ARAP2,chr4_82861708_82863317,89.4107101,-
EIF3B,chr4_77610694_77610990,89.40571755,-
ZC3H6,chr15_43793083_43793686,89.40459222,-
ZFR,chr1_186411893_186417543,89.40423054,+
ZFP36,chr21_39178647_39180284,89.40228802,+
MCM3AP,chr14_55661612_55667240,89.39868934,-
KHDRBS3,chr2_97187226_97187328,89.39737856,-
RC3H1,chr14_91870385_91877486,89.39257853,+
SAMD5,chr1_223229388_223264629,89.39192539,+
MEX3A,chr2_58146474_58159348,89.38702486,+
SCML4,chr22_31528863_31531057,89.38091351,-
PABPC1,chr3_49022768_49022877,89.37991309,+
GTF3A,chr12_32737942_32738263,89.37761752,+
TIAL1,chr10_62049483_62050887,89.37619238,+
ZCCHC14,chr14_21018400_21018762,89.37605837,+
ZC3HAV1,chr10_43396590_43397184,89.37163069,+
HNRNPF,chr6_122610535_122633282,89.370846,+
SAMD8,chr2_55922447_55923710,89.36307793,+
RBM43,chr9_70346649_70347065,89.35355385,+
PNPT1,chr7_27816520_27816889,89.34681904,+
HTATSF1,chr12_27969516_27970024,89.34573966,+
ZCRB1,chr6_109369017_109376073,89.34337563,-
RBM25,chr15_32679915_32684556,89.33393548,+
PPP1R9A,chr2_11773745_11779518,89.33157909,+
RBM33,chr4_53391139_53399729,89.3299482,-
RBM10,chr6_36970694_36972702,89.32805604,+
HNRNPC,chr11_43444209_43445930,89.32666211,+
RBM10,chr14_69769251_69769510,89.32550182,-
ENOX2,chr1_167765749_167787819,89.32214391,-
YTHDF2,chr1_151167414_151168193,89.32173206,+
RBMS2,chr12_122520581_122521384,89.31922924,+
YTHDF1,chr2_171458477_171468887,89.31900428,+
EWSR1,chr5_7870923_7875257,89.31498655,+
PNPT1,chr3_100310542_100316098,89.31130179,+
PTBP1,chr4_105424322_105446382,89.31105583,-
LSM4,chr1_205381856_205420454,89.30827854,+
RBM5,chr6_56642503_56645865,89.30721476,-
POLR2G,chr12_21501948_21512294,89.30530695,+
PPIE,chr9_26917165_26919309,89.30460894,+
CHERP,chr16_4474166_4474409,89.29888949,+
RBM27,chr8_60558923_60584207,89.29643659,+
LARP1B,chr4_128091512_128092776,89.29460804,+
DGKH,chr3_183086788_183094558,89.29215065,-
EIF2S1,chr1_30980166_30981311,89.29172162,+
NCBP2,chr3_183833589_183840569,89.29045459,+
SLTM,chr17_75268192_75269346,89.28147053,+
ESRP1,chr12_120522363_120528939,89.27676355,+
PPFIBP1,chr1_154988849_154990158,89.26598647,+
PTBP1,chr3_197950299_197950935,89.25716252,+
HNRNPA0,chr4_82857764_82861630,89.24985457,+
ANKHD1,chr2_95935644_95938986,89.24865842,-
SRRM1,chr12_2909580_2922261,89.24774156,+
ZC3H14,chr6_87218731_87222769,89.24660358,-
HNRNPA1,chr15_78542219_78544189,89.24348537,+
HNRNPA3,chr16_84498111_84502720,89.2393308,+
ZFP36L2,chr12_133081072_133083102,89.2321201,+
PTBP2,chr2_241268541_241315101,89.23166281,+
HNRNPF,chr2_159428042_159428310,89.22736129,+
SHANK2,chr12_22060926_22062280,89.22175529,-
RBM8A,chr12_124911822_124912506,89.21963138,-
ZFP36L2,chr12_62349307_62355330,89.21733377,+
LARP1,chr12_14885850_14910757,89.21095781,+
POLR2G,chr3_9977446_9986506,89.21040224,+
SNRPA,chr14_21018663_21018762,89.20839784,-
RBM3,chr9_26917165_26919309,89.20810237,+
SASH1,chr12_45956192_45961699,89.20740426,+
RBM43,chr1_145623160_145623612,89.19966337,+
STARD13,chr18_3247587_3253232,89.19609535,+
SYNCRIP,chr17_42567655_42568836,89.18878142,+
SLBP,chr22_29298895_29299194,89.18747255,-
RBM46,chr12_15111417_15217428,89.18739704,-
SRRM2,chr6_125986622_125993756,89.17820005,+
SAMD4A,chr12_49129722_49188976,89.17492112,+
SNRPB,chr22_32475124_32478980,89.17191834,+
ZC3H4,chr1_39738923_39740164,89.16573814,+
HNRNPA2B1,chr8_73959818_73972244,89.16564464,+
RBMS2,chr12_124911971_124913339,89.16084833,-
ZFP36L2,chr8_89762982_89765340,89.16030999,+
CSDE1,chr19_42510920_42512349,89.15365072,+
LARP7,chr4_94586444_94586988,89.15334224,+
NUPL2,chr14_21018400_21018762,89.15164946,+
QKI,chr3_9669492_9671050,89.1496689,+
ZC3H6,chr1_29149226_29154695,89.14846057,-
RBM39,chr21_33595836_33599149,89.14482256,+
YTHDF2,chr1_224317930_224326390,89.1390682,+
FUS,chr1_219179246_219193129,89.13429111,+
PNPT1,chr17_32360967_32362913,89.12938838,+
MBNL2,chr7_23260773_23266480,89.12817963,+
SNRPD2,chr8_67047859_67051229,89.12454609,+
AKAP1,chr12_124912636_124913320,89.12446913,-
SEC23IP,chr11_66285536_66285700,89.11737718,+
MBNL1,chr1_108696337_108698603,89.11599136,+
LARP4,chr19_35505986_35509910,89.11106385,+
RNPC3,chr17_42823879_42824154,89.10247813,+
LSM7,chr17_51154444_51155650,89.10230153,+
HNRNPL,chr16_88859972_88860913,89.09395443,+
RBM34,chr13_45389820_45390757,89.08420037,+
TARDBP,chr3_186787264_186787478,89.08351758,+
RBMX2,chr4_82425667_82426036,89.08077741,+
CASKIN2,chr4_53391139_53399729,89.07871806,-
MEX3C,chr2_23983033_23999671,89.07745736,+
EIF2S1,chr2_97540229_97541910,89.07478955,+
PARN,chr3_119436978_119437587,89.07450142,+
RBM4B,chr17_67963506_67964211,89.07340236,+
U2AF1,chr17_1712399_1713855,89.06650632,+
SNRPB2,chr11_102317571_102319876,89.0616821,-
SNRPD3,chr14_39321056_39326863,89.05963544,+
LARP1B,chr2_28241393_28298337,89.05878292,+
YTHDF3,chr11_64318386_64320660,89.05399572,-
DLC1,chr7_101221796_101222603,89.05394422,+
GRSF1,chr17_16382111_16382567,89.0534564,-
PUM1,chr10_74975454_74977315,89.05254682,+
THUMPD3,chr11_112085462_112086639,89.05226449,-
PHC1,chr1_207767195_207770320,89.05024047,-
ELAVL1,chr15_63043831_63056984,89.04780347,-
PAPSS1,chr17_58347241_58347528,89.04444457,+
HNRNPR,chr12_124912180_124913320,89.04258075,-
ZFR,chr15_40836282_40844178,89.04089655,+
RBM12,chr1_51714079_51745535,89.03965252,-
RBM5,chr19_3359685_3381711,89.03753569,+
NCL,chr13_32537027_32538682,89.03518589,+
HNRNPK,chr10_26759238_26765217,89.03348894,+
SF1,chr2_131501508_131506311,89.02892576,+
MBNL2,chr17_57980804_57981872,89.02721839,+
G3BP1,chr2_177234271_177263402,89.02243582,+
RBM39,chr9_127450804_127451280,89.01531581,+
PRR3,chr12_12487187_12519861,89.01452008,+
PCBP1,chr1_203179877_203181161,89.01347053,+
RBM26,chr8_127736623_127738250,89.0105084,+
HDLBP,chr2_31883462_31891991,89.00967046,+
SNRPB,chr20_33994131_34072065,89.00800813,+
RBM41,chr5_140497278_140504820,89.0047847,+
TIAL1,chr10_80079184_80081840,89.0032898,+
MYEF2,chr1_151017904_151018466,89.00158072,+
SNRPD1,chr3_169773462_169774264,88.99119567,+
NCL,chr9_136862496_136862905,88.98040232,+
TARDBP,chr20_5586269_5593326,88.97488405,+
TRA2A,chr12_95266632_95270038,88.97016167,+
TNRC6A,chr1_24660799_24661309,88.96747677,+
SNRPD2,chr12_76450988_76487509,88.96604546,+
LRSAM1,chr17_16158873_16171802,88.95960687,-
HNRNPD,chr7_2225550_2229983,88.95505251,+
HELZ,chr7_101318213_101318955,88.95170865,+
G3BP1,chr6_116574171_116580294,88.94066698,+
G3BP1,chr12_55728352_55729281,88.93985552,+
HNRNPR,chr5_149513209_149520289,88.93942698,+
TIAL1,chr11_66285536_66285700,88.93647421,+
SAMD12,chr1_39748767_39748902,88.93646189,+
NAA38,chr6_29888224_29943267,88.93554587,-
ANKHD1,chr16_69121170_69121435,88.9353017,+
SPEN,chr12_52237717_52238679,88.93518975,-
MBNL2,chr1_168004793_168022987,88.93357188,+
YTHDF2,chr9_83974589_83975461,88.92080442,+
CSDE1,chr1_228108318_228108436,88.9164439,+
GRSF1,chr10_35127193_35178888,88.90878073,+
LENG9,chr7_95406247_95409900,88.90766733,+
PARP14,chr16_69120649_69121435,88.90763812,+
SLBP,chr3_113724095_113745941,88.90299272,+
CNOT4,chr2_200861862_200864100,88.89475961,+
CNOT4,chr17_38809765_38810467,88.89385397,+
SNRPD3,chr12_124912655_124913339,88.89257606,+
U2AF1L4,chr2_60462424_60545970,88.8855187,-
SNRPG,chr18_58333892_58341037,88.88341975,+
ESRP1,chr8_94678371_94692676,88.88127436,+
CNOT4,chr20_410025_417525,88.88113213,+
SNRPE,chr19_13759272_13762298,88.8805365,+
DHX8,chr7_117131960_117134123,88.87675282,+
HNRNPM,chr16_56935312_56936686,88.86887661,+
ESRP1,chr8_61619019_61633682,88.86516388,-
TRMT2A,chr11_62705617_62706202,88.86359782,+
RPS3,chr12_124913039_124913267,88.8611684,-
ZFR,chr1_155136376_155137560,88.85827411,+
CCAR1,chr1_109659110_109665010,88.85656265,+
PHC3,chr9_114323805_114324017,88.85575705,+
SCML1,chr1_45568684_45568926,88.85421236,-
PNO1,chr3_138187599_138209816,88.85313418,-
ZFP36L1,chr19_35505986_35509910,88.852135,+
PABPC1,chr13_110880112_110883110,88.84641788,+
GRSF1,chr15_41371684_41377195,88.84308826,-
NONO,chr7_103307708_103308951,88.84193144,+
ANKHD1-EIF4EBP3,chr3_121781874_121790072,88.841382,-
RBM34,chr14_35116737_35121901,88.83835308,+
EEF1G,chr1_32224475_32228498,88.83491781,-
SSB,chr2_169799516_169800951,88.8289134,+
SNRPB,chr4_15971082_15979880,88.82699826,+
ZFP36,chr2_99171646_99173914,88.81630314,+
TARDBP,chr17_42951894_42954875,88.81190863,+
RBM7,chr5_7870923_7875257,88.81021669,+
KHDRBS1,chr16_2772102_2776992,88.80716245,-
PARP14,chr6_99414690_99416348,88.8051517,+
QKI,chr12_124912655_124913567,88.78751962,+
LARP1,chr19_54200893_54201159,88.78283764,+
SEC23IP,chr22_46356072_46356841,88.78085872,+
KIN,chr1_168004793_168043024,88.77714557,-
EPHB4,chr15_43761531_43765449,88.77552788,-
HELZ,chr6_137875035_137875687,88.77370425,+
PABPC1,chr14_96552622_96555849,88.76552698,+
SNRPA,chr14_23565701_23566063,88.75967239,+
SNRPG,chr2_66464220_66547942,88.7594267,-
SGMS1,chr14_94615084_94622340,88.75703214,+
UNKL,chr9_111666946_111669271,88.75244908,-
SYNCRIP,chr8_69493125_69501873,88.74343907,-
MCTS1,chr8_143821913_143829279,88.74124443,+
EPHB4,chr20_34073635_34075873,88.73836414,-
PABPC4,chr4_152870848_152872451,88.73700821,+
NONO,chr1_202764145_202766925,88.73109229,+
RBM41,chr11_57426652_57427407,88.73034829,+
NONO,chr6_85615347_85622481,88.72482944,+
PUM1,chr6_167010893_167013507,88.7224782,+
PDCD11,chr14_55673012_55675834,88.70195212,+
EIF4B,chr21_25982477_25997359,88.70194362,+
SAMD12,chr4_76103969_76112385,88.69943216,+
SAMD12,chr1_156115274_156134402,88.69888827,-
PNPT1,chr17_73242351_73242895,88.69691174,+
LSM3,chr1_154214574_154220341,88.69292109,+
NONO,chr2_222646996_222648739,88.69161448,-
HNRNPM,chr3_50289628_50289711,88.68591806,+
ZRANB2,chr3_32442013_32452391,88.68525942,+
RC3H1,chr10_12172866_12173717,88.68523943,+
HNRNPA2B1,chr10_31831800_31843460,88.68384535,+
LRSAM1,chr4_140379192_140380961,88.67705227,-
PNPT1,chr12_52051568_52054326,88.67480485,+
ZC3HAV1L,chr18_694334_697239,88.67048838,+
PCBP2,chr18_36124700_36129113,88.66980833,-
SAMD8,chr4_105190505_105233896,88.66703152,+
ZCCHC17,chr3_37355187_37361242,88.66433821,+
TIPARP,chr7_80828745_80916678,88.66291799,+
RBM6,chr12_53462567_53467220,88.66087815,+
HNRNPA1L2,chr9_37588932_37592290,88.65935981,-
RPS3,chr3_121719768_121722261,88.65013238,+
HNRNPA3,chr12_66310608_66313985,88.64891898,+
SLBP,chr2_27444061_27444185,88.64262298,-
RRP7A,chr2_55922447_55923710,88.63794296,-
RBM43,chr17_59700189_59707370,88.63528386,+
ASCC1,chr8_85217502_85220305,88.63503685,-
RRP7A,chr3_169773462_169774264,88.63421712,+
SAMD12,chr4_184638468_184648464,88.63240161,+
HNRNPC,chr6_85640564_85642796,88.63211089,+
ZFP36L2,chr14_35019074_35028087,88.63158758,+
NCBP2,chr11_34978182_34984569,88.63153272,+
ZNF638,chr2_97558994_97560664,88.62736134,+
RBM6,chr1_212766273_212782371,88.62669891,+
THUMPD3,chr1_46309127_46309896,88.6226105,-
PPFIBP1,chr15_41349241_41350987,88.61379009,+
KHDRBS1,chr16_2772102_2776992,88.61069024,-
RBM47,chr8_144412946_144413236,88.61000271,+
ACIN1,chr16_66552793_66563121,88.60504441,-
TROVE2,chr17_7241679_7241767,88.60428702,+
YTHDF3,chr20_44582731_44589796,88.60169772,+
SNRPB,chr14_55580354_55612018,88.59246822,+
TEP1,chr2_30147062_30156627,88.58890078,+
UPF3B,chr15_49137437_49139527,88.58718301,+
HNRNPH2,chr1_224311857_224317693,88.58575974,+
PTBP2,chr3_158110223_158122102,88.57871529,+
YTHDC2,chr3_49022768_49022877,88.57761825,-
ZFP36L2,chr3_51985271_51985360,88.57553709,+
RBM7,chr7_8232755_8235909,88.57178728,+
HNRNPA2B1,chr4_82426129_82427189,88.56396898,-
SCML4,chr1_46309127_46309896,88.56291957,+
RBMS3,chr3_29897475_29936085,88.55785073,+
IGF2BP2,chr12_32737161_32737864,88.55527216,+
U2AF1,chr3_183092545_183094558,88.55165588,+
RBM25,chr7_76013887_76021850,88.54838296,+
NCL,chr4_53377923_53379072,88.54262692,+
LSM7,chr2_9406905_9408112,88.54200648,+
LSM2,chr12_124912180_124912636,88.54144352,+
FUBP1,chr12_47966172_47966682,88.53975487,+
RBM39,chr7_87185980_87188091,88.53952554,+
SCML4,chr7_2225550_2229983,88.53840511,+
RBM4B,chr12_14884245_14884595,88.53784556,-
PABPC1,chr20_18535742_18543018,88.53763903,-
ZFP36L1,chr1_40059458_40060069,88.5374441,+
HNRNPA0,chr17_8460160_8463319,88.53144833,+
NSUN6,chr2_227340380_227347225,88.52691399,+
CPSF6,chr20_58895684_58898940,88.52486689,+
EEF1G,chr3_28241812_28316332,88.52046195,+
CARHSP1,chr3_191370036_191380158,88.51684169,+
CSTF2T,chr1_151017904_151024610,88.51367823,+
RBM6,chr17_27307919_27309099,88.5096907,+
RBMS2,chr5_71604468_71626639,88.50730216,+
SSB,chr6_28085891_28088562,88.50043241,+
MYEF2,chr1_235813061_235830225,88.4986775,+
HNRNPH2,chr1_151254808_151263913,88.49253308,-
PPIE,chr15_51926872_51958741,88.49035545,+
FMR1,chr1_150325881_150328319,88.48911402,+
TTC14,chr11_66284966_66285700,88.48035453,-
RBM19,chr2_26254474_26263379,88.47816624,+
SYNCRIP,chr1_228108318_228108436,88.4759907,-
SNRPE,chr8_61619019_61633682,88.46698773,-
HNRNPR,chr1_51750195_51760689,88.46552104,+
RBMS2,chr18_46087492_46095052,88.46344581,-
MCM3AP,chr14_55661612_55667240,88.46153183,-
HNRNPA0,chr4_48897857_48904483,88.45902534,+
PPFIBP1,chr2_271939_272191,88.45559395,+
MCTS1,chr2_241335212_241335958,88.4550058,-
HNRNPH3,chr3_108047292_108049618,88.45449177,-
TROVE2,chr11_17286717_17295323,88.45157978,+
HNRNPR,chr8_81715114_81718181,88.4437625,+
POLR2G,chr1_161038634_161038879,88.44266541,+
EIF2S1,chr1_51730124_51745535,88.44168079,+
RRP7A,chr17_73209768_73227164,88.44011936,+
MATR3,chr2_159448403_159478574,88.43790928,+
KHDRBS1,chr17_67344812_67345744,88.43779822,+
TRA2A,chr14_73297285_73323129,88.43475459,+
SRRT,chr6_30642247_30642767,88.43392694,+
RNPS1,chr11_95888261_95914241,88.43089013,+
HNRNPF,chr14_68878523_68879961,88.43028618,+
RBM19,chr8_124516030_124518817,88.42955936,+
SAMD8,chr1_182854178_182855576,88.42849018,+
FMR1,chr4_185678822_185684753,88.4278149,+
PAN3,chr18_58333892_58335477,88.42553511,+
HNRNPAB,chr11_66644140_66646026,88.42441763,+
RBMXL1,chr13_50949505_50953904,88.41840933,+
ZC3H12B,chr16_69120649_69121435,88.41584619,+
BFAR,chr17_7241679_7241767,88.40942884,-
SYNCRIP,chr7_56052485_56055623,88.40930147,+
PARN,chr17_58347241_58351401,88.40913321,+
RBM5,chr4_102826636_102827943,88.40823051,-
FUBP1,chr12_14885850_14905108,88.40340325,+
YTHDC1,chr16_4694238_4694957,88.40258724,+
TROVE2,chr12_88035738_88042824,88.39769294,+
APTX,chr14_88841514_88843805,88.39139745,+
HNRNPH1,chr11_75404868_75421726,88.38810807,-
ZC3H12D,chr19_41433673_41438217,88.3879672,+
UNKL,chr2_27774530_27779432,88.38186124,+
RBM17,chr3_146525647_146533469,88.38095171,-
SAMD4B,chr1_179884769_179889309,88.38008775,-
LARP4,chr7_42935136_42937321,88.37888472,+
EIF2S1,chr12_27297854_27300553,88.373719,+
NCL,chr3_58141929_58142649,88.37101677,+
SLBP,chr10_29686651_29735750,88.36819856,+
TRA2B,chr16_3020491_3021554,88.36505252,-
SNRPN,chr11_65885186_65885508,88.36102101,+
ZC3H6,chr14_35046628_35053277,88.34837193,+
RBM27,chr19_38309643_38315859,88.34563628,+
SNRPG,chr11_85628688_85631686,88.34451984,+
AKAP1,chr11_33731468_33736381,88.33978262,-
SEC23IP,chr2_60519167_60545970,88.33719887,-
EIF4B,chr2_55922447_55923710,88.3329372,+
RBMXL1,chr1_85259061_85259357,88.33093168,+
NSUN6,chr10_118336423_118342269,88.32679581,+
SPEN,chr8_100948900_100952849,88.32642683,-
SNRPD3,chr15_40836282_40844178,88.3257006,+
EIF4B,chr1_149390922_149430933,88.32534483,+
U2AF1,chr2_201118901_201129728,88.31983698,+
ZFP36L1,chr2_150474984_150487267,88.31928273,-
RBM3,chr18_35290391_35305975,88.30239497,+
SNRPC,chr12_28190641_28225794,88.30116678,-
APTX,chr20_35740989_35741940,88.30098139,-
RBMS2,chr1_71065752_71066775,88.29141352,+
RPS3,chr8_94678371_94705924,88.28867122,+
SF3A1,chr2_160282304_160284774,88.28684097,+
FUS,chr6_24708911_24716147,88.28551891,-
SF3B4,chr8_60558923_60584207,88.28059275,+
G3BP1,chr4_26321048_26362445,88.27683675,+
EWSR1,chr6_24775112_24777221,88.27430204,+
YTHDC1,chr9_86319058_86319583,88.27372747,+
HNRNPA0,chr1_151307801_151310210,88.27066233,+
NCL,chr16_4796033_4796189,88.26943924,+
RBM41,chr11_111910449_111910670,88.26731881,-
RBM39,chr2_38746747_38748055,88.2671593,-
ZC3H6,chr3_37174605_37176059,88.25860168,+
SNRPC,chr12_26231119_26231922,88.25599821,+
SF3B4,chr12_10702134_10704059,88.25577019,+
ANKHD1,chr8_108203503_108228266,88.25530762,+
RBM34,chr12_6566336_6566528,88.25447606,+
YTHDF2,chr10_29409683_29415356,88.25157797,+
ZC3HAV1,chr1_155668717_155670319,88.25142985,+
U2AF1,chr7_66573550_66576754,88.2499557,+
ACIN1,chr11_64241661_64242383,88.24796892,-
U2AF1,chr1_222633249_222645553,88.2474486,+
ZRANB2,chr18_36139613_36141136,88.24340508,+
RBM34,chr3_186788420_186789124,88.2389371,+
MBNL2,chr15_22838921_22851638,88.2381624,+
RBM4B,chr7_849603_849922,88.23620885,+
HNRNPA0,chr7_105014535_105038125,88.23314639,+
RRP7A,chr3_123618770_123620206,88.23001583,+
ZRANB2,chr6_46168297_46170052,88.22224433,+
SF3A1,chr2_38577532_38581912,88.21855071,+
RBM34,chr20_45815745_45815853,88.21852355,+
RBM7,chr17_18588346_18594720,88.21693624,+
TIAL1,chr12_120496216_120496401,88.20831358,+
ZC3HAV1L,chr6_122427956_122431429,88.20320676,+
SF3B4,chr1_151369554_151369712,88.19539915,+
ZFP36,chr3_121699885_121702480,88.19251538,+
RNPC3,chr13_27440449_27441016,88.18695586,+
ANKRD17,chr1_32228816_32230926,88.16637398,-
PARP14,chr2_73957240_73958145,88.16136446,+
PTBP2,chr3_93995944_94003658,88.16025044,+
NIP7,chr2_202278329_202282350,88.15827984,-
ZC3H4,chr17_7626793_7627142,88.15331366,+
SRRT,chr20_45814470_45815853,88.14907669,-
TRA2B,chr18_79977701_80033850,88.14619659,+
UHMK1,chr15_90088747_90102275,88.14248642,+
EIF3G,chr1_155136951_155137978,88.13704645,+
HNRNPM,chr13_37004561_37005956,88.13217873,+
RC3H2,chr3_149059807_149060642,88.13036762,-
HNRNPM,chr10_12172866_12177792,88.12881573,-
SNRPG,chr14_55601880_55612018,88.12649988,+
RBMS2,chr17_72045524_72057458,88.12011387,+
HNRNPR,chr15_72200655_72203021,88.10848108,-
LRSAM1,chr9_19379618_19379761,88.1081171,-
RBM5,chr9_112694233_112716460,88.08972792,+
LSM4,chr3_11602022_11643436,88.08702672,+
RBMX,chr17_5428211_5432541,88.08547346,+
HNRNPH1,chr12_112048443_112049482,88.08344964,+
HNRNPA3,chr2_130342935_130343085,88.08115784,+
TROVE2,chr5_32585625_32586368,88.0721463,-
SNRPD3,chr3_48469843_48473009,88.06999637,+
CPSF6,chr11_13421838_13463091,88.06780632,+
HELZ,chr13_45383838_45389734,88.06708999,+
DAZAP1,chr8_73959818_73972244,88.05832097,-
PHC3,chr12_28190641_28225794,88.05388738,-
RBMX,chr7_128739432_128747552,88.05373625,+
APTX,chr16_208188_220648,88.05165307,+
QKI,chr12_120566980_120575630,88.05140092,+
MATR3,chr11_2400798_2402293,88.05056894,+
FUS,chr6_125292909_125300537,88.04288969,+
LARP1B,chr17_50738199_50740305,88.04281909,+
SAFB2,chr2_97555254_97556936,88.04102767,+
THUMPD3,chr3_134358716_134359282,88.03740126,-
RBM8A,chr6_31269543_31269965,88.03652928,-
RBM3,chr6_31581859_31582255,88.03579388,-
PTBP1,chr15_29719138_29719776,88.03521048,+
HDLBP,chr12_95256622_95257149,88.03295229,+
SRRM1,chr12_329029_331793,88.02672221,+
RBM47,chr11_62882999_62883988,88.02324349,+
CNOT4,chr5_146164471_146171909,88.02217149,+
ZFR2,chr3_69077918_69080333,88.01846668,+
RBM47,chr2_169824640_169824867,88.01805098,+
RBM39,chr10_103105381_103105705,88.01408237,+
RNPS1,chr19_36325764_36330252,88.00762488,+
RBM34,chr1_193016395_193021096,87.99912966,+
ZC3H12B,chr9_70344269_70347065,87.99882791,+
G3BP2,chr7_42935136_42937321,87.99507141,+
PSPC1,chr1_204532246_204538208,87.9910867,+
EEF1G,chr3_167725473_167734805,87.98693868,-
PDCD11,chr11_17286717_17295323,87.98647275,+
HNRNPA1,chr15_78542219_78544189,87.98394375,+
PPIE,chr3_121828632_121828860,87.98010499,+
PPP1R9A,chr2_60538549_60545970,87.97945029,-
ESRP1,chr4_76103969_76104596,87.97940584,-
SNRPE,chr3_141386937_141396258,87.97757222,+
LSM7,chr21_25997416_26000014,87.97658793,-
PUF60,chr6_37377033_37390741,87.97467741,+
SYNCRIP,chr12_6724179_6724613,87.97213263,+
ZRANB2,chr20_18507972_18510821,87.97084285,+
APTX,chr12_27724186_27737538,87.96557708,+
PAN3,chr10_32345623_32346762,87.96278098,+
PABPC1,chr5_140497278_140504820,87.95984722,+
TRA2A,chr1_150698734_150703309,87.95871184,+
SAMD12,chr6_26124749_26127697,87.95771262,-
UNKL,chr2_26254474_26263379,87.94798715,+
ZFP36L1,chr12_50138617_50142052,87.94751946,+
YBX1,chr11_6480463_6481230,87.94388657,+
SNRPA,chr2_73957240_73958145,87.93768651,-
ZC3H4,chr9_129634221_129635207,87.93659045,+
LSM4,chr4_185678547_185678795,87.9267013,+
RNPS1,chr2_215379317_215382211,87.92106214,+
CARHSP1,chr11_47424711_47425118,87.92075492,+
TRA2A,chr10_114163329_114174014,87.9194857,+
EIF4B,chr11_114440739_114449845,87.91216462,+
HNRNPA2B1,chr13_75569507_75589937,87.91081427,+
RALY,chr6_20686549_20739518,87.90758331,+
EIF2S1,chr2_97558994_97584943,87.90451972,-
PABPC1,chr1_181052510_181053572,87.90365389,+
ZMAT5,chr5_140281533_140303040,87.90071439,+
SNRPE,chr3_49310737_49324701,87.88938479,+
QKI,chr14_94383241_94390456,87.88843718,+
RBMX,chr17_7626793_7626942,87.88227561,+
CARHSP1,chr4_41619440_41644499,87.87756242,+
PCBP1,chr14_70329236_70359518,87.87001704,+
RBM7,chr1_74706994_74710097,87.86652062,+
RBM17,chr3_114068063_114070625,87.86616766,+
ANKHD1-EIF4EBP3,chr17_8463354_8466929,87.86015057,-
ANKRD17,chr19_38619223_38620336,87.8484211,-
SLTM,chr8_89981523_89982721,87.84645059,+
THUMPD1,chr2_131531802_131532709,87.84172918,-
CCAR1,chr17_49413291_49414241,87.83818447,+
RBM39,chr12_124911971_124913567,87.83565298,+
ESRP1,chr5_139294028_139314674,87.83391872,-
KIN,chr12_124912655_124913567,87.83258709,-
HNRNPA3,chr8_127323154_127420828,87.83158073,-
CPSF6,chr4_185639035_185646667,87.81734185,-
PTBP2,chr7_111521449_111561850,87.81651681,+
PUM2,chr22_31531129_31546860,87.81460734,-
RBM39,chr6_52681914_52686009,87.81385252,+
HNRNPM,chr2_60462424_60545970,87.81247972,+
RBM7,chr3_16264229_16264768,87.81188507,+
RNPC3,chr1_228108318_228109148,87.81184864,-
RBMX,chr8_129879471_129903311,87.8078943,+
HNRNPA2B1,chr2_70227822_70229058,87.80109791,+
MBNL2,chr6_56642503_56645865,87.7983689,-
HNRNPK,chr3_15245671_15246731,87.79802355,+
SYNCRIP,chr3_197019801_197021403,87.79681084,+
MYEF2,chr6_34880063_34880288,87.79619157,+
SNRPD3,chr12_122508450_122511108,87.79457945,+
SASH1,chr9_37588932_37592309,87.78967071,+
MCTS1,chr1_213000383_213005032,87.78691085,+
ANKHD1,chr6_167013567_167022408,87.78462177,+
CARHSP1,chr1_151240039_151242122,87.779519,+
RBM41,chr15_58899937_58901259,87.77738182,+
RRP7A,chr14_105474905_105478449,87.77552758,+
ZC3H15,chr3_108047292_108057476,87.76999207,+
LARP4,chr20_35739017_35739392,87.76910705,+
SFPQ,chr12_79805768_79807225,87.76837916,+
PPP1R9A,chr4_185639035_185646667,87.76726498,-
ZC3HAV1,chr4_15971082_15979880,87.76396395,+
TIAL1,chr7_76030524_76047811,87.76350277,+
HNRNPA1,chr8_94678371_94696851,87.76270654,+
ESRP1,chr10_68754077_68754713,87.76237879,+
CIRBP,chr8_94692827_94705924,87.75611339,+
RBM43,chr7_99892746_99903217,87.7495169,+
ANKRD17,chr7_5730817_5739275,87.7435716,+
POLR2G,chr1_161072885_161073719,87.73758372,+
CSDE1,chr22_24270983_24302194,87.73734439,+
SLTM,chr19_52322022_52322190,87.735878,-
SNRPB,chr12_32737942_32740063,87.73544969,-
ZFR,chr2_11773745_11779518,87.73443353,+
SNRPC,chr14_55673012_55675834,87.72486115,+
LARP4B,chr12_6448737_6451468,87.72217598,+
RBM18,chr11_47472102_47472190,87.721304,+
RC3H1,chr2_23983033_23999671,87.71559377,+
RBM27,chr10_74138931_74150754,87.71521912,+
UNKL,chr19_52805262_52808006,87.71250224,+
RBM23,chr2_100011571_100104401,87.69874401,+
ZC3H8,chr11_14519041_14519904,87.69643987,+
FUS,chr5_149513209_149520289,87.68978703,+
ARAP1,chr3_146525647_146533469,87.68486004,-
FXR1,chr15_49137458_49139527,87.67193452,+
ZRANB2,chr6_56670807_56699652,87.67179731,+
HNRNPH3,chr2_26034735_26093590,87.66892433,-
YBX1,chr1_45519054_45522777,87.6686876,+
ZC3H12D,chr9_88448989_88468371,87.66821665,+
HNRNPH1,chr2_85326804_85326978,87.6676077,+
HNRNPR,chr17_7627414_7627552,87.6672824,+
RNPS1,chr5_7870923_7875257,87.6668295,+
SFPQ,chr8_23566336_23568321,87.66483343,+
RBM34,chr2_55875065_55876622,87.66259905,+
RBMX,chr17_59834050_59838294,87.65953317,+
L3MBTL4,chr10_73045051_73046924,87.65811646,-
KIN,chr12_31298224_31325835,87.65706541,-
EIF3G,chr10_42614358_42631928,87.65645711,+
EWSR1,chr2_161160486_161179613,87.6559187,+
SNRPC,chr19_41433673_41436391,87.64979013,+
HNRNPH3,chr16_69340332_69341532,87.64663629,-
CCAR1,chr6_13321095_13326786,87.63743702,+
L3MBTL4,chr2_26034735_26093590,87.62559195,-
HDLBP,chr1_155136951_155137978,87.62078582,-
ZFP36L1,chr1_161209931_161210303,87.61034565,+
HNRNPK,chr1_155717128_155725381,87.60638455,+
SCMH1,chr20_58840886_58895611,87.60370706,+
IREB2,chr14_105474905_105478449,87.59677472,+
ZC3H12D,chr15_76767088_76771723,87.59630705,+
CIRBP,chr22_19468003_19479082,87.59366759,+
RBM34,chr8_48008470_48049852,87.59051408,-
TARDBP,chr19_43646548_43652224,87.58976813,+
HDLBP,chr5_66153596_66159218,87.58913388,+
EWSR1,chr12_96003064_96006313,87.58658363,+
ZFP36L1,chr15_84655409_84657175,87.58125576,+
SUPT6H,chr16_30756272_30756354,87.58012212,-
PARP14,chr16_69120649_69121435,87.58009024,+
ZFP36L1,chr6_105288894_105323664,87.56610532,+
PABPC4,chr1_207767823_207783291,87.55113802,+
NOL8,chr2_237627740_237708543,87.53801883,+
SRRM1,chr14_96556413_96560648,87.53778215,+
PRPF3,chr12_22060926_22062280,87.5364034,-
PNO1,chr15_69453020_69455169,87.53602379,-
TEP1,chr4_168921741_168924254,87.53210884,+
RBM3,chr12_96003064_96006313,87.52844844,+
SF3A1,chr2_203411371_203416907,87.52205184,-
RBM34,chr1_6785575_6825091,87.51529468,+
SNRPE,chr18_3456580_3457396,87.51233622,+
HNRNPA2B1,chr19_45165194_45178134,87.51001122,+
CIRBP,chr20_49279208_49289044,87.50989715,+
ARAP2,chr19_38930998_38931275,87.50547008,-
SNRNP70,chr7_5741815_5752845,87.50531173,+
ZFP36L2,chr1_114737563_114737962,87.50190094,+
POLR2G,chr2_241680319_241685768,87.50111156,+
SASH1,chr11_75562319_75566315,87.4993141,+
ZC3H4,chr12_42375074_42387455,87.49911992,+
RC3H1,chr3_50070552_50075172,87.4986097,-
RC3H1,chr9_32974561_32985970,87.49846123,-
EIF2S1,chr2_71068712_71072640,87.49217316,+
RALY,chr17_39285573_39297126,87.49072675,+
HNRNPA0,chr10_68901471_68906710,87.48910825,+
LARP4B,chr1_151540426_151562584,87.48674768,+
NONO,chr1_207767195_207770320,87.48514449,+
ZFP36L2,chr6_29944634_29945058,87.48141808,+
ZFR,chr9_3293258_3301545,87.48126068,+
PAPSS1,chr18_35005553_35070194,87.47820551,+
PUF60,chr3_115144907_115147218,87.47041394,+
ZFR,chr12_120563070_120563346,87.4678124,+
SRRM1,chr6_27252949_27254692,87.46618294,+
SRRM1,chr8_81715114_81718181,87.46303268,+
ZFP36L1,chr6_10749698_10755141,87.46067323,+
GRSF1,chr1_6785575_6825091,87.45600022,-
HNRNPF,chr10_80408643_80420482,87.45289718,+
LARP4B,chr7_26191128_26192494,87.45049873,-
ZFP36L2,chr1_153638448_153642245,87.44929346,+
KHDRBS1,chr2_121469960_121503166,87.44763325,+
THUMPD2,chr12_6672532_6673215,87.44391045,+
LARP4,chr1_32327677_32330577,87.44205193,+
HNRNPD,chr8_89758233_89765340,87.43948216,-
HNRNPH2,chr18_12311053_12325066,87.43052308,+
PAN3,chr1_230916302_230920509,87.42963309,+
RBMXL1,chr2_215379317_215382211,87.42749811,-
RBM8A,chr1_155261734_155262085,87.4272904,+
CARHSP1,chr6_85615347_85622481,87.42118637,-
RBM41,chr5_150446963_150447473,87.42080721,-
ZFP36L1,chr4_105405948_105424195,87.41759024,-
TRA2A,chr10_99747390_99750368,87.40118039,+
HNRNPA2B1,chr13_50949505_50969931,87.39814362,+
TRA2B,chr5_179614959_179616125,87.38892203,-
SRRM2,chr22_30926871_30928018,87.3884475,+
HNRNPH2,chr1_224190319_224192331,87.38748286,+
PPIL4,chr12_124912408_124912864,87.37985844,+
ZFR,chr15_34227846_34229752,87.37023292,-
ZFP36,chr3_42786162_42804435,87.3696201,+
TEP1,chr12_57489558_57490206,87.36749051,+
YBX1,chr11_47565986_47569699,87.36148458,+
LARP1,chr12_121328497_121330582,87.36057422,+
PPFIBP1,chr9_104094477_104095323,87.35984451,+
G3BP2,chr1_70231975_70232267,87.35915389,+
ZFP36L2,chr10_28590832_28595732,87.35408464,+
LARP7,chr16_1786655_1787676,87.34799755,+
ZC3H4,chr20_45814470_45815853,87.34781195,+
EIF3G,chr1_61683546_61694696,87.3452225,+
ELAVL1,chr3_9669492_9671047,87.34497278,+
EIF3G,chr5_75354697_75355055,87.34491367,+
UHMK1,chr1_184072298_184072826,87.33881636,+
NIP7,chr13_72781356_72781604,87.33709328,+
RBM39,chr15_41349241_41350987,87.33573595,+
TEP1,chr2_43894629_43899218,87.3354978,+
YBX1,chr12_6724179_6724613,87.32601904,+
ARAP1,chr20_5109445_5112729,87.32253582,+
CSDE1,chr13_45383235_45391031,87.32231797,+
G3BP2,chr6_90536401_90547257,87.32213727,+
YBX1,chr5_66153596_66158808,87.32158169,+
KHDRBS1,chr6_167010893_167013507,87.32057674,+
RBM6,chr1_117153369_117170106,87.31853742,-
HTATSF1,chr2_25455494_25482795,87.31841641,+
PCBP2,chr1_109659110_109665010,87.31765994,+
SF1,chr11_118237260_118240210,87.31740272,+
PRR3,chr12_12487187_12519861,87.31647052,+
RBM10,chr19_11041560_11058254,87.31118341,+
RBMS2,chr10_34341816_34347955,87.30873148,+
RBM33,chr17_80273404_80287814,87.3052675,+
EWSR1,chr3_114056864_114056998,87.29834679,+
MBNL2,chr9_14088326_14112998,87.29683645,+
CIRBP,chr12_124911899_124912355,87.28719589,-
ZC3H12D,chr1_207767823_207770320,87.28284998,+
CARHSP1,chr8_124516030_124518817,87.28166322,+
THUMPD2,chr3_93996684_94003658,87.27994203,+
UNKL,chr16_56609057_56618588,87.27895704,+
PPP1R10,chr12_124912655_124912883,87.27514627,+
THUMPD2,chr3_121788432_121790072,87.27067505,+
APTX,chr5_96740118_96741265,87.26796796,+
SYNCRIP,chr12_14883031_14884212,87.26752409,-
HDLBP,chr2_227325427_227330625,87.26671577,-
HNRNPR,chr22_37677065_37679602,87.26614217,-
DKC1,chr3_37355187_37366079,87.26611454,+
RPS3,chr10_110876070_110881274,87.26378924,-
PABPC1,chr7_87194102_87195030,87.26363674,+
HNRNPK,chr12_120199485_120200718,87.25518871,+
KRR1,chr4_82829058_82830936,87.25366869,+
PHC3,chr2_55922447_55923710,87.25323496,+
YTHDF2,chr1_111449873_111454210,87.2478179,+
FXR1,chr2_201640924_201642608,87.24371942,+
CIRBP,chr7_134958112_134958211,87.24306457,+
TNRC6A,chr14_73148094_73170796,87.24231957,+
TIAL1,chr11_134252916_134253226,87.24199229,+
MBNL1,chr1_150441958_150443230,87.23596439,+
HNRNPA1,chr10_110876070_110876669,87.23050122,+
SNRPG,chr20_45815745_45815853,87.22903336,+
PPIE,chr19_45165194_45178092,87.21899367,+
HNRNPH2,chr7_2222754_2225409,87.2170496,+
LSM7,chr17_82019381_82019857,87.21059191,+
NAA38,chr12_124911971_124912427,87.20963483,-
ZC3HAV1L,chr11_65539881_65540244,87.20465763,+
RBM25,chr11_2400798_2402293,87.20323622,+
LARP4B,chr1_212375300_212377561,87.19378633,-
PPP1R9A,chr12_10848407_10973654,87.18419644,+
ACIN1,chr2_95888120_95929071,87.18191633,+
IREB2,chr12_57512103_57512235,87.17623359,+
HNRNPK,chr8_63168901_63169386,87.17393956,+
HNRNPM,chr18_9195698_9208656,87.16201452,+
G3BP1,chr5_43123310_43139164,87.16098151,+
PABPC4,chr18_50272955_50273563,87.16078069,+
FUBP3,chr1_228108321_228108954,87.15887685,-
FUBP1,chr4_53377923_53379224,87.15591602,+
RBMS2,chr12_109088512_109092506,87.1557967,+
RBM3,chr1_24647208_24648858,87.15499948,-
PRPF3,chr6_107040230_107044259,87.15268297,+
MBNL2,chr10_28590832_28595732,87.15066393,+
HNRNPH2,chr2_219001_229965,87.14686231,+
RBM39,chr20_38448093_38448661,87.14339452,+
GRSF1,chr16_635340_636093,87.14330691,+
RBM4,chr19_38619327_38620336,87.13881522,+
SUPT6H,chr19_13109838_13109914,87.13477929,+
RBMS2,chr6_32975112_32975383,87.13234825,+
TRA2A,chr2_95888120_95889798,87.12034894,-
YBX1,chr10_110130486_110132304,87.1184188,+
SNRPB2,chr19_35742803_35743154,87.11672823,+
SAMD4A,chr2_73732700_73734428,87.11433664,-
SRRM1,chr1_85582624_85582742,87.11420301,-
RBM7,chr12_27302188_27309113,87.1050555,-
PRPF3,chr16_30756272_30756354,87.09757709,+
RBM43,chr4_49119805_49154895,87.09709637,+
RBM4,chr1_151167414_151168193,87.09499988,-
ZGPAT,chr9_41166830_41172711,87.08926753,+
RBM33,chr19_18900449_18904770,87.08642367,-
RBM8A,chr1_171514630_171515733,87.08549314,+
ANKS4B,chr2_131530827_131531622,87.08309138,+
HNRNPR,chr18_50273863_50274976,87.07998519,+
RRP7A,chr17_21629193_21632652,87.07791407,+
ZNF638,chr10_7802854_7807658,87.07571383,-
SYNCRIP,chr3_41239354_41239659,87.07337252,+
SGMS1,chr1_207767823_207783291,87.07265418,+
EEF1G,chr2_202214434_202238439,87.07057106,-
STIM1,chr3_143021385_143021472,87.06622268,+
EIF3G,chr11_62885608_62888330,87.06269528,-
PNO1,chr12_124912050_124912506,87.05930102,+
HNRNPR,chr3_33826580_33828837,87.05576595,+
YBX1,chr8_109339390_109340490,87.05568352,-
LSM5,chr8_100948900_100953268,87.05102736,+
RBMX,chr2_98608726_98609642,87.04999228,+
PUM1,chr6_56642503_56642621,87.04943337,+
PSPC1,chr3_121781874_121790072,87.04863521,+
TEP1,chr9_19200582_19378367,87.04429152,+
RBM22,chr2_58146474_58159348,87.04269253,+
ACIN1,chr5_135346057_135352945,87.04214227,+
ZNF638,chr2_73957240_73958145,87.04211001,+
SAMD12,chr12_27302188_27309113,87.04152766,-
RBM5,chr14_68882592_68884167,87.04028261,+
RALY,chr21_46649739_46664294,87.03950931,+
RBMX,chr8_80064593_80080314,87.03790908,+
SART3,chr14_73148094_73170796,87.03090763,+
FXR1,chr11_66843861_66843959,87.02959973,+
ZC3HAV1,chr12_53462567_53465931,87.02445159,+
CPSF6,chr2_215381080_215382211,87.02365476,-
EIF3G,chr9_36651877_36657240,87.02220681,+
HNRNPM,chr7_116904383_116910232,87.01352325,+
SAMD12,chr8_109334402_109336127,87.01312067,+
SPEN,chr12_52051568_52052495,87.00647534,+
MBNL1,chr7_99560695_99561887,87.00457689,+
TNKS2,chr10_37177756_37181321,87.00350988,+
PNO1,chr12_130872126_130872835,87.00329716,-
SNRPB2,chr9_128098725_128101095,86.99725933,-
RBM6,chr17_21198840_21214090,86.99703527,+
TNRC6A,chr12_68871956_68885791,86.98896007,-
RBM41,chr12_21501948_21512294,86.98802545,+
RBM4,chr20_17970370_17989938,86.98721394,+
U2AF1,chr20_17988298_17989938,86.98267544,+
EIF4H,chr16_89873859_89883350,86.98027247,+
PHC3,chr1_95234315_95246541,86.97945042,+
SLBP,chr14_100361921_100375282,86.96046406,+
HNRNPF,chr6_109369017_109376073,86.95965401,+
SNRPN,chr12_101626910_101629433,86.95491694,+
PABPC4,chr9_32553944_32570959,86.95460553,+
ZC3HAV1,chr11_86264263_86276979,86.95456526,+
SF1,chr4_98379163_98391951,86.95236167,+
RBM8A,chr6_167010893_167022408,86.94564597,+
SNRPA,chr1_53028071_53047857,86.94503498,+
RNPC3,chr2_38748653_38748897,86.94273223,+
SCML2,chr4_118704051_118709997,86.91203748,+
RBMS2,chr6_29828316_29943267,86.91047006,+
ZCRB1,chr1_112703806_112705099,86.90599488,-
YBX1,chr2_112652798_112652888,86.89703986,+
PARP14,chr2_9961436_9963885,86.89619593,+
THUMPD3,chr3_121781874_121790072,86.89536402,-
ZFP36L1,chr1_54047372_54053355,86.89463382,-
TUT1,chr14_21211563_21211809,86.88991922,-
KRR1,chr19_52322274_52322442,86.87520063,-
RBM39,chr12_112013609_112022149,86.87337786,+
SNRPE,chr15_84655409_84657175,86.86857275,+
EIF2S1,chr11_47424711_47425118,86.86734314,+
RBM7,chr18_9195698_9208656,86.86696716,+
ZC3H7A,chr2_26261063_26263379,86.86095068,+
ZFP36,chr1_53855051_53860055,86.85987101,+
ZCCHC17,chr15_32684669_32696513,86.85761179,+
G3BP1,chr12_6448737_6451468,86.85640978,+
PRPF3,chr2_61017851_61018183,86.85193043,+
RBM34,chr4_82881940_82891087,86.84634564,+
ZC3HAV1,chr1_62437400_62439798,86.84207258,+
SF3B4,chr11_118237260_118240210,86.84108774,+
ZC3HAV1L,chr17_73212740_73227164,86.83953094,+
SLBP,chr10_100527074_100529365,86.83369122,+
PPIL4,chr12_21501948_21512294,86.83241009,-
HNRNPH2,chr12_101626910_101629433,86.83083025,+
HDLBP,chr1_33021703_33036735,86.82524239,+
SNRPB2,chr19_49667161_49668850,86.82039856,+
EIF4B,chr2_173217250_173229688,86.81946908,+
SAMD4A,chr11_11842224_11884466,86.8186547,+
LSM7,chr4_54699766_54703720,86.81852883,-
MYEF2,chr1_167776166_167787819,86.81594025,+
SAMD8,chr3_121844547_121854686,86.81358867,+
SRRM1,chr17_42823879_42824154,86.81356613,+
RBM19,chr11_47565986_47569699,86.81226353,+
PNPT1,chr12_27244332_27297709,86.80583348,+
RBMX2,chr1_207767823_207770320,86.80188019,-
NCBP2,chr12_26219162_26271662,86.798139,-
SNRPN,chr6_75634811_75647730,86.7947991,+
HNRNPD,chr17_3723383_3723687,86.79074363,-
U2AF1,chr1_32627544_32633644,86.79070939,+
CPSF6,chr2_85645899_85647929,86.78631082,+
PNPT1,chr7_105014535_105038125,86.7846569,-
PPIL4,chr3_48927813_48933565,86.78399594,+
RBMX,chr1_35176474_35177318,86.78376283,+
PRPF3,chr12_19347182_19348398,86.78137325,+
ZC3H12D,chr1_186411893_186417543,86.78101639,+
HNRNPH1,chr1_204532246_204537429,86.77206581,+
SASH1,chr16_68346280_68347210,86.76959142,+
CIRBP,chr7_87185980_87188038,86.76811879,+
ZC3H13,chr4_54699766_54703720,86.76731021,+
MCTS1,chr8_73027052_73030335,86.7624495,+
MYEF2,chr2_218661545_218661758,86.76177519,+
RAVER1,chr20_49154071_49165996,86.76174656,+
HELZ,chr17_78171054_78171738,86.75962342,+
SLTM,chr12_4505380_4525253,86.75691581,+
ZFP36L1,chr12_10702134_10704050,86.75660632,+
PAN3,chr12_26976357_26980565,86.75389468,+
SNRPA,chr12_53296551_53297849,86.74285131,-
ZC3H6,chr3_141386937_141403926,86.73672064,+
PPP1R9A,chr7_95406247_95409900,86.73277299,-
ANKS4B,chr19_40348768_40366418,86.7307268,+
RPS3,chr5_7873526_7875257,86.7305527,+
SFMBT2,chr2_95888120_95923494,86.7299896,-
ANKRD17,chr10_88941390_88943796,86.72706509,-
SAMD8,chr7_80828745_80916678,86.72642656,+
SNRPG,chr2_55577356_55578246,86.7246979,+
CIRBP,chr2_24315224_24321813,86.72274502,+
ZFP36L1,chr16_1786655_1787676,86.72133242,+
SNRPC,chr2_97558994_97560664,86.71864347,+
PUM2,chr1_108693642_108695701,86.71669955,-
MKRN1,chr5_225562_225882,86.71636408,+
RBM6,chr5_79641196_79642831,86.714053,+
HELZ,chr6_56735289_56851396,86.70726139,+
RBMXL1,chr7_16880755_16881943,86.70605756,-
ZGPAT,chr11_61468714_61472744,86.69668162,+
U2AF1L4,chr14_20802093_20802796,86.69498065,+
PNPT1,chr12_124911952_124912636,86.69227339,-
DHX8,chr18_9195698_9208656,86.69221965,+
EIF3B,chr15_60347689_60351192,86.68849063,-
HNRNPK,chr1_244835756_244842194,86.67766007,+
UNKL,chr12_124911952_124912636,86.67457141,+
EIF4H,chr1_93079531_93114687,86.67428763,+
SNRPD2,chr6_135038026_135039572,86.67172952,+
PABPC1,chr20_18535742_18543018,86.66566426,-
SEC23IP,chr1_153991034_153991114,86.659802,+
LARP1,chr3_185931852_185937824,86.65647925,+
ZC3H13,chr3_48693179_48695089,86.64864152,+
HNRNPR,chr6_30346564_30346712,86.6475146,+
HNRNPA3,chr12_109088512_109092506,86.64730426,+
HNRNPA1,chr5_149517877_149520289,86.64642909,+
RNPS1,chr20_13808902_13816462,86.64281121,+
RBM4,chr17_28331987_28332145,86.63827278,+
DHX8,chr20_38421098_38422091,86.63575438,+
RBM28,chr12_130872126_130872835,86.63309832,-
PNO1,chr1_150711571_150714084,86.62213488,+
HNRNPAB,chr22_32475124_32478980,86.62158578,+
RBM41,chr8_81715114_81718181,86.62022341,-
SEC23IP,chr11_62520391_62521783,86.61904461,+
LSM3,chr2_199943834_199948336,86.61879751,+
HTATSF1,chr2_38748653_38749239,86.61669926,+
HNRNPH2,chr1_8868057_8871890,86.60854285,-
NAA38,chr1_155309076_155310063,86.60544489,+
SEC23IP,chr9_73151924_73154460,86.60233404,+
ZC3H13,chr18_3247909_3249360,86.6010895,-
TEP1,chr11_502181_507112,86.59927102,+
ZC3HAV1L,chr1_225783368_225789258,86.59384132,-
ESRP1,chr12_66310608_66313985,86.59283542,+
ANKRD17,chr4_73135265_73139530,86.59121415,+
PPIL4,chr2_25379323_25387288,86.58944144,+
TMEM63A,chr6_85615347_85622481,86.58730421,-
UNKL,chr1_228108318_228109148,86.58614639,-
KIN,chr3_56566740_56566949,86.58549589,+
UPF3B,chr5_134174514_134176854,86.58485518,-
EWSR1,chr2_27369209_27369413,86.58075751,+
YTHDC1,chr19_7680878_7682241,86.57464239,+
ZC3H15,chr4_118278792_118279388,86.55948562,-
CARHSP1,chr22_20126368_20126954,86.55697967,+
QKI,chr19_10677310_10679096,86.55515788,+
SETD1B,chr9_99221137_99221546,86.55296092,-
EEF1G,chr2_207624404_207625264,86.54499153,+
LSM3,chr2_20256170_20258236,86.54485905,+
U2AF1,chr12_124911899_124913723,86.5441783,-
TEP1,chr8_124516030_124518741,86.54142544,-
HNRNPA3,chr4_82430913_82447919,86.53993365,+
KHSRP,chr12_31305123_31326023,86.53587314,+
RBM7,chr3_48694240_48695089,86.53430044,-
HELZ,chr12_31960871_31980877,86.53330852,+
RBM7,chr22_42599793_42602769,86.52698233,+
EEF1G,chr5_150447735_150449485,86.52424713,-
DAZAP1,chr15_42258990_42260957,86.51626876,+
SF3A1,chr2_159448409_159478574,86.51622807,+
RALY,chr11_134252916_134253298,86.51568494,+
ZC3H8,chr12_329029_331793,86.51436773,-
ZC3H7B,chr1_155136951_155137978,86.51094172,-
ZRANB2,chr13_27430621_27432730,86.50997878,-
PABPC4,chr3_183833589_183840569,86.50934561,+
CHERP,chr12_14885850_14910757,86.50704086,+
GTF3A,chr8_69493125_69501873,86.50683624,+
PUF60,chr2_241680319_241685768,86.50289106,+
FUBP1,chr3_115110204_115147218,86.49974601,+
UNKL,chr7_76048226_76057409,86.49505332,-
NONO,chr1_46686870_46688352,86.49367109,+
RBMX,chr11_47569891_47571470,86.49053598,-
HNRNPL,chr4_39774933_39778359,86.49040023,+
RBM3,chr3_69080153_69080333,86.49003987,+
TIPARP,chr10_73045051_73046924,86.48951335,-
MEX3C,chr17_73236995_73242895,86.48888815,+
TARDBP,chr5_32271905_32273979,86.48736179,+
ZRANB2,chr22_35810004_35894812,86.47751879,+
SASH1,chr2_207561160_207567462,86.47450666,+
SF3B4,chr1_224967583_224968758,86.46716303,+
SRRM1,chr3_197950299_197950935,86.46413179,-
SNRPG,chr11_65713058_65713592,86.46309879,+
ZC3H7A,chr7_100030375_100033304,86.46179114,+
RBM34,chr3_180970358_180976121,86.45676804,+
GTF3A,chr6_139028875_139034158,86.45647665,-
LSM3,chr1_150711571_150711832,86.4549335,+
RBM47,chr1_161072885_161073719,86.45358356,+
ZFR,chr12_27969516_27970024,86.45168327,-
HNRNPA0,chr6_31954877_31955058,86.44985139,+
RBM8A,chr2_97187226_97189217,86.44636568,-
ZC3H6,chr9_14307520_14321940,86.44617125,+
RBMS1,chr2_32039492_32039732,86.44505004,+
PSPC1,chr3_121781874_121790072,86.44308144,+
SAMD12,chr11_77821241_77841018,86.44022549,+
THUMPD1,chr11_72111281_72111411,86.437761,+
RBM8A,chr1_35184593_35187000,86.43631706,+
ZFP36,chr17_72045524_72057458,86.42468734,+
ESRP2,chr9_121281562_121301923,86.42097923,-
FUS,chr9_27548422_27548556,86.41963557,+
HNRNPH2,chr16_80981877_80997313,86.41509493,+
EIF2S1,chr13_49075364_49114654,86.41407492,+
ESRP1,chr5_71604468_71632120,86.40314892,+
ZFP36,chr12_104021491_104049894,86.40155115,+
HNRNPA3,chr17_40628993_40630207,86.39637326,-
MCTS1,chr19_42510920_42511575,86.39475108,+
ANKHD1,chr1_51750195_51760689,86.3938017,+
ARAP2,chr1_228108321_228108436,86.3904212,+
LARP7,chr12_32737942_32740063,86.38867546,-
ZC3H12D,chr16_75641723_75647577,86.38701556,+
TARDBP,chr2_61204380_61204496,86.3828333,+
RC3H2,chr3_9977446_9986506,86.38133665,+
DHX8,chr4_105424322_105446382,86.38127381,-
SART3,chr7_99968467_99971745,86.38096629,-
ZFP36L2,chr4_82857764_82861630,86.3801622,+
PCBP1,chr10_118336423_118341726,86.37932431,+
LSM7,chr19_52845296_52849086,86.37437751,+
SNRPC,chr5_135360607_135369405,86.37183912,+
MBNL2,chr7_6392041_6400125,86.36631334,+
NONO,chr16_634797_635280,86.36623672,+
ARAP2,chr20_45814470_45815853,86.36475725,-
RBM34,chr16_31182664_31183860,86.36222626,+
RBMX,chr20_49230349_49233305,86.35122475,+
DKC1,chr17_82054975_82055161,86.34895721,+
MBNL2,chr2_150474984_150487267,86.34669256,-
ZFP36L1,chr3_16260829_16264768,86.34585481,+
MATR3,chr1_70366537_70367616,86.34225825,+
PHC1,chr20_5584322_5593326,86.33869346,+
EPHA4,chr11_75562319_75566315,86.33428549,+
MYEF2,chr19_52374427_52379420,86.32923296,+
ELAVL1,chr3_114066283_114070625,86.32849983,-
CNOT4,chr1_155256791_155258825,86.32036521,+
LARP7,chr19_42510920_42512349,86.31902978,+
RRP7A,chr12_6975148_6975695,86.31258324,+
RBM7,chr2_222643005_222648739,86.30673101,+
SRRM2,chr2_230470098_230473323,86.30276551,+
PABPC1,chr5_154950938_154956370,86.30118589,+
PNO1,chr11_102520804_102524935,86.29263518,-
HNRNPA2B1,chr2_218661545_218661758,86.29243714,+
PPFIBP1,chr19_42510920_42512349,86.28991757,+
CARHSP1,chr16_88859972_88860910,86.28576324,+
SYNJ2,chr2_12723552_12740325,86.28566177,-
TIA1,chr12_21506976_21512294,86.2825931,-
SRRM2,chr15_40853929_40854059,86.28233547,+
NONO,chr1_53233652_53235576,86.2806381,+
NONO,chr2_215393203_215394527,86.2805697,+
SNRPD2,chr12_52897618_52898678,86.28049973,-
PARP14,chr5_134741523_134743986,86.27616774,+
G3BP1,chr19_45164970_45165126,86.27596732,+
EIF4B,chr17_1712399_1713702,86.2726157,+
PPFIBP2,chr4_53428183_53442652,86.27014832,-
ZC3H11A,chr19_57769878_57778750,86.26932111,+
HNRNPD,chr12_6567922_6568206,86.26870507,+
ARAP1,chr3_28326950_28332368,86.26323181,+
SART3,chr3_184323241_184323407,86.26236876,+
FUBP3,chr2_131133015_131140166,86.25716802,+
TRA2B,chr17_15260761_15262428,86.25116548,+
SAMD8,chr10_73030370_73043886,86.24710494,+
NIP7,chr8_85217502_85220305,86.24404756,+
HTATSF1,chr2_25379323_25387288,86.24301371,+
GRSF1,chr2_73927052_73958145,86.24244989,+
RRP7A,chr18_675402_683245,86.24216784,+
RBM39,chr11_16744684_16752784,86.23917351,-
NCL,chr10_31831800_31843460,86.2348662,+
FUS,chr5_179699049_179705678,86.2343581,+
HNRNPH3,chr6_31860621_31861998,86.22845323,+
MCTS1,chr1_160224549_160225590,86.22514003,-
RBMS2,chr12_124913339_124913567,86.22493925,+
MKRN2,chr12_71907138_71913825,86.21897682,+
RBM42,chr1_168004793_168038370,86.21894739,+
NOL8,chr17_7577916_7578341,86.19908285,-
MKRN2,chr1_25243633_25244453,86.19193869,+
YBX1,chr3_157153156_157156935,86.1872955,+
SNRPF,chr2_171745927_171747778,86.18428469,+
PAN3,chr12_12357509_12361205,86.18157509,+
HNRNPH3,chr5_151109846_151117126,86.17760113,+
RBM42,chr2_222643005_222648739,86.17031257,+
NCL,chr1_39738931_39740164,86.16908959,+
RBM34,chr15_40836282_40844178,86.16697642,+
G3BP1,chr20_17975903_17989938,86.16541539,+
ZRANB2,chr6_56735289_56851396,86.16179752,+
SNRPD2,chr2_191678241_191678989,86.16165704,+
SLTM,chr4_40097569_40102074,86.16121469,+
YTHDF2,chr12_57719182_57720405,86.15808923,+
HNRNPK,chr1_86352208_86352858,86.15688001,+
TIAL1,chr2_53801842_53808298,86.15629689,+
RBM41,chr17_18587879_18594720,86.14854052,+
PPIL4,chr6_56642503_56645865,86.14363232,-
DNAJC17,chr5_132271908_132272024,86.1381549,+
EPHB4,chr16_4796048_4796189,86.13751452,+
UNKL,chr12_7060877_7061751,86.13602297,+
SRRM1,chr12_79805768_79806165,86.13232743,+
RRP7A,chr7_99967286_99967481,86.12880353,-
LARP4B,chr1_21721166_21721649,86.11279742,+
EIF2S1,chr22_22304114_22306832,86.1113365,+
MEX3C,chr19_38619223_38620336,86.1099166,-
SNRPD2,chr20_35699456_35699632,86.10757566,+
ZC3HAV1,chr12_103951630_103956630,86.1075426,+
UPF1,chr5_132195480_132198205,86.1055813,-
UPF3B,chr3_121770574_121781742,86.09476552,+
TRMT2A,chr18_3456580_3457396,86.09343132,-
LARP7,chr17_75704814_75706007,86.09227278,+
PPIE,chr5_68281006_68292258,86.09194438,+
SCML2,chr1_46309127_46309896,86.09126835,-
RBM42,chr6_135492291_135497582,86.09085248,+
G3BP2,chr5_131162676_131165059,86.08892973,-
PUM2,chr14_94581490_94581614,86.08878053,-
CNKSR3,chr1_156738764_156741052,86.08705144,-
RBM19,chr3_121826180_121828860,86.08675655,+
PHC3,chr14_21022905_21023240,86.08237386,+
RBM38,chr17_42951894_42954875,86.08148109,-
RBM27,chr13_51675243_51703595,86.07377889,+
RBM28,chr12_12203400_12266680,86.07194747,-
SAMD4A,chr22_42599793_42601969,86.06914183,+
RC3H1,chr8_73830472_73878807,86.06695561,+
ZC3H12D,chr7_116210734_116249019,86.06379205,+
SLBP,chr18_9208797_9211583,86.05583981,+
NONO,chr2_27317234_27322447,86.05324695,+
RBM22,chr10_62049483_62050887,86.05021735,-
LSM2,chr2_121471274_121503166,86.03612761,+
MATR3,chr10_124760503_124765391,86.03067318,+
UPF3B,chr16_31091342_31094556,86.01918667,-
RBM8A,chr16_53157541_53209481,86.01557573,+
SAFB,chr3_16260829_16264768,86.01285986,+
EIF4B,chr18_58333892_58341037,86.01035053,+
ENOX2,chr7_105118022_105125781,86.00976057,+
ZFP36L2,chr7_99929621_99971745,86.00098428,-
ZCCHC17,chr1_150711571_150714084,85.98716136,+
PNO1,chr15_40037018_40038281,85.98567182,+
SF1,chr3_27409530_27411641,85.98439114,+
ELAVL1,chr3_27404963_27411641,85.97238692,-
TROVE2,chr3_10118970_10125625,85.97116461,+
SLBP,chr21_39178647_39180284,85.96724035,-
CCAR1,chr6_24714440_24718539,85.9666072,-
EIF4H,chr17_75268192_75270113,85.96415582,+
SF3A1,chr11_35190065_35208104,85.96343194,-
RBMS2,chr14_94383241_94390456,85.95862976,-
TRA2A,chr13_51675243_51703595,85.95683396,+
PPP1R10,chr19_8474244_8485602,85.95550496,+
TARDBP,chr3_100492928_100555208,85.94690106,+
RBM27,chr3_121781874_121790072,85.93497824,+
SSB,chr3_172509321_172514860,85.93457421,-
PAN3,chr1_22052742_22078428,85.92859391,+
MEX3C,chr12_45961322_45961699,85.92559169,+
ZFP36L2,chr12_57720263_57720405,85.92539734,-
ZFP36L2,chr1_234398553_234401180,85.92473152,+
SNRPE,chr9_121300126_121301962,85.91996975,-
RBMS1,chr1_112703806_112707077,85.918004,+
RBM15B,chr1_94901785_94903121,85.9173954,-
ZNF638,chr1_153642429_153645063,85.91677047,-
POLR2G,chr3_114380404_114389004,85.91465461,+
PPP1R10,chr3_52693046_52693190,85.91369938,-
TIAL1,chr10_68901471_68906710,85.91314651,+
RBM22,chr1_172553370_172555868,85.91260993,+
HNRNPM,chr15_41375828_41377195,85.91038459,+
RBM8A,chr7_23106146_23117833,85.90730343,+
TEP1,chr1_145623160_145623612,85.90096519,+
RBMX,chr17_75040163_75042180,85.89590176,+
UNK,chr14_21018400_21018762,85.89440608,+
SNRPE,chr11_57426652_57427061,85.88880025,+
SUPT6H,chr12_32737161_32738263,85.87844237,-
CPSF7,chr20_289676_290258,85.87810431,+
PABPC1,chr8_116658980_116755665,85.8770784,-
THUMPD1,chr16_635340_635611,85.87247115,+
ZFR,chr15_40037355_40038281,85.87125532,+
MATR3,chr5_33998827_34004573,85.86332124,+
LSM1,chr15_76767088_76771741,85.86225242,+
GRSF1,chr10_70161931_70170412,85.85962878,+
YBX1,chr6_99412318_99412550,85.85927014,+
G3BP2,chr10_28614685_28616175,85.85834332,+
CNOT4,chr6_52681914_52686009,85.85293825,+
TUT1,chr7_73737735_73738327,85.85215383,-
NONO,chr4_184638468_184649394,85.85044096,+
HNRNPM,chr1_51652041_51714002,85.84684528,+
SAFB,chr1_37683437_37686272,85.8463877,+
RC3H2,chr12_124911899_124913495,85.83877424,-
UHMK1,chr12_124911899_124912583,85.83832228,+
PNO1,chr8_132804032_132804611,85.83146608,+
SNRPE,chr19_9828064_9828326,85.83075516,+
RBM43,chr10_80078786_80081840,85.82823509,+
EIF4B,chr5_135353045_135360496,85.82457147,+
GTF3A,chr6_99414690_99416348,85.81761781,+
LARP1,chr6_106293106_106316100,85.81604107,+
ZFP36L1,chr1_231241456_231260506,85.80699135,+
RBMS1,chr2_97555254_97560664,85.79939011,-
ZRANB2,chr12_124912050_124912278,85.7899338,+
SFMBT2,chr22_39313729_39314106,85.78927942,+
IGF2BP2,chr12_15957033_15959828,85.78123988,-
RBM39,chr8_108203503_108228266,85.77998062,-
PHC3,chr7_87185980_87188091,85.77793436,+
ZC3H4,chr1_202764145_202773117,85.77716004,+
ZC3H7A,chr1_113898801_113899903,85.77672105,+
FUS,chr1_29149226_29154695,85.77653705,+
PRPF3,chr8_61643433_61644599,85.77599762,+
RBM43,chr12_124911971_124912427,85.77059285,+
RBM12,chr15_32679915_32684559,85.77047241,+
SAMD4B,chr12_31298224_31304981,85.77041691,-
EIF4B,chr17_67963506_67964211,85.76501849,+
NONO,chr1_244842058_244842194,85.76162725,-
UNKL,chr2_202278329_202282350,85.76077635,-
PABPC1,chr2_30147062_30156627,85.75263268,+
THUMPD1,chr17_40630286_40630713,85.75144192,-
EIF4H,chr6_33294762_33294976,85.75101212,+
CSDE1,chr15_60468162_60476062,85.74901753,+
LSM4,chr2_27772692_27779432,85.74899546,-
SASH1,chr1_32634792_32650432,85.74639828,+
U2AF1,chr8_142701713_142703125,85.74054319,+
HNRNPM,chr6_33417695_33418086,85.73995399,+
PUM2,chr1_228108318_228109148,85.73862724,-
MBNL2,chr5_170805853_170811955,85.73477979,-
RRP7A,chr6_31639226_31639499,85.73430896,+
PNO1,chr12_76459895_76487509,85.73282085,+
PNPT1,chr1_108692867_108693589,85.73022729,+
PPP1R10,chr11_118235589_118240210,85.72394155,+
LSM7,chr9_32974561_32985970,85.72353684,+
ZFP36L1,chr18_30994372_30996790,85.72137251,-
SNRPE,chr15_72200655_72203021,85.720616,-
NOL8,chr7_103341865_103344558,85.71682684,+
NAA38,chr6_87243611_87254649,85.71631654,+
HNRNPH2,chr8_140702707_140706118,85.7111667,+
RBM34,chr16_1312603_1314019,85.71010237,+
RBM8A,chr10_96130752_96132585,85.70914804,+
PPFIBP2,chr17_5422829_5432541,85.70510567,+
HNRNPH1,chr19_38264998_38287875,85.70206602,-
ZFP36L1,chr3_169773462_169774030,85.69381501,+
SYNCRIP,chr6_56735289_56851396,85.69012255,+
PABPC1,chr18_12311053_12329145,85.68635163,+
SNRPB,chr17_30709811_30759490,85.68333971,+
INPPL1,chr12_52244611_52245411,85.68302496,-
HTATSF1,chr2_203402734_203416907,85.68097081,+
SSB,chr1_243304777_243307988,85.68018083,+
HNRNPH2,chr10_37201325_37215494,85.67932177,-
RBM3,chr19_14562575_14563173,85.67530336,-
PUM1,chr5_98868635_98869753,85.6713041,+
PUM2,chr6_7393303_7395052,85.66868032,+
PARN,chr2_172498100_172504090,85.66747553,+
NONO,chr7_76013887_76021850,85.65442679,+
SCML2,chr20_44582731_44589796,85.65384117,+
RBM34,chr19_1438428_1438810,85.65183701,+
ASCC1,chr14_20802093_20802796,85.65173067,+
SHANK2,chr18_11885043_11885675,85.64244437,+
RBMX,chr17_81511803_81511902,85.64212788,-
EIF3B,chr19_5896997_5901334,85.63788981,+
HNRNPL,chr3_112995265_112996891,85.63369463,+
ZFR,chr9_133348388_133348921,85.63121374,+
SASH1,chr17_82019909_82022825,85.62734117,+
TIA1,chr3_143021385_143021472,85.627337,+
RC3H2,chr1_94901785_94903121,85.62587322,+
EWSR1,chr2_241315982_241317498,85.62524678,+
ANKS1B,chr6_44223641_44226060,85.62038447,-
SNRPG,chr3_134482931_134485951,85.61879703,+
NONO,chr12_26231119_26231922,85.61725317,+
EIF2S1,chr3_9977446_9986506,85.61606123,+
FMR1,chr1_155709824_155721516,85.60571791,+
KIN,chr4_53377923_53379224,85.60214409,+
SNRPG,chr3_141386937_141396258,85.60172203,+
ZC3H15,chr3_149966264_149968357,85.59978173,+
PPIE,chr12_70278274_70310894,85.59897813,+
RBM34,chr1_24655129_24660718,85.59210816,+
LSM3,chr12_14884245_14905108,85.58913878,+
YBX1,chr8_58553303_58565021,85.58701558,-
FXR1,chr3_105550259_105552467,85.5855272,-
FUBP1,chr6_125298816_125300537,85.58092676,+
RBM34,chr2_61017851_61018188,85.57010512,+
MEX3A,chr12_27022621_27027346,85.56787687,+
YTHDC1,chr12_124911822_124913418,85.56251269,-
MBNL2,chr7_140345970_140348625,85.56059272,+
SSB,chr8_73027052_73032041,85.56050655,+
HNRNPL,chr6_24714440_24716032,85.55703541,-
RBPMS,chr17_16440253_16441367,85.55447891,-
THUMPD1,chr1_146189381_146228708,85.54968205,+
RBMS2,chr14_20684758_20693546,85.54953491,+
ANKHD1,chr3_142185793_142185928,85.54534289,+
TRA2A,chr2_27772692_27779432,85.53690384,+
HNRNPD,chr12_15957033_15958187,85.53356435,+
NOL8,chr5_36177292_36183839,85.53335192,+
SNRPB,chr10_6226365_6232894,85.51916586,+
HTATSF1,chr19_18589077_18589478,85.51519039,+
ZCRB1,chr12_16347898_16354230,85.51492455,-
LARP7,chr10_89010600_89010752,85.51424428,+
ZC3H6,chr1_228108321_228108436,85.51199969,+
ANKHD1,chr1_228140363_228141123,85.5097208,+
RBMS2,chr19_9827984_9828326,85.50673742,+
KIN,chr1_168004793_168043024,85.50614634,-
SCML2,chr12_5276889_5292144,85.50496816,+
SART3,chr10_74975454_74977315,85.5030287,+
PAN3,chr3_146517167_146525604,85.50174297,+
SYNCRIP,chr14_94110797_94114850,85.50109987,-
EIF3G,chr3_3129188_3129918,85.49856008,+
RBM4B,chr12_79805768_79807225,85.49812979,+
UHMK1,chr6_75237988_75241175,85.4936828,-
RBM43,chr3_183840640_183844230,85.48749398,+
HNRNPA3,chr8_144412946_144413512,85.48739458,+
YTHDF3,chr8_89762982_89765340,85.48208972,+
SNRPD3,chr1_224308263_224317693,85.47535285,+
ZFR,chr19_43652371_43656478,85.47390848,-
MCTS1,chr14_105478360_105478449,85.47057283,+
TEP1,chr11_61438113_61445940,85.46843481,+
MEX3D,chr6_42632904_42635417,85.46834055,+
HNRNPC,chr10_62049483_62050887,85.4667601,+
ANKS4B,chr1_20779911_20787194,85.46472283,+
PAPSS2,chr11_32583929_32589546,85.46248051,-
HNRNPF,chr14_23565701_23565815,85.45544357,+
KHDRBS3,chr17_72431224_72592202,85.45020598,-
PARP14,chr12_95252071_95257149,85.4470362,+
SRRM2,chr18_30994496_30996790,85.43986483,-
TNKS2,chr10_37177756_37181321,85.43970193,+
ZFP36L1,chr2_169799516_169800951,85.43722044,+
SRRM1,chr3_29281756_29434742,85.43628963,+
HNRNPH2,chr17_68450897_68452909,85.43568609,+
RBM34,chr8_127736623_127738250,85.43560569,+
MBNL1,chr11_95865676_95888155,85.43518249,+
PNPT1,chr17_2041875_2042604,85.43475464,+
SNRPE,chr2_237627740_237708543,85.42820307,+
PPP1R9A,chr6_107040230_107044259,85.4254854,+
RBM14,chr2_152663967_152664137,85.42499163,-
RBM8A,chr1_193016395_193021096,85.42347755,+
SETD1B,chr19_38619327_38620336,85.4233558,+
LSM5,chr8_48008470_48043032,85.42066729,+
PRPF3,chr12_6566324_6566528,85.41869648,-
PUM2,chr15_29720016_29720357,85.41316632,+
PAPSS1,chr12_124912180_124913320,85.41314757,-
HNRNPK,chr18_36124700_36129113,85.40934827,-
PABPC1,chr4_185684846_185690561,85.40499205,+
HNRNPF,chr7_116250496_116252317,85.40460452,+
SAFB,chr3_41239354_41239818,85.40402602,+
L3MBTL4,chr5_36177292_36183839,85.40195707,+
RBM27,chr1_109236870_109237243,85.39701701,-
ZRANB2,chr12_6578917_6589119,85.39668088,+
UNKL,chr4_82881940_82891087,85.39580363,+
YTHDF3,chr9_127450804_127451280,85.39317015,+
RBM22,chr1_204532246_204537429,85.38846365,+
HNRNPA0,chr3_69077918_69080333,85.38174147,+
MKRN3,chr10_102377140_102379283,85.3753455,+
HNRNPR,chr16_208664_220648,85.37341244,+
RBM7,chr11_18266443_18266883,85.37204997,-
PABPC1,chr11_34978182_34984569,85.36976715,+
CNKSR1,chr2_26261063_26263379,85.36773383,+
MCTS1,chr7_67306083_67308934,85.36256609,+
SNRPE,chr21_37157214_37159698,85.3607114,-
ZFR,chr15_101285801_101286213,85.35884574,+
ZC3H12A,chr12_28225861_28257201,85.35444981,+
EIF4H,chr4_102726683_102760717,85.35023943,+
G3BP1,chr17_42953778_42954875,85.35016573,+
KIN,chr14_23564221_23564332,85.34907118,+
ZC3HAV1L,chr6_110875215_110892160,85.34575294,-
EPHB6,chr8_100948900_100952849,85.34513599,-
KIN,chr2_97181626_97204190,85.34356808,+
ZC3H12A,chr14_23016635_23033367,85.34333419,+
SNRPC,chr14_69767380_69768137,85.33384101,-
YTHDF2,chr17_49706309_49706964,85.32967576,+
CCAR1,chr1_32634072_32634701,85.32538602,+
ZC3H12D,chr8_119580167_119582429,85.32459677,+
EIF3G,chr19_58325361_58326822,85.32102266,+
TRMT1,chr17_39745788_39746108,85.31744793,-
MEX3D,chr14_22905453_22905605,85.31591871,+
RBM26,chr19_41436472_41438217,85.31455949,+
INPPL1,chr10_26751783_26755654,85.31195877,+
HTATSF1,chr14_91873675_91877486,85.30365823,+
NONO,chr10_28590832_28608185,85.30336878,+
PARN,chr1_37495918_37496546,85.30047591,+
PPP1R9A,chr10_88941869_88943796,85.29712906,+
EIF4B,chr10_35195214_35206894,85.29354408,+
ZC3H14,chr3_9977446_9981633,85.27850644,-
ANKRD17,chr15_64136932_64138041,85.27677815,+
UHMK1,chr4_185630598_185635354,85.27389201,-
NAA38,chr18_13671973_13681604,85.27218992,+
NCL,chr12_6724818_6727925,85.2692319,+
RBMX,chr1_116393723_116396597,85.26670781,+
MCTS1,chr2_189578353_189579812,85.26367125,+
RBM17,chr12_124911899_124912811,85.26282775,-
SNRPD3,chr19_52374427_52383848,85.25804882,+
SNRPD2,chr12_76450988_76487509,85.25676002,+
MKRN1,chr5_43454043_43483821,85.2564419,-
U2AF1L4,chr19_36124363_36125450,85.24998923,-
LSM2,chr5_102961229_102990271,85.24940069,+
HNRNPH3,chr11_62633514_62634309,85.24627789,+
ZC3HAV1,chr7_22976305_22977340,85.24063986,+
EIF2S1,chr1_1652566_1655368,85.23995569,+
LSM6,chr8_99892047_99893638,85.23850076,+
EIF3B,chr20_62303781_62306196,85.23710762,+
PNO1,chr1_155136376_155137560,85.22993971,+
SEC23IP,chr11_134252916_134253226,85.22042831,+
ANKS1A,chr12_14905215_14910757,85.219527,-
RBM18,chr1_33021703_33036735,85.21575969,+
HNRNPA1,chr1_37683437_37686272,85.21190125,+
HNRNPF,chr11_11880380_11884466,85.20058628,+
HNRNPA2B1,chr3_183092545_183094558,85.20009824,+
HNRNPA2B1,chr1_28229023_28232920,85.19699997,+
SAMD8,chr7_120840109_120856697,85.19478471,+
TRNAU1AP,chr15_60386086_60396150,85.18788844,-
HNRNPA1,chr4_76054274_76075880,85.1872367,+
SYNJ2,chr17_47973693_47973930,85.18482135,+
ZCRB1,chr18_11886781_11886916,85.18001766,+
EIF4B,chr14_49838206_49846139,85.17427682,-
ZFP36L1,chr19_5657347_5661517,85.17355852,+
SRRM1,chr7_74056713_74059885,85.17004248,-
ANKRD17,chr11_130135715_130137255,85.16419429,+
PAN3,chr18_36139613_36141136,85.16358747,+
EPHB3,chr20_17988298_17989938,85.16121663,+
PPFIBP1,chr7_141006535_141010418,85.15899499,+
LARP4,chr17_27309272_27311508,85.14382477,+
SNRPC,chr10_35179276_35206894,85.14213036,+
YBX1,chr15_101650161_101652270,85.13168225,+
RRP7A,chr2_189782602_189784268,85.12758367,+
ZC3H4,chr5_304221_314416,85.12613052,-
THUMPD1,chr11_10801087_10802048,85.12536485,-
RBM18,chr10_109888192_109888502,85.11578656,+
CARHSP1,chr1_228141288_228145510,85.10909755,+
ZFP36L1,chr2_43794643_43795886,85.10902919,+
MEX3A,chr17_16440253_16441367,85.1088272,-
RBM41,chr20_37236709_37238401,85.10309492,+
CCAR1,chr9_122285287_122291748,85.09890489,+
NIP7,chr13_108286859_108303252,85.09709639,+
ZC3H11A,chr11_83280260_83285126,85.09521849,+
PHC1,chr6_75237988_75241175,85.09442651,-
RBM47,chr3_48469843_48473009,85.09222186,+
ANKS4B,chr19_48965916_48966283,85.09127028,-
G3BP1,chr4_112637239_112644667,85.08929343,+
KIN,chr7_27816394_27816889,85.08766483,+
ANKS4B,chr6_46168297_46170807,85.08602416,+
PABPC4,chr6_75241265_75243422,85.08452409,-
CARHSP1,chr4_15971082_15980421,85.06887188,-
SNRPG,chr20_35699451_35699632,85.0685618,+
GRSF1,chr12_6975148_6975695,85.06612478,-
EPHA4,chr2_27445449_27445744,85.05791406,+
HNRNPA1L2,chr19_1032696_1036129,85.05338363,+
GRSF1,chr8_116938680_116942557,85.04725852,+
DHX57,chr16_18789118_18790243,85.04689471,-
PARP14,chr6_31581630_31581813,85.04601917,+
SASH1,chr4_75793901_75795335,85.04535154,+
HNRNPA1,chr9_127450804_127451280,85.03982481,+
HDLBP,chr6_21065228_21198020,85.03978852,+
HTATSF1,chr1_213008466_213015612,85.03765454,+
MKRN2,chr11_112085462_112085977,85.03535446,+
MBNL1,chr22_31531129_31546860,85.03315594,-
CHERP,chr1_53028071_53047857,85.03158804,-
FXR1,chr5_81489309_81615472,85.02816686,+
NCBP2,chr17_51161272_51166826,85.02670179,+
HNRNPA3,chr14_65093815_65102303,85.01986856,+
SF3B4,chr6_42934598_42935411,85.01894955,+
G3BP2,chr20_45944320_45944867,85.01481785,+
NONO,chr1_153968639_153968929,85.01393552,+
SNRPC,chr12_15957033_15958187,85.01323823,+
ANKS1A,chr2_38749346_38749528,85.00952631,-
TIAL1,chr22_35263874_35264647,85.00822118,+
SNRPB,chr7_74189918_74190246,85.00384216,+
LARP7,chr1_202764145_202766925,85.00329134,+
CSDE1,chr2_47170764_47172413,85.00008023,-
HDLBP,chr11_2400798_2402293,84.9984662,+
SRRM1,chr4_53377923_53379224,84.99551137,+
FXR1,chr6_30642247_30642767,84.99502591,+
SAMD8,chr7_76005404_76021850,84.99405087,+
LARP4,chr4_185630598_185635354,84.99141417,+
SNRPC,chr6_159790060_159790939,84.99072186,+
KHDRBS1,chr4_112637603_112644667,84.99034616,+
THUMPD3,chr8_99892047_99893638,84.98982125,-
HNRNPK,chr14_55661612_55667240,84.98072665,+
HNRNPA3,chr3_170136665_170145422,84.97882331,+
NIP7,chr10_30337031_30340225,84.97814131,+
TRA2A,chr14_49626048_49633286,84.9755596,+
CPSF7,chr12_120563070_120563346,84.97542637,+
RBM41,chr8_61681036_61682438,84.97309316,+
DKC1,chr3_123618770_123620206,84.972232,+
U2AF2,chr11_34978182_34984569,84.97055307,+
DUS3L,chr8_102836541_102838743,84.96716586,-
MBNL2,chr17_41689069_41690087,84.96574789,-
CIRBP,chr10_37180798_37181321,84.95785748,-
TNRC6A,chr2_28852499_28861117,84.95531032,+
SNRPB,chr18_59225734_59230403,84.94952695,+
EIF4B,chr3_134358719_134359282,84.94178928,+
SUPT6H,chr19_12948358_12948513,84.94029044,-
PHC3,chr5_132271466_132272024,84.93719496,-
PUM1,chr7_75996599_76003757,84.93525073,+
EIF4B,chr17_73209768_73227164,84.93316471,+
TROVE2,chr2_241268541_241272760,84.93266022,+
ZFP36L2,chr12_103934287_103938339,84.9319157,-
PAN3,chr12_6448737_6451468,84.92996053,+
RBM7,chr18_35290391_35305975,84.9242273,+
PUF60,chr10_102377128_102379283,84.92106887,+
RBMS1,chr15_79967692_79970699,84.9197734,-
EIF4B,chr7_2379511_2380278,84.91958897,+
MBNL1,chr12_50138617_50143073,84.91895964,+
RBM25,chr7_99560695_99563862,84.91754908,+
ZC3H11A,chr19_2269744_2271781,84.9152754,-
RBMX,chr12_32737161_32738263,84.91145371,+
PABPC1,chr12_862270_878211,84.91014307,+
ARAP1,chr4_76054274_76058591,84.90709593,-
RBM3,chr1_151369554_151369712,84.90352724,+
RBM4,chr12_6448737_6450892,84.90288358,+
HNRNPK,chr12_101626910_101629433,84.90153641,+
YBX1,chr12_124912734_124913418,84.90095932,-
PRPF3,chr9_36651877_36665349,84.90003819,+
SASH1,chr17_59962616_59962826,84.89286376,+
SNRPN,chr17_58351508_58352066,84.8925112,+
SAMD5,chr14_73921105_73923394,84.89161439,+
CSTF2T,chr3_183086788_183094558,84.89047247,-
FXR1,chr6_26127761_26138053,84.88565985,+
RRP7A,chr20_35772079_35774487,84.88440754,+
PCBP1,chr1_19978524_19978733,84.88370444,+
RBM6,chr1_161073299_161073719,84.88363503,+
PAN3,chr3_121699885_121702480,84.88024952,+
HNRNPM,chr16_1786955_1787676,84.87799669,+
EIF3B,chr15_69453020_69455169,84.87784307,-
MCTS1,chr1_61683546_61686791,84.87505125,+
HNRNPK,chr19_49981013_49988371,84.87323687,+
G3BP1,chr12_48671962_48679654,84.86595132,+
ZC3H12D,chr11_62633514_62634820,84.86386343,+
LARP7,chr7_103304490_103308951,84.86299574,+
DKC1,chr2_218661545_218661758,84.86282197,+
RBM34,chr11_62882999_62883988,84.86229479,+
TRA2B,chr16_14998405_15004186,84.8583199,+
THUMPD3,chr1_32226320_32228498,84.85568876,-
ZC3H11A,chr9_129634221_129635207,84.85537423,+
ZMAT5,chr10_62049483_62050887,84.85465896,-
RBM4,chr9_83974589_83976994,84.85278173,-
SF3B4,chr13_51660663_51703595,84.85175456,+
SSB,chr1_111119959_111120531,84.85061575,+
LARP7,chr6_26124633_26138053,84.84954654,-
NCL,chr19_9828064_9828326,84.83778122,+
ZFP36,chr2_97194754_97194844,84.82217812,+
CSTF2,chr17_36578192_36579244,84.81887494,-
KHSRP,chr11_66640123_66646026,84.8157399,-
POLDIP3,chr10_18672705_18673983,84.81315057,+
SNRPG,chr3_28263380_28316332,84.81007923,+
LARP1B,chr5_272772_314416,84.80600069,-
SCML2,chr14_91873675_91877486,84.80110581,-
EEF1G,chr15_60396427_60397942,84.80105148,+
HNRNPK,chr1_202764145_202766925,84.79766926,+
LARP7,chr5_179616218_179617020,84.79417002,+
RBM41,chr2_20258371_20260336,84.79324142,+
ZFP36L1,chr6_85536924_85538837,84.7931861,+
PUF60,chr17_5477999_5480053,84.79297676,+
U2AF1,chr17_42951894_42954875,84.79058509,+
PARP14,chr1_196690239_196713734,84.79027696,+
TNRC6A,chr12_29341816_29343119,84.78640143,+
SLBP,chr1_162796677_162797827,84.78433308,+
RBM41,chr13_102664936_102674282,84.7829719,+
ZC3H12B,chr4_103096274_103099782,84.78250758,+
CPEB2,chr7_105118022_105125781,84.7785047,+
TRA2A,chr9_136862345_136862905,84.77604855,+
FUBP1,chr12_22457161_22458483,84.77554634,+
POLR2G,chr1_182388750_182390496,84.77068069,-
SF3B4,chr1_42456628_42457246,84.76607517,+
U2AF1,chr16_19764112_19788837,84.75926182,+
UNK,chr19_38930998_38931275,84.75747305,+
ARAP2,chr5_96695907_96722638,84.75174975,-
ZFP36L1,chr4_98379163_98391951,84.74833316,+
HNRNPA1,chr11_134248484_134249166,84.74083641,-
EIF3B,chr2_159448409_159453612,84.7405018,+
LARP7,chr1_32627544_32631826,84.73565248,+
MATR3,chr9_136862345_136862905,84.73554619,+
RBM43,chr6_10749698_10755141,84.73318944,-
SSB,chr12_29341816_29343119,84.7293216,+
SF1,chr3_186787264_186787478,84.72552575,-
KHDRBS1,chr6_311962_335113,84.72255244,+
L3MBTL4,chr10_3147737_3149620,84.72247704,+
SAMD8,chr2_25451635_25455404,84.71799055,+
SRRM2,chr17_81845742_81860326,84.7166388,-
ACIN1,chr17_74203710_74203917,84.70149617,-
SART3,chr12_52237717_52238679,84.70130719,-
IREB2,chr1_151240039_151242122,84.70040866,+
ZFP36L1,chr1_77967101_77967626,84.69950884,+
MATR3,chr2_134946465_134947735,84.69797136,+
DHX8,chr3_114974416_115147218,84.69697217,+
HNRNPAB,chr1_33014594_33021592,84.6967167,-
RBM33,chr11_3001248_3001969,84.69287188,+
RNPC3,chr12_122519029_122521384,84.69241562,+
ZC3H7A,chr17_16440253_16441367,84.69171029,+
CARHSP1,chr12_26219162_26271662,84.68011617,-
WDSUB1,chr1_51714079_51745535,84.67979004,-
KIF24,chr17_16439414_16440184,84.67895063,-
SNRPB,chr15_32691763_32696513,84.67594555,+
SAMD8,chr2_169824640_169824781,84.67461457,+
SNRPD3,chr18_63981838_63983578,84.66443254,+
LSM7,chr7_99458355_99460085,84.6636409,+
RBMX,chr6_44223641_44227259,84.66317507,+
GRSF1,chr1_52056379_52064824,84.66309038,+
MATR3,chr1_228108321_228108436,84.65949137,+
RBM6,chr3_158710921_158713796,84.65821966,+
PNO1,chr10_34336243_34337364,84.65819074,+
NSUN6,chr14_105478360_105478449,84.65540215,+
PCBP2,chr3_100310542_100311832,84.65196914,+
LSM7,chr3_114693575_114801100,84.64865059,+
HTATSF1,chr7_116250496_116252317,84.64636606,-
FXR1,chr13_75804541_75809153,84.64504622,+
HNRNPAB,chr20_44901833_44902897,84.64501581,-
ZCCHC17,chr1_42457567_42459602,84.64436795,+
PCBP2,chr2_73927052_73958145,84.643138,+
UPF3B,chr12_28225861_28257201,84.62945292,+
ZRANB2,chr10_78037304_78040614,84.62752892,-
HNRNPH3,chr6_42884750_42886255,84.62673462,+
RBM3,chr10_75214070_75219062,84.62327235,+
PHC1,chr14_70329236_70359518,84.62185371,-
NONO,chr22_44808438_44809005,84.61757006,+
STIM1,chr12_28362515_28450160,84.61175652,+
NUPL2,chr2_200861862_200864100,84.60765222,+
DHX8,chr19_19194133_19196962,84.59769962,+
SNRPD2,chr7_99409004_99410033,84.59255892,+
HNRNPH2,chr1_12568424_12578717,84.58914435,+
SNRPB2,chr12_121328497_121330582,84.58904871,+
RBM19,chr6_11193692_11213280,84.58670641,-
PPIE,chr19_18907112_18910970,84.58521908,+
PAPSS1,chr5_132866691_132866868,84.58486641,+
DHX57,chr10_45972730_45982522,84.58106212,-
HNRNPM,chr4_87441915_87449141,84.58057843,+
THUMPD1,chr12_6905759_6906408,84.58033139,+
HNRNPR,chr8_66922725_66926197,84.58004456,+
LSM7,chr15_41349241_41351032,84.57986972,+
NCL,chr1_149390922_149430933,84.57962284,+
RBM17,chr1_117153369_117170106,84.57475954,+
POLR2G,chr17_50737479_50740305,84.57239017,+
ZC3H6,chr3_158588924_158592433,84.5685367,+
AKAP1,chr12_4612718_4613514,84.56612844,-
THUMPD1,chr8_81715114_81718181,84.56498277,+
NONO,chr3_100310542_100316098,84.55800416,+
RBM3,chr17_28331987_28335339,84.55430045,+
HNRNPA1,chr8_80064593_80080314,84.55008487,+
TRA2B,chr7_76005404_76021850,84.55001003,+
HNRNPL,chr10_29686651_29735750,84.54971069,+
TDRKH,chr18_30994496_30996790,84.54729105,-
PAN3,chr15_72200655_72203021,84.54411404,-
SNRPE,chr9_136850137_136850505,84.5408249,-
LSM3,chr1_51714079_51745535,84.53938351,+
PNO1,chr6_56735289_56843054,84.52085614,+
CIRBP,chr14_20684758_20693546,84.51802082,-
CIRBP,chr1_225783368_225789258,84.51528172,-
FUBP1,chr3_52198255_52199209,84.51100657,+
RBM15B,chr12_70319364_70335437,84.50965524,-
RBM17,chr1_228108318_228108436,84.50111031,+
SASH1,chr22_35781743_35809779,84.50090389,+
TRNAU1AP,chr1_28561260_28561345,84.49523538,+
ANKRD17,chr4_82861708_82863317,84.49376595,-
SAMD8,chr18_62045979_62072672,84.4876251,+
PHC3,chr12_6330711_6330852,84.48165703,+
PTBP2,chr18_63983721_63985092,84.47928952,+
SASH1,chr17_68101959_68114421,84.47706058,+
THUMPD3,chr1_201958908_201963615,84.47604317,+
RRP7A,chr2_227340380_227342744,84.47362341,+
SAMD4B,chr1_108692867_108693589,84.47071568,+
ANKS4B,chr11_33742084_33747129,84.46900865,+
PABPC4,chr20_58993675_58994109,84.46867375,+
ZC3HAV1,chr10_124498128_124517179,84.46705822,+
PPP1R10,chr21_46636990_46643531,84.4655098,+
PHC3,chr19_36115928_36116040,84.46332701,+
TARDBP,chr8_127323154_127420828,84.46122277,+
PNO1,chr1_111139711_111140037,84.44953603,+
EIF4H,chr14_21211563_21211809,84.44939209,-
MATR3,chr16_3067415_3067983,84.44314211,-
SYNCRIP,chr10_78037304_78040614,84.43166125,+
ACIN1,chr9_86317276_86319583,84.42324833,+
UNKL,chr1_219179246_219193081,84.42312507,+
RBM5,chr11_61438113_61472744,84.4226235,+
RBMS3,chr15_72200655_72203021,84.42246818,+
PNO1,chr2_222643005_222648739,84.42122958,+
HNRNPA1,chr12_329029_331793,84.42103759,+
ZRANB2,chr7_72830813_72831601,84.42015878,+
YTHDF3,chr2_119367644_119368187,84.41112728,+
KHDRBS3,chr12_6566324_6566528,84.40417412,-
ZC3HAV1,chr3_152447773_152456266,84.40355002,+
TARDBP,chr8_127290060_127420828,84.40247212,-
SAMD5,chr21_32413013_32467695,84.3962077,+
PPFIBP1,chr7_140337349_140343411,84.39362338,+
DKC1,chr1_193016395_193020306,84.39220313,-
SAMD12,chr1_156061443_156068269,84.3914949,+
ZC3HAV1,chr4_87499585_87504821,84.39050118,-
ANKHD1-EIF4EBP3,chr1_171514630_171515733,84.38957453,-
EIF4H,chr17_5474789_5477847,84.38813101,+
SRRT,chr1_203179877_203181161,84.38788827,+
ZC3H11A,chr6_56670807_56699652,84.38364759,+
RC3H1,chr14_21500682_21500912,84.38308637,+
RBM8A,chr3_187734907_187736089,84.38040881,+
UHMK1,chr12_6439676_6443545,84.3803987,+
PCBP2,chr9_86317276_86318957,84.37139105,+
ZNF638,chr3_157153156_157157010,84.37091351,+
ZC3H13,chr4_107660072_107682014,84.3557554,+
PPP1R10,chr15_22839790_22851638,84.34204834,+
ELAVL1,chr1_107642755_107683487,84.33603683,+
RBM39,chr2_159412545_159427940,84.33370663,+
RBM34,chr12_14884245_14910757,84.3321992,-
MKRN2,chr12_111991889_112003799,84.33174964,+
CHERP,chr12_14884245_14905108,84.33163695,-
HNRNPA3,chr3_29281756_29434742,84.32920755,+
ZC3H11A,chr1_156236483_156242552,84.32781369,+
PPP1R9A,chr14_30622399_30630476,84.32771923,-
NONO,chr8_11853479_11868000,84.32709134,+
KRR1,chr6_122423686_122427902,84.32516783,+
SNRPE,chr19_38930998_38931275,84.32462762,+
SAFB,chr6_41068953_41070075,84.32271586,+
SYNCRIP,chr4_118278792_118278943,84.3162209,+
PAN3,chr5_43123310_43139164,84.31504807,+
PSPC1,chr22_29298895_29299194,84.30888461,+
HELZ,chr3_121668158_121669196,84.30075134,+
SYNJ2,chr19_1438428_1438810,84.29912148,-
LSM10,chr1_46558800_46560233,84.29768741,+
RBM3,chr1_207790345_207793518,84.29750729,-
MEX3C,chr4_82829058_82844385,84.29126583,+
SLBP,chr11_112085462_112086639,84.29033397,-
HNRNPM,chr12_124911822_124913418,84.28931652,-
SNRPD3,chr12_120563070_120563346,84.28768368,+
ENOX2,chr1_40040801_40059336,84.28634379,+
RBM42,chr7_75996599_76003757,84.28452914,+
LARP1B,chr7_105014535_105038125,84.28300018,-
EIF2S1,chr19_38898425_38899505,84.28216683,+
SNRPN,chr16_1786955_1787676,84.28207323,+
EIF4B,chr15_85658590_85662387,84.27395115,+
CIRBP,chr1_52911790_52913894,84.27019141,+
LSM2,chr3_49310737_49324701,84.26977061,+
FXR1,chr6_26124749_26127697,84.26491968,+
LEMD3,chr5_272772_311292,84.26477283,-
INPPL1,chr1_156115274_156134402,84.26417496,-
HNRNPC,chr1_46558800_46561477,84.26255616,+
CPSF6,chr1_213000383_213005032,84.25479223,+
SCML4,chr5_132271908_132272024,84.25448507,+
HNRNPA0,chr12_120566980_120575630,84.25064764,+
MATR3,chr8_85217502_85219235,84.24725607,+
INPPL1,chr16_69120649_69121052,84.24435007,+
LSM7,chr17_58351508_58352064,84.24219507,+
KRR1,chr15_101285801_101286907,84.23893661,+
LENG9,chr8_80053430_80171424,84.23638135,+
ZC3H12D,chr18_9208797_9211583,84.23401539,+
MBNL1,chr2_27444061_27444185,84.2307301,+
SSB,chr17_68101959_68114421,84.22880937,+
SAMD8,chr17_15260761_15265153,84.22444256,+
TIAL1,chr8_143581328_143586728,84.22172082,+
SAMD5,chr6_32554971_32584108,84.22107105,+
RBM3,chr21_26468631_26480271,84.22010161,+
RBM3,chr8_127290060_127420828,84.21959656,-
RBM3,chr3_101580004_101585439,84.21934301,+
SF1,chr12_14456634_14460494,84.21560359,-
RBM4,chr12_10607936_10609097,84.21059224,+
FUS,chr6_30741333_30742146,84.20869985,+
CARHSP1,chr7_43650712_43729428,84.20687734,+
RNPS1,chr17_81891841_81894466,84.20579401,+
PHC3,chr9_32988129_32989758,84.19865576,+
RBM34,chr15_92900824_92924320,84.19809416,+
UNKL,chr2_202290457_202291020,84.19467141,-
LSM1,chr1_32634072_32634767,84.19347865,+
RBM6,chr7_122078014_122078861,84.19252293,+
NAA38,chr21_17598824_17604144,84.18817942,+
PTBP2,chr19_19194133_19196965,84.18415175,+
RBM25,chr5_163503424_163512001,84.18295289,+
SYNCRIP,chr21_26468634_26480271,84.18214494,-
DDHD2,chr16_31092866_31093311,84.18099042,-
RBM34,chr3_134482931_134485319,84.17693421,+
PTBP2,chr5_138157267_138160068,84.17668618,+
RBM41,chr1_109200900_109202943,84.17557749,+
SNRPC,chr13_37569383_37569743,84.17115423,+
SCMH1,chr1_32228816_32230926,84.16966356,+
SLTM,chr6_26124633_26127697,84.16914478,+
RBM3,chr12_79805768_79807225,84.16721852,+
LSM7,chr12_70332846_70335437,84.16625986,+
UPF3B,chr15_74926887_74937914,84.16262678,-
SF3B4,chr3_121699885_121702480,84.1618713,+
RBM3,chr6_26124749_26127697,84.15960724,+
ZC3H15,chr14_24240875_24241674,84.15687613,+
SNRPD2,chr1_223235100_223264629,84.15639394,+
SAMD8,chr7_2222754_2225409,84.15252162,+
KIN,chr15_79961174_79970699,84.15200695,-
ANKS3,chr12_56666266_56671748,84.14733583,-
HNRNPM,chr12_56158711_56159974,84.14664569,+
ZFP36,chr4_82898062_82900076,84.14466652,+
ZFR,chr15_50725323_50726072,84.14145587,+
THUMPD1,chr12_109561104_109561419,84.13690794,+
MBNL3,chr5_272772_314416,84.13616906,-
NCBP2,chr17_38809765_38810275,84.12448766,+
KIN,chr22_35810004_35840191,84.12281555,+
ZC3H4,chr19_49666799_49668850,84.12249648,+
HNRNPA3,chr4_105424322_105446382,84.11954927,+
PCBP2,chr3_28326950_28332368,84.1161285,+
HNRNPH1,chr18_9204544_9208656,84.11087034,+
RRP7A,chr12_2909580_2922261,84.1103208,-
LARP1B,chr1_156738764_156741052,84.10837617,-
RBM25,chr3_98506747_98517051,84.1069248,+
FMR1,chr8_116938680_116942557,84.10656229,+
RBMS1,chr21_37084331_37087246,84.10480856,+
LARP4B,chr17_73209768_73227164,84.10202606,+
HNRNPL,chr1_154173201_154182987,84.09977128,+
SASH1,chr19_19202398_19202790,84.0986762,+
HNRNPA1,chr1_184072298_184072826,84.08424057,+
NCBP2,chr1_173864304_173864674,84.08271398,+
MKRN2,chr2_189575320_189578218,84.08182927,+
HNRNPR,chr8_94692827_94705924,84.07442385,+
HNRNPA1L2,chr12_124912506_124913418,84.07242355,-
ACIN1,chr3_15414162_15415771,84.07206817,+
RBM4B,chr4_83456958_83459739,84.06991705,-
ZGPAT,chr5_78421960_78449932,84.06854409,+
RBM3,chr12_122511188_122515104,84.06784754,+
KRR1,chr3_149285182_149333503,84.06686048,+
RBM8A,chr21_46663554_46664294,84.06655278,+
SLTM,chr11_17282943_17286633,84.06515405,+
RBM19,chr1_228140363_228141123,84.06444775,-
ZFP36,chr12_8777802_8780574,84.06243,+
HNRNPL,chr5_75355214_75355364,84.05423874,+
RBM26,chr9_14179780_14180658,84.04982923,+
RBM26,chr3_134358716_134359282,84.04917741,-
HNRNPA2B1,chr15_78540463_78541904,84.04761428,+
ZC3H11A,chr19_2269744_2271781,84.04377702,-
MBNL2,chr3_152445539_152447619,84.04345245,+
MCTS1,chr1_151167414_151168193,84.04267906,-
ZC3H12D,chr12_124912583_124913495,84.03995645,-
ZC3H6,chr2_95912435_95914107,84.03939542,+
RBM39,chr7_80905916_80916678,84.03797172,+
RBMX2,chr7_27800090_27827737,84.0372615,-
RBM18,chr11_118557045_118559784,84.03683928,+
RBM43,chr1_243304777_243307988,84.03647919,+
ZC3HAV1L,chr2_152677475_152679351,84.03238902,+
MCTS1,chr15_32691763_32696513,84.03116772,+
ZC3H12D,chr19_51024310_51024633,84.03089807,-
NCBP2,chr17_72045524_72057458,84.02598787,+
PHC3,chr15_64075537_64088686,84.02539489,+
SNRPF,chr12_10702134_10704050,84.01911865,+
RBM7,chr2_227340380_227355676,84.01803846,+
TIA1,chr7_107186681_107190172,84.01626424,+
SCML2,chr6_56620715_56620800,84.01249074,+
CNKSR3,chr10_5429229_5451829,84.01100355,-
NAA38,chr17_78171054_78171738,84.00879962,-
GRSF1,chr12_4518880_4525253,84.00265704,+
LARP7,chr12_32737161_32740063,83.99911494,+
PCBP2,chr7_141738593_141739123,83.99765552,+
TIAL1,chr17_81682675_81683012,83.9976516,+
ZC3HAV1L,chr4_118705821_118709997,83.99604323,+
PPIE,chr17_30709811_30734896,83.99591707,+
UNK,chr1_108693642_108695701,83.99411912,-
YBX1,chr8_48008470_48049852,83.99170926,-
RBM34,chr4_118278792_118279388,83.98852329,+
HNRNPC,chr8_140702707_140706118,83.98829235,+
SPEN,chr11_77821241_77842478,83.98451505,+
TRA2A,chr16_80981877_80997313,83.97809084,+
ZNF74,chr20_44903121_44903992,83.97616394,-
FUBP1,chr1_228141288_228145510,83.97190971,+
LSM4,chr20_35280118_35284175,83.96462778,+
HNRNPH2,chr13_75809183_75817160,83.96066434,+
HNRNPL,chr1_112703806_112707077,83.95854648,+
RBM8A,chr1_224364455_224365878,83.95464415,+
ZFP36L1,chr7_141738575_141739123,83.95162479,+
DHX57,chr2_130342962_130343085,83.94896826,-
ZRANB2,chr13_52019143_52024005,83.94849992,+
PPIE,chr14_39125036_39128279,83.92613689,+
RBMS1,chr2_159448409_159478574,83.92262067,+
HNRNPH3,chr12_101627804_101629433,83.92194219,+
NONO,chr17_16440253_16441367,83.92110636,+
HNRNPR,chr14_58295811_58297954,83.9207417,+
ZRSR2,chr3_9977446_9981633,83.91324379,-
SYNCRIP,chr19_7681049_7682241,83.90917305,+
FUS,chr6_33417695_33417868,83.90782044,+
EPHB4,chr8_43077364_43083117,83.90738344,+
HNRNPH1,chr6_122586007_122633282,83.90700504,+
SAMD8,chr15_22845267_22851638,83.90562209,+
SART3,chr4_76103969_76104596,83.89613673,-
KRR1,chr9_14088326_14120439,83.89580409,+
CSTF2,chr17_67959875_67964211,83.89328679,+
PUM1,chr12_68885889_68932677,83.89172539,+
RBM34,chr20_410025_410411,83.89121474,+
PSPC1,chr10_74138931_74150754,83.88914609,+
IGF2BP2,chr19_40348768_40366418,83.885832,-
RBM39,chr8_56214667_56216388,83.88500736,+
LSM2,chr19_52322358_52322442,83.88116515,+
TEP1,chr1_156011887_156018131,83.87868433,-
RC3H1,chr7_95406247_95409900,83.87760214,-
BFAR,chr9_19378511_19378707,83.87164964,-
TIAL1,chr18_12949907_12951854,83.87072099,+
CARHSP1,chr12_27297158_27297709,83.86940727,+
FUS,chr17_21198840_21210935,83.86574748,+
SSB,chr2_222646996_222648739,83.86507847,-
SSB,chr2_55922447_55923710,83.86340052,+
SAMD4B,chr18_50274353_50274976,83.86207075,+
CIRBP,chr19_16654125_16659394,83.859242,+
SNRPB,chr14_55661612_55667240,83.85744971,+
LARP1B,chr20_13587370_13623445,83.85573492,+
CPSF6,chr12_124913320_124913548,83.85057944,+
U2AF1L4,chr18_23473483_23474947,83.84799364,+
HNRNPC,chr20_35739017_35739392,83.84130841,+
PABPC1L,chr12_96003064_96003837,83.83508089,-
ZC3H12D,chr13_52456607_52460898,83.8332278,+
ZC3H13,chr19_38619327_38620336,83.83306679,+
HNRNPR,chr7_99409245_99410033,83.8296332,+
MCTS1,chr8_61681036_61682438,83.82879172,+
ZC3H14,chr7_76005404_76021850,83.82521265,+
LARP4B,chr12_10610680_10613438,83.81546115,+
ZFP36L1,chr17_75704814_75706007,83.80759949,+
PABPC1,chr2_95888120_95889798,83.80698119,+
HNRNPM,chr12_68871956_68885791,83.80478136,+
FUBP1,chr3_146525647_146533469,83.80351588,+
PPIL4,chr3_48927813_48961611,83.80095562,+
YBX1,chr16_635340_635611,83.80070458,+
SAMD8,chr12_10610680_10612639,83.79709287,+
TRNAU1AP,chr5_304221_311292,83.79694882,-
SRRM1,chr11_66640123_66646026,83.78048185,+
YTHDF2,chr3_191375589_191380158,83.77941886,+
HNRNPL,chr2_232556530_232564246,83.77918446,-
RBM4,chr11_43335994_43342427,83.76640377,+
HNRNPK,chr10_72216138_72230365,83.76632241,+
LARP1B,chr2_20256170_20258236,83.76610806,-
CIRBP,chr22_43151604_43161051,83.75998244,-
ACIN1,chr6_125292909_125300537,83.75911208,+
ANKS3,chr6_10695069_10697320,83.75653811,-
LARP4B,chr12_6448737_6451468,83.75308199,+
EWSR1,chr20_62303781_62306196,83.75033128,+
CIRBP,chr6_116571655_116574057,83.74005687,+
NONO,chr22_21628787_21629307,83.73868223,+
RBM27,chr20_38447623_38447929,83.7351375,+
ZC3H13,chr1_40059458_40060069,83.73469923,+
SRRM1,chr3_15245671_15246731,83.73105915,+
CIRBP,chr17_42953778_42954875,83.7297904,+
RPS3,chr7_100031100_100033304,83.72975985,+
EIF3B,chr12_120496216_120496401,83.72085404,-
SPEN,chr3_48601470_48603563,83.72057275,+
YTHDF3,chr12_124912506_124913418,83.71523385,-
TTC14,chr16_66552793_66558189,83.71520787,+
PARP14,chr19_19202398_19202790,83.71372884,+
LARP1,chr17_42951894_42953723,83.71170419,+
SAMD4B,chr18_26917350_27024115,83.70855348,+
NIP7,chr1_111139711_111140037,83.70851153,+
HNRNPA2B1,chr14_23960003_24000862,83.70690228,+
UHMK1,chr1_165768269_165768758,83.70567991,+
RBM25,chr6_85536924_85538837,83.70070665,+
EIF4B,chr3_48927813_48961611,83.6998417,+
FUS,chr7_21908507_21911616,83.69962153,+
RBMS2,chr16_20900889_20915555,83.69303368,+
NAA38,chr11_66640123_66643449,83.69145202,-
SAMD5,chr20_58993675_58994109,83.68539281,+
SYNCRIP,chr9_14307520_14321940,83.68375195,+
TRMT1,chr12_14425473_14434339,83.68246631,+
LSM6,chr19_1438428_1438810,83.67797838,-
G3BP2,chr2_28852499_28861117,83.67488689,+
SNRPD2,chr20_17975903_17988165,83.67366862,+
RBM34,chr15_76767088_76771723,83.67364302,+
ZC3H6,chr15_85658590_85664562,83.67201183,+
NCL,chr4_119497903_119512350,83.66887529,+
RBM34,chr15_40853881_40854059,83.66337423,+
SNRPB,chr1_224360563_224365878,83.6608854,+
YTHDF2,chr19_12691454_12694593,83.65849508,+
MYEF2,chr1_155260659_155262085,83.65702209,-
THUMPD2,chr1_23971623_23971849,83.65588643,-
PABPC4,chr2_215379317_215382211,83.65543775,-
PCBP1,chr7_99409004_99410033,83.64543829,+
SRBD1,chr11_111910449_111910670,83.64359623,+
EWSR1,chr20_44582731_44589796,83.6414359,+
NONO,chr6_31639226_31640198,83.63913944,+
THUMPD1,chr11_114439675_114443855,83.62542617,+
HNRNPM,chr12_122514728_122515104,83.61767909,+
GTF3A,chr20_5584322_5593326,83.61512844,+
TARDBP,chr10_68337333_68338502,83.6125228,+
RBM47,chr6_56642503_56642621,83.60686198,+
HNRNPL,chr22_35810004_35894812,83.60355932,+
ZNF638,chr3_49278451_49280743,83.60216413,+
PCBP1,chr1_156236483_156242552,83.59887161,-
CHERP,chr12_12187119_12244261,83.59853967,-
THUMPD2,chr22_37677065_37679602,83.59652178,-
POLR2G,chr20_38421098_38426418,83.59507122,+
PPFIBP1,chr14_103334260_103335652,83.59502095,-
EIF3B,chr1_52906611_52907867,83.59248066,+
U2AF1,chr12_14885850_14910757,83.5913126,-
SRRT,chr1_52905090_52907867,83.58989379,+
EPHA4,chr12_10610680_10612639,83.5880104,-
SAMD12,chr12_22644022_22644210,83.58269655,+
RBM8A,chr2_20256170_20260336,83.58100025,+
NCL,chr18_9195698_9208656,83.58073357,+
SCML4,chr1_8868057_8871890,83.57955975,-
RBM4,chr3_52198255_52199209,83.57897002,+
EEF1G,chr10_78037304_78040614,83.57894185,+
PCBP1,chr3_183833589_183840569,83.5756992,+
HNRNPC,chr14_21499802_21500912,83.57501316,+
HNRNPH3,chr2_119317503_119321153,83.57485207,+
LSM7,chr7_6392041_6400125,83.57210151,+
ZFP36L1,chr3_41239354_41239659,83.56981974,+
TRMT2A,chr1_51756358_51760689,83.56975733,-
EIF3B,chr22_37677065_37679602,83.56937255,-
PTBP2,chr11_32583929_32589546,83.56704888,+
MKRN1,chr4_140379192_140380961,83.56584165,-
PAPSS1,chr9_33953474_33956078,83.55837051,+
KRR1,chr1_2393355_2395783,83.55510054,+
ZNF638,chr15_79889354_79896790,83.54932962,+
ZFP36L2,chr5_132195480_132198320,83.54862519,+
ARAP2,chr6_17507312_17539268,83.54778329,-
PTBP2,chr5_138518867_138542832,83.54621936,+
PNPT1,chr17_36578192_36579244,83.54548739,+
DAZAP1,chr21_46649739_46664294,83.53720988,+
ZFP36L2,chr5_132195480_132198205,83.52485857,+
RBPMS,chr1_228146067_228146860,83.52252743,+
DLC1,chr19_805187_806407,83.52030137,+
SHANK2,chr12_6905759_6906408,83.51102474,+
ENOX2,chr15_42258990_42260957,83.50711358,-
SFMBT2,chr2_237534647_237540347,83.50318973,-
LSM7,chr15_64075537_64088686,83.50249983,+
YBX1,chr12_14385400_14423908,83.49935933,+
STIM2,chr3_121770574_121781742,83.49863737,-
TRA2B,chr9_14179780_14180658,83.49782221,+
HNRNPR,chr1_151326373_151327270,83.49106473,+
ZCCHC17,chr4_82881940_82891087,83.48611419,+
PCBP2,chr15_32679915_32684556,83.48336636,+
NSUN6,chr20_37236709_37238401,83.48317415,+
EIF4H,chr8_43077364_43083117,83.48222383,+
RBM4,chr12_55760640_55766979,83.4724166,+
CNKSR1,chr10_28590832_28608185,83.47218071,+
PNO1,chr17_8460160_8466929,83.47088043,+
LSM5,chr4_83458429_83459739,83.47031152,+
FUS,chr1_150327652_150328319,83.47023075,+
SNRPB,chr9_2647592_2648207,83.46565228,+
ZFP36L2,chr18_11886621_11886712,83.46535049,+
MATR3,chr1_228108318_228109148,83.46360706,+
ZFP36L1,chr1_161154070_161156949,83.46284726,+
YTHDF1,chr1_151562165_151562584,83.46099912,-
SEC23IP,chr17_72428298_72592202,83.46029319,+
ELAVL1,chr14_105478360_105478449,83.46025482,-
NCL,chr21_37073364_37108391,83.45977024,+
ZFP36L1,chr17_42953778_42954875,83.45840664,+
EIF4H,chr1_202764145_202766925,83.45313329,+
ZFR,chr6_10695069_10697323,83.44959579,+
SAMD12,chr3_49022768_49022877,83.44538422,+
G3BP1,chr1_1719455_1721595,83.44416702,+
ZGPAT,chr18_12949907_12951854,83.44293426,+
EIF2S1,chr5_78421960_78449932,83.43994023,+
HNRNPL,chr10_29686651_29735754,83.43901869,+
ZFP36L2,chr12_52051568_52054326,83.43608439,+
PNPT1,chr2_240482261_240499957,83.43079816,+
NSUN6,chr2_70214491_70215370,83.42885441,+
ZNF638,chr7_21911754_21916753,83.42380678,+
PAPSS1,chr1_168004793_168022987,83.42250594,+
RBM27,chr8_100948900_100950405,83.42067788,+
SAMD8,chr16_72056631_72059113,83.41636688,-
LSM3,chr3_172133546_172186711,83.4140962,+
YTHDF3,chr9_86317276_86318957,83.41406339,+
PARP14,chr17_1712399_1713855,83.409176,+
RBM4,chr11_66617057_66639699,83.40861933,+
PNPT1,chr14_39319291_39320927,83.40800472,+
CARHSP1,chr16_634797_634888,83.40701804,+
LSM1,chr6_24714440_24718539,83.40608651,-
SSB,chr1_168004793_168019544,83.40512122,+
PPP1R9A,chr12_14885850_14905108,83.39805387,-
PABPC1,chr15_92900824_92924320,83.39801142,+
NSUN6,chr11_17282943_17291239,83.39505344,-
POLR2G,chr7_6398718_6400125,83.39346625,+
PAPSS1,chr12_31298224_31326023,83.38637935,-
LSM5,chr2_55922447_55922898,83.37847421,+
SHANK2,chr2_27772692_27779432,83.37763342,+
SAMD12,chr1_161157693_161158411,83.37737287,-
ZFR,chr1_168038488_168043024,83.37259727,+
SCML4,chr1_168004793_168038370,83.37073532,+
CCAR1,chr1_156061443_156068269,83.36541301,+
SAMD8,chr19_41432408_41433536,83.36287301,+
PABPC1,chr6_31639226_31639499,83.35859368,+
RBM19,chr1_30945483_30950126,83.35512489,+
DKC1,chr1_193020381_193021096,83.35438519,-
FUBP1,chr11_47565986_47571470,83.3519894,+
HNRNPH2,chr5_66158932_66159218,83.34952022,+
RBM25,chr4_82356683_82356795,83.34583459,+
ZFP36L1,chr3_121828632_121828860,83.3445818,+
RBM3,chr12_124912278_124912506,83.34216487,-
CARHSP1,chr5_33998827_34005755,83.34186803,+
NIP7,chr12_124913339_124913567,83.33218534,-
ZC3H12D,chr12_124912583_124913495,83.32828213,-
SNRPC,chr10_72216138_72230365,83.32414103,+
TEP1,chr17_51275991_51280004,83.32305777,+
HNRNPK,chr10_37201325_37218979,83.31978656,-
PPIE,chr16_31182664_31183857,83.31873507,+
CCAR1,chr4_155669892_155696755,83.31500676,-
NIP7,chr5_151109846_151110626,83.30996178,+
MYEF2,chr6_135038026_135039572,83.30783603,+
HNRNPA3,chr2_222643005_222648739,83.30780932,+
ZFP36L1,chr8_38172033_38176274,83.30062538,+
SART3,chr10_8069598_8073746,83.29930564,+
PARP14,chr10_18668677_18673983,83.29924432,+
RC3H1,chr3_114693575_114801100,83.29543525,+
MATR3,chr1_42457567_42459602,83.29033224,-
RC3H1,chr12_6578917_6580277,83.28799659,+
HNRNPA1,chr17_64972927_64973231,83.2825089,+
YTHDF2,chr14_55661612_55667240,83.27820574,+
EIF2S1,chr2_219498938_219499955,83.27764254,+
IGF2BP2,chr12_52057259_52058687,83.27693561,-
MBNL1,chr7_122078014_122079596,83.27504015,+
SAMD4B,chr5_7889275_7890260,83.26968395,+
PPIE,chr8_60558923_60584207,83.26675185,+
SAMD12,chr3_113724095_113745941,83.26491886,+
RC3H1,chr6_31581630_31581813,83.26102718,+
ZC3HAV1L,chr20_13617123_13623445,83.25964909,+
RNPS1,chr2_215379317_215382211,83.2564387,+
HNRNPR,chr6_159790060_159790939,83.25610819,+
ZC3H12D,chr13_49075364_49114654,83.25476089,+
SSB,chr18_9124996_9126830,83.25213236,-
PABPC4,chr9_121573_123216,83.25203363,-
U2AF1L4,chr2_95935644_95938986,83.25083364,-
RBM34,chr17_40628993_40630207,83.24988945,+
LARP4B,chr9_70346649_70347065,83.24977382,+
KHDRBS3,chr4_17886161_17909093,83.24770223,+
SEC23IP,chr2_97118517_97122886,83.23250558,+
ZC3H4,chr17_81891833_81894466,83.23126524,-
ZC3H8,chr15_40853881_40854059,83.22488398,+
PARN,chr20_13801683_13808841,83.22292418,+
RBM27,chr13_27622009_27648378,83.22226712,+
SCML4,chr2_169824640_169824781,83.2179322,+
EIF3B,chr1_223814353_223821219,83.21648501,+
TRA2B,chr9_78265543_78266441,83.21542422,+
ZMAT5,chr14_64924126_64926009,83.21179987,+
POLR2G,chr19_3366666_3381711,83.21106586,+
ZC3H12B,chr2_215391814_215394527,83.20782296,+
TNRC6A,chr20_44885886_44887647,83.20726288,-
HNRNPA1L2,chr7_76048226_76048575,83.20626914,-
G3BP2,chr3_167720273_167725400,83.20091772,+
TIAL1,chr10_34341816_34347955,83.19941772,+
YTHDF3,chr2_202214434_202238439,83.19918673,-
DKC1,chr1_33021703_33036735,83.19912122,-
SAFB,chr3_28326950_28332368,83.19577121,+
U2AF1,chr10_3783281_3784912,83.19304744,-
UNK,chr1_228141288_228145510,83.18785238,-
MCM3AP,chr1_155140245_155140490,83.18748773,+
ZMAT5,chr7_116250496_116252317,83.18681903,+
ZRANB2,chr10_110876753_110881232,83.18339019,-
RBMX,chr12_6578917_6589119,83.18317873,+
PABPC1,chr14_59484593_59486712,83.18312928,+
MBNL2,chr18_11885043_11885675,83.1827947,+
THUMPD3,chr2_53801842_53809213,83.18083421,+
TRA2A,chr1_201957574_201958838,83.17932675,+
PPIL4,chr3_48694240_48695089,83.1784056,+
RPS3,chr3_69077918_69080333,83.1753237,+
RBM14,chr19_38290575_38304374,83.1742878,-
RPS3,chr17_76090397_76094413,83.17219799,+
SYNCRIP,chr5_179623164_179623635,83.16866524,+
SNRPA,chr11_64318386_64320864,83.15932581,+
LARP4,chr12_26976357_26979783,83.15363808,+
LSM5,chr1_154169383_154170399,83.14890646,+
ZRANB2,chr2_232556530_232564246,83.14099804,+
YTHDF1,chr7_73737735_73737875,83.1404042,+
RBMX,chr9_112716541_112717986,83.13965927,+
SGMS1,chr3_146525647_146533469,83.13138521,-
EIF2S1,chr6_159790639_159790939,83.12887278,+
HNRNPA1,chr1_168023047_168038370,83.12771076,-
HNRNPK,chr15_63060939_63061712,83.12486407,-
KHDRBS1,chr12_124912583_124913495,83.12236291,-
RALY,chr1_109739493_109740239,83.11453099,-
RBM43,chr18_26035127_26035830,83.11310854,+
MYEF2,chr10_15097766_15103304,83.10905757,+
TIAL1,chr3_28263380_28316332,83.10839837,+
PPP1R9A,chr1_24655123_24660718,83.0839981,+
NCBP2,chr17_7574308_7575118,83.08114528,-
CIRBP,chr8_69493125_69501873,83.08111677,-
RBM41,chr6_17507312_17539268,83.07402466,+
PPRC1,chr1_32224475_32228498,83.07134401,-
MEX3C,chr1_212609271_212615017,83.07036696,+
CNOT4,chr4_82898062_82900076,83.06804797,+
SRRT,chr1_151307801_151310210,83.06680535,+
HNRNPH1,chr6_3154923_3155624,83.05485941,-
NSUN6,chr7_128748804_128753817,83.04689299,-
ZFP36L2,chr1_45591270_45602254,83.0448465,+
ZC3H12B,chr19_805187_806407,83.04172209,+
DDHD2,chr12_45956192_45961699,83.04012521,+
SSB,chr3_114974416_115147218,83.03327943,+
RBM34,chr12_22457161_22469708,83.03076435,+
DHX8,chr2_152677475_152679351,83.03000332,-
CNKSR1,chr19_52322358_52322442,83.02945307,+
RC3H1,chr20_35632923_35664759,83.02667739,+
TARDBP,chr10_68337333_68338502,83.0255787,+
LARP1,chr16_4454927_4455545,83.02119208,+
ZC3H4,chr3_48694240_48695089,83.01780937,+
PHC3,chr15_40854086_40854638,83.01419877,-
KIF24,chr18_26917350_26944328,83.00853619,-
PABPC1,chr3_114066283_114070625,83.00832,+
ZC3H7A,chr12_6330711_6333068,83.00729962,-
EPHB6,chr12_52051568_52052495,83.00553676,-
PHC3,chr1_30945483_30950126,83.0002545,+
ZC3H15,chr1_150627592_150629060,82.99969929,+
LEMD3,chr17_7017014_7017256,82.99845877,-
HNRNPH3,chr5_151109846_151117126,82.98923694,+
HNRNPC,chr2_58146474_58159348,82.98882567,+
PNO1,chr4_155368809_155373135,82.98843207,+
CSDE1,chr12_55903480_55927075,82.98779723,+
QKI,chr10_73043957_73046924,82.96901334,+
ZC3H6,chr1_23109127_23168765,82.96361787,+
HNRNPA2B1,chr1_33014594_33021592,82.96132217,+
TNKS2,chr12_5160385_5169774,82.96073896,+
LSM3,chr3_127821838_127822308,82.95985851,+
RBMS1,chr17_27307919_27309099,82.95508352,+
RBM4B,chr19_43652371_43656478,82.9541322,+
CCAR1,chr13_75804541_75809153,82.95189611,+
SNRPB,chr8_143821913_143829279,82.94382087,+
YBX1,chr1_39480009_39480919,82.94094221,+
CIRBP,chr12_45961322_45961699,82.94071212,+
SRRM1,chr2_24315224_24328051,82.94006802,+
MSI2,chr2_203411371_203416907,82.93592545,-
SCML2,chr1_243293219_243293398,82.93467557,-
RBM45,chr1_23323732_23337753,82.93429107,+
PUM2,chr1_207767823_207770320,82.92865365,-
EEF1G,chr1_168004793_168038370,82.92594448,+
RBM27,chr22_29298895_29299194,82.92345809,-
HNRNPH3,chr6_31639646_31640198,82.92058865,+
HNRNPA2B1,chr11_893519_899339,82.91815411,+
DHX8,chr11_83280260_83285552,82.91614415,+
FUS,chr12_96003064_96006313,82.91590013,+
FUS,chr7_21911754_21916753,82.9143842,+
SNRPG,chr20_410025_417525,82.90816346,+
EEF1G,chr17_81682675_81683012,82.90423417,+
PPP1R9A,chr6_31954877_31955058,82.89696092,-
ZMAT5,chr5_140281533_140303040,82.89584773,+
SRRM2,chr12_122519029_122520503,82.8906742,+
RC3H2,chr12_124912050_124913418,82.88449587,-
RBM27,chr16_19764112_19788837,82.87770197,+
SETD1A,chr6_32974765_32975020,82.87506692,-
NCL,chr6_36970694_36972651,82.87505359,+
PPIL4,chr19_38711361_38714468,82.87278602,+
EEF1G,chr21_29036374_29037278,82.87205742,+
SNRPC,chr20_46387437_46389038,82.8679738,+
PAN3,chr9_26887513_26892412,82.86488035,+
SLBP,chr2_207561160_207567462,82.86164472,+
SNRPD2,chr17_64974641_64975559,82.86063501,+
RBM41,chr3_29281756_29434745,82.8555916,+
FUS,chr9_65692608_65698514,82.85034596,-
NCBP2,chr12_14885850_14910757,82.85005017,+
SF3A1,chr2_28783978_28799198,82.83944151,+
CSTF2,chr4_105190505_105233896,82.8391395,+
CCAR1,chr6_13321095_13326786,82.83882114,+
SAMD4A,chr20_58895684_58903530,82.83012078,-
HNRNPA2B1,chr7_26197866_26200571,82.82744299,-
RBM19,chr7_45751646_45758042,82.81605192,+
LSM5,chr15_74926887_74937914,82.81341988,+
RRP7A,chr19_3366666_3381711,82.81151946,+
HNRNPH3,chr20_35280118_35284175,82.81044175,+
AKAP1,chr22_29288786_29291561,82.80765534,+
LSM6,chr2_73950732_73958145,82.80418875,-
NONO,chr2_227340380_227342744,82.80163738,+
ZC3H6,chr12_9655979_9656920,82.79106989,+
HNRNPC,chr14_94383241_94390456,82.78764446,-
RBMX,chr1_224190319_224192331,82.78016445,+
ZC3H6,chr11_66843861_66843959,82.77097175,+
TRA2A,chr4_185678547_185678795,82.76342224,+
EEF1G,chr15_79899125_79967636,82.76291722,+
PUM2,chr19_58315036_58326822,82.76041967,+
RBM34,chr4_107660072_107682014,82.75694635,+
SYNJ2,chr18_9124996_9126830,82.7552273,+
ZC3H11A,chr12_16347710_16357604,82.75474139,-
FUS,chr1_28230252_28232920,82.7546661,+
G3BP2,chr1_154214574_154220341,82.73551791,-
THUMPD3,chr3_41239354_41239818,82.73036216,-
RBM34,chr5_43555999_43556818,82.72954246,+
LSM3,chr1_168004793_168038370,82.7241601,+
ZCRB1,chr17_1714453_1716129,82.71998197,+
PARP14,chr3_50288937_50289254,82.71898029,+
RBMXL1,chr3_12604289_12608765,82.71593107,+
FUS,chr9_92223429_92229000,82.71327554,-
QKI,chr5_34915897_34922216,82.71325879,-
HNRNPA2B1,chr3_172133546_172186711,82.71162439,+
EIF2S1,chr18_58333892_58335477,82.70741324,+
LSM2,chr1_145623160_145623612,82.70713996,+
HNRNPA0,chr2_25455494_25482795,82.70417615,+
CNOT4,chr4_82857764_82863317,82.70274805,+
EWSR1,chr1_46309127_46309896,82.70222504,+
RBM43,chr4_26362628_26386352,82.70117677,+
PAPSS1,chr3_197854445_197858833,82.70113118,+
RBM41,chr11_62854551_62854887,82.69532623,+
RBMX,chr3_52693046_52693190,82.69453115,+
ZC3H3,chr3_131501715_131502848,82.68839244,-
TARDBP,chr17_51154444_51155650,82.68768406,+
PUF60,chr10_28596041_28608185,82.68456593,+
MCTS1,chr9_136850560_136850754,82.68435312,+
ACO1,chr2_95912435_95917854,82.68395542,+
HNRNPA1,chr7_101218217_101222603,82.68336635,+
SFPQ,chr12_57719182_57720405,82.68154424,+
NUFIP1,chr1_23691829_23692611,82.68062868,+
SNRPB,chr15_43793083_43793686,82.68002821,-
PCBP2,chr9_136862345_136862905,82.67778749,+
RC3H1,chr10_18672705_18673983,82.67313484,+
TIPARP,chr12_124911952_124913092,82.66741842,+
SNRNP35,chr1_155689243_155709772,82.66128584,-
UNK,chr2_97558994_97576378,82.65996965,-
EWSR1,chr2_58146474_58159348,82.65491578,+
RBM43,chr2_98608726_98609755,82.65098294,+
ZCRB1,chr11_47731561_47732116,82.64956005,+
HNRNPD,chr14_88603060_88607242,82.64524492,+
RBM8A,chr15_40810757_40812698,82.64386313,+
RBM6,chr20_49154071_49174194,82.64385862,+
RBM17,chr2_58146474_58159348,82.63974424,+
STARD13,chr6_125248383_125253716,82.63469547,-
PCBP1,chr1_6785575_6825091,82.6342383,+
ZC3H12D,chr3_48927813_48933565,82.63336802,+
EIF4H,chr2_237540533_237542566,82.63045306,-
HNRNPA2B1,chr6_46168297_46170807,82.62889589,+
MBNL1,chr2_74528489_74529131,82.6276971,+
ZC3H7A,chr5_272772_314416,82.6248427,-
SSB,chr1_23971623_23971849,82.62382112,+
SASH1,chr12_124911971_124912427,82.62139075,+
RBM10,chr3_121718501_121719645,82.61663485,+
RBM7,chr1_153638448_153645063,82.61481782,+
MBNL2,chr9_65693473_65698514,82.6106769,+
RBM43,chr3_114974416_115147218,82.60813774,+
SYNCRIP,chr1_31007099_31028795,82.60418778,+
LSM1,chr7_116904383_116910232,82.58995341,-
CCAR1,chr12_124912408_124913320,82.58970563,-
ZC3H15,chr18_11886781_11886916,82.58555203,+
RRP7A,chr3_146525647_146533469,82.58063315,+
ZFR,chr19_36922846_36925199,82.58059869,+
SNRPB2,chr22_35263874_35264647,82.57981392,+
HNRNPR,chr20_3046737_3047734,82.57717349,+
SNRPE,chr1_28561260_28561345,82.57575514,+
RBM38,chr5_131159611_131160655,82.56996662,-
HNRNPA0,chr12_15111417_15119114,82.56914686,+
LSM5,chr1_168004793_168022987,82.56617484,-
CPSF6,chr1_179865854_179877238,82.56471135,+
EIF2S1,chr1_168004793_168022987,82.56172555,-
PPP1R9A,chr2_201118901_201129728,82.56136316,+
G3BP1,chr12_124913039_124913267,82.55966243,-
HNRNPM,chr10_109888192_109888502,82.55821519,+
ZC3H4,chr7_124863640_124892265,82.55730478,+
RBM14,chr8_85219363_85220305,82.5540044,-
RC3H1,chr6_99416428_99425214,82.54873427,+
PRPF3,chr7_149012360_149020966,82.546307,+
QKI,chr21_37156906_37157160,82.54456413,-
MCTS1,chr20_35740989_35741940,82.53730203,-
CSDE1,chr3_69077918_69080333,82.53648272,+
RBM43,chr16_208188_208600,82.5332326,+
TRA2A,chr14_55580354_55612018,82.52849543,+
RBM6,chr1_193016395_193020306,82.52347564,+
RBMX,chr4_82861708_82863317,82.52104472,+
FUS,chr12_124912655_124912883,82.5178147,-
RBM22,chr5_151109846_151110626,82.51674194,+
HNRNPA1,chr11_3001248_3001969,82.5109673,+
ZC3H13,chr15_60396427_60397942,82.50727495,+
ZFP36L1,chr12_124911822_124913418,82.50612738,-
RBM17,chr20_46386275_46387337,82.50418486,+
ZC3H13,chr20_35729365_35731940,82.49776481,-
ZC3H15,chr10_68332216_68337198,82.49748277,+
HNRNPA1,chr12_111991889_112005256,82.49564332,+
ZC3H13,chr12_55903480_55927075,82.49557467,+
ZRANB2,chr2_156326920_156327925,82.49508161,-
HELZ,chr6_20649377_20739518,82.49301422,-
PTBP1,chr1_155261734_155262085,82.48775463,-
TARDBP,chr7_5741815_5752845,82.48595434,+
NCBP2,chr17_67959875_67964211,82.4844226,-
RBM17,chr10_80079184_80081840,82.48298264,+
HNRNPD,chr17_7241679_7241767,82.48138446,+
EIF3B,chr2_95914180_95914274,82.47700122,+
RRP7A,chr4_140379192_140380961,82.47688884,+
RBM6,chr12_124912278_124912506,82.47433191,-
PPFIBP1,chr12_120563070_120563331,82.47065809,+
RBM43,chr13_52456607_52460895,82.46851025,+
SNRPB,chr4_185649656_185652661,82.46794398,+
KIN,chr5_131391108_131391828,82.46141492,+
CIRBP,chr2_203016435_203041764,82.46065681,+
NIP7,chr7_128748804_128758870,82.45581327,-
EEF1G,chr2_97560860_97580461,82.45458346,+
FUBP1,chr17_16440253_16441367,82.45300291,+
FMR1,chr20_58895684_58903530,82.45110143,+
PPFIA1,chr12_93467554_93469188,82.44978699,-
HNRNPL,chr2_95938901_95938986,82.44209531,+
SFMBT2,chr3_146528831_146533469,82.4413508,+
PUF60,chr19_12694722_12694798,82.4386744,+
SF3B4,chr1_8868057_8871890,82.43628532,-
ACO1,chr6_7393303_7395052,82.43401099,+
NCL,chr5_103019843_103025130,82.42996998,+
ZC3H12D,chr22_29298895_29299194,82.42918154,+
RBM28,chr8_80053430_80171424,82.42743465,-
ZCRB1,chr6_125292909_125300537,82.42643365,+
CIRBP,chr10_75214070_75219062,82.42596966,+
SF3A1,chr1_224190319_224191091,82.42452542,+
HNRNPH2,chr5_138157267_138160068,82.42192196,+
TIPARP,chr1_174999689_175004613,82.42061705,+
CNKSR1,chr7_852667_852812,82.41974451,-
UPF3B,chr6_158637894_158644681,82.41387379,+
HNRNPA3,chr3_48927813_48961611,82.41236375,+
SNRPF,chr20_44197739_44206880,82.40895948,+
NOL8,chr15_72200655_72203021,82.40628807,-
HTATSF1,chr8_33503935_33507228,82.3946725,+
KRR1,chr11_66002513_66003234,82.39205088,+
MBNL2,chr7_30498938_30504568,82.38737244,-
HNRNPH3,chr4_53428183_53440581,82.38324749,-
KRR1,chr8_85217502_85220305,82.38073782,+
NAA38,chr22_46337944_46346421,82.37677603,+
G3BP1,chr3_29897475_29936085,82.37619914,+
TARDBP,chr10_24219909_24380868,82.37166645,+
HTATSF1,chr11_114440739_114449845,82.37135671,-
TRA2A,chr7_99968467_99971745,82.37110726,-
EIF2S1,chr21_37073473_37087246,82.37076265,+
ZC3H12A,chr18_30994372_30996790,82.37002925,-
RBM3,chr11_61430182_61436760,82.36231062,+
EIF3B,chr15_60347689_60351192,82.36167575,-
TROVE2,chr1_153544809_153544957,82.36083433,+
PPFIBP1,chr6_105288894_105323664,82.36040207,+
FUBP1,chr6_56670807_56692387,82.35502606,+
GTF3A,chr6_159790060_159790939,82.34888626,+
FMR1,chr12_21506976_21512294,82.34521286,+
ZFP36,chr20_33994131_34072065,82.34460894,+
KRR1,chr3_114056864_114065236,82.34379753,+
HTATSF1,chr1_224308263_224317693,82.34110497,+
HNRNPA1,chr3_48927813_48961611,82.33820506,+
SAMD12,chr20_58895684_58903530,82.33471697,+
HNRNPC,chr5_131162676_131165059,82.33451682,+
PUM1,chr18_34827676_34829040,82.3333244,+
IREB2,chr15_49137458_49139527,82.33269529,-
U2AF1,chr1_35176471_35177318,82.32872305,+
SAFB2,chr12_95266632_95270038,82.32315072,+
ZC3HAV1,chr5_62352653_62353274,82.32261312,+
RNPS1,chr1_31318236_31319108,82.31333928,+
RBM6,chr2_97187226_97189217,82.31191955,+
UPF1,chr13_37564560_37569743,82.30922554,-
HNRNPA1,chr1_40074183_40078559,82.30417174,+
RBMS2,chr7_140337349_140343411,82.29984906,+
RBM12B,chr4_53391139_53399729,82.29028438,-
SYNJ2,chr1_52056379_52064824,82.28939469,-
TARDBP,chr12_6330711_6330852,82.28905378,+
G3BP1,chr7_100089066_100089292,82.28784882,+
ZC3H15,chr1_243172846_243186258,82.28665971,+
PCBP2,chr4_83456958_83459739,82.28584746,+
YTHDC1,chr3_186804724_186806424,82.28335173,+
HNRNPA0,chr14_69770042_69770466,82.27912364,-
YTHDF3,chr6_13326906_13328295,82.27310253,+
CCAR1,chr18_62045979_62072672,82.2713838,+
CHERP,chr14_88596808_88607242,82.25761679,-
SCML4,chr12_6566336_6566528,82.2566527,+
ZC3HAV1,chr17_5422829_5425970,82.25643505,+
RBM23,chr2_131531802_131532588,82.25413773,+
MKRN1,chr18_62280442_62280645,82.25199951,+
LSM4,chr9_78265543_78266441,82.24600875,+
HNRNPA3,chr6_36600276_36601151,82.24564501,-
SHANK2,chr19_9828064_9828326,82.24472168,+
RC3H1,chr2_227813987_227815456,82.24383971,-
CARHSP1,chr16_28538155_28538525,82.23272299,+
PHC3,chr6_90536401_90544551,82.23082767,+
HNRNPA2B1,chr11_35190065_35208104,82.22898593,-
NCL,chr15_42258990_42260957,82.22828904,+
RBM25,chr2_66568756_66571245,82.22717093,+
LARP4B,chr9_37780880_37781985,82.22498169,+
MCTS1,chr1_32224475_32228498,82.22333908,-
HNRNPA0,chr9_32988124_32989758,82.22268874,+
UNKL,chr2_27772692_27774423,82.21663758,+
FUBP1,chr7_120955624_120966625,82.21600118,+
NSUN6,chr2_203411371_203416907,82.21155244,+
ZC3HAV1,chr8_73978861_73981154,82.20405235,+
RBM15B,chr1_167765749_167787819,82.19989192,-
PNPT1,chr3_41239354_41239818,82.19904513,-
RBMX2,chr1_175004814_175006744,82.19846731,-
PTBP1,chr9_35684807_35685268,82.19291449,+
LARP1,chr17_42953778_42954875,82.1918303,+
TIPARP,chr9_83978452_83980118,82.18915609,+
UNK,chr12_93467554_93469188,82.18617514,-
RBM14,chr6_37377033_37381149,82.18172058,+
RBM18,chr10_74976330_74977315,82.16829506,+
MCTS1,chr3_48469843_48479176,82.1664264,+
ZGPAT,chr5_131162676_131165059,82.16394098,-
SASH1,chr9_128635175_128635657,82.16316403,+
HNRNPH1,chr3_9947604_9948066,82.15922934,+
TRA2B,chr8_109334402_109336127,82.1515774,-
RBM28,chr2_222924595_222928861,82.14483471,-
ZC3HAV1,chr20_284081_289558,82.12775803,+
SRRT,chr11_117199829_117203001,82.12532659,-
RBM41,chr1_151369554_151369712,82.12257422,+
ZC3H6,chr6_109369017_109376073,82.11200282,+
YBX1,chr10_78037304_78040614,82.09842252,+
ZCRB1,chr4_128093031_128098185,82.09654374,+
ZRANB2,chr1_85582624_85582742,82.09573656,-
STIM1,chr15_85662453_85664562,82.08995979,-
ZC3H4,chr4_39774933_39778359,82.08936984,+
ZRANB2,chr21_39345958_39348291,82.08922136,+
PPP1R10,chr15_60364523_60386027,82.08601408,-
SNRPC,chr2_27772692_27774423,82.08564413,+
RC3H2,chr12_124911822_124912962,82.07883377,-
CIRBP,chr20_17660528_17682027,82.07744891,+
HNRNPA0,chr10_15097766_15103304,82.07587674,+
HNRNPA2B1,chr17_64974641_64975559,82.07087773,+
ZC3HAV1,chr5_135346057_135352945,82.06946152,+
SNRPD3,chr15_40854086_40854396,82.06546909,+
GRSF1,chr10_42594699_42631928,82.06486051,+
RBM19,chr2_97579043_97580461,82.06185671,+
MCTS1,chr3_100492928_100519461,82.06082714,+
SCML4,chr11_75404868_75421726,82.05799855,+
SNRPD2,chr8_42361365_42362611,82.05755783,+
SNRNP35,chr10_43396590_43397184,82.05604947,+
RBM15,chr19_10679927_10681018,82.05346449,-
LSM2,chr12_28362515_28450160,82.05035055,-
SAMD12,chr2_173217250_173221149,82.05026525,+
PNO1,chr5_81446922_81448789,82.04610775,+
MCTS1,chr1_109214128_109223981,82.0398462,+
LSM3,chr6_116571655_116574057,82.0309595,+
ZNF638,chr8_143581328_143586728,82.02955885,-
PTBP1,chr7_128748367_128748572,82.02763162,-
KRR1,chr7_149006056_149008158,82.02250226,+
ZC3H14,chr9_72360787_72364695,82.02029293,+
SNRPD2,chr2_97555254_97584943,82.01926871,-
PAN3,chr2_60462424_60545970,82.00995968,+
ZNF638,chr19_12694722_12694798,82.0080678,+
SSB,chr15_29719138_29719776,82.00595974,+
HNRNPM,chr7_116210734_116249019,81.99738125,+
RBM4B,chr1_151369554_151369712,81.99610813,+
MYEF2,chr17_44322552_44322807,81.99441377,-
EIF4B,chr11_828963_829359,81.99312124,+
HNRNPH1,chr6_109369017_109376073,81.99277168,-
LSM5,chr10_73045051_73046924,81.9869753,-
LARP4B,chr4_185651828_185652661,81.98669849,+
G3BP2,chr12_52237717_52238679,81.98382612,+
YTHDF1,chr15_78545764_78548789,81.98068888,+
RBM41,chr20_46393143_46394048,81.98018589,+
SF1,chr22_35781746_35809779,81.97968604,+
HNRNPH1,chr13_108286859_108303252,81.9795788,+
TRA2A,chr9_114323805_114324017,81.97935031,+
ZFR,chr3_69080153_69080333,81.97712103,+
SSB,chr1_161356840_161362328,81.96759075,+
RBM3,chr14_20802331_20802796,81.96002765,-
TNRC6A,chr2_1665074_1673642,81.95856474,+
CIRBP,chr4_53414722_53425871,81.95717264,+
HNRNPH1,chr7_111521449_111532517,81.95375501,+
SNRPD3,chr3_141738509_141743508,81.95017064,+
DHX8,chr22_42515268_42577843,81.94659366,+
PTBP2,chr3_146525647_146533469,81.94485726,+
SNRPD3,chr3_37174605_37175817,81.94427608,-
RBM26,chr5_57176400_57230845,81.9415367,+
LARP1B,chr3_183086788_183092408,81.94112151,+
SRRM1,chr2_47172459_47176440,81.9358044,-
RBM3,chr6_31581630_31581813,81.93485968,-
SNRPB,chr10_8069598_8073746,81.93440714,-
SNRPE,chr6_135492291_135497187,81.92899694,+
CPSF6,chr2_70214491_70215370,81.92768821,+
TARDBP,chr7_99967286_99971745,81.92252807,-
SRRM1,chr1_207767195_207770320,81.91793522,+
PNO1,chr1_162590511_162592734,81.91308701,-
THUMPD1,chr11_10801087_10802048,81.91187091,-
HNRNPA2B1,chr2_240481097_240482182,81.90777602,+
NSUN6,chr1_232950744_232956346,81.90692731,+
EIF2S1,chr14_88609403_88609714,81.9065966,+
SSB,chr2_152677475_152679351,81.90510754,+
SAFB2,chr17_59874703_59878102,81.90369663,+
ZRANB2,chr4_15971082_15980421,81.9022894,+
HNRNPL,chr11_112085462_112086639,81.90116145,+
CPSF6,chr7_140345970_140348625,81.89794526,+
SNRPF,chr8_143580632_143581053,81.89784087,+
ZC3HAV1,chr1_90007750_90010087,81.89140767,+
KHDRBS1,chr22_17744013_17774380,81.88802081,+
HNRNPA3,chr4_107670863_107682014,81.88775163,+
PUM1,chr3_112993124_112996891,81.88421134,+
RBPMS,chr7_73687095_73692595,81.88419733,-
ZFR,chr12_89656107_89709218,81.88285363,+
HNRNPD,chr14_22905453_22906194,81.87104217,+
YTHDF3,chr9_73151924_73154460,81.86575879,+
TIPARP,chr3_158571391_158592433,81.86509401,-
PUM1,chr14_94615084_94622340,81.86252715,+
CARHSP1,chr8_61643433_61644599,81.85753346,+
RBMS2,chr6_90544632_90547257,81.85204479,+
YTHDF3,chr8_33507321_33509745,81.84644404,+
ZC3H18,chr1_154966077_154966161,81.84503627,+
THUMPD2,chr2_73732700_73734428,81.8441701,-
RBMS2,chr4_15971082_15980421,81.84108943,-
PPIE,chr10_80408643_80420465,81.83603353,+
LSM6,chr3_108047292_108049618,81.82922435,-
RBM41,chr17_81891841_81894466,81.8251733,+
POLDIP3,chr1_151293462_151294017,81.81894279,-
SRRM1,chr3_50061547_50061961,81.80951626,+
RRP7A,chr22_17744013_17774380,81.80737172,+
RAVER1,chr3_37091538_37094791,81.8015015,+
RBM17,chr1_30945483_30950132,81.79619482,+
HNRNPC,chr1_92832117_92833544,81.7929076,-
RBM8A,chr12_47966229_47966682,81.79030285,+
TARDBP,chr16_19733827_19735352,81.7848355,+
ZC3H15,chr7_124863640_124892265,81.78097172,+
SASH1,chr1_159961405_159976643,81.78058498,+
PABPC1,chr1_151240039_151242122,81.77957023,+
SNRPC,chr1_174877605_174957456,81.77378971,+
SSB,chr17_57980786_57981872,81.77327652,+
LSM4,chr1_154214574_154220341,81.77075934,+
CCAR1,chr17_81891833_81894466,81.77071416,+
DDHD2,chr16_56609057_56618588,81.76634452,+
THUMPD3,chr17_7626793_7626942,81.75662087,+
ZGPAT,chr18_62279856_62280645,81.75529456,+
RPS3,chr2_27445843_27445928,81.75406492,+
SAMD4A,chr1_234398553_234400852,81.74986433,-
RBM4,chr21_33595836_33599149,81.74295661,+
ZFP36L1,chr1_13614405_13615904,81.73660738,+
HNRNPA0,chr5_138157267_138159554,81.7356866,+
CIRBP,chr17_49413291_49414241,81.73501281,+
SAMD8,chr11_134252916_134253226,81.73319223,+
PTBP1,chr17_81845742_81860326,81.73262393,-
SEC23IP,chr10_24466790_24473227,81.73193465,+
SF3B4,chr11_74965117_74969639,81.73050128,-
GRSF1,chr17_8460160_8466929,81.72914892,+
G3BP2,chr14_91942961_91947212,81.72743053,+
EWSR1,chr8_17924780_17935588,81.72486296,+
ZGPAT,chr8_108240075_108242111,81.72432392,-
CIRBP,chr17_3720402_3723687,81.71501099,+
CSDE1,chr22_39313310_39314106,81.71384569,+
SRRM1,chr2_152716126_152717229,81.70550435,+
ZFP36L1,chr3_121826180_121828860,81.70052502,+
HNRNPA1,chr11_18266443_18266883,81.70024547,-
STIM1,chr2_222919202_222922707,81.69999646,-
HNRNPD,chr8_38172033_38176274,81.69288627,+
HNRNPC,chr1_193020381_193021096,81.6912474,+
UNKL,chr14_23016635_23033367,81.68976389,+
RBPMS,chr8_42361365_42369270,81.68678826,+
PTBP2,chr10_15097766_15103304,81.68553466,+
DLC1,chr1_207767823_207770320,81.67766317,-
RAVER1,chr12_124912883_124913111,81.67707406,+
CSTF2T,chr19_38632496_38634992,81.67702391,-
RRP7A,chr22_43151604_43161051,81.67302166,+
PUM1,chr14_35046628_35053277,81.6700277,+
RBM17,chr6_27252949_27254692,81.66833272,+
HNRNPA1,chr17_49707068_49707729,81.66680023,+
PCBP2,chr1_213008466_213013092,81.65410855,+
EPHB4,chr11_35190065_35204511,81.65271399,-
TMEM63A,chr3_183092545_183094558,81.65177279,+
TEP1,chr15_49137458_49139527,81.65040725,+
NAA38,chr4_75490701_75491723,81.64203676,+
PCBP2,chr16_634797_636093,81.64115617,+
HNRNPA1,chr13_37570669_37571368,81.63894032,+
PUM2,chr19_58315036_58326822,81.63651772,+
ZFP36L1,chr21_46649739_46663382,81.63516593,-
HNRNPC,chr16_84498111_84504600,81.63370236,+
FXR1,chr13_45383235_45391031,81.63310648,+
HNRNPA1L2,chr12_27724186_27737538,81.62981206,-
LARP4B,chr8_85217502_85220305,81.62339452,+
RBM34,chr2_61888257_61888380,81.62244963,-
SYNCRIP,chr1_78649905_78650185,81.61212975,+
NOL8,chr1_25243633_25244453,81.61092529,+
RBMX,chr14_39319291_39326863,81.60806734,+
TRA2A,chr4_184638468_184648464,81.60370989,+
ZFP36,chr8_52624787_52628040,81.60039347,+
LARP4B,chr2_161160486_161179613,81.59844911,+
ZFP36L1,chr14_24241994_24242140,81.59648574,+
EIF3G,chr18_9124996_9126830,81.59574099,+
LSM4,chr1_109200900_109202943,81.59373932,+
MCTS1,chr12_124912408_124912864,81.59282394,-
GTF3A,chr1_154966077_154966161,81.58983073,+
SAMD4A,chr1_25826826_25829617,81.58300812,-
LSM4,chr14_73297285_73323129,81.58254503,+
EIF4B,chr20_2461793_2462635,81.58098372,-
ARAP1,chr16_29566249_29569270,81.56739281,+
ZC3H4,chr1_207767823_207770320,81.56449685,+
RBMX,chr13_37569383_37569743,81.56215213,+
HTATSF1,chr3_114056864_114056998,81.55989602,+
HDLBP,chr12_12357509_12361205,81.55890898,+
RBM25,chr1_155136376_155136827,81.55756435,+
RC3H1,chr1_155318332_155318855,81.55308813,+
MKRN1,chr4_39774933_39778359,81.55292976,+
UPF3B,chr8_61643433_61644599,81.54906528,+
ACO1,chr14_77462242_77464597,81.54860725,-
DLC1,chr1_32384048_32386778,81.54750191,-
U2AF1L4,chr3_158571391_158592433,81.54085131,+
HNRNPA2B1,chr1_109659110_109665010,81.53660272,+
SNRPB,chr1_45606591_45613168,81.53286433,+
HNRNPC,chr6_125248383_125253716,81.52925314,+
RBM34,chr15_88639076_88639342,81.52899364,+
HNRNPM,chr11_10801087_10802048,81.52801775,+
KHDRBS1,chr15_66494552_66497641,81.52785809,+
SNRPG,chr14_49602468_49614255,81.52365405,+
MBNL2,chr12_93467554_93469188,81.52293924,-
ZFP36L1,chr1_39480009_39484600,81.52169856,+
GRSF1,chr17_16158873_16171802,81.52069204,-
RBM34,chr4_119494523_119497810,81.52045318,+
G3BP1,chr2_74528489_74529131,81.51843365,+
PHC3,chr16_89907322_89908965,81.51721572,+
G3BP2,chr14_73316422_73323129,81.51354361,+
IREB2,chr3_138187599_138188454,81.51135442,+
SNRNP70,chr2_30147062_30156627,81.50706495,+
SART3,chr1_90918154_90937484,81.50694676,+
LARP4B,chr4_140379192_140380961,81.50664524,-
HNRNPA2B1,chr12_55728352_55729281,81.50238347,+
RBMS2,chr1_20779911_20787194,81.50099707,+
EIF3G,chr1_155658304_155709772,81.50083013,+
HNRNPA3,chr1_75790057_75791284,81.50076906,+
HNRNPM,chr11_90206272_90206747,81.49923178,+
SASH1,chr8_124516030_124518817,81.49732403,+
MATR3,chr3_197854445_197858833,81.49518792,+
LARP4,chr2_227352573_227355676,81.48375536,+
SNRPB,chr2_227813987_227815456,81.47593108,-
SNRPC,chr1_155140245_155140490,81.47569577,+
NCBP2,chr2_152663967_152664137,81.47416929,+
MBNL2,chr1_222633249_222645553,81.46908347,+
ZC3H3,chr1_153642429_153645063,81.46736836,-
RBM8A,chr1_109214128_109214546,81.46624518,+
FUS,chr4_48885565_48894005,81.46370079,+
UPF3B,chr10_37166695_37169529,81.46214337,-
RBM15B,chr9_35684807_35685268,81.45829336,-
HTATSF1,chr7_116210734_116249019,81.45004157,+
RBM45,chr12_124913092_124913320,81.44305987,-
SAMD4A,chr1_13614411_13615904,81.44086968,+
EIF4H,chr15_88639076_88639342,81.44030256,+
EIF2S1,chr10_80408643_80420482,81.43288133,+
CPEB4,chr12_53462567_53467220,81.43162297,-
ZNF638,chr5_224521_225882,81.43156199,+
RBM43,chr6_90536401_90544551,81.43144387,+
NONO,chr12_124911899_124912355,81.43136419,-
KIN,chr1_61683546_61694696,81.43117517,+
CARHSP1,chr2_95888120_95889798,81.43062254,+
RBM43,chr1_228108318_228109148,81.42610484,+
UNKL,chr20_13483337_13528432,81.42282251,+
SF3A1,chr12_124913339_124913567,81.42265943,-
EPHB4,chr1_205381856_205384287,81.42231217,-
SRRM2,chr19_5667164_5667346,81.41538769,+
ZC3H13,chr1_24647208_24648858,81.41473869,-
RBM8A,chr1_52911790_52913894,81.41456255,+
LARP1B,chr6_27252949_27254985,81.4099597,+
ZC3H15,chr2_26034735_26093590,81.40352538,+
SAMD4A,chr1_156233728_156236348,81.40298853,+
SNRPA,chr2_44218537_44230412,81.39874983,+
EIF4B,chr11_66284966_66285700,81.3966647,+
ZC3H15,chr14_24440926_24442177,81.38573627,+
RBM10,chr2_227340380_227355676,81.38393795,-
ZNF74,chr12_88035738_88042824,81.380997,+
FUS,chr13_37574652_37577752,81.37835645,+
SNRPD3,chr12_22459542_22469708,81.37748358,+
SAMD5,chr17_44322552_44322807,81.37695685,+
PARP14,chr15_50300902_50301256,81.36814861,+
RBM33,chr13_31151191_31154632,81.36306536,+
SEC23IP,chr17_50737026_50737286,81.35666587,+
PTBP2,chr1_62436562_62439798,81.35630559,+
RBM4,chr7_30019123_30022664,81.34551665,+
ZC3H12B,chr4_51886638_51891759,81.34484209,+
ZFP36L1,chr6_24714440_24716032,81.34245381,-
MCTS1,chr11_65713503_65713592,81.34044326,+
RBMX,chr16_66552793_66558189,81.3377412,+
PNO1,chr1_68126335_68137779,81.33441401,+
GRSF1,chr8_33503935_33509745,81.3318434,+
NCBP2,chr1_51669512_51714002,81.33103422,+
SCML4,chr2_159412545_159428310,81.33097709,+
SGMS1,chr12_130872126_130872835,81.33074065,-
SAMD8,chr2_97194754_97204190,81.32823176,+
FUBP1,chr6_26124749_26127697,81.32596843,+
RNPS1,chr15_39588218_39588958,81.31790572,-
SAMD5,chr14_91870385_91877486,81.31723985,+
PARN,chr20_46386275_46387337,81.31621836,+
MATR3,chr16_69121170_69121435,81.31222833,+
TRA2B,chr4_82829058_82844385,81.30793347,+
RBMS1,chr11_6478198_6478578,81.30525803,+
SAMD8,chr7_2225550_2229983,81.29857745,+
HNRNPH1,chr3_191370036_191375061,81.29837792,+
MBNL1,chr12_28190641_28257201,81.29575542,+
NCBP2,chr12_26979936_26980565,81.29249203,+
RBMS2,chr1_151540426_151562584,81.28750567,+
CIRBP,chr2_237540533_237542566,81.28647497,-
PNO1,chr6_46168297_46170807,81.27839261,+
RBM25,chr7_105126340_105126992,81.27371711,+
HNRNPA2B1,chr1_77741748_77759642,81.26710617,+
NCBP2,chr17_67959875_67964211,81.26382102,-
ENOX2,chr14_55580354_55612018,81.25847854,+
EWSR1,chr8_37744696_37749558,81.24956215,+
SNRPD3,chr15_101285801_101286213,81.24051825,+
DKC1,chr3_121668158_121668313,81.2391462,+
PTBP1,chr10_3780229_3781766,81.2320059,-
PAPSS2,chr21_37073364_37108391,81.23188243,-
HNRNPA1,chr7_73738142_73738327,81.22968637,+
FUS,chr11_47476959_47477296,81.22852673,+
SRRM2,chr6_3154923_3226158,81.22213083,+
RBM42,chr1_33014594_33021592,81.22208406,+
EEF1G,chr2_97555254_97560664,81.21893628,+
RBM14,chr1_154214574_154220341,81.21325542,-
CNKSR1,chr17_38809765_38810275,81.21001947,+
QKI,chr9_33956146_33960825,81.20635536,+
LSM7,chr2_222924595_222928861,81.20595941,-
EIF2S1,chr12_48671962_48679654,81.20582646,+
SSB,chr3_49278451_49280743,81.20386715,+
HELZ,chr4_26321048_26362445,81.20282478,+
SF3B4,chr10_6226365_6232894,81.20136374,+
RBMS2,chr1_193020381_193021096,81.19682268,+
PPFIA1,chr14_24241776_24241889,81.19638953,+
SAMD8,chr11_10801087_10802048,81.18822976,-
PTBP2,chr17_5422829_5425970,81.17842649,+
MEX3A,chr2_95935644_95938828,81.1760702,+
HNRNPA2B1,chr16_1786955_1787676,81.17186913,+
PSPC1,chr14_24241776_24242140,81.17037907,+
NCL,chr15_63044152_63056984,81.16622901,+
RBM42,chr15_50725323_50726320,81.16364592,+
U2AF1L4,chr12_15957033_15959828,81.16007491,+
YTHDF2,chr12_98531838_98537474,81.15965977,+
SNRPD2,chr8_144425000_144425682,81.15244863,+
RNPC3,chr9_88418951_88426381,81.15020352,+
FUBP1,chr3_12606299_12608765,81.14958957,+
YTHDC1,chr15_69453020_69455169,81.14949857,-
ZC3H8,chr2_97151939_97158106,81.1493611,+
CSDE1,chr12_52057259_52058687,81.14917202,+
PTBP1,chr6_12290693_12292340,81.14691038,+
RBM3,chr4_153204560_153270337,81.14499636,+
HDLBP,chr17_44212006_44212818,81.13798832,+
PHC3,chr1_144720690_144738996,81.13537846,+
MATR3,chr3_141386937_141403926,81.13005683,+
TRA2B,chr3_129171538_129171651,81.12950902,-
SCML2,chr6_30642247_30642767,81.12664027,-
PABPC1,chr1_235155112_235160892,81.12609469,+
YTHDF2,chr1_228140363_228141123,81.12138972,+
SAMD12,chr3_142005544_142028578,81.12071624,+
SFMBT2,chr7_122078014_122079596,81.1145231,+
SCML4,chr19_1032696_1036129,81.11231654,+
ZC3H4,chr12_42375074_42387455,81.11177349,+
TROVE2,chr1_219179246_219210531,81.11113066,+
FUS,chr9_87727729_87772878,81.11052766,-
TRA2A,chr2_43794643_43795886,81.10993444,+
RBM7,chr7_76048226_76057409,81.10830374,+
SRRM1,chr1_71065137_71066775,81.10538878,+
CSDE1,chr15_40853929_40854059,81.10420097,+
SNRPN,chr14_69767251_69768137,81.10079729,-
TARDBP,chr3_100492928_100555208,81.09567654,+
TRA2A,chr1_114738072_114749820,81.09009976,+
ARAP1,chr1_151368319_151369712,81.08975578,+
RBM8A,chr12_124912050_124913190,81.08954292,-
ZFP36,chr3_16260829_16264768,81.0880728,+
SLTM,chr10_37169558_37169651,81.08013987,+
SASH1,chr7_128739432_128747552,81.07611555,-
YTHDC2,chr4_82857764_82861630,81.07367521,+
LSM5,chr15_43792611_43792974,81.07343253,-
HNRNPH3,chr12_10710114_10713210,81.07293788,+
RBM18,chr6_110875215_110892160,81.07204702,-
PPFIA1,chr17_42348517_42388278,81.05708816,-
RBM3,chr2_111367575_111494884,81.05223516,-
THUMPD1,chr4_82898062_82900076,81.04849125,+
DDHD2,chr2_227352573_227355676,81.04226345,-
RBM39,chr3_141402449_141403926,81.04021632,+
PUM1,chr15_41349241_41351032,81.0384539,-
HNRNPH1,chr2_111429620_111494884,81.03283616,+
HNRNPA3,chr7_5730817_5739275,81.03269699,+
SF1,chr3_112340983_112344961,81.03080012,+
HNRNPC,chr2_30147062_30156627,81.02899357,-
TIA1,chr1_228108318_228108436,81.02611846,+
NUFIP1,chr11_66640123_66646026,81.02073848,-
RBM34,chr12_89656107_89708595,81.02050704,+
CHERP,chr12_862270_878211,81.01900548,+
KRR1,chr19_41433434_41433536,81.01616918,+
SETD1B,chr9_41172749_41182374,81.01480562,+
HNRNPM,chr12_27244332_27297709,81.01292508,+
DHX8,chr1_155136376_155137560,80.99801008,+
PARP14,chr2_60462424_60468731,80.99437224,+
YTHDF1,chr15_66494552_66497641,80.9923495,-
PNO1,chr17_2042231_2042604,80.98532133,+
PPIE,chr8_94674506_94678202,80.97778814,+
PUF60,chr2_53801842_53809213,80.976662,+
RRP7A,chr5_98868635_98869753,80.97368245,+
RBM33,chr2_200860215_200861237,80.97262766,-
HNRNPC,chr1_90007750_90010087,80.96342747,+
LSM5,chr3_48927813_48961611,80.9578937,+
SSB,chr10_100527074_100529365,80.95602587,+
RBM25,chr12_11047188_11171421,80.9538732,+
RBM7,chr20_2656214_2656400,80.95372037,+
POLDIP3,chr18_49491584_49491735,80.95220584,-
SAMD8,chr5_134741523_134743986,80.94412856,+
MBNL2,chr1_117153369_117170106,80.93714861,+
ZFR,chr2_97151939_97152503,80.93677835,+
KIN,chr4_82355401_82356795,80.93184086,+
RPS3,chr2_227813987_227815456,80.92702549,-
PPFIBP1,chr7_100030375_100033304,80.92531113,+
MEX3A,chr12_52052645_52054326,80.92379508,+
ZC3H14,chr1_114737563_114737962,80.92149011,+
HNRNPA0,chr12_124912883_124913111,80.92135165,-
RBM3,chr11_35201787_35204511,80.92125203,+
YTHDF2,chr1_75790057_75791284,80.90158404,+
RBM47,chr1_151240039_151242122,80.90143631,+
RBPMS,chr21_33557316_33557545,80.90090214,+
RPS3,chr15_34227846_34229752,80.89988365,+
HNRNPH1,chr4_82829058_82842139,80.89887218,+
PABPC1,chr2_30147062_30156627,80.89871044,+
MCTS1,chr5_66153596_66158808,80.89857911,+
RBM47,chr12_124912883_124913567,80.89460236,-
EIF3B,chr5_149513209_149520289,80.89278648,+
RBM45,chr7_74056713_74059885,80.89133456,-
FMR1,chr17_27309272_27311508,80.89049613,+
PAPSS1,chr11_2400798_2402293,80.89048369,+
PUM1,chr16_18789118_18790243,80.88070276,+
UPF3B,chr11_125102317_125102636,80.87443875,+
RBM6,chr8_61681036_61682438,80.87054836,-
RBM5,chr2_8812493_8813236,80.86906803,+
ZRANB2,chr15_101650161_101651695,80.86213136,+
EIF4H,chr11_74965117_74969639,80.86051985,+
ZFP36L1,chr3_134482931_134485951,80.8594317,+
TUT1,chr11_32588732_32589546,80.85698051,-
DDHD2,chr9_121300126_121301962,80.8537586,-
ZC3H15,chr12_21506976_21512294,80.85335936,-
YTHDF2,chr3_121719768_121722261,80.84851825,+
TRMT1,chr4_153276130_153295312,80.84441417,+
TARDBP,chr10_68901471_68906710,80.84428112,+
SNRPD2,chr2_97164469_97167576,80.83720258,+
ZC3H6,chr2_96601776_96602752,80.82741105,+
CPSF6,chr5_150446963_150447473,80.82289638,-
SAFB,chr9_89332986_89334635,80.82199592,+
ZNF638,chr7_21908507_21916753,80.82020156,+
ZC3H4,chr5_43454043_43483821,80.81866745,-
PHC3,chr2_70227822_70229263,80.81140637,+
RNPC3,chr10_28614685_28616172,80.81033105,+
SNRPB2,chr1_174957549_174957890,80.80835926,+
HTATSF1,chr7_852667_852812,80.80680072,+
SEC23IP,chr8_70598252_70600018,80.80648028,-
ZFP36L2,chr18_35291232_35305975,80.80501046,+
GRSF1,chr5_43555999_43556818,80.80305015,+
RBMX,chr2_27369212_27369413,80.80104391,+
RBPMS,chr11_34646684_34651541,80.80094328,+
ZC3H7A,chr1_6785575_6825091,80.80035254,+
U2AF1L4,chr8_144098994_144099276,80.79602611,+
TARDBP,chr4_105190505_105233896,80.78949643,+
RRP7A,chr17_73209768_73227164,80.77823354,+
PNPT1,chr12_124913092_124913548,80.77313962,+
CCAR1,chr4_15971082_15980421,80.77040424,+
RNF113A,chr18_9195698_9208656,80.76893592,-
ZC3H6,chr10_26751783_26765217,80.76796707,+
BFAR,chr15_32679915_32684556,80.76547348,-
RBMX,chr20_44903121_44903992,80.76316815,+
SAMD12,chr1_51296170_51297790,80.75032386,-
NAA38,chr17_16382339_16382567,80.74916399,+
LSM1,chr21_46649739_46663382,80.74737827,-
RBM39,chr20_35632923_35664801,80.74226187,+
MBNL2,chr17_8460160_8466929,80.74069598,+
RBM3,chr2_131531802_131532863,80.73947654,-
ZFR,chr12_56160320_56162263,80.73533841,-
LARP1,chr6_31835451_31836423,80.73466464,-
QKI,chr1_51750195_51760689,80.7313121,+
MATR3,chr18_55229076_55232508,80.73019902,+
ZC3H13,chr6_31860178_31860438,80.72500148,+
AKAP1,chr8_38995794_38996212,80.72449676,+
PHC3,chr18_35291232_35305975,80.72032955,+
MATR3,chr1_112703806_112707077,80.71623681,+
PHC3,chr6_30741867_30742146,80.71269065,+
ANKS1A,chr3_100519608_100555208,80.69877816,-
SNRPN,chr11_47569891_47571470,80.6945659,-
LSM3,chr12_124911899_124913495,80.6938759,-
SSB,chr7_66554837_66573384,80.69070702,+
ZC3H6,chr15_51926872_51958741,80.68272798,+
SNRPB,chr1_228108321_228108436,80.68195654,+
RBM43,chr12_21471647_21472197,80.6808032,+
FUBP1,chr2_241678649_241680228,80.67942756,+
RPS3,chr1_224371423_224379068,80.67373384,+
HTATSF1,chr21_25982477_26021839,80.66848904,-
HNRNPH3,chr4_118705821_118709997,80.66827182,+
HNRNPL,chr20_35699451_35699632,80.66074573,+
HNRNPD,chr12_70319364_70335437,80.66033161,+
ZFP36L1,chr16_56939359_56940176,80.65616343,-
ZC3H6,chr3_114974416_115147218,80.65121454,-
RPS3,chr5_75355214_75355364,80.65071109,+
PCBP4,chr12_124912864_124913092,80.65059598,-
RRP7A,chr4_26321048_26362445,80.64841222,+
MCTS1,chr1_228108321_228108436,80.64542646,+
SNRPD2,chr9_93107816_93110567,80.6390077,+
ZFP36L1,chr15_80059809_80120327,80.63874233,+
PTBP1,chr1_243186072_243186258,80.63648497,+
CSDE1,chr12_124912506_124912962,80.63627451,-
PHC3,chr7_80828745_80916678,80.62865488,+
U2AF1,chr11_47476956_47477296,80.62838919,+
PPFIBP1,chr7_73687095_73692595,80.62772815,+
CSDE1,chr18_35291232_35305975,80.62413927,+
MYEF2,chr5_57174211_57175447,80.62338844,+
SEC23IP,chr14_92706653_92709671,80.61392795,+
EWSR1,chr4_107660072_107682014,80.61359896,+
SNRPD2,chr7_124863640_124870910,80.61281516,+
SF1,chr16_69120649_69121435,80.6100842,+
ZC3HAV1L,chr3_49022768_49022877,80.60720975,-
HNRNPM,chr11_35190065_35214851,80.60353704,+
UNKL,chr2_199943834_199948336,80.59926663,+
MCTS1,chr7_95412477_95416241,80.598237,+
SAMD4A,chr2_20041007_20051409,80.59374913,-
EIF4B,chr2_134946465_134947735,80.59079086,+
NONO,chr2_191682017_191682491,80.58991402,+
SFPQ,chr16_635340_636093,80.58754795,+
RBM8A,chr10_73030370_73043886,80.58747284,-
TARDBP,chr7_65974704_65976014,80.58530569,+
TEP1,chr12_49742115_49752463,80.58374641,+
THUMPD1,chr5_138163344_138164319,80.58240708,+
EIF4B,chr11_62534074_62535002,80.56942884,+
SFMBT2,chr15_60347689_60351192,80.56902316,-
LARP1B,chr1_207767195_207770320,80.56735956,-
RBM39,chr5_225562_225882,80.56344797,+
BFAR,chr18_13671973_13681604,80.56325036,+
SLTM,chr1_234400948_234401180,80.56122385,+
ZRSR2,chr5_141974955_141978302,80.55529389,+
PNPT1,chr18_14799295_14828277,80.55248501,+
KHDRBS1,chr6_33417695_33417868,80.54997995,+
RBM14,chr4_2932512_2932599,80.54940793,+
ZC3H11A,chr17_41689069_41690087,80.54538369,+
ZFR,chr1_86348878_86352858,80.54084677,+
HELZ,chr19_52322274_52322442,80.53894585,-
RRP7A,chr1_168023047_168038370,80.53462085,+
PPIE,chr2_43894629_43896633,80.53434969,+
G3BP1,chr5_131391108_131391917,80.52158228,+
SNRPN,chr2_176297895_176326824,80.51650951,+
UNKL,chr1_193059776_193069033,80.51501007,+
PTBP1,chr18_58335537_58341037,80.51464683,+
LSM4,chr4_17845901_17909093,80.51282846,+
RBMXL1,chr15_41371684_41377195,80.51267236,-
SRRM1,chr17_43013379_43013475,80.50885625,+
MYEF2,chr6_30741867_30742146,80.50654064,+
ZCRB1,chr11_17282943_17286633,80.50290738,-
RRP7A,chr8_85217502_85220305,80.49424316,+
EWSR1,chr1_74706994_74710097,80.49386626,+
NCL,chr1_54043525_54052999,80.49351293,-
LSM1,chr19_37165696_37169838,80.48775803,+
HNRNPA2B1,chr16_89873859_89883350,80.48720429,+
SAMD8,chr17_7627414_7627569,80.48210475,+
MEX3C,chr12_53462567_53465931,80.48011652,+
STIM2,chr5_134374463_134376673,80.47972153,+
KRR1,chr3_108049651_108050577,80.47838353,+
SNRNP70,chr3_158710921_158713796,80.47652889,-
NCBP2,chr1_244842058_244842194,80.46759807,+
U2AF1L4,chr11_134248484_134249166,80.46520186,-
NIP7,chr9_177820_178815,80.46185405,+
RBM17,chr3_169773462_169774264,80.45153507,+
ZC3H12D,chr22_37677065_37679602,80.4475301,-
BFAR,chr20_44885886_44887647,80.447251,-
RBM22,chr22_44808438_44814671,80.44704731,+
SETD1A,chr21_37157214_37159698,80.43741192,-
ZC3HAV1L,chr1_87331814_87332012,80.43520179,-
RBM26,chr6_21065228_21198020,80.43508238,+
DAZAP1,chr12_101626910_101629433,80.43478225,-
EIF4B,chr15_79845442_79889092,80.43414919,+
HNRNPA1,chr12_124913039_124913267,80.43337093,-
PHC2,chr11_3735324_3753315,80.42421434,+
PNPT1,chr15_64075537_64081101,80.41928093,+
EWSR1,chr1_25244498_25245149,80.4192103,+
SRRM2,chr20_49279208_49280484,80.41520771,+
CSDE1,chr22_21628787_21629307,80.41063707,+
RBM41,chr20_49280570_49289044,80.40750032,+
EWSR1,chr3_169773462_169774264,80.40422622,+
SLTM,chr9_114323805_114330791,80.40414464,-
NIP7,chr1_1719455_1721595,80.40380537,+
SGMS1,chr8_67059445_67062105,80.40284563,-
RBM17,chr2_176297895_176326824,80.40238317,+
RBM6,chr17_59834050_59838294,80.40144606,+
SNRPF,chr1_175004814_175006744,80.40136463,+
EIF3B,chr1_161750145_161751667,80.39993267,+
HNRNPC,chr1_53228954_53233541,80.39620673,+
PPP1R9A,chr19_9420218_9434797,80.3952645,+
FMR1,chr18_3247587_3253232,80.39191231,+
HNRNPC,chr1_144720690_144738996,80.39031104,+
CPSF6,chr14_70329236_70359518,80.38912957,+
SNRPB2,chr11_46630100_46644278,80.38731892,+
ENOX2,chr4_39774933_39778359,80.38682616,-
RBM4B,chr2_9406905_9407448,80.38642559,+
HELZ,chr12_10373137_10374034,80.37714881,+
YTHDF1,chr1_107642755_107688380,80.3742788,-
NAA38,chr10_125827638_125831419,80.37113849,+
HNRNPA1,chr1_235829036_235830225,80.36526744,+
RBMS1,chr14_73148106_73170796,80.36234645,+
SF3A1,chr1_153638448_153642245,80.36224529,-
RBM43,chr7_149012360_149020966,80.36031327,-
SEC23IP,chr12_124911899_124912583,80.35845415,+
PTBP1,chr12_6492972_6493458,80.35789846,-
LARP1B,chr18_14796415_14802216,80.3534062,-
PHC3,chr1_223134482_223134681,80.3429507,+
PPIL4,chr4_17886161_17909093,80.3274313,+
TIAL1,chr3_48945181_48961611,80.32560361,+
PNO1,chr14_20684758_20693546,80.32437598,+
ZFP36L1,chr1_244835756_244842194,80.32379485,+
NSUN6,chr17_76557857_76561287,80.32034787,+
PNPT1,chr3_50289628_50289711,80.31305162,+
RNPS1,chr1_224365991_224375794,80.30549475,+
PARP14,chr4_87980434_87981474,80.30534138,+
PPFIBP2,chr8_73959818_73972076,80.30085847,-
HNRNPA1L2,chr14_69767380_69768137,80.29613484,-
PCBP1,chr9_122148277_122152244,80.29378081,+
UPF3B,chr4_108620712_108621950,80.28771035,+
EWSR1,chr5_151109846_151110626,80.28743527,+
PCBP1,chr2_61492250_61492324,80.28450493,+
RBM6,chr17_67963506_67964211,80.28414111,+
SFMBT2,chr10_114173265_114174014,80.28405973,+
SNRNP70,chr22_45550615_45574510,80.28233006,-
HNRNPC,chr5_135360607_135369405,80.27657413,+
SNRPD2,chr18_694334_706469,80.27497772,+
LSM3,chr1_150714121_150717137,80.26874957,+
SF3A1,chr6_17513954_17539268,80.26582723,+
PAPSS1,chr12_55728352_55729281,80.26444173,+
RBM47,chr2_23783028_23786026,80.26233603,+
SNRPD2,chr1_205381856_205420454,80.26097204,+
NCBP2,chr12_124911822_124912962,80.26091642,+
WDSUB1,chr2_85596649_85597103,80.2594833,-
TIA1,chr7_75996599_76003757,80.25613147,+
EIF3G,chr3_138572984_138591853,80.25421277,+
RBMXL1,chr3_136928227_136945582,80.25360616,+
PPFIBP1,chr12_120563070_120563346,80.25242643,+
TRA2A,chr10_43396590_43409130,80.24909391,+
EEF1G,chr9_127450804_127451280,80.24519688,+
MATR3,chr16_31182664_31183860,80.23835065,+
PRR3,chr14_91870385_91873496,80.2322933,+
KHDRBS1,chr1_75724817_75728400,80.22929585,+
TRA2B,chr22_20126368_20126954,80.22860774,+
RRP7A,chr14_73316422_73323129,80.22382317,+
EIF4B,chr3_146525647_146533469,80.22190588,+
PUF60,chr3_37174605_37176059,80.22162865,+
SLTM,chr12_124912734_124913190,80.21543509,+
MATR3,chr19_38632496_38634992,80.21535882,+
HTATSF1,chr12_124911899_124913723,80.21257953,-
EIF4H,chr3_49310737_49324701,80.21194487,+
PTBP2,chr1_174957549_174957890,80.21033006,+
LSM5,chr3_183092545_183094558,80.20756194,+
RNPS1,chr2_241268541_241315569,80.20278594,+
EIF4B,chr14_102251995_102263545,80.20233295,+
CPEB4,chr8_37873179_37874514,80.19806674,+
KIN,chr2_95876512_95880426,80.18590178,+
NCL,chr21_46663554_46664294,80.18461484,+
ZC3H6,chr3_191375589_191380158,80.18233999,+
SNRPD3,chr1_155258912_155260329,80.17731827,+
GRSF1,chr7_26197866_26200571,80.17713904,-
EEF1G,chr1_181050286_181053572,80.17679814,+
SNRPN,chr1_52911790_52913894,80.1749144,+
SUPT6H,chr11_118557045_118559784,80.1747292,+
ZC3H12D,chr1_74706994_74707102,80.17180278,+
CPEB4,chr22_36517493_36518762,80.17174585,+
ZC3H6,chr12_15957033_15959828,80.169194,+
SNRPB2,chr11_66640123_66646026,80.16227111,+
ZFP36L2,chr8_142701713_142703090,80.16186839,+
EIF3G,chr12_27969516_27970024,80.16096405,+
SF3B4,chr19_40348768_40366418,80.15531284,+
HELZ,chr5_171400210_171405301,80.15151608,+
THUMPD2,chr7_80828745_80916678,80.14982248,+
ZC3H7A,chr5_79641196_79642831,80.14928256,+
MBNL2,chr3_38125881_38126509,80.14419773,+
ZRSR2,chr7_105066807_105068474,80.13875605,-
STARD13,chr1_162590511_162597791,80.13220302,+
SNRPC,chr2_97558994_97560664,80.12949158,+
HNRNPA3,chr2_159555865_159616241,80.1247998,+
LSM3,chr6_122610535_122633282,80.12432403,-
MEX3A,chr1_33021703_33036735,80.12422694,-
MEX3A,chr2_58154802_58159348,80.11772147,+
LARP1,chr6_29888224_29943267,80.11421423,+
MSI1,chr1_224371423_224379068,80.11276123,+
RPS3,chr5_138163344_138164319,80.11239661,+
HNRNPC,chr6_29828316_29943267,80.10983894,+
RBM15B,chr17_5480144_5481100,80.10953463,-
TIPARP,chr1_186301711_186304107,80.10845947,-
HNRNPA1,chr2_159448403_159478574,80.10390194,+
SYNJ2,chr5_43123310_43161248,80.10300084,+
PPIE,chr7_87194102_87194683,80.09153484,+
RBM17,chr11_112086310_112086639,80.08897849,+
AKAP1,chr3_32442013_32452391,80.08470695,-
EIF4B,chr12_42335974_42351884,80.0846208,+
RNPC3,chr22_35263874_35264647,80.0843323,+
PARP14,chr14_55580354_55612018,80.07955433,+
RBM39,chr19_35631405_35632935,80.07622041,+
HNRNPM,chr1_182388750_182391174,80.07175911,+
SSB,chr14_23565701_23566063,80.07035392,+
PPIE,chr4_67701484_67720421,80.0607578,+
RBM39,chr18_26035923_26038554,80.05504753,+
EIF3G,chr11_62885608_62888330,80.04938683,-
RBM7,chr4_153276130_153292981,80.04627662,+
ANKS1A,chr10_73030370_73044980,80.04136468,-
ZFR,chr2_97187226_97189217,80.03884685,-
SSB,chr19_48800297_48806516,80.03654324,+
TIAL1,chr15_44403054_44413335,80.03443248,+
HNRNPD,chr10_102450330_102455336,80.02806209,+
PPFIBP1,chr2_206765654_206766643,80.02699836,+
SNRPD2,chr2_131531802_131532709,80.02427693,+
SAMD5,chr10_72220379_72223887,80.02365061,+
SAMD8,chr3_16260829_16264768,80.02232111,+
GRSF1,chr15_57251423_57253261,80.02156918,-
RBM23,chr13_40982282_40982857,80.01813634,+
RBM23,chr3_169773462_169774264,80.01594576,+
SLTM,chr15_22839790_22851638,80.0146663,+
RBM25,chr1_52906611_52907867,80.00624649,+
ZCCHC17,chr12_124912655_124913339,80.006052,+
RALY,chr6_122633367_122717786,80.00257721,+
NCBP2,chr1_113898801_113899903,80.00162437,+
ZC3H12D,chr15_60347689_60351192,79.99153764,-
MYEF2,chr4_76054274_76075880,79.99121792,-
SAMD12,chr2_85398152_85399135,79.977999,+
LSM3,chr1_150711853_150714084,79.97784058,+
SFMBT2,chr5_57221396_57230845,79.97535127,+
SAMD12,chr14_68882592_68884167,79.97506377,+
RPS3,chr22_39313310_39314106,79.97391853,+
SCML2,chr12_124911899_124912355,79.96852068,-
HNRNPAB,chr19_1438428_1438810,79.96544271,-
TNRC6A,chr2_58146474_58154753,79.96088979,+
NCBP2,chr1_112703806_112707077,79.9599459,+
SAMD8,chr20_49174269_49188115,79.95817356,+
YTHDF2,chr6_167864746_167870385,79.95186635,+
ZFR,chr8_109334402_109336127,79.95115155,-
MCTS1,chr9_93107827_93110567,79.94800764,+
EEF1G,chr2_97560860_97580461,79.94682616,+
PPFIBP1,chr4_13369965_13376544,79.94660987,+
THUMPD1,chr3_121718501_121722261,79.94030928,-
THUMPD3,chr4_118278792_118278943,79.93543678,+
PARP14,chr10_122998671_123008693,79.93287607,+
EIF2S1,chr5_146251875_146254942,79.92934998,+
FUS,chr12_96003920_96006313,79.92604504,+
SYNJ2,chr1_168023047_168038370,79.92438104,-
LARP1,chr3_121826180_121828860,79.92428908,+
LSM1,chr11_35190065_35214851,79.92231704,+
CPSF7,chr10_62049483_62050887,79.92224822,-
MATR3,chr12_14905215_14910757,79.92151556,+
TRA2A,chr19_1032696_1036415,79.91974485,+
PARP14,chr3_114714015_114801100,79.91870187,+
RBM42,chr6_41789336_41789530,79.9162862,-
EEF1G,chr20_45814470_45815540,79.91458748,+
L3MBTL4,chr16_18789118_18790243,79.90858866,-
HNRNPA2B1,chr7_116210734_116249019,79.90842414,+
PDCD11,chr9_136862496_136862905,79.90419992,+
ZFR,chr16_4726780_4729979,79.89884672,+
SCML4,chr19_35508240_35509910,79.89642955,+
MKRN1,chr1_224311857_224317693,79.89227139,+
RBM42,chr1_51296170_51301571,79.89127872,+
EPHB1,chr2_172501901_172504090,79.88577415,+
EIF3B,chr17_28655483_28662045,79.88577243,+
HNRNPH2,chr13_38359333_38360040,79.88489624,-
RBM8A,chr10_110876070_110881274,79.85480619,+
PRPF3,chr2_97164311_97164396,79.85200196,+
PRPF3,chr19_38619327_38620336,79.84435472,+
ZC3H15,chr2_119317503_119339826,79.84057052,+
NUFIP1,chr12_124912180_124913320,79.83492693,+
FMR1,chr7_128748367_128748572,79.83437499,+
SSB,chr12_31117480_31121138,79.83407088,+
PNO1,chr17_64968381_64972533,79.83176319,+
RBM17,chr3_38125881_38126509,79.82939549,+
CSDE1,chr1_173864304_173864674,79.82664476,-
BFAR,chr11_111910449_111910670,79.82562102,+
ZFP36,chr8_17675252_17684327,79.8221042,+
LSM3,chr3_141386937_141403926,79.8190515,+
HELZ,chr1_85258722_85259357,79.81647007,+
SNRPD2,chr15_34227846_34229752,79.81307456,+
DLC1,chr11_114298194_114312044,79.80903402,+
SART3,chr6_110875215_110892160,79.80520953,-
MBNL1,chr15_50289668_50300788,79.80507129,+
RBM47,chr12_124912655_124912883,79.80230838,+
LARP7,chr1_70228555_70231858,79.80151322,+
RNPS1,chr2_152677475_152679351,79.80118222,-
RBM7,chr1_244835756_244842194,79.79571458,+
RBMS2,chr1_93079531_93114687,79.79226976,+
PNPT1,chr15_50289665_50300788,79.78529427,+
RBM6,chr12_133101053_133105509,79.78351322,+
SYNJ2,chr17_72428298_72431127,79.78182582,-
LARP1,chr13_110893263_110894108,79.77763276,-
EPHA4,chr1_219179246_219210531,79.77230696,-
U2AF2,chr4_105146979_105233896,79.76521729,-
PARP14,chr7_27800090_27827737,79.76511797,-
STIM2,chr22_42893613_43015020,79.76244386,-
KHDRBS3,chr1_244842058_244842194,79.76167918,-
TRA2A,chr20_17988298_17989938,79.76011267,+
NAA38,chr22_20126368_20126954,79.75919775,+
RBM8A,chr7_54757594_54759161,79.75420268,+
MCTS1,chr12_124912583_124913495,79.75223549,-
RBM8A,chr19_8969879_8985550,79.75221647,+
SNRPD2,chr14_55673012_55675834,79.75004643,+
MYEF2,chr2_12723552_12740325,79.74044123,-
SNRPD2,chr5_132195480_132198320,79.73872277,+
EPHA4,chr17_31863516_31868045,79.73865383,+
INPPL1,chr6_41937394_41940369,79.73148182,+
HNRNPA2B1,chr2_161160486_161179613,79.73139577,+
ZC3H6,chr3_15414162_15415771,79.72541824,+
RBMS1,chr7_10938147_10940015,79.72280351,-
RBM43,chr12_27969516_27970024,79.72067538,+
PPFIBP1,chr17_1712399_1713702,79.72019967,+
NIP7,chr5_138164133_138164319,79.71140059,-
EPHA4,chr11_75562319_75566315,79.70634301,+
CIRBP,chr3_114974416_115147218,79.70342719,+
MYEF2,chr1_28229023_28230130,79.70319518,+
SNRPN,chr11_10801087_10802048,79.69844596,+
PHC3,chr12_8777802_8780577,79.69543673,+
LSM3,chr12_4612718_4613514,79.69097401,+
SNRPD2,chr13_27445156_27450063,79.69091219,+
ELAVL1,chr12_109090207_109092506,79.68825508,+
EWSR1,chr1_6785575_6820180,79.68306803,-
SUPT6H,chr3_193618936_193631611,79.68166418,+
ZFP36,chr1_45606591_45613168,79.67760764,+
PUM1,chr2_95889871_95889965,79.67113958,+
MYEF2,chr7_44984426_44986524,79.66781138,+
TMEM63A,chr8_143580632_143581053,79.66683287,-
EIF3G,chr8_85217502_85220305,79.66049009,+
SNRPG,chr12_124911952_124913320,79.65909087,-
UNKL,chr2_95938901_95938986,79.65323757,+
SNRPE,chr17_67963506_67964211,79.64508043,+
PARP14,chr17_67894165_67903788,79.64494047,+
PCBP1,chr6_26124633_26127697,79.641571,+
HNRNPK,chr8_61643433_61644599,79.63919391,+
UNKL,chr2_38748653_38749239,79.63616609,+
EEF1G,chr1_224308263_224317693,79.63158612,+
TRA2A,chr18_50274353_50274976,79.63055281,+
TRA2B,chr16_28845055_28845911,79.63053485,-
PARN,chr1_201151852_201153848,79.627444,-
ZNF638,chr2_9961436_9963885,79.62585498,+
TROVE2,chr19_2269744_2271781,79.61697128,-
PTBP2,chr1_151562165_151562584,79.61617327,+
SAMD12,chr1_30966197_30967166,79.61505133,+
DKC1,chr15_80120498_80121747,79.61347918,-
NCBP2,chr22_29298895_29299194,79.61303582,+
ZC3H14,chr19_52845296_52849086,79.60678304,+
RBM7,chr13_45383235_45391031,79.59720165,+
HNRNPA3,chr9_136850560_136850754,79.59040903,+
ZC3H13,chr19_12691454_12694593,79.57682284,+
YTHDC2,chr14_23567319_23567596,79.57174329,+
SAMD4B,chr1_32226320_32228498,79.56871481,-
SEC23IP,chr12_48671962_48679654,79.56819803,-
G3BP2,chr19_36801240_36801875,79.56445653,+
YTHDF2,chr14_44937812_44945029,79.56372261,+
HNRNPA1L2,chr19_13109838_13110157,79.55687097,+
TRNAU1AP,chr17_78171054_78171738,79.5568416,-
SAMD5,chr10_88941390_88943796,79.5566472,-
MBNL1,chr12_49742115_49752463,79.55653042,+
RBM5,chr12_114679651_114680878,79.55438558,+
PPFIBP1,chr21_25729801_25734988,79.55238753,+
PTBP2,chr2_97560860_97576378,79.55109296,+
STIM1,chr10_112964624_113040024,79.54870692,+
EPHB1,chr12_124913111_124913567,79.5446189,-
EEF1G,chr14_21211563_21211809,79.54413474,-
SART3,chr7_117131960_117136080,79.54388583,+
PHC3,chr6_26124633_26138053,79.54195913,+
RBM23,chr2_71068712_71072640,79.54152449,+
EIF3G,chr16_56609057_56618588,79.54028655,-
EIF3G,chr8_56212909_56214597,79.53911984,+
TRA2A,chr7_92042186_92042667,79.53446811,+
CSDE1,chr4_109734796_109742490,79.53218431,-
EPHB3,chr18_79977701_80033850,79.53211439,-
HNRNPH2,chr11_10801087_10802048,79.53075529,-
RBM12,chr4_185678822_185775226,79.53032676,+
TRA2A,chr16_72056631_72057391,79.52963182,+
TRA2A,chr16_72058355_72059113,79.52963182,+
PPIL4,chr2_176297895_176326824,79.52702708,+
CNKSR1,chr2_70227822_70229263,79.52679545,+
SYNCRIP,chr12_27970267_27971926,79.52677681,+
HNRNPH3,chr6_37377033_37390741,79.52425628,+
KIN,chr3_121699885_121702480,79.52417189,+
RALY,chr8_73027052_73030335,79.51907383,+
DNAJC17,chr1_39480009_39484600,79.51482435,-
SF1,chr12_28255662_28257201,79.51064847,+
TRA2A,chr16_88859972_88860913,79.50969898,+
PCBP1,chr14_94383241_94390456,79.5075389,+
EIF2S1,chr7_27800090_27827737,79.50540261,+
EIF3G,chr2_200857884_200857972,79.50189923,+
BFAR,chr9_128098725_128101095,79.49584018,-
SCML4,chr6_36600276_36601151,79.49487928,+
LSM1,chr12_124911899_124913723,79.49426697,-
RPS3,chr14_94383241_94390456,79.49141092,-
HNRNPA1,chr7_5739352_5740972,79.48719857,+
RNPC3,chr4_184638468_184649394,79.48689973,+
TARDBP,chr11_47565986_47569699,79.48428515,+
TAF15,chr5_132271466_132272024,79.47744521,+
TARDBP,chr2_112652798_112652888,79.47633226,+
TARDBP,chr21_26468631_26480271,79.4751897,+
PRPF3,chr1_225783368_225789258,79.47288478,-
PCBP2,chr4_53399839_53425871,79.47278186,+
PUF60,chr2_203411371_203416907,79.47256859,+
LSM1,chr14_105474905_105478449,79.47056922,+
SLBP,chr1_167765749_167787819,79.46675803,+
INPPL1,chr10_12172866_12177792,79.46368888,-
HNRNPH3,chr5_135360604_135369405,79.46337107,+
HNRNPL,chr4_87499585_87529044,79.46312542,+
CNKSR1,chr10_31831800_31843460,79.45555452,+
FUBP1,chr11_34651610_34656910,79.4530312,+
THUMPD3,chr14_94615084_94622340,79.44985091,-
DKC1,chr2_55922447_55922898,79.44816738,+
CSDE1,chr17_47973693_47973930,79.44584848,+
ZC3H12B,chr2_25455494_25482795,79.44516957,+
SAFB,chr1_70228555_70231858,79.44309261,+
HNRNPC,chr6_135492291_135497582,79.44101639,+
RBM8A,chr18_79977701_80033850,79.43749028,+
ZRSR2,chr4_82424883_82425562,79.42956289,+
RBM41,chr9_114330576_114330791,79.42489044,+
TRMT1,chr17_5474789_5477847,79.42318066,-
SHANK2,chr14_94612539_94614433,79.41471143,-
PUF60,chr7_30498938_30504568,79.40253355,-
NONO,chr7_75996599_76003757,79.39971162,+
RBM42,chr6_36600276_36601151,79.39345034,+
PNPT1,chr12_122208577_122209772,79.39334591,+
ZC3H13,chr13_31151191_31154632,79.39180197,+
EIF4B,chr19_5901454_5903611,79.39105519,+
MYEF2,chr12_8780112_8780574,79.38812758,+
PPP1R9A,chr1_39480009_39480919,79.38713508,+
DHX8,chr4_51887244_51891759,79.38705495,+
SCML4,chr5_151109846_151110626,79.38238051,+
RRP7A,chr3_51985271_51985360,79.38215206,+
FUS,chr1_35176471_35177318,79.37039773,+
TIA1,chr2_30147062_30156627,79.36940819,+
KIN,chr6_44219782_44227262,79.36931583,+
U2AF1,chr1_248850516_248850681,79.36399402,+
SNRPB,chr1_16977195_16978236,79.36286597,+
HNRNPAB,chr13_45340184_45341041,79.35773267,-
SLBP,chr3_108047292_108050577,79.35641373,+
SYNCRIP,chr20_17660528_17682027,79.35456626,+
DKC1,chr8_42361365_42369270,79.35453076,-
SAFB,chr9_70286271_70297965,79.34801328,+
PUM1,chr10_35195214_35206894,79.34701076,+
WDSUB1,chr20_58993675_58994109,79.34691819,+
ZC3H7A,chr6_122423686_122427902,79.3373267,+
CNKSR3,chr22_40953633_40955286,79.33674327,-
CHERP,chr6_125248383_125257097,79.32968815,+
SNRPF,chr18_35005553_35070194,79.32947781,-
SNRPC,chr12_69260197_69262369,79.32895401,+
EIF4H,chr20_45943765_45944244,79.3268673,+
RALY,chr12_27302188_27309113,79.32467586,-
RBM39,chr1_204532246_204538208,79.32191709,+
RRP7A,chr1_151266121_151266307,79.32164513,-
RBM6,chr3_185926734_185931576,79.31671084,+
RC3H2,chr7_74065732_74066731,79.31533158,-
RPS3,chr20_34073635_34075873,79.31312692,+
SEC23IP,chr15_64136932_64138041,79.31284793,+
MEX3D,chr15_64075537_64081101,79.31045304,+
MYEF2,chr3_42786162_42804435,79.31030067,-
HNRNPA2B1,chr1_16315435_16352254,79.31025771,+
PDCD11,chr2_241315982_241317498,79.30978278,-
PDCD11,chr12_124912655_124913111,79.30908751,+
SNRPB2,chr19_12773044_12774668,79.30754115,+
HDLBP,chr1_108693642_108695701,79.30680232,+
NSUN6,chr17_81891841_81893551,79.30435923,+
PPP1R10,chr1_109200900_109202912,79.29072973,+
NCBP2,chr3_134358719_134359282,79.28962206,+
SF1,chr20_35021356_35035122,79.28844647,+
PTBP2,chr20_49280570_49289044,79.28597823,+
THUMPD3,chr6_99414690_99416348,79.28521931,+
NOL8,chr2_68047319_68053060,79.27921197,+
NSUN6,chr1_235135770_235136033,79.27849749,+
PNPT1,chr3_172133546_172226870,79.27761133,+
THUMPD1,chr12_14885850_14910757,79.26700232,-
TRA2A,chr12_120566980_120571190,79.2664042,+
HNRNPM,chr7_22976808_22977340,79.26559281,+
TMEM63A,chr2_30147062_30156627,79.26419742,+
SAFB,chr12_48671962_48679654,79.26351902,+
IREB2,chr9_65692608_65698514,79.2600223,+
RBM43,chr1_207767195_207770320,79.26001296,+
KHDRBS1,chr16_48252365_48258617,79.25582671,+
RNPS1,chr6_85536924_85541984,79.25443245,+
DHX8,chr1_161750145_161751654,79.25094607,+
UNK,chr18_9937066_9944923,79.24998138,+
RBM22,chr21_26468634_26480271,79.24982235,-
CNOT4,chr21_25982477_26021839,79.24925614,-
TRA2A,chr3_138187599_138209816,79.24818601,-
SART3,chr10_7802854_7807658,79.24489025,-
ZFP36,chr15_39588218_39588958,79.24437181,-
RBM8A,chr12_133081072_133081272,79.2437317,+
PNPT1,chr8_89758233_89765340,79.24352392,-
YTHDC1,chr3_49278902_49280743,79.24327739,+
RALY,chr11_13421838_13445023,79.24133237,+
SHANK2,chr12_28362515_28450160,79.2332418,-
SYNCRIP,chr16_634797_636093,79.23213435,-
RPS3,chr14_45109780_45110093,79.2301873,+
HNRNPD,chr1_228108321_228108954,79.23011023,+
LEMD3,chr2_176297895_176323391,79.22798233,+
HNRNPH3,chr14_55580354_55612018,79.22388031,+
RBM7,chr18_26035923_26038554,79.22116644,+
RBM8A,chr2_9587509_9591391,79.22035154,-
YTHDF1,chr4_82829058_82842184,79.21204081,+
ACIN1,chr5_179614959_179616125,79.20908647,+
PTBP2,chr2_95888120_95919732,79.20902721,-
NOL8,chr3_108047292_108057476,79.20059231,-
LARP7,chr17_31863516_31868045,79.20012252,+
HNRNPL,chr18_11886778_11886916,79.20010554,+
PUM2,chr1_193069634_193075819,79.19864612,+
TIA1,chr4_82861708_82863317,79.19590411,+
ZFP36L1,chr17_7224393_7224483,79.19582273,+
PPIE,chr7_74716950_74718878,79.19031718,+
SYNJ2,chr11_130135715_130137255,79.18623355,+
SRRT,chr12_124911971_124913567,79.18561661,-
SAMD8,chr6_56642503_56642621,79.17902099,+
ZC3H6,chr12_48671962_48679654,79.177909,-
HNRNPM,chr15_34227846_34229752,79.17731232,-
LSM2,chr5_96695907_96722638,79.17551388,+
BFAR,chr2_74528489_74529131,79.17471437,+
KHDRBS1,chr12_124912408_124913320,79.17284297,+
RBPMS,chr1_151307801_151315572,79.17078486,+
HNRNPA2B1,chr13_45340184_45341041,79.16737079,+
NCL,chr12_21501948_21512294,79.16002458,+
RRP7A,chr2_95888120_95935453,79.15982705,-
RBM39,chr14_64924126_64926009,79.15616224,+
MSI2,chr17_31878327_31880572,79.15611705,-
ZC3H15,chr2_105396697_105398969,79.15593569,+
ZC3H12D,chr12_14885850_14905108,79.15151628,+
RBM10,chr22_17750174_17774380,79.15142547,+
KHDRBS1,chr20_62139197_62139695,79.15063899,+
ZNF638,chr5_138164133_138164319,79.14716525,-
LSM3,chr7_101218217_101222603,79.14331323,+
NIP7,chr4_53414722_53425871,79.14319865,+
ZNF638,chr14_22567164_22575058,79.1416978,-
HNRNPH3,chr7_101218485_101222603,79.13948727,+
RBM6,chr5_57214193_57221375,79.13917088,+
U2AF1L4,chr10_18668677_18673983,79.13795329,+
TARDBP,chr8_27604392_27604923,79.13404845,-
ZC3HAV1,chr9_128098725_128101095,79.12941897,+
UNK,chr13_113178287_113178961,79.12785988,+
SF3A1,chr12_76450979_76487509,79.12385943,+
ZCRB1,chr20_18507972_18510821,79.12223217,+
PABPC4,chr20_31073692_31084653,79.12221842,-
PHC1,chr18_26035127_26035830,79.1184706,-
PNO1,chr1_153626533_153627138,79.11634087,+
NAA38,chr6_11193692_11213280,79.11626966,+
TNKS,chr17_51153662_51154224,79.10319032,-
ZFP36L1,chr1_153638448_153642242,79.10237529,+
ZCCHC17,chr8_140890769_140925660,79.10112478,+
ZNF638,chr12_124913320_124913548,79.10100082,+
RBM22,chr3_121668158_121668313,79.1005697,+
LSM3,chr11_64318386_64320864,79.10033802,-
NCBP2,chr8_80003180_80030053,79.09885054,+
FUS,chr18_9562075_9562921,79.09804664,+
MEX3A,chr8_58434504_58434857,79.09454009,+
TRA2A,chr3_50288937_50289254,79.09365707,+
TLR2,chr12_98531838_98537474,79.09260376,+
AKAP1,chr1_149390922_149430933,79.08338523,-
G3BP1,chr9_127450804_127451049,79.07547938,+
RBM6,chr1_16315435_16352254,79.0739837,+
PTBP1,chr1_117153369_117170106,79.07233886,+
RBMS1,chr2_25383889_25387288,79.07094809,+
ZC3H6,chr5_141973742_141974803,79.07049171,+
IREB2,chr17_44322552_44322807,79.06934883,+
SYNCRIP,chr14_94383241_94390456,79.06496299,-
EIF3B,chr21_37073473_37087246,79.06444424,+
PPFIBP1,chr5_179614959_179616125,79.06289784,+
CNOT4,chr14_34524807_34533443,79.05919896,-
RBM39,chr16_87984259_88006089,79.05675704,+
YTHDF2,chr17_5422829_5425970,79.05252855,+
SAMD5,chr10_103101326_103105357,79.05222457,+
TIA1,chr13_110880112_110883110,79.04760603,+
HNRNPA1,chr6_78990982_78997413,79.04681944,+
HNRNPC,chr17_42317224_42322284,79.04244718,+
SRBD1,chr2_241268541_241315569,79.04216161,-
CSTF2,chr11_46617890_46644278,79.0387542,+
RBM6,chr16_31202203_31202416,79.03805086,+
SAMD12,chr12_50142110_50143073,79.03559607,+
ZFP36L1,chr1_39480009_39484600,79.03275162,+
SAMD12,chr1_39480009_39480919,79.031572,+
EEF1G,chr16_228402_229278,79.01690767,+
LSM2,chr2_58165874_58198578,79.01588311,+
RBM8A,chr16_56936817_56939894,79.01565999,-
SPEN,chr15_60386086_60396150,79.01458785,+
SNRPD2,chr4_184638468_184649394,79.01424234,+
UPF3B,chr17_42567655_42568469,79.01421514,+
PPFIA1,chr3_143021385_143021472,79.01408862,-
ZC3H14,chr12_5276889_5358269,79.01327088,+
SSB,chr1_185305643_185306484,79.00750814,+
PPP1R9A,chr2_60541920_60545970,79.00069649,+
MEX3D,chr2_222646996_222648739,78.99872882,+
FUS,chr6_26124633_26138053,78.99759147,-
RBM25,chr6_167013567_167022408,78.99491135,+
SCML2,chr4_118704051_118709997,78.99414058,+
HNRNPL,chr8_119570841_119580115,78.98599494,+
HNRNPD,chr4_26362628_26386352,78.98538491,+
RBM22,chr17_51154444_51155650,78.98431541,-
SEC23IP,chr6_106308491_106316100,78.97962729,+
RBM14,chr6_122610535_122633282,78.97904828,-
RPS3,chr1_175000195_175006744,78.97722991,-
ZFR,chr1_149859681_149859951,78.974665,-
RBM8A,chr16_634797_636093,78.96714613,+
SNRPA,chr14_21020844_21021039,78.96642465,-
FUS,chr4_87499585_87529044,78.96365745,+
MATR3,chr6_167033971_167039903,78.96328955,+
RBM22,chr18_14799295_14828277,78.95684764,+
SAMD8,chr9_111563231_111570090,78.94709611,+
NCL,chr3_114380404_114389004,78.94467717,+
THUMPD1,chr16_4474166_4474409,78.94355997,+
SNRPE,chr9_111666946_111669271,78.93724023,+
HNRNPD,chr1_151760899_151762104,78.93707096,+
SPEN,chr8_63168901_63169386,78.93651576,+
RBM42,chr7_75996599_76003757,78.93230487,+
SYNCRIP,chr7_95406272_95406986,78.92610681,+
SNRPD2,chr10_75214070_75219062,78.92543943,+
ZC3H6,chr17_39200743_39201212,78.91877921,+
RBMS2,chr17_81891841_81893551,78.91795735,-
TNKS2,chr3_138188530_138209816,78.91696364,+
TRA2B,chr3_140963227_140970926,78.91088525,+
KHDRBS1,chr5_146164471_146168127,78.91034332,-
RBM17,chr1_154214574_154220341,78.90438904,-
RBM43,chr17_5422829_5425970,78.90395263,+
SFMBT2,chr5_57214193_57221375,78.9022138,+
DHX57,chr2_38748653_38748897,78.89064457,-
HELZ,chr19_41433673_41438217,78.89029523,+
RBM18,chr12_124912883_124913567,78.88958987,+
RBM19,chr7_76001002_76003757,78.88940529,+
SNRPD2,chr10_26755741_26759061,78.88820832,-
PTBP2,chr11_72111281_72111411,78.88796685,+
PNPT1,chr5_132927207_132932177,78.88261442,+
ZC3H12B,chr12_124911971_124912427,78.88019993,-
THUMPD1,chr9_133348388_133348921,78.87703222,+
DHX57,chr4_13381594_13474317,78.86806841,+
MATR3,chr1_23691829_23692611,78.86759001,+
SF1,chr1_167765749_167787819,78.8611471,+
LSM4,chr3_49278451_49280743,78.8571853,+
PTBP2,chr21_42897047_42903181,78.8515285,+
HNRNPA1,chr17_80273404_80278763,78.84882791,+
SNRPB,chr17_47973693_47973930,78.84849965,+
SNRPD2,chr5_140281533_140303040,78.84805347,+
TIAL1,chr7_5741815_5752845,78.8399994,+
RPS3,chr12_109561104_109561419,78.83795417,+
SNRPB2,chr2_201118901_201129728,78.83447897,+
KHDRBS1,chr17_72040849_72045427,78.83299257,+
LARP1,chr4_87499585_87504821,78.82569046,-
RBM22,chr17_16440253_16441367,78.82470339,+
CPEB4,chr14_23564221_23564332,78.82121698,+
NAA38,chr7_23260773_23266516,78.82065576,+
EIF4H,chr7_23106146_23123776,78.81942633,+
HNRNPC,chr2_177234271_177264531,78.81546615,+
RBM7,chr19_18900449_18904770,78.81544018,+
NCBP2,chr1_193059776_193075819,78.81407579,-
NSUN6,chr3_51984158_51985360,78.80829138,+
RBMS2,chr11_118235589_118237049,78.80741373,+
LEMD3,chr5_272772_311292,78.80562395,-
PUF60,chr1_244842058_244842194,78.80376121,-
SCML2,chr12_96003920_96006313,78.8034047,+
EWSR1,chr6_37377033_37381149,78.80115808,+
ZC3H15,chr14_103334260_103335652,78.79522143,-
MCTS1,chr12_9656697_9656920,78.79353536,+
HDLBP,chr11_112085462_112086639,78.78865178,-
FUBP1,chr1_153638448_153642245,78.78717022,+
HNRNPH3,chr21_37156906_37157160,78.78064131,+
HNRNPC,chr2_58146474_58159348,78.77709863,+
PDCD11,chr2_1665074_1673642,78.77397617,+
TEP1,chr4_83456958_83459739,78.77340493,+
YTHDF3,chr20_62308470_62308654,78.77299578,+
MCM3AP,chr21_25982477_25997359,78.77215023,-
ZGPAT,chr17_8460160_8463319,78.77044948,+
CIRBP,chr11_62520391_62521783,78.7614578,+
HNRNPD,chr4_82426129_82427189,78.7542488,-
KHDRBS1,chr20_37236709_37238401,78.75016917,-
LSM5,chr5_149517877_149520289,78.74717337,+
FXR2,chr12_57489558_57490206,78.74264537,+
SNRPD3,chr9_33347117_33347662,78.74039535,+
SAMD8,chr5_57221396_57230845,78.73746822,-
TNKS2,chr2_105367739_105386360,78.73517975,-
ZC3H7B,chr8_94696961_94705924,78.73191324,+
CPSF6,chr16_67228657_67228796,78.72571269,+
SNRPB,chr5_33998827_34004573,78.72500899,+
HNRNPA1,chr2_130342962_130343085,78.71948181,+
NAA38,chr2_238194331_238194781,78.71373929,+
WDSUB1,chr12_15957033_15959828,78.71003937,+
U2AF2,chr7_75881486_75881828,78.70698467,+
FUS,chr2_202278329_202282350,78.69724529,+
ZCCHC17,chr16_1786955_1787676,78.69427595,+
RBM43,chr3_114056864_114065236,78.69400226,+
FUS,chr6_33076141_33080671,78.69017706,+
LARP1,chr1_70355111_70366443,78.68750204,+
RBM6,chr6_36970694_36972702,78.68535775,+
SNRPD3,chr4_121677950_121681670,78.67851947,-
LSM7,chr2_68047319_68062944,78.6757583,+
HNRNPC,chr1_154173201_154182987,78.67475321,+
RPS3,chr12_12823319_12824539,78.67229634,+
THUMPD1,chr22_35263874_35264647,78.67051915,+
HNRNPC,chr6_116574171_116580294,78.66989445,+
FUS,chr1_173864304_173864674,78.66388118,-
ZNF74,chr18_55229076_55232508,78.66108967,-
G3BP1,chr15_79961174_79967636,78.66064096,+
PABPC4,chr1_151167414_151168193,78.65925935,+
PAPSS1,chr17_57980804_57981872,78.65297848,+
TIA1,chr6_44219782_44227262,78.65259575,+
UPF3B,chr15_60468162_60476062,78.64557763,-
UHMK1,chr8_143581328_143586728,78.64439383,+
ASCC1,chr1_25243633_25244453,78.64069852,+
GRSF1,chr8_94692827_94705924,78.63732809,-
PPP1R9A,chr17_59866749_59878102,78.63604341,+
RPS3,chr2_237692521_237708543,78.62693782,+
SUPT6H,chr1_153544809_153545469,78.6191572,+
CHERP,chr12_47966229_47966682,78.61548027,-
DLC1,chr2_215379317_215380810,78.61258271,-
TEP1,chr11_125102317_125102636,78.60832762,+
SFMBT2,chr15_92900824_92924320,78.60615917,-
YTHDF2,chr22_35263874_35263981,78.60165826,+
PABPC1,chr7_30498938_30504568,78.59365913,-
PPIE,chr12_124912408_124913548,78.59299221,-
ZC3H8,chr11_90206272_90206747,78.59120012,+
PPP1R9A,chr6_12290693_12292340,78.58774841,+
HNRNPA3,chr11_124625903_124626903,78.58560751,+
HNRNPA0,chr14_94110797_94114850,78.58548204,-
LARP1B,chr6_31639226_31639499,78.58439924,-
HNRNPA0,chr15_41358258_41365404,78.5842698,+
TEP1,chr1_161750145_161751654,78.58383865,+
ZC3H12D,chr6_34880063_34880288,78.58233561,+
SAMD4A,chr19_10677310_10679096,78.57989747,+
EWSR1,chr1_110406379_110407032,78.57741566,+
SRRT,chr4_10088741_10097710,78.57246292,+
ZC3H12D,chr10_70161931_70170412,78.56749394,+
HELZ,chr2_241350203_241351942,78.5659144,-
RBMS1,chr3_37174605_37175817,78.55155698,-
ZC3HAV1,chr22_29767607_29769677,78.55140549,+
TRA2B,chr10_73045051_73046924,78.55111112,+
RBM42,chr19_17859974_17862093,78.54750664,-
RBPMS,chr22_39317021_39317460,78.5433109,-
HNRNPK,chr11_2945646_2951258,78.54281132,+
PARP14,chr10_8058841_8063992,78.53490287,+
CSDE1,chr1_78649905_78654242,78.53354915,+
HNRNPA0,chr6_99416428_99425214,78.53003579,+
PABPC3,chr1_161209931_161210303,78.52744573,+
RPS3,chr14_64924126_64926006,78.52530865,+
TIAL1,chr20_45420693_45421382,78.52259024,+
G3BP2,chr16_56940245_56943125,78.52127699,-
RNPS1,chr6_33417695_33418086,78.52035119,-
SYNCRIP,chr6_7579772_7582641,78.51572902,+
TROVE2,chr5_272772_314416,78.51477996,+
G3BP2,chr1_155709824_155721516,78.51055325,+
SLBP,chr1_161100859_161117951,78.50706095,-
PUM2,chr15_79899125_79967636,78.50037073,+
SF1,chr7_30500681_30504568,78.49865263,+
THUMPD3,chr19_52322022_52322190,78.49436723,-
ZGPAT,chr1_24646789_24647078,78.49294317,+
ZC3H11A,chr17_67959875_67964211,78.48936008,+
RBM42,chr11_46617890_46630044,78.48583701,+
CPSF6,chr9_21971208_21974677,78.48038703,-
RBM10,chr12_124911952_124912636,78.47916455,+
SNRPA,chr11_66003070_66003234,78.47729767,-
SF3A1,chr8_89762982_89765340,78.47680561,+
PHC3,chr6_7393303_7395052,78.47355315,-
PTBP1,chr1_23338608_23344210,78.47247634,+
RRP7A,chr9_108936437_108939195,78.47101233,+
LSM4,chr20_58993675_58994109,78.46626121,-
CCAR1,chr12_28362515_28450160,78.46088282,+
PRPF3,chr2_113625729_113627037,78.45893584,+
YTHDF2,chr12_28190641_28257201,78.45691022,+
RPS3,chr12_124911971_124913567,78.45642409,-
TIAL1,chr4_153204560_153270334,78.44571273,+
U2AF1L4,chr8_116938567_116942557,78.4435872,+
NCL,chr3_114380404_114380776,78.44239457,+
HNRNPA3,chr3_158588924_158592433,78.43774484,+
SNRPE,chr1_228108318_228109148,78.43462253,+
KHDRBS1,chr12_25195337_25203919,78.43236165,+
CPSF6,chr1_20779911_20787194,78.42543533,-
TNKS,chr6_27254872_27254985,78.42314511,+
ZC3H18,chr3_37282272_37289234,78.41517226,+
SRBD1,chr14_21020844_21021039,78.41157251,-
RBMS2,chr1_151760899_151762104,78.41107104,+
G3BP1,chr19_52849213_52890240,78.40336716,+
SRBD1,chr6_20649377_20739518,78.39474821,-
PTBP2,chr1_213000383_213000785,78.39462605,+
STARD13,chr1_162590511_162597791,78.39410137,+
ARAP2,chr7_26206510_26208465,78.39394274,+
PSPC1,chr1_6785575_6820180,78.39330335,+
PAPSS1,chr1_168004793_168015780,78.39060026,-
NSUN6,chr12_124912655_124913111,78.38868413,+
BFAR,chr14_23033674_23035111,78.38769935,-
FUBP1,chr18_12948232_12951854,78.38582095,+
RNF113A,chr2_201140439_201145377,78.38354107,-
ZC3H12D,chr12_130872126_130872835,78.37687206,+
POLDIP3,chr11_62885608_62888330,78.36927779,+
FUBP3,chr9_128098725_128101095,78.36735045,-
HNRNPA2B1,chr1_95244698_95246541,78.36522111,+
RBM47,chr10_34336243_34337274,78.36454878,+
RBMS2,chr17_81891841_81894466,78.35939366,+
NOL8,chr16_31201841_31202416,78.35722648,+
RBM47,chr11_34978182_34984569,78.35711556,+
TNKS2,chr12_52428743_52449468,78.35707767,+
LSM5,chr9_36651877_36657240,78.35546893,+
HNRNPA0,chr1_193060222_193075819,78.35503819,+
PARN,chr5_57247215_57249453,78.35157715,+
RPS3,chr19_38930998_38931275,78.34995592,+
RBM39,chr2_70227822_70229058,78.34908316,+
FUS,chr1_167773368_167787819,78.34735491,+
HTATSF1,chr1_71065752_71066775,78.34412703,+
NCL,chr7_73737735_73738327,78.33831747,+
RBM43,chr12_27970267_27972522,78.33633015,+
PPFIBP1,chr1_231241456_231260506,78.33440397,-
SYNCRIP,chr11_34651805_34656910,78.32318201,+
PABPC1,chr13_113177976_113178173,78.32109166,+
MKRN2,chr7_16854915_16860499,78.31516576,-
NCBP2,chr20_46387437_46389038,78.31329479,+
HNRNPA1,chr1_228108321_228108436,78.3123457,+
EIF3G,chr2_73732700_73734428,78.31147301,-
ZC3H15,chr2_73946906_73950584,78.3102309,+
RBM17,chr12_124911899_124912127,78.30756233,-
SAFB2,chr7_120964838_120966625,78.30560637,+
MEX3C,chr3_170136665_170171372,78.29961135,+
UPF3B,chr14_77462242_77464597,78.29715213,+
FUS,chr6_31639646_31640198,78.29361995,+
SSB,chr14_24232977_24233218,78.28733771,+
PNO1,chr1_222633249_222645553,78.28639541,+
ZFP36L2,chr15_101650161_101651695,78.28549672,+
TIAL1,chr9_21971208_21974677,78.28333908,+
RBM8A,chr12_122511188_122514711,78.27484329,-
FUS,chr7_105014535_105038125,78.27390794,+
FMR1,chr7_87194828_87195030,78.2738068,+
RBM7,chr4_75795356_75799621,78.27249964,+
SNRPE,chr4_67701484_67728539,78.27224325,+
RBM10,chr10_110130486_110132304,78.27131763,+
MBNL1,chr6_36970694_36972702,78.2671505,+
NOL8,chr6_29942626_29942756,78.26601262,-
SNRPE,chr10_89010600_89011998,78.26202967,-
PUM1,chr8_142701713_142703090,78.26160912,+
MCTS1,chr1_71065752_71066775,78.2612706,+
PHC3,chr19_38619327_38620336,78.24316753,+
G3BP1,chr14_55580354_55612018,78.24169042,+
RNPS1,chr21_46649739_46663382,78.23799196,-
PAPSS2,chr15_64075537_64088686,78.23432089,-
LSM7,chr16_31182664_31183857,78.23073548,+
SNRPE,chr11_134252916_134253226,78.23012895,+
PHC1,chr17_17247151_17248925,78.22659162,+
KIN,chr8_73030395_73032041,78.224425,+
TRA2B,chr1_85582624_85582742,78.21690213,-
RBM33,chr6_11193692_11213280,78.21568712,-
ZC3HAV1,chr7_16646304_16665436,78.21402283,+
RBM6,chr6_99412318_99412550,78.21159153,+
LSM7,chr2_206159684_206159958,78.21118448,+
THUMPD2,chr12_21449691_21455131,78.20970603,+
PPP1R9A,chr5_304221_314416,78.20838225,-
ZC3HAV1L,chr18_11886781_11886916,78.20709372,+
G3BP2,chr6_30642247_30645894,78.20432371,+
YTHDF1,chr1_167765749_167787819,78.20282901,-
LSM5,chr7_73737735_73738327,78.20034419,-
HNRNPC,chr3_123618767_123620206,78.18834805,-
RC3H2,chr7_74065732_74065943,78.18677361,+
PPRC1,chr7_100885040_100885215,78.18124868,+
PCBP1,chr10_32345562_32346762,78.17948972,+
PPFIA1,chr18_9124996_9126830,78.17263439,+
LARP4,chr1_20779911_20787194,78.17074323,+
EEF1G,chr12_26231119_26231922,78.16674796,-
DGKD,chr7_73686900_73690915,78.16629253,-
RBM8A,chr12_109090207_109092506,78.16581996,+
SNRPN,chr12_26231985_26271662,78.16350034,+
SCMH1,chr2_200860215_200861237,78.16165805,+
L3MBTL3,chr6_20125926_20126516,78.15936197,-
HNRNPM,chr4_83456958_83459739,78.1546222,+
ZC3H6,chr2_38749346_38749528,78.1532575,+
RBM17,chr10_47551952_47553328,78.15246893,+
PHC3,chr10_89010815_89011998,78.1513557,+
LARP7,chr9_128323147_128325778,78.15124523,+
EIF4H,chr17_67344780_67345744,78.14965501,+
PPIL4,chr1_77741748_77745420,78.14788199,+
SFPQ,chr7_22976305_22976692,78.14709561,+
SGMS1,chr12_15110282_15111343,78.14163864,+
TIAL1,chr10_34336243_34337274,78.14052581,+
LARP1B,chr6_27252949_27254985,78.1397573,+
HELZ,chr13_45340184_45341041,78.13795093,+
ZC3H15,chr7_26191128_26192494,78.13791988,+
RRP7A,chr2_222924595_222928861,78.13650042,-
SAMD8,chr2_159412545_159428310,78.12437733,-
SUPT6H,chr17_1714014_1714370,78.12319385,+
RBM27,chr3_191370036_191375061,78.12316562,+
SAMD8,chr4_108620712_108621950,78.11829342,+
LARP1B,chr11_77821241_77842478,78.11096281,+
SYNJ2,chr9_121326792_121327307,78.0978626,-
TIA1,chr20_45815745_45815853,78.08462071,+
FUBP1,chr18_22933564_22936753,78.08352983,+
RNPC3,chr5_138163344_138164319,78.0742518,+
PCBP1,chr12_56639307_56642457,78.07220658,+
KHSRP,chr5_134738792_134741062,78.06716058,+
ENOX2,chr1_39480009_39484600,78.06630284,-
SAFB,chr10_114448026_114451623,78.0652552,+
ZGPAT,chr6_34878720_34880288,78.05999222,+
SNRPG,chr12_76450988_76487509,78.05854584,+
LARP1B,chr15_60386086_60396150,78.05732901,+
TIAL1,chr12_124912734_124913418,78.05310271,+
EIF4B,chr16_53157541_53209481,78.05035524,+
PAPSS1,chr11_35190065_35208104,78.0483219,+
TNRC6A,chr3_183086788_183094558,78.03759485,+
PPFIBP1,chr9_115042341_115073602,78.02561698,+
RRP7A,chr4_10088741_10116112,78.02178288,+
PUM1,chr9_128635175_128635657,78.02008464,+
HDLBP,chr1_193059776_193069033,78.01797228,+
LSM7,chr2_28865119_28869578,78.01695004,+
ZC3H14,chr14_94615084_94622340,78.01611567,-
LSM5,chr6_33417695_33417868,78.00858028,+
HTATSF1,chr21_25729801_25734988,78.00503181,-
RNPS1,chr12_14884245_14910757,77.99334376,-
PTBP2,chr19_12764917_12764998,77.99175106,+
SNRPD3,chr2_95888120_95935453,77.98832753,+
PUM1,chr22_22304114_22306832,77.9861254,+
LSM1,chr2_26261063_26263379,77.98394967,+
RBM8A,chr19_37165696_37169838,77.98224911,+
SNRPD2,chr15_69453020_69455169,77.97557842,-
TRMT2A,chr12_22060926_22062280,77.97134734,-
SSB,chr5_135350913_135360496,77.96699612,+
LARP1,chr7_124863640_124892265,77.9637449,+
TRA2A,chr15_72250954_72251206,77.96269411,+
PNPT1,chr6_34880063_34880288,77.96170954,+
MYEF2,chr11_32583929_32589546,77.96165455,+
RBM42,chr19_58315036_58326822,77.96084997,-
RBMS2,chr12_6653050_6656726,77.95641396,+
HNRNPL,chr4_70227511_70231194,77.95536578,-
RBM12B,chr14_51701135_51702511,77.95533432,+
YTHDC2,chr1_51669512_51714002,77.95262915,+
RBM27,chr3_11602022_11702970,77.94686742,-
SAMD8,chr16_53157541_53209481,77.94622061,+
LSM3,chr1_154214574_154220341,77.94221665,+
RBM12B,chr1_212609271_212615017,77.93145911,-
SETD1A,chr13_45389820_45390757,77.93007055,-
CSDE1,chr12_109458081_109460635,77.92593069,+
PTBP1,chr6_24708911_24710866,77.92208265,-
FUBP1,chr12_6448737_6450892,77.92186254,+
UHMK1,chr2_98608726_98609755,77.92081135,+
G3BP1,chr12_32737942_32740063,77.91622624,+
ZC3H6,chr17_78171054_78171738,77.91402122,+
ZCRB1,chr7_107613432_107618327,77.91278251,+
SNRNP35,chr6_158767137_158767260,77.91006394,+
CPEB2,chr5_132195480_132198205,77.90858947,-
RBM18,chr17_72428298_72592202,77.90359092,+
HNRNPC,chr15_51954575_51958741,77.9016147,+
HNRNPC,chr2_95888120_95923494,77.89731332,-
ZFP36L2,chr1_231229209_231238856,77.89348738,+
TRA2B,chr10_6112361_6113507,77.88963198,+
TRA2A,chr14_73921105_73923394,77.88721099,+
MEX3A,chr1_228108318_228109148,77.88181429,+
RBM39,chr1_153544809_153545752,77.88085934,+
PABPC4,chr16_30756272_30756354,77.87595251,-
CCAR1,chr1_234398553_234400852,77.87290174,+
NCBP2,chr6_12290693_12292343,77.87207794,-
RBM39,chr12_124911899_124913495,77.86544078,-
PRPF3,chr18_57620648_57621707,77.86281587,+
YTHDF2,chr10_125827638_125831419,77.86256053,-
YTHDF2,chr9_111563231_111570090,77.86112813,+
PUF60,chr7_2225550_2229983,77.85883595,+
SNRPC,chr1_40040801_40059333,77.85387764,+
NCL,chr17_73209768_73212677,77.84771768,+
ZFP36L2,chr4_53440608_53442652,77.84133189,+
SSB,chr3_172509321_172514860,77.83368613,-
THUMPD2,chr4_82355401_82356795,77.82905121,+
ACO1,chr6_159685033_159692660,77.82607354,-
FUBP1,chr1_33014594_33021592,77.82380617,+
RNPS1,chr8_89758233_89765340,77.82333128,-
PSPC1,chr1_151562165_151562584,77.81941171,+
MCTS1,chr16_1786655_1787676,77.80470031,+
TROVE2,chr12_124912636_124912864,77.80185211,+
PNPT1,chr1_45519054_45522777,77.79690428,-
PNPT1,chr7_112468115_112470898,77.7916808,-
PPP1R10,chr19_38619223_38620336,77.78699171,-
PPP1R9A,chr4_53391139_53399729,77.78667184,+
SHANK2,chr6_56670807_56692387,77.78656415,+
RBM24,chr1_161750145_161751654,77.78494482,-
PCBP1,chr12_52051568_52052495,77.77929655,+
MBNL1,chr2_25383889_25387288,77.77663434,+
HNRNPH3,chr4_140379192_140380961,77.76823319,+
LARP1,chr9_70267975_70277309,77.75688418,+
MYEF2,chr6_30642247_30645894,77.75227746,+
SNRPB2,chr5_58455409_58455538,77.74671605,-
UNK,chr1_25244224_25245149,77.74508396,+
PSPC1,chr15_79845442_79846711,77.74452437,+
RBM17,chr1_78649905_78654242,77.74294,+
HNRNPA3,chr12_12500682_12519861,77.73644559,+
SNRPD2,chr7_80828745_80905828,77.73369678,+
YTHDC1,chr12_122508450_122511108,77.72707246,+
EEF1G,chr14_23033674_23035111,77.72208655,+
CIRBP,chr2_200877037_200881420,77.71913376,+
SAFB2,chr17_82054975_82055164,77.71913049,+
ZC3HAV1L,chr16_208664_220648,77.71859947,+
RRP7A,chr8_129871496_129903311,77.71412613,+
PUM1,chr16_68346280_68352247,77.71395549,+
SSB,chr16_56935312_56936686,77.71153576,-
ZC3H12D,chr2_28852499_28869578,77.70969296,+
CIRBP,chr2_63841232_63856305,77.70525805,+
SNRPF,chr12_101626910_101627768,77.69174846,+
UHMK1,chr4_82857764_82863317,77.68971494,-
MEX3A,chr20_43459420_43459770,77.68957662,-
MCTS1,chr15_41371684_41377195,77.68072418,-
ZC3H15,chr20_34073635_34075873,77.68046133,-
ZFR,chr20_13801683_13808841,77.67613293,+
MBNL1,chr14_102251995_102283477,77.6711047,+
LSM1,chr1_175004814_175006744,77.67011475,-
SCML1,chr2_237627740_237708543,77.66578612,-
SSB,chr2_27322522_27322989,77.66097956,+
PNPT1,chr2_70227822_70229058,77.65612692,+
G3BP1,chr17_51154444_51155650,77.64727853,+
TNKS2,chr4_53428183_53442652,77.63090514,+
HDLBP,chr18_79977701_80033850,77.62859362,-
CPSF6,chr3_114693575_114801100,77.62368303,+
SF1,chr1_109739493_109740239,77.62349688,-
HNRNPA1,chr4_75793901_75795335,77.61963913,+
MKRN3,chr14_105474905_105478449,77.61946882,+
EIF4H,chr6_33417695_33418086,77.61609039,+
EPHA2,chr1_207767195_207770320,77.61245,-
HNRNPA3,chr1_151760899_151762104,77.60889101,-
ZC3H12D,chr6_20548705_20649292,77.60872087,+
CHERP,chr7_128759852_128769062,77.60463878,-
HNRNPA2B1,chr2_202290457_202291020,77.602066,-
SNRNP70,chr1_161209931_161210303,77.60065411,+
SNRPC,chr10_112951607_113040024,77.59818287,+
RBMS2,chr13_27430621_27432730,77.5882803,-
EIF4H,chr1_243304777_243305011,77.58174927,+
RBM6,chr2_73829510_73830844,77.58030988,+
UNK,chr2_60452666_60460681,77.57924265,-
LSM3,chr12_124911971_124913111,77.57862113,-
CSTF2,chr6_99414690_99425214,77.57585848,+
SSB,chr12_6967335_6967891,77.574705,-
PARN,chr19_19202398_19202790,77.57370895,+
PHC2,chr7_101218217_101222603,77.57259309,-
SNRPG,chr5_34915897_34922216,77.56984487,-
SAMD4A,chr2_24315224_24328051,77.56881669,+
CPEB2,chr6_28085891_28088562,77.56826537,-
HTATSF1,chr12_124911822_124912278,77.56238908,-
TIA1,chr22_22304114_22306832,77.56184262,+
RBM42,chr1_51309430_51311253,77.55997922,+
SPEN,chr1_212375300_212379894,77.55973284,+
PAPSS1,chr1_161072885_161073719,77.5487792,+
HNRNPA1L2,chr3_114056864_114065236,77.54293091,+
LARP7,chr16_189339_189967,77.53984668,+
KHDRBS1,chr14_70329236_70359518,77.53595768,+
RBMS1,chr20_34090602_34096656,77.53096592,-
GRSF1,chr2_58222042_58229813,77.53051855,+
CPEB4,chr4_41619440_41644499,77.53036039,+
IGF2BP2,chr7_101218485_101222603,77.52630076,-
SAMHD1,chr6_122633367_122717786,77.51162113,-
IREB2,chr12_52897618_52898678,77.49458099,-
LSM10,chr8_99892047_99893638,77.49397531,-
TEP1,chr15_79961174_79970699,77.48496595,+
IREB2,chr14_102231821_102232534,77.48192315,+
PCBP2,chr15_72200655_72203021,77.47941759,-
PTBP2,chr17_31863516_31868045,77.47915184,+
QKI,chr8_48008470_48049852,77.46879041,-
ZFR,chr22_20315476_20319638,77.46789791,+
RPS3,chr11_64241661_64242383,77.46600472,+
KIN,chr1_201151852_201153848,77.46308706,-
TARDBP,chr8_10820269_10826151,77.46247441,+
TEP1,chr12_22060926_22062280,77.45830506,-
AKAP1,chr1_52904833_52905033,77.45804819,+
RAVER1,chr2_241317599_241324215,77.45086527,-
ZC3HAV1L,chr16_208188_208600,77.44934667,+
U2AF1,chr21_33557316_33559229,77.44753435,+
NOL8,chr11_112233233_112235848,77.43571333,+
NUPL2,chr7_26206510_26208465,77.42523587,-
RBM6,chr3_41239354_41239818,77.42131671,+
PAPSS1,chr6_107040230_107044259,77.41707653,+
PNO1,chr16_53157541_53209481,77.4169096,+
MCTS1,chr12_133081329_133083102,77.41388353,+
ZC3HAV1,chr19_16647261_16659394,77.41303426,+
KHDRBS1,chr4_82857764_82862533,77.41159637,+
RNPS1,chr5_225562_225882,77.40662624,+
HNRNPD,chr17_41689069_41690087,77.40473549,-
CNOT4,chr2_27317234_27322447,77.39571743,+
ZC3H14,chr11_47172333_47172709,77.39318052,+
SNRPB,chr17_82481211_82483715,77.39032535,+
MEX3D,chr12_122519029_122521384,77.38739175,+
PRPF3,chr8_61643433_61644599,77.38106437,+
PNO1,chr15_22845267_22851638,77.38099713,+
SNRPD3,chr1_40040801_40059333,77.38067415,-
LARP1B,chr17_44322552_44322807,77.37744398,+
SNRPD3,chr5_170788668_170794230,77.37274689,-
MEX3A,chr2_28865119_28869578,77.37200539,+
U2AF2,chr4_51886638_51891759,77.37002125,+
KIN,chr2_85326804_85327361,77.36944977,+
SHANK2,chr5_32270947_32273979,77.36881611,+
PPIL4,chr5_149513209_149520289,77.36751042,+
HNRNPH3,chr1_167773368_167787819,77.36460946,-
CPSF6,chr20_38421098_38426418,77.36334546,+
RBM12,chr1_52911790_52921552,77.36277066,+
RNPS1,chr17_7577916_7578341,77.36119123,-
TARDBP,chr1_85258722_85259357,77.36020922,+
SARM1,chr3_167720273_167725400,77.35721355,-
ACIN1,chr3_114066283_114070625,77.35537748,-
ZC3H12D,chr8_143818534_143821596,77.35343034,-
SNRPB,chr1_51296170_51297790,77.35101566,+
PABPC1,chr3_185926734_185931576,77.35053374,+
TNKS2,chr20_5109445_5112742,77.34602739,-
SHANK2,chr11_34651610_34656910,77.34445227,+
RBM6,chr7_74189918_74190246,77.34381276,+
SEC23IP,chr1_146189381_146228708,77.3413591,+
HNRNPAB,chr4_87980126_87981474,77.34115347,-
SNRPF,chr8_120425366_120443184,77.33940781,-
SNRPD2,chr6_122586007_122633282,77.33861218,+
ZFP36L2,chr7_112471033_112472218,77.3325319,+
PHC1,chr8_108240075_108242111,77.32955879,+
PABPC3,chr12_124911822_124912962,77.32839197,-
LSM3,chr1_234398553_234401180,77.32810016,+
ZNF239,chr12_96003064_96003837,77.32583675,-
PCBP1,chr3_158571391_158592433,77.32515723,+
KRR1,chr18_12311053_12325066,77.31963005,+
RBM15,chr1_161100859_161117951,77.31452933,-
RBM28,chr9_136862496_136862905,77.3136458,-
PABPC1L,chr16_4454927_4455545,77.31287656,+
SNRPD3,chr7_99923603_99971745,77.3104292,-
TIAL1,chr5_131391108_131391917,77.30068478,+
PRPF3,chr17_82483304_82483715,77.29944302,+
PPP1R9A,chr18_34977079_35005491,77.29927805,+
PCBP1,chr17_7627414_7627569,77.29216633,+
HELZ,chr12_62302920_62314789,77.29097537,+
FUS,chr2_60462424_60468731,77.28888661,+
EEF1G,chr16_31091342_31094556,77.28877985,+
RALY,chr12_32737161_32737864,77.28868301,-
ZC3H6,chr1_32634072_32634767,77.2837642,+
HNRNPC,chr1_234398553_234400852,77.28176113,+
MBNL1,chr12_121328497_121330582,77.27587684,+
RBPMS,chr7_2222754_2229983,77.27177667,+
QKI,chr1_228108318_228108436,77.27039137,-
ZMAT5,chr1_23338608_23344210,77.263524,+
PSPC1,chr11_3001248_3001961,77.2621649,+
HNRNPL,chr1_107642755_107688380,77.25802087,+
NONO,chr6_44223641_44227259,77.25675002,+
TIA1,chr2_237534647_237540347,77.25368769,-
HNRNPC,chr11_86264263_86266082,77.25141111,+
SAMD12,chr8_81715114_81718181,77.25005494,+
ZC3H15,chr2_73939022_73946718,77.24374869,-
TARDBP,chr12_48655060_48660365,77.23761189,+
ZC3H6,chr4_94586444_94618003,77.23751635,+
SAMD8,chr4_76103969_76112385,77.2339033,+
LSM3,chr3_108047292_108050577,77.23357076,+
PHC3,chr9_35684550_35685063,77.2325151,+
FXR2,chr6_144331018_144403122,77.23051413,-
PCBP1,chr6_24716321_24718539,77.22492,-
MBNL3,chr14_21263336_21263666,77.21993139,-
EPHB1,chr16_208664_220648,77.21852201,-
RNPS1,chr16_80976179_80981805,77.21405244,+
ZFR,chr3_167720273_167734213,77.21225783,+
ZC3HAV1L,chr2_28865119_28869559,77.21064211,+
CHERP,chr12_12823319_12824539,77.20521985,-
SHANK2,chr14_49828787_49829053,77.19704705,+
SNRPC,chr14_21500682_21500912,77.19334528,+
ZC3H15,chr2_200861862_200864100,77.19200706,+
HNRNPH3,chr21_46636990_46643531,77.19177151,+
NIP7,chr6_135497249_135497582,77.19012026,+
EIF2S1,chr18_50273863_50274976,77.18902107,+
SNRPD3,chr2_100011571_100104401,77.18766341,-
RBMX2,chr6_13321095_13326786,77.1857391,+
HDLBP,chr2_97151939_97158106,77.18565754,+
FUBP1,chr1_243172846_243186258,77.1836918,+
G3BP1,chr5_146509245_146510440,77.18112046,+
HNRNPD,chr4_70227511_70231194,77.1800253,-
YTHDF2,chr5_179699049_179705678,77.1782823,+
SNRPB,chr5_179614959_179616125,77.17231373,-
FUBP1,chr2_215393203_215394527,77.17226329,+
EEF1G,chr13_27622009_27622874,77.16672263,+
RRP7A,chr2_55922447_55923710,77.16617531,-
CSTF2T,chr12_122508450_122511108,77.16419855,-
PABPC4,chr8_116658980_116755665,77.16378665,-
LARP7,chr11_73716362_73718612,77.15664789,+
ARAP2,chr12_10849094_10849373,77.15510344,-
G3BP1,chr16_2206214_2206360,77.1544781,+
RRP7A,chr6_85615347_85622481,77.15422363,+
CSDE1,chr6_46168297_46170052,77.15017308,+
ANKS1A,chr16_29566249_29569270,77.14978459,+
SAMD5,chr9_114330576_114330791,77.14679393,-
TROVE2,chr12_6724179_6724613,77.14601462,+
SSB,chr17_76735875_76736153,77.13419508,+
ZC3H6,chr3_138187599_138209816,77.13223976,+
SYNCRIP,chr14_94110797_94114850,77.13117206,-
SHANK2,chr20_34073635_34075873,77.12871494,-
ZRSR2,chr21_37157214_37159698,77.12573958,-
EIF3B,chr1_154157721_154169304,77.12325643,-
SAMD5,chr4_109741110_109742490,77.11916727,+
MYEF2,chr12_69260197_69262369,77.11668978,+
RALY,chr14_94110797_94114850,77.11589321,-
KIN,chr8_94678371_94696851,77.11561507,+
HNRNPA3,chr20_38421098_38426418,77.11553803,+
TNKS2,chr12_5276889_5292104,77.110997,+
FUBP1,chr13_37570669_37577752,77.11074435,+
SLBP,chr7_75881486_75881828,77.10945987,-
TROVE2,chr2_227325427_227330625,77.10823975,-
YTHDF2,chr1_153991034_153991114,77.10817251,+
EWSR1,chr16_25140247_25164597,77.10775437,+
SAMD8,chr3_121854823_121857010,77.1038496,+
RBM7,chr16_56936817_56942131,77.10007838,-
RBMS2,chr6_28085891_28088562,77.09358041,+
RNPS1,chr3_37174605_37175817,77.08931304,+
TROVE2,chr20_35729362_35729461,77.07980507,+
LSM5,chr2_61017851_61018161,77.06980877,+
HELZ,chr1_111139666_111140037,77.06729813,+
FUS,chr2_156326207_156326717,77.06467524,+
RPS3,chr15_40836282_40844178,77.06431846,+
HNRNPA2B1,chr1_62437400_62439798,77.06001148,+
ANKS6,chr21_26468634_26480271,77.05324637,+
RBM19,chr11_66638752_66639699,77.04590602,+
HNRNPL,chr12_124912655_124913111,77.04207125,-
ANKS1A,chr14_88596808_88607242,77.04187654,-
IREB2,chr15_22845267_22851638,77.03908713,+
CHERP,chr7_5752979_5761002,77.03829555,+
SNRPG,chr1_207767823_207770320,77.03421882,+
CSDE1,chr1_30945483_30950132,77.03350956,+
RBM7,chr20_49280570_49289044,77.03199683,+
CPSF6,chr14_44934558_44945029,77.02705796,+
LSM3,chr10_24438479_24473227,77.02666698,+
LSM4,chr1_153544809_153544957,77.02282732,+
SLBP,chr10_30337031_30340225,77.01931531,-
ZNF638,chr7_73737735_73738327,77.01357387,+
SNRPG,chr1_113898801_113899903,77.00443458,+
HNRNPC,chr5_32586501_32588511,77.00415584,-
RBMS1,chr1_228108318_228108436,77.00357409,+
RBM19,chr1_11748589_11750076,77.00292652,+
TIA1,chr2_95938901_95938986,76.99730266,+
SSB,chr2_152677475_152679351,76.9924886,+
PTBP2,chr12_57517424_57517705,76.99028938,-
RAVER1,chr7_74056713_74057639,76.98652666,+
ZC3H12B,chr6_135492291_135497582,76.98424054,-
YTHDF3,chr11_47468891_47472190,76.98099749,+
PHC1,chr12_21501948_21512294,76.97164205,-
MBNL1,chr7_74718941_74728785,76.97155385,+
TNRC6A,chr7_73687095_73692595,76.97084165,-
SNRPE,chr4_105424322_105446382,76.97022495,+
ESRP2,chr12_124911822_124912962,76.96847885,-
SYNJ2,chr12_10849094_10849373,76.96847866,+
PUF60,chr5_7889275_7890260,76.96573472,+
MATR3,chr17_81891841_81893551,76.96467244,+
BFAR,chr17_40630286_40630713,76.96413698,+
RBM22,chr8_42189071_42191371,76.96155646,+
EEF1G,chr11_118786518_118790886,76.96136702,+
SCML2,chr10_30434748_30438915,76.95895173,+
SAMD5,chr3_100519608_100555208,76.95749349,+
HNRNPM,chr13_40982282_41019227,76.95666202,+
SRRM2,chr16_1786655_1787676,76.94626538,+
NONO,chr18_9562075_9563377,76.94419408,+
ZC3H15,chr3_121718501_121719645,76.93803647,+
HNRNPA1L2,chr1_228108318_228108436,76.93606669,+
CPSF7,chr6_52681914_52686009,76.92735111,-
TIAL1,chr5_86618053_86619352,76.9202464,-
YTHDC1,chr1_37495918_37496546,76.91202971,+
MEX3C,chr10_32345562_32346762,76.91195913,-
SF3A1,chr1_150698734_150703309,76.91039296,+
PPRC1,chr16_19410773_19430412,76.9083791,+
CSDE1,chr11_112086310_112086639,76.90709771,+
RBM39,chr20_49280964_49289044,76.90619159,+
SEC23IP,chr1_222644586_222645553,76.89756564,+
TIPARP,chr20_35021332_35035122,76.89293995,+
MTHFSD,chr12_124911899_124912127,76.8921291,+
HNRNPC,chr15_101650161_101652270,76.89144736,+
LARP4,chr3_42786162_42804435,76.89085025,-
ENOX2,chr2_218269537_218269965,76.89035986,-
MBNL1,chr7_87194102_87195030,76.875315,+
DHX8,chr17_59962616_59962826,76.87336429,+
THUMPD3,chr19_9434859_9435107,76.87326437,+
PPP1R10,chr20_44197739_44206880,76.86893364,-
SEC23IP,chr8_127323154_127420828,76.86823212,+
RBMS1,chr22_35810004_35840191,76.86343441,+
SNRPE,chr22_17739488_17774380,76.86214474,+
ZC3H12A,chr16_18789118_18790243,76.8609214,-
SSB,chr4_119462979_119493332,76.85544813,+
KIN,chr4_158672490_158680466,76.85307145,+
RBM43,chr11_33742084_33747129,76.84725351,+
LSM3,chr14_30622399_30630476,76.84657039,+
PSPC1,chr2_25379323_25383835,76.84234951,+
SNRPD2,chr6_24714354_24716245,76.83318798,-
SFPQ,chr14_68882592_68884167,76.82909778,-
DKC1,chr1_25243633_25245149,76.82340351,+
DND1,chr19_5901454_5903611,76.82165483,-
ZC3H12B,chr16_69120649_69121435,76.81522606,+
ZC3H14,chr5_304221_311292,76.8148021,-
CIRBP,chr11_35190065_35208104,76.81223325,-
MKRN1,chr17_40053635_40054360,76.80969815,+
PNPT1,chr2_73927052_73938909,76.79971249,+
YTHDF1,chr4_155669892_155696755,76.79827694,-
CPSF6,chr16_57173869_57178501,76.79449228,+
IREB2,chr5_34004734_34005755,76.79263014,+
RBMS2,chr6_109369017_109376073,76.77771462,+
RBM7,chr1_224308263_224317693,76.77672736,+
HNRNPD,chr2_38749346_38749528,76.77585348,-
RBM23,chr1_54043525_54052999,76.77399027,-
TRA2B,chr2_70229091_70229263,76.77242521,+
G3BP2,chr12_109561104_109561419,76.77081296,+
SAFB2,chr12_49367587_49460769,76.77028635,-
RBM12,chr1_151266121_151266307,76.75685612,+
ANKS1A,chr2_85398152_85399135,76.75675782,+
IREB2,chr2_130342962_130343085,76.75580382,+
ZC3HAV1,chr8_94696961_94705924,76.75053166,+
FMR1,chr1_155709824_155721516,76.74090774,+
LARP7,chr1_54043525_54052999,76.73982487,-
PPIE,chr1_224311857_224317693,76.73792679,+
SNRPD3,chr9_88448989_88462495,76.72475908,+
KIN,chr14_68878523_68879961,76.72472904,+
LSM5,chr10_113774993_113775764,76.72335506,+
PSPC1,chr5_131159611_131160655,76.72041134,+
EIF4B,chr1_85582624_85582742,76.71512676,-
RBM5,chr2_25451635_25455404,76.71043951,+
CIRBP,chr11_102317571_102321836,76.71003774,+
LARP4,chr9_14088326_14112998,76.70427875,+
RBMS2,chr3_149371867_149375679,76.7025429,-
PAPSS1,chr2_201072361_201078880,76.70053672,+
RPS3,chr19_12694722_12694798,76.7004952,+
EIF3B,chr17_16439414_16439580,76.69147698,+
ARAP1,chr2_131531802_131532863,76.69005692,-
LSM7,chr17_49706309_49706964,76.68894381,+
HDLBP,chr6_116571655_116574057,76.6831913,+
RALY,chr16_25140247_25164597,76.67658059,+
SYNCRIP,chr1_231241456_231250960,76.67270507,+
TROVE2,chr3_52198255_52199220,76.67232537,+
KIN,chr5_103019843_103028181,76.67171665,-
SNRPD3,chr19_8474244_8485602,76.66483025,+
SAMD4A,chr3_158710921_158713796,76.66098424,-
RBM47,chr19_1036246_1036415,76.65884466,+
LSM3,chr1_161750145_161751654,76.65025378,+
PPP1R9A,chr7_6392041_6400125,76.64940129,+
SPEN,chr14_45109780_45110093,76.64639302,+
CPEB4,chr15_76767088_76771723,76.6421602,+
SSB,chr6_24714440_24718539,76.63928063,-
SNRNP35,chr2_215391814_215394527,76.63879413,+
TRA2B,chr17_42348539_42388278,76.63155533,+
MYEF2,chr2_227340380_227342744,76.62817342,+
PCBP2,chr2_200860215_200861237,76.62655503,-
RBM6,chr12_53462567_53467220,76.62497367,+
ZC3HAV1,chr14_55661612_55667240,76.61829261,+
SAMD8,chr5_81489309_81615472,76.61694524,+
CPSF6,chr12_32107544_32216246,76.61226158,+
HELZ,chr10_110876753_110881232,76.60737633,+
HNRNPH3,chr4_53399839_53425871,76.60630657,+
LSM3,chr5_134738792_134741062,76.60241834,+
RBM12,chr15_85658590_85662387,76.59048401,+
LSM3,chr7_99458355_99460085,76.58977612,-
RBM18,chr2_25383889_25387288,76.58928827,+
ZC3HAV1,chr3_38126341_38126509,76.58823278,+
YTHDC1,chr3_142005544_142028578,76.58658383,+
ZC3H14,chr15_52557222_52564189,76.56797508,+
EIF2S1,chr16_19410773_19430412,76.56750243,+
SEC23IP,chr3_32449552_32452391,76.56250507,+
IREB2,chr3_143021385_143021472,76.56119027,+
QKI,chr21_39391836_39396865,76.55581753,+
G3BP1,chr5_57174211_57175447,76.55299831,+
RBMS2,chr3_158588924_158592433,76.53819869,+
SF3A1,chr10_100527074_100529365,76.53587893,+
ASCC1,chr1_154169383_154170399,76.53446653,-
SUPT6H,chr11_62882999_62883988,76.53268913,-
NSUN6,chr3_108049651_108050577,76.53022078,+
RBM7,chr9_129632801_129634053,76.52127006,+
SEC23IP,chr1_224311857_224317693,76.52015151,+
SSB,chr1_155258912_155260329,76.51918692,+
LARP7,chr2_20041007_20051409,76.5082387,-
EIF4B,chr7_35838657_35863551,76.50823665,+
MCTS1,chr2_97555254_97556936,76.50256398,+
TNRC6A,chr13_27622009_27622874,76.49890743,+
G3BP2,chr14_103334597_103335791,76.49229677,-
ZC3HAV1,chr19_54200893_54201159,76.49058767,+
ZC3H12B,chr17_72040849_72045427,76.48639535,+
LSM3,chr8_81715114_81718181,76.485796,+
SNRPB2,chr19_48800297_48806516,76.48403976,+
PAPSS1,chr8_80003180_80030035,76.47587616,+
ZC3HAV1L,chr6_24714354_24716245,76.47378965,+
SAMD5,chr12_14425473_14434336,76.47359154,+
DHX8,chr2_215381080_215382211,76.47358912,+
RNPS1,chr6_30619989_30624882,76.47029381,+
SAMD12,chr18_57615975_57621707,76.46521213,+
SYNCRIP,chr6_44223641_44227259,76.4420601,+
RBM43,chr15_74458896_74461036,76.43592601,+
SNRNP70,chr6_125298816_125300537,76.43408458,+
ANKS6,chr12_68871956_68885791,76.43012181,-
EPHA1,chr12_124913092_124913320,76.42279815,-
CPSF6,chr6_31954877_31955058,76.42060227,+
SEC23IP,chr14_23563282_23563379,76.41836399,+
SEC23IP,chr2_161160486_161179613,76.41721997,+
SAFB,chr1_168004793_168038370,76.40895935,+
RBM5,chr8_42188016_42191371,76.40822381,+
ZNF638,chr11_103066567_103083255,76.39538758,+
ZC3H15,chr3_129434136_129436442,76.39098145,+
PDCD11,chr3_134358716_134359282,76.37415424,-
NCBP2,chr2_134946146_134947735,76.37334128,+
FUS,chr11_73716362_73718784,76.36947189,+
DAZAP1,chr3_129288997_129298353,76.36716001,+
RBMXL1,chr2_30147062_30156627,76.36229219,+
TNKS2,chr1_149833855_149834134,76.36226255,+
HELZ,chr5_81489309_81615472,76.36006446,+
RBM17,chr12_103934287_103938339,76.35880752,-
PSPC1,chr19_12773044_12774634,76.35664701,+
ZC3H13,chr2_38748653_38749239,76.34744545,-
ZC3H6,chr14_102229657_102232534,76.34520846,+
FUBP1,chr4_107670863_107682014,76.3446025,+
YTHDF2,chr4_155667419_155668089,76.3432707,+
EWSR1,chr10_101624810_101667885,76.33973534,+
SETD1A,chr6_139028875_139034158,76.33753326,+
ZC3HAV1,chr21_37073473_37087246,76.33687228,+
IREB2,chr12_53601021_53626278,76.33558481,+
SLTM,chr5_179614959_179616125,76.33210912,-
HNRNPL,chr5_131159611_131160655,76.3230007,+
SAFB2,chr6_56642503_56645865,76.31605845,-
ZC3H12B,chr2_197516146_197523623,76.31602671,+
TEP1,chr20_45943765_45944244,76.31446285,+
LSM6,chr1_162590511_162597791,76.30994044,-
MYEF2,chr11_57426352_57426587,76.30059947,-
SNRPD3,chr1_149390922_149430941,76.28987142,+
SAFB2,chr7_30498938_30504568,76.28956287,-
EWSR1,chr11_65539881_65540244,76.28938031,+
LSM10,chr10_8058841_8063992,76.28628534,+
CSDE1,chr20_44885886_44887647,76.27033593,-
TEP1,chr14_94110797_94114850,76.26723008,-
HNRNPH3,chr2_159448409_159478574,76.26584393,+
ACIN1,chr1_46558800_46561477,76.26372216,+
SUPT6H,chr2_73950732_73958145,76.2576592,-
SNRPC,chr9_136862345_136862905,76.25317503,+
RPS3,chr4_53391139_53399729,76.25166779,+
PTBP1,chr19_57769878_57778750,76.2405206,+
SRRT,chr1_193069634_193075819,76.23763242,+
TRA2A,chr11_502249_507112,76.23613114,+
RBM27,chr3_115110204_115147218,76.23580394,-
ZC3H15,chr18_58335537_58341037,76.23379695,+
LARP7,chr2_9408201_9412268,76.22744685,+
PABPN1,chr1_151368319_151369712,76.22722307,-
SNRNP70,chr17_50737479_50740305,76.2208971,+
ANKHD1-EIF4EBP3,chr2_24321880_24328051,76.21622953,-
EWSR1,chr22_29298895_29299194,76.21408394,-
QKI,chr2_218217254_218225919,76.21032043,-
RBM5,chr3_157153156_157156935,76.20930153,-
SSB,chr12_32737161_32737864,76.20630686,+
PUF60,chr15_60468162_60476062,76.20461939,+
SNRPB2,chr4_103096274_103099782,76.19898296,-
EEF1G,chr1_243293494_243304712,76.19282458,+
PNO1,chr17_16382111_16382567,76.19137782,-
SPEN,chr2_61017851_61018183,76.18697653,-
EIF4H,chr3_108050602_108051938,76.18046499,+
SF1,chr9_70286271_70297965,76.1779544,+
ZC3H6,chr2_97187226_97189217,76.17764373,+
RBMS2,chr5_170788668_170794230,76.17216526,-
PTBP1,chr1_23971623_23971849,76.16814807,-
FUS,chr2_28298491_28327273,76.16297921,+
PPIE,chr2_231711983_231712803,76.16131629,-
TARDBP,chr3_108047292_108057476,76.15970476,+
ZFR2,chr12_14905215_14910757,76.15393882,+
SLTM,chr9_115042341_115046409,76.15344017,+
YTHDC1,chr1_150441958_150443230,76.15330992,+
PUM2,chr9_32988124_32989758,76.1519016,+
ZC3H6,chr18_63983721_63985092,76.13820548,+
RBM46,chr11_66638893_66639699,76.12996897,+
RBM23,chr2_30147062_30156627,76.12940117,+
RBM14,chr18_57620648_57621707,76.12874629,-
PPRC1,chr5_179614959_179616125,76.12741051,-
STIM1,chr5_131162676_131165059,76.12713214,-
RBM43,chr21_39391836_39393165,76.11599525,+
EWSR1,chr3_187734907_187737596,76.11566853,+
LSM3,chr1_155136951_155137978,76.11540774,+
RBM23,chr10_26755741_26759061,76.11039314,+
TDRKH,chr4_82355401_82356795,76.10402246,-
KIN,chr2_97164311_97167576,76.10187615,+
HNRNPAB,chr4_82356683_82356795,76.1008332,+
HNRNPL,chr4_53428183_53442652,76.09851867,+
TIA1,chr2_97558994_97560664,76.09824112,+
PHC3,chr14_49602468_49614255,76.09202179,+
DNAJC17,chr1_25244224_25245149,76.08931924,+
ZC3H8,chr11_10801087_10802048,76.07917519,-
ZC3H13,chr12_10610680_10612639,76.07801752,-
RBPMS,chr3_157153156_157157010,76.0767933,+
SNRPD3,chr11_11842224_11880176,76.07632923,+
SAFB,chr1_207655275_207761248,76.07348596,+
SPEN,chr7_105038199_105040838,76.06902544,+
SF3B4,chr5_34913578_34914694,76.06849083,+
CNKSR3,chr18_26035923_26038554,76.06590406,-
EWSR1,chr20_35739017_35739392,76.06362185,-
MYEF2,chr19_36689497_36694801,76.05756827,+
LSM3,chr4_82355401_82356795,76.05116021,+
RPS3,chr5_79641196_79642831,76.04250672,+
RBMS2,chr12_109561104_109561419,76.03181318,+
EIF4B,chr17_50737026_50737286,76.03018564,+
SF3A1,chr10_13116340_13118905,76.02794249,-
PDCD11,chr2_215393203_215394527,76.02777634,+
TEP1,chr12_124912636_124913320,76.02764226,+
CPSF6,chr7_44986097_44986524,76.02701635,+
RBM17,chr1_45552563_45561788,76.02188055,+
RBM33,chr11_62520391_62521783,76.01999639,+
HNRNPA1,chr2_58146474_58159348,76.01912757,+
PHC3,chr14_69769251_69769510,76.01094517,+
EPHB6,chr6_56670807_56699652,76.00525557,-
ZC3H12A,chr14_21022905_21023240,76.00308134,-
G3BP2,chr15_80059809_80120327,76.00169095,+
EEF1G,chr8_94678371_94705924,76.00066838,+
LSM7,chr14_21501824_21503172,75.99753241,+
MCTS1,chr1_61683546_61694696,75.99622265,+
NSUN6,chr7_26206510_26208465,75.99459091,-
NCBP2,chr17_16440253_16441367,75.99375654,-
ZC3H7A,chr2_61492250_61492324,75.98895928,+
SNRPB,chr2_152716126_152717355,75.98683731,+
UPF3B,chr6_158637894_158644681,75.98324055,+
PAPSS1,chr7_105066807_105068474,75.98079285,-
SGMS1,chr6_36970694_36972651,75.97726693,-
HNRNPA1,chr5_57221396_57230845,75.97620354,+
ENOX2,chr1_181050286_181053572,75.97487272,+
MCM3AP,chr9_33332502_33338509,75.97292378,+
HNRNPA3,chr10_110876753_110881232,75.96977335,-
MYEF2,chr3_193618936_193626091,75.96877547,+
ZC3H14,chr12_124912583_124913495,75.96043384,-
ANKS1A,chr20_59036760_59038465,75.9601452,-
CIRBP,chr17_82019381_82019857,75.9449784,-
SNRPF,chr3_119434882_119435754,75.94482099,-
YTHDC1,chr2_113438022_113439019,75.94401467,+
ZC3H12B,chr10_6226365_6232894,75.94312321,+
PUF60,chr17_67959875_67964211,75.94205541,+
RBM34,chr1_168004793_168038370,75.93043437,+
DNAJC17,chr4_153276130_153292981,75.92697744,-
SAMD5,chr6_311962_335113,75.92343972,+
ZC3H12B,chr19_35509961_35510183,75.92104597,+
PUM2,chr1_154173201_154182987,75.91989482,+
SAMD5,chr18_58333892_58341037,75.91962229,+
EIF2S1,chr20_13788652_13793179,75.91913385,+
RBM43,chr8_142701713_142703090,75.91545448,+
NCBP2,chr20_49280570_49289044,75.90952293,+
SF1,chr7_117131960_117136080,75.89530823,+
NCBP2,chr10_72220379_72223887,75.89447918,+
TTC14,chr1_39748767_39748902,75.89219145,+
ZC3H7A,chr15_84655409_84657175,75.88818558,+
IREB2,chr12_122519029_122521384,75.8849849,+
RNPS1,chr7_143265092_143267616,75.87696235,-
ACO1,chr3_33072713_33096718,75.87661746,+
PPP1R10,chr12_124912180_124912636,75.8754484,-
EEF1G,chr14_21018663_21018762,75.87264412,-
SNRPD3,chr11_78101195_78103979,75.86390805,+
LSM1,chr4_119494523_119497810,75.86197944,-
UNK,chr7_107186681_107190172,75.84307951,+
ZC3H7A,chr22_20315476_20319638,75.83760061,+
RNPS1,chr7_850033_851383,75.83495733,+
CSDE1,chr2_97558994_97560664,75.82917435,+
HELZ,chr14_55580354_55612018,75.82308283,+
ZNF638,chr7_128748367_128748572,75.81697315,-
SLTM,chr4_76075958_76097643,75.8132098,+
RBM23,chr11_65539881_65540244,75.81172322,+
EWSR1,chr20_1164476_1166226,75.81052567,+
SSB,chr1_45606591_45613168,75.80582568,+
ZNF638,chr13_32404397_32407249,75.80496516,+
PTBP1,chr12_122511188_122515104,75.80156742,+
LARP7,chr11_62854938_62855132,75.79967915,+
CSDE1,chr3_114380404_114389004,75.79719792,+
HNRNPA2B1,chr11_43444209_43445930,75.78620503,+
MEX3C,chr4_53428183_53440581,75.78367223,-
SNRPD3,chr2_159555865_159616241,75.78301738,+
SF1,chr4_105190505_105233896,75.78128586,+
SYNCRIP,chr3_121719753_121722261,75.77128694,+
LSM3,chr1_168038488_168043024,75.7671313,+
ANKS1A,chr11_66638893_66639699,75.76509758,+
RBM46,chr1_207767823_207770320,75.76080599,-
RC3H2,chr18_13666713_13681604,75.75229982,+
HNRNPA3,chr2_9961436_9963885,75.74714939,+
EIF4H,chr2_27369209_27369413,75.74063608,-
RBM10,chr12_12823319_12824539,75.73503958,-
U2AF1,chr11_112228673_112230625,75.73421526,+
PUF60,chr4_153204560_153270334,75.73232667,+
SSB,chr5_34913578_34914694,75.72859397,+
MBNL1,chr21_25997416_26000014,75.72674276,+
SSB,chr15_69453020_69455169,75.72592265,-
ZC3H15,chr10_29409658_29415356,75.72525116,+
EEF1G,chr1_24662804_24666814,75.72495273,+
HELZ,chr7_26197866_26200571,75.71904156,+
ZC3HAV1,chr10_6113068_6113507,75.70996628,+
PUF60,chr11_34651610_34656907,75.70956074,+
UPF3B,chr2_177234271_177264531,75.69423757,-
LSM4,chr12_26231119_26231922,75.69088471,+
RBMS2,chr19_3366666_3381711,75.69034219,+
PUF60,chr15_44380976_44413335,75.6897958,+
TEP1,chr10_123007176_123008693,75.68507329,+
U2AF1,chr12_96003064_96003837,75.68476982,+
SLTM,chr17_75268192_75270113,75.6843441,+
KHSRP,chr3_121718501_121722261,75.68237731,-
SARM1,chr14_64924126_64926006,75.68159353,+
RALY,chr7_87194102_87194683,75.67123846,+
UPF3B,chr12_27961997_27963347,75.66195393,+
CNKSR3,chr15_78545764_78548789,75.65332669,+
SNRPG,chr10_73030370_73043886,75.63856051,+
SAMD4A,chr9_86317276_86319583,75.63491312,-
NSUN6,chr1_70366537_70367616,75.63416713,+
SYNJ2,chr6_110888983_110890274,75.63135454,-
ACIN1,chr11_126256852_126261424,75.63070677,+
HNRNPM,chr6_99414690_99425214,75.6280261,+
THUMPD2,chr2_97555254_97556936,75.62677539,+
RBMX2,chr6_13321095_13326786,75.61418978,+
SAMD5,chr18_59225715_59230403,75.60219116,+
RALY,chr12_6975148_6975695,75.60149973,-
SAFB2,chr3_122454001_122461223,75.59932321,-
SNRPN,chr12_124911899_124912127,75.594198,+
POLDIP3,chr10_37166695_37169529,75.59337097,-
EWSR1,chr9_122148277_122159626,75.59262459,+
EIF3B,chr17_42951894_42953723,75.58761251,+
SFPQ,chr11_57791673_57794009,75.57127677,+
RBM25,chr16_80976179_80997313,75.56947758,+
RBM17,chr22_35810004_35894812,75.56800685,+
EPHA4,chr18_30994372_30996790,75.56412829,-
PHC1,chr7_852667_852812,75.56255441,-
RBM42,chr1_29149226_29154695,75.55731599,+
SNRPC,chr20_34090602_34096656,75.55653004,+
PPFIA1,chr6_32975112_32975383,75.55162959,-
PUM1,chr15_40836282_40838542,75.54477204,+
PUF60,chr2_27774530_27779432,75.5351311,+
CNOT4,chr12_57793073_57796176,75.51923045,+
SAFB2,chr14_23567319_23567596,75.51866316,-
PNPT1,chr21_37157214_37159698,75.51849971,+
HELZ,chr1_32226320_32228498,75.51297508,-
PPFIBP2,chr2_47170764_47172413,75.50885598,-
ZC3H11A,chr1_202951164_202954240,75.494308,+
RBMXL1,chr1_173864304_173864674,75.49113717,-
LSM5,chr19_52374427_52383848,75.48803163,+
DKC1,chr3_138187599_138209816,75.48709849,-
TEP1,chr5_139476454_139478269,75.4862092,+
RBMXL1,chr3_146528831_146533469,75.47570071,+
HNRNPD,chr3_141386937_141403926,75.46789883,+
IGF2BP2,chr17_3723383_3723687,75.46780527,-
TIA1,chr3_32442013_32454240,75.46504496,+
SLTM,chr12_50138617_50142052,75.46105294,+
RBM46,chr17_72040849_72045427,75.46062655,-
KIN,chr13_27622009_27622874,75.45658509,+
RBMS2,chr12_7060877_7061838,75.44800747,+
RBM17,chr1_243286397_243293090,75.44378214,+
ZC3HAV1L,chr18_26917350_26944328,75.44340739,+
SNRPA,chr2_227340380_227347225,75.43822443,+
RBMS2,chr3_134358719_134359282,75.43364863,-
SART3,chr19_45079377_45079906,75.43069895,+
LSM5,chr1_153658886_153659447,75.43061691,+
MSI1,chr3_185494761_185495153,75.42238794,+
SAMD4A,chr22_40552367_40636477,75.42184955,-
PTBP1,chr10_42594699_42614281,75.41586747,+
HNRNPF,chr15_80059809_80120327,75.41026218,+
CPEB2,chr1_212609271_212615017,75.4099433,+
ZC3H7A,chr8_73979171_73981154,75.40363649,+
TRA2A,chr14_55661612_55667240,75.39674262,+
MKRN2,chr6_134174586_134174731,75.39412724,+
SART3,chr19_18589077_18589412,75.39311091,+
MEX3D,chr7_27800090_27827737,75.38865307,-
RBMS1,chr14_91870385_91877486,75.38642877,+
FMR1,chr19_35116359_35119167,75.38189906,-
GRSF1,chr1_45568684_45568926,75.37681489,+
FUS,chr20_45944320_45944867,75.37399918,+
PSPC1,chr4_53377923_53379224,75.37048349,+
SNRPE,chr1_153990802_153990913,75.36840462,+
RBM28,chr3_180975404_180976121,75.35933317,-
RNPC3,chr2_95935644_95938986,75.35431138,+
RNPS1,chr1_31310164_31318166,75.3531527,+
PUM2,chr3_37083806_37094791,75.34998241,+
ZFP36L2,chr6_56642503_56645865,75.34783933,+
ZC3H13,chr11_34651610_34656907,75.34459104,+
UPF3B,chr5_68290834_68292258,75.33373524,+
YTHDF1,chr6_132815224_132816460,75.32766505,+
PHC3,chr1_153658886_153659447,75.32691199,+
SART3,chr18_694334_697239,75.32483571,+
PTBP2,chr12_32738296_32740063,75.32280354,+
MCTS1,chr2_97187226_97187328,75.31335843,-
EEF1G,chr1_51669512_51714002,75.31329306,+
MCTS1,chr22_19468003_19479082,75.30991362,+
SNRPE,chr9_92223429_92229000,75.3049324,+
HNRNPD,chr10_124760503_124765391,75.30075097,+
LARP1B,chr1_155256791_155258825,75.29659937,-
ZC3H12A,chr7_105068545_105073618,75.29640365,-
PAPSS1,chr5_163457610_163459326,75.29507263,+
ZC3H11A,chr6_41090309_41091545,75.29114106,-
SPEN,chr1_155136951_155137978,75.28445009,-
SNRPG,chr1_8868057_8871890,75.28016421,+
HNRNPA3,chr7_45751646_45758042,75.2783754,+
RPS3,chr17_59958444_59960067,75.27789229,+
ZFP36L2,chr2_227340380_227342744,75.27670245,+
EPHB6,chr8_42361365_42369270,75.27591614,-
EIF2S1,chr9_104094477_104095323,75.27584644,+
CPEB4,chr2_24315224_24328051,75.27416369,+
ZC3H3,chr8_94692827_94705924,75.27291266,-
ZC3H15,chr6_31639226_31639499,75.27236972,+
SNRPG,chr14_44934558_44945029,75.27033817,+
LARP1B,chr15_32679915_32684556,75.26581433,-
LARP4,chr7_103304490_103308951,75.26233943,+
EPHA1,chr15_42231915_42233212,75.26179044,-
HELZ,chr12_122519029_122521384,75.26054371,+
CHERP,chr20_58895684_58898940,75.24325575,+
FUS,chr2_28852499_28861117,75.24284816,+
UNK,chr7_21908507_21916753,75.2409645,-
ARAP2,chr1_243286397_243304712,75.23943877,-
TIA1,chr1_24660799_24661312,75.22391616,+
RBMS2,chr4_103096274_103099782,75.21546683,+
SNRPG,chr8_33503935_33507228,75.2053054,+
NONO,chr11_47731561_47732536,75.20197901,+
PCBP1,chr12_76450988_76487509,75.19994324,+
ACIN1,chr3_167720273_167725400,75.19629526,+
UHMK1,chr10_35195214_35206894,75.19568096,+
QKI,chr15_22838921_22851638,75.19506841,-
HNRNPA2B1,chr1_235155112_235160892,75.19162837,+
ZRANB2,chr17_73209768_73227164,75.19079759,+
TROVE2,chr17_8576672_8577235,75.18744853,+
MEX3C,chr6_37377033_37390741,75.17536193,+
SNRPB,chr1_228140363_228141123,75.17361658,-
ENOX2,chr4_39774933_39778359,75.1735449,-
KRR1,chr1_243286397_243304712,75.17211615,+
SLTM,chr7_117131960_117134123,75.15742402,+
DGKH,chr2_100011571_100104401,75.156532,-
ZRSR2,chr5_134174514_134176854,75.15522026,-
RBM39,chr1_23971439_23971572,75.15304092,+
ZFP36L2,chr19_9420218_9435107,75.14732569,+
PUM1,chr1_52911790_52913894,75.14533664,+
SAMD5,chr19_49981013_49988371,75.14303258,+
LSM1,chr12_21471647_21472197,75.13270853,+
RBM6,chr12_98531838_98537474,75.13182803,+
SPEN,chr12_124911822_124912962,75.12976812,-
EIF4B,chr3_48693179_48695089,75.12672361,+
RBM26,chr15_79961174_79970699,75.12418712,+
SAMD4A,chr1_196690239_196713734,75.11960579,+
PPP1R9A,chr15_80059809_80098415,75.11864783,+
TTC14,chr19_19202398_19202790,75.10709877,-
SNRPB,chr1_153544809_153544957,75.10642712,+
PTBP2,chr1_52056379_52064824,75.106299,+
RBM28,chr18_14799295_14828277,75.10327283,+
ZFP36L2,chr1_161072885_161073224,75.10319266,+
ACIN1,chr11_83280260_83285126,75.10149012,+
SAFB2,chr12_53462567_53464759,75.09908618,-
RBMXL1,chr6_43054486_43055544,75.09897354,+
RBM42,chr22_29299280_29299598,75.0920774,-
DHX57,chr7_74065732_74066731,75.08969648,-
RPS3,chr10_124760503_124762299,75.07730189,+
PAPSS2,chr2_28865119_28869559,75.06976733,-
CSDE1,chr22_17739488_17774380,75.0600618,+
PUF60,chr7_26197866_26200571,75.05971949,+
CPSF7,chr7_103304490_103308951,75.0589685,+
PHC3,chr8_143818534_143821596,75.05851877,+
ZC3H12A,chr9_129489299_129493418,75.0516296,+
DHX8,chr19_11041560_11058257,75.05117935,+
ZC3H15,chr1_153663276_153664395,75.05088319,-
RBM17,chr6_31581630_31581813,75.05082988,+
MYEF2,chr2_119367214_119368187,75.04954549,-
PPP1R10,chr16_10547677_10580548,75.0474904,+
AKAP1,chr1_213008466_213015612,75.04253143,+
RBMS1,chr1_161750145_161751667,75.03590261,+
EIF3G,chr22_39313310_39314106,75.03373304,+
HNRNPA0,chr2_25379323_25383835,75.02683535,+
SCMH1,chr17_81933376_81934652,75.02572817,-
RNPC3,chr10_103105381_103105705,75.02476311,+
FUS,chr19_19194133_19196962,75.02180167,+
SNRPD3,chr17_82019381_82019857,75.01809386,+
SAFB,chr3_121718501_121722261,75.01204351,+
TRNAU1AP,chr6_17507312_17539268,75.01194445,+
KIN,chr3_121788432_121790072,75.01073839,+
CPSF6,chr7_74716950_74718878,75.00411687,-
CPSF6,chr4_82424883_82425562,74.99778671,+
PUF60,chr2_73927052_73938909,74.9948811,+
HNRNPA1L2,chr1_235813061_235830225,74.99363221,+
DGKD,chr12_53462567_53465931,74.99121641,-
LARP7,chr11_57791673_57794009,74.9861582,+
RBMX2,chr5_34004734_34005755,74.98614645,+
RNPS1,chr6_75237988_75241175,74.98242362,+
RBMS2,chr2_12723552_12740325,74.97943337,+
PTBP1,chr10_73030370_73043886,74.97674908,+
ZC3H14,chr1_150296094_150332683,74.96920292,+
ZFP36L2,chr12_31298224_31304981,74.96119723,+
NSUN6,chr10_24438479_24473227,74.95936021,+
TROVE2,chr7_5741644_5752845,74.94696031,+
HNRNPA3,chr11_114440739_114449845,74.94655088,-
RBMS2,chr7_105014535_105038125,74.94538589,-
PNPT1,chr8_63168814_63169386,74.94388928,+
SFMBT2,chr1_159961405_159976643,74.94134267,+
ENOX2,chr20_37200494_37203884,74.93494438,-
TEP1,chr14_100369258_100375282,74.93365,+
PTBP2,chr2_95935644_95938986,74.9146209,+
PARN,chr3_41239354_41239818,74.91327831,-
YTHDC1,chr11_43444209_43448001,74.91161166,+
ZC3H12A,chr4_53399839_53425871,74.90937963,-
RBM34,chr2_27772692_27774423,74.90926306,+
YTHDC2,chr11_17286713_17295323,74.90916093,+
PCBP1,chr12_124912655_124913111,74.90908198,+
KIN,chr16_69340332_69341532,74.9088996,-
TNKS2,chr15_85662453_85664562,74.90325491,+
STIM2,chr1_26924166_26934248,74.89968867,-
SNRPC,chr19_40348768_40366418,74.89300786,+
ZC3H11A,chr1_61683546_61694696,74.88592727,+
KHDRBS3,chr9_37777506_37777600,74.87778562,+
RBM12,chr12_68885889_68932677,74.87380505,+
MYEF2,chr5_81446922_81448789,74.87356255,+
ZFP36L2,chr9_86319058_86319583,74.8701697,+
L3MBTL3,chr1_151760031_151760815,74.8620779,-
EWSR1,chr5_57221396_57230845,74.8514758,+
HNRNPA3,chr1_204532246_204537429,74.85146134,+
LARP4,chr2_200861862_200864100,74.83877124,+
SF3A1,chr20_35280118_35284175,74.83831528,-
CPEB4,chr4_41619440_41644499,74.83403405,+
SAMD5,chr12_42335974_42351884,74.82653899,+
YTHDF3,chr3_183635747_183636220,74.82592472,+
RBM22,chr1_151240039_151242122,74.82340073,-
THUMPD3,chr2_191682017_191682491,74.81974589,+
HNRNPAB,chr12_124912408_124913548,74.81967014,-
ZC3H12B,chr9_111563231_111564156,74.81765947,+
CPSF6,chr2_176297895_176323391,74.81739333,+
CCAR1,chr1_20779911_20787194,74.81070568,+
SNRPC,chr12_5160385_5169774,74.80955085,+
SNRPB,chr1_207790345_207793518,74.80652452,+
SRRM2,chr6_3154923_3226158,74.80626812,+
TRA2B,chr9_14113081_14116207,74.8052779,+
PTBP2,chr4_102753995_102760717,74.80460025,+
ZC3H7A,chr2_222919202_222922707,74.80184627,+
TIPARP,chr20_33994131_34072065,74.80070779,+
PARP10,chr10_80408643_80420465,74.79919613,-
HNRNPA1,chr20_35632923_35664801,74.79366614,+
MEX3D,chr17_31878327_31878701,74.78814378,+
ZRSR2,chr1_24663224_24666814,74.77816745,-
NCBP2,chr12_124912734_124913418,74.77659982,+
TROVE2,chr12_124911822_124913418,74.77658381,-
RBM22,chr4_153276130_153295312,74.77263405,+
YTHDF3,chr16_4694308_4694957,74.76775649,+
DHX8,chr2_97558994_97560664,74.7668548,+
RNPS1,chr17_1712399_1713702,74.75938384,+
RBMX2,chr2_219001_229965,74.74915082,+
ZMAT5,chr4_155368812_155373135,74.73054617,+
ZC3H13,chr2_202278329_202282350,74.72562051,-
RPS3,chr3_69077918_69080333,74.72198027,+
RBMS1,chr12_28190641_28257201,74.71959182,+
HNRNPA2B1,chr7_76005404_76021850,74.71936266,+
PPIE,chr9_129632865_129634053,74.70912906,+
RBM43,chr5_225562_225882,74.70682414,+
ZC3H12B,chr19_43649143_43655438,74.70086308,-
SEC23IP,chr2_219001_224863,74.70015955,+
ZC3H12A,chr6_167033971_167044404,74.69391825,+
SNRPB2,chr5_43555999_43556818,74.69000591,+
HNRNPH3,chr8_143581328_143586728,74.68568996,+
RBM43,chr4_185630598_185646667,74.68108272,+
PABPC3,chr12_52051568_52052495,74.67536975,+
SCML1,chr6_158767137_158767260,74.67305388,+
SNRPA,chr12_114679972_114680878,74.66950173,+
RBM6,chr12_26231985_26271662,74.66940857,+
CSTF2T,chr5_96727530_96729611,74.66334663,-
RBM27,chr16_53934109_54111761,74.65273085,+
FUS,chr2_74528489_74529131,74.65254038,+
TEP1,chr12_124912655_124913339,74.65184365,-
ACIN1,chr3_141404031_141442388,74.65162154,+
KHDRBS1,chr2_156326328_156326717,74.64119296,+
TNRC6A,chr12_124912408_124912864,74.63885613,+
CPEB2,chr5_66158932_66159218,74.63738,-
EWSR1,chr6_41090309_41091545,74.63639637,+
ZNF638,chr18_57615975_57621707,74.63324091,+
EIF4H,chr12_32107544_32216246,74.627005,+
SFPQ,chr17_42317224_42322284,74.62510954,-
SAMD5,chr9_32988124_32989758,74.62468646,+
EIF3B,chr6_99412318_99412550,74.62461508,+
MATR3,chr9_136862496_136862905,74.62009672,+
EWSR1,chr11_67467590_67468027,74.61994564,+
PNPT1,chr8_80064593_80080314,74.61695284,+
PUM1,chr1_30966197_30967166,74.61433035,+
ZC3H14,chr1_20779911_20787194,74.61422682,-
KIN,chr1_232950744_232956346,74.61068768,+
SF3A1,chr8_94692827_94705924,74.60924024,+
TROVE2,chr7_2379511_2380278,74.60881309,+
EIF4H,chr4_82430913_82447919,74.60814653,-
NSUN6,chr8_94260512_94262204,74.60591196,-
CPSF6,chr17_16382111_16382567,74.60093842,+
RBM47,chr12_62302920_62314789,74.59928396,+
HNRNPA1,chr11_43444209_43445930,74.59222747,+
HNRNPA2B1,chr10_28590832_28608185,74.58743451,+
RBM6,chr12_53462567_53465931,74.58526359,+
RBMS2,chr6_53294491_53295641,74.58277211,-
MEX3A,chr15_22838921_22851638,74.58168247,-
L3MBTL4,chr19_35742619_35743808,74.57925091,-
DGKD,chr18_14796415_14797660,74.56888872,+
TNRC6A,chr7_26197866_26200571,74.56457971,-
YTHDF2,chr1_153642429_153645063,74.55695008,+
RBM28,chr11_32583929_32589546,74.55522802,-
SAMD5,chr14_91870385_91877486,74.55377537,+
ELAVL1,chr4_185684846_185775226,74.55076124,+
ANKHD1-EIF4EBP3,chr2_222924595_222930620,74.54801208,-
HNRNPAB,chr1_51309430_51311253,74.53824577,-
ZFP36L2,chr1_46310044_46310154,74.5381005,+
YTHDF2,chr12_57719182_57720405,74.53606335,+
PDCD11,chr12_56158711_56159974,74.53351621,-
KIN,chr10_6226365_6326545,74.52633414,+
YTHDF2,chr12_53462567_53465931,74.52575942,+
DHX8,chr11_75404868_75421726,74.50827161,+
RBM43,chr4_82857764_82862533,74.50080495,+
KHDRBS3,chr10_100527074_100529365,74.50065682,-
LSM10,chr5_86618053_86619352,74.49672635,-
SEC23IP,chr12_53601021_53625950,74.49402189,+
RBM5,chr17_28715122_28715218,74.49238528,+
EIF4H,chr18_3247909_3249360,74.49156459,-
RBM47,chr12_66310608_66313985,74.48346271,+
SNRPG,chr17_81891863_81894466,74.48340565,-
LARP7,chr9_36083562_36085901,74.48280846,+
ZFP36L2,chr8_61619019_61633682,74.4767587,+
SEC23IP,chr2_237627740_237708543,74.47460649,-
SNRPB,chr18_35290391_35305975,74.47386705,+
PAPSS2,chr1_29149226_29154695,74.47368025,-
HNRNPAB,chr3_134482931_134485951,74.47339028,+
HNRNPA3,chr11_34646684_34651541,74.47337376,-
PUF60,chr18_50273471_50273563,74.4712541,+
CNOT4,chr8_143824396_143829279,74.47081037,+
TRMT2A,chr15_40836282_40844178,74.46493864,-
SYNCRIP,chr16_14998405_15004186,74.45965854,-
RBM4B,chr12_124912655_124913339,74.45881017,-
TROVE2,chr12_28190641_28225794,74.45779153,-
MEX3C,chr8_37873179_37874514,74.45152754,-
SRRT,chr1_151166252_151166470,74.45094189,-
SFMBT2,chr4_53377923_53379072,74.44995843,+
G3BP1,chr1_25243633_25245149,74.4490981,+
RBM42,chr11_6603822_6604225,74.44510379,+
ZC3H13,chr1_94901785_94903121,74.44422693,-
EIF4H,chr12_52051568_52054326,74.44144583,+
FMR1,chr1_23323732_23337753,74.43674576,-
SF3A1,chr14_88596808_88601923,74.43413975,+
PABPC1L,chr12_112013609_112022149,74.43199504,-
ZCCHC17,chr6_132815224_132816460,74.43186629,+
ZC3H8,chr1_243286397_243304712,74.43049767,+
RBM47,chr19_38711361_38714468,74.42872248,+
ZC3H11A,chr21_33557316_33557545,74.42730143,+
G3BP2,chr2_28865119_28869578,74.41880072,+
RBM6,chr19_8474244_8485602,74.41308733,+
LEMD3,chr2_55875065_55876622,74.4097029,-
PNPT1,chr14_68877240_68878457,74.40385198,+
ZC3H12A,chr6_3263759_3267590,74.40317869,+
ARAP1,chr14_91942961_91946710,74.3959358,-
L3MBTL4,chr17_72040849_72057458,74.38846551,+
ZC3H13,chr6_31835451_31836423,74.38322844,-
EIF4H,chr6_43054486_43055544,74.37949151,+
SF1,chr17_81682675_81683012,74.37317284,+
RNPS1,chr3_105550259_105552467,74.37181784,+
SFMBT2,chr6_78990982_78997413,74.37175792,+
ZC3H13,chr1_173866581_173866760,74.37042687,-
RBM28,chr19_52322022_52322190,74.3671544,-
ZC3H12B,chr19_35505986_35509910,74.36626074,+
PUM2,chr4_53440608_53442652,74.36423506,+
HNRNPA0,chr21_25734375_25734852,74.3638504,-
HNRNPA3,chr12_27969516_27970024,74.36015038,-
ZGPAT,chr18_26035923_26038554,74.35735383,-
PPP1R10,chr2_9406905_9407448,74.3481092,+
TEP1,chr3_180975404_180976121,74.34580111,+
KIN,chr14_24232977_24233218,74.34186461,+
SNRPF,chr1_243286397_243304712,74.34074327,+
ZNF74,chr17_30709811_30759490,74.3383942,+
ZC3H13,chr11_85628688_85631686,74.33299917,+
TROVE2,chr12_22644022_22644210,74.33249565,-
PCBP1,chr6_107040230_107044259,74.33132817,+
RBM47,chr7_21908507_21911616,74.33105543,+
TNKS2,chr8_11821878_11822007,74.33020142,-
UPF3B,chr2_169799516_169800951,74.32384637,+
PSPC1,chr4_82829058_82844385,74.32259601,+
PCBP1,chr1_42456628_42457246,74.31250275,+
SNRPG,chr8_38172033_38176552,74.3124889,+
RBM33,chr5_272772_314416,74.30890006,-
ENOX2,chr13_37003007_37003494,74.30874516,-
L3MBTL4,chr1_161072885_161073719,74.30588491,-
SNRPB2,chr20_16730064_16731667,74.30291226,+
ZMAT5,chr19_48965916_48966283,74.29672226,-
MEX3A,chr4_155667419_155696805,74.28474351,-
LSM4,chr2_60541920_60545970,74.2784413,-
YTHDF1,chr1_42457073_42457246,74.27054067,+
STIM1,chr9_129634221_129635207,74.26800365,+
PNO1,chr1_154157721_154169304,74.26594102,-
RPS3,chr5_96695907_96722638,74.25990447,+
RBM28,chr2_97555254_97560664,74.25936027,+
TRA2A,chr11_47565986_47569699,74.25755821,-
PNO1,chr17_5474789_5477847,74.25708401,+
YTHDF3,chr2_20258371_20260336,74.25427593,+
LARP7,chr14_94388663_94390456,74.25181774,-
CCAR1,chr17_81891841_81893551,74.24740158,+
ACIN1,chr2_73946906_73950584,74.24488734,+
KHDRBS1,chr12_26231119_26231922,74.24476355,+
RBM12B,chr17_41987694_41987818,74.24054905,+
RBM12,chr12_124912655_124913567,74.23614182,-
U2AF1,chr3_15414162_15415771,74.22585495,+
PABPC1,chr10_89010600_89011998,74.22469726,-
PCBP2,chr17_42348539_42388278,74.22239447,-
SRRM2,chr5_112864732_112867371,74.21547984,+
ANKS1A,chr3_186804724_186806289,74.20985722,+
PAPSS1,chr6_56670807_56699652,74.20635629,+
LEMD3,chr6_10755232_10770076,74.2061208,+
TNKS,chr11_73716362_73718612,74.20319915,-
EIF4H,chr6_99403882_99404602,74.20009877,+
HELZ,chr11_86264263_86266082,74.19535477,+
SNRPC,chr2_227340380_227355676,74.18905082,+
DHX8,chr1_53940097_53946236,74.1865161,-
KIN,chr1_153544809_153545752,74.185431,+
RAVER1,chr9_70286271_70297965,74.18472583,+
SSB,chr19_38930998_38931275,74.17952733,+
YTHDF2,chr12_96003920_96006313,74.16719527,+
FUS,chr17_16439414_16439580,74.16083949,+
PARN,chr12_124912883_124913567,74.16074004,-
AKAP1,chr2_159762993_159767283,74.15971464,+
PPIE,chr12_120522363_120526456,74.1561725,+
RBM4B,chr5_146509245_146510066,74.15430234,+
YTHDF3,chr11_66644140_66646026,74.15126349,-
CCAR1,chr6_152975621_152983233,74.15098779,+
PABPC1L,chr2_97558994_97576378,74.14413439,+
TNKS2,chr3_180987022_180988022,74.14199374,+
TNKS,chr6_31860178_31860438,74.14142074,-
RBM42,chr10_114173265_114174014,74.14096928,+
RBM28,chr19_3366666_3381711,74.13602884,-
RBM47,chr10_88941390_88941784,74.12275595,+
TRA2B,chr13_31151191_31154632,74.1150824,+
ACIN1,chr1_193060222_193075819,74.11073332,+
QKI,chr16_31091342_31094556,74.10838833,-
HNRNPAB,chr2_215379317_215382211,74.10142863,+
RBMS2,chr7_80905916_80916678,74.10048493,+
RPS3,chr10_30337031_30340225,74.09270936,+
RNPS1,chr2_152677475_152679351,74.09205594,-
PHC1,chr2_131501508_131502454,74.08609881,+
DDHD2,chr20_59036760_59038465,74.07956896,-
RBM43,chr8_80064593_80080314,74.07689481,+
TIA1,chr12_26231985_26271662,74.07555118,+
PNPT1,chr16_1786655_1787676,74.07471695,+
TIA1,chr2_11773745_11779518,74.07274826,+
YTHDF1,chr4_185684846_185775226,74.06497593,+
ZGPAT,chr4_53428183_53442652,74.06148294,-
CCAR1,chr11_62762866_62765181,74.05462978,+
ZFP36L2,chr2_222643005_222648739,74.04976658,+
HNRNPH3,chr8_22591668_22593732,74.03870523,+
CIRBP,chr14_88609403_88609711,74.03835646,+
PUM2,chr7_92042186_92042667,74.02911417,+
CPEB2,chr7_73737735_73738327,74.02907222,-
HNRNPA3,chr7_94598963_94600645,74.02473688,+
PUM1,chr20_49230349_49233305,74.02227269,+
EIF3G,chr8_56211837_56214597,74.02210262,+
SF3B4,chr11_62789426_62789885,74.01901093,+
RBM14,chr3_149966586_149968357,74.01899644,+
UNK,chr1_234398553_234400852,74.01517669,-
MEX3C,chr18_62045979_62072672,74.01122828,+
ZC3H11A,chr14_22905453_22906194,74.00951444,+
RNPS1,chr3_141974194_141978519,74.00752087,+
RPS3,chr10_84425048_84425730,74.00494836,+
PCBP1,chr16_10547677_10580548,74.0030774,+
SCML2,chr3_9947604_9948066,74.00230554,+
UHMK1,chr11_61438113_61445940,74.00177955,+
ZFR2,chr2_60519167_60545970,73.99723395,-
SRRM2,chr2_121469960_121503166,73.9972309,+
RBM12,chr10_110876753_110881232,73.99451168,-
SF3A1,chr9_78265543_78266441,73.99409067,+
SNRPC,chr20_289676_290258,73.99138461,+
EPHA2,chr8_89758233_89765340,73.98941501,-
HNRNPK,chr22_35257557_35263077,73.98863361,+
YTHDF3,chr8_17924780_17934705,73.9860234,+
MKRN1,chr1_193060222_193069033,73.97758485,+
NCBP2,chr17_59866749_59878102,73.97628573,+
CNOT4,chr4_153204560_153270334,73.97519426,-
U2AF1,chr10_124762558_124765391,73.97429973,+
FUBP3,chr9_136862496_136862905,73.96596723,-
TRMT2A,chr6_167010893_167022408,73.95753453,-
PHC2,chr2_30147062_30148244,73.95720834,-
PNPT1,chr17_16158873_16171802,73.95386998,-
ESRP2,chr3_139373412_139374488,73.94983193,-
SAMHD1,chr7_23260773_23266516,73.93980823,+
RBMS2,chr15_49137437_49139527,73.93738056,+
TTC14,chr14_30622399_30630476,73.93319777,-
SYNCRIP,chr14_39125036_39128279,73.92229388,+
AKAP1,chr10_26759238_26765217,73.92149774,+
MSI1,chr3_42786162_42804435,73.91927436,-
SART3,chr1_228109021_228109148,73.91722725,+
SNRPB2,chr15_34227846_34229752,73.91513567,+
ZFP36L2,chr2_222643005_222648739,73.91289076,+
CPEB3,chr11_103066567_103083255,73.91142485,-
PARN,chr11_43335994_43342432,73.90889056,+
PPFIBP2,chr6_311962_345853,73.90592029,-
SRRT,chr18_58333892_58341037,73.90487825,+
EPHA4,chr10_18668677_18673983,73.89890577,-
ZCCHC17,chr3_3172646_3172775,73.89472981,+
SLTM,chr12_124913092_124913548,73.89382344,+
G3BP2,chr6_85536924_85538837,73.89056834,+
RBM43,chr16_3065687_3065783,73.89056682,+
RBM39,chr12_55903480_55927724,73.877124,+
ZFP36L2,chr12_133083561_133105509,73.87437637,+
PNPT1,chr10_35127193_35148367,73.87209414,+
STARD13,chr1_156061443_156068269,73.86295087,-
CCAR1,chr1_23691829_23692611,73.85354557,+
POLDIP3,chr5_224521_225882,73.84932374,-
SRRM2,chr6_137875035_137875687,73.84466275,+
LARP4,chr1_75724817_75728400,73.84255189,+
PDCD11,chr14_55673012_55675834,73.84190183,+
MSI2,chr12_27724186_27737538,73.83862029,-
ZC3HAV1L,chr12_8777802_8780034,73.8352945,-
TIA1,chr18_26035127_26035830,73.83303413,+
EWSR1,chr3_184323241_184323407,73.8265788,+
CPSF7,chr3_119436978_119437587,73.82623356,+
RBMX2,chr2_105367739_105386360,73.82457579,-
RBM6,chr16_29566249_29569270,73.82204821,+
ACO1,chr11_64241661_64242383,73.82076711,-
PUM2,chr13_37570669_37577752,73.82035537,-
RBM5,chr10_80408643_80420465,73.8194239,+
AKAP1,chr2_215391814_215392930,73.81176431,+
PUM1,chr13_37004561_37005956,73.81164515,+
HNRNPA3,chr2_9406905_9407448,73.81054752,+
STIM2,chr6_31860621_31861998,73.80772046,-
HNRNPA2B1,chr1_165768269_165768758,73.80299251,+
RBM6,chr10_102377140_102379283,73.80226933,+
RBMS2,chr17_41987694_41987818,73.79901402,-
SAMD5,chr10_35201486_35206894,73.78599223,+
RBM14,chr10_28614685_28616175,73.78561098,+
PDCD11,chr2_222643005_222648739,73.78145928,+
RNPS1,chr21_37158203_37159698,73.77269961,+
TUT1,chr14_88596808_88607242,73.76768582,+
ZC3H12A,chr5_96695907_96722638,73.75832299,-
YTHDF2,chr2_203402734_203416907,73.7577714,+
G3BP2,chr6_137875035_137875687,73.75444769,+
SAMD4A,chr15_60386086_60396150,73.74884593,+
RBMXL1,chr9_41166830_41172711,73.74856636,-
RBM47,chr3_140963227_140970926,73.73952151,+
RBM6,chr17_76089320_76094413,73.7392441,+
PNPT1,chr2_98608726_98609755,73.73898705,+
SNRPC,chr3_167720273_167725400,73.73558295,-
ZC3HAV1L,chr8_129879471_129903311,73.73527777,+
RBM26,chr2_27444061_27444185,73.73067049,+
SEC23IP,chr3_121719753_121722261,73.72789773,+
SAMD4A,chr1_196690239_196701317,73.72051885,-
SEC23IP,chr7_124863640_124870910,73.71741436,+
RBM5,chr2_97151939_97158106,73.71268178,+
CNOT4,chr12_124913495_124913723,73.70296738,-
RBM17,chr11_65713058_65713592,73.69884869,+
MEX3D,chr22_31528863_31531057,73.69628313,-
ZNF638,chr11_32588732_32589546,73.69594232,+
SAFB2,chr12_53034724_53037408,73.68820202,+
RBM4B,chr22_45550615_45574510,73.68544014,+
PPP1R10,chr2_131132991_131140169,73.68319266,-
SPEN,chr7_105014535_105038125,73.68111539,+
SLTM,chr3_121826180_121828860,73.66453605,+
L3MBTL4,chr8_127290060_127323014,73.66230524,+
FUS,chr21_36048396_36053582,73.65314586,+
LSM10,chr1_224317930_224330070,73.64927897,+
RNPS1,chr7_76030524_76047811,73.64226432,+
TRNAU1AP,chr2_70229091_70229263,73.64139313,-
ELAVL1,chr16_80976179_80981805,73.63925092,+
FMR1,chr19_8980957_8985550,73.63714718,+
ZC3H7A,chr20_44885886_44887647,73.63354461,+
SNRPF,chr8_33503935_33507228,73.63037596,+
HNRNPA2B1,chr7_26193373_26195846,73.62724018,+
HNRNPA3,chr16_15030056_15138878,73.62327565,+
SNRNP35,chr5_57176400_57214073,73.6224357,+
CHERP,chr12_27297158_27297709,73.62080001,-
ZC3H14,chr10_26751783_26755654,73.61526592,+
FUS,chr20_49230349_49233305,73.61429905,+
LARP4,chr18_46087492_46095052,73.60729764,+
KRR1,chr3_100310542_100311832,73.60376727,+
QKI,chr17_39746000_39746108,73.58011055,+
SHANK2,chr6_41090309_41091527,73.57820565,+
PUM2,chr1_196690239_196713734,73.56746413,+
LSM10,chr5_16711245_16738135,73.56408538,+
SF1,chr2_11773745_11779518,73.55744584,+
SNRPB2,chr1_28560732_28561345,73.55335551,+
EPHA7,chr15_40854086_40854638,73.54690459,+
CNOT4,chr20_35729365_35731940,73.54587203,-
SNRPG,chr13_50949505_50969931,73.54354933,+
SLTM,chr15_42218375_42219580,73.53863749,+
MEX3A,chr1_28407463_28459084,73.52883322,+
LARP4,chr8_48008470_48049852,73.52583194,-
RBM47,chr12_109088512_109090008,73.52540371,+
RALY,chr16_25140247_25164597,73.52125811,+
EIF3B,chr11_46617890_46630044,73.51667308,+
ANKS6,chr12_26976357_26980565,73.51586136,-
ZC3H7A,chr3_105550259_105552467,73.51298237,-
DNAJC17,chr12_55903480_55927075,73.51016845,+
EWSR1,chr1_243304777_243305011,73.50667887,+
UPF3B,chr12_62325933_62355330,73.50503683,+
EWSR1,chr11_47472102_47472190,73.50370593,+
ZC3H8,chr1_161074376_161074610,73.49464807,-
SART3,chr12_10612978_10613438,73.48174209,+
SPEN,chr14_91870385_91877486,73.47179167,+
DND1,chr19_36124363_36125450,73.47057528,-
KRR1,chr1_39563741_39564422,73.46312015,+
SUPT6H,chr4_54699766_54703720,73.45716492,-
SYNCRIP,chr20_35632923_35664358,73.45120591,+
RBM15,chr12_124911971_124913111,73.44693694,-
SRRT,chr1_52905090_52907867,73.43632068,+
SNRPA,chr1_154988849_154990158,73.42305115,+
L3MBTL4,chr1_39753052_39762516,73.40391284,+
ESRP2,chr9_3395596_3525746,73.39019389,+
RBMS2,chr7_45751646_45758042,73.37607791,+
ZRSR2,chr17_76735875_76736153,73.36205499,-
EWSR1,chr14_59484593_59486730,73.36203513,+
CPEB2,chr3_100492928_100519461,73.3592271,-
PUM2,chr9_33347117_33347662,73.35487204,+
TROVE2,chr2_177234271_177263402,73.3493614,+
PUM1,chr2_160285044_160286977,73.34800576,+
MBNL1,chr4_98379163_98391951,73.33535204,+
ACIN1,chr1_219179246_219193081,73.33382905,+
SFMBT2,chr10_38017386_38054374,73.33128693,+
KHDRBS1,chr9_73151924_73154460,73.3195984,-
SNRPN,chr4_53414722_53425871,73.31051223,+
SPEN,chr7_22976305_22977340,73.30259127,+
SNRPB2,chr7_91980333_91992884,73.30012926,-
MSI2,chr6_167010893_167022408,73.29700891,-
TRA2B,chr1_109200900_109202943,73.28786279,+
PABPC1L,chr1_151368319_151369712,73.28576301,-
PABPC1,chr4_128093031_128098185,73.27096765,+
EIF3B,chr10_70161931_70162689,73.26990394,+
ZC3H14,chr14_88596808_88607242,73.26894097,+
RBM22,chr5_170788668_170794230,73.2459895,+
SNRPB2,chr13_27430621_27432730,73.24452178,+
YTHDF2,chr3_52198255_52199209,73.24167366,+
RBM18,chr1_168004793_168043024,73.2394035,-
HNRNPA0,chr3_49310737_49324701,73.23381991,+
PCBP1,chr1_95234315_95244210,73.23093115,+
RBMXL1,chr3_41239354_41239818,73.23075817,-
RBM33,chr4_53414722_53425871,73.22158201,+
RBM33,chr13_51675243_51703595,73.21675392,+
MKRN3,chr4_153204560_153270337,73.21627393,+
UNK,chr12_93467554_93469191,73.21344928,+
ZC3H7A,chr7_128759852_128769062,73.20792096,-
ZC3H12A,chr2_222919202_222922707,73.20177755,-
PUM1,chr3_16260829_16264768,73.20057113,+
EIF4H,chr1_153626533_153627482,73.19694267,+
LSM7,chr10_24438479_24473227,73.19455578,+
TIA1,chr6_139028875_139034158,73.19379574,-
FUS,chr1_51294511_51297790,73.192094,+
SETD1A,chr2_97558994_97584943,73.18078237,-
MEX3A,chr5_78421960_78459244,73.17902013,+
RBM6,chr14_23033674_23035111,73.15069555,+
RALY,chr10_114163329_114174014,73.14282967,+
NOL8,chr9_92310675_92314266,73.13984968,+
ASCC1,chr19_40348768_40365552,73.13520612,+
RPS3,chr1_150698734_150700111,73.13433405,+
PUM2,chr2_27772692_27779432,73.13112439,-
ZFP36L2,chr8_89981523_89982721,73.13040385,+
RBM12B,chr4_76103969_76104596,73.13027933,-
TNKS,chr4_98352601_98391951,73.12907214,+
ZFR2,chr22_39317021_39317460,73.12741437,+
RNPS1,chr13_52024937_52028318,73.12634107,+
EWSR1,chr15_22845267_22851638,73.1238089,+
LARP7,chr12_15111417_15217428,73.12317621,+
FMR1,chr12_124912734_124913190,73.12288482,-
MATR3,chr8_129903350_129939607,73.11199797,+
FUBP3,chr7_120840109_120856697,73.10978183,+
ACIN1,chr14_24233598_24235736,73.10635149,+
FUS,chr19_5657347_5661520,73.10408307,+
TIA1,chr3_134358719_134359282,73.10313816,-
SAFB,chr16_1786655_1787676,73.10094281,+
PNPT1,chr1_156011887_156012384,73.10023789,-
RNPS1,chr12_111991889_112005256,73.09902521,+
HNRNPA1L2,chr3_139383435_139389547,73.0968399,+
DGKH,chr19_52374427_52379420,73.09200497,-
NSUN6,chr2_238194331_238194804,73.07876839,-
TNRC6A,chr5_179699049_179705678,73.07723127,+
STIM2,chr2_227325427_227330625,73.07583352,-
PPIE,chr17_74772395_74772895,73.06008313,+
THUMPD2,chr6_56670807_56692387,73.05725012,+
YTHDC1,chr1_24662804_24666814,73.05590079,+
SF3B4,chr18_26035127_26035830,73.05447782,+
PPIE,chr5_132904404_132932177,73.05130369,+
SAMD5,chr2_152663967_152664137,73.04879861,+
PTBP1,chr11_134252916_134253298,73.04564491,+
SF1,chr12_4505380_4525253,73.03074096,+
SHANK2,chr10_96130752_96132585,73.02401184,+
TROVE2,chr20_58895684_58903530,73.02204886,+
ZC3H11A,chr19_12691454_12694593,73.01534857,+
RBM5,chr10_30437406_30438915,73.01528672,+
HNRNPA0,chr18_22933564_22936753,73.00860549,+
CPSF6,chr1_234398553_234400852,73.00460541,+
RBM45,chr10_26759235_26765217,72.98815823,-
SF3B4,chr6_167010893_167022408,72.98711185,+
LSM4,chr7_45103443_45104098,72.98093411,+
PRR3,chr8_144412946_144413512,72.97796617,-
DHX57,chr12_70319364_70335437,72.96899986,-
ZRSR2,chr17_16382111_16382567,72.96664728,+
PNPT1,chr12_124912734_124912962,72.96517387,+
TNKS2,chr12_22644022_22644210,72.96206847,-
MBNL1,chr5_71483896_71486530,72.95875138,+
HNRNPF,chr16_208188_220648,72.95726615,+
HNRNPM,chr12_98531838_98532822,72.94499632,+
RBM17,chr1_74706994_74710097,72.94386016,+
RNPS1,chr13_50949505_50953904,72.93219395,+
SNRPF,chr1_162796677_162797801,72.91045237,+
RALY,chr20_31549114_31550063,72.90904615,-
KHDRBS1,chr14_49828787_49829053,72.90648151,+
THUMPD3,chr19_36689497_36694801,72.90337481,+
RNPC3,chr16_69341320_69341532,72.90172903,+
YTHDC2,chr14_100361921_100375282,72.89930431,+
SAMD4A,chr11_11842224_11884466,72.8982196,+
SAFB,chr12_6566336_6566528,72.88403582,+
SF3B4,chr11_62789426_62789885,72.88337159,+
LSM4,chr5_96729209_96729611,72.87804682,+
SHANK2,chr3_180970358_180975312,72.87770912,+
PUM1,chr1_36140166_36149091,72.8722589,+
RBM10,chr6_10749698_10755141,72.86970745,-
PNPT1,chr5_32586501_32588511,72.86815084,-
HNRNPA1L2,chr19_1032696_1036415,72.86279585,+
EIF2S1,chr6_126006954_126008391,72.86059127,+
UHMK1,chr1_224360563_224365878,72.86043263,+
TDRKH,chr6_122427956_122431429,72.84814927,-
PPP1R9A,chr20_1455037_1458199,72.84743531,+
PPP1R9A,chr3_139373412_139374488,72.84239919,-
HNRNPA1L2,chr7_148832750_148846496,72.84068252,+
SNRPN,chr2_237692521_237708543,72.83822818,+
HNRNPK,chr11_10801087_10802048,72.83524253,-
RBM43,chr17_72021979_72025897,72.81134542,+
ZC3H11A,chr12_12487187_12519861,72.80797764,+
CCAR1,chr9_137576167_137576308,72.80176139,+
IGF2BP2,chr6_41937394_41940369,72.79644161,+
SHANK2,chr12_6448737_6451468,72.78598165,+
ZC3H13,chr4_82829058_82842139,72.78013529,+
NSUN6,chr12_9655979_9656920,72.78013452,+
U2AF1,chr4_83458429_83459739,72.77835798,+
LSM4,chr15_78545764_78548789,72.77474672,+
PUM1,chr16_1786655_1787676,72.77442887,+
ZC3H13,chr1_151017904_151024610,72.76505152,-
PTBP1,chr11_130137291_130140397,72.74936435,-
PPFIA1,chr6_31639226_31640198,72.74855227,+
TMEM63A,chr1_151027327_151028785,72.74384524,+
MKRN1,chr2_73927052_73938909,72.74370108,-
PUM2,chr12_122520581_122521384,72.74120597,+
ZC3H7A,chr6_24714440_24716186,72.73797315,-
RALY,chr6_46168297_46170052,72.73372187,+
RBM43,chr1_24655123_24660718,72.7281657,+
DNAJC17,chr1_13614405_13615904,72.72693534,-
RBM24,chr12_79806297_79807225,72.70215193,-
SARM1,chr4_82829058_82844385,72.70142322,-
PUM2,chr1_52914095_52921552,72.70041616,+
RBM26,chr20_44903121_44903992,72.68310798,-
RBM10,chr6_36970694_36972651,72.68148851,+
MTHFSD,chr20_44901833_44902897,72.68050958,-
ELAVL1,chr17_8463354_8466929,72.67835479,+
RBM5,chr19_42510920_42511575,72.67571035,+
PNPT1,chr15_64081151_64088686,72.67518492,+
BFAR,chr11_66285536_66285700,72.67516136,+
SFMBT2,chr3_42786162_42804435,72.67242526,-
SAFB,chr12_6330711_6333068,72.66743908,+
YTHDF1,chr12_32737942_32738263,72.66564857,+
IGF2BP2,chr2_207560372_207561118,72.66508728,+
RBM26,chr10_35127193_35148367,72.66231868,+
MATR3,chr2_271939_272036,72.6565119,+
PNO1,chr15_79961174_79970699,72.64570585,+
TARDBP,chr1_45551155_45552435,72.64384937,+
SYNCRIP,chr12_124911822_124913418,72.63730812,-
PCBP1,chr20_49154071_49174194,72.62917883,+
EPHA2,chr6_12290693_12292343,72.62815765,-
KHDRBS3,chr7_112456086_112461865,72.62600644,-
RBMXL1,chr12_124912278_124912506,72.62440506,-
LSM6,chr12_26219162_26271662,72.61351931,-
UHMK1,chr12_124912278_124912506,72.60583554,-
YTHDF3,chr15_79899125_79907628,72.60125018,-
ZFP36L2,chr3_138187599_138209816,72.59408351,+
MATR3,chr2_152677475_152679351,72.57930132,+
YTHDF3,chr7_100149053_100149498,72.57765438,+
PABPC3,chr12_6653050_6656726,72.57329403,+
PRR3,chr2_27444061_27444188,72.56860428,-
YTHDC1,chr8_106713985_106739457,72.56704679,+
PNPT1,chr6_31728745_31730050,72.56588247,+
ZC3HAV1L,chr19_4324529_4325215,72.55081907,+
TNKS,chr8_89758233_89765340,72.54205093,+
SNRPB2,chr10_26759235_26765217,72.52708682,+
ZNF638,chr1_145623160_145623612,72.52482007,+
ZC3H7A,chr17_64500326_64502009,72.51302835,-
EWSR1,chr2_202278329_202282350,72.51025284,+
PUF60,chr2_61017851_61018183,72.50911614,+
SPEN,chr3_158571391_158592433,72.49498659,+
KHSRP,chr2_25379323_25383835,72.47924461,+
PUM1,chr6_24708911_24716147,72.47545517,-
SEC23IP,chr5_138157267_138160068,72.46622897,+
TROVE2,chr8_100948900_100952849,72.45647038,+
TNRC6A,chr12_56160320_56162263,72.44658119,-
FUS,chr19_18589077_18589478,72.43958561,+
ZFR2,chr5_43454043_43483821,72.4341563,-
HNRNPAB,chr6_144331018_144403122,72.42691812,-
SNRPF,chr7_76030524_76047811,72.40739916,+
RBM17,chr1_70366537_70367616,72.40455831,+
TRMT2A,chr12_53601021_53625950,72.40290533,+
PCBP1,chr2_60519167_60545970,72.40134895,+
ZC3H11A,chr6_134174586_134175543,72.39878283,-
TTC14,chr17_64973517_64975559,72.39816083,+
LSM10,chr18_23473483_23474947,72.38635465,+
DAZAP1,chr18_3247909_3249360,72.38473024,-
MEX3A,chr12_16347710_16357604,72.38045553,-
SYNJ2,chr6_31860621_31861998,72.3770347,-
CNKSR3,chr4_13381594_13474317,72.37370386,+
DGKH,chr19_19194133_19196962,72.36903984,-
NSUN6,chr12_22644022_22656431,72.36482748,+
SYNCRIP,chr6_85615347_85622481,72.3622414,+
CPSF6,chr1_146189381_146228708,72.34683845,+
SPEN,chr1_234398553_234401180,72.34506413,+
DHX57,chr11_130137291_130140397,72.34324825,-
SFPQ,chr2_203402734_203416907,72.34259812,+
ZCCHC17,chr8_89758233_89765340,72.30883828,+
RBM22,chr20_62308178_62308654,72.30108901,-
ELAVL1,chr11_117199829_117203001,72.29892507,-
SSB,chr7_107613432_107618327,72.29277418,+
THUMPD2,chr9_35684807_35685268,72.28770941,-
QKI,chr6_41090309_41091527,72.28450106,+
RBM14,chr1_33014594_33021592,72.28232064,-
EIF4H,chr14_73148106_73170796,72.27835869,+
RBM39,chr3_114056864_114065236,72.2675704,+
TIA1,chr6_13321095_13326786,72.26292297,+
RBM17,chr12_96003920_96006313,72.2610186,+
SETD1B,chr8_85219363_85220305,72.25288579,-
SAMD4A,chr10_63217331_63219877,72.25022917,-
RBMX2,chr17_36578192_36579244,72.24998024,+
PNO1,chr3_121718501_121719645,72.24522873,-
RBM18,chr1_151254808_151263913,72.24025301,+
AKAP1,chr4_51887244_51891759,72.23712501,+
LARP4,chr14_34524807_34533443,72.23355185,+
PTBP1,chr12_95266632_95270038,72.23333181,+
RBMXL1,chr12_49367587_49460769,72.23113105,-
SRRM2,chr6_158767137_158767260,72.22155561,+
HNRNPF,chr5_154941265_154956370,72.21972957,+
RBM47,chr15_85658590_85664562,72.20280337,+
PABPC1L,chr2_97558994_97576378,72.20208845,+
G3BP1,chr3_122454001_122461223,72.19999512,+
SARM1,chr11_62885608_62888330,72.19318203,+
HNRNPA2B1,chr17_21198840_21210935,72.16968067,+
RBM18,chr11_66002513_66003234,72.15846349,+
CPSF7,chr14_23563282_23563379,72.1556098,+
LSM10,chr3_114066283_114070625,72.15502481,+
RBMXL1,chr21_39391836_39393165,72.14918954,+
RBMS2,chr6_31860621_31861998,72.14823887,-
AKAP1,chr12_14882280_14884212,72.14074073,-
SYNCRIP,chr16_80976179_80997313,72.14056096,+
THUMPD3,chr16_31091342_31094556,72.13391397,+
STIM2,chr17_7012757_7013665,72.13152279,-
SAMD5,chr6_85640564_85642796,72.12170493,+
CPSF6,chr15_72200655_72203021,72.11206083,-
RBMS1,chr15_63060939_63061712,72.10504965,-
FUBP3,chr2_9406905_9408112,72.09298453,-
PARN,chr7_74065732_74066731,72.09287462,+
YTHDF3,chr4_6708643_6709225,72.07626925,+
PNPT1,chr19_45165194_45178134,72.07278202,+
PNO1,chr6_46168297_46170807,72.07275227,+
CPSF6,chr2_97555254_97584943,72.06660634,-
RBMXL1,chr1_243286397_243304712,72.06253368,+
NUPL2,chr1_151540426_151563903,72.04950459,-
EIF3B,chr17_42348517_42388278,72.04903961,+
HNRNPAB,chr12_6967335_6967891,72.04158758,-
EPHA1,chr20_5109445_5112742,72.03557021,-
LSM4,chr21_17604276_17604859,72.03072489,+
THUMPD3,chr2_1666486_1673642,72.02771148,-
RBM22,chr20_17970370_17989938,72.01476053,+
LARP4,chr7_155302846_155303824,72.0031228,-
SFMBT2,chr17_1714014_1716129,72.00145933,+
PCBP1,chr20_49230349_49233305,72.00025381,+
THUMPD2,chr2_227340380_227347225,71.99954605,-
RBPMS,chr15_44403054_44413335,71.987926,+
HNRNPK,chr14_20455394_20455577,71.98729741,+
YTHDF3,chr1_24655129_24660718,71.98117995,-
DAZAP1,chr18_14799295_14802216,71.97838356,-
MEX3D,chr3_58141929_58142649,71.97261971,-
YTHDC1,chr1_24662804_24666814,71.97253415,+
TIA1,chr2_70216499_70216752,71.96845959,+
TIA1,chr2_30147062_30156627,71.95542435,+
YTHDF3,chr12_10704148_10713210,71.92985323,+
LSM7,chr9_32974561_32985970,71.92479709,+
TRMT2A,chr21_33456097_33460412,71.9222287,-
EIF3G,chr14_23564221_23564332,71.91430258,+
SLTM,chr1_201151852_201153848,71.91009021,-
PUF60,chr1_39563922_39564422,71.90412478,+
SLTM,chr7_74716950_74718878,71.9017511,+
RBM15B,chr8_140701022_140706118,71.89628142,-
RBM42,chr12_32737942_32740063,71.89045245,+
ZC3H11A,chr2_159453801_159478574,71.88323717,+
RALY,chr2_43794643_43795886,71.87994218,+
EPHB1,chr12_31298224_31325835,71.86633485,-
MEX3C,chr20_44885886_44887647,71.86561934,-
U2AF1,chr12_96003920_96006313,71.86226981,+
SAMD4A,chr15_60385630_60386027,71.85911578,-
DNAJC17,chr12_22668700_22671271,71.85906644,-
EPHB1,chr1_234398553_234400852,71.85262689,-
PCBP1,chr11_62520391_62522551,71.84939999,+
MBNL1,chr14_69767380_69768137,71.84882265,+
TNKS,chr3_121668158_121668313,71.84534627,+
PDCD11,chr16_68346280_68352247,71.84373213,+
RAVER2,chr10_32345562_32346762,71.84116157,-
CHERP,chr4_53399839_53425871,71.84057512,+
SFMBT2,chr6_311962_345853,71.82949085,+
RBM5,chr12_55728352_55729281,71.80435866,+
TRNAU1AP,chr5_7870923_7875257,71.80118179,+
PUM2,chr12_124913320_124913548,71.78424848,+
RBM42,chr15_41349241_41351032,71.78091296,+
BFAR,chr11_66640123_66646026,71.77940719,-
RBMS2,chr1_153968639_153968929,71.76012393,+
RBM5,chr7_2222754_2229983,71.75880981,+
PPP1R9A,chr7_124863640_124892265,71.75709941,+
PDCD11,chr6_26124633_26127697,71.75631259,-
EPHB6,chr12_79806297_79807225,71.73815384,-
EWSR1,chr15_22838921_22851638,71.72206032,+
HNRNPA1,chr10_73030370_73043886,71.71096221,-
YTHDF3,chr8_42189071_42191371,71.70131973,+
TMEM63A,chr12_124912655_124912883,71.69839942,-
PNPT1,chr12_124911899_124913723,71.697513,-
RBM5,chr17_7626793_7627142,71.6960513,+
PNO1,chr7_92040898_92042667,71.68962328,+
RBM42,chr18_30994496_30996790,71.68826428,-
RBM18,chr18_36127016_36129100,71.6771636,-
PCBP1,chr7_23106146_23123776,71.67460714,+
SUPT6H,chr12_124912278_124912506,71.67237073,-
PAPSS2,chr1_114738072_114749820,71.66083942,-
RBM42,chr2_176270419_176296859,71.66012145,+
HNRNPAB,chr9_115042341_115046409,71.65744949,+
ZCCHC17,chr13_51751415_51755357,71.65636827,+
PCBP1,chr12_76450988_76487509,71.65303969,+
SAMD4A,chr19_10677310_10679096,71.65217337,+
SNRPB2,chr12_6448737_6451468,71.64972469,+
SLTM,chr1_85258722_85258934,71.63687338,+
ELAVL1,chr11_93479284_93499275,71.63646717,+
PNPT1,chr3_23917239_23917849,71.63351199,+
SRRM2,chr19_54200893_54201159,71.6325706,-
RBM47,chr17_51154444_51155650,71.62799763,-
SRRT,chr2_97164311_97167576,71.61636186,+
RNPC3,chr12_10610680_10613438,71.61600299,+
LSM4,chr1_153968639_153968929,71.61531367,+
SYNCRIP,chr1_223235100_223264629,71.60559118,+
RBMS2,chr6_33080534_33080671,71.59863365,+
SFPQ,chr12_95252071_95257149,71.58950881,+
DHX8,chr11_6480423_6481230,71.58707795,+
TROVE2,chr19_45164970_45178134,71.58290046,+
PCBP1,chr12_124912506_124913418,71.57183449,-
MBNL3,chr9_136862496_136862905,71.56749204,-
RBM34,chr1_243286397_243304712,71.56548477,+
TARDBP,chr1_85258722_85259357,71.56415802,+
MBNL1,chr7_99560695_99572244,71.54887791,+
LSM7,chr1_151307801_151315572,71.54684845,+
TNRC6A,chr5_170788668_170794230,71.53110454,-
TNRC6A,chr12_68871956_68932677,71.51357017,+
LSM7,chr15_40836282_40838542,71.5012144,+
EIF2S1,chr1_46686870_46689586,71.50080998,+
PUM2,chr2_202214434_202238439,71.49316888,-
LSM4,chr15_22845267_22851638,71.48398655,+
RBM47,chr10_68755536_68756272,71.48096041,+
ZCCHC17,chr1_53028071_53047857,71.47573403,-
DGKD,chr3_180975404_180976121,71.47375976,-
RBMS2,chr4_733789_733883,71.47342637,+
TNKS,chr11_66337889_66338720,71.46799895,+
PDCD11,chr1_222577643_222584127,71.46411717,+
CPEB4,chr20_44197739_44206880,71.46322827,+
EPHB3,chr9_33953474_33960825,71.46233956,+
SNRPF,chr1_25351693_25356792,71.45082449,-
PUM2,chr5_146164471_146168127,71.43499492,-
UNK,chr20_47298872_47310055,71.43034576,+
ZMAT5,chr14_51701159_51702511,71.42578746,+
MBNL1,chr11_35190065_35214851,71.4185998,+
TNRC6A,chr19_5901454_5903611,71.4148805,-
TRA2B,chr10_89010815_89011998,71.41476277,+
RNPC3,chr4_87441915_87449141,71.41077741,+
EIF4H,chr13_97347067_97357481,71.40467705,+
BFAR,chr10_32345562_32346762,71.39978757,-
YTHDC2,chr7_91980958_91992157,71.39781619,-
ARAP1,chr11_43444209_43448001,71.39360507,-
PUM1,chr18_9195698_9208656,71.39085028,+
PNPT1,chr20_62303781_62306196,71.38492822,-
EIF3G,chr17_28715122_28715218,71.38284567,+
PARN,chr12_71907138_71913825,71.37579885,+
TIPARP,chr1_196690239_196701317,71.37577364,-
ESRP2,chr16_67228657_67228796,71.37331772,+
TROVE2,chr4_55418164_55424537,71.36765786,+
RBM45,chr17_73209768_73227164,71.36153221,+
RC3H2,chr2_73250438_73252639,71.35614069,+
ZC3H11A,chr14_35110629_35121901,71.35319879,+
SUPT6H,chr11_62534074_62535002,71.35109578,+
PCBP1,chr10_101667980_101672914,71.34844326,+
SNRPB2,chr2_159448409_159478574,71.33435925,+
SNRPF,chr2_152677475_152679351,71.30503684,+
FMR1,chr1_150330498_150332683,71.30358377,+
YTHDF3,chr15_41371684_41377195,71.29682522,-
SNRPB2,chr15_39588218_39588958,71.29214399,-
YTHDC1,chr20_37200494_37203884,71.28486624,-
PNPT1,chr6_3263759_3267590,71.27596368,+
ARAP1,chr2_28865119_28869578,71.2732089,+
CNKSR1,chr5_102974436_102990271,71.26759463,+
RBM15B,chr1_39738931_39740164,71.25373474,+
RBM4B,chr12_124912278_124913418,71.2528291,-
YTHDC1,chr1_39738923_39740164,71.25261004,+
HNRNPM,chr17_78171054_78171738,71.25028548,-
SRRT,chr14_23567319_23567596,71.24783063,-
CPSF6,chr10_63217331_63219877,71.24363058,+
FUBP3,chr4_82829058_82842139,71.2428445,-
L3MBTL3,chr1_167773368_167787819,71.22556361,-
SFMBT2,chr10_15097766_15102217,71.21541574,+
PCBP2,chr9_137576402_137577469,71.20560439,+
PNPT1,chr18_35041661_35070194,71.20529989,+
RBMX2,chr15_22839790_22845145,71.20053751,+
YTHDF3,chr17_21198840_21214090,71.19392541,-
ZRANB2,chr11_61430182_61445940,71.17503414,+
KRR1,chr12_6652767_6652935,71.1728283,+
RBMS1,chr1_172551626_172555868,71.15183234,-
CPEB4,chr8_61643433_61644599,71.14939241,+
EIF3B,chr20_62303781_62306196,71.14041118,+
SAMD5,chr7_26197866_26200571,71.13703081,-
ARAP2,chr10_18668677_18673983,71.13034026,-
EIF3G,chr2_32039492_32039592,71.11982554,+
ZC3H13,chr6_137009492_137011273,71.11835058,+
RBMS2,chr1_51309325_51311253,71.11645636,+
PPRC1,chr15_80059809_80120327,71.11314404,+
THUMPD3,chr14_102231821_102232534,71.1086187,+
RBMS1,chr1_21721166_21721649,71.10502106,+
ESRP2,chr2_191678241_191678989,71.09881811,-
RBMS1,chr14_61744813_61746933,71.08906485,+
SAMHD1,chr5_96695907_96722638,71.08882372,-
PARN,chr1_151540426_151562090,71.07602433,+
RBM4B,chr1_223134482_223134681,71.07482758,+
RBM26,chr3_53886934_53891769,71.07271251,-
TUT1,chr3_121770574_121781742,71.07222767,-
ZC3H7A,chr9_41166830_41172711,71.06780198,-
ELAVL1,chr3_121718501_121722261,71.06775766,+
RBM14,chr2_95888120_95889798,71.06433616,-
TRMT2A,chr18_9204544_9208656,71.06236587,-
ASCC1,chr7_148832750_148846496,71.0578478,+
SFMBT2,chr17_5480144_5481100,71.05704312,+
PUM2,chr4_53399839_53414614,71.05039008,-
RBM5,chr15_49631058_49632158,71.04758809,+
ZC3H7B,chr19_12948358_12948685,71.03923441,+
ZC3H14,chr5_135346057_135350822,71.03665318,+
ZC3H13,chr6_17507312_17539268,71.03559068,+
PABPN1,chr14_21263336_21263666,71.01089109,-
ZCCHC17,chr12_124911899_124912355,70.99168016,+
MEX3D,chr11_18266296_18269194,70.98587641,-
KHDRBS3,chr10_38017386_38054374,70.97422974,+
TNRC6A,chr6_20686549_20739518,70.96180994,+
ZC3HAV1L,chr5_139294028_139314674,70.96154115,-
YTHDC1,chr2_207560372_207567462,70.95818748,+
LSM7,chr11_34978182_34984569,70.95222219,+
SRRT,chr10_63217331_63264650,70.93049884,+
PHC2,chr3_27404963_27411641,70.9250141,-
RBM12B,chr1_212618234_212619045,70.91973385,-
ZCCHC17,chr4_185630598_185646667,70.91819172,+
KHSRP,chr13_110893263_110894108,70.90824372,-
SFMBT2,chr20_62308470_62308654,70.90348776,+
PUM2,chr1_24662804_24666814,70.89803357,+
LEMD3,chr6_17507312_17539268,70.87938891,-
TTC14,chr19_38711361_38714468,70.87816669,+
PUM2,chr17_75704814_75706007,70.86822562,+
YTHDC1,chr21_33456097_33460412,70.86567473,+
A1CF,chr4_82430913_82447919,70.86320422,+
FUBP3,chr2_95888120_95889798,70.85252536,-
PCBP4,chr3_123618767_123620206,70.85247262,-
SFPQ,chr1_51669512_51714002,70.8421215,+
FXR2,chr5_75354697_75355364,70.83641272,-
ARAP2,chr6_21065228_21198020,70.8349384,-
PUM1,chr12_57720263_57720405,70.83114236,+
PAPSS2,chr4_82430913_82447919,70.83009633,-
EWSR1,chr17_21198840_21210935,70.82491213,+
YTHDC1,chr3_49278451_49280743,70.82452294,+
ZC3H11A,chr7_103341865_103344558,70.82194028,+
FXR2,chr4_105405948_105424195,70.81545,-
DNAJC17,chr19_43649143_43655438,70.81338547,+
RBMS2,chr1_28407463_28459084,70.80942119,+
CPSF4,chr1_23971623_23971849,70.77382936,-
SRRT,chr11_62761904_62762541,70.77246807,-
RNF113A,chr15_60468162_60476062,70.7693799,-
LSM6,chr1_184072298_184072826,70.76612963,+
SNRPA,chr12_52237717_52238679,70.76143966,-
MEX3D,chr18_30994372_30994453,70.74513969,+
RC3H2,chr6_56670807_56692387,70.73472828,+
EWSR1,chr8_143818534_143821596,70.72563218,-
ZC3H7A,chr5_112976986_112983973,70.72369334,+
TIA1,chr20_45420693_45424215,70.71307749,+
PPP1R9A,chr21_37157214_37159698,70.70464768,+
THUMPD3,chr17_82019381_82019857,70.70457737,+
EIF3B,chr16_634797_635280,70.69273568,+
ZC3H11A,chr6_29944634_29945058,70.68414353,+
TRNAU1AP,chr12_122511188_122514711,70.66506361,-
SETD1B,chr3_121699885_121714860,70.66496184,+
L3MBTL4,chr2_113439117_113441350,70.65698211,+
PUM1,chr2_95888120_95929071,70.65296906,-
PPP1R9A,chr8_27604392_27604923,70.64717482,-
RBM22,chr17_10705615_10706437,70.64365996,+
TMEM63A,chr18_62161385_62163530,70.63903416,+
ZC3H7A,chr3_112995265_112996891,70.62924373,+
STIM1,chr11_32583929_32589546,70.62527329,-
RBM28,chr12_26976357_26980565,70.62151724,-
NUPL2,chr21_25982477_26021839,70.60921862,-
PRR3,chr12_5160385_5169774,70.60794913,-
DDX43,chr2_30147062_30148244,70.59129299,-
RBM26,chr11_17282943_17291239,70.57071743,-
RBM33,chr11_73716362_73718784,70.56603441,+
BFAR,chr6_99414690_99416348,70.56469077,+
PAPSS2,chr16_1786655_1787676,70.55155385,-
HNRNPL,chr10_110132400_110133325,70.54593025,+
PABPC1,chr14_45096228_45096886,70.53756868,+
TRA2B,chr7_149012360_149020966,70.53699512,+
TIAL1,chr8_61619019_61633682,70.53592228,+
ELAVL1,chr7_155302846_155303824,70.53511866,-
DGKD,chr17_42951894_42953723,70.53031613,+
DNAJC17,chr12_101626910_101629433,70.50685671,-
TIA1,chr1_243186072_243186258,70.50623902,+
MSI2,chr2_26034735_26093590,70.50506299,-
TRA2B,chr2_189782602_189783013,70.5045358,+
RBM15B,chr14_73922206_73923394,70.48500543,+
ZC3H8,chr12_52052645_52054326,70.47567033,-
DGKD,chr12_331930_333486,70.46841883,-
THUMPD3,chr3_169774097_169774264,70.46497669,+
MEX3C,chr7_76048226_76057409,70.45676401,+
MSI2,chr6_20548705_20599368,70.44291593,+
RBM22,chr20_35729365_35731940,70.43748928,-
CNKSR1,chr3_121718501_121719645,70.43472541,+
LEMD3,chr14_69770042_69770466,70.41155078,+
HNRNPK,chr15_74458896_74461036,70.40903984,+
MEX3C,chr8_120425366_120443184,70.40616441,-
SSB,chr1_112705168_112707077,70.39751311,+
ZMAT5,chr13_31151191_31154632,70.3951581,-
SAMD4A,chr1_23323732_23337753,70.38132243,+
SNRPN,chr20_44197739_44206880,70.37610055,+
RBMS2,chr2_61888257_61888380,70.3600242,-
PNPT1,chr16_208188_220648,70.35113194,+
TROVE2,chr4_82829058_82830936,70.3492142,+
TNRC6A,chr15_32679915_32684556,70.34816558,+
SF1,chr3_114056864_114065236,70.33087764,+
TNKS2,chr1_39738931_39740164,70.33023652,+
IGF2BP2,chr6_24775112_24777221,70.32433628,-
TIA1,chr9_111597432_111599602,70.32388066,+
SEC23IP,chr18_59155807_59158631,70.31339683,-
TRNAU1AP,chr6_144291907_144403122,70.313205,+
ZC3HAV1L,chr12_124911971_124912883,70.29426274,-
EPHA7,chr11_57737668_57737912,70.28828622,-
SEC23IP,chr6_122633367_122717786,70.27515498,-
POLDIP3,chr3_185926734_185937824,70.25521143,+
DHX8,chr12_124912636_124913092,70.24607627,+
TRA2B,chr15_78542219_78544189,70.24052445,+
RBM26,chr1_13614405_13615904,70.2400111,-
DAZAP1,chr12_32737942_32740063,70.23313469,-
PPFIA1,chr9_35684807_35685268,70.21318974,-
ZC3H11A,chr1_156011887_156018131,70.21035752,+
MSI1,chr6_20548705_20649292,70.20606421,+
LSM6,chr22_36467917_36480574,70.19921648,-
DHX57,chr18_57620648_57621707,70.19846996,-
TRA2B,chr17_50737479_50740305,70.19567932,+
SRBD1,chr2_27444061_27444188,70.19162636,-
TMEM63A,chr19_36124363_36125450,70.18605008,+
ZC3HAV1L,chr5_131391108_131391917,70.17883182,+
RBM12B,chr19_12676142_12677290,70.16935893,-
ZC3HAV1L,chr19_1032696_1036415,70.16885219,+
U2AF1,chr9_70346649_70347065,70.16839775,+
SUPT6H,chr9_14116346_14120439,70.15131825,+
EPHB3,chr8_85219363_85220305,70.13915575,-
SART3,chr19_1106459_1106572,70.13857085,+
YTHDF3,chr10_42594699_42614281,70.13600717,+
PUM2,chr3_149059807_149060642,70.13094434,+
MEX3D,chr2_60541920_60545970,70.12996556,+
ARAP1,chr17_81845742_81860326,70.11293646,-
MKRN3,chr7_73737735_73738327,70.11141014,-
EPHB4,chr17_7241679_7241767,70.07790043,-
PUM1,chr22_35263874_35263981,70.07332233,+
YTHDF3,chr1_24660799_24661309,70.07096305,+
SNRPF,chr5_7870923_7875257,70.05824582,+
AKAP1,chr22_22304114_22306832,70.04168416,+
LARP4,chr6_75634811_75647730,70.03467534,+
CNKSR1,chr20_17970370_17988165,70.02795792,+
POLDIP3,chr12_28225861_28257201,70.02130743,+
NCBP2,chr10_96133648_96155325,70.01686456,+
MEX3C,chr19_52728831_52808006,70.01061405,+
CSTF2T,chr20_13788652_13793179,70.00493409,+
LARP7,chr18_675402_677344,70.00436431,+
ACO1,chr17_68103058_68114421,69.98922933,+
CNKSR1,chr6_126340444_126346204,69.97687533,+
PPFIA1,chr2_97187226_97187328,69.91133909,+
EIF2S1,chr3_48694240_48695089,69.88880663,+
RBMX2,chr14_39122543_39124991,69.87677641,+
UNK,chr9_87727729_87728026,69.86926599,+
MEX3A,chr9_121573_123216,69.86718261,-
NCBP2,chr12_57720263_57720405,69.85794207,+
PNPT1,chr14_45109780_45109893,69.85250739,+
SUPT6H,chr7_149012360_149020966,69.84495551,-
ANKS6,chr4_82829058_82844385,69.83799562,-
U2AF1,chr3_197854445_197865422,69.83540019,+
SRRM2,chr9_2648347_2648668,69.79930192,+
SF3B4,chr4_2932409_2932599,69.79600296,+
SLTM,chr19_4324667_4325215,69.79580891,+
CSTF2T,chr9_111666946_111669271,69.78166842,-
RBM38,chr18_3247587_3253232,69.77413084,+
PPFIA1,chr15_32679915_32684559,69.74731402,+
LARP7,chr18_74496431_74499881,69.74602056,+
DKC1,chr1_234398553_234401180,69.7361036,+
FUS,chr4_112637239_112644667,69.73012592,+
FMR1,chr5_32588584_32591568,69.72468047,-
CNKSR1,chr12_124912180_124912636,69.70921975,+
KHSRP,chr5_71604468_71626639,69.69523913,+
SAMD5,chr1_28229023_28230130,69.67920001,+
MSI1,chr8_85219363_85220305,69.66645188,-
TUT1,chr15_84655404_84657175,69.66520676,-
FMR1,chr5_163505749_163512001,69.64920682,+
SAFB2,chr9_104094838_104095323,69.64910898,+
CPEB4,chr3_197069260_197075836,69.64910302,+
RBM46,chr12_331930_333486,69.64291829,+
RBM33,chr9_68259434_68264467,69.60538557,+
YTHDC2,chr3_114380940_114389004,69.60028942,+
SAMD5,chr17_63830501_63831035,69.59569302,+
ZNF638,chr3_172133546_172226870,69.57019709,+
RBM28,chr12_6439676_6443545,69.56422268,+
SFPQ,chr6_126340444_126346204,69.56238713,+
SNRPF,chr12_4545832_4546308,69.54473432,+
G3BP2,chr1_228108318_228108436,69.53502235,+
CSTF2,chr1_167765749_167787819,69.52669047,+
PHC2,chr19_54200961_54201159,69.50742513,-
KIF24,chr8_38172033_38176274,69.50574497,-
RBM22,chr16_634797_635280,69.50287154,+
INPPL1,chr6_126340444_126346204,69.4999576,+
TLR2,chr8_89758233_89765340,69.49151978,-
DHX8,chr2_241315982_241317498,69.48085565,-
SFPQ,chr1_45591270_45602254,69.46538064,+
RBM39,chr20_35739547_35740524,69.46178044,+
SART3,chr10_61940408_62050887,69.45036176,+
DHX57,chr12_70319364_70335437,69.43890785,-
TNKS,chr9_83978452_83980118,69.4280888,+
CPEB2,chr11_35190065_35214851,69.42102504,+
CPSF4,chr22_45550615_45562911,69.41551979,+
MSI2,chr5_134374463_134376673,69.4134555,-
ZC3H11A,chr1_151017904_151018466,69.40721326,+
HNRNPA2B1,chr13_37048599_37051487,69.39109119,+
INPPL1,chr8_102829933_102833055,69.37955244,-
TTC14,chr12_122511188_122514711,69.35660894,+
ANKS1A,chr16_56939359_56939899,69.33425668,-
SAMD4A,chr6_87218731_87222769,69.32178833,-
HNRNPC,chr11_47565986_47569699,69.32173996,+
U2AF1,chr8_73030395_73032041,69.31145528,+
ZC3H7A,chr12_124913092_124913548,69.30061882,-
ZC3H7A,chr4_105146979_105233896,69.29486251,-
RBM15B,chr6_41067437_41070075,69.28524499,+
FMR1,chr4_82829058_82844385,69.27908806,-
SAMD4A,chr1_231241456_231260506,69.2757579,-
RBMX2,chr4_82424883_82425562,69.27323809,+
NUPL2,chr12_5276889_5358269,69.25582944,-
KHDRBS3,chr1_201957574_201965432,69.25465806,+
LEMD3,chr13_37571458_37577752,69.22783008,-
PARN,chr12_124911899_124913723,69.21641365,-
PUF60,chr6_26124749_26127697,69.20959455,+
RBM5,chr12_124912408_124913320,69.20806317,-
CPEB4,chr2_97194754_97194844,69.20137917,+
SRRM2,chr17_42823879_42824132,69.19095307,+
HNRNPK,chr9_92319356_92319942,69.18955121,+
LARP4,chr3_142005544_142093060,69.18751404,+
AKAP1,chr1_213000383_213005032,69.1859288,+
HNRNPA1,chr11_85628688_85631686,69.17927484,+
TNRC6A,chr2_215372015_215373321,69.17873283,-
RBM22,chr1_154261697_154266500,69.15003194,-
DHX8,chr7_87194102_87194683,69.14417347,+
RBM39,chr14_34524807_34533443,69.1332897,+
DNAJC17,chr11_502181_507112,69.13252911,+
SAMD9L,chr17_58351508_58352064,69.10643456,+
ANKHD1-EIF4EBP3,chr9_128635175_128635657,69.10567243,-
DKC1,chr9_129493595_129503322,69.10518135,+
SNRPN,chr12_124912655_124913567,69.10001002,-
PCBP2,chr12_88035738_88042824,69.06873601,+
RBM17,chr9_99218836_99221546,69.0455046,+
CPEB4,chr19_45079279_45090106,69.04491526,+
ZMAT5,chr4_168916027_168924254,69.04289825,-
CNOT4,chr13_45383235_45391031,69.01662896,+
RBM4B,chr19_9818617_9818727,68.99532008,+
HNRNPA1,chr1_155689243_155709772,68.9934505,+
CPSF7,chr12_124912655_124913339,68.98545441,+
TARDBP,chr4_82857764_82861630,68.97661493,+
SNRNP70,chr2_113457204_113460672,68.96915485,+
PABPC1,chr3_48695421_48717156,68.94324961,+
SEC23IP,chr2_27369212_27369413,68.94170796,+
RBM26,chr11_102317571_102319876,68.93288529,-
RC3H2,chr1_156137232_156138487,68.92677389,-
SFMBT2,chr1_109214128_109214546,68.90254246,+
PUM2,chr7_5741644_5752845,68.88944141,+
BFAR,chr15_32691763_32696513,68.88725081,+
LEMD3,chr1_25244224_25244453,68.85995765,+
CNOT4,chr1_154214574_154220341,68.81889889,-
EPHB3,chr1_161100859_161117951,68.81408881,-
CCAR1,chr4_67701484_67720421,68.79013474,+
PABPC4,chr14_96556413_96560648,68.7884002,+
SFMBT2,chr1_151027327_151033805,68.77621744,+
KHDRBS1,chr4_107670863_107682014,68.76629518,-
RBM45,chr16_68346280_68347210,68.71709395,+
PUF60,chr12_88040265_88042824,68.71538216,+
TNKS,chr12_6724818_6728222,68.71180338,-
UPF1,chr7_76005404_76021850,68.71082082,-
RBM10,chr17_82054975_82055164,68.70147873,+
RBM26,chr2_200856985_200857972,68.69912836,-
ZC3H7B,chr2_9406905_9407448,68.69886383,-
PUM2,chr1_108692867_108693589,68.69502497,-
ZGPAT,chr2_231711983_231712803,68.69071916,-
SFMBT2,chr5_132271466_132272024,68.68334152,+
U2AF2,chr19_35631405_35633097,68.68183621,-
ZC3H3,chr5_7873526_7875257,68.6795188,-
TNKS,chr8_89758233_89765340,68.67403011,+
ZC3H18,chr12_27022621_27027346,68.67147196,-
UPF1,chr10_68338642_68339139,68.67135044,-
U2AF1,chr5_34913578_34914694,68.64662855,+
U2AF1,chr6_85536924_85541984,68.6186071,+
SRRM2,chr8_22589741_22593732,68.61163942,+
ANKS1A,chr20_33994131_34072065,68.60853018,+
SUPT6H,chr11_16744684_16752784,68.60630322,-
SNRPA,chr10_5429229_5451829,68.60443362,+
SF3B4,chr19_41433673_41436391,68.60330139,+
TIAL1,chr1_222633249_222645553,68.57895024,+
DUS3L,chr5_86618053_86619352,68.56780509,-
ACO1,chr2_218217254_218225919,68.56206766,-
MKRN1,chr10_68754077_68754678,68.54089414,-
SNRNP70,chr17_5480144_5481100,68.53644907,-
TIA1,chr6_41090309_41091527,68.53194536,+
SNRPA,chr3_10301147_10304025,68.52559365,+
RC3H2,chr12_124911899_124913495,68.52189691,-
TMEM63A,chr18_26035127_26035830,68.51957186,-
CPSF6,chr12_42326229_42332659,68.51255094,+
FXR1,chr8_140890769_141001124,68.49593305,-
EPHA2,chr6_167864746_167870385,68.49398419,+
RAVER1,chr2_232556530_232564246,68.47037411,-
RBM17,chr17_78171054_78171738,68.46681596,-
RC3H2,chr17_75229131_75231339,68.4592701,+
ACO1,chr4_168916027_168924254,68.44948013,+
ZC3H18,chr4_87980126_87981474,68.44243737,-
RBM38,chr11_34651610_34656910,68.43971444,-
NUPL2,chr19_38632496_38634992,68.4229467,+
SRRM2,chr4_2932512_2932599,68.41164201,+
RBM46,chr1_151293462_151294017,68.37980553,-
RC3H2,chr14_61744813_61746933,68.37672447,-
TNKS,chr1_182388750_182391174,68.35870318,-
HNRNPF,chr16_208188_220648,68.35808131,+
TRA2B,chr7_105014535_105038125,68.35739972,+
SCMH1,chr1_51296170_51297790,68.34685224,-
EPHB1,chr4_53428183_53442652,68.34046418,-
PPFIBP2,chr12_57720263_57720405,68.33462484,-
SF3B4,chr4_82829058_82842184,68.32756864,+
ANKS1A,chr22_40552367_40636477,68.32737126,+
TIA1,chr12_14425473_14434339,68.32689634,+
UHMK1,chr1_173938871_173941264,68.32433518,+
KHDRBS3,chr12_15957033_15959828,68.31417542,+
DKC1,chr1_24464120_24468985,68.3136603,+
EPHB1,chr2_11773745_11776085,68.3034739,-
ZC3H7A,chr12_31117480_31121138,68.28916764,-
RBM39,chr19_40365930_40366418,68.26105809,+
TIA1,chr12_48655060_48660467,68.25675979,+
DDHD2,chr19_18900449_18904770,68.24429157,-
FMR1,chr1_228108318_228109148,68.24378911,+
ZNF74,chr6_20649377_20739518,68.23255794,-
RBM17,chr1_167773368_167787819,68.21339352,+
TRA2B,chr4_13368650_13376544,68.18724556,+
DDHD2,chr1_94901785_94903121,68.18603541,+
UNK,chr9_14179780_14307213,68.18164662,+
STIM1,chr1_107642755_107688380,68.16016274,-
EIF2S1,chr2_206765654_206766643,68.14446196,+
RC3H2,chr7_21908507_21916753,68.13895929,-
ZGPAT,chr2_95888120_95923494,68.10418841,+
MSI2,chr5_272772_311292,68.10090736,+
EWSR1,chr1_207767195_207770320,68.09917533,+
UHMK1,chr3_25719635_25729132,68.08495125,+
PARP10,chr8_73978861_73981154,68.07705222,-
PUF60,chr6_41090309_41091545,68.06896491,+
ZC3H18,chr4_82829058_82842139,68.06566138,+
ANKS1A,chr2_85398152_85399135,68.05607519,+
U2AF1,chr10_68901471_68906710,68.05593194,+
CPEB2,chr1_228141288_228145510,68.04501736,-
LEMD3,chr5_96740118_96741265,68.04490377,+
SSB,chr1_85258722_85258934,68.0411563,+
SRRM2,chr18_23473483_23474947,68.0374829,+
TAF15,chr12_22060926_22062280,68.03369617,+
G3BP1,chr2_177234271_177264531,68.01742061,+
TNKS2,chr6_137009492_137016967,68.01593137,+
RBM28,chr9_112694233_112717986,68.01568957,+
SAFB2,chr6_26124749_26127697,68.00755444,+
SRRM2,chr2_97181626_97204190,68.00460493,+
KHSRP,chr12_124911822_124912962,67.99889271,-
RAVER1,chr13_37571458_37577752,67.97538037,-
STIM2,chr12_12357118_12361205,67.96737316,-
KHDRBS3,chr12_109088512_109090008,67.95735492,+
PPFIA1,chr12_28225861_28257201,67.95664554,+
SEC23IP,chr19_10177367_10180186,67.9535591,+
TIA1,chr14_55673012_55675834,67.95034678,+
ANKS6,chr1_24647208_24648858,67.9285064,-
RBM5,chr21_25897673_25911740,67.91063119,+
SLTM,chr12_124911822_124912506,67.88827841,-
RBM12B,chr14_105474905_105478449,67.8776169,-
KHSRP,chr3_141974194_141978519,67.86509126,+
TIPARP,chr11_47731561_47732116,67.84729908,+
ASCC1,chr18_63981838_63983578,67.83858084,-
ACO1,chr2_85398152_85399135,67.82344115,-
SART3,chr12_120571291_120575630,67.81824634,+
DUS3L,chr12_56639307_56642457,67.81531261,+
CIRBP,chr2_215379317_215382211,67.80528201,-
ASCC1,chr2_177234271_177264531,67.80251982,-
MKRN3,chr12_28190641_28305648,67.7791728,-
TUT1,chr9_99221137_99221546,67.76833558,-
SART3,chr10_5429229_5451829,67.76512118,-
ZRANB2,chr10_26755741_26759061,67.74841117,-
ARAP2,chr15_85658590_85664562,67.74657529,+
LARP7,chr9_136862496_136862905,67.73587113,+
RBM4B,chr1_32226320_32228498,67.72818039,+
PTBP1,chr5_272772_314416,67.7268262,+
ACO1,chr8_140701022_140706118,67.71966967,-
MATR3,chr5_7870923_7875257,67.71128488,+
IGF2BP2,chr1_151240039_151242122,67.70683305,-
DAZAP1,chr17_41983636_41987594,67.70069226,+
CHERP,chr16_66552793_66558189,67.68496856,-
TNKS2,chr11_2402147_2402293,67.68297168,-
EPHA1,chr18_59225734_59230403,67.65440227,-
FMR1,chr12_6652770_6652935,67.64590555,+
SUPT6H,chr11_43444209_43448001,67.64344093,+
PCBP4,chr6_105323111_105323664,67.62994236,+
DAZAP1,chr21_29008307_29008394,67.62445336,+
TRNAU1AP,chr18_675402_683245,67.59285107,+
RBM10,chr1_231241456_231260506,67.59006656,-
SEC23IP,chr17_73212740_73227164,67.58872742,+
MEX3D,chr8_119580167_119582429,67.58134289,+
TNKS,chr11_118786518_118791097,67.57287538,+
NUPL2,chr19_18900449_18904770,67.56146622,-
TUT1,chr22_36517493_36518762,67.51942176,+
CPSF7,chr19_52374427_52379420,67.51009874,+
RC3H2,chr7_116210734_116249019,67.50969441,-
RBM26,chr1_193059776_193075819,67.50831343,+
PCBP1,chr1_39480009_39484600,67.5023586,+
SYNJ1,chr10_103111805_103139405,67.49219866,+
PCBP2,chr4_75981545_75981932,67.4737463,+
NUPL2,chr1_200650676_200659026,67.46417644,+
RBM26,chr3_16260829_16264768,67.45486791,+
A1CF,chr10_124762558_124765391,67.45205662,-
CHERP,chr17_41525273_41527920,67.44430381,-
ARAP2,chr1_19978484_19978733,67.42221496,-
ZC3H7A,chr12_6448737_6450892,67.41634839,-
SCMH1,chr4_185690611_185775226,67.41355213,+
ZC3H7A,chr3_149059807_149060642,67.41266737,+
NUPL2,chr3_48927813_48961611,67.40556756,+
RBM25,chr8_53801896_53814661,67.40282595,+
ASCC1,chr9_111597432_111599338,67.40072651,+
ANKS1B,chr6_56670807_56699652,67.40002203,+
BFAR,chr3_28241812_28263290,67.3848267,+
DHX57,chr9_121326792_121327307,67.34332572,-
ANKS1B,chr20_17970370_17988165,67.33705658,-
INPPL1,chr1_193069634_193070553,67.33293056,-
HNRNPL,chr6_99414690_99425214,67.30520594,+
CPEB2,chr13_37047936_37048563,67.30087401,+
TNKS2,chr2_38749346_38749528,67.29891872,-
UHMK1,chr1_228108321_228108436,67.29189626,+
HNRNPK,chr2_134946146_134947735,67.27919524,+
ESRP2,chr1_111137586_111140037,67.26855492,-
CHERP,chr1_154212624_154214456,67.25570324,-
HNRNPA0,chr2_27774530_27779432,67.25317569,+
ANKS1B,chr12_6566336_6566528,67.24824076,-
SSB,chr15_79889354_79896871,67.2381448,+
RBM34,chr12_32737161_32738263,67.23028932,+
SEC23IP,chr2_95888120_95935453,67.22911231,-
RBM33,chr12_124911971_124912883,67.21759527,-
NUPL2,chr11_64318386_64320864,67.21701312,+
EIF4B,chr12_32738296_32740063,67.19500792,+
SEC23IP,chr1_234398553_234401180,67.16763566,+
RBM26,chr18_9195698_9208656,67.16657534,-
PCBP2,chr9_137576167_137577469,67.16336041,+
EPHB3,chr17_3723383_3723687,67.16149295,-
INPPL1,chr7_149006056_149008158,67.14316811,-
ZFP36L1,chr10_89010600_89011998,67.1417821,-
DGKD,chr8_70598252_70600018,67.13539493,-
DHX57,chr4_82857764_82862533,67.11029798,-
CPEB4,chr6_144331018_144403122,67.11003586,-
RBMX2,chr1_107642755_107688380,67.0963857,-
CNKSR3,chr19_52374427_52379420,67.07328251,-
HNRNPF,chr2_200860215_200861237,67.07130973,-
RBM15B,chr6_24714354_24716245,67.05289358,-
IGF2BP2,chr8_27604392_27604923,67.05007351,-
G3BP2,chr16_635340_635611,67.0468027,+
RBM33,chr7_103304490_103308951,67.03656076,-
BFAR,chr9_83974589_83975461,67.01912318,+
EIF2S1,chr4_82829058_82830936,67.0189826,+
PPRC1,chr10_32345562_32346762,67.01853022,+
G3BP2,chr12_51049185_51052091,66.99546281,+
ACO1,chr11_64318386_64320660,66.99509618,-
PABPC1,chr19_16654125_16659394,66.98544848,+
RBM10,chr12_124911899_124912127,66.97572484,+
SNRNP35,chr11_62885608_62888330,66.97295986,+
EPHB3,chr17_50737479_50740305,66.96893383,-
HNRNPA1,chr1_39480009_39484600,66.948075,+
PPFIBP2,chr19_35116359_35119167,66.94549562,-
PCBP2,chr20_49279208_49289044,66.94314435,+
CIRBP,chr1_109659110_109665010,66.93991913,+
SETD1A,chr1_193060222_193075819,66.93843552,-
SFMBT2,chr7_123551576_123557403,66.91949426,-
CSTF2T,chr1_179852811_179877238,66.91169947,+
ZC3H3,chr19_10679927_10681018,66.90796332,-
SEC23IP,chr8_120425366_120443184,66.89348362,+
GRSF1,chr3_108047292_108057476,66.89057759,-
TRA2B,chr20_35280118_35284175,66.87787982,+
ZGPAT,chr9_14179780_14180658,66.87181762,-
DAZAP1,chr12_101626910_101629433,66.87153507,-
ACO1,chr2_73927052_73938909,66.85592713,+
TARDBP,chr16_89873859_89883350,66.8558928,+
CPSF6,chr12_53467843_53468776,66.84684142,+
CHERP,chr9_14113081_14116207,66.84472533,+
SRBD1,chr20_20026919_20033101,66.84356853,-
NUPL2,chr4_184638468_184648464,66.82464782,+
ELAVL1,chr4_76082535_76097643,66.82017517,+
RBM15B,chr11_73716362_73718784,66.80948837,+
FUS,chr4_82430913_82447919,66.80521479,+
EIF4B,chr4_53391139_53399729,66.77864844,+
SFMBT2,chr2_73927052_73958145,66.77453667,+
SCMH1,chr11_35190065_35208104,66.77353819,+
SAMD4A,chr10_3782214_3783215,66.77311522,-
DDX43,chr6_87245644_87254649,66.76805965,+
TRNAU1AP,chr1_32224475_32228498,66.76617877,-
CPSF7,chr7_27816394_27816889,66.7656381,+
PAPSS2,chr10_37165155_37189466,66.76307701,+
DAZAP1,chr10_8058841_8063995,66.75612096,+
ZC3H7A,chr10_73030370_73044980,66.75577629,-
ACO1,chr19_19202398_19202790,66.75202742,+
DGKH,chr2_241315610_241324215,66.74365998,-
PARN,chr6_44223641_44227262,66.71841823,+
NONO,chr3_142005544_142028578,66.69721497,+
CPEB2,chr2_38748653_38749239,66.69143548,-
SNRNP35,chr15_72200655_72203021,66.62425809,-
EPHB6,chr3_134358719_134359282,66.61765877,-
G3BP1,chr1_25243633_25245149,66.59162475,+
SFPQ,chr3_114714015_114801100,66.58992241,+
TIPARP,chr1_179852811_179877238,66.58390548,+
ZMAT5,chr1_155709824_155721516,66.5767455,-
DUS3L,chr14_91870385_91873496,66.56600253,-
SF3B4,chr16_89873859_89883350,66.55065803,+
QKI,chr11_75562319_75566315,66.54823734,+
PABPC1,chr8_81715114_81718181,66.54340104,+
ZC3H18,chr4_87980126_87981474,66.5392309,-
SRRM2,chr10_73043957_73046924,66.53604762,+
NCBP2,chr16_227336_229278,66.52729093,+
PCBP2,chr10_68337333_68338502,66.52364108,+
SCMH1,chr8_67059445_67062105,66.51237869,-
RBMX2,chr1_155260659_155262085,66.4916874,-
RBM12B,chr8_94674494_94678202,66.4856712,-
POLDIP3,chr7_2379511_2380278,66.48206666,-
UHMK1,chr7_87194828_87195030,66.48085316,+
SRRM2,chr20_17988298_17989938,66.47851324,+
ZC3H3,chr4_82881940_82891087,66.47644627,+
HNRNPA1,chr11_85628688_85631686,66.47277601,+
LENG9,chr1_228140363_228141123,66.46934136,+
GRSF1,chr15_66495419_66497641,66.46361013,+
EIF2S1,chr18_58335537_58341037,66.45135765,+
PAPSS2,chr9_37588932_37592309,66.4365088,+
RBM34,chr12_95252071_95257149,66.42901342,+
SARM1,chr14_58291707_58297954,66.42524141,+
RNF113A,chr9_41166830_41172711,66.42412941,-
TRA2B,chr5_43529879_43534852,66.39581811,+
MCM3AP,chr15_101650161_101652270,66.38917369,-
FMR1,chr4_39774933_39778359,66.37761,-
RBM39,chr9_35684550_35685063,66.36012297,+
SF1,chr1_39563741_39564422,66.35639166,+
MEX3C,chr15_42218375_42219580,66.34910025,-
RBM46,chr5_103019843_103028181,66.33969943,-
MKRN3,chr12_121903107_121915858,66.32722016,+
MKRN1,chr16_31092866_31093311,66.32594584,+
RBM33,chr1_51756358_51760689,66.3117453,-
SSB,chr6_26127761_26138053,66.30253942,+
TRNAU1AP,chr18_36781922_36798448,66.29127437,+
RBM26,chr12_124912408_124912864,66.29039838,-
ZNF74,chr12_124912180_124913320,66.28970599,-
SETD1B,chr12_28255662_28257201,66.26212873,-
MSI2,chr16_75641723_75644282,66.25131142,+
FUBP3,chr2_119317503_119321153,66.23050854,+
RBM17,chr2_9406905_9408112,66.2267324,+
TIA1,chr2_200877037_200881420,66.21985808,+
TRA2B,chr1_153638448_153642242,66.21266892,+
SFMBT2,chr11_32588732_32589546,66.17630376,+
SNRPA,chr1_109659110_109661164,66.17412305,+
RBM39,chr17_42348517_42388278,66.16285345,+
HNRNPA2B1,chr5_66153596_66159218,66.13904605,+
ZGPAT,chr8_73959818_73972244,66.13289748,+
L3MBTL4,chr2_97558994_97584943,66.1276352,-
ARAP2,chr1_186301711_186304107,66.12156899,-
UNK,chr10_26751783_26765217,66.11409865,+
PABPC1,chr12_70332846_70335437,66.11177837,+
PCBP2,chr1_53228954_53233541,66.10448077,+
ZRANB2,chr17_21198840_21210935,66.10390151,+
SAMD4A,chr17_21629193_21632652,66.10360856,+
MKRN1,chr20_5109445_5112742,66.09648261,-
CHERP,chr1_234398553_234401180,66.08193931,-
FUBP3,chr22_42893613_43015020,66.08089045,-
HNRNPK,chr11_61438113_61445940,66.06575337,+
TRA2A,chr6_10749698_10755141,66.01953809,-
FMR1,chr1_156115274_156134402,66.01141708,-
PUF60,chr7_105118022_105126247,66.00658016,+
CPSF7,chr18_50273863_50274976,65.98710801,+
SRRM2,chr8_119572250_119580115,65.97706488,-
ZNF74,chr17_67344812_67345744,65.96579719,+
MSI2,chr12_124913092_124913548,65.95543475,-
MKRN1,chr2_24315224_24328051,65.94232772,+
POLDIP3,chr12_28190641_28257201,65.91049402,+
MEX3D,chr5_43123310_43161248,65.90250132,+
DUS3L,chr11_125102317_125102733,65.89992143,+
BFAR,chr2_42697834_42704193,65.86498146,-
HNRNPK,chr20_49280964_49289044,65.85785182,+
SNRPF,chr18_697355_706469,65.85221903,+
TRMT2A,chr11_62520391_62521783,65.83495755,+
CPSF7,chr7_75879260_75881828,65.82036681,-
MEX3A,chr12_124913339_124913567,65.81854406,+
SFPQ,chr1_53233652_53235576,65.81026024,+
PUM2,chr1_179865854_179877238,65.80463847,+
RBM33,chr7_66573550_66592256,65.79768881,+
CPSF6,chr1_168004793_168038370,65.79667987,-
INPPL1,chr13_45340184_45341041,65.7922362,+
STIM1,chr16_19418092_19430412,65.77573118,-
ACO1,chr1_224317930_224330070,65.76845074,+
ARAP2,chr4_55418164_55424537,65.73830234,-
RAVER1,chr6_31860178_31860438,65.73179116,-
STIM1,chr8_94696961_94705924,65.72450558,-
SAMD4A,chr1_111449873_111456085,65.71253561,-
ASCC1,chr15_78542219_78544189,65.71248167,-
DKC1,chr1_32634110_32634767,65.66813993,+
HNRNPC,chr16_75641723_75644282,65.66482853,+
IGF2BP2,chr7_101218217_101222603,65.65060868,-
EPHB3,chr12_124911971_124913567,65.63471151,-
CPEB3,chr4_185678822_185775226,65.61124305,-
EPHA4,chr4_53399839_53425871,65.6042368,-
CPEB4,chr16_3067415_3067553,65.60348256,+
RBM39,chr17_42348539_42388278,65.5696831,+
U2AF2,chr19_10682704_10683136,65.56510003,-
CHERP,chr2_97154741_97158106,65.56218983,-
FMR1,chr11_2402147_2402293,65.55836874,-
ELAVL1,chr4_82426129_82427189,65.54803382,-
SRBD1,chr13_45340184_45341041,65.52247366,-
PCBP2,chr9_72360787_72364695,65.50265122,+
NCBP2,chr2_159395834_159397344,65.50205293,+
CIRBP,chr8_33503935_33507228,65.49464995,+
EPHA4,chr5_146164471_146168127,65.48895458,-
NUPL2,chr20_16730164_16731667,65.47887913,-
KHSRP,chr1_154219937_154220418,65.45895742,-
RBM25,chr1_228108318_228109148,65.44507458,-
PHC2,chr18_55229076_55232508,65.4274803,-
SCMH1,chr17_8460160_8466929,65.42277691,-
RBM22,chr16_634797_635280,65.39077172,+
NONO,chr11_13421838_13463091,65.37336602,+
SYNJ1,chr12_124911899_124912355,65.36309443,+
UHMK1,chr20_59036760_59038465,65.34663819,-
BFAR,chr12_124911822_124912506,65.33563339,+
TRNAU1AP,chr4_185678822_185775226,65.33512758,-
TRMT2A,chr7_73687095_73692595,65.31828578,-
SNRPF,chr7_852667_852812,65.28454531,+
CPEB4,chr1_94901785_94903121,65.27741565,+
G3BP1,chr4_53391139_53399729,65.2661796,+
HNRNPA0,chr1_234398553_234401180,65.25674267,+
G3BP1,chr4_82829058_82842139,65.2552394,+
SSB,chr14_64924126_64926009,65.25065185,+
NCBP2,chr10_26751783_26765217,65.23933318,+
U2AF1,chr2_63841232_63856305,65.23912377,+
EIF4B,chr3_100310542_100316098,65.23501934,+
NUFIP1,chr16_53208347_53209481,65.23384321,-
CHERP,chr8_89981523_89981952,65.21913101,-
TIA1,chr19_49981013_49988371,65.20849912,+
RBM34,chr9_122285287_122291748,65.18027012,+
SCMH1,chr12_31298224_31304981,65.16987712,-
TNKS,chr13_37048599_37051487,65.16270258,+
TDRKH,chr7_66573550_66592256,65.16131148,+
KHSRP,chr2_42697834_42704193,65.15886761,+
PABPC1L,chr18_26035923_26038554,65.15577531,-
HNRNPA2B1,chr1_32634072_32634767,65.14706912,+
RNF113A,chr10_6226365_6232894,65.14504511,-
AKAP1,chr12_52428743_52449468,65.14195218,-
PABPC1,chr17_78171054_78171738,65.13598775,-
TUT1,chr7_21908507_21916753,65.12616868,-
SETD1A,chr14_21018400_21018762,65.11924683,-
TNKS,chr2_61017851_61018183,65.11705389,-
PABPC1,chr4_119494523_119497810,65.11215491,+
POLDIP3,chr17_42316851_42317181,65.103755,-
CPEB2,chr20_16730164_16731667,65.09239062,-
CPSF7,chr22_40364365_40366435,65.06632936,+
TRNAU1AP,chr11_66337889_66338720,65.06475287,+
ZCCHC14,chr6_10749698_10770076,65.05340807,-
PABPC1,chr14_23960003_23967210,65.03926591,+
SFPQ,chr2_27312772_27322447,65.02933898,+
RBM46,chr12_15111417_15217428,65.02796274,-
RBM46,chr5_134374463_134376673,65.02777906,-
RBM17,chr1_71065137_71066775,65.02396078,+
ZC3H8,chr13_27430621_27432730,65.01929334,-
PABPC3,chr1_155717128_155725381,65.01493677,-
A1CF,chr6_56620715_56624529,64.99225202,+
RBM10,chr13_19709599_19730238,64.98846182,+
RBM15B,chr15_40836282_40844178,64.98304714,-
U2AF1,chr10_122998671_123007025,64.98013701,+
MKRN1,chr19_45164970_45165126,64.97570822,+
CPSF7,chr7_91980333_91992884,64.94671158,-
PABPC4,chr20_284081_290258,64.93907883,+
RBM24,chr7_140345970_140348625,64.93744168,-
SNRNP35,chr2_85398152_85399135,64.9237668,-
SCMH1,chr7_26206510_26208465,64.91956337,+
TNKS2,chr3_157151930_157152176,64.90781594,+
UNK,chr6_135492291_135497187,64.90628963,+
SNRPF,chr8_140890769_141001124,64.89702958,+
STIM2,chr1_167773368_167787819,64.85832627,-
U2AF1,chr20_59036760_59037190,64.85195848,+
RBM25,chr17_67959875_67964211,64.85178599,-
PABPC1L,chr17_81933376_81934652,64.84324576,-
ACO1,chr1_161072885_161073719,64.83401806,-
DGKD,chr12_14884245_14905108,64.80606137,-
ANKS3,chr9_41166830_41172711,64.79108876,-
CSTF2T,chr1_173864304_173864674,64.78896173,+
FMR1,chr4_39774933_39778359,64.78528907,-
RBM25,chr4_73135265_73139530,64.77350468,+
EPHA2,chr1_160224549_160225590,64.76871601,-
TARDBP,chr12_108564155_108564278,64.76488938,+
CSTF2,chr22_19468003_19479082,64.76249508,+
BFAR,chr11_18266443_18266883,64.76051612,-
MSI2,chr2_95938901_95938986,64.74448454,+
CHERP,chr19_5896997_5901334,64.73354507,+
SETD1B,chr2_237627740_237708543,64.72387894,-
RNF113A,chr12_26231119_26231922,64.7190467,-
PABPC1,chr14_35046628_35053277,64.71816366,+
SSB,chr5_66153596_66159218,64.67035897,+
RBM38,chr2_60519167_60545970,64.66864576,-
ZMAT5,chr16_66552793_66558189,64.6623462,-
EIF2S1,chr15_64081151_64088686,64.65579341,+
HNRNPA0,chr12_120566980_120575630,64.61329876,+
FMR1,chr22_29767607_29769677,64.60025314,-
HNRNPF,chr5_138157267_138160068,64.59925388,+
EPHA2,chr7_74065732_74065943,64.59015196,+
MKRN1,chr5_146509245_146510066,64.56423546,+
EPHA2,chr10_63264764_63380317,64.55491287,-
QKI,chr14_49602468_49607399,64.54479335,+
RBM38,chr20_44885886_44887647,64.53247047,-
RNF113A,chr1_154988849_154990158,64.52259191,-
PPRC1,chr3_185926734_185931576,64.52135352,+
INPPL1,chr12_124912636_124913548,64.50877495,+
EPHA2,chr19_35742619_35743808,64.50874237,-
LARP7,chr11_47565986_47571470,64.50486219,+
KHSRP,chr11_11842224_11884466,64.47559671,-
ACO1,chr1_234398553_234400852,64.47345101,-
SF1,chr5_75355214_75355364,64.46268692,+
CCAR1,chr20_47298872_47310055,64.46096191,+
SF3B4,chr20_49279208_49289044,64.45849298,+
RBM39,chr13_50949505_50969931,64.4044186,+
CNKSR3,chr3_138187599_138221925,64.40144155,+
ZFR2,chr5_103019843_103025130,64.37978304,+
UNK,chr11_47424711_47425118,64.35037177,-
FMR1,chr8_15748465_15764202,64.33821841,+
RBM38,chr2_113931396_113934157,64.31889663,-
UHMK1,chr3_53292827_53312240,64.30903575,-
UHMK1,chr7_99409245_99410033,64.29657126,+
SCMH1,chr2_203016435_203016598,64.28106192,+
NONO,chr1_162590511_162597791,64.27789446,-
PCBP2,chr12_53467293_53468776,64.26364213,+
ZC3H8,chr1_52906611_52907867,64.26336984,-
SETD1A,chr2_73927052_73958145,64.25952126,-
RBM25,chr11_72111286_72111411,64.25421735,+
RBM15B,chr15_42258990_42260957,64.2390376,-
ZC3H3,chr11_66284966_66285700,64.23518322,-
PNPT1,chr20_43458509_43459770,64.23173073,+
TNKS2,chr4_26362628_26386352,64.22404028,+
LEMD3,chr1_200650676_200659026,64.21821829,+
PUF60,chr19_40348768_40365552,64.1844849,+
RAVER1,chr20_38421098_38422086,64.17650432,+
HNRNPA2B1,chr12_22457161_22458483,64.16290186,+
EIF4B,chr3_28263380_28316332,64.15705575,+
SCMH1,chr8_89981523_89981952,64.15116389,-
RBM39,chr5_138163344_138164319,64.14862856,+
TNKS,chr14_94612539_94614433,64.1330973,-
GRSF1,chr8_73978861_73981154,64.10179468,+
PCBP2,chr2_134939062_134946100,64.09855752,+
SCML1,chr1_36140166_36149091,64.09412812,-
SF3B4,chr1_224308263_224317693,64.09270007,+
CSTF2T,chr14_102086378_102101874,64.08344482,-
PAPSS2,chr2_169799516_169800951,64.08133293,-
PPIL4,chr6_167013567_167022408,64.07847921,+
FUS,chr12_95256622_95257149,64.06500287,+
CPEB4,chr1_51750195_51760689,64.05861247,-
CPSF6,chr2_191678705_191678989,64.05263094,+
CSTF2T,chr12_28225861_28257201,64.04799986,-
SNRPA,chr2_28852499_28869578,64.04453787,+
IGF2BP2,chr16_635774_636093,64.03508552,-
SFPQ,chr18_22933564_22936753,64.03046238,+
PTBP1,chr6_90536401_90547257,64.02842729,+
SCMH1,chr22_31528863_31546860,64.02248466,+
SETD1A,chr10_5429229_5451829,64.00242046,+
SARM1,chr12_6566336_6566528,63.98842295,-
ZFR2,chr17_42951894_42954875,63.98770468,-
RBM15,chr17_82019381_82019857,63.95264046,-
ARAP2,chr6_128409332_128520258,63.92680701,-
GRSF1,chr15_58899937_58901259,63.92267668,+
PNPT1,chr22_35781743_35809779,63.91210734,+
CPSF7,chr1_174957549_174969276,63.88593002,-
U2AF2,chr1_74706994_74710097,63.88319371,+
PCBP1,chr13_97347067_97357481,63.84658515,+
CSTF2T,chr19_36006671_36006749,63.83888494,+
ZC3H8,chr1_243286397_243304712,63.82529839,+
CPEB4,chr12_122519029_122520503,63.82363498,+
TDRKH,chr19_38309643_38315859,63.80392339,+
DGKH,chr6_99414690_99416348,63.8036745,-
MCM3AP,chr12_329029_331793,63.80134735,-
SETD1A,chr1_151027327_151033805,63.80116887,-
HNRNPM,chr10_26751783_26755654,63.80018501,-
KHSRP,chr19_54206462_54206552,63.79781817,-
PHC2,chr12_53601021_53626278,63.79354018,-
TARDBP,chr20_38421098_38426418,63.77468028,+
SF1,chr3_16260829_16264768,63.77467201,-
GRSF1,chr1_2393355_2395783,63.76506996,+
HNRNPA1,chr19_16631724_16647095,63.7415221,+
CSTF2,chr7_99409245_99410033,63.72945621,-
IGF2BP2,chr1_109214128_109214546,63.72847187,-
RBM45,chr3_146525647_146533469,63.71745853,-
A1CF,chr19_45079279_45090106,63.7029016,+
TARDBP,chr11_134248484_134249166,63.69265049,+
RBM45,chr9_32974561_32985970,63.69006442,+
AKAP1,chr6_158637894_158644681,63.67706146,-
U2AF2,chr20_38447623_38448661,63.66541092,+
MATR3,chr12_57719182_57720405,63.66401362,+
RBM25,chr3_42553448_42555929,63.65298075,+
SARM1,chr1_53233652_53235576,63.65120475,+
SNRPF,chr12_109458078_109460635,63.65094018,+
SPEN,chr10_89010600_89011998,63.58652398,-
U2AF1,chr17_5422829_5425970,63.57555448,+
PCBP2,chr6_99414690_99416348,63.57486013,+
FXR1,chr8_17940158_17947185,63.55365592,+
ZRANB2,chr1_228140363_228141123,63.54530601,+
NUFIP1,chr1_186411893_186417543,63.51420846,-
ZNF74,chr6_125292909_125300537,63.49890818,-
PUF60,chr9_89332986_89334521,63.48844451,+
PABPC1,chr14_100369258_100375282,63.47001176,+
MSI2,chr12_68871956_68932677,63.46992542,+
QKI,chr10_63217331_63264650,63.41832274,+
KHDRBS3,chr22_31528863_31531057,63.41422044,-
CPEB4,chr7_95406272_95406986,63.35852904,-
SFPQ,chr7_105126340_105126992,63.35794211,+
ZC3H7B,chr9_35684807_35685268,63.31858177,-
MATR3,chr2_271939_272191,63.31748725,+
ANKHD1-EIF4EBP3,chr1_153990802_153990913,63.30394319,+
IGF2BP2,chr6_126340444_126346204,63.27109252,+
PABPC3,chr2_66568756_66571245,63.25872238,+
RBM39,chr7_27816394_27816889,63.25142061,+
RBM17,chr6_107040230_107040380,63.24086191,+
SETD1A,chr6_31954877_31955058,63.2373702,-
HNRNPA1,chr3_11602022_11702970,63.23650045,-
HNRNPM,chr5_135353045_135360496,63.23227258,+
NONO,chr5_43555999_43556581,63.22400597,-
TNKS2,chr11_134252916_134253226,63.22238942,+
CCAR1,chr10_110132400_110133325,63.22094794,+
DKC1,chr5_66153596_66159218,63.20296101,+
PUM1,chr14_23563282_23563379,63.18406595,+
EPHB1,chr12_14885850_14910757,63.17392793,-
CPSF6,chr20_35021332_35035122,63.16854612,+
SFPQ,chr5_66153596_66159218,63.15730849,+
LENG9,chr7_22976305_22976692,63.15187913,-
ZC3H18,chr20_34090602_34096656,63.15089583,+
TNKS2,chr17_41983636_41987594,63.15051815,+
ZNF74,chr12_10610680_10613438,63.13911263,+
G3BP1,chr1_207767195_207770320,63.10329046,+
DDX43,chr19_8882366_8888715,63.07600953,-
TNKS2,chr6_137009492_137011273,63.07430808,+
TRMT2A,chr18_35005553_35070194,63.06512168,-
SYNJ1,chr1_168004793_168038370,63.06269657,-
SRBD1,chr20_17970370_17988165,63.04981807,-
CSTF2,chr14_102086378_102101874,63.00579858,-
ANKS1A,chr22_35263874_35263981,62.99996588,-
DUS3L,chr6_31639226_31639499,62.99418869,-
ARAP2,chr1_174957549_174969276,62.99178248,-
DDX43,chr11_65713058_65713592,62.95881957,+
FXR1,chr6_44223641_44227262,62.95682862,+
PARP12,chr1_53852270_53860055,62.94364971,-
KHSRP,chr7_99415266_99416137,62.94343378,+
G3BP2,chr15_22839790_22851638,62.9362443,+
ASCC1,chr18_79977701_79988239,62.93264284,+
PCBP2,chr17_81891841_81894466,62.90679778,+
PABPC1,chr8_61643433_61644599,62.89076365,-
RBM10,chr2_131501508_131506311,62.88682244,+
SSB,chr1_244835756_244842194,62.88363713,+
ANKS3,chr16_4726780_4729979,62.87586033,+
SFPQ,chr11_65713058_65713592,62.86533922,+
CPSF6,chr17_59866749_59878102,62.84823612,+
TARDBP,chr7_30498938_30504568,62.84526823,+
TIA1,chr20_43459420_43459770,62.8267842,+
ANKHD1-EIF4EBP3,chr12_6448737_6450892,62.82519921,-
NUPL2,chr2_85596649_85597103,62.8119331,+
DUS3L,chr7_120955624_120956162,62.79993863,-
GRSF1,chr8_143818534_143821596,62.78562298,+
ARAP2,chr10_73045051_73046924,62.77715637,-
TAF15,chr12_27970267_27972522,62.75322869,-
NCBP2,chr9_35684550_35685063,62.7498558,+
TNKS2,chr18_59225734_59230403,62.72982652,-
DUS3L,chr5_62352710_62353274,62.71479605,+
KRR1,chr3_114056864_114065236,62.7023336,+
EIF3G,chr4_53414722_53425871,62.6831152,+
PABPC3,chr12_52237717_52238679,62.68263687,+
EPHB6,chr5_7873526_7875257,62.67602909,+
PCBP2,chr5_154941265_154956370,62.65323731,+
NUFIP1,chr15_42231915_42233212,62.64448748,-
PCBP1,chr19_49666799_49668850,62.6382694,+
CNKSR3,chr4_13381594_13474317,62.61919567,+
KHSRP,chr8_89758233_89762828,62.60610606,+
TARDBP,chr12_96003064_96003837,62.56874254,+
SAMHD1,chr9_36083562_36087693,62.5649708,+
MEX3A,chr1_154212624_154214456,62.56249102,-
TRA2A,chr2_241678649_241680228,62.53575554,+
RBM45,chr3_169782643_169784621,62.52697828,-
NUPL2,chr12_124912050_124913418,62.51867513,-
PCBP4,chr11_61438113_61445940,62.4782599,-
HNRNPM,chr4_53428183_53442652,62.47043976,-
HNRNPAB,chr2_215379317_215382211,62.4691568,+
RBM25,chr17_67959875_67964211,62.45840465,-
PUF60,chr6_85536924_85538837,62.45226369,+
EPHB3,chr1_205381856_205384287,62.43257158,-
PCBP4,chr14_21268668_21269297,62.42721172,-
PUM1,chr6_167013567_167022408,62.40927272,+
SARM1,chr17_42951894_42954875,62.36776016,-
HNRNPL,chr4_82857764_82861630,62.35628878,+
MSI2,chr18_9204544_9208656,62.34201814,+
ANKHD1-EIF4EBP3,chr18_22933564_22936753,62.31950841,-
INPPL1,chr9_92319356_92321667,62.31284257,+
SART3,chr3_193618936_193626091,62.26482374,+
EWSR1,chr16_66558348_66563121,62.24041945,+
PABPC1,chr14_30622399_30630476,62.22261443,+
PUF60,chr9_88462749_88468371,62.21311373,+
RBM15,chr19_1032696_1036415,62.21210156,+
CNKSR3,chr3_119434882_119435754,62.20266454,-
IGF2BP2,chr1_108695780_108696042,62.17420553,+
SETD1B,chr10_37165155_37189466,62.15700466,-
DKC1,chr14_58291707_58297954,62.15531641,+
MSI2,chr2_159412545_159427940,62.14806901,-
HNRNPC,chr7_42935136_42937321,62.12585604,+
RAVER2,chr1_168004793_168019544,62.11975585,+
GRSF1,chr2_73732285_73734428,62.11054111,+
U2AF1,chr11_47476959_47477296,62.08401339,+
FUS,chr12_47966229_47966682,62.08005951,+
PABPC1L,chr2_96601776_96602752,62.07955648,+
LEMD3,chr8_56214667_56216388,62.05884436,+
CSTF2,chr12_4545832_4546308,62.05394975,+
HNRNPM,chr10_110130486_110133325,62.05389358,+
CNKSR3,chr1_161750145_161751667,62.02333549,+
MEX3A,chr18_21622801_21623870,62.00494228,+
MATR3,chr3_42548657_42555929,61.9905142,+
SETD1A,chr12_98531838_98532822,61.98506876,-
YTHDC2,chr3_186804724_186806289,61.98142862,+
HNRNPC,chr1_32634072_32634767,61.96047649,+
HNRNPM,chr1_228109021_228109148,61.95582591,+
PABPC1,chr17_27307919_27309099,61.95439328,-
ANKS3,chr19_38632496_38634992,61.94461418,-
G3BP1,chr11_66284966_66285700,61.93704933,+
ARAP2,chr2_97558994_97576378,61.93584361,-
CSTF2,chr5_304221_311292,61.92306156,-
PUM1,chr7_91980958_91992157,61.90225307,+
KHSRP,chr19_54200961_54201159,61.89015366,-
GRSF1,chr1_161750145_161751667,61.88702147,+
MATR3,chr10_101601336_101608834,61.88224216,+
HNRNPL,chr4_119494523_119497810,61.88129877,+
MKRN1,chr5_304221_314416,61.87564572,-
EPHA1,chr4_168916027_168924254,61.85169812,-
CSTF2,chr2_97154741_97158106,61.84843848,+
DUS3L,chr1_155136951_155137978,61.84641092,-
FUS,chr15_101650161_101652270,61.83937079,+
HNRNPK,chr11_47565986_47569699,61.80356278,+
MKRN1,chr4_82857764_82862533,61.79682367,+
RBM46,chr8_94674494_94678202,61.7846218,-
MATR3,chr12_57719182_57720405,61.77401748,+
RBM25,chr3_42786162_42804435,61.74268589,-
MEX3A,chr2_38749346_38749528,61.7281324,+
YTHDC2,chr2_189575320_189578218,61.72321212,+
CIRBP,chr7_105118022_105126247,61.71697092,+
MEX3A,chr18_30994372_30994453,61.70615185,+
TIAL1,chr21_33432802_33439213,61.6933399,+
ZFR2,chr5_44746038_44777036,61.68530603,+
ANKS1A,chr13_50949505_50953904,61.67711028,+
U2AF1,chr5_96727530_96729611,61.6770335,-
KHDRBS3,chr3_58141929_58142649,61.6594517,-
U2AF2,chr4_82829058_82842184,61.65022581,+
DDX43,chr7_116250496_116252317,61.64737247,-
KHDRBS3,chr8_73959818_73972076,61.64569222,+
SNRNP35,chr9_21971208_21974677,61.63996851,+
ASCC1,chr3_113724095_113745941,61.63283604,-
FXR1,chr8_140890769_140925660,61.62953403,+
KIF24,chr2_12723552_12740325,61.60363296,-
EWSR1,chr8_61643433_61644599,61.60151459,-
DAZAP1,chr1_108698017_108698603,61.59759777,+
FUBP3,chr16_1786655_1787676,61.57522623,-
AKAP1,chr2_271939_272036,61.55251504,+
EIF3G,chr12_42375074_42387455,61.54077761,+
RBM24,chr12_31298224_31323943,61.53216202,-
RBM10,chr12_124911971_124913339,61.52385351,-
RBM24,chr12_124911971_124912655,61.51097705,+
PABPC1L,chr9_86317276_86319583,61.5067455,-
ZNF239,chr2_9406905_9408112,61.49032447,-
CSTF2,chr1_151264918_151265393,61.47957514,-
CIRBP,chr4_82898062_82900076,61.47628016,+
HNRNPF,chr14_64924126_64926009,61.46744887,+
EPHB3,chr9_137576167_137577469,61.44801815,-
PUF60,chr3_193618936_193626091,61.44669171,+
DKC1,chr17_81891841_81893551,61.4376095,+
CSTF2,chr12_4505380_4517060,61.41425626,+
DKC1,chr2_42697834_42704193,61.40430899,+
HNRNPA1,chr11_47565986_47571470,61.38839272,+
MEX3A,chr1_193060222_193075819,61.36813193,+
RBM39,chr6_126006954_126008391,61.27840516,+
HNRNPA1,chr22_42599793_42601969,61.26532421,+
EPHA1,chr13_45383235_45389734,61.24848261,-
EWSR1,chr6_85536924_85541984,61.24369647,+
YTHDC2,chr4_82857764_82863317,61.24184026,-
PARN,chr14_88603060_88607242,61.23874495,+
TARDBP,chr1_75724817_75728400,61.23568652,+
PPIL4,chr4_82425667_82426036,61.23205542,+
MKRN1,chr17_15260761_15262428,61.22249056,+
ZC3H18,chr2_24321880_24328051,61.21506042,+
ZC3H3,chr10_32345562_32346762,61.16920791,-
ZC3H18,chr12_12357118_12361205,61.14505504,-
MEX3A,chr16_4726780_4729979,61.12878916,+
TRA2A,chr4_13368650_13376544,61.11768531,+
RBM45,chr1_156061443_156068269,61.10002906,-
RBM17,chr3_138187599_138209816,61.09528493,-
SLTM,chr13_27622009_27648378,61.09338112,+
CSTF2T,chr1_219179246_219210531,61.0924669,-
CIRBP,chr2_207560372_207567462,61.08684371,+
TLR2,chr16_14998405_15004186,61.07120703,+
KHDRBS1,chr17_82019381_82019857,61.07104417,+
PHC2,chr1_168023047_168038370,61.06386656,+
PHC2,chr11_3735324_3753315,61.06148994,+
KRR1,chr10_78037304_78040614,61.04920444,+
RBM22,chr3_16260829_16264768,61.04727072,-
PABPN1,chr1_175018576_175023271,61.04674481,-
EPHA7,chr7_27800090_27827737,61.03798997,-
PNPT1,chr2_152677475_152679351,61.02840971,+
SF1,chr18_50273471_50273563,61.01789462,+
DAZAP1,chr8_102850144_102858012,61.01034398,-
KHDRBS3,chr20_49280964_49289044,61.0045219,-
HNRNPC,chr2_241678649_241680228,60.986361,+
KHSRP,chr2_241315982_241317498,60.97420453,+
PUF60,chr22_42599793_42601969,60.94757177,+
PAPSS2,chr6_31581630_31582255,60.94330332,-
YTHDC2,chr3_121718501_121719645,60.9172772,+
RBM46,chr2_9406905_9408112,60.91300419,-
HNRNPK,chr6_31954877_31955058,60.91062586,+
SART3,chr4_53428183_53442652,60.91023145,+
PNPT1,chr19_41433673_41438217,60.89761821,+
EPHA4,chr5_43529879_43534852,60.86459746,-
G3BP1,chr3_48695421_48717156,60.83203534,+
U2AF1,chr5_131391108_131391828,60.80263319,+
TROVE2,chr3_185495315_185496827,60.78671319,+
MCM3AP,chr14_49837483_49838138,60.78206638,+
ZNF239,chr7_76005404_76021850,60.77936568,-
PTBP1,chr2_74135658_74142271,60.77235717,+
PARN,chr19_45080029_45090106,60.76891104,+
STIM1,chr3_139373412_139374488,60.76155892,-
EPHA4,chr1_114738072_114749820,60.76035613,+
KIF24,chr1_153638448_153642245,60.7523941,-
PABPC3,chr6_139028875_139034158,60.73846816,+
EPHA4,chr1_224311857_224317693,60.71938891,+
HNRNPF,chr1_85258722_85259357,60.7041588,+
SAMD9L,chr5_151109846_151110626,60.69815975,+
HNRNPA2B1,chr3_37174605_37176059,60.69436405,+
U2AF2,chr19_38930998_38931275,60.69194903,-
EPHA4,chr12_15111417_15217428,60.68778705,-
RBM25,chr3_48695418_48717156,60.68677823,+
PARP12,chr11_103066567_103083255,60.6774073,-
L3MBTL3,chr4_155667419_155696805,60.64879997,-
FXR1,chr16_14998405_15004186,60.62064761,+
U2AF1,chr12_124912734_124913190,60.60723227,+
EPHB3,chr1_243256240_243270091,60.57886402,-
CPSF6,chr17_76089320_76094413,60.57760891,+
G3BP1,chr17_73209768_73227164,60.5715713,+
ZC3H7B,chr8_42361365_42369270,60.54088657,-
KHSRP,chr21_26468634_26480271,60.5143337,+
SFMBT1,chr12_120566980_120575630,60.49998957,-
RAVER1,chr1_156061443_156068269,60.49954773,-
PABPC1,chr1_71065137_71066775,60.48581484,-
NCBP2,chr2_200861862_200864563,60.48474347,+
ASCC1,chr1_151264918_151265393,60.47262709,-
EIF2S1,chr14_55661612_55663954,60.45631154,+
HNRNPA1,chr1_39480009_39484600,60.42924841,+
CSTF2,chr12_27969516_27969680,60.42672031,-
PCBP1,chr5_96702915_96722638,60.38394929,-
PABPC1,chr12_70278274_70310894,60.36551753,+
LENG9,chr2_224920_229965,60.34750076,-
CASKIN2,chr12_6652309_6652661,60.34745121,-
PCBP4,chr6_132815224_132816460,60.33117729,+
RBM25,chr15_79889354_79896871,60.33061597,+
HNRNPL,chr15_80059809_80120327,60.30930568,+
SCMH1,chr17_8460160_8466929,60.30373133,-
ANKS3,chr9_177820_178815,60.30274865,+
ESRP2,chr1_153626533_153627138,60.29199973,-
PPFIBP2,chr11_17282943_17286633,60.27312246,+
SETD1A,chr6_125292909_125300537,60.27121868,-
ZC3H3,chr4_103096274_103099782,60.2693017,-
DGKH,chr3_108047292_108049618,60.26227754,-
RBM17,chr7_30579128_30579230,60.24995025,+
TROVE2,chr2_20256170_20258236,60.23648992,+
RBM24,chr3_169782643_169784621,60.22754807,-
SCMH1,chr1_154966080_154966161,60.22693589,-
ASCC1,chr3_149902162_149911977,60.21800987,+
G3BP1,chr20_59036760_59037190,60.19281417,+
ZC3H7B,chr10_3147737_3147986,60.19243362,-
PUF60,chr20_410025_410411,60.18914766,+
PUM2,chr15_101650161_101652270,60.1776727,+
RBM45,chr4_168916027_168924254,60.16896384,-
U2AF1,chr12_53462567_53465931,60.16819374,+
G3BP1,chr12_32737161_32737864,60.16622639,+
MCM3AP,chr10_24239337_24380868,60.16008071,+
U2AF1,chr3_185926734_185937824,60.15916125,+
HNRNPC,chr1_32634072_32634767,60.12498793,+
PCBP2,chr2_43794643_43795886,60.10010626,+
IGF2BP2,chr1_150698734_150703309,60.09823851,+
KHSRP,chr7_120964838_120966625,60.08448833,+
PNPT1,chr1_90918154_90937484,60.08170779,+
SF3B4,chr2_11773745_11779518,60.05155046,+
ARAP2,chr4_75490701_75491723,60.04519836,-
TRMT2A,chr3_119435935_119436790,60.04175689,-
SRRM1,chr10_89010600_89011998,60.04171624,-
SETD1A,chr1_151540426_151562090,60.03626964,-
PTBP1,chr12_48655060_48660365,60.03315361,+
MCM3AP,chr10_101624810_101667885,60.00461909,+
SETD1A,chr4_53399839_53425871,59.97860328,-
U2AF2,chr1_224317930_224326390,59.96277213,-
L3MBTL4,chr3_183840640_183844230,59.95697188,-
NUFIP1,chr5_150447735_150449491,59.91641558,-
TRMT2A,chr3_121718501_121719645,59.89903951,-
U2AF1,chr21_37096643_37108391,59.88044168,+
PABPC4,chr8_63168901_63169386,59.85615394,+
NUPL2,chr7_108497995_108502490,59.84608385,+
TDRKH,chr2_218217254_218225919,59.84484385,-
HNRNPA1,chr10_110130486_110132304,59.83881058,+
STIM1,chr12_12487187_12519861,59.83374297,-
EPHA4,chr1_219179246_219193081,59.82968219,+
ASCC1,chr6_30346564_30346712,59.81461948,-
LRSAM1,chr11_126256852_126261427,59.797905,-
EPHA1,chr1_53028071_53047857,59.79505053,-
PABPC3,chr1_193020381_193021096,59.76722907,-
IGF2BP2,chr15_40854086_40854638,59.75285543,+
ALKBH8,chr15_101650161_101652270,59.73771251,-
MATR3,chr1_20779911_20787194,59.7343333,+
ARAP2,chr16_75641723_75647577,59.72544921,+
SETD1A,chr7_103304490_103308951,59.72382227,-
SSB,chr1_154966080_154966161,59.71797537,+
EIF4B,chr7_30498938_30504568,59.70182096,+
CASKIN2,chr6_99412318_99412550,59.68005385,+
PARP12,chr21_25897673_25911740,59.62229147,-
PABPC1L,chr7_73687095_73692595,59.59600056,+
TRMT2A,chr20_13801683_13808841,59.59493077,+
PPIL4,chr1_168004793_168038370,59.58684738,+
CPSF4,chr2_222924595_222930620,59.56487018,-
CSTF2T,chr1_151017904_151024610,59.54069192,+
G3BP1,chr21_39178647_39180284,59.52052658,-
FUS,chr11_46618375_46630044,59.51970804,+
HNRNPL,chr1_71065137_71066775,59.51936834,+
L3MBTL4,chr2_60519167_60545970,59.50506524,-
SSB,chr22_32475124_32478980,59.49467026,+
NUFIP1,chr7_91980958_91992157,59.49159534,+
LRSAM1,chr1_167765749_167787819,59.47268479,+
CSTF2T,chr19_38309643_38315859,59.46618899,+
HNRNPAB,chr12_56158711_56159974,59.4491411,-
HNRNPA2B1,chr17_5422829_5425970,59.44446869,+
SAMHD1,chr12_5276889_5292104,59.43148726,-
SCMH1,chr12_27970267_27972522,59.42148225,+
CPSF4,chr7_74065732_74066731,59.41866101,+
LRSAM1,chr2_152663967_152664137,59.39013935,-
EPHA2,chr1_151540426_151562090,59.37734231,-
CSTF2T,chr2_130342962_130343085,59.37013658,-
RNF113A,chr21_29008123_29008239,59.33801844,+
EPHA4,chr12_10607936_10609097,59.33484438,-
MKRN3,chr6_99414690_99416348,59.30712287,-
EPHA4,chr12_10848407_10973654,59.30035081,+
NCBP2,chr6_116571655_116574057,59.29007192,+
RBM15,chr6_75634811_75640683,59.28083516,+
LEMD3,chr3_48927813_48961611,59.20692932,+
CPSF4,chr16_634797_636093,59.20393573,-
HNRNPC,chr10_74138382_74150754,59.14689374,+
YTHDC2,chr19_52374427_52383848,59.13343029,-
HNRNPK,chr3_37091538_37094791,59.13147765,+
PNPT1,chr12_53601021_53626278,59.11122818,+
PNPT1,chr11_32583929_32589546,59.10543548,-
L3MBTL4,chr10_3147737_3147986,59.09514901,-
G3BP1,chr6_33417695_33418086,59.0819343,+
MCM3AP,chr10_80408643_80420482,59.04903937,-
FUS,chr4_82829058_82842139,59.04598313,+
PCBP1,chr17_50737026_50737286,59.01565245,+
ASCC1,chr5_170788668_170794230,59.00402259,+
PABPC3,chr9_14179780_14307213,59.00154907,+
EIF4B,chr3_186804724_186806424,58.9999408,+
YTHDC2,chr1_51714079_51745535,58.95088007,+
ZRANB2,chr1_207790345_207793518,58.94331416,+
ASCC1,chr5_71626753_71632120,58.93797621,+
SFPQ,chr3_180970358_180976121,58.93506059,+
G3BP1,chr2_159712606_159729008,58.93003352,+
SNRNP35,chr15_22838921_22851638,58.92222453,-
MKRN1,chr3_28331954_28332368,58.89429719,+
LARP4,chr22_32475124_32478980,58.87746349,+
ASCC1,chr2_97118517_97122886,58.8648661,+
PUM1,chr8_73030395_73032041,58.841706,+
PPRC1,chr6_36970694_36972651,58.83859143,-
SF1,chr14_55661612_55667240,58.83618635,-
SF3B4,chr6_167010893_167022408,58.8269077,+
EWSR1,chr3_28326950_28332368,58.82035566,+
NONO,chr12_49371290_49460769,58.81177971,+
RBM15,chr14_49838206_49846139,58.80839199,+
CPSF4,chr1_87331814_87332012,58.80688172,-
HNRNPC,chr7_75879260_75881828,58.79583305,+
TAF15,chr12_5276889_5292144,58.7687616,+
NONO,chr20_58895684_58903530,58.76483318,+
EIF2S1,chr1_23971439_23971572,58.72536612,+
HNRNPA0,chr1_182854178_182855576,58.71831644,+
RBM39,chr20_1455037_1458199,58.68302407,+
HNRNPA0,chr17_42348517_42388278,58.67238886,-
TRA2A,chr19_41432408_41433536,58.66086162,+
SF3B4,chr22_46337944_46343261,58.65713726,+
MKRN3,chr10_68338642_68339139,58.65622252,-
ESRP2,chr5_32586501_32588511,58.65578637,-
HNRNPA2B1,chr12_57720263_57720405,58.64141557,-
MKRN1,chr12_79805768_79807225,58.63805815,+
DND1,chr1_25243633_25245149,58.63788041,-
ARAP2,chr4_74309182_74312184,58.61902305,+
SF3B4,chr17_81891833_81894466,58.61047739,-
STIM2,chr12_27022621_27027346,58.58686791,-
L3MBTL3,chr2_159448403_159478574,58.57269232,+
PPIL4,chr1_25243633_25245149,58.5670959,+
RBM39,chr12_50138617_50143073,58.55712547,+
U2AF1,chr1_162590511_162597791,58.54651956,-
IGF2BP2,chr19_18905629_18910970,58.54358021,-
PUF60,chr15_44380976_44413335,58.53922914,+
DND1,chr2_227325427_227330625,58.46063166,-
MKRN1,chr17_81891841_81893551,58.46042492,+
EWSR1,chr7_75879260_75881828,58.45507366,+
IGF2BP2,chr7_75879260_75881828,58.40474222,-
CSTF2T,chr17_67959875_67964211,58.37390427,-
G3BP1,chr12_53462567_53465931,58.33819942,+
TLR2,chr5_132271466_132271790,58.32137015,+
A1CF,chr9_121300126_121301962,58.31936117,+
PPRC1,chr9_33347117_33351559,58.3139441,-
PABPC1,chr10_78037304_78040614,58.30722002,+
G3BP1,chr8_129879471_129903311,58.26786179,+
EPHB3,chr6_30346564_30346712,58.26319595,+
EWSR1,chr7_44058280_44058431,58.25779834,+
SARM1,chr5_57221396_57230845,58.24658977,+
RBM17,chr7_117131960_117136080,58.23664113,+
TROVE2,chr12_124913190_124913418,58.23642086,+
EWSR1,chr2_44218537_44232315,58.21978292,+
PPIL4,chr22_35263874_35263981,58.20927381,+
ESRP2,chr2_66464220_66547942,58.20456229,+
SETD1A,chr20_5109445_5112729,58.19474275,+
ZC3H3,chr8_70598252_70600018,58.15651028,-
KHSRP,chr5_66162483_66163791,58.14552105,+
RBM39,chr1_193020381_193021096,58.1377562,+
MKRN3,chr12_28190641_28305648,58.08825224,-
HNRNPA2B1,chr1_85258722_85258934,58.0857404,+
SETD1A,chr20_38421098_38422091,58.08409409,-
FUS,chr3_138187599_138209816,58.06992072,+
RBM15,chr3_185494761_185495153,58.06971646,+
RBM39,chr1_24663224_24666814,58.05804552,+
HNRNPC,chr4_83456958_83459739,58.05783481,+
ANKS1B,chr6_35587117_35597247,58.02506659,-
RBM25,chr2_161160486_161179613,58.01322577,-
PCBP1,chr21_33432802_33439213,58.0031703,+
HNRNPA1,chr6_125292909_125298713,57.99453686,+
EIF4B,chr3_185926734_185937824,57.98943422,+
PCBP1,chr1_155136376_155137560,57.97606053,+
SAMD9L,chr3_158588924_158592433,57.97232008,-
HNRNPAB,chr10_63217331_63264650,57.97109587,+
PABPC3,chr12_21506976_21512294,57.96998933,-
CPSF4,chr20_32728139_32743307,57.96096244,-
EIF2S1,chr22_32475124_32478980,57.89612308,+
U2AF1,chr8_89758233_89765340,57.88587835,-
RBM24,chr2_97194754_97194844,57.86628446,-
RBM25,chr7_23521840_23531788,57.85973704,+
SF1,chr14_55661612_55667240,57.82838098,-
EPHB1,chr5_134374463_134376673,57.82214622,-
TAF15,chr4_105424322_105446382,57.80041557,+
ANKS6,chr1_207790345_207793518,57.7997595,+
SCMH1,chr8_69493125_69501873,57.79748283,-
PARN,chr19_16654125_16659394,57.76658311,+
MATR3,chr1_179865854_179877238,57.76327964,+
RBM15,chr17_27309272_27311508,57.76208743,-
EPHA4,chr20_43459420_43459770,57.76145912,-
RBM15,chr1_37582936_37583693,57.7519057,-
RBM22,chr3_50061748_50061961,57.73799467,+
TRMT2A,chr4_98352601_98391951,57.73107677,+
RBM10,chr12_55914366_55927075,57.72093156,+
RBM24,chr12_32107544_32216246,57.67323791,-
HNRNPL,chr1_112703806_112707077,57.66231498,+
NONO,chr11_13421838_13463091,57.65722951,+
PTBP1,chr17_78171054_78171738,57.65526516,-
PABPC3,chr19_51024310_51024633,57.65358505,+
PUM2,chr1_32627544_32631826,57.65085835,+
RBM25,chr5_71604468_71632120,57.63784904,+
PCBP1,chr3_180970358_180975312,57.63083851,+
HNRNPA0,chr5_135350913_135360496,57.59605448,+
SF3B4,chr6_75621625_75623899,57.5808976,+
SCMH1,chr6_134174586_134175543,57.56344261,+
PCBP1,chr1_228141288_228145510,57.56105366,+
SF3B4,chr6_53294491_53295641,57.54176919,-
GRSF1,chr3_37083806_37094791,57.52496974,+
IGF2BP2,chr3_141974194_141978519,57.51983616,-
RBM24,chr20_18567596_18569235,57.51475438,-
STIM2,chr6_31835451_31836423,57.48369008,+
PPFIBP2,chr4_185630598_185635354,57.46896639,+
EWSR1,chr12_2909580_2922261,57.46734045,+
RBM34,chr1_25243633_25245149,57.4528837,+
EIF3G,chr3_48927813_48961611,57.41783583,+
DGKD,chr9_26913947_26919309,57.41683093,-
PCBP2,chr17_50737026_50737286,57.41538301,+
HNRNPF,chr1_151199081_151224244,57.3922303,-
NCBP2,chr1_112703806_112707077,57.3811017,+
GRSF1,chr10_110130486_110132304,57.36191345,+
PARP12,chr9_33347117_33351559,57.35103073,-
G3BP1,chr10_78037304_78040614,57.33801312,-
ZC3H8,chr14_64924126_64926009,57.33043728,+
NUFIP1,chr1_212609271_212615017,57.3105037,-
EIF3G,chr17_76557857_76561287,57.25940448,+
SF3B4,chr2_241268541_241315569,57.25115415,+
U2AF1,chr10_35127193_35148367,57.24092087,+
EPHA1,chr4_82845293_82848803,57.2259263,+
TDRKH,chr12_124911971_124912655,57.21496523,+
ESRP2,chr6_42934598_42935411,57.2131091,-
PUF60,chr14_24234241_24235736,57.2058735,+
RBM24,chr2_131531802_131532709,57.15844408,-
U2AF1,chr1_92832117_92833544,57.13481348,-
CIRBP,chr2_189782602_189784268,57.12669624,+
EIF4B,chr2_200860215_200861237,57.09490012,-
FXR1,chr4_53428183_53442652,57.09410597,+
LARP7,chr8_106713985_106739457,57.0547243,+
CASKIN2,chr1_155717128_155725381,57.0138623,-
U2AF1,chr17_42567655_42568469,56.9981622,+
HNRNPK,chr10_28590832_28595732,56.9901693,+
SF1,chr4_53428183_53442652,56.97726527,+
G3BP1,chr20_43459420_43459770,56.92540478,+
PCBP4,chr5_57214193_57221375,56.9250266,-
PABPC3,chr12_122520581_122521384,56.89801622,+
SYNJ1,chr6_7393303_7395052,56.87727256,-
HNRNPC,chr2_169824640_169824781,56.86671513,+
HNRNPK,chr16_635340_636093,56.85976784,+
PABPC1,chr1_234398553_234401180,56.85523087,+
SCMH1,chr3_121718501_121722261,56.85221901,-
CSTF2T,chr17_67959875_67964211,56.84277015,-
EWSR1,chr1_25243633_25245149,56.84117508,+
L3MBTL3,chr9_122285287_122291748,56.81839617,-
MKRN3,chr4_2932512_2932599,56.81828826,+
RBM34,chr2_63842204_63856305,56.79842333,+
CSTF2,chr17_67959875_67964211,56.7842411,+
EPHB1,chr2_97194754_97204190,56.75789783,-
UPF1,chr19_19194133_19196962,56.75293226,-
HNRNPL,chr10_31852597_31854065,56.75234997,+
YTHDC2,chr3_15245671_15246731,56.74954469,+
FUS,chr12_53462567_53465931,56.74184424,+
DDX43,chr20_34090602_34096656,56.71960026,-
RBM15,chr13_40982282_41060837,56.7182469,+
EPHB3,chr15_101651773_101652270,56.71715103,-
PUM2,chr15_101650161_101652270,56.70162645,+
TIA1,chr1_155136376_155136827,56.68969533,-
LARP4,chr18_62161385_62163530,56.66902151,+
PABPC1,chr17_16439414_16440184,56.6652816,+
ZC3H3,chr11_118786518_118791097,56.65701437,-
LENG9,chr4_73135265_73141740,56.63195393,+
SETD1A,chr6_125248383_125257097,56.59980319,+
U2AF1,chr2_55577356_55578246,56.58208174,+
CPSF7,chr4_82845293_82848803,56.57739386,+
STIM2,chr2_12723552_12740325,56.53328055,-
SCML1,chr9_122285287_122291748,56.50718269,-
MATR3,chr17_67959875_67964211,56.49356956,-
EPHA1,chr2_28865119_28869559,56.48758407,-
EPHA1,chr12_12187119_12244261,56.48156775,-
G3BP1,chr17_73209768_73227164,56.44440703,+
HNRNPK,chr1_207785682_207790252,56.41404098,-
PNPT1,chr20_58895684_58898940,56.41240186,+
NUFIP1,chr1_117153369_117170106,56.40383727,-
L3MBTL3,chr6_311962_345853,56.39833701,-
ZC3H7B,chr4_153276130_153292981,56.38663119,-
MATR3,chr11_57762046_57794009,56.35689784,+
PABPC3,chr13_45383235_45389734,56.30493539,-
SFMBT1,chr17_8460160_8466929,56.29870549,-
TRA2A,chr1_51756358_51760689,56.29119419,+
RBM34,chr14_55661612_55667240,56.28160118,-
NUFIP1,chr19_12948358_12948685,56.27145551,+
DKC1,chr1_234398553_234400852,56.26541348,+
UPF1,chr5_272772_314416,56.23328486,+
HNRNPM,chr17_28655483_28661725,56.21880462,+
PUM2,chr2_215393203_215394527,56.18973338,+
KRR1,chr3_49310737_49311513,56.1867921,+
SAFB,chr15_72200655_72203021,56.14843647,-
EIF4B,chr3_157151930_157152176,56.13822289,+
TLR2,chr1_51750195_51760689,56.07733329,-
EIF3G,chr12_57719182_57720405,56.07729114,+
DGKD,chr7_101221796_101222603,56.05619473,-
SF3B4,chr6_116571655_116580294,56.05033717,+
RBM23,chr15_72200655_72203021,56.04348187,-
CSTF2,chr1_74706994_74707102,56.04329646,+
HNRNPL,chr12_51056245_51056349,56.02009615,+
RBM22,chr8_143818534_143821596,56.01481181,-
EPHB3,chr7_45103443_45104098,55.98619124,+
TAF15,chr12_56159622_56159974,55.98462756,+
HNRNPC,chr11_62854938_62855132,55.94136282,+
CIRBP,chr16_66552793_66563121,55.9327006,+
SF3B4,chr14_70329236_70359518,55.90049083,+
PABPC3,chr2_85326804_85326978,55.8207239,+
SCMH1,chr3_149059807_149060642,55.81566894,-
RBM25,chr13_97347067_97357481,55.8153117,+
EWSR1,chr3_100310542_100316098,55.76485144,+
HNRNPA2B1,chr10_28590832_28595732,55.7515958,+
TROVE2,chr4_82898062_82900076,55.71701162,+
DDX43,chr18_27048503_27052854,55.70319413,+
EPHA4,chr15_60386086_60396150,55.68682437,-
ZC3H3,chr17_51161272_51166826,55.68642859,-
HNRNPK,chr12_862270_878211,55.68483859,+
ESRP2,chr2_237518648_237525600,55.66366726,-
TDRKH,chr3_50288937_50289254,55.64757397,+
EIF2S1,chr18_58333892_58341037,55.6184348,+
KRR1,chr17_27307919_27309099,55.61561224,-
CPSF4,chr8_120425366_120443184,55.59917799,-
SETD1B,chr12_12357118_12361205,55.59177547,-
DND1,chr11_75563770_75566315,55.56800866,+
HNRNPK,chr17_42567655_42568836,55.56126199,+
PARP12,chr1_108692867_108693589,55.53846733,+
ZCCHC14,chr6_112254291_112254458,55.51659261,+
TDRKH,chr1_150627592_150629060,55.51514486,-
PTBP1,chr3_16260829_16264768,55.5098883,-
U2AF2,chr4_53399839_53425871,55.50257167,+
SETD1B,chr15_51954575_51958741,55.4990587,+
PABPC1,chr1_234398553_234401180,55.49312545,+
PCBP2,chr9_72360787_72364695,55.45914452,+
NONO,chr17_50737026_50737286,55.44699939,+
ZCCHC14,chr15_76767088_76771723,55.44144502,-
NCBP2,chr4_102826636_102827943,55.43139706,-
ZC3H3,chr7_100089066_100089292,55.41318567,-
NONO,chr3_197069260_197076585,55.41288777,+
SF1,chr11_95865676_95887611,55.40053342,+
DDX43,chr22_29296368_29298732,55.39011293,+
DAZAP1,chr2_58146474_58159348,55.3683466,-
G3BP1,chr4_53399839_53414614,55.36494037,+
FUS,chr12_53467843_53468776,55.34777629,+
CIRBP,chr1_153659184_153659447,55.32148851,+
PCBP2,chr20_35739017_35739392,55.30692061,-
DND1,chr5_103184744_103190841,55.28421573,+
PNPT1,chr17_5477999_5480053,55.27454719,+
EPHA4,chr3_180970358_180976121,55.25062875,-
PCBP2,chr17_81891841_81894466,55.23757069,+
TIAL1,chr6_125986622_125993756,55.20612328,+
RAVER2,chr3_185494761_185496827,55.19570346,-
PABPC1,chr9_72360787_72363469,55.19235252,+
HNRNPC,chr14_55661612_55667240,55.19037463,+
SCML1,chr6_41067437_41070075,55.18132979,-
EIF3G,chr2_73950732_73958145,55.15754454,+
GRSF1,chr17_27309272_27311508,55.0759976,+
KIF24,chr6_131949557_131949948,55.02897467,-
PCBP2,chr22_38656750_38668016,55.02594354,+
TDRKH,chr7_120964838_120966625,55.02320916,+
DGKH,chr7_73686900_73690915,55.00747583,-
PUM2,chr14_49602468_49607399,55.00333123,+
FXR1,chr4_53377923_53379224,54.98712665,+
RBM17,chr1_193020381_193021096,54.96103193,+
NCBP2,chr7_101218217_101222603,54.94935957,-
PTBP1,chr7_103304490_103308951,54.94813479,-
PABPC4,chr1_70231975_70232267,54.94421995,-
HNRNPA1,chr2_70227822_70229263,54.94186205,+
DDX43,chr2_105367739_105386360,54.93864734,-
EIF2S1,chr3_69077918_69080333,54.92750548,+
MKRN3,chr4_155667419_155696805,54.88135363,-
L3MBTL3,chr6_56735289_56851396,54.85411604,-
SART3,chr1_161157693_161158411,54.85146589,-
HNRNPC,chr5_57221396_57230845,54.8398978,+
HNRNPL,chr1_228109021_228109260,54.82286092,+
RBM39,chr3_114056864_114065236,54.79510905,+
CPEB3,chr2_113931396_113934157,54.76801804,-
RBM25,chr3_197149796_197161639,54.73681039,+
PABPC3,chr3_119435935_119436790,54.72438419,-
ZC3H3,chr19_18900449_18904770,54.70809665,-
HNRNPL,chr11_3735324_3753315,54.62436799,+
MATR3,chr12_95256622_95257149,54.62175404,+
CPSF6,chr12_55903480_55927075,54.61543214,+
PUF60,chr7_105038199_105040838,54.58281632,-
CPSF4,chr11_64318386_64320660,54.56928372,-
PNPT1,chr16_89907322_89908965,54.56427294,+
HNRNPC,chr1_51750195_51760689,54.53464001,+
EPHB6,chr16_15030056_15138878,54.52136455,-
EPHA7,chr11_118260201_118262501,54.50263103,-
CPSF6,chr7_99560695_99572244,54.47742562,+
MATR3,chr17_67959875_67964211,54.47273209,-
PUF60,chr11_47565986_47571470,54.46898147,+
EPHB1,chr9_35684807_35685268,54.45250942,-
MATR3,chr14_73921105_73923394,54.44544564,+
ZC3H3,chr17_58347241_58347528,54.43755483,+
FUBP3,chr10_3147737_3147986,54.43376736,-
PCBP2,chr12_42375074_42387455,54.43172705,+
QKI,chr11_75562319_75566315,54.43133653,+
U2AF2,chr7_103304490_103308951,54.42683225,-
PNPT1,chr15_50725323_50726320,54.395079,+
HNRNPK,chr2_218661545_218661758,54.39248996,+
U2AF2,chr16_635774_636093,54.33412743,-
SFPQ,chr15_101651773_101652270,54.33224334,-
HNRNPF,chr15_50300902_50301256,54.32182107,+
PABPC1,chr1_51750195_51760689,54.31679915,+
SF3B4,chr10_26751783_26765217,54.26257491,+
YTHDC2,chr3_152445539_152447619,54.25032678,+
EPHA4,chr1_155260659_155262085,54.24720822,+
HNRNPK,chr10_63217331_63264650,54.23424029,+
YTHDC2,chr3_108049651_108050577,54.23033777,+
ZC3H3,chr1_161074376_161074610,54.2213596,-
PUM2,chr1_160224549_160225590,54.21539795,+
FMR1,chr8_143818534_143821596,54.20144719,+
SART3,chr20_2656214_2656400,54.1915304,-
SRBD1,chr14_21268668_21269297,54.18419117,-
MKRN3,chr2_227325427_227328677,54.1822059,+
PUF60,chr18_26035127_26035830,54.17879679,+
SSB,chr12_108564155_108564278,54.1776966,+
TROVE2,chr15_40812902_40813337,54.17460571,+
DDX43,chr9_86317276_86319583,54.1668598,+
SF1,chr7_141010660_141014910,54.16007982,+
GRSF1,chr14_73297285_73323129,54.15653208,+
RBM39,chr12_122519029_122521384,54.14296801,+
SCMH1,chr8_120425366_120443184,54.13876452,-
HNRNPL,chr1_154214574_154220341,54.13573867,-
HNRNPK,chr3_28241812_28316332,54.09617265,+
TDRKH,chr3_122454001_122461223,53.98392513,-
PCBP2,chr4_119497903_119512350,53.93598902,+
NONO,chr17_67959875_67964211,53.90990114,+
PCBP1,chr9_122285287_122291748,53.87335306,+
SSB,chr11_130137291_130140397,53.86960534,+
PUM2,chr1_219179246_219193129,53.8638982,+
SF1,chr6_32975112_32975383,53.85097379,-
ZRANB2,chr3_134482931_134485951,53.8132712,+
SFPQ,chr3_180970358_180976121,53.81225215,+
PUM2,chr16_1312603_1314019,53.80779631,+
PUF60,chr11_83280260_83285552,53.80366646,+
TIA1,chr6_159790060_159790939,53.79512004,+
SCMH1,chr22_40953633_40955286,53.78506603,-
PABPC1,chr12_76450988_76487509,53.77542717,+
SLBP,chr10_118336423_118341726,53.72961089,+
RAVER2,chr10_35179276_35206894,53.71566074,+
RBM34,chr1_155136376_155136827,53.69108951,+
G3BP1,chr14_88596808_88607242,53.67811811,+
ZCCHC14,chr1_154988849_154990158,53.65929729,-
RBM25,chr8_143581328_143586728,53.64932198,-
CASKIN2,chr7_849603_851383,53.6306386,-
TROVE2,chr8_100948900_100953268,53.60677339,-
YTHDC2,chr11_62794398_62794934,53.59755064,+
GRSF1,chr20_49154071_49174194,53.56986621,+
SAMD9L,chr4_75981545_75981932,53.56306266,-
SFMBT1,chr7_30498938_30504568,53.5460368,-
SSB,chr7_30019123_30022664,53.52318012,+
HNRNPK,chr1_156738764_156741011,53.51805487,+
FUS,chr6_75621625_75623899,53.48474672,+
EPHB6,chr2_30147062_30148244,53.47506992,-
EIF4B,chr2_73957240_73958145,53.45758671,+
SARM1,chr13_45383838_45389734,53.45371013,+
EPHA4,chr20_17970370_17988165,53.44349449,-
SETD1A,chr8_143821913_143829279,53.40858057,-
SFPQ,chr18_9562075_9563377,53.39528723,+
NONO,chr1_75790057_75791284,53.37064687,+
ANKS6,chr13_27430621_27434138,53.36664349,-
PUF60,chr11_46617890_46630044,53.34187847,+
SARM1,chr12_124912734_124913190,53.33984294,-
G3BP2,chr4_82898062_82899712,53.33740331,+
HNRNPC,chr1_151027327_151028785,53.33480484,+
PABPC1,chr16_89873859_89883350,53.30751723,+
HNRNPL,chr10_29409683_29415356,53.28315026,+
HNRNPM,chr4_53428183_53442652,53.24977521,+
PUF60,chr8_61619019_61633682,53.24618141,-
PTBP1,chr13_40982282_41060837,53.24371214,+
DGKD,chr16_69340332_69341532,53.21550183,-
RBM17,chr6_90536401_90544551,53.20282955,+
YTHDC2,chr12_6724818_6727925,53.19099687,+
HNRNPC,chr19_18905629_18910970,53.18604206,+
GRSF1,chr2_96602338_96602752,53.18597452,+
PABPC1,chr1_71065137_71066775,53.18561015,-
A1CF,chr8_108240075_108242111,53.18448273,+
HNRNPM,chr1_228109021_228109148,53.12208307,+
HNRNPC,chr17_16439414_16440184,53.12142075,+
PUM1,chr7_100149053_100149498,53.11510895,-
SAMHD1,chr1_228107869_228107976,53.09539087,+
CPSF6,chr3_58141929_58142649,53.08638901,+
RBM34,chr4_75981545_75981932,53.0844803,+
G3BP2,chr3_183840640_183844230,53.07496572,+
DDX43,chr1_167773368_167787819,53.07219092,-
RBM39,chr9_128323147_128325142,53.05077622,+
TDRKH,chr1_150325881_150328319,53.05051088,+
CIRBP,chr16_66552793_66563121,53.00759352,+
RBM17,chr3_141404031_141442388,52.99664309,+
RBM25,chr2_227352573_227355676,52.98496732,+
DGKH,chr10_37165155_37189466,52.97898709,+
RBM39,chr11_47731561_47732116,52.94768833,+
DGKD,chr2_189575320_189578218,52.91410611,-
TROVE2,chr14_39321056_39326863,52.90873982,+
MTHFSD,chr12_6653050_6656726,52.89545941,-
MKRN3,chr4_53399839_53414614,52.88670052,-
SYNJ1,chr12_52428743_52449468,52.88534546,-
KRR1,chr17_78171054_78171738,52.87780392,+
PNPT1,chr21_42897047_42908863,52.86882306,+
HNRNPA1,chr19_41433434_41433536,52.86400054,+
SUPT6H,chr9_72363606_72364695,52.86073211,+
TROVE2,chr22_32475124_32478980,52.85382175,+
PNPT1,chr2_53801842_53808298,52.82070269,+
MKRN3,chr17_72040849_72057458,52.808853,+
SRBD1,chr21_25729801_25734938,52.7923264,-
L3MBTL3,chr4_82829058_82842184,52.78999247,-
ZC3H8,chr1_207767195_207770320,52.78187195,-
HNRNPA2B1,chr21_39178647_39180284,52.76726863,-
GRSF1,chr6_35293044_35294455,52.7602517,+
YTHDC2,chr19_18907112_18910970,52.75438397,+
YTHDC2,chr15_63042943_63043705,52.74903303,+
TARDBP,chr5_163505749_163512001,52.74582894,+
SARM1,chr2_11776193_11779518,52.73717279,-
MATR3,chr9_72360787_72364695,52.72132075,+
PNPT1,chr10_31852597_31861394,52.71435249,+
DDX43,chr3_185494761_185496827,52.70631994,-
HNRNPC,chr3_69077918_69080333,52.70162454,+
RBM39,chr7_74189918_74190246,52.68150649,+
EPHA1,chr20_5106222_5109331,52.68130326,-
TRA2A,chr16_635340_635611,52.65673712,-
SF1,chr17_78171054_78171738,52.65026951,+
DGKD,chr4_168916027_168924254,52.62453365,-
SART3,chr1_77967098_77967626,52.62179286,+
CPSF6,chr10_91222983_91240483,52.61652701,+
EIF2S1,chr3_49310737_49311513,52.60206572,+
PPIL4,chr10_63217331_63219877,52.59701903,-
MATR3,chr1_112703806_112707077,52.59396575,+
CPSF4,chr6_31835451_31836423,52.59081276,-
G3BP1,chr11_77821241_77842478,52.59002802,+
KRR1,chr14_100369258_100376259,52.58327931,+
EPHB1,chr8_108240075_108242111,52.57819849,-
HNRNPA2B1,chr12_96003920_96006313,52.57115605,+
PCBP2,chr11_112085462_112086639,52.56722891,+
G3BP1,chr1_168004793_168038370,52.55610422,+
SAMD9L,chr12_27022621_27027346,52.54589382,-
EPHA1,chr12_6330711_6333068,52.53220322,-
ZC3H3,chr18_23506642_23533354,52.52632948,+
TDRKH,chr6_125248383_125253716,52.49899451,-
CASKIN2,chr17_38809765_38810467,52.47238598,+
ZC3H3,chr17_32360967_32362913,52.46915562,-
PABPC1,chr10_26751783_26755654,52.46784852,-
KRR1,chr1_23971439_23971572,52.45726678,+
SFMBT1,chr17_8460160_8466929,52.44802259,-
EPHB1,chr12_6653050_6656726,52.42006794,-
SLTM,chr17_36578192_36579244,52.41055388,+
EWSR1,chr3_100310542_100316098,52.40392697,+
RBM25,chr2_27312772_27322447,52.39015673,+
RAVER2,chr2_121471274_121503166,52.38762427,+
HNRNPL,chr17_7017014_7017256,52.36974802,+
ANKS6,chr10_103111805_103139405,52.35561829,+
RBM17,chr1_162590511_162597791,52.35349771,+
U2AF1,chr17_21198840_21210935,52.35230622,+
CIRBP,chr14_88609403_88609714,52.33865726,+
U2AF2,chr1_74706994_74707102,52.32627539,-
RBM39,chr12_98531838_98532822,52.31210708,+
TIA1,chr10_26759238_26765217,52.30626046,+
DDX43,chr10_26759235_26765217,52.29096728,-
U2AF1,chr2_111367575_111494884,52.27183985,-
CPEB3,chr20_17970370_17988165,52.26849305,-
PARN,chr2_96601776_96602115,52.24205479,+
EWSR1,chr14_35046628_35050032,52.19838995,+
ZC3H3,chr17_32360967_32362913,52.17481218,-
TARDBP,chr1_108696337_108698603,52.17335508,+
CPSF6,chr8_129879471_129903311,52.16851518,+
EPHB6,chr1_182388750_182391174,52.16569676,+
QKI,chr2_74142360_74145188,52.13644299,+
U2AF2,chr5_224521_225882,52.120652,+
DKC1,chr14_39321056_39326863,52.11849418,+
SLTM,chr2_44218537_44230412,52.09257948,+
TIAL1,chr11_62634375_62634820,52.08499805,+
LARP4,chr15_50300902_50301256,52.06296652,+
G3BP2,chr6_99412318_99412550,52.05984855,+
TLR2,chr2_238194331_238194804,52.04855497,-
HNRNPC,chr8_143581328_143586728,52.04085567,+
KHDRBS1,chr15_50725323_50726320,52.03892644,+
HNRNPK,chr22_35781746_35809779,51.99851251,+
RBM22,chr15_101651773_101652270,51.99651887,+
PCBP1,chr18_36787079_36798448,51.94840397,+
SART3,chr7_100149053_100149498,51.92406819,+
SYNJ1,chr2_26261063_26263379,51.91852925,+
PABPC1,chr8_81715114_81718181,51.8932808,+
RBM17,chr9_89332986_89334635,51.8919486,+
HNRNPK,chr3_28241812_28316332,51.88160299,+
HNRNPL,chr13_37048599_37051487,51.84441864,+
RBM25,chr12_70332846_70335437,51.83879089,+
KHDRBS1,chr20_284081_290258,51.83134353,+
HNRNPF,chr4_83456958_83459739,51.82865674,+
PNPT1,chr2_271939_272191,51.77981881,+
HNRNPM,chr8_61619019_61633682,51.76070809,+
RBM34,chr5_103184744_103190841,51.73848893,+
U2AF2,chr5_57247215_57249453,51.67226303,+
SUPT6H,chr16_80976179_80981805,51.66596117,+
ZRANB2,chr18_26035127_26035830,51.64850986,-
EIF2S1,chr22_17750174_17774380,51.6279501,-
HNRNPK,chr12_124913092_124913320,51.6178252,+
HNRNPA2B1,chr1_51714079_51745535,51.57409424,+
LARP7,chr3_185926734_185937824,51.55449415,+
PARN,chr1_207767823_207770320,51.53520693,+
MBNL3,chr12_121903107_121915858,51.50634722,-
SYNJ1,chr2_112652798_112652888,51.4565235,-
SFMBT1,chr1_32226320_32228498,51.44667683,-
RBM22,chr1_168023047_168038370,51.44364959,-
CPSF7,chr1_35176474_35177318,51.43438835,+
LARP7,chr6_167010893_167013507,51.42345584,+
PCBP1,chr10_72216138_72223887,51.41404012,+
GRSF1,chr2_73732285_73734428,51.40592881,+
HNRNPF,chr6_36970694_36972702,51.39222805,+
EPHB6,chr17_50737479_50740305,51.38234285,-
SFPQ,chr2_58146474_58159348,51.37473264,+
SLTM,chr10_72216138_72223887,51.35422611,+
DGKD,chr16_18789118_18790243,51.34825886,-
NONO,chr5_112864732_112867371,51.34307151,+
PNPT1,chr8_81715114_81718181,51.3351677,+
SARM1,chr15_43792611_43792974,51.32370836,+
AKAP1,chr15_64075537_64088686,51.31672297,+
SFPQ,chr6_99414690_99416348,51.31123132,+
U2AF1,chr11_57737668_57738353,51.29876124,+
EPHB6,chr7_8232752_8235909,51.29829032,-
SFMBT1,chr3_9977446_9986506,51.28788932,+
HNRNPM,chr6_44226167_44227262,51.2797662,+
HNRNPF,chr13_19709599_19730238,51.27796998,+
PNPT1,chr8_140890769_140925660,51.27095073,+
ANKS1B,chr7_141738575_141739123,51.25194442,-
PABPC1,chr14_73148106_73170796,51.23569395,+
FXR1,chr6_33417695_33417868,51.19700783,+
ALKBH8,chr12_25225773_25245273,51.17580046,-
PCBP2,chr12_50138617_50142052,51.17545744,+
ZC3H3,chr7_112468115_112470898,51.16947981,-
TRA2A,chr11_47569891_47571470,51.15654291,-
HNRNPL,chr10_89010600_89011998,51.11950785,+
HNRNPL,chr20_58895684_58903530,51.0891193,+
HNRNPF,chr1_85258722_85259357,51.07773926,+
TARDBP,chr7_849603_849922,51.05329049,+
LARP7,chr20_58895684_58903530,51.05290925,+
FXR1,chr20_410025_417525,51.0528492,+
EPHB6,chr7_105068545_105073618,51.03210281,-
MKRN3,chr12_28190641_28257201,51.02736439,-
EPHB6,chr19_1036246_1036415,50.97776579,+
L3MBTL3,chr3_3129188_3129918,50.97491719,+
TRA2A,chr6_85536924_85541984,50.95300472,+
PNPT1,chr14_55661612_55667240,50.95194261,-
HNRNPM,chr1_156738764_156741011,50.95021498,+
AKAP1,chr4_118278792_118279388,50.94963939,-
PCBP2,chr12_88035738_88042824,50.94767348,+
SF1,chr2_30148541_30156627,50.93574933,+
PCBP2,chr19_16647261_16659394,50.89869617,+
PUM1,chr20_35739547_35740524,50.8447217,-
DDX43,chr4_168916027_168924254,50.8312662,-
CIRBP,chr16_634956_635280,50.81829631,+
PCBP1,chr1_39480009_39484600,50.80893489,+
CPSF6,chr16_635340_636093,50.78881827,+
KIF24,chr3_169773462_169774264,50.78030231,-
HNRNPA0,chr1_234398553_234401180,50.76377734,+
FUS,chr12_53467843_53468776,50.75136831,+
SF3B4,chr20_34073635_34075873,50.73524925,+
HNRNPK,chr1_28229023_28232920,50.72591752,+
CPSF4,chr2_42697834_42704193,50.71925603,-
RBM39,chr12_62325933_62355330,50.69241643,+
RBM15,chr17_58347241_58351401,50.67604262,-
HNRNPC,chr22_46343368_46346421,50.65690047,+
SF1,chr15_49137437_49139527,50.63266607,+
CPSF6,chr2_27772692_27779432,50.62246268,+
SFPQ,chr1_168004793_168038370,50.60468608,+
RBM39,chr6_41090309_41091545,50.59341469,+
PUM2,chr10_29409683_29415356,50.57162914,+
PTBP1,chr11_61438113_61445940,50.52194861,+
EIF4B,chr18_58333892_58335477,50.51885172,+
SAMD9L,chr9_73151924_73154460,50.5166193,+
RBM15,chr22_43151604_43161051,50.51644692,-
MATR3,chr9_112694233_112716460,50.50065777,+
TOE1,chr20_1455037_1458199,50.49550335,-
SF1,chr7_117134192_117136080,50.49313286,+
MATR3,chr20_43458509_43459770,50.49281351,+
L3MBTL3,chr1_25826826_25829617,50.48434299,-
EIF4B,chr1_35184593_35187000,50.47111674,+
DDX43,chr4_82425667_82426036,50.45794382,-
PCBP1,chr3_138187599_138188454,50.45442366,-
IGF2BP2,chr12_103951630_103956630,50.44972722,+
RBM39,chr5_96727530_96729611,50.44352904,+
YTHDC2,chr2_177234271_177263402,50.37895192,-
EIF3G,chr17_42567655_42568836,50.3477862,+
PABPC1,chr4_118278792_118279388,50.30351032,+
RBM39,chr6_31639226_31640198,50.29407734,+
DKC1,chr1_168004793_168022987,50.21925034,+
RBM17,chr14_55664041_55667240,50.21196393,+
PNPT1,chr17_73212740_73227164,50.20981586,+
L3MBTL3,chr4_87445507_87449141,50.19933393,+
GRSF1,chr6_87569590_87589700,50.17229239,+
L3MBTL3,chr18_3247587_3253232,50.161114,-
MATR3,chr17_50737026_50737286,50.11032624,-
FXR1,chr11_95914312_95923874,50.08769164,+
RBM17,chr17_36578192_36579244,49.99810391,-
RBM39,chr14_24232977_24233218,49.96145443,+
HNRNPK,chr2_227340380_227355676,49.93966817,+
NONO,chr1_154214574_154220341,49.93677855,+
TRA2A,chr5_43555999_43556818,49.93276976,+
TARDBP,chr14_55661612_55667240,49.91503654,+
PUF60,chr13_19709599_19730238,49.88474387,+
HNRNPK,chr5_96729209_96729611,49.88313939,+
TROVE2,chr2_227340380_227347225,49.86376233,+
HNRNPK,chr19_18907112_18910970,49.86023049,+
HNRNPL,chr14_35046628_35053277,49.85710391,+
SSB,chr11_77821241_77842478,49.82174098,+
DKC1,chr1_111137586_111140037,49.8187063,+
EWSR1,chr6_99412318_99412550,49.80576357,+
PTBP1,chr13_37047936_37051487,49.80494495,+
PUM1,chr3_138187599_138209816,49.79324219,+
EWSR1,chr19_40348768_40366418,49.78850239,+
YTHDC2,chr22_31528863_31546860,49.72538591,+
HNRNPK,chr10_99747390_99754528,49.71789068,+
RBM17,chr1_193016395_193020306,49.7098847,+
PABPC4,chr3_143023064_143027148,49.69278909,+
PABPC1,chr12_76450988_76487509,49.66365541,+
PUF60,chr21_36048396_36053582,49.66268135,+
G3BP1,chr5_34911812_34914694,49.65448579,+
PABPC4,chr11_502249_507112,49.64102113,+
TLR2,chr9_26913947_26919309,49.63270356,-
DDX43,chr1_154212624_154214456,49.61377178,-
HNRNPK,chr5_140281533_140303040,49.60934526,+
HNRNPL,chr8_17924780_17935588,49.59505773,+
U2AF2,chr2_44321445_44322730,49.59119803,-
PNPT1,chr16_208188_220648,49.57957758,+
ZC3H7B,chr1_235829036_235830225,49.54206748,-
QKI,chr12_862270_871264,49.52953088,+
SARM1,chr10_30337031_30340225,49.51079419,-
SF3B4,chr16_2205512_2206030,49.50437762,+
PARN,chr1_207767823_207770320,49.50210273,+
HNRNPA2B1,chr7_5229738_5230834,49.48789507,+
EIF4B,chr9_99218836_99221546,49.45555895,+
HNRNPK,chr17_82019381_82019857,49.43959114,-
PABPC4,chr6_167010893_167022408,49.42554292,+
G3BP2,chr6_43054486_43055544,49.39683311,+
DDX43,chr10_29686651_29735750,49.37933454,-
CPEB3,chr15_40037355_40038281,49.33229485,-
FUS,chr14_45109780_45109893,49.30033311,+
TLR2,chr1_168004793_168038370,49.27807757,-
PCBP1,chr14_49602468_49607399,49.25737075,+
HNRNPC,chr2_200860215_200861237,49.25512897,+
U2AF2,chr12_31305123_31326023,49.23566916,-
EIF4B,chr17_67959875_67964211,49.19976816,+
CPSF6,chr4_82425667_82426036,49.16293446,+
SFPQ,chr9_37780880_37783913,49.1578939,+
EWSR1,chr20_62308178_62308654,49.12790608,+
RBM17,chr2_219498938_219499955,49.0250819,+
SLBP,chr4_82857764_82861630,48.99704675,+
NCBP2,chr1_228109021_228109148,48.99418202,+
SARM1,chr2_97194754_97204190,48.97301945,-
SFPQ,chr19_16647261_16659394,48.96953835,+
PUM1,chr1_70231975_70232267,48.94149403,+
KHDRBS1,chr1_71065752_71066775,48.93293672,+
SAMD9L,chr17_81933376_81934652,48.93104577,-
L3MBTL3,chr2_1665074_1673642,48.90683598,-
GRSF1,chr7_5229705_5230834,48.89930926,+
RBM17,chr3_108047292_108057476,48.8967695,-
TIAL1,chr4_102826636_102827943,48.87054943,+
PTBP1,chr2_27772692_27779432,48.85575237,-
PCBP1,chr19_45164970_45178134,48.85153194,+
DDX43,chr9_78265906_78266441,48.78079206,+
PUF60,chr2_222643005_222648739,48.76974431,+
EPHA7,chr20_35729362_35729461,48.76417919,-
EIF4B,chr6_90536401_90547257,48.70581387,+
TOE1,chr3_183840640_183844230,48.69512784,+
GRSF1,chr6_125292909_125298713,48.65490982,+
EIF2S1,chr2_55577356_55579678,48.64952478,+
HNRNPL,chr1_112705168_112707077,48.63200673,+
NCBP2,chr12_21506976_21507116,48.60175403,-
KIF24,chr9_14179780_14307213,48.59346352,-
DDX43,chr1_156011887_156018131,48.5774732,-
EWSR1,chr20_47298947_47310055,48.57431231,+
FUS,chr2_105396697_105398969,48.56669411,+
U2AF1,chr19_16646800_16647095,48.55644717,+
U2AF1,chr8_73978861_73981154,48.55218181,+
CCAR1,chr9_72360787_72364695,48.5501209,+
DDX43,chr1_156137232_156138487,48.54849749,-
HNRNPL,chr17_7017014_7017256,48.54120456,+
SSB,chr11_66644140_66646026,48.53223786,+
HNRNPF,chr11_2945646_2951258,48.48811764,+
RBM39,chr17_68250480_68250793,48.45167588,+
HNRNPK,chr4_53377923_53379072,48.42133008,+
HNRNPA1,chr19_18905629_18910970,48.40026403,+
MATR3,chr15_79889354_79896871,48.38915518,+
RBM34,chr8_124516030_124518817,48.38682634,+
RBM34,chr14_55661612_55667240,48.37626811,-
CSTF2,chr12_95252071_95257149,48.36655129,-
ZRANB2,chr13_27440449_27445087,48.34550069,+
PABPC1,chr1_155260659_155262085,48.34124033,-
HNRNPC,chr5_66158932_66159218,48.33947935,+
SSB,chr1_39563741_39564422,48.28084986,+
HNRNPA0,chr12_56158711_56159974,48.27791041,-
HNRNPC,chr14_55673012_55675834,48.22931553,+
CPSF6,chr12_55903480_55927075,48.18208216,+
CPSF6,chr9_32988129_32989758,48.15416803,+
PCBP2,chr2_112652798_112652888,48.15283162,+
U2AF2,chr9_37780880_37781985,48.12483577,+
NCBP2,chr3_15242253_15246731,48.1165705,+
EPHA7,chr2_28783978_28799198,48.09867716,-
PABPC1,chr19_35631405_35633097,48.09326654,+
RBM25,chr1_51714079_51745535,48.06820054,+
FMR1,chr11_118786518_118790886,48.06085675,+
HNRNPL,chr4_107660072_107682014,48.04601486,+
CASKIN2,chr12_6653050_6656726,48.04531604,-
TIAL1,chr2_227340380_227342744,48.04154792,+
HNRNPK,chr5_140281533_140303040,48.03213374,+
HNRNPK,chr1_156738764_156741052,48.02973302,+
GRSF1,chr1_74707204_74710097,47.97913107,+
PABPC1,chr10_68332216_68337198,47.96383133,+
EIF4B,chr19_38893867_38899505,47.94589501,+
PARP12,chr9_99221137_99221546,47.94527558,-
PUF60,chr13_37048599_37051487,47.93963641,+
HNRNPL,chr2_46581591_46588074,47.93344415,+
FUS,chr17_5422829_5432541,47.90700133,+
PABPC4,chr5_154941265_154956370,47.89782285,+
RBM24,chr20_1455037_1458199,47.8861554,-
PNPT1,chr2_176269669_176296859,47.88337467,+
PCBP2,chr12_62349307_62355330,47.83589139,+
SF3B4,chr8_143818534_143821596,47.83452554,+
PUF60,chr2_111429620_111494884,47.8216888,+
MATR3,chr5_96702915_96722638,47.818848,+
HNRNPC,chr6_87569590_87589700,47.81526544,+
PUM1,chr18_58333892_58341037,47.78166291,+
SUPT6H,chr8_89762982_89765340,47.77821618,+
ASCC1,chr8_85217502_85219322,47.77686357,+
PCBP2,chr17_27307919_27309099,47.75613612,-
U2AF1,chr12_122520581_122521384,47.75318299,+
DDX43,chr17_16440253_16441367,47.73315643,-
HNRNPK,chr6_31639226_31640198,47.71877587,+
RBM25,chr8_143818534_143821596,47.68222875,+
NONO,chr9_129489299_129493418,47.67487268,+
TRA2A,chr5_112864732_112867371,47.64121143,+
RBM34,chr1_25244498_25245149,47.64093213,+
NCBP2,chr1_45552563_45561788,47.63903646,-
HNRNPK,chr2_177234271_177263402,47.63407,+
SSB,chr12_124913190_124913418,47.61820106,-
SSB,chr9_137576167_137577469,47.6024224,+
HNRNPC,chr1_224317930_224326390,47.60209166,+
CSTF2,chr20_47298872_47310055,47.59057307,+
TROVE2,chr18_13666713_13681604,47.54154541,+
PABPC1,chr4_53377923_53379224,47.45117538,+
TARDBP,chr7_30498938_30504568,47.42924923,+
SSB,chr2_227340380_227355676,47.42151046,+
HNRNPC,chr12_124913190_124913418,47.41212021,-
SF3B4,chr20_59036760_59038465,47.39512171,-
RBM25,chr12_124911971_124913567,47.37259206,+
DDX43,chr9_86317276_86319583,47.3619811,+
HNRNPK,chr5_135346057_135352945,47.36062973,+
PUF60,chr19_18571909_18573292,47.34404029,-
CIRBP,chr11_95865676_95888155,47.2927157,+
PCBP1,chr12_124911971_124912427,47.29198823,+
PUF60,chr1_244835756_244842194,47.25286241,+
DKC1,chr6_122427956_122431429,47.24933001,+
SSB,chr1_207785682_207790252,47.23460618,+
EIF3G,chr1_71065752_71066775,47.22963209,+
FUS,chr1_61683546_61694696,47.2215526,+
DKC1,chr1_39563922_39564422,47.19605709,+
RAVER2,chr15_101650161_101652270,47.18563565,-
SLBP,chr20_58895684_58903530,47.18228066,-
EWSR1,chr4_98352601_98379016,47.16006466,+
SART3,chr6_36600276_36601151,47.13913932,-
EIF4B,chr12_49367587_49460769,47.13844633,-
DDX43,chr1_155256791_155258825,47.12333449,-
SFPQ,chr12_124911952_124913092,47.10678981,+
SARM1,chr2_97558994_97584943,47.10179985,-
TARDBP,chr2_131501508_131506311,47.09523887,+
G3BP1,chr3_100310542_100316098,47.08306144,+
U2AF1,chr11_57737668_57738353,47.07354071,+
HNRNPC,chr1_45568684_45568926,47.06996279,-
CASKIN2,chr9_26887513_26892412,47.05665454,+
QKI,chr6_31540664_31541949,47.05237354,-
HNRNPC,chr3_38126341_38126509,47.04561732,+
PUF60,chr3_50061748_50061961,47.04030354,+
EIF4B,chr14_39321056_39326863,47.02324321,+
FUS,chr16_80976179_80981805,46.98648595,+
TARDBP,chr2_177234271_177264531,46.97441526,-
HNRNPC,chr15_74458896_74461036,46.96848896,+
CPSF6,chr11_13421838_13463091,46.95788018,+
SART3,chr19_16647261_16659394,46.93771358,+
KHDRBS1,chr4_53377923_53379224,46.93130532,+
SAFB2,chr2_8812493_8813236,46.9250115,+
U2AF1,chr17_8463354_8466929,46.90429226,+
PARP12,chr1_70231975_70232267,46.89333271,-
CPSF6,chr3_100310542_100316098,46.88895195,+
DDX43,chr2_241315982_241316421,46.87559125,-
PUM1,chr14_55580354_55612018,46.86627003,+
SF3B4,chr10_29409683_29415356,46.86006273,+
HNRNPA1,chr18_26035127_26035830,46.85637253,+
PABPC1,chr2_38749346_38749528,46.84659657,+
PABPC1,chr1_155668717_155670319,46.80468172,+
FMR1,chr3_180970358_180976121,46.80125451,-
RBM39,chr17_81891841_81894466,46.77698403,+
AKAP1,chr4_53379117_53379224,46.71592006,+
RBM25,chr12_122519029_122520503,46.69927054,+
KHSRP,chr15_22845267_22851638,46.67703426,-
RBM39,chr1_30945483_30950132,46.67700609,+
G3BP1,chr19_5657347_5661520,46.66168125,+
LARP7,chr6_85536924_85541984,46.61464474,+
PNPT1,chr14_23562593_23563379,46.57097954,+
PTBP1,chr17_42568559_42568836,46.56941249,+
HNRNPK,chr10_63217331_63264650,46.54870191,+
TOE1,chr1_32634792_32650428,46.54819919,+
SF3B4,chr15_40810757_40812698,46.54420218,+
HNRNPA1,chr1_207767823_207770320,46.49164874,+
SF1,chr3_100310542_100311832,46.49127988,+
HNRNPA0,chr6_44219782_44227262,46.48884003,+
HNRNPF,chr14_23565892_23566063,46.45790728,+
EIF4B,chr7_72830813_72831601,46.45438035,+
FXR1,chr4_53391139_53399729,46.44703337,+
PABPC4,chr17_82019381_82019857,46.4418291,+
RBM17,chr3_152445539_152447619,46.39327712,+
NCBP2,chr4_53391498_53399729,46.38434834,-
PNPT1,chr3_157151930_157152176,46.38110484,+
RBM39,chr1_70228555_70231858,46.38087804,+
CPEB3,chr14_73148094_73170796,46.36088545,-
PNPT1,chr9_72363606_72364695,46.34620996,+
SFPQ,chr6_99414690_99416348,46.32251836,+
SNRPD2,chr10_89010600_89011998,46.30201744,+
U2AF1,chr1_53228954_53233541,46.29979126,+
DKC1,chr1_167773368_167787819,46.28276445,+
CIRBP,chr13_40982282_41019227,46.26956772,+
RBM25,chr5_135346057_135352945,46.22515296,+
PABPC1,chr16_208188_220648,46.21308706,+
SARM1,chr5_140281533_140303040,46.19903979,+
CPEB3,chr19_11345628_11346007,46.19102327,-
RBM39,chr7_101218217_101222603,46.18485634,+
CCAR1,chr3_152445539_152446703,46.18439447,+
EIF4B,chr12_31305123_31326023,46.18271224,+
TRA2A,chr1_219179246_219193081,46.17026422,+
PNPT1,chr12_51049185_51056349,46.13813706,+
G3BP1,chr11_43444209_43445930,46.12829574,+
PPIL4,chr3_28263380_28316332,46.0964376,+
G3BP1,chr3_183840640_183844230,46.0817389,+
SAMHD1,chr9_87727729_87728026,46.07368046,+
RBM34,chr19_40348768_40365552,46.05835012,+
TROVE2,chr4_13368650_13376544,46.0579414,+
TIA1,chr1_228108318_228108436,46.05638383,+
EIF3G,chr19_40365930_40366418,46.05379733,+
CIRBP,chr1_90007750_90010087,46.04343084,+
RBM25,chr9_72360787_72364695,46.03912274,+
U2AF1,chr2_96601776_96602115,45.99957673,+
G3BP1,chr5_103184744_103190841,45.99748214,+
RAVER2,chr2_25451635_25455404,45.98787928,+
CPEB3,chr12_27022621_27027346,45.90132381,-
SLTM,chr20_35772079_35801490,45.89040633,+
HNRNPK,chr10_43396590_43409130,45.86766816,+
RBM39,chr6_44223641_44227259,45.85981023,+
SSB,chr11_884169_893426,45.8519017,+
HNRNPA2B1,chr2_30147062_30156627,45.84946714,+
FUS,chr15_64081151_64088686,45.8272785,+
PNPT1,chr1_71065752_71066775,45.82086034,+
EWSR1,chr2_74135658_74145188,45.80815012,+
MATR3,chr18_9195698_9208656,45.80743922,+
KHDRBS1,chr3_121781874_121788283,45.79827368,+
SF3B4,chr12_103951630_103956630,45.79468583,+
PABPC4,chr17_8463354_8466929,45.7913734,-
PABPC1,chr19_49981013_49988371,45.78480701,+
RBM22,chr8_143581328_143586728,45.76809568,-
SF3B4,chr2_176270419_176296859,45.76132051,+
G3BP2,chr12_122519029_122521384,45.73496773,+
CIRBP,chr6_31540534_31541949,45.72997802,+
RBM15,chr22_36517493_36518762,45.71235427,-
SSB,chr17_73209768_73227164,45.69197882,+
SSB,chr2_227340380_227347225,45.68601636,+
RBM15,chr7_103307708_103308951,45.66153631,+
PTBP1,chr12_47966229_47966682,45.61800997,+
RBM25,chr19_11041560_11058257,45.60812693,+
PUF60,chr3_47277379_47282494,45.60292122,+
HNRNPA2B1,chr5_7873526_7875257,45.59532899,+
RBM25,chr7_65974704_65974918,45.58582633,+
QKI,chr8_102850144_102858012,45.5679623,+
MATR3,chr1_213008466_213013092,45.51770108,+
FMR1,chr20_58895684_58903530,45.50433671,+
PCBP2,chr1_40040801_40059336,45.46856511,+
HNRNPA0,chr15_44403054_44413335,45.46289161,+
SARM1,chr2_159555865_159616241,45.46221237,-
KHSRP,chr4_75793901_75795335,45.45498793,+
PTBP1,chr16_635340_635611,45.43659976,+
RBM34,chr1_207767195_207770320,45.42614896,+
ZCCHC14,chr17_16158873_16171802,45.40692679,+
RBM34,chr22_20315476_20319638,45.36548771,+
EIF4B,chr22_24270983_24302194,45.36098441,+
PCBP2,chr2_177234271_177263402,45.34763328,+
RBM41,chr10_89010600_89011998,45.29045833,+
PTBP1,chr4_53399839_53414614,45.26423288,-
HNRNPK,chr12_88040265_88042824,45.25995298,+
ZCCHC14,chr9_121300126_121301962,45.25447795,-
SARM1,chr4_54726050_54727217,45.24989651,+
U2AF1,chr1_151760899_151762104,45.23991499,+
LARP7,chr3_185926734_185937824,45.23880206,+
CIRBP,chr4_53377923_53379072,45.2374634,+
PABPC4,chr5_163457610_163459861,45.23213955,+
EWSR1,chr6_99403882_99404602,45.22973858,+
HNRNPM,chr6_44223641_44227262,45.22449734,-
PABPC1,chr5_96695907_96722638,45.21461274,+
TRA2A,chr1_25243633_25245149,45.21065148,+
G3BP2,chr5_36177292_36183839,45.20325292,+
SF3B4,chr5_7870923_7875257,45.19725818,+
CCAR1,chr12_53462567_53465931,45.19616005,+
EIF2S1,chr1_51756358_51760689,45.16998383,+
TIA1,chr10_68338642_68339139,45.1571725,+
HNRNPC,chr11_46618375_46630044,45.14429142,+
PPIL4,chr6_85640564_85642796,45.11603862,+
AKAP1,chr19_19194133_19196962,45.10690102,+
PCBP1,chr1_33014594_33021592,45.09809583,+
TOE1,chr20_2461793_2462635,45.02717217,-
FUS,chr1_70231975_70232267,45.00710619,-
DGKH,chr2_241335212_241335958,44.99928645,-
QKI,chr4_67701484_67720421,44.98840979,+
CIRBP,chr11_66640123_66646026,44.98360035,+
SF1,chr1_39563741_39564422,44.96466889,+
TIAL1,chr9_37422805_37424844,44.95866487,+
FXR1,chr16_14998405_15004186,44.92939942,+
EWSR1,chr1_228108318_228109148,44.916509,-
QKI,chr6_116574171_116580294,44.83624118,+
HNRNPM,chr3_121788432_121790072,44.82989191,+
SAFB2,chr12_122520581_122521384,44.81268452,+
PCBP2,chr4_67701484_67720421,44.79962744,+
RBM25,chr3_41239354_41239818,44.79708753,-
EWSR1,chr4_55418164_55424537,44.78485676,+
HNRNPM,chr20_47298947_47310055,44.78400049,+
PARP12,chr12_31305123_31326023,44.7823937,-
EIF2S1,chr10_102452187_102455336,44.78067901,+
G3BP1,chr17_81682675_81683012,44.76644468,+
SF3B4,chr4_118278792_118278943,44.76623436,+
RBM22,chr6_75634811_75647730,44.74837396,+
HNRNPA0,chr19_10682704_10683136,44.73478892,+
PCBP2,chr3_25719635_25729132,44.72271463,+
QKI,chr7_141010660_141014910,44.69800278,+
PNPT1,chr3_15414162_15415771,44.69163612,+
SLTM,chr22_35257557_35263077,44.67365901,+
AKAP1,chr8_129871496_129903311,44.66395744,+
PPIL4,chr6_36970694_36972702,44.65957132,+
U2AF1,chr20_38421098_38426418,44.65498006,+
AKAP1,chr3_185926734_185937824,44.62919046,+
FUBP3,chr12_124913092_124913548,44.61512869,-
HNRNPA1,chr7_30500681_30504568,44.60757114,+
RBM22,chr13_40982282_41060837,44.60597876,+
CPSF6,chr12_122981266_122981594,44.60255001,+
LARP4,chr1_160224549_160225590,44.59461983,+
LARP7,chr4_53377923_53379224,44.58331868,+
SSB,chr18_694334_706469,44.56414816,+
PTBP1,chr5_138157267_138160068,44.56149253,+
SF3B4,chr11_112085462_112086639,44.54298297,+
MATR3,chr9_136850560_136850754,44.4940492,-
SSB,chr6_41068953_41070075,44.4709186,+
HNRNPF,chr15_80098578_80120327,44.4682273,+
FXR1,chr3_37355187_37366079,44.46727636,+
G3BP2,chr6_90536401_90547257,44.46410471,+
MATR3,chr7_22946163_22960255,44.46204741,+
LARP4,chr16_634797_634888,44.45235435,+
HNRNPM,chr12_53462567_53465931,44.45215712,+
PUM2,chr11_124625903_124626903,44.43536196,+
FUS,chr15_66495419_66497641,44.42663036,+
PNPT1,chr6_79201726_79202275,44.40857685,+
RBM34,chr5_71604468_71626639,44.38343693,+
PCBP2,chr12_42375074_42387455,44.37855349,+
SFPQ,chr1_161750145_161751667,44.37782058,+
SARM1,chr5_140281533_140303040,44.35691007,+
CPSF6,chr4_53428183_53440581,44.34210137,+
NONO,chr5_57221396_57230845,44.33149173,-
RBM15,chr1_150698734_150703309,44.33137002,+
TRA2A,chr1_35176471_35177318,44.28441242,+
HNRNPK,chr4_26362628_26386352,44.21128429,+
HNRNPL,chr6_125292909_125298713,44.21062039,+
SLTM,chr2_73957240_73958145,44.18101299,-
HNRNPA2B1,chr1_167773368_167787819,44.10519684,+
AKAP1,chr19_10682704_10683136,44.08563343,+
RBM39,chr11_73716362_73718784,44.06298996,+
TARDBP,chr6_26124633_26138053,44.05148518,+
RBM25,chr12_57720263_57720405,44.04343856,+
PABPC1,chr10_110130486_110133325,44.01551528,+
FMR1,chr3_12606299_12608765,43.99659779,+
EIF4B,chr18_58333892_58341037,43.99457001,+
HNRNPA0,chr17_49707068_49707729,43.99293479,+
SSB,chr7_117131960_117134123,43.93909359,+
KHDRBS1,chr6_125298816_125300537,43.91561348,+
NONO,chr2_44218537_44232315,43.88723881,+
EIF2S1,chr1_228140363_228141123,43.88459199,+
KRR1,chr1_162561777_162566011,43.87965293,+
NCBP2,chr3_183833589_183840569,43.87815499,+
SART3,chr10_68332216_68337198,43.86913106,+
HNRNPA2B1,chr8_52624787_52628031,43.85674957,+
CASKIN2,chr12_5358361_5367802,43.83876807,+
KRR1,chr1_23967723_23971572,43.81085382,+
G3BP1,chr7_99571792_99572244,43.81022353,+
PUF60,chr20_49280964_49289044,43.79586879,+
GRSF1,chr10_72216138_72230365,43.78312953,+
EIF3G,chr8_61643433_61644599,43.76896009,+
PABPC1,chr2_232556530_232564246,43.73098029,+
PCBP1,chr11_502181_507112,43.72772708,+
TIAL1,chr8_73979171_73981154,43.72769902,+
HNRNPK,chr11_73716362_73718612,43.71751217,+
PUM1,chr12_57517424_57517705,43.71706258,-
PCBP2,chr11_47565986_47571470,43.69046178,+
HNRNPF,chr16_89907322_89908965,43.67698314,+
HNRNPC,chr17_38755990_38762410,43.65469093,-
LARP7,chr2_38577532_38581912,43.65435765,+
MATR3,chr20_43459420_43459770,43.64951827,+
HNRNPM,chr11_2945646_2951258,43.64723235,+
QKI,chr8_73978861_73981154,43.60890925,-
TRA2A,chr9_37422805_37424844,43.60857901,+
TIAL1,chr18_35291232_35305975,43.5739376,+
KHSRP,chr14_73148094_73170796,43.57113044,+
NONO,chr2_227352573_227355676,43.56669491,+
U2AF1,chr1_154212624_154214456,43.55535707,+
MATR3,chr11_77821241_77842478,43.55247804,+
RBM39,chr17_73209768_73227164,43.52145145,+
RBM34,chr12_32737161_32738263,43.51397103,+
PCBP2,chr8_17939861_17947185,43.51032321,+
ZRANB2,chr3_113724095_113745941,43.50733963,+
ZRANB2,chr14_39319291_39320927,43.48976895,+
EWSR1,chr10_31852597_31861394,43.48066779,+
PCBP2,chr8_143818534_143821596,43.4769322,-
PUF60,chr3_37091538_37094791,43.43733168,+
SARM1,chr12_26231780_26231922,43.43007668,-
SARM1,chr10_80078786_80081840,43.42591833,-
HNRNPA2B1,chr5_140487060_140496519,43.42252545,+
CIRBP,chr16_1786655_1787676,43.41854998,+
EIF3G,chr1_228108321_228108954,43.41016665,-
RBM39,chr4_53399839_53425871,43.4099909,+
MATR3,chr17_42953778_42954875,43.36470756,+
NONO,chr4_53399839_53425871,43.33285711,+
HNRNPC,chr22_46337944_46343261,43.287681,+
HNRNPL,chr1_32634110_32634767,43.28470674,+
PCBP1,chr1_155136376_155137560,43.26422268,+
RBM39,chr5_138518867_138542832,43.26295259,+
RBM34,chr2_227340380_227347225,43.22339761,-
SF3B4,chr12_96003064_96006313,43.18161156,+
MATR3,chr7_107613432_107618327,43.16904767,+
DKC1,chr17_76557857_76561287,43.13578801,+
HNRNPK,chr11_61438113_61445940,43.13252443,+
SFPQ,chr6_10749698_10755141,43.13223675,+
HNRNPC,chr8_143581328_143586728,43.11790715,+
PCBP1,chr1_53233652_53235576,43.10636611,+
SART3,chr6_31639226_31639499,43.10620829,+
HNRNPAB,chr3_52198255_52199209,43.08915258,+
PUF60,chr6_26124633_26127697,43.08834215,+
EWSR1,chr16_68346280_68352247,43.08486945,+
EWSR1,chr6_99414690_99416348,43.04760614,+
RBM22,chr1_45568684_45568926,43.00389595,-
NCBP2,chr20_5109445_5112960,42.99922361,+
SSB,chr10_78037304_78040614,42.97599593,+
PABPC1,chr2_201072059_201078880,42.969457,+
NCBP2,chr1_174957549_174969276,42.9488899,+
AKAP1,chr5_179614959_179616125,42.94041314,+
KHSRP,chr12_122519029_122521384,42.92306594,-
EIF2S1,chr1_53940097_53946236,42.92300181,+
U2AF1,chr2_215379317_215382211,42.90076469,-
RBM39,chr9_35684550_35684731,42.86740669,+
HNRNPA1,chr1_154988849_154990158,42.86424091,+
SFPQ,chr1_32634110_32634767,42.86322265,-
DKC1,chr19_19194133_19196962,42.86271131,+
SF3B4,chr1_22052742_22078428,42.83507765,+
FXR1,chr18_62161385_62163530,42.75406815,+
CIRBP,chr9_122286166_122291748,42.75176596,+
SFPQ,chr1_168004793_168038370,42.7408341,+
TARDBP,chr10_89010600_89011998,42.72285205,+
TRA2A,chr8_73027052_73032041,42.70297567,+
KRR1,chr19_1032696_1036129,42.69960087,+
PUF60,chr1_24464120_24468985,42.67511878,+
PARP12,chr6_122675144_122701439,42.6739268,-
CPSF6,chr15_79889354_79896871,42.66106175,+
HNRNPC,chr11_33731468_33736381,42.65124606,+
SSB,chr4_82857764_82862533,42.64759526,+
DGKH,chr6_128409332_128520258,42.63498548,-
HNRNPK,chr7_99892746_99903217,42.61336524,+
SSB,chr20_17660528_17682027,42.60276867,+
PUM1,chr8_89762982_89765340,42.59415597,+
FXR1,chr4_53428183_53440581,42.55337886,+
KHDRBS1,chr16_208188_220648,42.54666459,-
HNRNPL,chr1_24663224_24666814,42.54506845,+
EIF3G,chr4_53399839_53425871,42.53534945,+
U2AF1,chr12_53462567_53464759,42.52778458,+
MATR3,chr18_9204544_9208656,42.52544396,+
TIAL1,chr19_49666799_49668850,42.50800485,+
PTBP1,chr2_219498938_219499960,42.50375955,+
PCBP2,chr4_73135265_73139530,42.45549986,+
PNPT1,chr2_61888257_61888380,42.43917592,+
SF3B4,chr3_48927813_48961611,42.43375274,+
PNPT1,chr6_26124749_26127697,42.41988613,+
G3BP1,chr4_53391139_53399729,42.41681542,+
PARP12,chr4_107660072_107682014,42.40220124,-
HNRNPA1,chr12_62325933_62355330,42.39982758,+
SSB,chr14_55580354_55601756,42.39453675,+
PARP12,chr4_51899378_51911069,42.3879926,-
AKAP1,chr2_70227822_70229263,42.31763045,+
SSB,chr4_73140283_73141740,42.31738092,+
PARP12,chr12_71907138_71913825,42.31705087,-
KRR1,chr1_167776166_167787819,42.31552968,+
RBM25,chr1_151760899_151762104,42.30675504,+
SF3B4,chr4_82424883_82425562,42.30607805,+
HNRNPC,chr7_101318213_101318955,42.29757278,+
RBM39,chr18_74496431_74499881,42.29142254,+
HNRNPC,chr2_272305_275139,42.25603898,+
FMR1,chr12_55903480_55927724,42.24833482,+
QKI,chr1_112703806_112705099,42.22624926,-
PTBP1,chr6_311962_335113,42.17883232,+
FUS,chr10_73030370_73044980,42.17288858,+
G3BP2,chr10_73030370_73044980,42.15122177,+
ASCC1,chr12_47966229_47966682,42.14742833,-
LARP4,chr12_31298224_31326023,42.11184326,+
DKC1,chr1_51652041_51714002,42.1074656,+
MATR3,chr19_9818617_9818727,42.10317567,+
RBM34,chr2_55577356_55578246,42.09063508,+
HNRNPL,chr1_228109021_228109260,42.0864039,+
TRA2A,chr11_83280260_83285552,42.07395548,+
QKI,chr4_82425667_82426036,42.07131853,-
EIF4B,chr1_85259061_85259357,42.04897267,+
HNRNPM,chr12_124912734_124912962,42.04802934,+
RBM25,chr6_167010893_167013507,42.03117581,+
SART3,chr4_26321048_26386352,42.02337693,+
DKC1,chr1_25243633_25245149,42.02094824,+
TIAL1,chr7_5730817_5739275,42.01703303,+
NCBP2,chr20_284081_290258,42.00406205,+
SSB,chr12_6724179_6724613,41.99593663,+
PCBP2,chr6_99414690_99416348,41.9683002,+
QKI,chr4_53399839_53414614,41.92829849,+
PCBP1,chr11_73716362_73718784,41.85799657,+
FMR1,chr1_154261697_154266500,41.84898655,+
KHSRP,chr2_11773745_11779518,41.83958685,-
EWSR1,chr19_41433673_41438217,41.83411499,+
SFPQ,chr14_23960003_23967210,41.83235239,+
CPSF6,chr12_51049185_51052091,41.82405616,+
SF3B4,chr6_31639646_31640198,41.81819747,+
TARDBP,chr16_66558348_66563121,41.80617556,+
AKAP1,chr6_126006954_126008391,41.80551063,+
ASCC1,chr6_90544632_90547257,41.79259385,+
G3BP2,chr3_157151930_157152176,41.78797901,-
U2AF1,chr18_50273471_50273563,41.78315552,+
SSB,chr10_73030370_73044980,41.76509698,+
HNRNPL,chr8_56211837_56212761,41.71528112,+
TIA1,chr1_108693642_108695701,41.6991979,-
TIAL1,chr4_82355401_82356795,41.68226825,+
RBM34,chr17_81891841_81893551,41.67861215,+
LARP7,chr8_143818534_143821596,41.65855991,+
NONO,chr5_66153596_66159218,41.64621318,+
EIF4B,chr14_88596808_88601923,41.64277445,+
CPSF6,chr1_51714079_51745535,41.64223645,+
ZRANB2,chr11_61430182_61445940,41.63249259,+
SSB,chr3_197069260_197076585,41.61856585,+
SUPT6H,chr2_241268541_241315569,41.61448241,-
SSB,chr9_33347117_33351559,41.59347526,+
PABPC1,chr9_33332502_33338506,41.58247943,-
PABPC4,chr1_202764145_202773117,41.57591485,+
HNRNPA2B1,chr17_5428211_5432541,41.57140608,+
RBM39,chr1_77967098_77967626,41.56961573,+
SF3B4,chr2_200860215_200861237,41.56243218,+
LARP4,chr2_202278329_202282350,41.55649973,-
RBM15,chr6_44223641_44227262,41.53239557,-
DAZAP1,chr12_70332846_70335437,41.50432481,+
EIF4B,chr3_37091538_37094791,41.49877501,+
GRSF1,chr3_197149796_197194424,41.48262073,+
RBM34,chr11_85631316_85631686,41.47967239,+
RBM34,chr8_17939861_17947185,41.47353728,+
PCBP2,chr12_112013609_112022149,41.43336569,+
EIF3G,chr9_89332986_89334521,41.42972013,+
ZRANB2,chr12_108564155_108564278,41.41343918,+
SSB,chr20_58895684_58903530,41.38861126,+
HNRNPL,chr15_80059809_80120327,41.31977543,+
RBM25,chr1_162590511_162597791,41.31893693,+
EWSR1,chr12_96003064_96006313,41.31044131,+
HNRNPA0,chr16_189339_189967,41.26925092,+
PPIL4,chr1_168004793_168038370,41.26780444,+
LARP7,chr7_30498938_30504568,41.25783701,+
G3BP1,chr2_222900780_222908732,41.2450678,+
PUM1,chr10_72216072_72223887,41.2123707,+
SF1,chr14_55664041_55667240,41.20578408,+
GRSF1,chr12_56159622_56159974,41.20016824,-
HNRNPC,chr8_140890769_141001124,41.17071344,+
PCBP2,chr9_33953474_33960825,41.12341045,+
RBM34,chr8_73027052_73032041,41.12081026,+
PUM1,chr8_61619019_61633682,41.12023533,+
PUF60,chr1_244835756_244842194,41.11251445,+
RBM39,chr11_47565986_47571470,41.02919439,+
SART3,chr10_110132400_110133325,41.02586105,+
LARP4,chr7_30500681_30504568,40.99722416,+
PCBP1,chr19_45164970_45178134,40.99551131,+
CPSF7,chr10_26751783_26755654,40.99160688,-
PCBP2,chr4_83456958_83459739,40.98964916,+
HNRNPC,chr12_122519029_122521384,40.98447303,+
CIRBP,chr15_29719138_29719776,40.98143676,+
HNRNPL,chr17_5428211_5432541,40.97880395,+
RBM17,chr16_84498111_84504600,40.97768751,+
TARDBP,chr7_27816394_27816889,40.97425565,+
CSTF2,chr4_112637239_112644667,40.95035693,+
SF3B4,chr4_82898062_82900076,40.94844418,+
SF3B4,chr11_62633514_62634820,40.93760273,+
RBM22,chr12_98531838_98537474,40.89406773,+
HNRNPK,chr7_30500681_30504568,40.87779969,+
EIF4B,chr6_79201726_79202275,40.86191694,+
TRA2A,chr8_56211837_56214597,40.84381971,+
HNRNPA2B1,chr1_32634072_32634767,40.82917134,+
RAVER1,chr20_31561736_31569119,40.82283874,-
EIF2S1,chr19_49982188_49988371,40.80910419,+
HNRNPF,chr5_138157267_138160068,40.79860152,+
TARDBP,chr12_10704148_10713210,40.77574511,+
GRSF1,chr12_57719182_57720405,40.75965738,+
PCBP2,chr6_125292909_125300537,40.75455084,+
PNPT1,chr6_26124749_26127697,40.71876069,+
IGF2BP2,chr2_11773745_11779518,40.71870582,+
U2AF1,chr1_46558800_46560233,40.70513028,+
HNRNPK,chr1_167773368_167787819,40.67572829,+
RBM34,chr8_73978861_73981154,40.67419172,+
AKAP1,chr17_40053657_40054360,40.65797924,+
HNRNPA1,chr14_88596808_88607242,40.64617374,+
HNRNPK,chr2_27312772_27322447,40.63756896,+
RBM39,chr2_53801842_53808298,40.63416191,+
HNRNPK,chr2_203411371_203416907,40.62270372,-
HNRNPC,chr19_41433673_41438217,40.57011688,+
HNRNPC,chr12_120566980_120575630,40.53897095,+
HNRNPC,chr5_62352710_62353274,40.51673563,+
RBM17,chr17_67963506_67964211,40.51146745,+
RBM25,chr17_5422829_5432541,40.50312207,+
DAZAP1,chr1_244835756_244841943,40.4962014,+
RBM39,chr2_27772692_27779432,40.49205132,+
DKC1,chr19_16647261_16659394,40.4528434,+
RBM25,chr2_227340380_227347225,40.44120162,+
HNRNPAB,chr20_35739547_35740524,40.43134898,-
PABPC1,chr12_32737942_32738263,40.41736798,+
SART3,chr4_73135265_73139530,40.41268118,+
PUF60,chr5_7870923_7875257,40.40135981,+
KHDRBS1,chr2_215391814_215394527,40.38812735,+
TRA2A,chr12_76450988_76487509,40.37740535,+
PNPT1,chr11_884169_893426,40.36645946,+
RBM34,chr22_38656750_38668016,40.36180215,+
HNRNPK,chr7_76030524_76047811,40.3591338,+
U2AF1,chr14_23564221_23564332,40.35437254,+
SF1,chr12_79805768_79807225,40.34793295,+
TRA2A,chr12_70319364_70335437,40.29733492,-
PCBP1,chr3_37282272_37289234,40.28044427,+
PNPT1,chr1_207767195_207770320,40.26493589,+
U2AF1,chr3_157153156_157156935,40.21511437,+
MATR3,chr1_46688544_46689586,40.20813054,+
HNRNPL,chr17_76559043_76561287,40.20390737,+
PNPT1,chr8_124516030_124518741,40.18925098,+
EIF4B,chr9_35684550_35685063,40.17007297,+
HNRNPF,chr1_74706994_74710097,40.15517449,+
PARN,chr14_23960003_23967210,40.15420328,+
HNRNPA2B1,chr20_410025_410411,40.13254808,+
QKI,chr4_82355401_82356795,40.13008114,+
TIA1,chr10_29409683_29415356,40.11797011,+
TARDBP,chr1_162590511_162597791,40.11578654,-
EWSR1,chr11_66285536_66285700,40.08243975,+
DKC1,chr10_68338642_68339139,40.07767042,+
HNRNPL,chr2_207560372_207567462,40.07086762,+
NONO,chr19_41433673_41436391,40.06117022,+
HNRNPC,chr14_21499802_21500494,40.0471773,+
HNRNPA0,chr3_100310542_100311832,40.0236598,+
PUM1,chr11_72010854_72012400,40.02139176,+
HNRNPC,chr2_61017851_61018183,40.00071029,+
HNRNPC,chr1_207767823_207770320,39.98254451,+
MATR3,chr16_635340_635611,39.98233418,+
HNRNPC,chr1_153659184_153659447,39.97879617,+
SEC23IP,chr10_89010600_89011998,39.96416787,+
NCBP2,chr1_168004793_168038370,39.91778133,+
RBM25,chr17_5422829_5425970,39.87266554,+
KHDRBS1,chr15_80059809_80120327,39.85409945,-
SF3B4,chr7_75996599_76003757,39.83801679,+
EWSR1,chr1_207767195_207770320,39.83775112,+
TROVE2,chr12_4612718_4613514,39.83652282,-
PCBP2,chr16_68348431_68352247,39.81529576,+
PUF60,chr12_45961322_45961699,39.81179158,+
NCBP2,chr2_152677475_152679351,39.8106448,-
SF3B4,chr2_38577532_38581912,39.77954193,+
PPIL4,chr17_75268192_75270113,39.72893132,+
PTBP1,chr15_80059809_80120327,39.71875478,+
PNPT1,chr1_35184593_35187000,39.69630245,+
PCBP1,chr2_63841232_63856305,39.69602993,+
RBM34,chr1_77967098_77967626,39.69417445,+
CCAR1,chr4_102826636_102827943,39.68736478,+
PUM1,chr1_207785682_207790252,39.62590831,+
SAFB2,chr12_124913190_124913418,39.60895506,+
KHSRP,chr11_66617057_66624213,39.60744627,+
KHDRBS1,chr4_55418164_55424537,39.60141148,-
CCAR1,chr20_43458509_43459770,39.58912103,+
NCBP2,chr14_88596808_88601923,39.57625557,-
HNRNPK,chr11_130137291_130140397,39.568566,-
RBM39,chr6_99414690_99416348,39.56668299,+
FXR1,chr4_53428183_53442652,39.55990799,+
HNRNPA1,chr4_53428183_53440581,39.55261889,-
TIAL1,chr2_55577356_55579678,39.54998634,+
NCBP2,chr11_47731561_47732536,39.49000574,+
EIF4B,chr3_100310542_100316098,39.45924498,+
SART3,chr4_67701484_67720421,39.3916653,+
NCBP2,chr9_112694233_112716460,39.38891002,+
MSI2,chr1_151017904_151018466,39.38720669,+
HNRNPAB,chr3_37174605_37176059,39.38461354,+
PABPC1,chr12_88040265_88042824,39.35159812,+
TIAL1,chr11_884169_893426,39.34680443,+
G3BP1,chr6_167010893_167013507,39.34456054,+
G3BP2,chr1_167773368_167787819,39.34122013,+
U2AF1,chr3_140963227_140970926,39.32348269,+
GRSF1,chr12_51056245_51056349,39.32024176,+
PABPC1,chr1_202764145_202766925,39.30040892,+
KRR1,chr6_26127761_26138053,39.29504914,-
G3BP1,chr1_207767823_207770320,39.28430997,-
SSB,chr6_125298816_125300537,39.28186043,+
CIRBP,chr1_185305643_185306484,39.26287141,+
ZC3H8,chr2_42697834_42704193,39.25568731,-
CPSF6,chr7_30498938_30504568,39.25227698,+
DAZAP1,chr5_7873526_7875257,39.18588965,+
SFPQ,chr4_82829058_82844385,39.17914339,+
QKI,chr16_69120649_69121435,39.17156196,+
SF3B4,chr11_502249_507112,39.17080019,+
RBM39,chr3_28326950_28332368,39.16760026,+
SSB,chr9_33347117_33347662,39.06692808,+
U2AF1,chr2_9406905_9407448,39.04564064,-
HNRNPC,chr3_108047292_108057476,39.04128717,+
EIF4B,chr6_26124749_26127697,39.03315091,+
CSTF2,chr8_143818534_143821596,39.00125029,+
EIF2S1,chr4_107660072_107682014,38.99141634,+
NONO,chr12_32738296_32740063,38.98898855,+
G3BP1,chr2_152677475_152679351,38.98191953,-
PABPC1,chr18_74496431_74499881,38.96545985,+
G3BP1,chr21_42897047_42903181,38.95647594,+
KHSRP,chr17_42348539_42388278,38.9450192,+
HNRNPL,chr4_53399839_53425871,38.94304536,+
TIAL1,chr15_79889354_79896871,38.9118909,+
HNRNPL,chr11_47731561_47732116,38.87899507,+
TIAL1,chr6_125298816_125300537,38.87084667,+
HNRNPM,chr20_49280570_49289044,38.86549867,+
HNRNPA1,chr4_53377923_53379224,38.85188596,+
PUM2,chr4_82857764_82861630,38.84464626,-
G3BP1,chr7_107613432_107618327,38.81472255,+
RBM39,chr17_39282855_39285477,38.81148041,+
PCBP2,chr2_241268541_241315569,38.81053648,+
SCML1,chr12_124911822_124912506,38.80482872,-
RBM34,chr1_168004793_168038370,38.78958678,+
SF1,chr6_99414690_99425214,38.78231999,+
TARDBP,chr12_53467843_53468779,38.77596096,+
SUPT6H,chr13_110893263_110900529,38.75792264,+
HNRNPA1,chr6_99414690_99416348,38.74929519,-
PABPC1,chr20_58895684_58903530,38.73694619,+
RBM25,chr2_73732285_73734428,38.73022624,+
HNRNPM,chr10_73030370_73044980,38.72492166,+
G3BP1,chr3_37361305_37366079,38.71389405,+
G3BP1,chr11_66284966_66285700,38.69143532,+
EIF4B,chr17_81891841_81893551,38.68675175,+
EIF3G,chr7_99560695_99572244,38.68104307,+
PNPT1,chr14_55661612_55667240,38.67932145,-
SSB,chr20_35772079_35801490,38.65375928,+
PABPC1,chr10_110130486_110133325,38.63981287,+
CCAR1,chr3_37091538_37094791,38.63757038,+
SSB,chr20_58895684_58903530,38.61545139,+
PABPC1,chr2_53801842_53808298,38.6154022,+
FUS,chr8_17939861_17947185,38.60818874,+
SSB,chr4_82829058_82830936,38.59537411,+
HNRNPK,chr6_107040230_107044259,38.58310078,+
G3BP2,chr2_27772692_27779432,38.55552363,-
RBM17,chr14_103492034_103502881,38.55308429,+
HNRNPA2B1,chr8_89762982_89765340,38.52952291,+
PCBP2,chr17_73209768_73227164,38.52752935,+
PABPC4,chr3_183833589_183840569,38.4910884,+
FMR1,chr1_75790057_75791284,38.46962397,+
NCBP2,chr11_65713503_65713592,38.46576461,+
PTBP1,chr16_634956_635280,38.44738935,+
G3BP1,chr3_100310542_100316098,38.44255291,+
HNRNPF,chr15_80059809_80120327,38.43283677,+
RBM22,chr2_96602338_96602752,38.40517094,+
PABPC1,chr2_55577356_55578246,38.40481375,+
EIF3G,chr1_231229206_231238856,38.39963407,+
PPIL4,chr6_167010893_167013507,38.37120949,+
RBM17,chr11_10801087_10802048,38.35525339,-
HNRNPA2B1,chr11_884169_893426,38.34355252,+
GRSF1,chr3_52198255_52199209,38.33172363,+
HNRNPK,chr1_28560732_28561345,38.32911993,+
CSTF2,chr16_66552793_66558189,38.32718561,-
EWSR1,chr16_66552793_66563121,38.29263586,+
HNRNPM,chr11_47476959_47477296,38.28499846,+
FXR1,chr19_38893867_38899505,38.27726127,+
PABPC1,chr5_112864732_112867371,38.27639362,+
RBM39,chr9_129493595_129503322,38.2695579,+
G3BP1,chr17_74203710_74203917,38.25186491,-
EWSR1,chr14_23562593_23563379,38.24523362,+
HNRNPC,chr2_191678705_191678989,38.21817707,+
PUF60,chr22_42893613_43015020,38.1680958,-
SART3,chr4_53391498_53399729,38.15382397,+
U2AF1,chr19_35631405_35632935,38.15128155,+
NONO,chr1_39481030_39484600,38.1316963,+
RBM25,chr11_77841060_77842478,38.12668694,+
TIAL1,chr14_100369258_100375282,38.12350189,+
SUPT6H,chr1_182854178_182855576,38.10869389,+
PABPC1,chr2_176270419_176296859,38.0464855,+
HNRNPK,chr3_52198255_52199209,38.0195548,+
PPIL4,chr2_73927052_73938909,38.01510295,+
CPSF6,chr1_45606591_45613168,38.00853201,+
HNRNPF,chr1_153638448_153642242,37.95244727,+
HNRNPA1,chr18_35290391_35305975,37.95026316,+
KHSRP,chr1_109659110_109661164,37.94798758,+
KHDRBS1,chr11_47476959_47477296,37.94095959,+
CIRBP,chr20_58895684_58903530,37.93142597,+
TARDBP,chr15_74458896_74461107,37.90204272,+
TARDBP,chr3_100310542_100311832,37.89633808,+
PCBP1,chr1_174957549_174957890,37.87418598,+
SF3B4,chr16_18789118_18790243,37.8711163,-
HNRNPK,chr12_6567922_6568206,37.86604244,+
TRA2A,chr12_76450988_76487509,37.86161617,+
HNRNPA1,chr9_111666946_111669271,37.84041241,+
TARDBP,chr2_27772692_27779432,37.83519481,+
HNRNPM,chr15_49137458_49139527,37.83234545,+
EIF3G,chr10_68338642_68339139,37.82808984,+
G3BP2,chr5_43555999_43556581,37.78138005,-
RBM22,chr1_228141288_228145510,37.77780321,+
RBM39,chr2_152677475_152679351,37.73614782,+
PCBP2,chr2_46581591_46588074,37.7067055,+
GRSF1,chr17_3720402_3723687,37.69896454,+
SART3,chr3_15245671_15246731,37.68470401,+
SF3B4,chr9_92319356_92321667,37.66683267,+
PABPC1,chr1_51750195_51760689,37.65484002,+
GRSF1,chr4_112637603_112644667,37.62400202,+
RBM17,chr6_79201726_79202275,37.61886409,-
ZRANB2,chr11_3001248_3001961,37.59556388,+
PUF60,chr20_34073635_34075873,37.59454587,+
KRR1,chr1_28560732_28561345,37.58171669,+
HNRNPK,chr18_12311053_12325066,37.57280072,+
LARP7,chr5_71604468_71626639,37.55827081,+
SCML1,chr17_73209768_73227164,37.54660908,-
U2AF1,chr6_33417695_33417868,37.54166564,+
HNRNPA0,chr12_122511188_122515104,37.53069611,+
QKI,chr1_51750195_51760689,37.52608695,+
PUF60,chr17_67959875_67963332,37.51544708,+
RBM39,chr6_85536924_85541984,37.49757275,+
PCBP2,chr9_33953474_33960825,37.49597214,+
RBM39,chr6_99414690_99416348,37.48883899,+
SF3B4,chr12_70278274_70310894,37.47398126,+
SCML1,chr12_79805768_79807225,37.47158466,-
PABPC1,chr3_69077918_69080333,37.46459755,-
AKAP1,chr11_66640123_66646026,37.43418193,+
NONO,chr1_168004793_168038370,37.41498093,+
TARDBP,chr15_41371684_41375711,37.4019756,+
HNRNPA2B1,chr12_10610680_10613438,37.3965349,+
HNRNPM,chr1_20779911_20787194,37.39627009,+
PUM2,chr6_99403882_99404602,37.38845241,-
SF3B4,chr7_75996599_76003757,37.38215557,+
TARDBP,chr2_9406905_9407448,37.36761048,+
TIAL1,chr5_154950938_154956370,37.36100599,+
HNRNPA2B1,chr12_32737161_32738263,37.3530764,-
ASCC1,chr3_11602022_11643436,37.3322869,+
HNRNPC,chr12_120566980_120575630,37.33125791,+
PCBP2,chr14_45109780_45110093,37.28988016,+
RBM25,chr17_27309272_27311508,37.28726905,+
SF3B4,chr12_53295639_53297849,37.2820733,+
HNRNPL,chr5_154950938_154956370,37.28149571,+
NONO,chr2_219498938_219499955,37.27892006,+
EIF2S1,chr14_45109780_45110093,37.26864356,+
PUM2,chr13_50949505_50953904,37.26619788,+
DKC1,chr15_79889354_79896871,37.26459186,-
FUS,chr2_241317599_241324215,37.25639997,+
HNRNPC,chr4_51911174_51913289,37.25517091,+
NONO,chr1_71065137_71066775,37.22929896,+
EIF2S1,chr12_32738296_32740063,37.21760809,+
EIF3G,chr19_41433673_41436391,37.21751192,+
NONO,chr1_71065137_71066775,37.19880424,+
PUF60,chr1_193016395_193021096,37.19479246,+
HNRNPL,chr14_23960003_23967210,37.19181685,+
U2AF1,chr3_129288997_129290678,37.17537135,+
SSB,chr9_137576167_137577469,37.17286906,+
SCML1,chr9_83974589_83975461,37.16827887,-
HNRNPAB,chr5_151772036_151786602,37.15915223,-
HNRNPC,chr14_55673012_55675834,37.15264594,+
FUS,chr17_81891841_81893551,37.10764703,+
HNRNPA1,chr10_89010600_89011998,37.0968715,+
HNRNPC,chr1_39480009_39484600,37.06105599,+
PNPT1,chr14_39321056_39326863,37.05976478,+
EWSR1,chr9_136862345_136862905,37.05288063,+
PCBP2,chr10_38017386_38054377,37.05188142,+
RBM22,chr7_100030375_100033304,37.0439464,+
U2AF1,chr17_7626793_7626942,37.03931422,+
FXR1,chr9_33347117_33351559,37.03312102,+
HNRNPA2B1,chr1_90007750_90010087,37.02730594,+
CCAR1,chr2_27322522_27323051,36.97626602,+
TARDBP,chr5_138157267_138160068,36.95997094,+
HNRNPC,chr1_154214574_154220341,36.90686802,-
SCML1,chr3_114974416_115147218,36.89864929,+
AKAP1,chr3_185926734_185937824,36.87400942,+
EIF4B,chr3_185926734_185937824,36.86820774,+
HNRNPC,chr17_82019381_82019857,36.8681049,+
RBM25,chr11_112085462_112085977,36.8632083,+
KHSRP,chr1_23338608_23344210,36.85818435,+
EIF4B,chr9_72360787_72364695,36.85205375,+
LARP4,chr10_89010600_89011998,36.84743009,+
RBM25,chr17_82019219_82019307,36.83455036,+
SFPQ,chr9_33953474_33960825,36.82882576,+
GRSF1,chr6_35293044_35293750,36.79669171,+
FUBP3,chr10_3147737_3149620,36.79574282,+
HNRNPA2B1,chr4_82425667_82426036,36.77672794,+
HNRNPA2B1,chr12_62349307_62355330,36.74544588,+
SF1,chr10_89010600_89011998,36.73429444,+
FUS,chr10_123162828_123163819,36.7238656,+
FXR1,chr7_99560695_99561887,36.71591394,+
SF3B4,chr5_78450034_78459244,36.71254993,+
LARP7,chr2_200419496_200440648,36.71172505,+
U2AF1,chr12_56724549_56725262,36.70760295,+
PABPC4,chr12_53467293_53468776,36.69359075,+
FUS,chr3_28263380_28316332,36.67440212,+
RBM25,chr9_72360787_72364695,36.66831502,+
HNRNPM,chr2_9406905_9407448,36.66762059,+
RBM39,chr12_122508450_122511108,36.66673359,+
TRA2A,chr3_142005544_142093060,36.66589015,+
FUS,chr18_31068212_31068298,36.6174711,-
GRSF1,chr12_31305123_31326023,36.60128673,+
HNRNPC,chr8_73959818_73964486,36.59927327,+
PCBP2,chr16_66558348_66563121,36.59724785,+
PNPT1,chr2_201072059_201078880,36.59647013,+
NCBP2,chr2_215391814_215392930,36.59620995,+
U2AF1,chr6_167010893_167022408,36.5901462,+
SSB,chr17_28655483_28661725,36.58778191,+
MATR3,chr4_13368650_13376544,36.5849151,+
HNRNPK,chr14_30622399_30630476,36.58429359,+
SSB,chr4_53399839_53425871,36.57982277,+
HNRNPA2B1,chr12_10610680_10613438,36.55580144,+
QKI,chr15_66495419_66497641,36.53382236,+
RBM39,chr6_75634811_75647730,36.53044213,+
HNRNPM,chr11_47731561_47732536,36.52492074,+
G3BP1,chr12_6652770_6652935,36.52343073,+
EIF2S1,chr18_58333892_58341037,36.5215186,+
NCBP2,chr12_32738296_32740063,36.52146015,+
RBM25,chr22_42912157_43015020,36.51868641,+
PTBP1,chr12_6724179_6724613,36.508707,+
PUM2,chr20_35772079_35774487,36.5014518,+
ASCC1,chr16_635340_635611,36.49162125,-
SF1,chr3_185931852_185937824,36.46798469,-
ZC3H8,chr18_50273863_50274976,36.46678158,+
PUF60,chr13_37047936_37048563,36.41574485,+
PTBP1,chr1_1390865_1393395,36.40975529,+
SF3B4,chr6_311962_335113,36.40540338,+
CIRBP,chr6_90536401_90547257,36.40361726,+
HNRNPL,chr5_78421960_78449932,36.39301391,+
ZRANB2,chr17_73209768_73227164,36.39215169,+
EIF2S1,chr2_227352573_227355676,36.38515943,+
GRSF1,chr2_73957240_73958145,36.37274784,+
SF1,chr14_73148106_73170796,36.3614384,+
SART3,chr3_48695418_48717156,36.35117763,+
TARDBP,chr11_57762046_57794009,36.34971374,+
U2AF1,chr1_162590511_162597791,36.34741974,-
HNRNPA2B1,chr3_139383435_139389547,36.34223444,+
SCML1,chr6_37377033_37381149,36.33802043,-
ZC3H8,chr7_105126340_105126992,36.32716708,+
HNRNPC,chr19_49666799_49668850,36.32351246,+
MATR3,chr1_207767823_207770320,36.3201069,+
EIF2S1,chr5_71626753_71632120,36.30504162,+
TIAL1,chr7_2379511_2380278,36.30125579,+
PABPC4,chr7_99902174_99903217,36.29909514,+
RAVER1,chr4_102826636_102827943,36.29157901,+
RBM25,chr1_70231975_70232267,36.23911763,+
G3BP1,chr20_34073635_34075873,36.20853829,+
LARP7,chr14_23960003_23967210,36.18799765,+
MATR3,chr19_49981013_49988371,36.18667207,+
PNPT1,chr11_893519_899339,36.15187085,+
HNRNPK,chr1_24662804_24666814,36.1467085,+
HNRNPA2B1,chr8_81715114_81718181,36.12239306,+
HNRNPK,chr9_99218836_99220978,36.12000554,+
PABPC1,chr13_40982282_41060837,36.10876429,+
EIF2S1,chr5_96727530_96729152,36.03981965,+
TIAL1,chr4_73140283_73141740,36.03893288,+
G3BP1,chr3_183840640_183844230,36.03751183,+
RBM22,chr12_95256622_95257149,36.02008304,+
PUF60,chr3_146525647_146533469,36.00773729,+
RBM17,chr5_7873526_7875257,36.00184661,+
TRA2A,chr10_110130486_110132304,35.99565886,+
CPSF6,chr20_35021356_35035122,35.98518607,+
EWSR1,chr3_157151930_157152176,35.97487783,-
SF1,chr5_34911812_34913469,35.97078854,+
EIF2S1,chr2_74135658_74145188,35.96593435,+
RBM25,chr7_26191128_26192494,35.95980141,+
HNRNPC,chr1_39480009_39484600,35.95757588,+
HNRNPA2B1,chr3_167720273_167734213,35.95041156,+
TROVE2,chr21_37096643_37108391,35.94645452,+
KHSRP,chr1_219179246_219193081,35.94123138,-
IGF2BP2,chr17_44212006_44212818,35.92890182,+
ASCC1,chr3_183840640_183844230,35.91338628,-
PABPC4,chr3_48927813_48961611,35.89126171,+
PABPC4,chr3_183840640_183844230,35.88291247,-
FXR1,chr5_138157267_138160068,35.87730047,+
RBM25,chr14_39319291_39326863,35.87397355,+
NCBP2,chr1_85258722_85258934,35.85047138,+
TARDBP,chr1_53228954_53235576,35.84914363,+
RBM25,chr3_41239354_41239659,35.82363778,+
EIF4B,chr14_100369258_100375282,35.79746388,+
QKI,chr16_69120649_69121435,35.78275968,+
PCBP2,chr9_137576167_137577469,35.75615093,+
TARDBP,chr4_53440608_53442652,35.7463071,-
EIF3G,chr2_177234271_177263402,35.74438808,+
KHDRBS1,chr18_36787079_36798448,35.73066223,-
CPSF6,chr13_49075364_49114654,35.71099266,+
SFPQ,chr15_101650161_101651695,35.69830388,+
SF1,chr16_20900889_20915555,35.68597479,+
TARDBP,chr1_24662804_24666814,35.67660039,+
PPIL4,chr1_161750145_161751667,35.67257013,+
NCBP2,chr4_51899378_51911069,35.6354214,+
FUS,chr10_28596041_28608185,35.6233449,+
PUM1,chr1_109659110_109661164,35.62169869,+
QKI,chr5_7889275_7891371,35.61611152,+
EIF2S1,chr5_154950938_154956370,35.60082629,+
HNRNPA2B1,chr20_43458509_43459770,35.59437754,+
U2AF1,chr14_70329236_70359518,35.5920243,+
HNRNPAB,chr11_47731561_47732116,35.57527155,+
LARP4,chr1_155137722_155137978,35.55972921,+
TIA1,chr2_201072361_201078880,35.55890297,+
QKI,chr2_207624404_207625264,35.53984708,+
TROVE2,chr5_138157267_138160068,35.51262,+
DKC1,chr2_215379317_215382211,35.51030917,+
TARDBP,chr1_222644586_222645553,35.50138964,+
EIF3G,chr14_39319291_39320927,35.47051508,+
U2AF1,chr1_85258722_85259357,35.46025948,+
EIF4B,chr1_207767195_207770320,35.39974632,+
HNRNPA2B1,chr1_24464120_24466003,35.37721591,+
ZRANB2,chr6_90536401_90544551,35.37566186,+
G3BP2,chr12_122519029_122521384,35.36912093,+
SF1,chr2_152677475_152679351,35.36892193,-
PNPT1,chr1_204532246_204538208,35.36201635,+
PARN,chr1_168004793_168038370,35.34447255,+
DAZAP1,chr18_74496431_74499936,35.32863227,+
RBM25,chr5_135346057_135350822,35.31788291,+
HNRNPK,chr11_47569891_47571470,35.30652236,+
EIF3G,chr20_38421098_38426418,35.29386876,+
TARDBP,chr8_89758233_89765340,35.28517801,-
U2AF1,chr1_24662804_24666814,35.27832056,+
PCBP1,chr6_75621625_75623899,35.27698513,+
KHSRP,chr8_140890769_140925660,35.25813049,+
HNRNPM,chr1_85258722_85259357,35.23341533,+
HNRNPK,chr8_100948900_100953268,35.22897545,+
PNPT1,chr4_51899378_51908919,35.22773532,+
RBM25,chr16_80981877_80997313,35.21585725,+
FMR1,chr4_82430913_82447919,35.20987493,-
CPSF6,chr3_100310542_100316098,35.20041378,+
FXR1,chr9_99218836_99221546,35.19022424,+
PCBP2,chr2_27772692_27779432,35.1887159,-
EIF2S1,chr1_74706994_74707102,35.18664517,+
GRSF1,chr1_225783368_225786861,35.13435183,-
AKAP1,chr22_35263874_35264647,35.13094368,+
PNPT1,chr6_33417695_33418086,35.13076207,+
LARP4,chr1_154261697_154266500,35.12686185,+
KHDRBS1,chr16_4450497_4455545,35.10854485,+
U2AF2,chr16_25140247_25164597,35.08144953,+
RBM39,chr2_27772692_27779432,35.07493308,+
PUM2,chr10_102377128_102379283,35.07212029,+
HNRNPA2B1,chr14_55661612_55667240,35.0719946,-
MSI2,chr1_161750145_161751654,35.06868234,-
IGF2BP2,chr17_42568559_42568836,35.04888438,+
TRA2A,chr17_42951894_42953723,35.0421908,+
NONO,chr9_92319356_92319942,35.03752316,+
U2AF1,chr19_41432408_41433271,35.03367982,+
PCBP1,chr1_24663224_24666814,35.02279173,+
HNRNPM,chr1_111139666_111140037,35.01325973,+
RBM39,chr3_186804724_186806424,35.01304647,+
G3BP2,chr1_28229023_28232920,35.00734407,+
FXR1,chr3_37355187_37361242,34.99256324,+
PABPC1,chr16_80981877_80997313,34.97879112,+
KRR1,chr5_141973742_141978302,34.96695983,+
LARP7,chr1_207785682_207790252,34.96440948,+
EWSR1,chr12_70319364_70335437,34.9513121,+
U2AF1,chr15_101650161_101652270,34.93500094,+
PNPT1,chr15_44403054_44413335,34.93408047,+
SSB,chr4_53399839_53414614,34.93078461,+
CSTF2,chr1_154214574_154220341,34.90738823,+
PABPC1,chr6_125292909_125300537,34.90046131,+
HNRNPAB,chr1_207767823_207770320,34.89305189,+
RBM34,chr1_51756358_51760689,34.85675206,+
PNPT1,chr22_35781746_35809779,34.852513,+
GRSF1,chr2_219498938_219499955,34.83771481,+
RBM39,chr17_68450897_68452909,34.82442156,+
SF1,chr1_20780540_20787194,34.81810337,+
KHDRBS1,chr6_90536401_90544551,34.81083057,+
HNRNPA1,chr1_231229209_231238856,34.81046242,+
PPIL4,chr1_155136376_155136827,34.80941787,+
GRSF1,chr3_16260829_16264768,34.80495164,+
U2AF2,chr1_42457073_42457246,34.79903568,-
KHDRBS1,chr20_284081_289558,34.79431041,+
NCBP2,chr3_138187599_138209816,34.77448617,+
PABPC1,chr6_99416428_99425214,34.76834997,+
U2AF1,chr1_24662804_24666814,34.75421086,+
HNRNPK,chr5_135353045_135360496,34.75066678,+
TIA1,chr1_168023047_168038370,34.74101236,+
SSB,chr17_73209768_73227164,34.7297326,+
HNRNPL,chr11_6480463_6481230,34.72966281,+
HNRNPA2B1,chr20_17660528_17682027,34.72821493,+
SSB,chr17_73209768_73212677,34.7098876,+
TIAL1,chr7_141010660_141014910,34.70072002,+
NCBP2,chr11_77821241_77841018,34.69096929,+
RBM25,chr2_169824640_169824867,34.67924131,-
HNRNPM,chr17_82019381_82019857,34.66729585,-
U2AF2,chr16_25140247_25164597,34.66624539,+
MATR3,chr11_126256852_126261427,34.66049178,+
TARDBP,chr12_10704148_10713210,34.64298618,+
HNRNPM,chr21_46635763_46636438,34.63389959,+
RBM22,chr10_26755741_26759061,34.62585844,+
U2AF1,chr14_45096758_45096886,34.6018168,+
RBM34,chr2_58165874_58198593,34.5987428,+
SFPQ,chr16_635340_636093,34.59734818,+
FMR1,chr12_109088512_109092506,34.55493668,+
RBM17,chr2_177234271_177264531,34.54516678,+
SFPQ,chr13_37048599_37051487,34.5362367,+
TROVE2,chr7_99892746_99903217,34.52877303,+
LARP4,chr9_99218836_99221546,34.51774308,+
PCBP1,chr4_102826636_102827943,34.50923937,+
HNRNPK,chr12_53462567_53464759,34.5066517,+
RAVER1,chr17_42951894_42954875,34.50660296,-
RBM25,chr1_74707204_74710097,34.49546458,+
SFPQ,chr15_80059809_80120327,34.49416294,+
PCBP1,chr1_23338608_23344210,34.49237308,+
G3BP1,chr5_154950938_154956370,34.48496869,+
TARDBP,chr11_10801087_10802048,34.47975757,-
PCBP1,chr10_26759238_26765217,34.47546943,+
PUF60,chr14_55673012_55675834,34.47414418,+
TROVE2,chr1_42457073_42457246,34.46813892,+
RBM39,chr3_158110211_158122102,34.46302445,+
HNRNPM,chr4_73135265_73139530,34.46193556,+
PUM1,chr2_55577356_55578246,34.44216336,+
NONO,chr12_109561104_109561419,34.43282586,+
CCAR1,chr20_35772079_35801490,34.41448793,+
PABPC1,chr8_143581328_143586728,34.41408975,-
PABPC1,chr5_66153596_66159218,34.40271344,+
HNRNPC,chr12_82357269_82358678,34.39479566,+
NONO,chr1_28457855_28459084,34.38853862,+
SF3B4,chr12_96003064_96006313,34.36214231,+
TIAL1,chr1_24662804_24663182,34.35188537,+
MATR3,chr2_203402734_203416907,34.34611844,+
NCBP2,chr1_168004793_168038370,34.33161881,+
PUM1,chr13_97347067_97357481,34.32832507,+
PNPT1,chr10_73043957_73046924,34.31559618,+
PCBP2,chr9_92319356_92321667,34.29773173,+
SART3,chr3_172755374_172756982,34.29115623,-
HNRNPL,chr3_16260829_16264768,34.29026434,+
TAF15,chr19_19194133_19196962,34.28652793,-
PUF60,chr1_219179246_219193081,34.2814709,+
HNRNPL,chr22_17750174_17774380,34.27291577,+
SF3B4,chr19_35631405_35632935,34.26236658,-
RBM34,chr5_103184744_103190841,34.2621141,+
HNRNPC,chr1_51750195_51760689,34.24870095,+
PABPC1,chr5_112976986_112983973,34.24609362,+
HNRNPA0,chr1_207767195_207770320,34.22168829,+
HNRNPA2B1,chr20_17660528_17682027,34.2191059,+
HNRNPL,chr1_28561260_28561345,34.20072108,+
RBM25,chr10_110130486_110132304,34.19729285,+
RBM25,chr1_219179246_219193081,34.19353256,+
EIF2S1,chr13_19709599_19730238,34.1928631,+
DAZAP1,chr4_53399839_53414614,34.1870999,+
CPSF6,chr9_99218836_99221546,34.17499249,+
EIF3G,chr7_65974704_65976014,34.17431795,+
PUF60,chr1_25340579_25351625,34.17285025,-
FUS,chr12_122981266_122981594,34.17214193,+
NONO,chr1_232955719_232956346,34.16445888,+
RBM39,chr7_66573550_66592256,34.15737596,+
PUM1,chr4_53391139_53399729,34.15200768,+
HNRNPM,chr17_78171054_78171738,34.14249397,-
EIF2S1,chr11_112085462_112086639,34.14166691,+
MATR3,chr11_43444209_43448001,34.13423184,+
HNRNPA2B1,chr1_1390865_1393395,34.13319202,+
PUM1,chr3_152447773_152455541,34.1314118,+
EIF4B,chr1_235155112_235160892,34.12564322,+
HNRNPK,chr14_30628279_30630476,34.1182751,+
SF3B4,chr1_23338608_23344210,34.10744981,+
HNRNPK,chr12_45961322_45961699,34.10024082,+
U2AF1,chr5_163505749_163512001,34.09484182,+
GRSF1,chr4_105405948_105424195,34.09213695,+
NONO,chr7_27816394_27816889,34.08812355,+
HNRNPL,chr1_23338608_23344210,34.06439574,+
CPSF6,chr10_102450330_102455336,34.06239158,+
U2AF1,chr2_177234271_177264531,34.05989348,-
NONO,chr9_112694233_112716460,34.04560321,+
HNRNPL,chr12_16347710_16357604,34.0243481,-
SFPQ,chr22_42912157_43015020,34.00218527,+
FXR1,chr1_85258722_85258934,33.99720304,+
CSTF2,chr1_154214574_154220341,33.98197115,+
PCBP2,chr8_63168901_63169386,33.97570347,+
SFPQ,chr2_58146474_58159348,33.96546219,+
TIA1,chr17_75229131_75231339,33.95980565,+
HNRNPL,chr1_228141288_228145510,33.95967044,+
MATR3,chr8_100948900_100952849,33.95918187,+
AKAP1,chr1_71065137_71066775,33.95604554,-
U2AF1,chr6_32975112_32975383,33.94328036,-
EIF4B,chr6_31639226_31639499,33.94326037,+
G3BP2,chr19_49981013_49988371,33.94070152,+
MATR3,chr6_31639646_31640198,33.93801136,+
PUF60,chr1_193016395_193021096,33.91816846,+
HNRNPK,chr16_66552793_66563121,33.91694044,+
RBM17,chr3_48694240_48695089,33.8943013,+
HNRNPC,chr20_17660528_17682027,33.88826146,+
FXR1,chr14_35116737_35121901,33.88294498,+
PCBP2,chr14_35046628_35053277,33.88141208,+
SF3B4,chr2_232556530_232564246,33.86548495,+
NONO,chr18_675402_683245,33.86374373,+
PABPC4,chr6_106293106_106308363,33.85749119,+
SSB,chr12_53601021_53626278,33.85715083,+
PABPC4,chr6_167010893_167022408,33.84685185,+
PABPC4,chr11_72010854_72012894,33.83281008,+
EIF4B,chr16_208188_220648,33.81900328,+
GRSF1,chr13_40982282_41060837,33.80342555,-
HNRNPA2B1,chr20_58895684_58903530,33.78376013,-
TARDBP,chr3_108047292_108057476,33.78131825,+
U2AF1,chr10_42594699_42631928,33.78055372,+
PCBP2,chr8_80003180_80030035,33.7754152,+
CPSF6,chr5_66153596_66159218,33.76676007,+
TROVE2,chr5_34911812_34913469,33.76042248,+
SSB,chr3_41239354_41239818,33.75302741,+
PABPC1,chr3_41239354_41239818,33.74644384,-
PABPC1,chr9_35684550_35685063,33.72830094,+
MEX3B,chr8_60558923_60584207,33.71864949,-
QKI,chr1_108696337_108698603,33.71275597,+
PUM1,chr1_154214574_154220341,33.6877679,-
HNRNPK,chr17_82019381_82019857,33.68431087,-
KRR1,chr15_29719138_29719776,33.66241121,+
IGF2BP2,chr19_52849213_52853871,33.64718474,+
PTBP1,chr1_174957549_174957890,33.63637013,+
AKAP1,chr14_64924126_64926009,33.63575749,+
PCBP2,chr2_73927052_73958145,33.62649243,+
SUPT6H,chr6_99416428_99425214,33.61041981,+
SLTM,chr17_30743369_30759490,33.59906487,+
KRR1,chr7_141010660_141014910,33.57608138,+
EIF4B,chr11_85628688_85631686,33.57523671,+
PUM2,chr4_82425667_82426036,33.56489917,+
FUBP3,chr15_72200655_72203021,33.55894142,+
ZRANB2,chr7_22946163_22946951,33.55595445,+
HNRNPM,chr1_85258722_85259357,33.55440307,+
PARN,chr3_197149796_197194424,33.55429125,+
FUS,chr1_31318236_31319108,33.55128154,+
SSB,chr1_200649226_200650424,33.51874455,+
PPIL4,chr16_634956_635280,33.51811192,+
HNRNPF,chr14_55673012_55675834,33.4963236,+
ASCC1,chr4_82425667_82426036,33.49459733,+
EWSR1,chr17_67963506_67964211,33.48246277,+
CCAR1,chr4_82355401_82356795,33.48021725,+
TROVE2,chr7_30500681_30504568,33.47815978,+
MATR3,chr2_227342819_227347225,33.46551737,+
SF3B4,chr9_89332986_89334521,33.45112687,+
HNRNPA2B1,chr14_55661612_55663954,33.44141844,-
RBM39,chr2_227340380_227355676,33.44079287,+
PUF60,chr2_222643005_222648739,33.40277271,+
PCBP2,chr11_61438113_61445940,33.40217262,+
EWSR1,chr1_244842058_244842194,33.39211697,+
SLTM,chr1_39480009_39484600,33.3790854,+
HNRNPC,chr3_69077918_69080333,33.36898307,+
FUS,chr14_23565892_23566063,33.36843105,+
PUF60,chr1_24660799_24661312,33.36767636,+
MATR3,chr2_206765654_206766643,33.36195786,+
AKAP1,chr1_32634110_32634767,33.34836123,-
LARP4,chr12_124912734_124912962,33.30300916,+
RBM34,chr8_100948900_100953268,33.30115566,+
PTBP1,chr17_73236995_73242895,33.29424532,+
U2AF2,chr2_27369212_27369413,33.29393486,-
RBM39,chr5_179614959_179616125,33.28030913,+
U2AF1,chr2_222924595_222928861,33.25912254,+
HNRNPA1,chr1_23967723_23971572,33.24860809,+
EIF2S1,chr11_65713058_65713592,33.24687696,+
RBM39,chr12_122519029_122521384,33.24088734,+
KRR1,chr14_23562593_23563379,33.19754641,+
PABPC1,chr12_52052645_52054326,33.19404764,+
SSB,chr2_222900780_222908732,33.19281832,+
RBM34,chr4_82898062_82900076,33.19230182,+
NCBP2,chr17_73209768_73227164,33.17927748,+
PCBP1,chr3_58141929_58142649,33.17347115,+
RBM39,chr3_197149796_197194424,33.16124029,+
PUF60,chr15_66494552_66497641,33.16061531,+
CCAR1,chr6_125986622_125993756,33.15163938,+
HNRNPK,chr1_51750195_51760689,33.13944758,+
HNRNPA2B1,chr7_87194102_87194683,33.13306337,+
PNPT1,chr1_155136376_155136827,33.12925137,+
SSB,chr2_200439328_200440648,33.11880999,+
HNRNPC,chr6_7393303_7395052,33.10021061,+
HNRNPK,chr3_158110223_158122102,33.09602258,+
PABPC4,chr13_19709599_19730238,33.08979693,+
KHDRBS1,chr19_41432408_41433271,33.07578775,+
HNRNPA1,chr4_53399839_53425871,33.07315963,+
RBM39,chr12_50138617_50143073,33.05783191,+
PNPT1,chr17_76735875_76736153,33.04710411,+
PABPC1,chr11_884169_893426,33.03740875,+
G3BP1,chr1_234398553_234401180,33.03716975,+
HNRNPA1,chr14_55661612_55663954,33.02900037,-
SSB,chr2_38577532_38581912,32.99600008,+
CPSF6,chr5_154950938_154956370,32.98610596,+
EIF4B,chr1_20779911_20787194,32.98164248,+
CCAR1,chr2_207560372_207567462,32.97064352,+
PCBP1,chr3_28241812_28263290,32.96923971,+
NONO,chr12_109561104_109561419,32.96647981,+
ZRANB2,chr5_98869277_98869753,32.94943605,+
AKAP1,chr1_71065137_71066775,32.93516404,-
HNRNPK,chr3_9669492_9671047,32.91916159,-
G3BP1,chr8_132804032_132804614,32.90016384,+
ZRANB2,chr14_65093815_65102303,32.88101636,+
TIA1,chr1_168004793_168038370,32.87875155,-
TIAL1,chr15_41358258_41365401,32.87222196,-
HNRNPM,chr1_23967723_23971572,32.86874973,+
CPSF7,chr12_52051568_52054326,32.83848372,+
NONO,chr12_53601021_53626278,32.83452325,+
TIAL1,chr1_71065752_71066775,32.83112835,+
SSB,chr2_227340380_227347225,32.82347135,+
DKC1,chr3_49311654_49324701,32.82140867,+
SF3B4,chr4_53399839_53425871,32.80584924,-
HNRNPK,chr3_16260829_16264154,32.80465764,+
PUM2,chr1_234398553_234400852,32.80410018,+
MATR3,chr1_207767823_207770320,32.80208858,+
GRSF1,chr2_191678705_191678989,32.79660705,+
SSB,chr17_42348539_42388278,32.78744642,-
EWSR1,chr12_109561329_109561419,32.77227627,+
PUM2,chr1_244835756_244841943,32.75700727,-
MATR3,chr5_71604468_71626639,32.72042698,+
EWSR1,chr10_42594699_42631928,32.71467978,+
SFPQ,chr17_82019381_82019640,32.70959844,+
PNPT1,chr19_35631405_35632935,32.70534126,+
EIF2S1,chr12_25195337_25203919,32.70239321,+
PABPC1,chr2_201072361_201078880,32.69746689,-
HNRNPK,chr8_61619019_61633682,32.69239421,+
SF1,chr11_62520391_62521783,32.68577248,+
G3BP2,chr6_107040230_107044259,32.66285497,+
U2AF1,chr14_64924126_64926009,32.65552483,+
SLTM,chr4_53391139_53399729,32.63835507,+
HNRNPA0,chr3_58141929_58142649,32.63609267,+
IGF2BP2,chr20_5109445_5112729,32.63342923,+
EWSR1,chr5_96727530_96729152,32.59196173,+
RBM34,chr6_122423686_122427902,32.58173628,+
HNRNPAB,chr8_143818534_143821596,32.56085749,-
PCBP1,chr3_152445539_152447619,32.55945649,+
KHDRBS1,chr5_79641196_79642843,32.55171161,+
PCBP1,chr15_64081151_64088686,32.55058284,+
HNRNPF,chr6_75634811_75647730,32.54645917,+
PABPC1,chr2_113625729_113627037,32.54629372,+
U2AF1,chr1_207767195_207770320,32.53865525,+
GRSF1,chr7_76005404_76021850,32.50687941,+
SF1,chr21_39178647_39180284,32.49430011,+
TARDBP,chr10_123162828_123163819,32.49091816,+
HNRNPL,chr3_146528831_146533469,32.48966504,+
HNRNPF,chr19_41432408_41433271,32.4836804,+
PABPC1,chr1_32634072_32634767,32.47516441,+
RBM34,chr19_38893867_38899505,32.46242451,+
FUS,chr1_28229023_28232920,32.44826891,+
CIRBP,chr5_132195480_132198205,32.44636072,+
RBM34,chr3_15242253_15246731,32.43783089,+
LARP4,chr12_71907138_71907862,32.43233394,+
KHSRP,chr3_180970358_180976121,32.42203887,-
RBM39,chr2_232556530_232564246,32.41257993,+
G3BP2,chr11_43444209_43448001,32.41233412,+
SSB,chr1_1390865_1393395,32.4104902,+
NCBP2,chr1_228108318_228108436,32.39946287,+
HNRNPL,chr2_44218537_44230412,32.38771658,+
HNRNPL,chr11_2945646_2951258,32.38694558,+
KRR1,chr11_62633514_62634309,32.3814844,+
QKI,chr1_70228555_70231858,32.37609452,-
U2AF1,chr12_124913190_124913418,32.37596226,+
HNRNPA1,chr1_228141288_228145510,32.37555201,+
PCBP2,chr3_152445539_152447619,32.37216507,+
G3BP1,chr3_25719635_25729132,32.36359334,+
RBM17,chr20_49280964_49289044,32.35996736,+
SART3,chr15_80059809_80120327,32.3433011,+
PUF60,chr10_72216138_72230365,32.33010766,-
FMR1,chr3_185494761_185496827,32.32666972,-
EIF4B,chr20_410025_417525,32.31948362,+
HNRNPK,chr1_45606591_45607320,32.3193336,+
HNRNPK,chr6_3263759_3267590,32.31111258,+
PTBP1,chr11_66617057_66624213,32.30600924,+
CCAR1,chr17_81891841_81894466,32.30188466,-
G3BP1,chr1_168004793_168038370,32.30038712,+
TARDBP,chr3_38125881_38126161,32.29720484,+
PCBP2,chr7_76013887_76021850,32.27507978,+
U2AF1,chr18_35290391_35291009,32.27413641,+
EIF3G,chr6_26127761_26138053,32.27094288,+
EWSR1,chr1_162590511_162597791,32.24878872,+
RBM22,chr17_78171054_78171738,32.24759876,+
HNRNPA0,chr16_57173869_57185820,32.24112944,+
DKC1,chr5_151772036_151786602,32.23423936,+
HNRNPC,chr9_129632801_129634053,32.20448055,+
PABPC1,chr16_208188_220648,32.17463581,+
SART3,chr4_118278792_118278943,32.16628012,+
PNPT1,chr10_73030370_73044980,32.14644686,-
TARDBP,chr4_118704051_118705610,32.14576973,+
G3BP2,chr3_183840640_183844230,32.13917558,+
QKI,chr1_155260659_155262085,32.138935,-
RBM15,chr3_49311654_49324701,32.12379365,-
HNRNPA2B1,chr5_112864732_112867371,32.10599605,+
SFPQ,chr6_90536401_90544551,32.07679606,+
EIF4B,chr1_108698017_108698603,32.06637031,+
HNRNPC,chr3_185926734_185931576,32.0553865,+
PTBP1,chr2_58154802_58159348,32.04758277,-
EWSR1,chr6_99414690_99416348,32.02898538,+
EIF2S1,chr20_5109445_5112729,32.02166948,+
PNPT1,chr3_122454001_122461223,32.01227181,+
HNRNPC,chr1_1390865_1393395,32.00802064,+
SF3B4,chr1_224317930_224330070,32.00241068,+
RBM17,chr1_39563922_39564422,31.99000971,+
PCBP2,chr5_96727530_96729152,31.9654965,+
SSB,chr5_138157267_138159554,31.95707989,+
SFPQ,chr6_311962_335113,31.95443588,+
NONO,chr8_81715114_81718181,31.9515254,+
U2AF1,chr17_82019381_82019640,31.94058383,+
DKC1,chr4_82829058_82842184,31.93292424,+
FMR1,chr4_67701484_67720421,31.90401119,+
RBM17,chr8_143818534_143821596,31.90208781,+
G3BP1,chr1_71065137_71066775,31.90111412,+
IGF2BP2,chr2_11773745_11779518,31.89245826,+
RBM39,chr5_66158932_66159218,31.88939901,+
MATR3,chr19_8474244_8485602,31.88736165,-
FXR1,chr1_154214574_154220341,31.87274804,-
RBM15,chr11_47565986_47571470,31.86870299,-
U2AF1,chr7_76030524_76047811,31.86650607,+
PNPT1,chr3_180970358_180976121,31.85736711,+
NONO,chr6_3263759_3267590,31.85016901,+
TIA1,chr3_183840640_183844230,31.84603943,-
PUM1,chr1_172553370_172555868,31.81786507,+
SF3B4,chr3_48927813_48961611,31.81701304,+
TRA2A,chr12_70319364_70335437,31.80883116,-
LARP7,chr3_157153156_157156935,31.8040852,+
EIF4B,chr5_96695907_96722638,31.7923277,+
PCBP1,chr1_162562584_162566011,31.77412387,+
HNRNPL,chr1_71065137_71066775,31.76487616,+
CPEB1,chr16_31092866_31093311,31.76444647,-
FXR1,chr8_89981523_89982721,31.74505668,+
GRSF1,chr7_76005404_76021850,31.73870233,+
SF1,chr1_228108318_228108436,31.73486447,-
HNRNPM,chr16_634956_635280,31.72966413,+
TIA1,chr20_58895684_58903530,31.72963834,+
FUS,chr3_185926734_185937824,31.72963669,+
RBM17,chr11_47472102_47472190,31.72554579,+
PUF60,chr1_112703806_112705099,31.72248306,+
SSB,chr1_71065137_71066775,31.72163711,+
NONO,chr9_129634306_129635207,31.72094598,+
PABPC1,chr16_634797_634888,31.70753033,+
EIF2S1,chr1_71065752_71066775,31.70422572,+
NONO,chr13_50949505_50969931,31.67877121,+
PTBP1,chr6_41090309_41091527,31.66458706,-
HNRNPA2B1,chr6_105288894_105323664,31.63340892,+
RBM22,chr14_30622399_30630476,31.63036488,-
HNRNPL,chr4_119462979_119493332,31.62616353,+
HNRNPC,chr17_28655483_28661725,31.61105851,+
PCBP2,chr5_146509245_146510440,31.60997914,+
PCBP1,chr17_82019381_82019857,31.60576877,+
ZRANB2,chr11_95865676_95888155,31.60183166,+
PPIL4,chr6_125298816_125300537,31.6011701,+
HNRNPAB,chr1_45606591_45613168,31.57844183,+
PUF60,chr11_61438113_61445940,31.55097255,+
PCBP1,chr22_35263874_35264647,31.53794452,+
ZRANB2,chr19_41433434_41433536,31.50069637,+
EWSR1,chr7_22947247_22960255,31.49457973,+
SSB,chr1_45606591_45607320,31.48401487,+
FUS,chr1_28560732_28561345,31.48385134,+
HNRNPC,chr1_74706994_74710097,31.47281955,+
TARDBP,chr20_38421098_38426418,31.46585104,+
PUM2,chr17_74772277_74772895,31.46012033,+
EIF2S1,chr13_27622009_27622874,31.45056617,+
HNRNPC,chr17_81891841_81894466,31.45036972,+
FUS,chr12_79805768_79807225,31.44893904,+
CCAR1,chr12_103953534_103956630,31.4401719,+
DKC1,chr11_130137291_130140397,31.4078011,-
SSB,chr8_56211837_56214597,31.39345117,-
SSB,chr5_7889275_7891371,31.38856817,+
TRA2A,chr1_22074219_22078428,31.37844075,+
RBM39,chr19_10682704_10683136,31.37823142,+
HNRNPC,chr20_18507990_18510821,31.37195283,+
RBM39,chr1_51714079_51745535,31.362203,+
SF1,chr1_155136376_155136827,31.35655906,+
FMR1,chr9_35684550_35684731,31.35122123,+
HNRNPC,chr21_33456097_33460412,31.34808846,+
PNPT1,chr8_73027052_73030335,31.33967165,+
RBM39,chr19_41433434_41433536,31.33766058,+
NONO,chr11_502181_507112,31.3298425,+
NONO,chr2_227342819_227347225,31.32717942,+
NONO,chr1_24464120_24468985,31.32385255,+
PUM2,chr2_215379317_215380810,31.31923927,-
U2AF1,chr1_153659184_153659447,31.31550341,+
SSB,chr3_3154075_3154746,31.30557487,+
SF1,chr19_5657347_5661520,31.29949155,+
SFPQ,chr6_167010893_167022408,31.29751999,+
RBM39,chr2_63841232_63856305,31.29559304,+
EWSR1,chr19_35631405_35633097,31.28412169,-
SSB,chr1_207767823_207770320,31.27382714,+
PUF60,chr18_9562075_9562921,31.27170435,+
U2AF1,chr1_32634792_32650432,31.26306835,+
SF3B4,chr2_199943834_199948336,31.26071071,+
U2AF1,chr7_92040898_92042045,31.23383612,+
SLTM,chr1_154261697_154266500,31.23370104,-
FMR1,chr12_109088512_109092506,31.23368628,+
HNRNPK,chr17_81682149_81683012,31.222724,+
U2AF1,chr14_45109993_45110093,31.20841328,+
SSB,chr1_207767195_207770320,31.20769625,+
KRR1,chr2_227342819_227347225,31.19573543,+
EWSR1,chr17_8460160_8463319,31.18229965,+
KHDRBS1,chr1_150325881_150328319,31.17946404,+
MATR3,chr17_42951894_42954875,31.16785603,+
CPSF6,chr16_75641723_75647577,31.16037367,+
EIF2S1,chr8_17939861_17947185,31.13580678,+
HNRNPM,chr8_53801896_53814661,31.13547414,+
KRR1,chr2_73957240_73958145,31.12473334,+
HNRNPK,chr9_129634306_129635207,31.11153497,+
TIAL1,chr6_99414690_99425214,31.10992425,+
GRSF1,chr5_138157267_138160068,31.10965503,+
HNRNPA1,chr13_27622009_27622874,31.09794372,+
EIF4B,chr2_241678649_241680228,31.09759885,+
HNRNPA1,chr3_48693179_48695089,31.08345603,+
TRA2A,chr6_26124749_26127697,31.0823404,+
KRR1,chr17_42567655_42568469,31.08164504,+
RBM22,chr11_10801087_10802048,31.06325125,-
TRA2A,chr7_107613432_107621629,31.03558007,+
RBM34,chr20_35772079_35801490,31.02338924,+
HNRNPM,chr16_66558348_66563121,31.01639807,+
KRR1,chr1_85258722_85258934,30.99685523,+
HNRNPL,chr10_91222983_91240483,30.99379691,+
G3BP1,chr1_74707204_74710097,30.98008936,+
SF1,chr10_73030370_73043886,30.97097931,+
HNRNPK,chr6_87569590_87589921,30.96782452,+
MATR3,chr10_103101326_103105357,30.96667113,+
RBM17,chr11_884169_899339,30.95530846,+
HNRNPK,chr1_32627544_32631826,30.95502637,+
PUM2,chr1_71065752_71066775,30.95354607,+
PUM2,chr6_99416428_99425214,30.94842147,+
PCBP2,chr21_33557316_33559229,30.94467906,+
HNRNPM,chr3_185926734_185937824,30.94041691,+
QKI,chr17_42567655_42568836,30.93595112,+
SLTM,chr11_112085462_112086639,30.92056162,+
U2AF1,chr1_85258722_85259357,30.89156755,+
SSB,chr11_112085462_112086639,30.8845761,+
G3BP1,chr11_134252916_134253298,30.87316631,+
MSI2,chr6_167010893_167013507,30.86089155,+
PUF60,chr12_122981299_122981594,30.85477102,+
KHDRBS1,chr16_634797_634888,30.85165453,+
FUBP3,chr7_74716950_74718878,30.83020267,-
KHSRP,chr10_103106706_103111744,30.82888197,-
CSTF2T,chr14_23960003_23967210,30.82801615,-
ASCC1,chr3_129434136_129436460,30.82520698,+
HNRNPA2B1,chr7_103304490_103308951,30.81955203,+
SF1,chr2_152663967_152664137,30.81659414,+
KHDRBS1,chr1_54047372_54053355,30.81635863,-
FUS,chr17_76557857_76561287,30.79645892,+
TIAL1,chr8_56211837_56214597,30.79412333,+
RBM39,chr6_125292909_125298713,30.79184004,+
PUF60,chr1_61683546_61686791,30.79149011,+
HNRNPA2B1,chr13_40982282_41019227,30.77372567,+
SF1,chr7_22946163_22960255,30.76412093,+
HNRNPK,chr14_35110629_35121901,30.75119674,+
QKI,chr1_167773368_167787819,30.74911896,-
EIF2S1,chr14_23565892_23566063,30.74841664,+
RBM25,chr19_10682704_10683136,30.74594558,+
RBM25,chr4_10088741_10116112,30.73303137,+
EIF3G,chr13_37047936_37051487,30.73269908,+
G3BP2,chr4_53379117_53379224,30.72747952,+
EWSR1,chr1_109659110_109665010,30.72056865,+
HNRNPL,chr11_33742084_33747129,30.71908023,+
SART3,chr15_49137458_49139527,30.70720036,-
EIF4B,chr5_7870923_7875257,30.69433401,+
PUM2,chr1_112703806_112705099,30.67692346,+
TRA2A,chr3_37355187_37366079,30.67452757,+
PUM1,chr3_140963227_140970926,30.67034193,+
HNRNPL,chr17_28655483_28661725,30.64496635,+
HNRNPA2B1,chr9_88448989_88462495,30.62746872,+
G3BP1,chr1_71065137_71066775,30.62191935,+
LARP4,chr4_119462979_119493332,30.5998288,+
U2AF1,chr3_38126341_38126509,30.59767117,+
HNRNPC,chr2_241315610_241324215,30.59668531,+
EIF4B,chr2_241678649_241685768,30.59541791,+
AKAP1,chr4_82857764_82863317,30.56343551,+
GRSF1,chr3_197149796_197194424,30.54118823,+
HNRNPA2B1,chr1_24662804_24663182,30.54089539,+
HNRNPL,chr3_146525647_146533469,30.5311752,+
SSB,chr6_159790060_159790939,30.52830268,+
HNRNPA1,chr1_95234315_95244210,30.51750406,+
SF3B4,chr12_109458081_109460635,30.49385944,+
FUS,chr12_53462567_53464759,30.46543039,-
HNRNPF,chr1_20780540_20787194,30.45958941,+
HNRNPC,chr10_12172866_12173717,30.45475649,+
SART3,chr22_35263874_35264647,30.44218414,+
SLBP,chr14_88596808_88601923,30.42872412,+
PABPC1,chr2_241268541_241315569,30.41004165,+
RBM17,chr4_53399839_53425871,30.40858869,+
SSB,chr1_151307801_151310210,30.40580761,+
RBM39,chr2_152677475_152679351,30.40428841,+
HNRNPC,chr5_7870923_7875257,30.40329755,+
AKAP1,chr2_152677475_152679351,30.38129289,+
HNRNPA2B1,chr14_65093815_65102303,30.3739038,+
HNRNPF,chr3_143021385_143021472,30.36514955,+
PCBP1,chr15_49137437_49139527,30.36313546,+
EWSR1,chr2_43794643_43795886,30.35118471,+
KHSRP,chr2_241678649_241680228,30.3490958,+
HNRNPM,chr4_83456958_83459739,30.34713112,+
KHSRP,chr12_6724250_6724613,30.32854044,-
HNRNPAB,chr8_89981523_89982721,30.32538135,+
TARDBP,chr1_155260659_155262085,30.31073931,+
SSB,chr18_694334_706469,30.31018739,+
SSB,chr11_77821241_77842478,30.30612638,+
RBM39,chr1_24662804_24666814,30.30389436,+
KHSRP,chr19_40348768_40365552,30.29978781,-
HNRNPM,chr13_27622009_27648378,30.29945972,+
HNRNPK,chr11_57737668_57737835,30.29686312,+
GRSF1,chr1_24662804_24666814,30.28945221,+
U2AF2,chr8_143581328_143586728,30.28182996,-
PARN,chr3_15414162_15415771,30.28134819,+
SSB,chr15_80059809_80120327,30.26860933,-
EIF4B,chr2_200419496_200440648,30.26727822,+
KRR1,chr17_78171054_78171738,30.26157263,+
HNRNPC,chr22_20315476_20319638,30.26020472,+
HNRNPL,chr5_146509245_146510440,30.25773856,+
DAZAP1,chr4_53391139_53399729,30.25694813,+
PCBP2,chr11_90206272_90206747,30.24746975,+
PCBP2,chr6_31639226_31640198,30.24559382,+
PTBP1,chr12_95252071_95256549,30.24010829,+
SSB,chr2_27772692_27779432,30.23253861,+
EIF4B,chr15_40810757_40812698,30.22967871,+
PCBP1,chr2_272305_275139,30.20956578,+
RBM39,chr1_46688544_46689586,30.20255342,+
PCBP2,chr5_140281533_140303040,30.19705859,+
HNRNPA2B1,chr12_42335974_42351884,30.19650718,+
HNRNPM,chr12_4543904_4546308,30.19360663,+
TROVE2,chr3_129434136_129436460,30.18625997,+
SSB,chr11_112085462_112086639,30.1781381,+
G3BP1,chr12_42375074_42387455,30.17629082,+
FXR1,chr5_34911812_34914694,30.16745879,+
RBM25,chr11_47565986_47571470,30.16639272,+
SSB,chr8_63168901_63169386,30.15679369,+
EIF2S1,chr5_66158932_66159218,30.14452499,+
SLTM,chr10_31852597_31854065,30.13666161,+
TIAL1,chr6_125292909_125298713,30.12805233,+
FUS,chr14_73297285_73323129,30.12179023,+
AKAP1,chr4_17845901_17909093,30.09080266,+
SUPT6H,chr6_75621625_75623899,30.07149482,+
CPSF6,chr14_64924126_64926009,30.06725342,+
HNRNPK,chr2_241317599_241324215,30.03994666,+
SSB,chr1_85258722_85259357,30.03839679,+
EWSR1,chr11_502181_507112,30.02315131,+
RBM34,chr1_25243633_25245149,30.01498258,+
CPSF6,chr3_197069260_197075836,30.00353289,+
PCBP2,chr16_189339_189930,30.0013036,+
KHDRBS1,chr4_82829058_82842139,29.99371891,+
U2AF1,chr1_155136951_155137560,29.98613519,+
RBM39,chr17_39282855_39297126,29.9819835,+
HNRNPL,chr20_35772079_35801490,29.98042753,+
PNPT1,chr5_135350913_135360496,29.97231716,+
RBM17,chr5_71604468_71632120,29.93628246,+
SFPQ,chr6_99416428_99425214,29.93436337,+
SF1,chr2_30147062_30156627,29.93406809,+
FUS,chr22_35263874_35264647,29.92948746,+
PNPT1,chr4_53377923_53379072,29.90899804,+
HNRNPA2B1,chr8_143818534_143821596,29.89349457,-
HNRNPA2B1,chr17_8463354_8466929,29.89024771,+
SF1,chr6_109369017_109376073,29.87158417,-
TRA2A,chr14_100369258_100375282,29.87042545,+
EIF4B,chr4_53377923_53379224,29.85447004,+
HNRNPC,chr19_54206462_54206552,29.84906373,-
RBM25,chr12_124911971_124913111,29.83217295,+
U2AF2,chr10_7802854_7807658,29.8055182,+
SFPQ,chr6_167013567_167022408,29.8046702,+
PABPC4,chr2_169824640_169824867,29.80122926,-
NONO,chr15_50725323_50726320,29.7948627,+
RBM22,chr3_12604289_12608765,29.78705481,+
TIAL1,chr17_8460160_8466929,29.75439259,+
TRA2A,chr8_56211837_56214597,29.75413918,+
PCBP1,chr20_62308178_62308654,29.75348896,+
EWSR1,chr8_100948900_100953268,29.74161081,-
PCBP2,chr17_5428211_5432541,29.73913747,+
PCBP2,chr16_4450497_4455545,29.73632039,+
LARP4,chr3_197149796_197161639,29.73023065,+
RBM25,chr20_410025_417525,29.72125237,+
RBM39,chr10_68338642_68339139,29.71840703,+
U2AF1,chr1_154157721_154169304,29.70463409,+
RBM17,chr2_99171646_99173413,29.69804889,+
MATR3,chr13_27622009_27622874,29.69798549,+
HNRNPC,chr11_66600549_66605153,29.66989565,+
RBM22,chr2_227340380_227347225,29.66468436,+
PNPT1,chr3_146528831_146533469,29.65910172,+
CPSF6,chr17_76557857_76561287,29.65025859,+
U2AF1,chr6_34880063_34880288,29.62171036,+
SF1,chr18_9195698_9208656,29.62072146,+
NONO,chr17_49707068_49707729,29.61993707,+
CPSF6,chr15_79889354_79896790,29.61965498,+
EWSR1,chr6_99416428_99425214,29.61017778,+
RBM39,chr4_51899378_51911069,29.60267454,+
PUF60,chr21_46636547_46636895,29.6018537,+
EWSR1,chr16_634797_634888,29.59214343,+
ASCC1,chr14_23564159_23564332,29.57752231,+
PABPC1,chr1_32634072_32634767,29.57102194,+
RBM25,chr2_73732285_73734428,29.5685279,+
HNRNPM,chr1_46686870_46689586,29.5586371,+
PABPC4,chr6_106293106_106316100,29.55398028,+
RBM17,chr3_16260829_16264768,29.53884737,+
KRR1,chr19_35631405_35632935,29.52872914,+
HNRNPA1,chr4_53377923_53379224,29.52664119,+
TARDBP,chr14_55661612_55667240,29.5266051,+
PTBP1,chr7_65974704_65974918,29.52660185,+
PTBP1,chr20_49280964_49289044,29.50610219,+
U2AF1,chr16_31885256_31890206,29.50077081,+
DKC1,chr9_136850560_136850754,29.49470836,+
PABPC1,chr7_5741644_5752845,29.48758976,+
FMR1,chr22_35781743_35809779,29.48047527,-
EIF3G,chr17_5422829_5432541,29.47827796,+
EIF3G,chr1_154966077_154966161,29.47591424,+
PUM1,chr4_53379117_53379224,29.47280853,+
GRSF1,chr19_41433673_41436391,29.47048509,+
RBM17,chr12_6567922_6568206,29.46295999,+
MATR3,chr20_34073635_34075873,29.46098128,+
PCBP1,chr2_152677475_152679351,29.45577512,+
PNPT1,chr8_73959818_73972244,29.45325968,+
EIF4B,chr2_241678649_241685768,29.45043286,+
ZRANB2,chr1_108696337_108698603,29.44192089,+
HNRNPM,chr10_110130486_110132304,29.43989383,+
HNRNPF,chr17_8460160_8466929,29.43491108,+
G3BP1,chr19_44172952_44175497,29.43223411,+
HNRNPA2B1,chr3_108047292_108057476,29.42045265,+
PABPC1,chr11_85628688_85631686,29.4096335,+
RBM39,chr6_167010893_167022408,29.40657731,+
TRA2A,chr10_35195214_35206894,29.398027,+
PABPC1,chr14_100369258_100375282,29.39391599,+
RBM17,chr3_49278902_49280743,29.39268509,+
HNRNPA1,chr19_41432408_41433536,29.391346,+
G3BP1,chr5_7870923_7875257,29.39079312,+
SF3B4,chr1_108696337_108698603,29.3887904,+
FUS,chr8_143581328_143586728,29.38771159,-
RBM34,chr1_207767195_207770320,29.38404031,+
QKI,chr6_26124633_26138053,29.38392838,+
U2AF1,chr5_225562_225882,29.37400154,+
MATR3,chr18_694334_697239,29.36375309,+
TIA1,chr3_146528831_146533469,29.35736217,+
EWSR1,chr16_66552793_66563121,29.34188223,+
TROVE2,chr5_138157267_138160068,29.33639432,+
PABPC1,chr12_32737161_32738263,29.33071786,+
KRR1,chr5_57214193_57221375,29.31921598,-
PPIL4,chr1_204532246_204538208,29.31781846,+
RBM39,chr1_224360563_224365878,29.31528599,+
HNRNPF,chr6_99416428_99425214,29.31484769,+
MATR3,chr11_77821241_77842478,29.3133523,+
KHDRBS1,chr7_65974704_65976014,29.31182592,+
G3BP1,chr14_55664041_55667240,29.29794963,+
NCBP2,chr3_169773462_169774264,29.28358596,+
FUS,chr2_161160486_161179613,29.28158239,-
PCBP2,chr15_22845267_22851638,29.26379768,+
FMR1,chr16_635340_635611,29.25660962,+
HNRNPA0,chr11_6603822_6604179,29.25240399,+
U2AF1,chr9_99218836_99221546,29.25211192,+
ZC3H8,chr22_32475124_32479132,29.24224809,-
QKI,chr8_61619019_61633682,29.21975049,+
HNRNPA0,chr19_40348768_40365552,29.21591375,+
IGF2BP2,chr3_180970358_180976121,29.20868616,-
CPSF6,chr13_36336358_36346581,29.20364885,+
HNRNPA1,chr1_154988849_154990158,29.20028481,+
EWSR1,chr16_635340_636093,29.19815947,+
PUF60,chr2_42697834_42704193,29.19775278,+
SSB,chr20_58895684_58898940,29.19632422,+
G3BP1,chr8_56211837_56214597,29.19522244,+
SF3B4,chr8_100948900_100953268,29.18043512,-
HNRNPA2B1,chr1_23967723_23971572,29.17518093,+
CPSF6,chr17_81934489_81934652,29.16352028,+
RBM25,chr2_30147062_30156627,29.16130116,+
EWSR1,chr3_38125881_38126509,29.13345986,+
PCBP2,chr8_61619019_61633682,29.12346746,+
SFPQ,chr16_66552793_66563121,29.12247599,+
HNRNPA1,chr10_73030370_73044980,29.10777513,+
HNRNPK,chr3_169773462_169774264,29.10485776,+
SAFB2,chr6_167013567_167022408,29.09685201,-
EIF4B,chr16_208188_208600,29.08755785,+
HNRNPA0,chr15_80059809_80120327,29.07859613,+
TARDBP,chr17_49706309_49706964,29.04811615,+
HNRNPC,chr1_23971439_23971572,29.04151198,+
PUM2,chr4_128091512_128092776,29.02477979,+
LARP7,chr7_101218217_101222603,29.02260781,+
PABPC1,chr3_108047292_108057476,29.0205371,+
U2AF1,chr19_8474244_8485602,29.02021378,+
RBM34,chr15_29719138_29720357,29.01895796,+
PNPT1,chr4_82857764_82863317,28.99737717,+
HNRNPF,chr13_102664925_102674282,28.96982247,+
PUM1,chr19_4324529_4325215,28.95707279,+
HNRNPA0,chr4_118278792_118279388,28.9516472,+
HNRNPC,chr6_311962_335113,28.95080218,+
MATR3,chr2_8812496_8813236,28.93585868,+
PUF60,chr7_65974704_65976014,28.93280337,+
SF1,chr12_70319364_70335437,28.91047567,+
PABPC1,chr17_82019381_82019640,28.90628824,+
RBM34,chr3_146528831_146533469,28.90201116,+
SUPT6H,chr1_39480009_39484600,28.8838672,+
RBM25,chr8_53801896_53814661,28.88318529,+
SFPQ,chr20_34073635_34075873,28.87713072,+
RBM34,chr19_40365930_40366418,28.87253553,+
PABPC1,chr2_38748653_38748897,28.84860894,+
PCBP2,chr9_33332502_33338506,28.84635465,+
HNRNPAB,chr4_118278792_118279388,28.82113806,+
LARP7,chr10_70161931_70170412,28.81951202,+
SSB,chr8_143818534_143821596,28.80560514,+
TROVE2,chr9_136862345_136862905,28.80079926,+
G3BP2,chr1_232950744_232956346,28.79648351,+
SF3B4,chr1_25243633_25245149,28.78941416,+
HNRNPM,chr1_167773368_167787819,28.7880936,+
PUM2,chr20_58895684_58898940,28.78547377,+
PABPC1,chr21_33557316_33559229,28.78280115,+
QKI,chr8_89762982_89765340,28.76759834,+
SSB,chr6_152975621_152982856,28.75939911,+
ZRANB2,chr6_105288894_105323664,28.75040788,+
RBM22,chr5_66153596_66159218,28.74086749,+
HNRNPA0,chr15_80059809_80120327,28.72863405,+
TARDBP,chr3_38125881_38126509,28.72559992,+
HNRNPA0,chr20_35772079_35774487,28.725248,+
FUS,chr3_187734907_187745409,28.72153404,+
HNRNPL,chr1_161750145_161751654,28.71663611,+
PNPT1,chr1_150325881_150328319,28.71446017,+
TIA1,chr6_90536401_90544551,28.71073617,+
NONO,chr17_16439414_16440184,28.6930916,+
HNRNPF,chr2_55577356_55579678,28.67775037,+
HNRNPM,chr11_62854551_62855132,28.67379782,+
RBM22,chr16_4450497_4455545,28.66904891,+
TARDBP,chr1_155260659_155262085,28.66318783,+
GRSF1,chr4_82425667_82426036,28.64838454,+
U2AF1,chr14_45096228_45096423,28.64182809,+
U2AF1,chr21_33557316_33557545,28.63542627,+
TIAL1,chr6_35293044_35293750,28.61615789,+
EIF3G,chr12_32737161_32740063,28.60975578,+
HNRNPM,chr1_11748589_11750076,28.60818429,+
HNRNPA2B1,chr3_12606299_12608765,28.60122552,+
HNRNPA2B1,chr1_228108318_228108436,28.59488353,+
G3BP1,chr4_53414722_53425871,28.57686648,+
PNPT1,chr1_243286397_243304712,28.57449056,+
EWSR1,chr6_167010893_167013507,28.5740591,+
HNRNPL,chr12_16347710_16357604,28.55928724,-
CCAR1,chr1_71065752_71066775,28.54927403,+
SFPQ,chr15_29720016_29720357,28.54216184,+
PUM1,chr1_155136376_155137560,28.52979807,+
FXR1,chr2_241268541_241272760,28.52842109,+
SFPQ,chr12_108564155_108564278,28.52801276,+
HNRNPL,chr1_61683546_61694696,28.52667116,+
RBM25,chr13_110893263_110894108,28.52213943,+
RBM25,chr1_155260659_155262085,28.49480889,-
IGF2BP2,chr5_96740118_96741265,28.49445795,-
QKI,chr10_63217331_63264650,28.4777449,+
RBM34,chr1_77967101_77967626,28.47292035,+
HNRNPC,chr20_5109445_5112729,28.47045396,+
PUM2,chr14_45109780_45110093,28.45996625,+
RBM25,chr5_151772036_151786602,28.44391018,+
HNRNPM,chr8_129871496_129903311,28.44296173,+
NONO,chr8_124516030_124518817,28.43715899,+
PABPC1,chr4_51899378_51913289,28.43515211,+
HNRNPC,chr12_98531838_98532822,28.42269825,+
EIF4B,chr11_85628688_85631686,28.42070198,+
KRR1,chr11_77821241_77842478,28.40359972,+
TARDBP,chr6_42934598_42935411,28.40154194,+
LARP4,chr7_75879260_75881828,28.39868308,+
PUM2,chr6_26124633_26138053,28.39423062,+
RBM25,chr7_16646304_16665436,28.38690197,+
SART3,chr6_36970694_36972702,28.38579745,-
SF1,chr2_152716126_152717355,28.38539871,+
HNRNPC,chr1_45568177_45568926,28.37855873,+
FUBP3,chr6_44223641_44227262,28.37775048,-
DAZAP1,chr18_47136449_47150377,28.37158081,+
PUF60,chr7_30500681_30504568,28.36742745,+
SF1,chr11_43444209_43445930,28.36670978,+
PCBP1,chr11_62854551_62854887,28.33882248,+
RBM22,chr1_155136376_155136827,28.31732406,+
PNPT1,chr8_81715114_81718181,28.31198801,+
CPSF6,chr12_56724549_56725262,28.29745365,-
PABPC1,chr2_73939022_73946718,28.29144162,+
SFPQ,chr7_117134192_117136080,28.28218276,+
HNRNPA0,chr1_171512200_171513000,28.27323675,+
TIA1,chr22_32475124_32479132,28.26782265,+
MATR3,chr3_141386937_141403926,28.25520397,+
SUPT6H,chr19_11345628_11346126,28.23657681,+
RBM39,chr6_167010893_167022408,28.22447568,+
SF3B4,chr14_70329236_70359518,28.21472084,+
HNRNPK,chr4_67701484_67720421,28.21304014,+
PABPC1,chr10_26755741_26759061,28.21150017,+
TROVE2,chr1_111137586_111140037,28.20334565,+
HNRNPA0,chr2_38749346_38749528,28.20205725,-
PTBP1,chr3_114056864_114056998,28.19341299,+
PCBP2,chr1_108696337_108698603,28.18248126,+
SF1,chr8_129879471_129903311,28.1749416,+
ZRANB2,chr17_81891841_81894466,28.16575203,+
NONO,chr4_53428183_53440581,28.16024844,+
PCBP2,chr3_25719635_25729132,28.15543669,+
U2AF1,chr12_122981299_122981594,28.15272275,+
TARDBP,chr2_27772692_27779432,28.13736588,+
CCAR1,chr1_51756358_51760689,28.13523602,+
PUF60,chr1_53233652_53235576,28.13295547,+
LARP7,chr20_410025_410411,28.13076276,+
U2AF2,chr10_1043393_1048863,28.11764273,+
PTBP1,chr3_185494761_185495153,28.11335818,+
HNRNPA2B1,chr6_167010893_167013507,28.10740307,+
EWSR1,chr5_134738792_134741062,28.10217171,+
MATR3,chr5_146462096_146463550,28.09787909,+
HNRNPL,chr2_197516146_197523623,28.07553904,+
CSTF2,chr2_74135658_74145188,28.06702348,+
ASCC1,chr4_82829058_82830936,28.05429137,+
PUM2,chr2_227340380_227342744,28.05002476,+
CCAR1,chr3_169773462_169774264,28.03630608,+
PABPC1,chr1_151316509_151327270,28.01997825,+
SART3,chr8_17940158_17947185,28.00915145,+
HNRNPL,chr2_215391814_215394527,28.00721111,+
HNRNPK,chr11_85631316_85631686,27.999081,+
HNRNPK,chr1_155668777_155670319,27.99731476,+
PUM2,chr8_81715114_81718181,27.99261108,+
GRSF1,chr15_64075537_64088686,27.99253386,-
CPSF6,chr11_77821241_77842478,27.97622286,+
G3BP1,chr12_45961322_45961699,27.9723353,+
HNRNPC,chr19_40348768_40366418,27.96506299,+
SAFB2,chr10_72216138_72230365,27.96494031,+
PABPC1,chr17_67959875_67964211,27.9443813,+
CCAR1,chr2_97219246_97224805,27.93610028,+
GRSF1,chr8_61643433_61644599,27.93301719,-
SSB,chr7_107613432_107621629,27.92773527,+
NONO,chr10_72216138_72230365,27.92501007,+
PUM1,chr14_55580354_55612018,27.91109879,+
CCAR1,chr6_43054486_43055896,27.90622126,+
GRSF1,chr8_56211837_56214597,27.8977319,+
SART3,chr6_75634811_75647730,27.8974419,+
AKAP1,chr6_125298816_125300537,27.88956156,+
KRR1,chr6_13321095_13326786,27.88093434,+
TROVE2,chr1_71065137_71066775,27.87309483,-
SFPQ,chr18_12311053_12325066,27.86421468,+
HNRNPA2B1,chr1_155260659_155262085,27.84078576,-
PCBP2,chr2_152716126_152717355,27.83626868,+
EIF4B,chr1_167773368_167787819,27.83463741,+
HNRNPA2B1,chr11_43444209_43448001,27.8295545,-
PABPC1,chr20_43458509_43459770,27.82676664,+
SSB,chr10_34341816_34347964,27.82664316,+
FXR1,chr14_55673012_55675834,27.8251138,+
HNRNPA2B1,chr9_72360787_72364695,27.81363295,+
HNRNPA1,chr3_15242253_15246731,27.80802558,+
EWSR1,chr10_42594699_42631928,27.80579083,+
G3BP2,chr14_55661612_55667240,27.80421488,+
CIRBP,chr10_72216138_72230365,27.7903778,-
NONO,chr21_46636547_46636895,27.78765153,+
SF3B4,chr2_178444500_178445425,27.78567029,+
G3BP1,chr1_24662804_24666814,27.7821286,+
EIF4B,chr6_31835451_31836423,27.76918131,-
PNPT1,chr3_180970358_180976121,27.76901011,+
NONO,chr1_151316509_151327270,27.75761833,+
SF1,chr1_243186072_243186258,27.75752332,+
U2AF2,chr7_76005404_76021850,27.75131478,+
HNRNPM,chr1_23971439_23971572,27.74854006,+
RBM34,chr2_63841232_63856305,27.74045532,+
RBM25,chr7_65974704_65976014,27.74014392,+
PABPC1,chr1_45552563_45561788,27.73707124,+
RBM39,chr12_70319364_70335437,27.73456333,+
MATR3,chr5_62352653_62353274,27.73274734,+
PABPC1,chr3_15242253_15246731,27.72742567,+
TIAL1,chr15_72200655_72203021,27.7196204,+
HNRNPM,chr2_27312772_27322447,27.70752676,+
EWSR1,chr11_2945646_2951258,27.68079067,+
RBM39,chr9_88448989_88468371,27.67703599,+
ASCC1,chr8_85217502_85220305,27.66334276,-
TARDBP,chr1_153642429_153645063,27.66141213,+
FMR1,chr1_24663224_24666814,27.65575991,+
HNRNPK,chr16_635340_635611,27.65496464,+
GRSF1,chr2_161160486_161179613,27.64910031,+
EIF2S1,chr1_23967723_23971572,27.6406746,+
PUF60,chr1_25243633_25245149,27.63555293,+
U2AF1,chr1_45606591_45613168,27.6349627,+
TIA1,chr5_138157267_138160068,27.62934115,+
HNRNPAB,chr1_154966077_154966161,27.62542985,-
KRR1,chr13_40982282_41019227,27.60432021,+
PABPC1,chr11_46617890_46618259,27.60296326,-
G3BP1,chr1_207767195_207770320,27.59703482,+
FMR1,chr11_47565986_47571470,27.59208392,+
CIRBP,chr3_193618936_193631611,27.58592832,+
FXR1,chr3_37355187_37366079,27.58473193,+
HNRNPC,chr12_96003064_96006313,27.57220259,+
NONO,chr15_41349241_41351032,27.57084709,-
PCBP1,chr1_77967098_77967626,27.56594998,+
U2AF1,chr2_176269669_176296859,27.56378828,+
G3BP2,chr2_27772692_27774423,27.55992545,+
G3BP2,chr5_96695907_96722638,27.55924612,+
FMR1,chr2_111429620_111494884,27.54905703,+
EIF3G,chr1_51652041_51714002,27.54762611,+
PUF60,chr5_78421960_78449932,27.54592058,+
HNRNPA2B1,chr14_55661612_55667240,27.54295579,-
PUM2,chr1_70355111_70366443,27.53991858,+
KRR1,chr16_75641723_75644282,27.52652977,+
NONO,chr11_134252916_134253226,27.52592553,+
CPSF6,chr4_82829058_82842184,27.52270985,+
SAFB2,chr15_66495419_66497641,27.51276607,+
LARP7,chr1_39563922_39564422,27.50574349,+
CCAR1,chr8_52624787_52628040,27.49316578,+
ASCC1,chr3_69077918_69080333,27.49198241,+
HNRNPA0,chr12_108564155_108564278,27.48113637,+
TRA2A,chr6_31639226_31639499,27.48109562,-
ZC3H8,chr1_71065137_71066775,27.47814377,+
CIRBP,chr15_41358258_41365404,27.47139283,+
ASCC1,chr7_103304490_103308951,27.46871401,+
TROVE2,chr1_155261734_155262085,27.46049293,+
MATR3,chr2_241678649_241680228,27.44240278,+
RBM39,chr2_61017851_61018183,27.43255166,+
HNRNPA1,chr19_38893867_38899505,27.42909526,+
RBM25,chr8_85217502_85220305,27.42678039,-
PABPC1,chr14_23564159_23564332,27.42253604,+
U2AF2,chr2_271939_272036,27.40657136,-
U2AF1,chr2_30147062_30156627,27.4051529,+
SSB,chr11_893519_899339,27.39372557,+
TROVE2,chr14_35116737_35121901,27.39060691,+
TARDBP,chr1_24662804_24666814,27.38746034,+
HNRNPA1,chr4_82857764_82863317,27.3752601,+
HNRNPK,chr3_114056864_114056998,27.35516086,+
LARP4,chr2_30147062_30156627,27.34930646,+
NCBP2,chr17_73209768_73227164,27.34353709,+
QKI,chr6_90536401_90544551,27.34297219,+
FUBP3,chr6_10695069_10697323,27.32159937,+
U2AF1,chr1_45568684_45568926,27.31897643,-
U2AF2,chr1_51750195_51760689,27.31800557,+
PCBP2,chr1_155668717_155670319,27.31492653,+
KHDRBS1,chr3_37083806_37094791,27.30213601,+
HNRNPM,chr11_47476956_47477296,27.29183764,+
EIF4B,chr12_122520581_122521384,27.28674187,+
HNRNPA2B1,chr4_83456958_83459739,27.28342727,+
PUM1,chr11_33731468_33736381,27.27280146,-
PCBP2,chr5_66153596_66159218,27.27018366,+
MATR3,chr5_138157267_138159554,27.2645644,+
HNRNPA2B1,chr8_81715114_81718181,27.2369409,+
HNRNPC,chr9_72360787_72363469,27.23170096,+
TROVE2,chr3_140963227_140966347,27.22675014,+
NCBP2,chr15_44403054_44413335,27.22336478,+
PCBP2,chr6_3263759_3267590,27.21993163,+
PABPC4,chr1_108695780_108696042,27.21558571,+
HNRNPF,chr11_47731561_47732116,27.20067641,+
HNRNPL,chr10_110569013_110575335,27.19966774,+
CCAR1,chr1_51750195_51760689,27.19759545,+
PCBP2,chr5_7873526_7875257,27.19174779,+
CIRBP,chr2_227340380_227355676,27.18531916,+
TROVE2,chr2_200860215_200861237,27.17874796,+
RBM34,chr9_72360787_72364695,27.16912287,+
U2AF1,chr15_78542219_78544189,27.16774298,+
PABPC4,chr5_112864732_112867371,27.16402651,+
RBM25,chr2_134946465_134947735,27.16221721,+
PCBP2,chr14_65093815_65102303,27.16006649,+
RBM17,chr9_70344269_70347065,27.14865442,+
HNRNPK,chr4_82829058_82844385,27.14640689,+
U2AF1,chr1_167773368_167787819,27.14353433,+
SART3,chr6_167010893_167022408,27.13635669,-
FUS,chr15_101650161_101652270,27.13325302,+
EIF4B,chr17_81891841_81893551,27.12936051,+
SSB,chr1_24662804_24666814,27.12383876,+
MATR3,chr8_73027052_73030335,27.11611451,+
PNPT1,chr11_112085462_112085977,27.10964072,+
SLBP,chr9_136862345_136862905,27.10855823,+
RBM39,chr5_138163344_138164319,27.10662321,+
RBM25,chr19_16654125_16659394,27.10438136,+
HNRNPM,chr3_37083806_37094791,27.0965519,+
MSI2,chr7_74716950_74718878,27.09075864,-
CIRBP,chr3_100310542_100316098,27.08911709,+
HNRNPA1,chr14_88596808_88607242,27.08715332,+
SSB,chr2_42697834_42704193,27.08242012,+
EWSR1,chr3_48695421_48717156,27.07106371,+
RBM25,chr2_44218537_44230412,27.06770343,+
CSTF2,chr6_99414690_99425214,27.06237547,+
HNRNPK,chr20_49279208_49280484,27.05737643,+
GRSF1,chr11_884169_899339,27.03358891,+
PCBP2,chr12_62325933_62349220,27.03064878,+
EIF3G,chr20_43459420_43459770,27.02893222,-
FUS,chr10_78037304_78040614,27.02724808,+
HNRNPM,chr1_168004793_168038370,27.01856871,+
SUPT6H,chr7_117131960_117134123,27.00310347,+
HNRNPA2B1,chr11_95914312_95923874,27.00119033,+
CCAR1,chr7_43648652_43729428,26.98449095,+
EIF4B,chr15_44380976_44402886,26.98351933,+
SAFB2,chr11_47565986_47571470,26.98215232,+
NONO,chr10_73030370_73044980,26.97330429,+
PABPC1,chr4_26321048_26362445,26.97209912,+
RBM39,chr1_85258722_85258934,26.95973456,+
PCBP2,chr7_75879260_75881828,26.95250949,+
RBM25,chr11_73716362_73718612,26.9458413,-
RBM39,chr2_74142360_74145188,26.94299107,+
KRR1,chr2_30147062_30156627,26.93834586,+
PUM1,chr6_335163_345853,26.90260703,+
HNRNPM,chr3_187734907_187745409,26.89889298,-
PUF60,chr8_143821913_143829279,26.89121366,-
CPSF6,chr13_52456607_52460898,26.87664282,+
G3BP1,chr7_141010660_141014910,26.86629908,+
HNRNPK,chr12_79805768_79807225,26.86476606,+
SSB,chr20_35021332_35035122,26.84527252,+
FXR1,chr2_9406905_9408112,26.84058363,+
HNRNPM,chr6_26124749_26127697,26.83669881,+
PCBP2,chr20_18507990_18510821,26.83208844,+
SF1,chr16_53492522_53492692,26.83061316,+
PTBP1,chr2_73957240_73958145,26.81985333,+
HNRNPK,chr2_227325427_227328677,26.81874285,+
NCBP2,chr2_241315982_241317498,26.81613138,+
HNRNPK,chr12_109088512_109090008,26.81384499,+
FUS,chr18_35005553_35070194,26.79162134,+
EIF3G,chr2_200860215_200861237,26.77017293,+
HNRNPM,chr3_15245671_15246731,26.76581869,+
SLTM,chr1_39480009_39484600,26.75125023,+
RBM39,chr3_108047292_108057476,26.74867447,+
TARDBP,chr11_43444209_43445930,26.74507413,+
FUS,chr22_35263874_35264647,26.73994019,+
PUM1,chr14_96556413_96560648,26.73122023,+
HNRNPC,chr17_42823879_42824154,26.72906923,+
LARP4,chr14_35046628_35053277,26.72843869,+
SAFB2,chr5_132195480_132198320,26.72831944,+
EIF3G,chr18_36787079_36798448,26.6854813,-
EIF2S1,chr5_96695907_96722638,26.67761435,+
PABPC1,chr1_174877605_174957456,26.67330693,+
LARP7,chr22_35257557_35263077,26.67307798,+
CPSF7,chr17_8463354_8466929,26.66831325,-
PABPC1,chr6_24775112_24777221,26.63193819,+
G3BP1,chr3_180970358_180976121,26.62636081,+
HNRNPA2B1,chr16_1786655_1787676,26.61968691,+
TRA2A,chr1_46686870_46688352,26.60247134,+
RBM34,chr11_112085462_112086639,26.60114891,+
U2AF1,chr3_197149796_197161639,26.57181183,+
SF3B4,chr16_68346280_68352247,26.56538632,+
PUM2,chr8_81715114_81718181,26.55866582,+
DKC1,chr8_73030395_73032041,26.55673996,+
DKC1,chr22_17739488_17774380,26.52763102,-
IGF2BP2,chr17_21198840_21210935,26.52587393,-
PUM2,chr3_48695421_48717156,26.52075765,+
PABPC1,chr3_146528831_146533469,26.51400434,+
HNRNPA2B1,chr6_34878720_34879966,26.4956017,+
HNRNPL,chr3_69077918_69080111,26.47798832,+
PUF60,chr7_148832750_148846469,26.45205814,+
U2AF1,chr1_24646789_24647078,26.45152046,-
U2AF1,chr10_42594699_42631928,26.44527573,+
EWSR1,chr19_41433673_41438217,26.43748691,+
SFPQ,chr1_111139666_111140037,26.43526385,+
DKC1,chr3_58141929_58142649,26.42978234,+
CPSF7,chr1_51750195_51760689,26.42399879,+
PABPC1,chr6_167010893_167013507,26.41943922,+
PUM1,chr11_77821241_77842478,26.41907472,+
HNRNPL,chr12_96003064_96003837,26.41782601,+
CIRBP,chr14_100369258_100375282,26.41502417,+
FUBP3,chr14_23562593_23563379,26.41324954,+
PABPC1,chr9_128323147_128325142,26.38938467,+
DAZAP1,chr14_100369258_100376259,26.38599469,+
EIF2S1,chr7_99902174_99903217,26.37095384,+
PUM2,chr17_16439414_16440184,26.35399423,+
HNRNPAB,chr1_150441023_150443230,26.35106116,+
NONO,chr1_154214574_154220341,26.34809516,+
NCBP2,chr20_35772079_35774487,26.34230058,+
RBM34,chr19_10177367_10180186,26.33905453,+
RBM39,chr12_25195337_25203919,26.33681013,+
FUS,chr11_66640123_66646026,26.31675659,+
HNRNPC,chr5_140487060_140496519,26.31117823,+
HNRNPK,chr4_102826636_102827943,26.30312386,+
TARDBP,chr11_134252916_134253226,26.29515025,+
HNRNPF,chr20_35772079_35801490,26.28877649,+
MATR3,chr2_200439328_200440648,26.27430342,+
FUS,chr11_11880380_11884466,26.2644042,+
SART3,chr1_150325881_150328319,26.25957454,+
IGF2BP2,chr2_73828996_73830844,26.24978475,+
SSB,chr2_227340380_227355676,26.2486737,+
SUPT6H,chr4_53377923_53379224,26.24790328,-
HNRNPM,chr18_35290391_35305975,26.2378793,-
HNRNPK,chr2_215391814_215394527,26.21704662,-
G3BP1,chr2_169584899_169603641,26.21382673,+
SSB,chr16_208188_220648,26.20901443,+
G3BP1,chr1_154261697_154266500,26.20793202,+
RBM39,chr1_244842058_244842194,26.20395498,+
EWSR1,chr2_200860215_200861237,26.20379657,+
CPSF6,chr7_43650712_43729428,26.18670376,+
SF1,chr1_32627544_32631826,26.18140255,+
RAVER1,chr7_45103443_45104098,26.17579665,+
KHDRBS1,chr11_57737668_57737912,26.17149315,+
EWSR1,chr1_168004793_168038370,26.1654699,+
GRSF1,chr2_215381080_215382211,26.16483232,+
U2AF1,chr5_96729209_96729611,26.16411693,+
HNRNPC,chr15_101650161_101651695,26.16408081,+
GRSF1,chr4_53391498_53399729,26.16245713,+
PPIL4,chr8_81715114_81718181,26.1451468,+
HNRNPK,chr9_129493595_129503322,26.14492554,+
G3BP1,chr1_232955719_232956346,26.14368265,+
EIF2S1,chr17_42953778_42954875,26.12335438,+
PTBP1,chr15_101650161_101652270,26.12128179,+
RBM25,chr1_53228954_53235576,26.11796335,+
HNRNPK,chr15_80059809_80120327,26.11466095,+
FUS,chr15_49137437_49139527,26.10610563,+
SSB,chr1_39563741_39564422,26.10609729,+
GRSF1,chr1_24662804_24666814,26.10549599,+
HNRNPC,chr8_11853479_11868000,26.10307777,+
PCBP1,chr10_13116340_13118905,26.10066341,+
NCBP2,chr8_61619019_61633682,26.08547164,-
SF3B4,chr6_90536401_90547257,26.08483974,+
ASCC1,chr17_42348539_42388278,26.07588499,+
TRA2A,chr14_55661612_55667240,26.06970008,+
LARP4,chr1_20779911_20787194,26.0692145,+
AKAP1,chr21_46663554_46664294,26.05959122,+
HNRNPA2B1,chr7_75879260_75881828,26.05943141,+
SF3B4,chr18_26035923_26038554,26.05643922,+
G3BP1,chr20_38447623_38448661,26.05636876,+
SSB,chr1_74707204_74710097,26.05426846,+
HNRNPK,chr2_27772692_27774423,26.03282875,+
PUM1,chr8_81715114_81718181,26.03044403,+
KHDRBS1,chr11_57762046_57794009,26.02981557,+
KRR1,chr2_30147062_30156627,26.01938032,+
HNRNPC,chr19_40348768_40365552,26.01737731,+
RBM22,chr12_57517424_57517705,26.00628001,-
CPSF6,chr11_77821241_77842478,26.00201211,+
PTBP1,chr2_152677475_152679351,25.99519597,+
HNRNPC,chr2_27772692_27774423,25.98468766,+
SSB,chr7_99892746_99903217,25.973245,+
QKI,chr4_82355401_82356795,25.97170046,+
LARP4,chr17_67959875_67963332,25.97051306,+
HNRNPA0,chr2_227340380_227355676,25.9663115,+
SSB,chr1_71065752_71066775,25.96540466,+
HNRNPA2B1,chr8_10765916_10826151,25.96425192,+
PUM1,chr18_58333892_58341037,25.96126596,+
FXR1,chr16_634956_635280,25.94518696,+
PCBP2,chr10_63217331_63219877,25.93634307,+
PABPC4,chr3_180970358_180976121,25.93539664,+
CPSF6,chr5_96695907_96722638,25.9316502,+
PUF60,chr9_32974561_32985970,25.92731914,-
RBM17,chr7_30019123_30022664,25.92374889,+
HNRNPM,chr1_168004793_168038370,25.92047183,+
KRR1,chr3_48695418_48717156,25.91543803,+
FXR1,chr3_169782643_169784621,25.88092688,+
PTBP1,chr22_42912157_43015020,25.86893633,+
SSB,chr2_200419496_200440648,25.8641025,+
ZC3H8,chr6_167010893_167022408,25.86003953,+
HNRNPM,chr10_110130486_110133325,25.85787018,+
HNRNPA1,chr2_30147062_30156627,25.85759253,+
SF3B4,chr12_31298224_31304981,25.85619318,-
MSI2,chr12_6652770_6652935,25.85514899,-
PCBP1,chr7_42935136_42937321,25.83375559,+
DKC1,chr14_55661612_55667240,25.83273152,+
PABPC1,chr3_186804724_186806289,25.82940682,+
PABPC1,chr9_33332502_33338509,25.8262065,+
SLTM,chr4_53391139_53399729,25.82252046,+
G3BP2,chr16_208188_220648,25.81423979,+
RBM34,chr17_81891841_81893551,25.79461114,+
HNRNPC,chr2_176269669_176296859,25.78185458,+
HNRNPK,chr12_124913092_124913320,25.77416019,+
PCBP1,chr12_57720263_57720405,25.76884101,+
LARP7,chr6_167010893_167022408,25.76661919,+
HNRNPC,chr2_241317599_241324215,25.7409556,+
SFPQ,chr19_18571909_18573292,25.73561672,+
CIRBP,chr5_7870923_7875257,25.73454585,+
TARDBP,chr9_129493595_129503322,25.72779357,+
HNRNPK,chr1_51750195_51760689,25.72568025,+
AKAP1,chr12_6670838_6672349,25.71445502,+
NONO,chr20_58895684_58903530,25.71165853,+
IGF2BP2,chr12_95252071_95256549,25.70643061,+
U2AF2,chr6_167010893_167022408,25.70557221,+
RBM17,chr16_20900889_20915555,25.68640867,+
HNRNPK,chr15_64075537_64088686,25.68591567,+
HNRNPM,chr20_43458509_43459770,25.68467904,+
HNRNPA1,chr11_73716362_73718784,25.66317519,+
FUS,chr12_112048443_112053557,25.66308392,+
HNRNPK,chr15_80059809_80120327,25.66186119,+
PABPC1,chr1_70355107_70366443,25.65996631,+
CPSF6,chr3_51985271_51985360,25.65504075,+
FXR1,chr2_219498938_219499955,25.64722687,+
HNRNPC,chr6_109369017_109376073,25.63765644,+
GRSF1,chr19_16654125_16659394,25.63745843,+
MATR3,chr8_17924780_17935588,25.63631673,+
EWSR1,chr20_35772079_35801490,25.63193188,+
HNRNPK,chr4_53428183_53440581,25.62091751,+
SF3B4,chr11_112085462_112086639,25.6201259,+
SF1,chr4_53428183_53440581,25.61436825,+
U2AF1,chr1_154261697_154263102,25.61396769,+
TROVE2,chr20_58895684_58898940,25.61326,+
U2AF1,chr3_114056864_114065236,25.61141456,+
RBM25,chr6_26124633_26127697,25.61061521,+
NONO,chr22_24276803_24302194,25.57976838,+
PCBP1,chr12_46367340_46370775,25.57816405,-
FUS,chr3_41239354_41239659,25.57699823,+
PUM2,chr22_38665685_38668016,25.57354753,+
PABPC1,chr1_168023047_168038370,25.55872746,+
MATR3,chr7_23521840_23531788,25.55151752,+
PTBP1,chr11_61438113_61445940,25.551485,+
EIF4B,chr14_100369258_100375282,25.54953162,+
FXR1,chr14_35046628_35050032,25.54412124,-
AKAP1,chr8_89762982_89765340,25.54166646,+
HNRNPF,chr3_48694240_48695089,25.5391321,+
G3BP1,chr19_45164970_45178134,25.52888872,+
SF3B4,chr10_110132400_110133325,25.52879957,+
G3BP1,chr8_56211837_56214597,25.5242174,+
EIF2S1,chr11_112085462_112086639,25.51001949,+
HNRNPC,chr2_176297895_176323391,25.50817918,+
RBM22,chr6_90536401_90547257,25.50448443,+
SSB,chr1_151027327_151033805,25.48706634,+
MATR3,chr11_75563770_75566315,25.47438507,+
U2AF1,chr7_105038199_105040838,25.45933056,-
EWSR1,chr10_29409683_29415356,25.45704983,+
HNRNPC,chr11_10801087_10802048,25.4525728,-
LARP7,chr6_99416428_99425214,25.4490564,+
EWSR1,chr1_228140363_228141123,25.44799527,-
FXR1,chr5_79641196_79642831,25.44765409,+
EIF2S1,chr14_49626048_49633286,25.44717166,+
AKAP1,chr14_73297285_73323129,25.44562527,+
U2AF1,chr15_101285801_101286213,25.44424799,+
U2AF1,chr1_155717128_155725381,25.42980276,+
KHDRBS1,chr3_16260829_16264768,25.41554542,+
U2AF1,chr2_272305_275139,25.40516065,+
EIF2S1,chr3_138187599_138209816,25.40440504,+
NONO,chr1_20779911_20787194,25.3919082,+
PUF60,chr2_70229091_70229263,25.386846,+
KHDRBS1,chr3_48693179_48695089,25.38657148,+
HNRNPA1,chr3_185495315_185496827,25.37008161,+
RBM17,chr6_116571655_116580294,25.3492831,+
PTBP1,chr9_33956146_33960825,25.34473788,+
U2AF1,chr1_75724817_75728400,25.34264733,+
SUPT6H,chr16_4474166_4474409,25.33933108,+
PCBP1,chr10_72216138_72230365,25.33671191,+
PNPT1,chr3_28241812_28263290,25.30804289,+
U2AF1,chr22_46343368_46346421,25.29170671,+
DKC1,chr3_37273601_37281957,25.28478803,+
SLTM,chr11_134252916_134253226,25.27727166,+
MATR3,chr14_100369258_100375282,25.26213962,+
SFPQ,chr7_75879260_75881828,25.26003437,+
TARDBP,chr6_167010893_167022408,25.25449933,+
PNPT1,chr11_67467590_67468027,25.24226125,+
TARDBP,chr6_43054486_43055896,25.2422435,+
PCBP2,chr9_37782137_37783913,25.23449145,+
PCBP2,chr3_180975404_180976121,25.22869542,+
TIA1,chr7_103304490_103308951,25.22357949,+
NONO,chr6_85536924_85541984,25.21307051,+
HNRNPM,chr15_101650161_101652270,25.20922467,+
NONO,chr1_35176474_35177318,25.20892729,+
MATR3,chr19_4324667_4325215,25.20826389,+
ASCC1,chr18_9562075_9563377,25.20614317,+
TARDBP,chr6_167010893_167022408,25.19837087,+
PUF60,chr11_85628688_85631686,25.19332167,+
PPIL4,chr12_124912734_124913190,25.17637869,-
G3BP1,chr7_65974704_65976014,25.16095537,+
HNRNPC,chr6_167870498_167872213,25.15987635,+
PNPT1,chr17_5422829_5425970,25.15360562,+
GRSF1,chr3_121788432_121790072,25.14413816,+
PABPC1,chr17_21198840_21214090,25.13332019,+
KHSRP,chr12_10704148_10709907,25.13156459,-
HNRNPF,chr3_152445539_152446703,25.1314439,+
HNRNPC,chr20_35772079_35801490,25.12915629,+
SSB,chr12_122981266_122981594,25.12827155,+
CPSF6,chr10_26751783_26755654,25.12799121,+
TARDBP,chr8_73030395_73032041,25.12652312,+
PCBP1,chr17_50737479_50740305,25.11697932,+
MATR3,chr7_99571792_99572244,25.10791353,+
PABPC1,chr3_121719768_121722261,25.10186458,+
TROVE2,chr3_49278451_49278813,25.09742056,+
NCBP2,chr1_108696337_108698603,25.09522683,+
KHDRBS1,chr10_42594699_42631928,25.09429262,+
HNRNPK,chr17_16439414_16440184,25.06022021,+
HNRNPA1,chr1_16315435_16316436,25.05788631,+
HNRNPF,chr19_805187_806407,25.05280653,+
EWSR1,chr8_80003180_80030053,25.04417135,+
KRR1,chr6_31835451_31836423,25.04415789,+
TROVE2,chr2_44218537_44232315,25.04033027,+
TROVE2,chr4_83456958_83459739,25.03558528,+
EWSR1,chr6_87569590_87589700,25.0331322,+
HNRNPA0,chr3_138187599_138209816,25.03265545,+
EWSR1,chr2_27772692_27779432,25.02702337,+
SFPQ,chr12_6567922_6568138,25.02117508,+
G3BP1,chr15_66495419_66497641,25.01430793,+
HNRNPK,chr12_4612718_4613514,25.01023827,+
SF3B4,chr1_33014594_33021592,25.00804246,+
SSB,chr5_98868635_98869753,24.99523244,+
ZRANB2,chr8_38172033_38176274,24.99239649,+
LARP4,chr4_53428183_53442652,24.99157777,-
SUPT6H,chr12_57787162_57796176,24.98834628,+
HNRNPA1,chr1_20779911_20787194,24.98555605,+
ZRANB2,chr13_37048599_37051487,24.98549385,+
NCBP2,chr20_43458509_43459770,24.98450689,+
ZRANB2,chr14_23960003_23967210,24.96086676,+
TRA2A,chr16_1786955_1787676,24.94858566,+
PABPC4,chr13_48090418_48095059,24.94308182,+
CCAR1,chr12_53462567_53465931,24.93616963,+
HNRNPM,chr5_96702915_96722638,24.93606202,-
HNRNPL,chr12_48662654_48667692,24.93075114,+
PCBP2,chr6_26124749_26127697,24.93012506,+
HNRNPM,chr11_47565986_47569699,24.92057965,+
FUBP3,chr12_6672532_6673215,24.92003051,+
SF1,chr6_167010893_167013507,24.91070726,+
NONO,chr3_12606299_12608765,24.9102258,+
SFPQ,chr14_30622399_30630476,24.89396656,-
HNRNPA1,chr20_284081_290258,24.88305246,+
HNRNPC,chr6_33294762_33294976,24.88088652,+
PCBP2,chr4_53399839_53425871,24.86402136,+
HNRNPM,chr16_69120649_69121435,24.86023058,-
MATR3,chr9_72360787_72364695,24.85955316,+
PNPT1,chr8_73978861_73981154,24.84970957,+
EIF4B,chr2_215379317_215380810,24.849482,+
PNPT1,chr6_99414690_99416348,24.83204515,+
TRA2A,chr22_42912157_43015020,24.82953834,+
G3BP1,chr10_122998671_123007025,24.81913005,+
PCBP2,chr1_154988849_154990158,24.81755136,+
RBM17,chr4_82355401_82356795,24.8136682,+
HNRNPA0,chr17_3720402_3723687,24.79563546,+
HNRNPA0,chr17_42348539_42388278,24.79398686,+
GRSF1,chr3_187734907_187745409,24.79100692,-
PABPC4,chr17_81891841_81893551,24.79083803,+
PNPT1,chr1_46309127_46309896,24.78513335,+
HNRNPAB,chr11_112085462_112086639,24.77412584,+
HNRNPA1,chr1_207767195_207770320,24.74199535,+
HNRNPAB,chr5_112976986_112983973,24.71212872,+
PTBP1,chr15_80059809_80120327,24.70343522,+
KRR1,chr16_208664_220648,24.70037897,+
SUPT6H,chr20_58895684_58903530,24.69993524,-
U2AF1,chr1_45568177_45568926,24.68932443,+
HNRNPM,chr1_20779911_20787194,24.68101949,+
PABPC1,chr3_28241812_28263290,24.67441954,+
PCBP2,chr4_53391139_53399729,24.65129893,-
EWSR1,chr17_28331987_28332145,24.63978284,+
PCBP1,chr20_34073635_34075873,24.63236011,+
GRSF1,chr4_107660072_107682014,24.62897083,+
QKI,chr3_140963227_140970926,24.61824201,+
CPSF6,chr8_17939861_17947185,24.60762745,+
HNRNPK,chr9_37780880_37783913,24.58902675,+
RBM39,chr12_51049185_51056349,24.58175854,+
PUF60,chr4_51886638_51891759,24.58122372,+
HNRNPC,chr19_41433673_41438217,24.57643582,+
HNRNPC,chr7_105014535_105038125,24.57302201,-
ZC3H8,chr11_66640123_66646026,24.56415947,+
HNRNPM,chr1_39480009_39484600,24.55333226,+
U2AF1,chr17_42348539_42388278,24.55327826,+
U2AF1,chr9_72360787_72364695,24.54363212,+
RBM39,chr17_73209768_73227164,24.53693398,+
CSTF2T,chr1_111137586_111140037,24.52098423,-
CPSF6,chr12_31305123_31326023,24.52071489,+
HNRNPK,chr1_24662804_24666814,24.51877083,+
PNPT1,chr2_200419496_200440648,24.50847896,+
FUS,chr15_101650161_101651695,24.5063801,+
RBM17,chr1_51714079_51745535,24.50135632,+
PUF60,chr5_71604468_71626639,24.49604632,+
SUPT6H,chr20_58895684_58903530,24.49550434,-
HNRNPA2B1,chr6_44219782_44227262,24.49347856,+
SFPQ,chr2_44218537_44230412,24.45899858,+
TROVE2,chr1_71065137_71066775,24.45887379,-
MATR3,chr9_33347117_33347662,24.45852612,+
HNRNPA1,chr2_61017851_61018183,24.43666227,+
U2AF1,chr11_72111281_72111411,24.43331432,+
PTBP1,chr4_82829058_82844385,24.42576931,-
FUS,chr21_37157214_37159698,24.42243969,+
EIF3G,chr1_25243633_25245149,24.41269836,+
PUM1,chr20_34073635_34075873,24.41139407,+
NCBP2,chr1_33014594_33021592,24.40775645,+
ZC3H10,chr20_35734257_35738967,24.40626847,-
KHSRP,chr12_42375074_42387455,24.39900143,+
U2AF2,chr4_82861708_82863317,24.39760537,-
KHDRBS1,chr1_151316509_151327270,24.39325071,+
HNRNPL,chr1_108696337_108698603,24.38842994,+
HNRNPL,chr4_184638468_184649394,24.38734525,+
SF3B4,chr2_73950732_73958145,24.3832762,-
PTBP1,chr1_28561260_28561345,24.38136646,-
EWSR1,chr8_56214667_56216432,24.37537275,+
EIF3G,chr8_143581328_143586728,24.36636915,-
TRA2A,chr1_53233652_53235576,24.36308298,+
PPIL4,chr15_49625431_49632158,24.35373988,+
G3BP2,chr6_26127761_26138053,24.34577699,+
U2AF1,chr1_20779911_20787194,24.33142977,+
HNRNPC,chr12_122511188_122515104,24.32904614,+
KHSRP,chr10_68755536_68757293,24.32593582,+
CPSF6,chr6_31540534_31541949,24.32430382,+
CCAR1,chr6_125298816_125300537,24.32401828,+
SSB,chr16_208188_220648,24.32065054,+
HNRNPL,chr7_5739352_5740972,24.31995668,+
LARP4,chr12_31298224_31323943,24.31323466,+
SUPT6H,chr1_39480009_39484600,24.31068867,+
SF3B4,chr19_11345628_11346126,24.29638708,+
PUF60,chr1_23971439_23971572,24.29311512,+
DKC1,chr2_152677475_152679351,24.29126996,-
RBM25,chr11_112085462_112086639,24.29092545,+
TARDBP,chr20_43458509_43459770,24.28908778,+
SUPT6H,chr1_111139711_111140037,24.28427158,+
RBM39,chr8_85219363_85220305,24.27958313,+
KRR1,chr12_57720263_57720405,24.27144171,+
FUS,chr11_66640123_66646026,24.25614425,+
EIF2S1,chr19_41432408_41433271,24.2539197,+
HNRNPK,chr14_73297285_73323129,24.25370715,+
PNPT1,chr3_193618936_193626091,24.24511373,-
G3BP2,chr17_39282855_39285477,24.23980177,+
DAZAP1,chr16_1786655_1787676,24.23783888,+
TIAL1,chr19_4324667_4325215,24.22012017,+
DKC1,chr11_85631316_85631686,24.20560056,+
MATR3,chr17_81891833_81894466,24.20379794,-
CCAR1,chr16_84498111_84504600,24.19809039,+
PABPC4,chr13_27440449_27445087,24.19669007,+
PUM2,chr1_168004793_168038370,24.19664557,+
HNRNPA2B1,chr16_635774_636093,24.1954411,+
FXR1,chr2_215381080_215382211,24.18863761,+
LARP7,chr8_37873179_37874514,24.1881501,-
HNRNPA1,chr13_102664925_102674282,24.17455423,+
KHSRP,chr17_7017014_7017256,24.17120779,+
RBM22,chr2_61888257_61888380,24.16633748,-
PUF60,chr2_113931396_113934157,24.16394246,+
PNPT1,chr17_82019381_82019857,24.16175869,+
ZC3H8,chr20_58895684_58903530,24.16116787,+
SART3,chr2_73927052_73938909,24.15790618,+
CPSF6,chr1_150325881_150328319,24.15647358,+
PABPC1,chr3_193618936_193626091,24.1471498,+
CCAR1,chr15_64075537_64088686,24.14511294,-
PCBP1,chr11_134252916_134253298,24.14496681,+
RBM25,chr7_22946163_22960255,24.14234594,+
PCBP1,chr5_96695907_96722638,24.14048046,+
HNRNPM,chr1_207790345_207793518,24.13536851,+
SAFB2,chr20_43459420_43459770,24.12926493,-
PABPC1,chr2_189575320_189578218,24.121461,-
SUPT6H,chr4_82426129_82427189,24.12115473,+
HNRNPK,chr4_82829058_82830936,24.11993782,+
HNRNPL,chr20_410025_410411,24.11912257,+
HNRNPA0,chr4_118278792_118279388,24.11786374,-
TIAL1,chr1_51750195_51760689,24.11031608,+
TARDBP,chr12_26976357_26979783,24.10696481,+
PABPC1,chr9_70346649_70347065,24.10472496,+
HNRNPC,chr6_30741867_30742146,24.10467045,+
KRR1,chr6_26124633_26138053,24.10126844,+
G3BP1,chr3_37355187_37366079,24.09624651,+
U2AF1,chr13_97347067_97356795,24.09283949,+
RAVER1,chr11_73716362_73718784,24.09262211,+
EIF3G,chr8_56212889_56214597,24.06180423,+
SSB,chr12_51049185_51052091,24.05351983,+
HNRNPA0,chr1_162561777_162566011,24.05165052,+
RBM39,chr22_35263874_35264647,24.05071368,+
PNPT1,chr14_35110629_35121901,24.04575232,+
FUS,chr12_53462567_53465931,24.02961539,+
U2AF1,chr12_122519029_122521384,24.0242705,+
PNPT1,chr3_37361305_37366079,24.01144542,+
QKI,chr17_82019381_82019640,24.00962362,-
RBM25,chr6_31639226_31640198,24.00571696,+
GRSF1,chr12_95256622_95257149,24.00452376,+
SF3B4,chr4_108620712_108621950,24.0013978,+
RBM17,chr3_142005544_142093060,23.9988036,+
PUF60,chr19_9158075_9158825,23.99063849,+
HNRNPL,chr4_184638468_184649394,23.98917382,+
PCBP2,chr6_99412318_99412550,23.9876636,+
CSTF2T,chr7_5741644_5752845,23.9785317,-
NONO,chr1_111137586_111139500,23.96241988,+
SF3B4,chr14_21499802_21500494,23.95943553,+
SF1,chr7_91980333_91992884,23.95702003,-
RBM15,chr1_51750195_51760689,23.95685593,+
U2AF2,chr1_51750195_51760689,23.95087997,+
PABPC1,chr3_180970358_180976121,23.94749617,+
NONO,chr12_108564155_108564278,23.93583068,+
FMR1,chr1_23967723_23971572,23.92791807,-
G3BP1,chr10_42594699_42614281,23.92071154,+
LARP4,chr6_99416428_99425214,23.91965146,+
SART3,chr17_3720402_3723687,23.9149676,+
CCAR1,chr18_58333892_58341037,23.91033503,+
HNRNPA0,chr1_207767195_207770320,23.89841099,+
PTBP1,chr12_124911899_124912355,23.89026609,-
FUBP3,chr7_75996599_76003757,23.89013689,+
HNRNPC,chr6_159790639_159790939,23.88469411,+
SF3B4,chr1_51750195_51760689,23.88151006,+
G3BP1,chr2_219498938_219499955,23.87201105,+
HNRNPA1,chr6_44223641_44227262,23.86722455,-
EWSR1,chr17_8460160_8466929,23.86719727,+
TROVE2,chr8_106713985_106739457,23.86685088,+
HNRNPA2B1,chr1_71065137_71066775,23.86155526,+
HNRNPK,chr3_121781874_121790072,23.86038745,-
G3BP2,chr1_167773368_167787819,23.85636809,-
TARDBP,chr11_57738026_57738353,23.85479277,+
FXR1,chr3_37361305_37366079,23.84840658,+
PUF60,chr3_146525647_146533469,23.84516717,+
PNPT1,chr1_243286397_243304712,23.84506957,+
EWSR1,chr1_74706994_74710097,23.83666164,+
SLBP,chr20_38421098_38426418,23.83638795,+
HNRNPF,chr20_43458509_43459770,23.83290514,+
U2AF1,chr15_78542219_78544189,23.82479658,+
HNRNPL,chr2_55577356_55579678,23.80993507,+
HNRNPA2B1,chr12_21501948_21512294,23.80500918,+
RBM39,chr5_138157267_138160068,23.79544027,+
EIF2S1,chr11_65713058_65713347,23.79412853,+
SF3B4,chr1_25243633_25245149,23.78358006,+
HNRNPL,chr12_124911971_124913111,23.78341933,-
PUM1,chr4_53391139_53399729,23.77374924,+
SLTM,chr9_33347117_33347662,23.77280055,+
U2AF1,chr7_43648652_43729428,23.76961844,+
CIRBP,chr2_55577356_55579678,23.76447088,+
SSB,chr13_40982282_41060837,23.75340194,+
SF1,chr7_74716950_74718878,23.74742244,-
RBM17,chr1_111119959_111120531,23.7296053,+
PABPC1,chr10_73030370_73044980,23.71021282,+
PCBP1,chr11_95865676_95888155,23.70185369,+
KRR1,chr10_42594699_42631928,23.70045861,+
PUF60,chr2_70227822_70229058,23.69738985,+
HNRNPC,chr6_31835451_31836423,23.69123944,-
TROVE2,chr1_151316509_151327270,23.69048028,+
CPSF6,chr7_100030375_100033304,23.68888999,+
U2AF1,chr12_42326229_42332659,23.68036142,+
CPSF6,chr1_51756358_51760689,23.67744103,+
HNRNPK,chr1_85258722_85259357,23.67722517,+
PTBP1,chr17_67959875_67963332,23.66986412,+
ZC3H8,chr3_138572984_138591853,23.66084869,-
SF1,chr20_49279208_49289044,23.66022473,+
TARDBP,chr16_634797_636093,23.65941235,-
NCBP2,chr16_69121170_69121435,23.6540881,+
TRA2A,chr2_58146474_58159348,23.64312314,+
PCBP2,chr3_158110223_158122102,23.64262787,+
EWSR1,chr9_35684550_35685063,23.63996295,+
NCBP2,chr22_30926871_30928018,23.63710254,+
PUM1,chr2_11773745_11779518,23.63325622,+
HNRNPL,chr10_110130486_110132304,23.63036702,+
HNRNPA1,chr1_207767823_207770320,23.62930931,+
HNRNPL,chr15_29719138_29719776,23.62687684,+
CCAR1,chr8_56214667_56216432,23.624145,+
RBM34,chr2_203411371_203416907,23.62400451,-
HNRNPM,chr3_69080153_69080333,23.61761216,+
MATR3,chr5_7889275_7891371,23.60529178,+
PCBP2,chr14_88603060_88607242,23.59002591,+
SFPQ,chr9_129493595_129503322,23.57795735,+
GRSF1,chr17_78171054_78171738,23.5769948,+
KRR1,chr12_122520581_122521384,23.57553173,+
MATR3,chr8_143824399_143829279,23.57483735,+
TRA2A,chr2_58146474_58159348,23.57391257,+
G3BP1,chr15_79889354_79896790,23.57205764,+
RBM17,chr1_74706994_74710097,23.55940171,+
SF1,chr15_41375828_41377195,23.54881181,+
EWSR1,chr4_82829058_82844385,23.54633012,+
PNPT1,chr1_23109127_23109584,23.54399056,+
PUF60,chr6_75634811_75647730,23.54240925,+
NONO,chr1_108693642_108695701,23.54118567,-
HNRNPA1,chr16_4474166_4474553,23.53555243,+
G3BP2,chr8_73978861_73981154,23.5288501,+
HNRNPM,chr11_11880380_11884466,23.52783474,+
HNRNPAB,chr1_45552563_45561788,23.52471115,+
PNPT1,chr8_129879471_129903311,23.51911015,+
U2AF1,chr20_49280570_49289044,23.51601045,+
HNRNPC,chr3_37091538_37094791,23.50513029,+
RBM25,chr1_151760899_151762104,23.50319446,+
EIF4B,chr4_82857764_82863317,23.49936396,+
RBM39,chr12_62325933_62355330,23.49362968,+
SUPT6H,chr12_103951630_103956630,23.49281476,+
TIAL1,chr1_179884769_179889309,23.49193788,+
TIAL1,chr6_3263759_3267590,23.47892424,+
HNRNPA1,chr1_23971439_23971572,23.47295281,+
PABPC1,chr10_7802854_7807658,23.46153983,+
FMR1,chr2_200860215_200861237,23.45393724,+
HNRNPK,chr3_169773462_169774264,23.4486909,+
PUM2,chr1_25243633_25245149,23.44042496,+
SLTM,chr3_169773462_169774264,23.43898997,+
RBM22,chr10_31852597_31854065,23.4356412,+
FUS,chr4_82430884_82447919,23.42435645,+
NONO,chr14_35046628_35053277,23.42309352,+
SSB,chr11_884169_899339,23.41948695,+
NONO,chr16_89907322_89908965,23.41822957,+
LARP4,chr6_41067437_41070075,23.41475774,-
NONO,chr14_65101572_65102303,23.40342253,+
CPSF6,chr4_82898062_82900076,23.40307201,+
NCBP2,chr1_51714079_51745535,23.38779441,+
AKAP1,chr4_75981545_75981932,23.38485782,-
HNRNPM,chr14_73316422_73323129,23.37337584,+
ZRANB2,chr7_22946163_22960255,23.36592653,+
SSB,chr6_79201726_79202275,23.36267763,-
PUF60,chr3_114056864_114056998,23.35783266,+
CPSF6,chr5_98869277_98869753,23.35749121,+
PABPC1,chr20_58895684_58898940,23.35436669,+
DAZAP1,chr6_90536401_90547257,23.34880806,-
PNPT1,chr3_157153156_157156935,23.34070579,+
TARDBP,chr1_32634072_32634767,23.33827515,+
NCBP2,chr14_55661612_55667240,23.33204901,+
NONO,chr20_284081_290258,23.33049009,+
QKI,chr2_11773745_11779518,23.3275073,+
TROVE2,chr8_89758233_89762828,23.32526321,+
KRR1,chr20_49231115_49233305,23.31038368,+
PARN,chr20_35021332_35035122,23.30917308,-
RBM39,chr8_73030395_73032041,23.30910345,+
TARDBP,chr9_72363606_72364695,23.30310548,+
RBM39,chr12_123345570_123348028,23.29688407,+
PCBP2,chr2_70227822_70229058,23.29650241,+
NONO,chr7_107613432_107618327,23.29414011,+
TARDBP,chr11_90206272_90206747,23.29404449,+
RBM39,chr17_75268192_75270113,23.2792977,+
TRA2A,chr22_38656750_38668016,23.27645228,+
HNRNPA2B1,chr17_28331987_28332145,23.27058346,+
RBM25,chr6_106308491_106316100,23.26435079,+
SSB,chr7_103307708_103308951,23.25713073,+
PABPC1,chr12_53467843_53468779,23.25347789,+
PCBP2,chr17_73209768_73227164,23.25250648,+
GRSF1,chr7_148832750_148846496,23.25199578,+
SSB,chr7_117134192_117136080,23.24574709,+
TRA2A,chr22_32475124_32478980,23.24462174,+
HNRNPF,chr17_76557857_76561287,23.24394014,+
RBM25,chr11_57762046_57794009,23.24192242,+
TRA2A,chr3_12606299_12608765,23.22774315,+
HNRNPC,chr12_122520581_122521384,23.22593923,+
HNRNPC,chr4_112637239_112644667,23.22419962,+
U2AF1,chr12_96003064_96006313,23.22083457,+
LARP4,chr13_50949505_50953904,23.21720893,+
GRSF1,chr14_45109780_45110093,23.21564277,+
EIF2S1,chr14_55673012_55675834,23.21513254,+
U2AF1,chr19_9158075_9158825,23.21320472,+
NCBP2,chr4_53428183_53442652,23.20853209,+
CPSF6,chr5_7861773_7862822,23.19452392,+
PPFIA4,chr3_58141896_58142649,23.18946275,-
KRR1,chr6_13321095_13326786,23.18441294,+
FUS,chr4_53391139_53399729,23.17856947,+
HNRNPA2B1,chr2_30147062_30156627,23.17533939,+
KHDRBS1,chr7_75879260_75881828,23.17448695,+
HNRNPK,chr14_35046628_35053277,23.17345422,+
PUF60,chr11_57791673_57794009,23.1730005,+
ZRANB2,chr13_110893263_110894108,23.16351891,+
RAVER1,chr16_208188_208600,23.16165495,-
HNRNPL,chr3_146525647_146533469,23.16140598,+
TIA1,chr6_44223641_44226060,23.15615157,-
SFPQ,chr19_41432408_41433271,23.15530481,+
PABPC1,chr1_45551155_45552435,23.15264596,+
PCBP2,chr7_100885040_100885215,23.14075297,+
HNRNPA0,chr5_96727530_96729611,23.13728012,+
KHSRP,chr5_79641196_79642843,23.1319825,+
NONO,chr1_23971439_23971572,23.12816135,+
KRR1,chr12_56724549_56725262,23.12647875,-
HNRNPC,chr15_101285801_101286907,23.11984773,+
RBM39,chr9_35684807_35685268,23.10859751,+
PUM1,chr11_77821241_77842478,23.10840108,+
SF3B4,chr22_46343368_46346421,23.09910213,+
HNRNPA2B1,chr20_2656214_2656400,23.09734817,+
RBM39,chr17_51161272_51166826,23.09666169,+
FUS,chr12_122508450_122511108,23.08972262,+
LARP4,chr1_155136951_155137560,23.08965928,+
HNRNPA2B1,chr7_105038199_105040838,23.08871795,+
HNRNPA2B1,chr3_183840640_183844230,23.08358476,+
HNRNPK,chr7_76001002_76003757,23.07020595,+
HNRNPM,chr1_39480009_39484600,23.06883405,+
HNRNPK,chr5_138157267_138159554,23.05625931,+
SF3B4,chr1_154214574_154220341,23.05580523,+
NONO,chr9_92319356_92321667,23.05538947,+
PNPT1,chr14_45109780_45110093,23.05241598,+
HNRNPA1,chr18_35290391_35305975,23.04936228,+
RBM39,chr3_100310542_100316098,23.04527847,+
PABPC1,chr1_112703806_112705099,23.04480859,+
EIF4B,chr6_90536401_90547257,23.03664247,+
PUF60,chr1_151316509_151327270,23.03552648,+
CIRBP,chr3_100310542_100316098,23.01738624,+
TARDBP,chr9_72360787_72364695,23.01539485,+
EIF3G,chr1_45552563_45561788,23.01316837,+
PUM1,chr1_112703806_112707077,23.00724567,+
EIF3G,chr3_108047292_108057476,23.00198016,-
HNRNPF,chr1_24663224_24666814,22.99712747,+
EIF3G,chr12_57719182_57720405,22.98486439,+
RBM34,chr1_154214574_154220341,22.97560641,+
PUF60,chr8_81715114_81718181,22.97410073,+
PNPT1,chr17_82019381_82019857,22.97157511,+
SF1,chr18_22933564_22936753,22.9688276,+
TIA1,chr8_17939861_17947185,22.96312125,+
G3BP2,chr8_10765916_10826151,22.96090816,+
CSTF2T,chr4_53399839_53425871,22.94410031,-
SF3B4,chr2_219498938_219499960,22.93056728,+
PCBP1,chr2_152716126_152717229,22.91920463,+
HNRNPK,chr15_50300902_50301220,22.91600069,+
RBM39,chr4_73135265_73141740,22.9135767,+
U2AF2,chr1_46686870_46689586,22.90954345,-
HNRNPA1,chr1_244835756_244842194,22.90043806,+
SF1,chr17_82019381_82019857,22.8952845,+
RBM15,chr12_42375074_42387455,22.89215514,-
TIAL1,chr6_99414690_99416348,22.89157569,+
RBM25,chr1_51750195_51760689,22.88946524,+
FXR1,chr3_138572984_138591853,22.88939862,+
RBM39,chr3_121826180_121828860,22.88292791,+
HNRNPA2B1,chr11_114440739_114449845,22.88250289,-
CPSF6,chr1_51750195_51760689,22.88239495,+
G3BP1,chr12_42375074_42387455,22.87319719,+
HNRNPF,chr16_208664_220648,22.86872287,+
TROVE2,chr1_155260659_155262085,22.86521068,+
TRA2A,chr12_57719182_57720405,22.85565751,+
PTBP1,chr15_29720016_29720357,22.85264446,+
PUM2,chr13_37047936_37048563,22.85237531,+
PNPT1,chr6_99414690_99416348,22.85013845,+
EIF4B,chr4_83458429_83459739,22.84350787,+
QKI,chr17_42567655_42568836,22.84314966,+
RBM25,chr5_43555999_43557339,22.83785512,+
U2AF1,chr6_125292909_125300537,22.83427288,+
RBM22,chr11_43444209_43445930,22.83055632,+
HNRNPC,chr4_73140283_73141740,22.83018855,+
G3BP1,chr12_109458078_109460635,22.82965346,+
SFPQ,chr5_7873526_7875257,22.81652719,+
ZRANB2,chr14_69767251_69768137,22.80984185,+
EIF2S1,chr3_186804724_186806289,22.80570094,+
GRSF1,chr4_51899378_51911069,22.79209108,+
SF3B4,chr12_32738296_32740063,22.78943532,+
RBM39,chr6_125298816_125300537,22.78157463,+
G3BP1,chr6_53294491_53295641,22.7787124,-
SFPQ,chr17_32360967_32362913,22.77849223,+
PCBP1,chr4_82829058_82842139,22.7742782,+
PCBP1,chr4_118278792_118279388,22.7706572,-
MATR3,chr20_5109445_5112729,22.7694087,+
FUS,chr9_72360787_72363469,22.7669613,+
PABPC4,chr1_235155112_235160892,22.76207353,+
KHDRBS1,chr6_167010893_167022408,22.74942066,+
PCBP2,chr5_140281533_140303040,22.74804763,+
EIF2S1,chr2_27312772_27322447,22.74159438,+
DKC1,chr4_83456958_83459739,22.74004112,+
PUM1,chr19_13109838_13109914,22.73769602,+
TIAL1,chr4_82356683_82356795,22.73296056,-
ZC3H8,chr7_117131960_117136080,22.73133008,+
FXR1,chr3_169782643_169784621,22.72322195,+
RBM39,chr1_25243633_25245149,22.71634629,+
U2AF1,chr3_114056864_114065236,22.70758953,+
HNRNPA2B1,chr21_37073364_37108391,22.70648036,+
TRA2A,chr1_45606591_45613168,22.70118103,+
PUM1,chr2_159429260_159432756,22.7003532,-
SF1,chr1_185305643_185306484,22.69805411,-
PUM2,chr1_168004793_168038370,22.69138825,+
RBM39,chr16_635340_636093,22.69031175,+
DKC1,chr11_73716362_73718612,22.69029545,+
U2AF1,chr2_30147062_30156627,22.68726688,+
HNRNPA0,chr10_74138382_74150754,22.68536316,+
RBM17,chr3_38125881_38126509,22.67860873,+
PNPT1,chr3_48693179_48695089,22.65738365,+
PTBP1,chr20_35772079_35774487,22.65556866,+
CPSF6,chr3_15245671_15246731,22.65347566,+
LARP4,chr5_68281006_68292258,22.65005577,+
G3BP2,chr7_107613432_107621629,22.64251777,+
TIAL1,chr1_181052510_181053572,22.63728062,+
HNRNPC,chr12_122981299_122981594,22.63430147,+
CPSF7,chr1_46688544_46689586,22.6303862,+
SF3B4,chr20_49279208_49289044,22.621493,+
RBM15,chr12_21506976_21512294,22.62098526,-
HNRNPM,chr9_78265906_78266441,22.61384564,+
PUM2,chr5_103186439_103190841,22.60855491,+
TIA1,chr10_91222983_91240483,22.60540871,+
EIF2S1,chr12_32737161_32738263,22.60477049,+
HNRNPL,chr11_57737668_57738353,22.60376745,-
PNPT1,chr4_51899378_51913289,22.60174841,+
HNRNPK,chr5_43139309_43161248,22.60143703,+
LARP7,chr8_17939861_17947185,22.59772002,+
EWSR1,chr5_138163344_138164319,22.58422059,+
SLTM,chr11_112085462_112086639,22.57001816,+
EIF3G,chr2_70229091_70229263,22.55615774,+
HNRNPC,chr5_62352653_62353274,22.55538175,+
EIF2S1,chr12_53467843_53468776,22.55366585,+
PUF60,chr8_129879471_129903311,22.55324191,+
ZRANB2,chr3_158110211_158122102,22.53720835,+
KRR1,chr2_227340380_227347225,22.53095861,+
TROVE2,chr4_53414722_53425871,22.52795112,+
CIRBP,chr3_141404031_141442388,22.52052263,+
TARDBP,chr9_35684550_35685063,22.52013869,+
G3BP1,chr5_138163344_138164319,22.52000849,+
HNRNPL,chr4_53399839_53414614,22.51463874,+
EIF2S1,chr6_10695069_10697323,22.50819305,+
U2AF1,chr8_81715114_81718181,22.49960391,+
HNRNPM,chr11_66285536_66285700,22.49672267,+
RBM39,chr1_24662804_24666814,22.49039596,+
AKAP1,chr5_96727530_96729152,22.48601316,+
PUM1,chr7_5229705_5230834,22.48284554,+
PABPC1,chr8_143818534_143821596,22.47830557,-
HNRNPK,chr1_22052742_22078428,22.4778543,+
U2AF1,chr1_207767195_207770320,22.47676963,+
TIAL1,chr10_34341816_34347964,22.47366223,+
HNRNPA2B1,chr6_33417695_33417868,22.47253157,+
G3BP1,chr13_37048599_37051487,22.45936529,+
SF3B4,chr8_89758233_89765340,22.44121145,+
HNRNPF,chr1_244842058_244842194,22.43625507,+
PCBP2,chr12_70319364_70335437,22.42792537,+
RBM39,chr1_228108318_228108436,22.42121182,-
EIF3G,chr20_38421098_38426418,22.40871199,+
SSB,chr11_884169_899339,22.40750164,+
EIF4B,chr5_112864732_112867371,22.40546603,+
PCBP2,chr10_78037304_78040614,22.40360349,+
RBM39,chr2_177234271_177263402,22.40102943,+
EIF3G,chr12_42375074_42387455,22.40096258,+
PCBP1,chr16_68346280_68352247,22.39987257,+
RBM17,chr10_110130486_110132304,22.39819993,+
FXR1,chr8_144412946_144413236,22.39009067,+
SLTM,chr10_110130486_110132304,22.3844125,+
CCAR1,chr18_58333892_58341037,22.37841986,+
PUF60,chr17_67959875_67964211,22.37519105,+
ASCC1,chr3_41239354_41239659,22.36226816,+
NCBP2,chr16_635774_636093,22.36190824,+
U2AF1,chr6_125292909_125300537,22.35999458,+
RBM25,chr19_35631405_35633097,22.35806437,+
TARDBP,chr18_50273471_50273563,22.35609235,+
HNRNPC,chr1_85258722_85258934,22.35322777,+
RBM39,chr2_177234271_177264531,22.3506725,-
CPSF6,chr16_69120649_69121052,22.34814027,+
ZRANB2,chr12_42375074_42387455,22.34604239,+
G3BP1,chr2_189782602_189784268,22.34476633,+
RBM25,chr6_90544632_90547257,22.33399388,+
AKAP1,chr1_168004793_168022987,22.32553932,+
SFPQ,chr18_74496431_74499936,22.32243155,+
TIAL1,chr6_99414690_99416348,22.3139463,+
KRR1,chr1_243186072_243186258,22.29739366,+
PTBP1,chr6_122423686_122427902,22.29601089,+
HNRNPL,chr15_49137458_49139527,22.28094679,+
HNRNPK,chr18_678737_683245,22.27347335,+
CPSF6,chr10_110876753_110881232,22.27303123,-
GRSF1,chr4_82829058_82842139,22.26965688,+
PNPT1,chr19_12764914_12764998,22.26241457,-
HNRNPL,chr13_110893263_110894108,22.26039283,+
HNRNPC,chr9_129632865_129634053,22.2591714,+
PPIL4,chr2_55577356_55578246,22.24895388,+
EIF2S1,chr2_42697834_42704196,22.24374291,+
PABPC1,chr8_143581328_143586728,22.23370503,+
HNRNPL,chr4_82829058_82844385,22.22887917,+
SF3B4,chr11_43444209_43445930,22.22651231,+
G3BP1,chr8_61619019_61633682,22.22601712,+
EIF4B,chr13_40982282_41019227,22.22511949,-
CCAR1,chr18_697355_706469,22.22434556,+
HNRNPA2B1,chr8_11853479_11868000,22.2228993,+
SLBP,chr10_72220379_72223887,22.2195917,+
MSI2,chr11_46630100_46644278,22.21662259,+
RBM39,chr2_53801842_53809213,22.21518597,-
FMR1,chr2_111367575_111494884,22.20424974,+
U2AF1,chr9_136862345_136862905,22.19804465,+
SSB,chr10_124762558_124765391,22.18618844,+
TARDBP,chr9_32987731_32988082,22.18208663,+
PUM1,chr10_30434748_30438915,22.18007345,+
PNPT1,chr17_5428211_5432541,22.17199656,+
SF1,chr17_8460160_8466929,22.16588554,-
HNRNPC,chr12_98531838_98537474,22.16143824,+
CIRBP,chr17_81891833_81893551,22.16114971,-
PUF60,chr5_7873526_7875257,22.15412382,+
HNRNPA2B1,chr17_44212454_44212818,22.15106401,+
SSB,chr3_157153156_157157010,22.14893846,+
PPIL4,chr10_102377128_102379283,22.14242711,+
DKC1,chr17_28331987_28335339,22.14179796,+
HNRNPA1,chr12_53601021_53626278,22.13990262,+
HNRNPL,chr20_58895684_58903530,22.13717472,+
HNRNPK,chr1_95234315_95244210,22.13687222,+
PABPC1,chr20_35772079_35801490,22.13445127,+
TARDBP,chr1_193016395_193021096,22.13076941,+
HNRNPM,chr2_227352573_227355676,22.12770835,+
FUS,chr7_74189918_74190246,22.12146672,+
PCBP2,chr15_34227846_34229752,22.11727191,-
PCBP2,chr7_74718941_74728785,22.11532809,+
RBM17,chr18_35290391_35305975,22.11027523,+
NCBP2,chr3_169773462_169774264,22.10048069,+
HNRNPK,chr2_70229091_70229263,22.09243996,+
PCBP1,chr11_66644140_66646026,22.08499338,+
HNRNPAB,chr11_134248484_134249166,22.08353469,-
PABPC1,chr2_169584899_169603641,22.06866988,-
FXR1,chr3_100310542_100316098,22.06670926,-
PPIL4,chr11_73716362_73718612,22.06669857,+
HNRNPA2B1,chr6_20548705_20649292,22.06218712,+
QKI,chr1_243286397_243293090,22.05216095,+
HNRNPK,chr12_53467843_53468776,22.04988026,+
U2AF1,chr8_33503935_33507228,22.04318946,+
HNRNPA0,chr2_30147062_30156627,22.0375856,+
DAZAP1,chr3_37083806_37094791,22.03412954,+
AKAP1,chr3_152447773_152456266,22.0331723,-
DKC1,chr1_112703806_112705099,22.03007177,+
PTBP1,chr1_150330498_150332683,22.02846572,-
RBM17,chr3_138187599_138209816,22.02662591,+
KRR1,chr2_30148541_30156627,22.02223179,+
TARDBP,chr8_89758233_89762828,22.00610005,+
TRA2A,chr14_45109993_45110093,21.99421956,+
PCBP2,chr11_47476956_47477296,21.98830716,+
HNRNPA1,chr7_66573550_66592256,21.98212477,+
RBM39,chr11_77821241_77841018,21.96460671,+
HNRNPM,chr12_26979936_26980565,21.96096705,-
EIF2S1,chr4_82898062_82899712,21.95787961,+
SSB,chr20_17660528_17682027,21.95601408,+
HNRNPA2B1,chr1_111139666_111140037,21.94108703,+
PUF60,chr15_34227846_34229752,21.94042889,-
HNRNPK,chr20_18507990_18510821,21.93843151,+
HNRNPK,chr12_862270_878211,21.93396281,+
LARP7,chr15_44380976_44402886,21.93278998,+
G3BP2,chr1_232950744_232956346,21.93271561,+
SFPQ,chr1_207790345_207793518,21.93119293,+
KRR1,chr18_58335537_58341037,21.92586073,+
U2AF1,chr3_138187599_138188454,21.9203577,+
MATR3,chr14_35116737_35121901,21.91666418,+
PUM1,chr6_44223641_44226060,21.91345718,+
G3BP1,chr3_138187599_138188454,21.91191259,+
HNRNPK,chr3_16264229_16264768,21.91185866,+
MSI2,chr5_43555999_43556581,21.91048426,-
LARP7,chr5_132195480_132198205,21.90117034,+
FXR1,chr7_75996599_76003757,21.90014713,+
FUBP3,chr7_75996599_76003757,21.89820625,+
HNRNPK,chr6_99414690_99416348,21.89778572,+
RBM25,chr2_27772692_27774423,21.89677252,+
TARDBP,chr1_75724817_75732643,21.89475014,+
RBM17,chr5_151772036_151786602,21.88692656,+
U2AF1,chr1_23967723_23971572,21.883713,+
SF1,chr4_53440608_53442652,21.86434581,+
EWSR1,chr6_41068953_41070075,21.85840788,+
RBM17,chr11_134248484_134249166,21.85687079,-
GRSF1,chr12_122511188_122515104,21.83251723,+
HNRNPM,chr17_81934489_81934652,21.83102967,+
QKI,chr6_85536924_85541984,21.8284586,+
SF3B4,chr1_70231975_70232267,21.82781247,-
FMR1,chr20_35772079_35801490,21.8182658,+
HNRNPF,chr1_51756358_51760689,21.8172458,+
HNRNPM,chr2_227340380_227347225,21.81681401,+
PNPT1,chr18_26035127_26035830,21.80821161,+
G3BP1,chr1_51714079_51745535,21.80320308,+
PTBP1,chr12_53462567_53464759,21.80016768,+
G3BP1,chr5_96727530_96729152,21.79590474,+
FUS,chr18_675402_683245,21.79479179,+
SF3B4,chr4_118278792_118279388,21.79463085,+
HNRNPAB,chr17_82019381_82019857,21.78510873,+
PCBP2,chr4_53428183_53440581,21.78504879,+
EIF2S1,chr6_10749698_10755141,21.7822702,+
HNRNPC,chr1_186411893_186417543,21.76968297,+
U2AF2,chr14_73297285_73323129,21.76789823,-
RBM15,chr17_81682675_81683012,21.76588428,-
PARN,chr20_35772079_35801490,21.76418678,+
HNRNPL,chr11_57737668_57738353,21.75958901,-
PUM1,chr2_200860215_200861237,21.75568387,+
RBM25,chr11_72010854_72012894,21.75487189,+
PABPC1,chr4_118278792_118279388,21.75362206,+
SF1,chr6_36970694_36972651,21.75232016,+
CPSF6,chr4_75795356_75799621,21.75192197,+
PABPC1,chr3_140963227_140970926,21.74832569,+
NCBP2,chr1_28229023_28232920,21.74526559,+
PUM1,chr20_58895684_58903530,21.74174075,+
SF1,chr10_26755741_26759061,21.74044408,+
PCBP2,chr15_50300902_50301220,21.73909724,+
PPIL4,chr6_31835451_31836423,21.73574759,-
ZRANB2,chr9_99218836_99220978,21.72994873,+
HNRNPA2B1,chr17_42567655_42568469,21.7298626,+
EWSR1,chr17_76559043_76561287,21.72961838,+
PTBP1,chr11_6603822_6604225,21.72367796,+
EIF2S1,chr5_66153596_66159218,21.7082517,+
RBM25,chr21_46636547_46636895,21.70294385,+
PUF60,chr10_31831800_31843460,21.69915255,+
SSB,chr12_32738296_32740063,21.68831019,+
RBM25,chr22_24270983_24302194,21.68528642,+
G3BP1,chr1_71065752_71066775,21.68194781,+
EIF2S1,chr4_53428183_53440581,21.67741156,-
TIA1,chr3_140963227_140970926,21.67738419,+
HNRNPM,chr4_53399839_53414614,21.66781002,+
MATR3,chr12_42375074_42387455,21.65999796,+
PABPC4,chr12_53467293_53468776,21.65149942,+
DAZAP1,chr7_5229705_5230834,21.64059991,+
EIF2S1,chr8_56211837_56214597,21.63725992,+
HNRNPA0,chr3_23917173_23917849,21.6352589,+
PUF60,chr3_48693179_48695089,21.63111751,+
HNRNPAB,chr1_20779911_20787194,21.63026692,+
SF1,chr1_31310164_31318166,21.62821306,+
SLTM,chr1_154261697_154263102,21.62234311,+
U2AF1,chr1_20779911_20787194,21.61825202,+
PARN,chr11_73716362_73718784,21.60803233,+
LARP7,chr11_57762046_57794009,21.60173168,+
RBM25,chr3_48693179_48695089,21.60170473,+
DAZAP1,chr1_219179246_219193129,21.5949615,-
HNRNPL,chr19_40348768_40366418,21.59098895,+
MATR3,chr2_43794643_43795886,21.58024021,+
PPIL4,chr1_71065137_71066775,21.5764184,+
TRA2A,chr11_66285536_66285700,21.56875817,+
PCBP2,chr12_112013609_112022149,21.56206432,+
PCBP2,chr5_96727530_96729611,21.56141439,-
SSB,chr18_12311053_12325066,21.55455217,+
MATR3,chr20_34073635_34075873,21.54541001,+
G3BP1,chr6_99416428_99425214,21.54428043,+
HNRNPM,chr5_135346057_135350822,21.53873735,+
PCBP2,chr2_27772692_27774423,21.53347477,+
RBM39,chr3_180970358_180976121,21.53173172,+
SSB,chr1_71065137_71066775,21.530277,+
PABPC1,chr6_167010893_167022408,21.51885779,+
TROVE2,chr11_66644140_66646026,21.51872144,+
IGF2BP2,chr4_53377923_53379072,21.51719604,+
RBM25,chr1_228109021_228109148,21.51631644,+
TIA1,chr1_51714079_51745535,21.51537761,-
EWSR1,chr19_4324529_4325215,21.5050248,+
PABPC1,chr17_73209768_73227164,21.49692724,+
FUS,chr2_207561160_207567462,21.49402692,+
PCBP2,chr12_48662654_48667692,21.48675561,+
HNRNPK,chr19_11345628_11346126,21.47664313,+
HNRNPA2B1,chr2_241678649_241680228,21.47322305,+
PTBP1,chr15_101650161_101652270,21.47010468,+
TARDBP,chr14_73148106_73170796,21.45771287,+
FXR1,chr22_46337944_46346421,21.45596606,+
HNRNPA1,chr6_90536401_90544551,21.45275827,+
RBM25,chr9_112716541_112717986,21.45245818,+
FXR1,chr9_137576167_137577469,21.44616207,-
FUBP3,chr18_58333892_58341037,21.43777867,+
PCBP2,chr2_159395834_159397344,21.43703119,+
TIA1,chr6_26124633_26138053,21.42681701,+
TRA2A,chr7_107613432_107618327,21.42265828,+
TROVE2,chr4_184638468_184649394,21.42069368,+
SF3B4,chr17_7626793_7627142,21.41268292,+
CCAR1,chr7_76030524_76047811,21.40230205,+
HNRNPA2B1,chr13_37047936_37048563,21.3991644,+
PABPC1,chr3_16264229_16264768,21.3988872,+
HNRNPL,chr1_155136376_155137560,21.39805976,+
GRSF1,chr8_56211837_56214597,21.3959306,+
HNRNPC,chr19_1032696_1036129,21.39329594,+
KHSRP,chr17_81682149_81683012,21.38680905,+
PABPC1,chr3_141404031_141442388,21.38440365,+
HNRNPA1,chr20_17680075_17682027,21.35979967,+
SSB,chr1_151027327_151033805,21.35750952,+
EIF2S1,chr4_53391498_53399729,21.35367399,+
FUS,chr10_78037304_78040614,21.34723811,+
CIRBP,chr8_10765916_10826151,21.33793225,+
U2AF1,chr2_70227822_70229058,21.3350437,+
PABPC1,chr12_122519029_122521384,21.33128591,+
EIF2S1,chr3_28241812_28316332,21.32802671,+
PTBP1,chr12_53462567_53465931,21.31893514,+
FUBP3,chr4_82861708_82863317,21.3145439,+
EIF3G,chr10_42594699_42614281,21.31353747,+
G3BP2,chr7_30498938_30504568,21.30970184,+
PABPC1,chr1_174811960_174957456,21.30931747,+
G3BP2,chr17_42348539_42388278,21.30248343,+
HNRNPL,chr1_155136376_155137560,21.29389183,+
SLBP,chr6_79201726_79202275,21.28602474,+
HNRNPL,chr3_48469843_48473009,21.28582042,+
CSTF2,chr17_81891841_81894466,21.28415989,-
FUS,chr17_5428211_5432541,21.28285856,+
FUS,chr2_73939022_73946718,21.2683596,+
GRSF1,chr2_200419496_200440648,21.26261422,+
U2AF1,chr15_41349241_41350987,21.25941734,+
U2AF1,chr7_103307708_103308951,21.25168949,+
HNRNPM,chr6_99414690_99425214,21.24617711,+
HNRNPA1,chr20_58895684_58903530,21.23998925,+
SLTM,chr2_191678705_191678989,21.22463173,+
U2AF1,chr14_70329236_70359518,21.21847375,+
KHDRBS1,chr3_121828632_121828860,21.21713097,+
HNRNPC,chr1_75724817_75732643,21.21536731,+
PUM1,chr4_82829058_82842139,21.20844529,+
U2AF2,chr1_207767195_207770320,21.2043461,+
SF3B4,chr1_151027327_151033805,21.20059682,+
PABPC1,chr3_69077918_69080111,21.19406085,+
PPIL4,chr3_108047292_108057476,21.19161814,+
RBM25,chr16_80976179_80997313,21.18807295,+
EIF2S1,chr10_30337031_30340225,21.18796381,-
PTBP1,chr19_45164970_45178134,21.17492835,+
PUF60,chr1_75724817_75728400,21.16962051,+
HNRNPF,chr17_8460160_8466929,21.16940428,+
MATR3,chr2_43794643_43795889,21.16628931,+
PAN3,chr10_89010600_89011998,59.99101,-
HNRNPC,chr10_89010600_89011998,35.51788154,-
LSM3,chr10_89010600_89011998,31.84397405,-
