"RBP","AS_Site","Contribution","Direction"
"MKRN1","chr4_75648741_75653982",45772.9902046694,"-"
"G3BP2","chr4_75648741_75653982",16712.668570198,"-"
"TEP1","chr17_75320550_75321658",13372.100173466,"-"
"SETD1A","chr4_75648741_75653982",11388.3364922798,"-"
"U2AF1L4","chr19_1599560_1602330",9049.62984595398,"-"
"LARP7","chr4_75648741_75653982",9047.16164077221,"-"
"DKC1","chr4_75648741_75653982",9025.0043787729,"-"
"RAVER2","chr6_143335119_143339638",8629.92454354182,"-"
"EIF2S1","chr4_75648741_75653982",8224.14605846516,"-"
"ANKHD1","chr17_75320550_75321658",7559.42931254835,"-"
"CPEB4","chr11_5226799_5227200",7444.97669302552,"-"
"DGKQ","chr19_29942664_29942822",7056.14558690741,"-"
"THUMPD2","chr2_46591925_46592474",6982.98524199753,"-"
"MBNL3","chr1_224365991_224370897",6900.12635320527,"-"
"TUT1","chr4_75648741_75653982",6456.27455690349,"-"
"KHSRP","chr19_44800274_44800380",6359.4244530494,"-"
"ENOX2","chr12_53295639_53296453",6303.20304469762,"-"
"SYNJ1","chr8_100705673_100709132",6287.92940078745,"-"
"CCAR1","chr7_148829848_148846469",6010.02786574595,"-"
"SNRPD1","chr12_53295639_53296453",5964.88041447151,"-"
"U2AF2","chr17_75320550_75321658",5723.62314206125,"-"
"RBMX2","chr12_53295639_53296453",5700.52145666116,"-"
"DGKQ","chr5_139600435_139623367",5573.75717985288,"-"
"MBNL3","chr6_143335119_143339638",5459.70421300565,"-"
"PNPT1","chr5_139600435_139623367",5428.26583937046,"-"
"LSM11","chr6_136383781_136388392",5369.77352172542,"+"
"PABPC1","chr4_75648741_75653982",5141.55719873897,"-"
"PPRC1","chr17_75320550_75321658",4613.37008910998,"-"
"PRR3","chr4_75648741_75653982",4608.94958937424,"-"
"PCBP4","chr2_231710584_231711347",4249.49228870758,"-"
"CPEB2","chr17_77190952_77191213",4134.54551176751,"-"
"RC3H2","chr6_143335119_143339638",4113.21005489579,"-"
"L3MBTL3","chr13_75530266_75537580",4094.79610303027,"-"
"RBM8A","chr1_145925927_145926040",4065.73670755776,"+"
"SNRPG","chr12_53295639_53296453",4054.46167075087,"-"
"UNKL","chr16_4848210_4857989",3987.66306020272,"-"
"U2AF2","chr12_53295639_53296453",3984.19825748297,"-"
"RBM27","chr5_139600435_139623367",3967.7085700348,"-"
"RBM45","chr1_1402256_1405802",3901.87330942861,"-"
"LSM1","chr17_58720812_58732483",3841.91983240622,"-"
"ZC3H3","chr10_12172866_12177792",3779.49081653061,"-"
"LSM11","chr16_4848210_4857989",3776.29010342614,"-"
"RBM27","chr10_29617576_29657968",3772.75467096142,"-"
"EIF3G","chr13_19674984_19677723",3702.78817184804,"+"
"PPIL4","chr1_203861713_203862189",3681.58794569872,"-"
"UHMK1","chr19_1599560_1602330",3586.18968847579,"-"
"PPARGC1B","chr10_38034400_38054374",3571.99646353479,"+"
"RBM4B","chr6_2837999_2840418",3528.11591903756,"-"
"MBNL2","chr8_100705673_100709132",3517.68578742573,"-"
"ENOX2","chr14_22565137_22588946",3506.01911833827,"-"
"U2AF1L4","chr2_46591925_46592474",3490.95892841678,"-"
"ZC3H12C","chr11_532522_532651",3490.82602995818,"-"
"PCBP2","chr1_53923947_53930038",3424.30964388628,"-"
"SNRPN","chr5_139600435_139623367",3362.90990226722,"-"
"TRMT2A","chr2_175179135_175180097",3349.00974429219,"-"
"MCM3AP","chr1_224365991_224370897",3336.20878255453,"-"
"YTHDF3","chr12_53295639_53296453",3328.13641820185,"-"
"LSM5","chr7_32487757_32488624",3314.32877921597,"+"
"SLBP","chr6_143335119_143339638",3307.00676822342,"-"
"SNRNP35","chr19_29942664_29942822",3295.48025375159,"-"
"RBM25","chr4_75648741_75653982",3257.08107592541,"-"
"SRBD1","chr4_75648741_75653982",3188.441595869,"-"
"LSM10","chr5_139600435_139623367",3166.88255399043,"-"
"KHDRBS3","chr12_4543911_4548091",3161.0659725134,"-"
"SNRPF","chr7_44834562_44835642",3149.45570910399,"-"
"TRA2A","chr13_75530266_75537580",3120.41734643778,"-"
"DAZAP1","chr4_75648741_75653982",3102.47194787258,"-"
"MCM3AP","chr2_46591925_46592474",3078.60970523502,"-"
"SSB","chr5_139600435_139623367",3065.28966957736,"-"
"MKRN1","chr19_48617415_48617790",3064.36380213753,"-"
"SNRPD2","chr12_53295639_53296453",3043.83335627814,"-"
"U2AF1L4","chr2_227340380_227347225",3032.1872135824,"-"
"SSB","chr2_169805839_169806784",3031.474587314,"+"
"SNRPD1","chr18_21622801_21623747",2999.08407706655,"+"
"MEX3C","chr1_151167414_151168193",2959.00238224854,"-"
"PPARGC1B","chr12_53295639_53296453",2956.72096825133,"-"
"PPRC1","chr19_29942664_29942822",2955.55904375844,"-"
"CSDE1","chr1_224365991_224370897",2861.80342503841,"-"
"SNRPD1","chr18_21622801_21623747",2860.47925037292,"+"
"NIP7","chr19_44800274_44800380",2851.85490631231,"-"
"SNRNP70","chr12_53295639_53296453",2847.86182047865,"-"
"EIF4B","chr1_224365991_224370897",2796.04902548599,"-"
"RBM45","chr19_44800274_44800380",2785.86981523567,"-"
"SETD1A","chr5_139600435_139623367",2761.97199348976,"-"
"CPSF4","chr7_44834562_44835642",2749.63079091533,"-"
"UPF3B","chr6_136383781_136388392",2745.84524379706,"+"
"MCTS1","chr16_4848210_4857989",2739.40153720989,"-"
"RPS3","chr12_53295639_53296453",2731.31842112139,"-"
"RBM17","chr3_98881767_98892496",2693.75516995257,"-"
"RALY","chr20_34078553_34079909",2689.96412999753,"+"
"ZCRB1","chr12_42322446_42324018",2688.08185412087,"+"
"LSM11","chr1_203861713_203862189",2683.35375910141,"-"
"ENOX2","chr17_60083766_60085054",2646.00066035088,"-"
"DGKQ","chr14_22565137_22588946",2631.84735173379,"-"
"MEX3C","chr2_175179135_175180097",2622.93788169572,"-"
"PRR3","chr19_1599560_1602330",2614.55122750079,"-"
"SNRPE","chr1_203862222_203863662",2613.593708325,"+"
"TRA2B","chr10_38034400_38054374",2608.19349290626,"+"
"PCBP1","chr19_35488840_35498715",2583.24189985505,"-"
"CPEB2","chr12_53295639_53296453",2583.08776888982,"-"
"MCTS1","chr5_139600435_139623367",2577.17229973331,"-"
"LSM5","chr12_53295639_53296453",2554.44813736875,"-"
"TTC14","chr10_29617576_29657968",2550.30911129315,"-"
"HDLBP","chr1_151167414_151168193",2536.42598316327,"-"
"KRR1","chr12_75506399_75506483",2534.68363345519,"+"
"SETD1B","chr3_98881767_98892496",2527.59765990667,"-"
"RBMS2","chr19_1599560_1602330",2521.93211092501,"-"
"RBMX2","chr16_4848210_4857989",2520.79233895757,"-"
"EIF4B","chr19_1599560_1602330",2467.57027126012,"-"
"TOE1","chr7_44834562_44835642",2453.39637232507,"-"
"POLR2G","chr13_75594990_75601411",2441.65053828309,"-"
"SNRPE","chr1_203861713_203862195",2438.35570130132,"+"
"HNRNPA2B1","chr2_175179135_175180097",2437.5716941904,"-"
"YTHDC1","chr6_143335119_143339638",2428.83669103872,"-"
"SRRM1","chr19_1599560_1602330",2419.60689192111,"-"
"TTC14","chr17_77190952_77191213",2417.52532296975,"-"
"HNRNPA2B1","chr12_53295639_53296453",2414.21378796444,"-"
"SNRPE","chr1_203862222_203863662",2413.61409888331,"+"
"ZCCHC17","chr4_75648741_75653982",2394.49326655714,"-"
"LSM4","chr2_38747130_38748046",2375.53887085681,"-"
"EIF3B","chr17_75320550_75321658",2352.53280208418,"-"
"LSM3","chr19_48617415_48617790",2339.0807502409,"-"
"FXR2","chr16_4848210_4857989",2324.52068040996,"-"
"YBX1","chr1_42660904_42664862",2310.03642139285,"+"
"RDM1","chr11_65115598_65115774",2296.41463160993,"-"
"RALY","chr20_34078553_34079909",2275.42596712891,"+"
"ZNF74","chr5_74770810_74772312",2269.52496512816,"-"
"CSTF2T","chr1_161100859_161117951",2269.31417434336,"-"
"POLR2G","chr17_75320550_75321658",2255.86093082382,"-"
"TRA2A","chr1_42660904_42664862",2246.98380096602,"+"
"ZFP36","chr4_153358622_153408970",2223.37527863783,"-"
"PCBP4","chr1_153626533_153632033",2207.76866981639,"-"
"RALY","chr9_136862726_136862905",2192.45475727162,"-"
"RPS3","chr11_32593949_32600688",2190.78138531365,"-"
"ZNF638","chr3_98881767_98892496",2182.42920146445,"-"
"TOE1","chr6_136383781_136388392",2176.57864156749,"+"
"SNRPG","chr2_70281684_70288067",2166.33995031278,"+"
"PABPC4","chr1_39561122_39561684",2158.11431699714,"+"
"LARP4","chr12_50427909_50428934",2154.60198028512,"+"
"CPEB4","chr11_32593949_32600688",2146.35536026363,"-"
"KRR1","chr12_75505254_75506315",2139.67340189824,"+"
"ZCRB1","chr2_175179135_175180097",2134.16016467889,"-"
"GTF3A","chr6_136383781_136388392",2130.71819549999,"+"
"RRP7A","chr19_48617415_48617790",2128.64197666024,"-"
"CSDE1","chr16_4848210_4857989",2126.45675941213,"-"
"SNRPD1","chr14_22565137_22588946",2104.84826539501,"-"
"ZNF239","chr19_1599560_1602330",2094.2843586323,"-"
"SNRPB","chr16_3022815_3023232",2091.21051244608,"-"
"SNRPG","chr2_70281684_70288067",2083.43254226273,"+"
"PPARGC1B","chr3_98881767_98892496",2080.84869234343,"-"
"KHDRBS3","chr17_77190952_77191213",2075.92035143057,"-"
"ESRP2","chr17_77190952_77191213",2051.37874855063,"-"
"HNRNPD","chr4_75648741_75653982",2049.44320165519,"-"
"RPS3","chr11_75402446_75404019",2041.51844412595,"+"
"LARP1","chr17_75320550_75321658",2024.7668761752,"-"
"RPS3","chr11_75402446_75404019",2022.75848883714,"+"
"HNRNPD","chr4_82371584_82373445",2005.57174169107,"+"
"ZC3H3","chr5_138556573_138557401",2001.24085275105,"-"
"PRR3","chr10_68958579_68959805",1996.57339895513,"-"
"KHDRBS3","chr1_203861713_203862189",1985.36744599439,"-"
"ZRANB2","chr17_75320550_75321658",1976.6396311729,"-"
"SF1","chr2_46591925_46592474",1958.96097642672,"-"
"UNKL","chr12_55757553_55789074",1952.6578615515,"-"
"SETD1B","chr6_143335119_143339638",1948.76428219199,"-"
"RBMS1","chr13_75594990_75601411",1930.57186427576,"-"
"RBM6","chr17_58720812_58732483",1919.23198395023,"-"
"ZFR","chr17_75320550_75321658",1917.55145034342,"-"
"LARP6","chr17_60083766_60085054",1907.89993419836,"-"
"SRRM2","chr10_12172866_12177792",1891.4839019005,"-"
"RBM38","chr9_34614132_34614709",1886.48260159995,"-"
"MBNL1","chr5_74770810_74772312",1882.80625932661,"-"
"LSM3","chr1_203861713_203862189",1861.41835319706,"-"
"TDRKH","chr13_75530266_75537580",1851.95819373984,"-"
"ZC3H11A","chr8_100705673_100709132",1847.64165652386,"-"
"SNRPD1","chr6_143335119_143339638",1845.29773620839,"-"
"TDRKH","chr19_48617415_48617790",1842.70893157526,"-"
"ZC3H12B","chr12_76056161_76060137",1838.4674121647,"-"
"SNRPD1","chr5_139600435_139623367",1835.3896124723,"-"
"ESRP1","chr12_4543911_4548091",1832.35267702994,"-"
"CHERP","chr4_75648741_75653982",1824.71485139641,"-"
"PPARGC1B","chr20_45814470_45815389",1824.30213883164,"-"
"ZC3H11A","chr7_44834562_44835642",1820.78822930738,"-"
"RBM38","chr5_134741523_134750758",1819.71316599629,"-"
"NAA38","chr17_7857198_7857382",1807.90891210224,"+"
"POLDIP3","chr20_50731840_50737856",1803.1227200933,"-"
"TMEM63A","chr17_75320550_75321658",1789.89758402892,"-"
"LSM5","chr5_69175537_69177290",1775.73610437666,"-"
"SNRPG","chr2_70289372_70293617",1764.26509416509,"+"
"HNRNPD","chr4_82354154_82355303",1749.88065829205,"+"
"HNRNPD","chr4_82358820_82359470",1744.78899728462,"+"
"SNRPN","chr4_75648741_75653982",1740.45916783459,"-"
"RBM22","chr16_4848210_4857989",1738.54376392673,"-"
"HNRNPD","chr4_82354154_82355303",1736.08232176756,"+"
"SLTM","chr15_58894582_58897114",1734.87974501846,"+"
"PABPC4","chr1_39570002_39571233",1734.10503798491,"+"
"LARP4","chr8_100705673_100709132",1732.23828449439,"-"
"YBX1","chr16_4848210_4857989",1724.12259838668,"-"
"HNRNPR","chr19_48617415_48617790",1712.24294792033,"-"
"ZNF74","chr19_44800274_44800380",1707.90854090493,"-"
"PABPC4","chr13_75530266_75537580",1694.32939746885,"-"
"TOE1","chr11_114443933_114444585",1685.59296596912,"-"
"TDRKH","chr19_55401762_55404060",1674.7991113903,"-"
"ZNF638","chr2_38747130_38748046",1671.88159193314,"-"
"CPEB2","chr16_4848210_4857989",1671.74062333443,"-"
"HNRNPA2B1","chr7_26197732_26200571",1663.95353835808,"+"
"PARP10","chr12_53295639_53296453",1661.38161841698,"-"
"HNRNPA0","chr5_139600435_139623367",1643.05657774696,"-"
"BOLL","chr7_96708214_96709687",1629.67701700016,"-"
"SNRPD1","chr18_21612443_21622724",1626.8637364427,"+"
"ELAVL1","chr19_44800274_44800380",1618.57634161564,"-"
"DHX57","chr9_19378514_19378824",1613.29554234675,"-"
"SETD1A","chr1_42660904_42664862",1611.61819632566,"+"
"SNRPE","chr1_1402256_1405802",1609.93515871125,"-"
"RBM8A","chr16_4848210_4857989",1599.07109476791,"-"
"RBM41","chr12_53295639_53296453",1596.81744926608,"-"
"RPS3","chr19_58393185_58393358",1591.63122156348,"+"
"CIRBP","chr19_1272051_1274306",1589.07270309293,"+"
"SNRNP35","chr20_50731840_50737856",1582.45467095491,"-"
"ZNF239","chr16_4848210_4857989",1570.43335666929,"-"
"ZC3H3","chr18_2960849_3013036",1564.51750618989,"-"
"YBX1","chr1_42683466_42693489",1563.07645751828,"+"
"RBMS1","chr1_150302524_150308047",1561.36517302259,"-"
"SNRPD3","chr8_100705673_100709132",1542.6219713417,"-"
"RPS3","chr11_75401733_75402351",1534.73254260137,"+"
"RPS3","chr19_58393185_58393358",1526.35617198877,"+"
"CPEB4","chr11_114443933_114444585",1524.7945033639,"-"
"PPRC1","chr1_161100859_161117951",1521.76960054071,"-"
"SNRPB","chr4_153358622_153408970",1519.81811991592,"-"
"PNO1","chr2_68162663_68173346",1518.38747272729,"+"
"NAA38","chr17_7856843_7857014",1516.23321095335,"+"
"HNRNPA2B1","chr11_65115598_65115774",1515.79556113472,"-"
"NCL","chr2_231463316_231464335",1515.55996495783,"+"
"RBM27","chr19_10682704_10683124",1513.2254915881,"+"
"RBM41","chr5_139600435_139623367",1512.86411735021,"-"
"RBM3","chr11_47565986_47571470",1511.33284436999,"+"
"RBM34","chr6_136383781_136388392",1509.2172122136,"+"
"YTHDF1","chr3_149371867_149375679",1507.6945364597,"-"
"LSM5","chr3_172755374_172756982",1506.63807569574,"-"
"TDRKH","chr2_227340380_227347225",1503.02480032112,"-"
"YBX1","chr5_171400210_171405301",1500.3033172122,"-"
"RBM23","chr6_136383781_136388392",1499.85481545171,"+"
"GRSF1","chr5_181237319_181237608",1498.98534315997,"-"
"PPRC1","chr4_75648741_75653982",1498.36765650839,"-"
"PNPT1","chr19_10682704_10683124",1498.29343250558,"+"
"HNRNPR","chr1_23318688_23321527",1480.31721344986,"+"
"TIPARP","chr2_165770808_165794014",1477.7496173424,"+"
"LSM7","chr19_2324196_2328386",1474.75124557412,"+"
"SRRT","chr1_151167414_151168193",1474.18756571726,"-"
"LSM3","chr6_126340399_126346204",1469.11402223546,"+"
"BOLL","chr9_33796802_33798485",1468.51045508906,"-"
"KHDRBS3","chr20_36609758_36612009",1467.41237705146,"-"
"PUM1","chr1_31007102_31028795",1466.24516561887,"+"
"LARP1","chr5_154756193_154790324",1463.65548210599,"+"
"TRMT2A","chr5_139600435_139623367",1446.48986875471,"-"
"LSM7","chr19_2324196_2328386",1445.26158826743,"+"
"RBM34","chr14_55664041_55667240",1444.52482568036,"+"
"SFPQ","chr9_136862726_136862905",1442.20992278761,"-"
"SFPQ","chr1_35605308_35609245",1436.38490766001,"-"
"ZC3HAV1L","chr13_75594990_75601411",1429.22486871786,"-"
"KHDRBS3","chr6_143335119_143339638",1427.50466934994,"-"
"ACIN1","chr2_227340380_227347225",1427.02364534868,"-"
"HNRNPA1","chr12_54283234_54283811",1425.52320593737,"-"
"RNPS1","chr2_38746747_38748055",1421.21677827272,"-"
"ZC3H7B","chr8_37877551_37899073",1412.03473534178,"-"
"RDM1","chr2_197500918_197501073",1411.55175057515,"-"
"RBPMS","chr8_30544624_30547291",1407.00403799611,"+"
"RBM17","chr16_4848210_4857989",1402.01756597601,"-"
"NONO","chr7_148829848_148846469",1401.38103293297,"-"
"PPIL4","chr14_22565137_22588946",1401.22506405102,"-"
"RAVER2","chr1_183623471_183630460",1396.99578906429,"-"
"SNRPG","chr2_70289372_70293617",1393.97805217701,"+"
"LSM4","chr15_74920442_74929115",1387.84539996279,"-"
"RPS3","chr19_58393487_58394496",1385.11428572931,"+"
"SNRPB2","chr6_2837999_2840418",1379.93230141595,"-"
"RBMS1","chr20_45470532_45471152",1379.36643682857,"-"
"ZC3H3","chr14_22575233_22589030",1367.16779220988,"-"
"RAVER2","chr3_120598214_120601110",1365.72611133126,"-"
"G3BP2","chr2_46591925_46592474",1365.64299262133,"-"
"SF3A1","chr9_19378514_19378824",1356.95832479612,"-"
"ZFP36","chr1_212608930_212615017",1355.23838697806,"+"
"SETD1B","chr19_1599560_1602330",1348.27923700783,"-"
"RBM12B","chr13_72781003_72781604",1347.16481421036,"+"
"ZCRB1","chr11_47565986_47571470",1344.96355863258,"+"
"RBMS2","chr16_4848210_4857989",1343.85439334685,"-"
"RPS3","chr6_34424840_34425071",1339.27054969809,"+"
"MATR3","chr11_5226799_5227200",1336.93272164365,"-"
"HNRNPA1","chr12_54282874_54283811",1332.40277032105,"+"
"CNOT4","chr5_138556573_138557401",1331.22891935229,"-"
"UNKL","chr13_19674984_19677723",1328.84821179261,"+"
"TTC14","chr9_19378514_19378824",1325.50342843841,"-"
"ZFP36","chr12_53295639_53296453",1324.86973202697,"-"
"SNRPB2","chr2_46591925_46592474",1320.33121261718,"-"
"G3BP2","chr14_22565137_22588946",1320.17553288471,"-"
"ESRP2","chr17_75320550_75321658",1320.06437949733,"-"
"PPIE","chr10_104259798_104266083",1313.46361069298,"-"
"HNRNPAB","chr12_53295639_53296453",1311.42128588869,"-"
"LSM6","chr1_35605308_35609245",1309.00328539811,"-"
"RPS3","chr1_23692759_23693806",1306.03511039962,"+"
"HNRNPL","chr16_69711281_69714963",1301.48879680533,"-"
"NIP7","chr15_59642262_59657405",1299.10874424385,"-"
"BICC1","chr20_45814470_45815389",1297.7798441026,"-"
"SNRPG","chr8_100705673_100709132",1293.55112397556,"-"
"ZC3H11A","chr1_53923947_53930038",1288.03805667605,"-"
"ELAVL1","chr14_22565137_22588946",1287.92343148826,"-"
"SFPQ","chr11_73718890_73720845",1284.08539560263,"+"
"YTHDF2","chr19_45413745_45414860",1280.88862555172,"+"
"TAF15","chr17_35820248_35820331",1278.97510728514,"+"
"POLDIP3","chr19_44800274_44800380",1278.67869007929,"-"
"POLR2G","chr15_74923770_74929115",1276.53428354295,"-"
"RPS3","chr1_92837633_92840550",1274.87529856112,"+"
"SETD1B","chr1_1402256_1405802",1272.2060839577,"-"
"THUMPD2","chr9_34614132_34614709",1272.18453917883,"-"
"MYEF2","chr1_19617336_19622099",1270.96169109728,"-"
"ALKBH8","chr12_53295639_53296453",1270.36100257024,"-"
"DKC1","chr10_7807010_7807658",1262.34306091172,"+"
"HNRNPL","chr7_44834562_44835642",1261.45998996186,"-"
"UPF1","chr17_75320550_75321658",1257.47473930844,"-"
"MCM3AP","chr2_175179135_175180097",1255.75057319859,"-"
"ZFP36","chr1_212609271_212615017",1251.70633796368,"-"
"TUT1","chr5_139600435_139623367",1251.36825463993,"-"
"RBM3","chr20_36609758_36612009",1246.99888382579,"-"
"IGF2BP3","chr17_75320550_75321658",1245.83786014931,"-"
"ELAVL1","chr14_22565137_22588946",1241.50184974615,"-"
"YTHDF1","chr4_82425667_82426036",1241.20708161861,"-"
"SRRM2","chr16_2752846_2757471",1239.95400892225,"-"
"ZNF74","chr5_176396532_176397606",1239.85755859325,"-"
"RBM26","chr6_143335119_143339638",1238.09994916822,"-"
"SRRM1","chr19_29942664_29942822",1232.47258897307,"-"
"YBX1","chr19_1599560_1602330",1231.14735283641,"-"
"TOE1","chr20_36609758_36612009",1228.93134006451,"-"
"SNRPG","chr12_94971620_95002738",1224.68503380647,"-"
"EIF3G","chr6_2837999_2840418",1223.01377719211,"-"
"RPS3","chr5_82277852_82278319",1222.09023837678,"+"
"RPS3","chr5_82277852_82278319",1218.06395844859,"+"
"PRPF3","chr17_75320550_75321658",1216.38274222524,"-"
"SNRPE","chr1_224365991_224370897",1215.5715003639,"-"
"SAFB2","chr16_11896782_11897839",1211.11057996475,"-"
"DGKQ","chr9_36199096_36203952",1210.82741031619,"-"
"SNRNP70","chr8_144099205_144099276",1208.60103684829,"+"
"TRNAU1AP","chr1_28571338_28571866",1207.9590911434,"+"
"ZC3HAV1","chr10_32935558_32953592",1205.4287857135,"-"
"RBPMS","chr1_53923947_53930038",1204.05108637026,"-"
"EIF3G","chr14_94114880_94115780",1202.89075465101,"+"
"PABPC1","chr8_100705673_100706650",1199.07662797483,"+"
"PABPC4","chr1_203861713_203862189",1194.42736465063,"-"
"PARP10","chr20_50731840_50737856",1194.00300651013,"-"
"ZC3H10","chr1_161100859_161117951",1192.75225418551,"-"
"SRRM1","chr6_2837999_2840418",1191.83922317108,"-"
"HNRNPD","chr1_150231926_150235732",1191.68012061386,"+"
"ZC3H15","chr3_149371867_149375438",1191.50156728566,"-"
"RBM15B","chr2_74142360_74145188",1190.83574812599,"+"
"RDM1","chr12_4543911_4548091",1188.66846016944,"-"
"SUPT6H","chr9_33796802_33798485",1187.08060975318,"-"
"RPS3","chr19_58388245_58392975",1186.64458800936,"+"
"MTHFSD","chr16_635063_636093",1186.4209489923,"-"
"RPS3","chr11_17077477_17077618",1182.90765294535,"+"
"ESRP2","chr19_1599560_1602330",1182.48874232579,"-"
"TUT1","chr1_42660904_42664862",1182.43048706906,"+"
"ACO1","chr6_116571655_116580294",1180.43489743052,"-"
"DHX8","chr9_34614132_34614709",1179.70373487406,"-"
"TAF15","chr14_55664041_55667240",1175.03484552662,"+"
"PABPC1","chr14_22575233_22589030",1174.95823075667,"-"
"NOL8","chr7_22813185_22822676",1173.01973073309,"-"
"HNRNPA2B1","chr7_26197732_26197830",1172.4938180668,"-"
"NUFIP1","chr16_1962265_1962496",1168.92863064675,"-"
"KRR1","chr17_16441130_16441367",1166.65461037271,"+"
"LARP1","chr3_98881767_98892496",1166.31111332833,"-"
"RBM14","chr15_59642262_59657405",1165.35982277027,"-"
"ANKRD17","chr16_635340_636093",1165.09622856136,"-"
"LSM6","chr9_35684807_35685063",1164.81660197858,"-"
"RPS3","chr11_17077477_17077618",1164.62060882982,"+"
"RBM8A","chr5_138556573_138557401",1162.41777210118,"-"
"RBM18","chr7_96708214_96709687",1161.86923069045,"-"
"LSM11","chr13_19675653_19677723",1160.29977825471,"+"
"RRP7A","chr9_136862726_136862905",1158.93400431966,"-"
"RBM6","chr11_46383193_46383468",1158.74472835408,"-"
"PABPC1","chr5_139600435_139623367",1158.41031999013,"-"
"ZFR","chr13_36952599_36971976",1156.20802359167,"-"
"PABPC1","chr1_53923947_53930038",1155.41818716605,"-"
"RPS3","chr6_35469529_35470178",1150.20688805584,"+"
"ZC3H11A","chr4_2040092_2042326",1149.08713483988,"-"
"KHDRBS3","chr6_30345398_30345466",1148.53872764292,"-"
"EIF4B","chr17_41689069_41690087",1145.70503079497,"-"
"LSM5","chr20_45814470_45815389",1144.03806031001,"-"
"ZFP36","chr1_212608930_212615017",1144.00874741873,"+"
"LSM3","chr11_47565986_47571470",1143.33674213309,"+"
"LARP1B","chr11_68688100_68688848",1142.27213113229,"+"
"RBMX2","chr18_49491833_49492457",1140.72035084727,"-"
"RPS3","chr2_206162614_206162728",1140.20069093583,"+"
"LSM10","chr15_59639157_59650668",1136.80928290408,"-"
"RPS3","chr4_39456538_39457585",1134.61675262531,"+"
"RBM25","chr5_96726859_96727488",1133.68204628251,"-"
"PUF60","chr1_151167414_151168193",1132.17740787075,"-"
"PUF60","chr1_35605308_35609245",1131.51975264059,"-"
"SNRPD2","chr6_143335119_143339638",1130.1965047437,"-"
"FUBP1","chr1_153626533_153632033",1130.12572847588,"-"
"CSDE1","chr17_75320550_75321658",1130.08004540654,"-"
"EIF3G","chr13_75804541_75817160",1126.40603813862,"-"
"RBM42","chr20_17680075_17682027",1125.17762986295,"+"
"PCBP2","chr9_93111938_93112217",1120.35363724406,"+"
"KIN","chr3_98881767_98892496",1120.2933954839,"-"
"SLBP","chr19_44800274_44800380",1118.40472573049,"-"
"YTHDC1","chr1_224365991_224370897",1117.20061311472,"-"
"YBX1","chr17_75320550_75321658",1115.8246926812,"-"
"ESRP1","chr1_203861713_203862189",1115.73507092242,"-"
"ZC3H7A","chr1_159961405_159976643",1115.50580307691,"+"
"PABPC4","chr13_72781003_72781604",1110.44784283138,"+"
"CNOT4","chr13_52456607_52460898",1106.12291203321,"+"
"RPS3","chr13_27254281_27255241",1104.54553937907,"+"
"TLR2","chr8_100705673_100709132",1103.47077610218,"-"
"SNRPF","chr19_44800274_44800380",1103.05916784773,"-"
"DKC1","chr12_76450988_76487509",1101.98682905695,"-"
"LSM5","chr7_44834562_44840898",1101.40807333793,"-"
"YTHDF3","chr3_108047292_108050577",1101.20305516747,"-"
"PABPC1","chr8_100705673_100709132",1099.84207368906,"-"
"MCTS1","chr5_134741523_134743986",1099.6864072736,"+"
"LSM5","chr3_49022768_49022877",1099.68211516447,"-"
"THUMPD2","chr8_73959818_73964486",1098.31303698465,"-"
"SNRPG","chr2_70288192_70289349",1096.73066015398,"+"
"HNRNPD","chr21_25729801_25734852",1094.71347576069,"+"
"RPS3","chr5_181238239_181239066",1092.768389064,"+"
"RBM33","chr9_36199096_36203952",1092.70356104563,"-"
"RBM12B","chr5_96727530_96729611",1092.66243225173,"+"
"SAMD4B","chr2_227340380_227347225",1092.41074472563,"-"
"RPS3","chr3_197950978_197951158",1092.22134852854,"+"
"RBM3","chr5_61099032_61152703",1091.20903137046,"+"
"HDLBP","chr1_224365991_224370897",1090.75838094763,"-"
"ALKBH8","chr11_73718890_73720845",1090.294174768,"+"
"YBX1","chr6_166322886_166328275",1089.58062697534,"-"
"SF3B4","chr19_35546808_35546944",1089.57793019801,"+"
"SLBP","chr8_85217502_85220305",1088.13616045778,"-"
"RPS3","chr9_127449708_127450730",1085.12655678626,"+"
"SSB","chr19_1599560_1602330",1084.90068653105,"-"
"LSM3","chr7_44834562_44840898",1082.79092499489,"-"
"ZC3HAV1L","chr4_55616385_55630401",1081.95117842891,"+"
"SF3B4","chr8_37877551_37899073",1080.83308642856,"-"
"PCBP2","chr16_634956_635611",1080.09892590459,"+"
"SLTM","chr15_58916999_58932355",1076.48182819376,"+"
"HNRNPD","chr8_61644632_61651049",1076.3808330783,"-"
"SYNCRIP","chr8_100703359_100704279",1076.02491442121,"-"
"SNRPD1","chr1_161100859_161117951",1075.80741194554,"-"
"POLR2G","chr11_111882598_111883135",1073.49222596927,"+"
"MEX3A","chr20_36609758_36612009",1072.4182983499,"-"
"ZC3H13","chr17_58720812_58732483",1072.23861711671,"-"
"SNRPG","chr5_65551636_65552492",1072.06875682672,"+"
"RPS3","chr13_27254281_27255241",1069.99533042995,"+"
"SNRPA","chr15_74920442_74929115",1069.83712499767,"-"
"UHMK1","chr12_76459895_76487509",1066.80745286621,"-"
"RBM10","chr14_22565137_22588946",1066.76087466804,"-"
"RC3H1","chr19_4501317_4501910",1065.13659773592,"+"
"CPSF6","chr17_81891833_81894466",1064.65054339435,"-"
"LSM6","chr8_144412946_144413236",1064.48377627607,"+"
"HNRNPA2B1","chr7_26192338_26192494",1063.30535836692,"+"
"ELAVL1","chr16_69711281_69714963",1063.20662292937,"-"
"RBM6","chr11_88326443_88328111",1061.46767634962,"-"
"SYNJ2","chr5_151746449_151758545",1060.87073254362,"-"
"RALY","chr19_38626102_38634992",1060.07318193296,"-"
"CPSF6","chr12_6975148_6975228",1059.08034416149,"+"
"ZCRB1","chr11_47569891_47571470",1057.08324124046,"-"
"RBM28","chr17_75320550_75321658",1053.5807064299,"-"
"ZRSR2","chr17_75320550_75321658",1052.83395501112,"-"
"CIRBP","chr19_1272051_1274306",1047.94934465486,"+"
"SNRPA","chr2_85596649_85597103",1046.61042012838,"-"
"RBM8A","chr20_45815540_45815853",1045.7994157848,"-"
"BICC1","chr20_45814470_45815853",1045.01535671799,"+"
"FUBP3","chr11_112085462_112085977",1045.00497331964,"+"
"CARHSP1","chr12_53295639_53296453",1043.52583481677,"-"
"U2AF2","chr1_19597109_19622099",1042.67076074756,"+"
"ZCCHC17","chr6_27138681_27146015",1042.30905207894,"-"
"ZC3H8","chr11_66285536_66285700",1040.98427552432,"+"
"UPF1","chr6_30345398_30345490",1039.35917223523,"+"
"YBX1","chr3_120596646_120601110",1038.49024196321,"-"
"PAN3","chr2_237708630_237719522",1038.43422680955,"-"
"SNRPB2","chr4_39458598_39458890",1038.20373716001,"+"
"PUM2","chr16_634797_636093",1038.10746277625,"-"
"SNRPD1","chr10_29617576_29657968",1036.3694341132,"-"
"KHDRBS3","chr15_43793083_43793575",1035.80535720018,"-"
"EIF3G","chr2_231710584_231711347",1034.3119369149,"-"
"PPRC1","chr2_38747130_38748046",1034.27351765414,"-"
"YBX1","chr5_134741523_134750758",1031.76250185559,"-"
"CSTF2","chr11_114443933_114444585",1031.32296394942,"-"
"PUF60","chr3_180985996_180988022",1029.90834214883,"-"
"ZC3H10","chr13_75530266_75537580",1029.3589795312,"-"
"HNRNPA2B1","chr7_26197866_26200571",1027.59867250248,"-"
"MSI2","chr7_76001002_76003757",1027.17626750241,"+"
"KHSRP","chr4_75648741_75653982",1026.87366022148,"-"
"HNRNPA2B1","chr19_35488840_35498715",1026.85840236822,"-"
"RBMX","chr17_75320550_75321658",1026.79766500771,"-"
"LSM10","chr17_30118173_30172541",1025.95735901417,"+"
"LSM4","chr12_4546418_4548091",1024.6917935262,"+"
"KHDRBS3","chr12_53295639_53296243",1024.05487312414,"-"
"SYNJ2","chr3_111920419_111939474",1023.83648622828,"+"
"G3BP2","chr19_40448046_40458154",1022.91309777106,"-"
"SUPT6H","chr10_31852597_31861394",1021.57416301084,"+"
"KHDRBS1","chr3_172754660_172755294",1021.34745632182,"+"
"RNPS1","chr4_75648741_75653982",1021.25960087095,"-"
"POLR2G","chr19_35505986_35509910",1019.4214569952,"-"
"RBMS1","chr17_60083766_60085054",1018.94173969283,"-"
"RPS3","chr16_18783102_18784737",1017.41900735634,"+"
"GRSF1","chr19_35508240_35509910",1016.58169648529,"+"
"ZC3H8","chr2_186502587_186504031",1015.96618103961,"+"
"PTBP1","chr18_694334_697239",1015.22343487908,"+"
"IGF2BP2","chr5_149513209_149517793",1014.57606199704,"+"
"CPSF6","chr1_15426018_15428592",1014.57103090334,"-"
"PPP1R10","chr7_92131872_92134665",1014.42935135348,"-"
"TEP1","chr22_41677132_41680243",1014.18531778613,"-"
"KHDRBS3","chr2_73250438_73252639",1012.90695278158,"-"
"YBX1","chr6_159797549_159798051",1011.76013984073,"-"
"RBM33","chr19_55401762_55404060",1011.23233761736,"-"
"RPS3","chr12_56117211_56117481",1009.70713985456,"+"
"PUF60","chr1_173864304_173865228",1008.23785690154,"-"
"SNRPB","chr1_203861713_203862189",1007.02927958783,"-"
"NAA38","chr21_39177571_39178448",1006.39310440834,"+"
"RBMX","chr10_100983817_100986748",1006.37003885493,"+"
"HDLBP","chr2_175179135_175180097",1006.17318240142,"-"
"MATR3","chr5_149520388_149550074",1005.68753659548,"-"
"TIPARP","chr17_5426299_5428070",1005.68078271596,"+"
"SLBP","chr1_228147544_228147620",1002.67508990456,"-"
"PNO1","chr19_10177367_10180349",1000.89301964112,"-"
"LSM5","chr14_54417951_54419991",999.972616759738,"+"
"SNRPA","chr15_74923770_74937914",999.95488312806,"-"
"PABPC1","chr19_44800274_44800380",998.492870314009,"-"
"SNRPB2","chr19_44800274_44800380",996.92714342583,"-"
"LSM3","chr15_41349241_41351032",996.563565526766,"-"
"SYNJ2","chr14_55664041_55667240",995.32393531763,"+"
"RBMS2","chr8_144412946_144413236",994.326095579073,"+"
"SAMD4A","chr2_46591925_46592474",993.293116699165,"-"
"CPSF6","chr8_144098994_144099276",993.266642555446,"-"
"HNRNPD","chr4_82359639_82371527",992.909047861112,"+"
"ZC3HAV1","chr5_132488025_132489391",992.673195390514,"+"
"HNRNPM","chr19_29942664_29942822",992.573904460457,"-"
"TDRKH","chr14_22575233_22589030",989.677781682487,"-"
"SLBP","chr11_32593949_32600688",987.91015900594,"-"
"LSM5","chr11_66284966_66285700",987.82478929647,"+"
"SUPT6H","chr11_5226799_5227200",986.219630602578,"-"
"ZCCHC17","chr10_71822007_71825836",984.980189442624,"+"
"LSM10","chr15_88639594_88652109",984.691722757102,"-"
"UNK","chr12_10702134_10704059",984.496595257823,"-"
"SAFB","chr5_140194652_140228729",980.416250256405,"-"
"ASCC1","chr3_98881767_98892496",979.516052760314,"-"
"CNOT4","chr16_4848210_4857989",979.414202825765,"-"
"HNRNPR","chr7_16801803_16804952",977.44521010883,"+"
"TEP1","chr6_2837999_2840418",975.795678123641,"-"
"RBM19","chr19_18589077_18590853",975.394808387555,"-"
"IGF2BP3","chr2_187467932_187484123",975.296419108448,"+"
"LSM5","chr15_41349241_41350990",975.220858909943,"-"
"HNRNPAB","chr4_153358622_153408970",974.315323625063,"-"
"RBM26","chr9_136850560_136850754",973.852441399108,"+"
"RC3H1","chr3_149375588_149375679",973.740769222808,"+"
"HTATSF1","chr7_91980333_91992157",973.363076313815,"+"
"EIF4H","chr3_51988603_51988765",971.757181898657,"+"
"RRP7A","chr4_82424883_82425562",969.7759941975,"-"
"RC3H1","chr2_9406905_9407448",968.916242490275,"-"
"GRSF1","chr12_56724523_56724961",968.43734695397,"-"
"ZFP36","chr16_19410773_19430412",968.41452699764,"-"
"PNO1","chr19_10177367_10180349",967.079069125934,"-"
"HNRNPA1","chr19_35505986_35506125",967.038202011273,"-"
"LSM4","chr6_143335119_143339638",966.934015679889,"-"
"ENOX2","chr2_237692521_237748363",966.454581800689,"-"
"HNRNPR","chr11_93730447_93730676",966.452639080918,"+"
"ASCC1","chr21_33903656_33903934",965.656022107881,"-"
"RPS3","chr6_34421807_34424668",964.32479474343,"+"
"SLTM","chr6_26124633_26138053",962.611963152579,"-"
"CCAR1","chr14_22565137_22567087",962.545657488923,"-"
"HDLBP","chr13_75804541_75817160",962.440617096555,"+"
"PABPN1","chr12_96003064_96003837",962.376247551197,"+"
"ZFP36","chr19_44800274_44800380",962.145141284099,"-"
"CCAR1","chr20_17660528_17679998",960.908110702701,"+"
"POLDIP3","chr17_75320550_75321658",960.671583414265,"-"
"RPS3","chr6_34421807_34424668",960.619877934266,"+"
"EIF2S1","chr7_87341684_87345042",960.59815557031,"+"
"HNRNPA0","chr7_100435533_100435847",960.56078877945,"+"
"SRRT","chr8_61644632_61651049",959.570360592185,"-"
"EIF4H","chr8_100948900_100951928",958.967012487739,"+"
"HNRNPM","chr16_66552793_66558189",956.705924640562,"+"
"RAVER2","chr1_1402256_1405802",956.413466456358,"-"
"CIRBP","chr1_150302524_150308047",956.152139096852,"-"
"LSM6","chr19_44800274_44800380",954.28030412793,"-"
"ZCCHC17","chr19_10177367_10180349",954.122624093062,"-"
"RBM3","chr8_85219363_85220305",951.458982500877,"-"
"FUBP1","chr17_75320550_75321658",951.222563032255,"-"
"PUM2","chr19_1599560_1602330",950.560024142126,"-"
"CNOT4","chr1_212608930_212615017",950.448622881029,"+"
"HNRNPAB","chr1_45591270_45602254",950.257854446661,"+"
"FXR1","chr21_31659841_31663789",950.01491018722,"+"
"DAZAP1","chr12_76047718_76048392",948.439997544127,"-"
"ZC3H14","chr7_44115354_44115765",946.465016891212,"-"
"RBM39","chr20_35740887_35741940",946.275551757387,"+"
"RNPC3","chr1_153625341_153626319",946.1456873941,"-"
"LSM4","chr12_53295639_53296243",945.554489112537,"-"
"YTHDC1","chr19_44800274_44800380",944.726467594913,"-"
"SF3B4","chr17_7017014_7017260",944.513437890319,"+"
"LSM4","chr5_139600435_139623367",944.305642473548,"-"
"RPS3","chr19_8321703_8321952",940.680088734418,"+"
"SNRPE","chr3_165460632_165491195",939.353621516669,"+"
"SNRPC","chr17_75320550_75321658",938.81078013726,"-"
"IREB2","chr6_136383781_136388392",938.035817182928,"+"
"TRA2A","chr19_48617415_48617790",937.899786567054,"-"
"RBM47","chr14_94114880_94115789",937.745356772252,"+"
"SAFB2","chr4_139678642_139703454",937.333326206892,"-"
"FUS","chr11_62789679_62789885",937.244346843345,"+"
"SRRT","chr2_9406905_9408112",936.991351894158,"-"
"CSTF2T","chr19_35505986_35506125",936.811761123299,"-"
"HNRNPA2B1","chr7_26197732_26200571",936.624410218343,"+"
"PPRC1","chr7_44834562_44835642",936.151756885494,"-"
"DHX57","chr1_53923947_53930038",936.087971958334,"-"
"RPS3","chr4_151104286_151104471",935.881498941301,"+"
"NONO","chr19_38803551_38803741",934.77277724902,"+"
"ESRP1","chr20_56388202_56390555",934.333320309717,"-"
"ZC3H12A","chr19_38290280_38290517",934.153579503593,"-"
"SAFB2","chr19_29942664_29942822",933.493201781494,"-"
"YTHDF2","chr19_38626102_38634992",933.148952147948,"-"
"SNRPD1","chr3_160412084_160412325",933.013682317829,"+"
"RBM23","chr2_200329480_200389222",931.298662948631,"-"
"RBMX2","chr15_41438431_41457671",931.205615772411,"-"
"SART3","chr9_35813519_35813643",931.166535685322,"-"
"RBPMS","chr17_81899542_81899919",929.696271467694,"-"
"RBM15B","chr20_50731840_50737856",929.370224313606,"-"
"RPS3","chr11_75401733_75404019",929.115653000481,"-"
"RPS3","chr3_12840242_12841493",928.47217435549,"+"
"YTHDF1","chr19_35505986_35510183",927.700133679104,"-"
"RBM18","chr11_93730712_93731149",926.573766029634,"+"
"EIF4B","chr12_53034709_53037408",926.477574522245,"+"
"RPS3","chr17_28720890_28722722",925.705113429127,"+"
"ZFP36L1","chr14_35402663_35402770",925.168009987308,"+"
"ZC3HAV1","chr3_39412061_39412276",925.079659574543,"-"
"LSM10","chr10_119500259_119526031",924.53300445841,"-"
"ZC3H4","chr7_99359738_99365890",924.346405589097,"-"
"ZC3H14","chr8_100705673_100709132",924.329516677427,"-"
"YTHDF2","chr17_7017014_7017256",923.603688581549,"+"
"YTHDF3","chr6_116574171_116580294",922.929485429056,"+"
"EIF3G","chr6_85677875_85677953",921.406025579277,"+"
"RBM39","chr21_42347632_42349880",920.955733006725,"+"
"THUMPD2","chr8_144099205_144099276",920.742993261453,"-"
"TIA1","chr8_54000050_54010429",920.051885916402,"+"
"TIPARP","chr3_98822361_98825315",919.239544246096,"-"
"LSM3","chr6_126340444_126346204",919.162923664475,"-"
"RBM17","chr20_62308178_62308654",917.852864281902,"-"
"ELAVL1","chr11_34651805_34656907",916.880577514834,"+"
"ELAVL1","chr3_172755374_172755482",916.79267670081,"-"
"PARN","chr1_232970118_232978162",916.522293928494,"+"
"LSM7","chr6_75240385_75241122",916.029487876728,"-"
"SLBP","chr6_43054486_43055896",914.984589733253,"-"
"UPF3B","chr20_45814470_45815540",914.240962620867,"+"
"CARHSP1","chr11_32593949_32600688",914.200165718905,"-"
"MBNL3","chr6_31664580_31664840",913.778002100796,"+"
"SRRM1","chr7_26197732_26197830",913.721030450835,"+"
"SNRPA","chr1_155140245_155140490",911.687116306556,"+"
"HNRNPD","chr1_203861713_203862189",911.611502250155,"-"
"EIF3G","chr1_154992786_154992901",911.60961199033,"+"
"RBM22","chr10_102402159_102402254",911.130162910472,"+"
"GTF3A","chr3_28263380_28316332",911.027834145929,"+"
"RPS3","chr6_33276267_33276390",910.36157523798,"+"
"HNRNPA0","chr17_31983104_31988319",910.290539080392,"+"
"PCBP2","chr12_66138165_66138723",910.245184958841,"-"
"PCBP2","chr16_4853166_4857989",908.29361014244,"+"
"LSM5","chr14_54417951_54419991",907.367540810144,"+"
"DGKQ","chr18_13671973_13726328",906.590485666591,"-"
"ZC3H18","chr6_167864746_167870382",906.354640608233,"-"
"CPSF4","chr12_53295941_53296218",905.360387879076,"-"
"IGF2BP2","chr4_75648741_75653982",904.649473890029,"-"
"LSM4","chr19_48617415_48617790",904.406187231428,"-"
"A1CF","chr4_75648741_75653982",904.321101253852,"-"
"RPS3","chr2_55233417_55234118",904.23468653022,"+"
"RBM3","chr7_54757594_54759161",902.372854720808,"+"
"PABPC1","chr12_52237569_52238679",902.222080565859,"+"
"HNRNPA1","chr6_43054486_43055896",901.462310917049,"+"
"RPS3","chr2_206162104_206162488",901.003610251085,"+"
"CSTF2","chr19_48617415_48617790",900.775440500304,"-"
"THUMPD1","chr2_214781509_214792296",900.747863290656,"+"
"ZC3H15","chr2_202297906_202300233",899.265692672366,"+"
"PARP12","chr17_81239678_81240986",899.110821112402,"-"
"TIAL1","chr20_35740597_35740823",898.256297312401,"+"
"SRRM2","chr16_2752854_2757471",898.075480951633,"-"
"RBMX2","chr4_48894053_48904483",897.546910519817,"-"
"NIP7","chr19_35497681_35498715",896.86887596524,"-"
"LARP1B","chr19_12676142_12677290",896.771439713683,"-"
"UPF1","chr1_23323732_23333517",895.746944734355,"+"
"RBM42","chr3_127695190_127710575",895.280874231915,"+"
"RPS3","chr1_23693913_23694659",894.368436155757,"+"
"ZC3H15","chr2_68047319_68062957",893.953909767822,"+"
"YBX1","chr19_55401762_55404060",893.210751102631,"-"
"SNRPB","chr6_143335119_143339638",892.230272988791,"-"
"MSI2","chr17_38731439_38733275",891.962799018054,"+"
"QKI","chr2_197489247_197493323",890.465799391316,"-"
"TNRC6A","chr5_139600435_139623367",890.460468185088,"-"
"TRA2A","chr8_85217502_85219322",890.366216911445,"-"
"SNRNP70","chr12_53295639_53295838",890.274419515099,"+"
"DHX57","chr14_22575233_22589030",890.143103555455,"-"
"ZC3H8","chr19_29942664_29985222",889.725570696264,"+"
"LSM5","chr20_45814470_45815853",888.474359966238,"-"
"HNRNPA1","chr12_54282874_54283811",888.005811636976,"+"
"THUMPD1","chr10_70882485_70885151",887.69908730209,"+"
"KIN","chr3_149375588_149375679",887.430246533225,"+"
"RPS3","chr11_17075623_17077167",887.24627824048,"+"
"RPS3","chr19_55388048_55388242",886.553980920984,"+"
"CPSF6","chr10_68958579_68959805",886.41575823042,"-"
"PSPC1","chr3_111920419_111932268",885.344610493867,"+"
"RNPS1","chr16_4848210_4857989",884.474592840274,"-"
"NAA38","chr19_17424677_17424930",884.422408125048,"+"
"RRP7A","chr3_44926847_44929305",884.095018316498,"+"
"ZC3H6","chr2_46591925_46592474",884.078299975011,"-"
"UHMK1","chr13_110893263_110906032",883.797791723008,"+"
"LSM7","chr7_7639144_7640319",883.64759386396,"+"
"TTC14","chr1_153543922_153544653",882.265911073163,"-"
"MCTS1","chr19_58388245_58392975",881.999438103593,"+"
"RBPMS","chr12_94971620_95002738",880.560137031985,"-"
"CSTF2T","chr10_102402159_102402251",880.041946210169,"-"
"RBM8A","chr1_145925927_145926050",879.632849728287,"-"
"RBM3","chr20_31568280_31569119",878.721360565734,"-"
"NONO","chr15_74929232_74937914",878.58981610896,"+"
"RPS3","chr19_41860845_41861111",878.352315827777,"+"
"RBM7","chr7_5229738_5230834",877.686288883628,"+"
"GRSF1","chr4_55600575_55607436",877.322973376589,"-"
"LSM4","chr3_131501715_131502729",876.051827239954,"+"
"NIP7","chr4_55609179_55630401",875.281244859282,"-"
"LSM7","chr2_231710584_231711347",874.631181051145,"-"
"PPP1R10","chr12_66138734_66145840",874.396544250035,"-"
"POLR2G","chr9_136993664_136993765",874.148316903843,"+"
"RBMS2","chr2_175179135_175180097",873.407468465812,"-"
"SAFB","chr10_21920963_21928505",872.886895184925,"+"
"NCL","chr1_35605308_35609245",872.721069503542,"-"
"HNRNPF","chr2_73250438_73252639",872.511378184497,"-"
"SAFB2","chr15_84670782_84680712",872.309011607857,"+"
"YTHDF1","chr20_63521589_63522006",871.109293810364,"-"
"LENG9","chr1_114736855_114737962",870.977641636871,"+"
"RPS3","chr3_186790245_186790325",870.730154419165,"-"
"THUMPD1","chr15_58916999_58932355",870.408864800474,"+"
"RPS3","chr19_41860845_41861111",870.26548767079,"+"
"POLDIP3","chr8_54000050_54022062",869.399736885995,"-"
"EIF3G","chr11_66284966_66285700",869.084050476523,"-"
"LSM10","chr15_58894193_58894432",868.913088042423,"+"
"SRRT","chr2_237727935_237748363",868.745745086995,"-"
"LARP4B","chr3_157150381_157152176",868.181702181103,"+"
"LSM5","chr19_55401762_55404287",867.403914063033,"+"
"ACIN1","chr5_139600435_139623367",866.873001127718,"-"
"MEX3A","chr8_100705673_100709132",866.716737149001,"-"
"AKAP1","chr19_4501317_4501913",865.188607593447,"-"
"PPP1R10","chr19_49490576_49491072",865.013728185305,"-"
"CNOT4","chr21_31659841_31667257",863.918528114049,"-"
"FXR1","chr1_35605308_35609245",863.841651081757,"-"
"RPS3","chr13_27253843_27255241",863.606571942035,"-"
"EIF4B","chr13_110905233_110906032",863.344873052937,"+"
"LSM10","chr15_88639594_88652169",862.573599699102,"+"
"APTX","chr5_149513209_149520289",862.55737991807,"-"
"ZC3H8","chr12_111840003_111840332",862.335496891443,"+"
"TRA2A","chr1_52083541_52086111",861.829629221693,"+"
"YTHDC1","chr17_75320550_75321658",861.463682229774,"-"
"RPS3","chr5_150447735_150449702",861.187829525333,"+"
"ELAVL1","chr20_63697191_63698279",859.829561004067,"-"
"RBM3","chr14_94111773_94114850",859.763954437483,"+"
"RBM12B","chr17_49405116_49406758",859.260955273956,"-"
"CPSF7","chr15_69453721_69455169",859.032598682678,"-"
"LSM5","chr3_187121328_187127998",858.762254891753,"+"
"POLR2G","chr3_120596646_120601110",858.697501158472,"-"
"LSM4","chr6_126340399_126346204",858.362496034315,"+"
"MKRN1","chr17_41689069_41690087",858.321624789212,"-"
"YTHDF2","chr15_89750227_89750508",858.289293066956,"+"
"RPS3","chr11_62833634_62833791",858.18833989581,"-"
"PCBP2","chr9_108992819_109013301",857.938141506186,"-"
"RBMX","chr19_35497538_35498597",857.423708811099,"+"
"HNRNPH1","chr6_159797549_159798051",857.369729314789,"-"
"RBM14","chr16_88858789_88859662",856.992320023319,"-"
"POLR2G","chr19_40775669_40776968",856.905276099305,"-"
"UHMK1","chr9_127450804_127451049",856.179425949213,"+"
"RBMX","chr2_46591925_46592474",854.746234656507,"-"
"ZC3H4","chr1_45511414_45514872",854.651592224849,"-"
"ZFP36","chr1_153534830_153535948",854.286247167165,"-"
"MCTS1","chr14_92117642_92121641",853.742846475205,"+"
"DAZAP1","chr11_66017174_66018787",853.216968414127,"+"
"TOE1","chr16_4848210_4857989",852.962665885855,"-"
"CPSF7","chr16_2040238_2043037",852.627377148848,"-"
"CIRBP","chr20_408779_410411",851.494990616272,"-"
"APTX","chr5_131159611_131162063",851.275092461245,"-"
"POLR2G","chr19_40775669_40776968",851.041291667184,"-"
"LSM7","chr1_219193251_219210531",850.877095462654,"+"
"PPIL4","chr8_66922725_66926197",850.757238070427,"-"
"KIN","chr2_86170841_86171207",850.598279918163,"+"
"G3BP2","chr18_13671973_13681604",850.455995933484,"+"
"CSTF2","chr13_75594990_75601411",850.331197008944,"-"
"HNRNPH3","chr13_75804541_75809153",849.987125251361,"+"
"NIP7","chr2_175179135_175180097",849.433098372379,"-"
"SLBP","chr10_94546498_94554125",849.097214102355,"+"
"MCTS1","chr11_406059_406348",848.546279219124,"+"
"HNRNPA2B1","chr5_69177349_69177523",848.486794552411,"+"
"SLBP","chr3_186790064_186790141",846.064302534146,"+"
"TRA2B","chr17_5426299_5428070",845.886281992779,"+"
"MATR3","chr4_56452052_56459371",845.640092558268,"+"
"DAZAP1","chr16_4796033_4796189",845.510490081183,"-"
"RBM6","chr21_32601973_32602271",845.309653129981,"+"
"SAMD4B","chr6_109370467_109376073",845.244191903302,"+"
"RBM28","chr11_10807381_10808704",845.102749741844,"+"
"TRMT2A","chr8_691096_692477",845.081425516594,"+"
"SF3A1","chr1_46309143_46310154",844.638547214123,"-"
"LSM5","chr5_160422893_160424236",844.109294511574,"+"
"ZC3H15","chr9_32553944_32558909",843.636496375199,"+"
"LSM5","chr5_65542848_65551563",842.983000005982,"+"
"TTC14","chr12_55757553_55789074",842.437296888091,"-"
"CPEB4","chr9_34614132_34614709",841.939405060187,"-"
"LSM7","chr8_100705673_100709132",841.453964312233,"-"
"CPEB3","chr14_22565137_22588946",841.426961296967,"-"
"ZCCHC17","chr10_71822007_71825836",841.195202203754,"+"
"RBM23","chr14_22575233_22580828",841.170893413973,"-"
"RPS3","chr3_12840242_12841493",840.792919519497,"+"
"U2AF2","chr12_76450979_76487509",839.899968995063,"-"
"PPIL4","chr16_634956_635280",839.805183621811,"-"
"LSM3","chr8_108203503_108228266",839.71145968686,"-"
"ACO1","chr16_89873859_89883350",839.509147998683,"+"
"TRNAU1AP","chr1_92834913_92840550",838.853688742344,"-"
"TIPARP","chr3_98822361_98849461",838.539333099259,"-"
"ZC3H14","chr19_1272051_1274306",836.840923005501,"-"
"ANKRD17","chr1_161158211_161158411",836.59689765645,"+"
"CPSF6","chr8_61643433_61644599",836.507917586913,"+"
"CSTF2","chr17_40818482_40818819",836.487183818954,"-"
"LSM10","chr16_722216_722308",836.19994865194,"-"
"LARP1B","chr19_35505765_35509910",835.681494530317,"-"
"RPS3","chr10_78035417_78035510",835.420257075833,"+"
"RPS3","chr17_16440253_16441073",834.992441713823,"+"
"NONO","chr12_110436683_110437083",834.778103038805,"+"
"LSM5","chr5_96702915_96722638",834.611685647151,"+"
"RBM23","chr2_38747130_38748046",834.213584727727,"-"
"SRRM2","chr1_42457350_42459602",833.413599001457,"+"
"RBM22","chr17_81893614_81899919",833.330281822198,"-"
"SNRPA","chr6_41789332_41789567",832.644328081304,"-"
"PSPC1","chr22_29767607_29769677",831.60134047265,"-"
"GRSF1","chr4_55600575_55607436",831.305906603647,"-"
"HNRNPH1","chr16_80980879_80981805",830.814977134587,"-"
"CNOT4","chr1_212608930_212615017",830.766235159005,"+"
"ZFP36L2","chr7_16859631_16860499",830.62298206882,"+"
"SLTM","chr15_58913696_58916934",830.590848949268,"+"
"IGF2BP2","chr4_39458598_39458890",830.255659622522,"+"
"RPS3","chr16_18788142_18788980",829.770189885648,"+"
"EIF3G","chr9_110244843_110250150",829.63473897976,"-"
"RBM17","chr20_16041278_16049829",829.219541647811,"-"
"PPP1R10","chr1_155827028_155853275",828.4168066587,"+"
"RPS3","chr5_150447735_150449702",827.959687018128,"+"
"EWSR1","chr19_44794281_44800380",827.757446755409,"+"
"RPS3","chr1_6197756_6199561",827.2626097639,"+"
"SAMD4B","chr3_172755374_172756982",827.236405613876,"+"
"RBMS2","chr7_2257023_2257364",827.226863269241,"+"
"NOL8","chr16_4848210_4857989",826.547122177499,"-"
"PPP1R10","chr12_111840003_111840332",826.527057445677,"+"
"HNRNPA2B1","chr12_69365884_69370705",825.236866310407,"+"
"SF3A1","chr3_158602939_158605096",824.563344869863,"+"
"YBX1","chr19_49491547_49491730",823.005687399622,"-"
"ZC3H6","chr14_22565137_22588946",822.967087566567,"-"
"CCAR1","chr15_41349241_41350990",822.126428886775,"-"
"PUF60","chr19_45413745_45414860",821.943438397482,"+"
"RPS3","chr12_53297924_53298044",821.454864538542,"+"
"POLR2G","chr16_67228657_67228796",821.133386396149,"-"
"RDM1","chr16_2243224_2243368",820.704441638513,"-"
"SRRM2","chr17_7012761_7013665",820.448949165789,"+"
"LSM5","chr4_139295146_139295731",819.969446374774,"+"
"ELAVL1","chr10_86968605_86970475",819.757475104847,"+"
"RBM47","chr7_22813185_22822676",819.455602705805,"-"
"PARP14","chr8_61644632_61651049",819.194120908271,"+"
"PABPC1","chr4_153358622_153408970",818.625619705815,"-"
"G3BP2","chr3_150581746_150583199",818.291832208256,"+"
"SF3B4","chr17_7017014_7017256",817.858737086922,"-"
"ESRP2","chr10_119500259_119515382",817.625976563873,"-"
"SFPQ","chr17_76735158_76736153",817.4697328418,"+"
"RPS3","chr17_51168343_51169936",815.550661325497,"+"
"SNRPD1","chr1_224365991_224370897",815.320841026451,"-"
"HNRNPA1","chr11_119017545_119017924",814.4909037211,"-"
"RPS3","chr16_18784823_18788062",814.042781649161,"+"
"SNRPE","chr5_139600435_139623367",813.667542976878,"-"
"NAA38","chr7_27817038_27827737",813.636724763086,"+"
"RPS3","chr5_181239582_181241491",813.529313396233,"+"
"LSM1","chr19_38290280_38290517",813.325929992002,"-"
"YBX1","chr19_1438428_1438806",812.319881909143,"+"
"CSTF2","chr5_139600435_139623367",811.852442857175,"-"
"LSM3","chr3_48440458_48440540",811.089592529,"+"
"KHDRBS1","chr1_110950123_110963620",810.185803783816,"+"
"RBM18","chr3_112993124_112996891",809.950909078156,"+"
"RBM26","chr11_406059_406141",809.938416972974,"-"
"RPS3","chr8_98045399_98045507",809.743857556903,"+"
"PPIE","chr5_132866687_132866868",809.63153078842,"+"
"SAFB","chr2_231710584_231711347",809.559051082078,"-"
"RBM3","chr8_143580727_143581053",808.836408519177,"+"
"PABPC1","chr1_67424959_67425082",808.681338824902,"+"
"TRA2B","chr2_73927052_73958145",808.364380776747,"-"
"TMEM63A","chr11_47172751_47173425",808.306888376794,"+"
"TMEM63A","chr1_173864075_173864483",808.262211553951,"-"
"THUMPD2","chr14_94114880_94115789",807.890742404263,"-"
"PPIL4","chr18_9475691_9512990",807.709093486588,"-"
"NOL8","chr4_154536744_154537285",807.459077548057,"+"
"RPS3","chr1_6197756_6199561",807.237588301716,"+"
"SAMD4B","chr2_38746747_38748055",807.060392666144,"-"
"RBM3","chr11_62833131_62833791",807.031777223424,"-"
"ZRSR2","chr7_66994282_66995289",807.020232419158,"-"
"MBNL2","chr2_73957240_73958145",806.893094291541,"+"
"RBM18","chr2_227352573_227355676",806.81798646898,"-"
"HNRNPH2","chr11_57742227_57742862",806.598985933341,"-"
"LSM5","chr14_54415930_54417847",806.213405551844,"+"
"LSM5","chr3_187121328_187127998",805.683684319699,"+"
"KIN","chr14_54415930_54417850",805.453733000325,"-"
"PNO1","chr8_61646878_61651049",804.996215178183,"-"
"SART3","chr16_69715077_69718122",804.948175892528,"+"
"ZFR","chr1_2189781_2192844",804.855669385224,"+"
"RBPMS","chr19_35546808_35547118",804.28714611076,"-"
"RBM33","chr16_2772102_2776992",804.186644470268,"-"
"HNRNPC","chr19_3452666_3456549",803.819336932519,"+"
"SAFB2","chr16_4796048_4796189",803.171932834324,"+"
"RBMS1","chr10_100983817_100986748",802.583200792166,"+"
"PNO1","chr20_37238449_37241302",802.534595414431,"-"
"TNRC6A","chr11_66285758_66287597",802.435401652782,"+"
"POLR2G","chr22_37878171_37888425",802.09245462285,"-"
"CSTF2T","chr13_110642521_110644384",802.033528131682,"+"
"GTF3A","chr22_23971623_23973767",801.36933307709,"+"
"ASCC1","chr1_203861955_203863662",800.875144506008,"-"
"POLR2G","chr1_26934419_26941456",800.78466796962,"-"
"SAMD4A","chr17_75320550_75321658",800.426164649353,"-"
"RPS3","chr19_1438892_1440018",800.317954530032,"+"
"SART3","chr3_98825366_98849460",800.018226532467,"+"
"HNRNPC","chr19_3452666_3456549",799.893545516074,"+"
"HNRNPF","chr14_34605717_34609637",799.634066474515,"-"
"RPS3","chr20_49280964_49281751",799.202769243016,"-"
"HNRNPH3","chr5_53646405_53683117",798.868664325221,"-"
"ZNF638","chr12_101726497_101728900",798.855112533762,"-"
"HNRNPH3","chr15_60390317_60397942",798.728234959831,"-"
"LARP1B","chr3_156549003_156553654",797.488404115386,"+"
"SRRT","chr6_36598983_36601151",797.414999346708,"+"
"LSM5","chr7_7639144_7640319",797.394622778671,"+"
"RPS3","chr17_8377692_8379795",796.547390399846,"+"
"RBM6","chr11_88326443_88334936",796.182372857416,"+"
"RBMX2","chr19_35509961_35510183",796.095055329409,"-"
"FXR1","chr5_139600435_139623367",795.979718487238,"-"
"HNRNPH2","chr16_30888945_30892575",795.943239371692,"-"
"KIN","chr17_75168401_75181056",795.859310591374,"-"
"ESRP1","chr12_6849198_6849322",795.632818700138,"+"
"KIN","chr1_212433120_212444338",795.46413909362,"-"
"RBMX","chr10_38034400_38054374",795.235501171582,"+"
"RC3H1","chr3_149371867_149375679",793.484737968117,"-"
"PARN","chr4_75648741_75653982",793.465630239682,"-"
"RBM18","chr1_212442625_212444338",793.348281601555,"+"
"SNRPB2","chr20_49124587_49135832",793.289583151765,"+"
"POLDIP3","chr12_55716717_55716932",792.938830101925,"-"
"RBM15B","chr9_34613893_34614041",792.879232032155,"-"
"BICC1","chr16_4461959_4463659",792.557334940778,"+"
"PNO1","chr7_140697391_140702865",791.819542961009,"-"
"MTHFSD","chr22_23971623_23973104",791.105417285786,"-"
"EIF3B","chr13_72781003_72781604",790.342964802107,"+"
"SART3","chr13_52456607_52460898",789.901377582591,"+"
"RPS3","chr12_53297924_53298044",789.768924202982,"+"
"ZC3H15","chr8_100705673_100709132",789.713401589384,"-"
"LSM4","chr16_721941_722308",789.569492527061,"-"
"LSM5","chr14_22565137_22567087",789.551311980053,"-"
"YBX1","chr12_52951856_52952121",789.407844850223,"-"
"SSB","chr17_75574668_75574873",789.248775565976,"-"
"TRMT2A","chr1_150577491_150578243",788.941523739038,"+"
"MKRN1","chr3_197149796_197194424",788.762738852519,"+"
"PSPC1","chr4_145111064_145112238",788.396883387066,"+"
"CPSF7","chr5_73504028_73504346",788.261029892728,"-"
"HDLBP","chr13_75804541_75817160",788.019955346892,"+"
"PNO1","chr7_148829848_148846469",787.691497052597,"-"
"EIF4H","chr4_75648741_75653982",787.435986375089,"-"
"ZC3H13","chr4_48897857_48904483",787.423845937495,"+"
"FXR1","chr20_35632234_35632310",787.384949155638,"+"
"RBMS2","chr1_155729122_155729207",786.745440766339,"+"
"SNRNP70","chr3_184366800_184368112",786.564485896026,"-"
"ENOX2","chr11_18081503_18086865",785.701970061489,"-"
"SART3","chr4_55609179_55630401",785.06651113215,"-"
"RPS3","chr9_136724939_136725054",785.045046489157,"+"
"ALKBH8","chr3_184304391_184305848",784.990056694075,"-"
"PPIE","chr11_134248484_134248808",784.612724889396,"-"
"SNRPA","chr5_160422893_160424236",784.431547307138,"+"
"PNPT1","chr2_73946906_73958145",784.422509114929,"-"
"EWSR1","chr19_29942664_29985222",784.414201208378,"-"
"PABPC4","chr3_122359919_122362967",784.075593813805,"+"
"EIF2S1","chr16_4461959_4463659",783.968505345625,"+"
"RPS3","chr19_1438892_1440018",783.747839551592,"+"
"G3BP1","chr8_61619019_61633682",783.619809854451,"+"
"EIF3G","chr8_38407463_38408211",783.608034184469,"+"
"ANKHD1","chr14_23081836_23090521",783.463202934072,"-"
"HNRNPAB","chr19_10180234_10180349",783.386537057683,"-"
"YTHDF1","chr19_1244185_1244318",783.372589393591,"-"
"LSM7","chr17_75320550_75321658",783.325596198309,"-"
"PCBP2","chr5_132866687_132866868",782.94891740594,"+"
"KHDRBS1","chr19_16076172_16081912",782.920560192206,"-"
"CPSF4","chr2_74135658_74145188",782.724767047021,"-"
"EIF2S1","chr14_22833482_22834171",782.069818035392,"+"
"HNRNPC","chr9_33796802_33798485",781.829686361596,"-"
"QKI","chr17_81893614_81894466",781.737103214377,"+"
"RPS3","chr11_17075197_17075453",781.068937775789,"+"
"SF1","chr21_32602367_32603160",780.83051898814,"+"
"HNRNPA2B1","chr3_172755374_172756982",780.818470603425,"-"
"MATR3","chr2_231463316_231464335",780.275374917307,"+"
"LSM3","chr7_22813185_22822676",779.937741368552,"-"
"RBM43","chr13_75530266_75537381",779.864481190933,"-"
"CIRBP","chr20_35739017_35740524",779.804762630105,"+"
"RBM3","chr3_111932397_111939474",779.510236912564,"+"
"RPS3","chr16_1962270_1963148",779.315615028994,"-"
"LEMD3","chr2_206160710_206160886",779.279136209075,"-"
"PUF60","chr8_99887618_99893638",779.116718405317,"-"
"RBPMS","chr4_83456958_83458345",779.071620562267,"+"
"LSM3","chr1_53228954_53233541",778.986197790485,"+"
"ACO1","chr8_119221757_119240164",778.97101022141,"+"
"SNRPB","chr20_35740989_35741940",778.229584636,"-"
"LSM3","chr16_81017834_81020099",777.914877229038,"+"
"SNRNP35","chr6_10749698_10755141",777.911965641816,"-"
"RPS3","chr5_150444353_150445608",777.774164424344,"+"
"HNRNPD","chr21_25729801_25734852",777.314519253805,"+"
"HNRNPAB","chr6_159797549_159798051",777.010976213609,"-"
"GTF3A","chr3_111932397_111939474",776.668872429723,"+"
"ELAVL1","chr19_582582_582749",776.478599074238,"+"
"SETD1B","chr11_47565986_47571470",776.195383182654,"-"
"PRPF3","chr15_40838686_40844178",776.130148850696,"+"
"HNRNPA2B1","chr5_160422893_160424236",776.093080589061,"+"
"PTBP1","chr11_8684081_8684696",775.89312435265,"-"
"UNK","chr11_66436112_66436801",775.525512914261,"-"
"RBM3","chr5_171400210_171405301",775.005777541063,"-"
"KRR1","chr12_66138165_66138723",774.756397693506,"-"
"SAFB","chr8_61644632_61651049",774.640754175457,"-"
"LSM4","chr14_54415930_54417847",773.95893377609,"+"
"CPEB4","chr1_35605308_35609245",773.693932547749,"-"
"RC3H1","chr4_55609179_55630401",773.226597289197,"-"
"LSM6","chr19_35505986_35507457",772.850971229735,"-"
"ELAVL1","chr20_50096820_50113106",772.736286116965,"+"
"APTX","chr5_176384283_176385220",772.335248386703,"+"
"RBM10","chr13_75526639_75530310",772.291248089438,"-"
"SNRPD1","chr18_21612443_21623747",771.94729386391,"-"
"PSPC1","chr17_59131367_59155130",771.913621738985,"+"
"QKI","chr17_42810928_42811654",771.867559563253,"+"
"HNRNPL","chr17_75320550_75321658",770.839342162085,"-"
"RBMS2","chr13_75809183_75817160",770.71179185581,"-"
"CIRBP","chr1_28579587_28579911",770.54504557571,"+"
"TMEM63A","chr5_139600435_139623367",770.530737639814,"-"
"SLBP","chr9_35074216_35074370",770.162311567577,"+"
"RBM4","chr6_10749698_10755141",769.597548108943,"-"
"SF3B4","chr2_3575888_3576558",769.312123497181,"-"
"ELAVL1","chr11_64318386_64320864",769.250254950889,"-"
"ZC3HAV1","chr18_13671973_13681604",769.078521628126,"+"
"MSI2","chr2_200329480_200389222",768.824647410627,"-"
"NIP7","chr5_163467748_163469640",768.405798691917,"+"
"RBM19","chr3_52075985_52096568",768.282132907829,"+"
"SNRPC","chr19_35497538_35497646",768.250476731697,"+"
"DAZAP1","chr17_81894624_81899919",768.241815097372,"-"
"UPF3B","chr4_2042068_2042326",768.106842630829,"+"
"YBX1","chr11_68688100_68688848",768.034476797824,"+"
"LSM11","chr20_36609758_36612009",767.951953086675,"-"
"ELAVL1","chr1_150230693_150231776",767.902698851091,"+"
"MKRN1","chr19_45416897_45419097",767.832699930411,"+"
"POLR2G","chr16_81082963_81084462",767.757015874338,"+"
"RBM19","chr20_408779_409880",767.210146053835,"+"
"RPS3","chr17_39202439_39202988",767.17311785671,"+"
"RBM23","chr1_1787053_1787321",766.67952128568,"+"
"SRBD1","chr17_58720812_58732483",766.611213050591,"-"
"RBMX2","chr6_31835451_31837235",766.590418939761,"+"
"PARP14","chr17_50737026_50740305",766.57593227387,"+"
"LSM5","chr20_31742647_31757406",766.169829455994,"+"
"IGF2BP3","chr2_237727935_237748363",765.990598467139,"-"
"DAZAP1","chr8_56301573_56305596",765.95237734064,"+"
"SYNCRIP","chr11_66284966_66285700",765.817570781384,"+"
"L3MBTL3","chr19_10682704_10683124",765.628646727405,"+"
"RALY","chr11_10807381_10808704",765.065850432435,"+"
"RBM7","chr12_96003064_96003837",765.048083275778,"+"
"HNRNPH3","chr16_80976179_80981805",764.999172897375,"+"
"RPS3","chr19_43508060_43511436",764.957655789199,"-"
"PTBP1","chr17_7017014_7017260",764.795409152939,"+"
"LSM10","chr17_5422829_5432541",764.70684545163,"-"
"SNRPA","chr19_48617415_48617790",764.623558684322,"-"
"RBM28","chr15_80979477_80981949",764.419933446571,"+"
"PNO1","chr19_41956934_41958285",764.377301315464,"-"
"RPS3","chr8_98042775_98044942",763.807928240796,"+"
"KHDRBS1","chr10_71822007_71825836",763.797850492474,"+"
"BICC1","chr11_66284966_66285700",763.764254564311,"+"
"QKI","chr20_35279206_35279941",763.539401103033,"-"
"PNO1","chr2_46591925_46592474",763.518931701192,"-"
"ZNF74","chr11_114443933_114444585",763.263152837699,"-"
"ZNF638","chr6_143335119_143339638",763.146497490103,"-"
"LSM4","chr15_64366075_64376742",762.865958871748,"+"
"YBX1","chr1_36456378_36457922",762.64978614667,"+"
"RBM14","chr7_100435533_100435847",762.475838625735,"-"
"RPS3","chr12_53295941_53297849",762.436650590355,"-"
"HNRNPC","chr1_64867208_64869310",762.432380581744,"+"
"BICC1","chr9_129634221_129635207",762.217182524117,"-"
"ZFP36L2","chr6_26158559_26170974",762.189355633141,"+"
"ZNF638","chr8_79919148_80002998",761.893466472773,"+"
"NAA38","chr8_692612_715860",761.833355954583,"+"
"RBM15B","chr1_161157693_161158411",761.800137706632,"-"
"RBM33","chr7_99968430_99971745",761.684270268701,"+"
"SRRM1","chr1_24646789_24648858",761.474568105494,"+"
"ZCRB1","chr11_102520804_102527523",761.465056594075,"-"
"LSM4","chr4_56452052_56453602",760.955854616518,"+"
"ZC3HAV1","chr19_35505986_35506125",760.578596940165,"-"
"G3BP1","chr17_7017014_7017256",760.487240045838,"+"
"SSB","chr2_9406905_9408112",760.3352429659,"+"
"YBX1","chr2_27443280_27443397",760.065906156464,"+"
"RPS3","chr18_49488566_49489358",759.711932625218,"+"
"SNRPD1","chr20_45815745_45815853",759.655121220005,"+"
"RBM15B","chr2_227340380_227355676",759.41634438582,"-"
"RALY","chr2_169819643_169824488",759.415625767983,"-"
"EIF4H","chr3_179616049_179616982",759.264615000206,"+"
"PABPC4","chr18_9475691_9512990",759.098557227781,"+"
"CARHSP1","chr7_73736691_73736928",758.821120548687,"+"
"RPS3","chr4_39458598_39458890",757.812136050246,"-"
"DKC1","chr20_2656034_2656400",757.647098848778,"+"
"RBMS1","chr3_98822361_98849461",757.336224564175,"-"
"HNRNPA3","chr20_49124587_49135832",756.966498409977,"+"
"RBM39","chr1_232970118_232978162",756.89551332818,"+"
"UPF1","chr1_53228954_53233541",756.291145363212,"-"
"KHDRBS1","chr1_203861713_203862189",756.262294221118,"-"
"LSM10","chr19_5678648_5679585",755.822007314147,"-"
"RBM25","chr11_62677634_62677780",755.796662486964,"-"
"LARP1","chr7_91980333_91992157",755.482290338901,"+"
"HDLBP","chr1_15426018_15427149",755.441721111583,"-"
"TRA2A","chr2_135748369_135753538",755.286908372327,"+"
"SNRPB2","chr1_212609271_212615017",754.973037888196,"-"
"SAFB2","chr4_82424883_82425562",754.897340910596,"+"
"BICC1","chr8_61681036_61682438",754.886473178726,"-"
"MBNL1","chr2_74135658_74145188",754.612870801579,"+"
"BICC1","chr15_80979477_80981949",754.43107790853,"+"
"SF3B4","chr1_159961405_159976643",754.160683588631,"+"
"RBM25","chr6_109370467_109376073",754.089966518319,"+"
"RBM15B","chr5_32591685_32597183",754.018474060939,"-"
"POLR2G","chr14_24217223_24218058",753.591619676748,"-"
"U2AF2","chr1_19597109_19622099",753.286462172811,"+"
"ACO1","chr11_88328196_88334936",753.241793294524,"+"
"UPF1","chr1_32894933_32895304",753.044634519816,"-"
"PPP1R10","chr16_88859972_88860910",752.694205307595,"+"
"ZC3H18","chr1_53228954_53235576",752.635321094024,"+"
"SNRPF","chr20_62387674_62388308",752.399594122781,"-"
"PAN3","chr6_26158559_26170974",752.370151593278,"+"
"HNRNPL","chr12_53295639_53296453",752.042436042228,"-"
"TRMT2A","chr7_16795019_16799743",751.984781667337,"-"
"PUF60","chr1_173864304_173865228",751.71498240113,"-"
"TOE1","chr20_45814470_45815389",751.550667885477,"-"
"RBM38","chr19_38290280_38290517",751.348915833946,"-"
"RPS3","chr8_98042775_98044942",750.248789671418,"+"
"RBMS2","chr2_131484218_131485944",750.212535001477,"-"
"LSM5","chr5_69175537_69177238",749.938226180735,"+"
"MSI2","chr1_46185308_46185485",749.661700848447,"+"
"TRNAU1AP","chr4_153397333_153408970",749.621840246505,"+"
"SRRM1","chr20_31742647_31757406",748.803152082634,"+"
"MTHFSD","chr3_150575762_150583199",748.519489554052,"-"
"SRRT","chr20_49124605_49135832",747.940988870717,"+"
"TRMT2A","chr5_177305984_177306123",747.654080086075,"-"
"ZC3H12A","chr7_66994282_66995289",747.534899719358,"-"
"ANKRD17","chr19_3452666_3456549",747.509080659272,"-"
"UHMK1","chr2_26034735_26098661",747.438045033051,"+"
"LSM7","chr13_19675653_19677723",747.396702786494,"+"
"PRPF3","chr11_88326443_88328111",747.036258883986,"+"
"TRMT1","chr7_75987285_75987359",746.79616179393,"+"
"MCTS1","chr19_9828064_9828326",746.609188837047,"+"
"RBM17","chr3_167720273_167734805",745.859994922254,"+"
"HNRNPH2","chr17_42950728_42951799",745.603999853246,"+"
"RBM3","chr12_56116799_56117481",745.430191864648,"-"
"RNF113A","chr1_155172489_155172564",745.401417789277,"-"
"TIPARP","chr7_44834562_44840898",745.042099405961,"+"
"GRSF1","chr4_75648741_75653982",744.753027336051,"-"
"RPS3","chr13_27253843_27255241",744.525886092968,"-"
"LSM4","chr7_150803832_150804826",744.358277807179,"-"
"ZCRB1","chr17_6641227_6641752",743.922832562325,"-"
"RPS3","chr11_65121821_65122089",743.889610432746,"+"
"LSM4","chr14_34608140_34609637",743.807113773179,"+"
"PNO1","chr6_116574171_116580294",743.625868720765,"-"
"RBM3","chr14_22830254_22833417",743.383238462435,"-"
"YTHDF3","chr19_992121_994019",743.351892422775,"+"
"UHMK1","chr16_4848210_4857989",742.832689388289,"-"
"CIRBP","chr14_22831037_22833417",742.814834119197,"-"
"U2AF2","chr18_79973856_79988239",742.677379752341,"-"
"RPS3","chr1_173864079_173864256",742.476329671992,"-"
"RBM8A","chr5_160422893_160424236",742.121308666009,"+"
"CSTF2","chr7_44834562_44835642",741.912960242006,"-"
"SNRPA","chr1_109758663_109759061",741.683176519197,"+"
"SNRPB","chr20_37236709_37238401",741.620958630406,"-"
"HNRNPL","chr11_57742227_57742862",741.318562330305,"-"
"SRBD1","chr10_70882485_70885151",741.047677155786,"-"
"RNF113A","chr9_136850137_136850502",740.746568593424,"-"
"CCAR1","chr5_149517877_149520289",740.71680152156,"-"
"TMEM63A","chr12_76047718_76048420",740.624931601224,"+"
"SYNJ2","chr4_55605349_55607436",740.602748658023,"-"
"RBPMS","chr3_146522053_146525604",740.367192894048,"+"
"PARP10","chr5_139600435_139623367",740.086519314094,"-"
"LSM4","chr9_129634221_129635207",739.956564302662,"+"
"SYNCRIP","chr3_108055566_108057476",739.872248278622,"-"
"NCL","chr7_99458355_99460085",739.791356823456,"-"
"GRSF1","chr15_74929232_74937914",739.441125050305,"+"
"SART3","chr3_119669665_119675144",739.298527542412,"+"
"PTBP1","chr6_26124749_26127697",739.172300335155,"+"
"GRSF1","chr5_146177665_146182487",739.088254228802,"+"
"NONO","chr17_49405116_49406758",739.034045218517,"-"
"CIRBP","chr3_149371867_149375679",738.328876770667,"+"
"PPIL4","chr20_50096820_50113106",738.244461357226,"-"
"LSM5","chr3_160404504_160411919",738.236016506573,"+"
"PTBP1","chr13_49661208_49663056",737.901244236738,"+"
"TMEM63A","chr4_55616385_55630401",737.412136270863,"+"
"APTX","chr2_237720822_237748363",737.399777342047,"+"
"SF3A1","chr20_31739621_31742540",737.380415312075,"+"
"ZFP36","chr2_175179135_175180097",737.337158518746,"-"
"TAF15","chr17_75574495_75574609",737.144416406088,"+"
"EIF2S1","chr16_4461959_4463659",736.667597214944,"+"
"LENG9","chr9_128152274_128153099",736.620577041421,"-"
"YTHDC2","chr19_1599560_1602330",736.50221088656,"-"
"LSM11","chr17_75320550_75321658",736.460954594592,"-"
"SRRT","chr11_62789426_62789600",736.22530862215,"+"
"RPS3","chr5_73503117_73504346",736.142649351175,"+"
"ZCCHC17","chr22_39313729_39314106",736.141074550989,"+"
"RBM18","chr11_57742227_57742862",736.054236384061,"-"
"RNPC3","chr15_63048707_63056984",735.958369855942,"+"
"RBM3","chr16_57173869_57185820",735.812045138327,"+"
"LSM3","chr9_104096297_104098445",735.725414382258,"+"
"RBMS2","chr19_41956890_41957017",734.874168446216,"-"
"KRR1","chr3_143012353_143014310",734.838187719944,"+"
"MATR3","chr10_12172866_12177792",734.716409082779,"-"
"YBX1","chr17_68251178_68256813",734.179646083351,"-"
"SYNJ2","chr7_26190460_26192494",734.155919209493,"-"
"KIN","chr13_31141259_31145562",733.827025086566,"-"
"SRRM1","chr1_24646789_24648858",733.736867605994,"+"
"RBM26","chr11_114440739_114443855",733.383970602393,"+"
"RPS3","chr8_144791307_144791370",733.034098150236,"+"
"SRRT","chr2_74142360_74145188",732.998437746999,"+"
"PPIE","chr13_36952599_36965574",732.928401258049,"+"
"PSPC1","chr1_23692759_23694659",732.849299717426,"-"
"SNRNP35","chr8_98025738_98044942",732.646922876613,"-"
"RBM8A","chr1_205719673_205720500",732.534829286322,"-"
"EIF2S1","chr19_35497681_35498715",732.458979939658,"+"
"PABPC1","chr11_32593949_32600688",731.705568573543,"-"
"RPS3","chr11_75401733_75404019",731.586357281995,"-"
"LSM5","chr14_54415930_54417847",731.21595290164,"+"
"KRR1","chr19_4324529_4325215",730.923906267905,"+"
"THUMPD3","chr10_12035441_12042754",730.836471642807,"+"
"RPS3","chr1_44776140_44776674",730.816493405251,"+"
"LARP1","chr10_32935558_32935894",730.584920474018,"-"
"RPS3","chr5_171400925_171405301",730.584174313046,"+"
"RPS3","chr3_40461661_40461938",730.537069558223,"+"
"ASCC1","chr19_40775833_40776968",730.520876562097,"-"
"LSM5","chr5_151751779_151758545",730.495509160011,"+"
"FMR1","chr4_108657647_108667246",730.187519733032,"+"
"PPIE","chr11_73718890_73720845",729.853200497791,"+"
"MTHFSD","chr3_197951311_197954002",729.755198574868,"-"
"NONO","chr3_111920419_111939474",729.15919287437,"-"
"MCTS1","chr7_150804485_150804826",728.895095084717,"-"
"TNRC6A","chr5_132488025_132489391",728.691085229829,"+"
"HDLBP","chr3_40457474_40457889",728.565531706345,"+"
"ZFP36L1","chr19_44794281_44800380",728.236062659143,"+"
"YBX1","chr6_143165183_143284109",728.190670455253,"+"
"RBMS2","chr3_158704927_158713796",727.686669223176,"-"
"SNRPF","chr6_75237988_75241175",727.628296402884,"-"
"LSM7","chr1_151982726_151986098",727.382682109504,"-"
"TAF15","chr7_6003792_6003971",727.314845949991,"+"
"ZFP36L2","chr1_53923947_53930038",727.199264004077,"-"
"ZCRB1","chr8_85217502_85219235",727.191926041465,"-"
"RPS3","chr16_18784823_18788062",726.96424465076,"+"
"ALKBH8","chr7_129839335_129879567",726.836588496663,"-"
"SYNJ2","chr10_12170770_12172764",726.489263140557,"-"
"RBM12","chr19_18571887_18573292",726.037623897252,"-"
"PARP12","chr15_82813276_82816691",725.980318353646,"+"
"RPS3","chr19_18573403_18573661",725.907891058728,"+"
"ZFP36L2","chr16_1770766_1770880",725.744343325605,"+"
"RPS3","chr20_50731840_50737856",725.730580776656,"-"
"RPS3","chr22_41667009_41680243",725.570387924927,"-"
"RBM22","chr5_177304850_177305914",725.434142093097,"-"
"EIF3B","chr11_67490457_67490787",725.282166455136,"+"
"UHMK1","chr5_96740118_96741265",725.168466748501,"+"
"NOL8","chr16_67203583_67203664",725.086145597439,"+"
"TRNAU1AP","chr10_68338642_68339139",724.999202670823,"+"
"RBM39","chr19_42297365_42299969",724.805893868666,"-"
"THUMPD2","chr7_76303076_76303983",724.555599907296,"-"
"RBMS1","chr2_218228850_218245419",724.438163135345,"-"
"PTBP1","chr19_45413745_45414860",724.111690341654,"+"
"RPS3","chr5_40834265_40834470",723.872774089446,"+"
"LARP4B","chr9_93111938_93112217",723.714107797834,"-"
"TRNAU1AP","chr8_85219363_85220305",723.656031412512,"+"
"RBMS1","chr11_64318386_64320660",723.347961406435,"-"
"BICC1","chr10_29617576_29657968",723.264869650466,"-"
"ZC3H12A","chr6_30345398_30345466",723.187658628716,"-"
"POLR2G","chr20_408779_410411",722.983105160556,"-"
"HNRNPA0","chr14_104753319_104756603",722.885169438845,"-"
"RBM42","chr14_94114880_94115780",722.813462272424,"-"
"MEX3D","chr12_109088512_109090008",722.768109324148,"-"
"HNRNPL","chr12_52243137_52248176",722.466556030018,"-"
"RC3H1","chr7_498574_500430",722.110377273001,"+"
"RPS3","chr3_40461661_40461938",722.073104328775,"+"
"A1CF","chr5_74770810_74773867",722.049406661961,"+"
"PUF60","chr8_73959818_73972076",721.749129254998,"-"
"RBM6","chr1_46185308_46185485",721.462342231061,"+"
"SLTM","chr6_27138681_27146015",721.211831965949,"-"
"ALKBH8","chr17_81891863_81894466",721.056735860899,"-"
"LARP1B","chr11_62677832_62677926",720.535888729298,"+"
"CIRBP","chr20_49280964_49281751",720.502113776427,"-"
"RBM33","chr5_96702915_96722638",720.379447913696,"+"
"SNRPD1","chr8_98045399_98045714",720.253602708247,"-"
"PCBP2","chr8_55773719_55782747",720.129966280746,"+"
"LENG9","chr11_76361063_76364337",720.121257296403,"+"
"IREB2","chr16_88859972_88860892",720.060791406813,"-"
"UPF3B","chr19_18250466_18252063",719.520961469894,"-"
"LSM4","chr17_4945997_4948262",719.328107411259,"-"
"MTHFSD","chr6_143335119_143339638",719.306171433027,"-"
"LARP1B","chr17_76735875_76736153",719.25577510683,"-"
"NAA38","chr6_26124633_26127697",719.120088761795,"+"
"RBM10","chr2_237727935_237748363",718.942663890739,"-"
"ZRANB2","chr16_721941_722308",718.114964759404,"+"
"BICC1","chr16_29971578_29972949",717.596782270389,"+"
"MCM3AP","chr4_75648741_75653982",717.557119376547,"-"
"ZCRB1","chr9_111563231_111570090",717.335486769033,"+"
"KHSRP","chr5_139600435_139623367",717.236542614192,"-"
"EIF4B","chr11_5226799_5227200",717.214805273752,"-"
"TAF15","chr7_16801803_16804952",717.134078566894,"+"
"TRA2A","chr15_50707874_50719939",717.118121336987,"+"
"RRP7A","chr5_149520388_149550074",716.652666731239,"-"
"PAN3","chr11_64319868_64320864",716.543761456567,"+"
"FUS","chr6_70395043_70395229",716.427216090554,"-"
"LSM10","chr19_5678648_5679585",715.876544077703,"-"
"TRA2B","chr17_46935169_46938598",715.784634427304,"+"
"ACIN1","chr16_69713129_69718122",715.405384903038,"-"
"PCBP2","chr4_82424883_82426036",715.234334174299,"-"
"TRMT2A","chr7_44115354_44115765",715.168196273013,"-"
"RBMS1","chr5_133993015_134004646",715.164867860422,"+"
"PCBP2","chr17_81239682_81240986",714.857439900998,"-"
"LARP4B","chr2_175179135_175180097",714.589493242969,"-"
"RALY","chr15_34227846_34229752",714.357060126521,"-"
"SNRNP35","chr19_35505986_35506125",714.19142912308,"+"
"RPS3","chr3_101686557_101686671",714.188435380988,"+"
"MEX3D","chr11_93738440_93739236",714.103469328386,"-"
"HNRNPH1","chr19_29942664_29942822",714.030424139432,"-"
"ZCCHC17","chr7_103327378_103327655",713.748481980215,"-"
"CPSF6","chr6_159797518_159798051",713.688133843708,"+"
"CCAR1","chr20_45814470_45815540",713.153641555122,"+"
"RBM25","chr22_46308207_46308318",713.018378927915,"+"
"QKI","chr16_1962265_1962496",712.952793362241,"-"
"PARN","chr12_76053110_76053204",712.798557279656,"+"
"ZRANB2","chr15_74926887_74937914",712.760587717655,"-"
"UNK","chr11_1955781_1956255",712.435559926392,"-"
"NIP7","chr16_722216_722308",712.385597540427,"-"
"HNRNPF","chr17_75320550_75321658",712.262619517928,"-"
"MTHFSD","chr12_53295948_53296243",712.230851869223,"-"
"PCBP2","chr20_49279208_49279937",712.207170869641,"-"
"RRP7A","chr19_38382237_38383252",711.996338813193,"-"
"ZCCHC17","chr2_130181797_130182626",711.933464609417,"-"
"RPS3","chr20_49281818_49289044",711.909228755301,"-"
"TNRC6A","chr8_100948900_100952849",711.866859928536,"-"
"RBMS1","chr1_156055675_156057977",711.832809577117,"-"
"SF3B4","chr14_52001866_52004239",711.620291069098,"-"
"LSM5","chr14_54411706_54415898",711.422196414264,"+"
"RPS3","chr3_12836223_12839348",711.19509583163,"+"
"UPF3B","chr12_103966060_103976917",710.967725440788,"+"
"CSDE1","chr17_40628993_40630713",710.857291842107,"+"
"SNRPD1","chr5_178150993_178153490",710.30680423022,"+"
"SRRM1","chr2_200378371_200389222",710.257406921906,"+"
"DUS3L","chr11_62677563_62677780",709.939737373589,"-"
"G3BP2","chr18_13671973_13681604",709.824300968012,"+"
"ZC3H15","chr8_6870826_6877796",709.764027404013,"+"
"CSTF2T","chr10_78034421_78035351",709.746296987369,"-"
"UHMK1","chr12_50427909_50428934",709.7289202427,"+"
"KIN","chr2_200329480_200372108",709.571009813508,"-"
"PTBP1","chr3_158710505_158710737",709.485941042968,"-"
"RBM18","chr3_69044595_69047357",709.469289398761,"+"
"SNRPB","chr8_61644632_61651049",709.229719211156,"-"
"UPF1","chr16_634797_635280",708.937672212463,"-"
"PUM2","chr20_36609758_36612009",708.719093430712,"-"
"HNRNPA3","chr1_193023946_193028084",708.568630718897,"+"
"LSM5","chr17_7012761_7013665",708.490335579467,"+"
"UPF3B","chr15_60390317_60397942",708.483190188318,"-"
"YTHDC2","chr2_219001_224863",708.26443755155,"+"
"MATR3","chr11_73718890_73720845",708.202505807497,"+"
"ELAVL1","chr7_44835658_44840898",707.937199895767,"+"
"EIF3G","chr19_3453916_3456549",707.931275677486,"-"
"NUFIP1","chr19_35166307_35169565",707.794806125314,"-"
"L3MBTL3","chr16_80976179_80981805",707.793260681636,"+"
"CPSF6","chr11_406059_406141",707.665635840566,"-"
"SRRM1","chr6_149802369_149810615",707.638516489243,"+"
"SSB","chr19_10180234_10180349",707.16384238994,"+"
"UPF1","chr19_44794281_44800380",707.05171665134,"+"
"SF3A1","chr11_62677634_62677780",706.885239371322,"+"
"EIF3B","chr17_75574668_75574873",706.644779326271,"+"
"LSM10","chr17_81893614_81894466",706.519826821849,"+"
"PNO1","chr19_3456635_3462751",706.493339038473,"+"
"TRA2A","chr1_183623471_183630460",706.201247123481,"-"
"SYNJ2","chr17_36578186_36579244",706.189919399373,"+"
"RPS3","chr6_33275883_33275964",706.074364671836,"+"
"SNRPN","chr10_29617576_29657968",705.792390394614,"-"
"RC3H2","chr3_167720273_167734805",705.513947638645,"+"
"HNRNPA1","chr13_75530266_75537498",705.420056573617,"-"
"SNRPA","chr1_156737534_156737645",705.396419926151,"+"
"NIP7","chr2_200306922_200329430",705.392593491259,"+"
"HNRNPA0","chr11_64224210_64224284",705.382593797755,"+"
"SNRNP70","chr11_532755_533452",705.346799908076,"+"
"TRNAU1AP","chr20_45814470_45815540",705.173239630384,"+"
"FMR1","chr19_40448046_40458154",704.311005531858,"-"
"LSM3","chr12_6492972_6493716",704.273841093034,"-"
"HNRNPF","chr4_48897224_48897803",704.25550481016,"-"
"TTC14","chr22_23971623_23973553",704.056777666452,"-"
"RPS3","chr2_216499398_216499948",703.867233016798,"+"
"DAZAP1","chr12_120695152_120696315",703.663675472968,"+"
"RBMS2","chr3_94003908_94035330",703.598179194018,"+"
"KRR1","chr17_51168250_51171486",703.572689882734,"-"
"TAF15","chr8_61644632_61651049",703.4716894359,"-"
"TARDBP","chr1_173864704_173865509",703.453535518637,"-"
"RPS3","chr12_117039210_117049018",703.320453615649,"-"
"RPS3","chr11_75404207_75404671",703.100765913121,"+"
"HNRNPA2B1","chr7_26191128_26192494",702.858448469424,"-"
"SNRPB","chr9_108942828_108942960",702.421500773877,"-"
"YBX1","chr11_64245287_64246415",702.250794497749,"+"
"TARDBP","chr19_29971227_29985222",702.151965544012,"+"
"ESRP1","chr19_41860445_41860774",702.033754914588,"-"
"PARP14","chr19_9827984_9828326",701.852182929794,"-"
"MEX3D","chr17_68125480_68125584",701.835817157328,"+"
"CPSF7","chr8_56214667_56216432",701.824919426567,"+"
"CPSF4","chr12_102013192_102017719",701.823484224771,"-"
"SF3A1","chr2_218239484_218249363",701.601959101289,"-"
"HNRNPL","chr16_81017385_81017757",701.533050858379,"+"
"RBM19","chr12_55716717_55716932",701.325323908871,"-"
"PPIE","chr2_118107189_118108280",701.199731878057,"+"
"PTBP1","chr4_38680682_38688584",701.09400255288,"+"
"RBMX2","chr9_111564262_111570090",700.846849681396,"-"
"MEX3A","chr5_135335141_135345967",700.721594420154,"-"
"SF3A1","chr15_49137437_49139527",700.393353057141,"-"
"RBM4","chr7_44834562_44835642",700.365718159606,"-"
"LSM3","chr12_120197462_120198553",700.357944213381,"-"
"PABPC4","chr5_53646405_53683117",700.353695968504,"+"
"RPS3","chr1_203862222_203865040",700.33864395392,"-"
"RALY","chr3_197950299_197950935",700.255822274572,"-"
"RPS3","chr19_1106266_1106399",700.212504869501,"+"
"NUFIP1","chr8_56211837_56214597",700.112184058176,"-"
"UNK","chr19_1599560_1602330",700.090941026948,"-"
"LSM4","chr14_54417951_54419991",699.728567075156,"+"
"ASCC1","chr19_49660828_49661947",699.584509169761,"+"
"RPS3","chr16_3022815_3023232",699.544900307364,"-"
"APTX","chr5_49656822_49659079",699.503300348696,"-"
"EIF3B","chr2_3575888_3576558",699.033025024218,"-"
"SNRPF","chr12_55726261_55726889",699.01189353934,"-"
"SETD1B","chr9_97689639_97693648",698.989310555741,"+"
"PABPC1","chr7_26197732_26197830",698.921060159746,"+"
"RBMS2","chr3_111920419_111932268",698.803824964801,"-"
"RBM22","chr5_139600435_139623367",698.510473845265,"-"
"LARP1B","chr1_161158211_161158411",698.453962090429,"+"
"LARP4B","chr11_406059_406141",698.101507199882,"-"
"CPSF6","chr19_1602426_1605359",697.979530258139,"-"
"ELAVL1","chr2_68047319_68062957",697.920895309299,"+"
"RBM47","chr3_108047292_108057476",697.869481635315,"+"
"ZCCHC17","chr18_2954599_2960599",697.831130661129,"-"
"HNRNPR","chr12_82357269_82358222",697.466809504711,"+"
"SNRPC","chr8_96231515_96231773",697.120326334646,"-"
"LARP6","chr6_166929791_166938894",696.965486247861,"-"
"YTHDF2","chr8_144098994_144099276",696.642009536333,"-"
"SFPQ","chr1_28580646_28581110",696.035580739248,"+"
"EIF2S1","chr20_16044639_16049829",695.671527670965,"+"
"FUS","chr9_35660647_35660770",695.565301501826,"-"
"HDLBP","chr19_1244185_1244318",695.512700069378,"-"
"SYNJ2","chr7_75987428_75987537",695.498447433255,"+"
"RC3H1","chr12_76450988_76487509",695.396955536441,"+"
"DHX8","chr7_26197732_26200571",695.380536868765,"-"
"EIF3G","chr1_205719676_205720500",695.286803291181,"+"
"SNRPG","chr11_88326443_88334936",695.15529062971,"-"
"PABPC1","chr16_83256_85400",694.798003896625,"+"
"RBM39","chr4_82355401_82356795",694.784864564019,"+"
"RPS3","chr8_56301573_56303937",694.688571861068,"-"
"HNRNPA2B1","chr16_722083_722308",694.346570280437,"+"
"SNRPD2","chr10_70882485_70885151",693.932674744141,"-"
"SNRPG","chr4_48892889_48899828",693.926836226356,"-"
"PUF60","chr21_33904021_33906448",693.922759063348,"-"
"AKAP1","chr3_195392147_195442794",693.868744381942,"+"
"MKRN1","chr6_31836517_31837235",693.81290126019,"-"
"RC3H1","chr12_76450988_76487509",693.753481747815,"+"
"RPS3","chr6_33276066_33276175",693.505547563965,"+"
"RBM18","chr19_35508240_35509910",693.436947179441,"-"
"RBPMS","chr19_44172952_44174983",693.156826953011,"+"
"SNRPG","chr7_100153517_100153849",692.985244142683,"-"
"ZC3H7A","chr15_41349241_41351032",692.976383567026,"-"
"RBM6","chr20_35740989_35741940",692.950472105515,"-"
"UPF1","chr5_177305984_177306123",692.936851616008,"-"
"ZC3H12A","chr17_60083766_60085054",692.727242426507,"-"
"SRRT","chr6_36598983_36601151",692.660720890266,"+"
"ZNF74","chr2_231710584_231711347",692.650908546422,"-"
"UPF3B","chr1_42457350_42459602",692.62198440905,"+"
"SAFB","chr5_151746449_151758545",692.493638694078,"-"
"SNRPA","chr1_228147544_228147620",692.47931335122,"-"
"ANKRD17","chr11_130110661_130117796",692.458147141419,"-"
"ZC3H7B","chr3_180970358_180975312",692.36929935732,"+"
"LARP4","chr20_35739017_35740823",692.026936659763,"-"
"HNRNPH3","chr7_100153517_100153849",691.79392395355,"-"
"RBM42","chr19_44800274_44800380",691.782027171973,"-"
"YBX1","chr5_171400925_171405301",691.750674807965,"+"
"HNRNPA1","chr5_160422893_160424236",691.342614924161,"+"
"LSM5","chr20_45815540_45815853",691.268430813258,"-"
"RBPMS","chr8_61643433_61644599",691.203064989024,"-"
"SNRPB2","chr1_193023946_193028084",691.119778663732,"+"
"RPS3","chr19_1272051_1274306",690.845479080031,"+"
"SNRPC","chr4_48894053_48904483",690.831241499429,"-"
"LARP7","chr14_55661612_55667240",690.717851518458,"+"
"SNRPG","chr21_42347632_42349880",690.695135718634,"+"
"SAFB2","chr3_172755374_172756982",690.640588929336,"-"
"ZFP36","chr6_31639226_31639499",690.555290616668,"+"
"SAFB","chr2_27443280_27443397",690.492854227069,"+"
"ZCRB1","chr16_634797_635611",690.422532675964,"+"
"RPS3","chr9_35684807_35685063",690.33055223789,"-"
"RPS3","chr17_51168343_51169936",690.307852874702,"+"
"EIF3G","chr6_33275657_33275796",690.275463097111,"-"
"SNRNP35","chr6_30346557_30346712",690.046742917554,"+"
"RPS3","chr22_37887071_37888425",690.014027766143,"-"
"ELAVL1","chr12_110436683_110437083",689.947703307761,"+"
"RC3H2","chr13_75530266_75537580",689.775652389238,"-"
"ZC3H7A","chr19_16076172_16081912",689.718485780084,"+"
"SAFB2","chr7_26197866_26200571",689.518697659831,"-"
"SF1","chr2_231710584_231711347",689.004500811458,"-"
"ANKRD17","chr3_184365226_184366716",689.000791816696,"+"
"HNRNPM","chr12_56116930_56117188",688.934400822682,"-"
"RBM18","chr5_151746449_151758545",688.61083114216,"-"
"HNRNPD","chr19_10679927_10680345",688.454374166346,"+"
"PABPC1","chr12_6975148_6975695",688.22792563268,"-"
"PSPC1","chr4_78604399_78610055",688.008189971195,"+"
"SNRPC","chr3_108047292_108057476",688.000584578611,"+"
"PNO1","chr19_45413745_45413962",687.798065340437,"-"
"MCTS1","chr11_68050254_68050740",687.690849216618,"-"
"YBX1","chr17_60083766_60085054",687.592211800984,"-"
"LSM5","chr4_56453761_56459371",687.327354906922,"+"
"ZC3H7B","chr5_134744052_134750758",687.30580674406,"+"
"ZC3H13","chr19_3452666_3456549",687.193426001194,"+"
"HNRNPM","chr19_49490576_49491072",687.116181071778,"-"
"PCBP2","chr19_3452666_3462751",686.72601384849,"-"
"KHSRP","chr19_38304490_38304627",686.650396007587,"-"
"HNRNPH1","chr19_29942664_29985222",686.152152366166,"+"
"RBM41","chr6_166929791_166938894",685.97700211052,"-"
"HTATSF1","chr4_48897224_48897803",685.920099657835,"-"
"FUBP1","chr17_81239678_81240986",685.843440754764,"-"
"HNRNPA2B1","chr13_75809183_75817160",685.822887583874,"-"
"LSM5","chr5_65551636_65552492",685.798971868975,"+"
"KHSRP","chr7_100435767_100435847",685.748916345015,"+"
"KHDRBS3","chr20_50731840_50737856",685.63491440929,"-"
"KHDRBS1","chr5_53646405_53683117",685.612578150407,"-"
"RBM25","chr21_46287123_46291333",685.532553497259,"+"
"EIF3B","chr1_114736855_114737962",685.510997585884,"+"
"NONO","chr3_186785101_186785882",685.342609556116,"+"
"EIF3B","chr2_187478803_187484123",685.183128683212,"-"
"SRRM1","chr2_74135658_74145188",685.144777532112,"+"
"DAZAP1","chr8_86474953_86477293",684.370963015705,"+"
"ZFP36L2","chr5_96702915_96722638",684.344190668706,"+"
"LARP1B","chr11_134248959_134249166",684.303109968645,"+"
"LSM3","chr5_171400210_171405301",684.223786152915,"-"
"PCBP2","chr17_7857198_7883234",684.13127544632,"-"
"ZC3H13","chr20_17660528_17682027",684.050400270566,"+"
"SNRPB2","chr20_59035126_59036470",683.955328047141,"+"
"ZFP36","chr19_35907264_35907445",683.502854801878,"+"
"SNRPC","chr9_128149663_128150237",683.359909229791,"+"
"YBX1","chr5_171400210_171400838",683.33679314589,"+"
"TRA2B","chr5_62352653_62353274",683.321470586658,"+"
"YBX1","chr14_55664041_55667240",683.289475663048,"+"
"YBX1","chr12_121347005_121352133",683.266102920572,"-"
"LSM6","chr9_111563231_111570090",683.249569054404,"+"
"RBM22","chr6_33701420_33711548",683.099229691823,"+"
"SART3","chr3_119669665_119675144",682.880778818726,"+"
"THUMPD1","chr3_37096660_37129062",682.429630422514,"+"
"ZCCHC17","chr17_73209768_73212677",682.355445665614,"-"
"CCAR1","chr19_36114412_36114797",682.328899455326,"-"
"MSI2","chr1_159961405_159976643",682.322847014809,"+"
"PARN","chr2_61533903_61534557",682.230732187043,"-"
"GRSF1","chr3_108047292_108050577",682.120903740128,"-"
"KHSRP","chr19_10180234_10180349",681.792899924599,"-"
"LARP4B","chr9_35725727_35732074",681.470237616485,"+"
"SNRPD3","chr17_75320550_75321658",681.38456567496,"-"
"DKC1","chr2_38747130_38748046",681.211979737051,"-"
"LARP4","chr1_156744348_156745007",681.039279475586,"+"
"YTHDF3","chr5_96740783_96741265",681.025027469437,"-"
"RPS3","chr22_37886845_37888425",680.853842271623,"+"
"SYNJ2","chr19_6364639_6366257",680.69484136113,"+"
"UPF3B","chr18_9475176_9512990",680.656108089814,"-"
"UPF3B","chr15_49137458_49139527",680.327906744853,"+"
"LSM4","chr19_58388245_58392975",680.214818530503,"+"
"SNRPA","chr19_32581327_32582194",680.20726680894,"+"
"SNRPF","chr1_145925927_145926050",680.158128794278,"-"
"ESRP1","chr14_94114880_94115780",680.050157320474,"-"
"YBX1","chr11_533358_533452",680.04140565744,"-"
"DHX8","chr19_3456635_3462751",679.935990640431,"+"
"FMR1","chr1_67424977_67425082",679.673245825617,"+"
"BICC1","chr11_66284966_66285700",679.651287432069,"+"
"PNO1","chr19_2324192_2328386",679.532111341978,"-"
"RBM7","chr14_64924126_64932137",679.434860834739,"-"
"SNRPA","chr3_119675233_119676861",679.433076922536,"-"
"SRRM2","chr7_26197732_26200571",679.398326041078,"-"
"POLR2G","chr11_66436909_66437103",679.086603589417,"-"
"EIF3G","chr16_14672749_14678644",678.975621610563,"-"
"SNRPD2","chr19_35122917_35123270",678.775565335946,"-"
"PABPC1L","chr19_10569786_10574416",678.6583113534,"-"
"TRA2A","chr3_127695190_127710575",678.55757179633,"+"
"TRMT2A","chr1_1402256_1405802",678.509681246302,"-"
"TIAL1","chr3_180987022_180988022",678.413519336677,"-"
"SF1","chr19_18571909_18573292",678.33455400192,"-"
"SLTM","chr12_94971620_95002738",678.197993049291,"+"
"TUT1","chr19_55401762_55404060",678.017081422091,"-"
"RBM14","chr4_83456958_83459739",677.919643166816,"-"
"CPEB4","chr10_100983817_100986748",677.860198869469,"+"
"HNRNPF","chr17_76735158_76736153",677.85595722845,"+"
"ENOX2","chr1_224365991_224370897",677.810427559721,"-"
"SNRNP35","chr8_692612_715860",677.694256670528,"+"
"EIF3G","chr5_149513209_149517793",677.527415588052,"-"
"EIF3B","chr2_200378119_200389222",677.426515807343,"-"
"YTHDF2","chr6_12290693_12292343",677.410510721972,"-"
"EWSR1","chr7_54757594_54759037",677.385604813619,"-"
"RNPS1","chr19_55401762_55404287",677.297052936594,"+"
"SSB","chr15_41349241_41351032",677.091139557864,"+"
"HTATSF1","chr11_111882598_111883135",676.900305935438,"+"
"HNRNPAB","chr5_96722698_96726793",676.76605692831,"-"
"LSM10","chr13_77568333_77569370",676.640879555756,"+"
"KHDRBS3","chr14_54411706_54417847",676.616617069914,"-"
"LSM3","chr19_35505765_35509910",676.610725159187,"-"
"RBMS2","chr3_169966858_169975607",676.604355983291,"+"
"SNRPB2","chr1_193023946_193028084",676.517321024859,"+"
"HNRNPH3","chr14_54415930_54417847",676.408372945882,"+"
"PABPC1","chr2_152663979_152664137",676.199365054248,"-"
"LSM5","chr11_763940_764287",676.145308877642,"-"
"TRMT1","chr19_5690389_5690505",676.104795487929,"-"
"LARP4B","chr4_75648741_75653982",676.083177813493,"-"
"G3BP1","chr19_44172952_44174983",675.967871470127,"+"
"ZC3HAV1","chr1_53233652_53235576",675.859479371165,"-"
"RBMS2","chr10_133311841_133312787",675.725363919609,"+"
"RBM6","chr17_17506301_17509433",675.578881430922,"+"
"RALY","chr12_110436204_110436664",675.522648330838,"-"
"PCBP2","chr19_44800274_44800380",675.408340993303,"-"
"CSDE1","chr1_173864079_173864256",675.28809885841,"-"
"RPS3","chr22_37886845_37888425",675.270388584039,"+"
"KRR1","chr11_112085462_112086639",675.121113546213,"-"
"CARHSP1","chr6_75237988_75241175",675.034631124157,"-"
"LSM4","chr11_18081503_18086865",674.915725227373,"-"
"IGF2BP2","chr19_35505986_35510183",674.705626270668,"-"
"MATR3","chr1_67424959_67425082",674.617592192801,"-"
"RALY","chr8_85219363_85220305",674.604428119286,"+"
"ZNF239","chr3_98849598_98876666",674.500331136424,"-"
"TRNAU1AP","chr14_54418306_54419991",674.275084776587,"-"
"LSM4","chr17_7016685_7017256",674.267071239895,"+"
"GTF3A","chr15_101285801_101286213",674.258446420841,"+"
"SF3B4","chr1_110950123_110963620",673.927943230926,"+"
"TRMT1","chr2_74135658_74145188",673.920908171961,"-"
"EIF3G","chr22_40955446_40964046",673.810835480848,"-"
"TRA2B","chr17_5426299_5428070",673.672407727045,"+"
"SNRPC","chr10_32935558_32953592",673.654210529478,"+"
"RDM1","chr14_54408789_54415898",673.602498269953,"-"
"HELZ","chr17_82392534_82398195",673.466195058827,"-"
"NCL","chr16_56667377_56667965",673.451316354779,"-"
"UPF1","chr19_44794281_44800380",673.365563708263,"+"
"ANKRD17","chr6_126340444_126346204",673.272101875068,"+"
"CPSF7","chr12_110493231_110496011",673.205948641569,"+"
"HTATSF1","chr1_156333643_156334712",673.150382884254,"+"
"ZC3H4","chr19_16076697_16081912",673.129507431148,"-"
"SNRPA","chr14_94110797_94114850",672.933824516855,"-"
"NOL8","chr18_9122681_9126830",672.695535945872,"-"
"EIF4B","chr12_76068994_76074202",672.574491007133,"+"
"IGF2BP3","chr10_118336423_118342269",672.487238511475,"+"
"RBM33","chr17_75574668_75574870",672.455085817251,"-"
"CCAR1","chr2_46591925_46592474",672.362225766949,"-"
"ZCCHC17","chr2_101004361_101005958",672.253676093992,"-"
"LARP1","chr2_200378371_200389222",672.250121435899,"+"
"MKRN2","chr19_45522581_45522717",671.97354649501,"-"
"SPEN","chr12_32747363_32749936",671.382008726189,"+"
"TUT1","chr22_40951476_40953554",671.318229360224,"+"
"RBM3","chr12_120197462_120198553",671.091180885514,"-"
"IGF2BP3","chr5_150444641_150445608",671.008852760251,"-"
"LSM3","chr11_114443933_114444585",670.859178645222,"-"
"MATR3","chr12_53295639_53296453",670.799723345099,"-"
"SYNCRIP","chr20_50084254_50113106",670.685129885081,"-"
"GTF3A","chr17_38755990_38762410",670.471245530913,"-"
"ESRP1","chr19_5678648_5678774",670.43704593387,"-"
"KRR1","chr9_128149663_128151637",670.029102480037,"-"
"RBM3","chr17_7016685_7016909",669.899722579717,"+"
"RBM18","chr3_50326477_50327953",669.814338133635,"+"
"HNRNPF","chr1_224365991_224370897",669.77634754914,"-"
"ZC3H8","chr6_27138681_27146015",669.60977859847,"-"
"DAZAP1","chr20_34105545_34106213",669.56107470868,"-"
"PARN","chr2_73950732_73958145",669.307590740924,"-"
"MTHFSD","chr5_172994822_173034398",669.297018122373,"-"
"RPS3","chr3_12836223_12839348",669.204187518454,"+"
"EIF3G","chr11_66284966_66285700",668.845515618375,"-"
"ZCRB1","chr6_30931546_30931706",668.815310101833,"-"
"RBMS2","chr19_35505986_35509910",668.715929660966,"+"
"MEX3D","chr17_5428211_5432541",668.696775800702,"+"
"MBNL2","chr10_90894891_90895453",668.625007114642,"+"
"ZRANB2","chr17_76735158_76736153",668.512389472701,"-"
"BICC1","chr12_117041994_117049018",668.342048655908,"+"
"DKC1","chr16_67228657_67228796",668.232231524933,"-"
"SYNJ2","chr3_156543278_156544307",668.226588386907,"-"
"APTX","chr2_177212871_177215538",668.122327153932,"+"
"LSM4","chr14_54415930_54417847",667.853313696837,"+"
"SLTM","chr11_88326443_88328111",667.835483665448,"-"
"RBM23","chr8_97691188_97706625",667.828025730282,"-"
"UPF3B","chr11_64224210_64224284",667.778143512568,"+"
"FMR1","chr2_112584649_112586199",667.578174865763,"-"
"UNK","chr7_73835002_73840030",667.518826827031,"+"
"ZC3H12A","chr16_4848210_4857989",667.517821264392,"-"
"NUFIP1","chr2_175179135_175180097",667.454437052454,"-"
"CIRBP","chr19_45413745_45414860",667.449049641424,"-"
"HDLBP","chr1_1402256_1405802",666.881222389366,"-"
"LSM4","chr3_39412061_39412276",666.845755921451,"-"
"RPS3","chr1_153990802_153990913",666.682430119054,"-"
"G3BP1","chr9_104096297_104098445",666.507077511129,"+"
"RPS3","chr15_66499658_66500055",666.500583792178,"-"
"PUM1","chr7_92244149_92244901",666.220924268439,"+"
"SNRPD1","chr4_56453761_56459371",666.108699323597,"+"
"SNRPC","chr16_3022998_3023232",666.03407082434,"+"
"MSI2","chr10_70884048_70885151",665.98456790582,"-"
"KHSRP","chr8_144098994_144099276",665.981510323842,"-"
"SAFB2","chr12_76047718_76048392",665.933420910757,"+"
"TAF15","chr13_72778380_72781288",665.869373102801,"+"
"KHSRP","chr1_45591270_45602254",665.720603470588,"+"
"SSB","chr20_34078553_34084660",665.560885784128,"-"
"ESRP1","chr2_38747130_38748046",665.052187822978,"-"
"RPS3","chr1_44776774_44777613",664.958962036453,"+"
"LARP1B","chr1_1402256_1402358",664.770576417914,"-"
"LSM10","chr7_27800090_27827737",664.565564363722,"-"
"HNRNPA0","chr16_634797_635280",664.459254754695,"-"
"LSM10","chr8_6870826_6877796",664.198501255489,"+"
"LSM4","chr1_155186209_155186729",664.196396499099,"-"
"PAN3","chr7_26190460_26190992",663.899244552927,"+"
"RBM8A","chr14_54417951_54418213",663.872385265594,"-"
"YBX1","chr12_10702134_10704050",663.860678618107,"+"
"QKI","chr3_158704927_158713796",663.624521631417,"-"
"HNRNPC","chr17_7016685_7017256",663.546238372731,"+"
"RPS3","chr22_39313310_39313633",663.468977006673,"+"
"PAN3","chr19_1272051_1274306",663.402122561418,"-"
"RPS3","chr6_35469027_35469380",663.304870006888,"+"
"SNRPE","chr8_73959818_73964486",663.280411028627,"-"
"RBM14","chr1_42667440_42676583",663.164327662099,"+"
"LSM3","chr5_65542848_65551563",663.073078754251,"+"
"SF3B4","chr1_74736622_74738689",662.797770688303,"+"
"LARP1B","chr11_65538324_65538441",662.748993118199,"+"
"EIF3B","chr12_56159622_56159974",662.575343656339,"-"
"ENOX2","chr1_151167414_151168193",662.434686660357,"-"
"RBM27","chr3_183833589_183840569",662.43052534709,"-"
"SNRPC","chr2_241584725_241601895",662.336598551944,"+"
"HNRNPA0","chr8_144412946_144413236",662.315561196299,"+"
"RBM5","chr9_34614132_34614709",662.306116372491,"-"
"EIF4H","chr9_110244843_110250150",661.909178357879,"-"
"LSM3","chr20_49094963_49096348",661.531908837828,"+"
"PAN3","chr1_235112106_235113767",661.185059969627,"-"
"PPP1R10","chr10_68958579_68959805",661.035225964929,"-"
"RBM14","chr1_109758663_109759061",660.94361237571,"+"
"SNRNP70","chr17_68114525_68125389",660.887301665294,"+"
"DNAJC17","chr15_41349241_41350990",660.820931234058,"-"
"RBM41","chr16_4848210_4857989",660.700826818833,"-"
"RBM28","chr15_41349241_41351032",660.370091412608,"-"
"SNRPA","chr3_50326186_50326356",660.295340928362,"+"
"RPS3","chr9_15510326_15510816",660.232724876207,"+"
"KHDRBS3","chr17_49405116_49406758",659.959237682251,"-"
"ZC3HAV1L","chr3_156544439_156548804",659.948109193328,"-"
"SAFB","chr3_172755575_172756982",659.750050795223,"-"
"YTHDF2","chr3_98849598_98881539",659.674221878659,"+"
"CPSF4","chr2_74135658_74145188",659.594446884517,"-"
"CARHSP1","chr19_16076172_16081912",659.533431809069,"+"
"EIF3G","chr1_153976775_153976975",659.469009285575,"+"
"IGF2BP2","chr17_82392534_82398195",659.29834916629,"+"
"LSM3","chr19_35505986_35508204",659.216479526083,"-"
"SAFB","chr7_22818048_22822153",659.11707604321,"-"
"RBM3","chr14_94111773_94114850",658.675412734317,"+"
"LSM7","chr11_66436112_66436815",658.393907913669,"-"
"THUMPD2","chr4_673401_673911",658.366506227244,"+"
"PNO1","chr3_183833589_183833723",658.21880344749,"+"
"FUBP3","chr17_81899542_81899919",658.198840683398,"-"
"HNRNPH1","chr6_149802369_149810615",658.113984710643,"+"
"KHSRP","chr5_96726859_96727488",658.02707211019,"-"
"CPSF6","chr15_78880579_78886140",658.016726115519,"+"
"LSM5","chr3_160404504_160411919",657.847495040272,"+"
"SETD1B","chr19_6374653_6374810",657.685724471338,"-"
"PPRC1","chr2_85396010_85398019",657.58992882427,"-"
"HNRNPL","chr9_35813519_35813643",657.520721326997,"-"
"PNPT1","chr17_82485654_82487915",657.352028143039,"+"
"RBM38","chr20_35626381_35626562",657.270272199665,"-"
"RNF113A","chr5_96663166_96675538",657.100848718202,"+"
"TIA1","chr19_38803551_38803741",656.909931374732,"+"
"YBX1","chr11_47618919_47622700",656.667378152418,"+"
"HNRNPH1","chr16_85779867_85781210",656.578869849722,"+"
"ZNF638","chr2_46591925_46592474",656.264560272331,"-"
"LSM4","chr16_1961611_1961796",656.234568226451,"-"
"KIN","chr19_48617415_48617790",656.048833498473,"-"
"CIRBP","chr13_27253843_27255241",655.871978720602,"-"
"CIRBP","chr17_37021014_37031613",655.781258103372,"+"
"PARP10","chr3_193617837_193618868",655.635455111077,"+"
"PABPC4","chr12_53295639_53298044",655.620044070937,"-"
"HNRNPC","chr3_156543278_156544307",655.557973153147,"-"
"RBM33","chr17_5426299_5428070",655.45495622716,"+"
"LSM10","chr2_46591925_46592474",655.45472885104,"-"
"RBM39","chr14_22565137_22588946",655.256271421664,"-"
"SLBP","chr1_53928440_53930038",655.245282343992,"+"
"TRA2B","chr9_34614132_34614709",655.056425414897,"-"
"PARN","chr5_96722698_96729152",654.983293028079,"-"
"CPSF7","chr3_193617285_193618868",654.582603577188,"+"
"RC3H1","chr22_35263874_35264647",654.553013913828,"+"
"HELZ","chr17_7017014_7017256",654.429853235859,"+"
"ZC3H13","chr17_81893614_81894466",654.290203141142,"+"
"SRRT","chr15_59639157_59650668",654.224986271598,"-"
"RBMX2","chr9_124861555_124861909",654.183148706593,"+"
"RBMX","chr18_49491584_49492274",653.978526598534,"-"
"RALY","chr7_7639144_7640319",653.93292710078,"+"
"RC3H2","chr6_116571655_116580294",653.746809450536,"+"
"SNRPG","chr12_122508450_122511108",653.5638709479,"+"
"CSTF2T","chr3_179588995_179593764",653.458626222535,"-"
"NOL8","chr13_19674984_19677723",653.42508820766,"+"
"SF3B4","chr19_44172952_44175497",653.104812455883,"-"
"ELAVL1","chr16_69711281_69714963",653.011297250073,"-"
"KHDRBS1","chr17_7016685_7016909",652.973598428113,"+"
"RBMS2","chr16_634660_634718",652.85520098613,"-"
"LEMD3","chr2_218249921_218252944",652.842454674359,"-"
"RBM12","chr6_26159490_26170974",652.775278242235,"-"
"ZNF74","chr14_22565137_22588946",652.618543979764,"-"
"RBM47","chr12_120197462_120198553",652.444959663303,"-"
"RBM12B","chr17_36578186_36579244",652.35448827645,"-"
"CPSF4","chr19_4409759_4418019",652.128049002018,"+"
"PNO1","chr6_2837999_2840418",652.103782437788,"-"
"CARHSP1","chr19_16076697_16081912",652.05693867386,"-"
"HNRNPF","chr10_90894891_90895453",652.026977710118,"+"
"HNRNPA3","chr15_60390317_60397942",651.929778312557,"-"
"SNRPB","chr12_52243137_52245411",651.929055657716,"+"
"SUPT6H","chr10_31852597_31861394",651.503266060472,"+"
"PABPC1","chr1_45568177_45568926",651.032882015209,"-"
"KHSRP","chr19_17517389_17517709",650.957867229867,"+"
"RBM7","chr12_76047718_76048420",650.91419896658,"+"
"SLBP","chr16_66552793_66563121",650.831509882546,"-"
"RPS3","chr15_66499652_66500055",650.827155386227,"+"
"SRRM1","chr5_96702915_96722638",650.822920567145,"-"
"HNRNPM","chr2_200329480_200389222",650.654876965691,"-"
"KRR1","chr9_35813367_35813444",650.582808383589,"-"
"CPEB4","chr17_60083766_60085054",650.451009146748,"-"
"HNRNPH2","chr2_27774530_27779432",650.34958293191,"+"
"RBPMS","chr1_173486401_173499321",650.094732307006,"-"
"PABPC4","chr16_721941_722308",650.061089767971,"+"
"ZRANB2","chr7_87341684_87345042",649.906336250298,"+"
"FXR1","chr12_76450988_76487509",649.898418161786,"+"
"RBM3","chr17_50368313_50370031",649.787994892821,"-"
"LSM4","chr3_187121328_187127998",649.65159636583,"+"
"SNRPB","chr12_76056161_76060137",649.234484552474,"-"
"SNRPC","chr9_32571052_32572880",649.120780432037,"+"
"CPSF7","chr10_63215455_63215552",649.116642646785,"+"
"SF1","chr12_57303217_57305639",648.947826750264,"+"
"SNRPE","chr3_49022768_49022877",648.927523065362,"-"
"HNRNPF","chr2_174079090_174081151",648.90477486613,"+"
"RBM45","chr12_57303217_57310263",648.652210553225,"+"
"YTHDF3","chr20_18567596_18569238",648.523056789487,"+"
"UHMK1","chr8_144099205_144099276",648.485063541997,"+"
"DKC1","chr1_159961405_159976643",648.484899185084,"-"
"SLBP","chr10_94546498_94554125",648.377315921216,"+"
"CSDE1","chr13_45340184_45341041",648.367194680621,"-"
"UHMK1","chr15_75843846_75854385",648.150412859873,"+"
"ELAVL1","chr1_15426018_15428592",648.060581971038,"-"
"LSM5","chr5_69177349_69177523",647.934064207546,"+"
"SART3","chr2_118107189_118108280",647.907316040199,"+"
"RBMS1","chr2_227347384_227352513",647.894530595491,"+"
"YTHDF1","chr3_111920419_111932268",647.890268721762,"+"
"SNRNP70","chr9_129634221_129635207",647.857476935231,"+"
"TRA2B","chr13_72781003_72781604",647.830255351497,"+"
"EIF4B","chr10_121959410_121960357",647.659397858855,"-"
"HNRNPH3","chr8_61644632_61651049",647.579650997266,"-"
"SYNJ2","chr1_168198981_168199902",647.395440513756,"+"
"EIF3B","chr5_140436257_140438460",647.310213392203,"+"
"RNPC3","chr22_23766296_23767373",647.302184229813,"-"
"RPS3","chr3_51994126_51994772",647.291759726093,"-"
"IREB2","chr12_13373438_13376223",647.262358877298,"+"
"EWSR1","chr11_65538182_65538269",647.245092534486,"+"
"RBPMS","chr7_99458355_99460085",647.071188525342,"-"
"PTBP1","chr6_26124749_26127697",647.056681943519,"+"
"LSM10","chr12_4543911_4548091",646.484011887178,"-"
"SNRNP35","chr12_120579412_120579513",646.471820579551,"+"
"ZFR","chr7_16792957_16794850",646.409667693546,"-"
"LSM7","chr1_35605308_35609245",646.407041391991,"-"
"DKC1","chr7_151077027_151077100",646.330781476302,"+"
"SYNJ2","chr16_88859972_88860910",646.27789329519,"+"
"SNRPB2","chr2_199961928_199963732",645.898274748796,"+"
"SRRT","chr18_59157665_59158631",645.872150580092,"+"
"RBM7","chr16_83256_85400",645.613664070642,"+"
"SNRPB2","chr9_33796802_33798485",645.514730171877,"-"
"RC3H2","chr1_42660904_42664862",645.375874374838,"+"
"G3BP1","chr3_197951311_197953487",645.369740875679,"-"
"YBX1","chr22_41677132_41680243",645.150004270379,"-"
"CPSF6","chr10_68338642_68339139",645.073555141148,"+"
"SSB","chr10_21920963_21928505",644.776506480662,"+"
"RBM17","chr8_85214631_85214920",644.638052788672,"+"
"ZFR","chr19_35116359_35119362",644.57478210832,"+"
"SNRPC","chr17_7017014_7017260",644.454235537647,"-"
"SF3A1","chr3_111126335_111133634",644.421959382173,"+"
"RPS3","chr19_1106266_1106399",644.183071227544,"+"
"LARP1B","chr1_212608930_212615017",644.090373185498,"+"
"HNRNPAB","chr4_55600575_55607297",644.081050138471,"+"
"ZNF638","chr1_193023946_193028084",644.024101114961,"+"
"ZC3H15","chr16_4795449_4795694",643.843324832533,"-"
"SNRPA","chr5_96730860_96736171",643.657592504281,"+"
"CSDE1","chr9_128149663_128150237",643.634084752289,"+"
"SNRPE","chr11_32593949_32600688",643.471458055505,"-"
"THUMPD1","chr17_7017014_7017256",643.330863103012,"-"
"NONO","chr19_48326922_48329351",643.217150650891,"-"
"CPSF6","chr6_29725306_29725446",643.048786606882,"+"
"KRR1","chr2_9407598_9408112",642.932815674988,"+"
"EIF4B","chr1_53923947_53930038",642.879740008509,"-"
"ZNF638","chr16_2752854_2757471",642.705268436811,"+"
"RBM42","chr20_56388202_56392153",642.64076120449,"-"
"ENOX2","chr4_82355401_82356795",642.380370344385,"-"
"ZCRB1","chr16_88810148_88811549",642.28978295684,"-"
"DAZAP1","chr17_81894860_81899919",642.229863969903,"-"
"ZFP36","chr3_197951311_197954002",642.174575587622,"-"
"IREB2","chr17_82392534_82398195",642.164911770695,"+"
"RC3H1","chr1_171512200_171513000",642.01828417531,"+"
"RBM39","chr5_61073214_61098991",642.008445295162,"+"
"AKAP1","chr19_35651349_35658593",642.002047816237,"-"
"SYNJ2","chr2_237708630_237748363",641.895280961745,"-"
"HNRNPH3","chr5_140647362_140647482",641.75320095962,"+"
"SNRPC","chr15_41349241_41351032",641.632834997673,"-"
"PABPC4","chr7_26197866_26200571",641.3976862884,"+"
"RBM28","chr4_48897857_48904483",641.258416576279,"-"
"PNO1","chr7_100435767_100435847",640.891423201078,"+"
"RBM18","chr1_45511414_45514872",640.873590350532,"-"
"POLDIP3","chr12_50222485_50248632",640.594234250133,"-"
"RBM47","chr7_100153517_100153849",640.532528894229,"-"
"YBX1","chr11_870499_883147",640.511957782779,"+"
"PARP10","chr15_34227846_34229752",640.51163487267,"+"
"EWSR1","chr19_35497538_35498597",640.450012058616,"+"
"PPP1R10","chr3_98825366_98849460",640.435338921995,"+"
"FXR2","chr16_635063_636093",640.293800584423,"-"
"PNPT1","chr9_127448459_127449280",640.283030083865,"-"
"ALKBH8","chr1_161038075_161038550",640.212761510939,"-"
"RPS3","chr1_173864304_173865470",640.096695099631,"-"
"RBM6","chr13_75594990_75601411",640.087988061001,"-"
"A1CF","chr6_29725563_29830377",640.060334934344,"-"
"ZC3H8","chr17_75130637_75130752",639.913527219403,"-"
"NAA38","chr17_7016685_7016909",639.888646736651,"-"
"LSM3","chr3_122363027_122368175",639.854823834703,"+"
"HNRNPK","chr19_58246794_58274365",639.85089160126,"+"
"EIF2S1","chr4_55600575_55607297",639.6866268593,"-"
"SRRM2","chr11_73718890_73720845",639.683108640945,"+"
"YBX1","chr18_21612443_21622724",639.515585094008,"+"
"PABPC4","chr17_75174823_75181056",639.447588002918,"+"
"RC3H1","chr22_35263874_35264647",639.401843573982,"+"
"TAF15","chr19_1599560_1602330",639.36328465592,"-"
"PPRC1","chr13_36952599_36965574",639.337575987818,"-"
"LARP1B","chr2_172498100_172501771",639.288268540229,"+"
"TTC14","chr1_155613766_155614061",639.163879500696,"-"
"RBM3","chr5_61099032_61152703",639.143213568045,"+"
"SNRPB","chr12_55757553_55760550",638.909948763538,"+"
"RPS3","chr19_54206462_54207370",638.339042098331,"-"
"YTHDC2","chr12_6537189_6538100",638.107376592432,"-"
"LSM4","chr4_48894053_48899828",637.918727770708,"-"
"LSM3","chr3_196307012_196316097",637.873090035803,"+"
"FUBP3","chr10_73246176_73246687",637.738712333595,"+"
"LARP7","chr17_59112345_59119318",637.643755293833,"+"
"CPEB4","chr1_28580646_28581093",637.597857277785,"-"
"PUM1","chr7_22813185_22822676",637.485435399025,"-"
"ZC3HAV1","chr4_83458429_83459739",637.094730312208,"+"
"PCBP2","chr12_4543904_4548091",636.997494320751,"-"
"EIF3B","chr11_88328196_88334936",636.981476868611,"+"
"RBM17","chr3_111920419_111932268",636.950009308452,"-"
"RPS3","chr13_27251585_27253764",636.838852188549,"+"
"DAZAP1","chr19_35505986_35509910",636.747217569973,"+"
"DUS3L","chr2_227340380_227347225",636.68644801326,"-"
"DNAJC17","chr5_138556573_138557401",636.618742452965,"-"
"SNRNP70","chr6_85677875_85677953",636.541385120904,"+"
"POLDIP3","chr10_118336423_118342269",636.478974396711,"-"
"LSM4","chr3_160404504_160411919",636.306003759577,"+"
"RPS3","chr5_172994822_173034398",635.598655786687,"-"
"RBMX2","chr2_177217845_177219036",635.531990133197,"+"
"SLBP","chr17_59112345_59119318",635.521088255058,"+"
"NAA38","chr11_62789426_62789885",635.511635629136,"-"
"SAFB","chr17_75574668_75574873",635.414027913043,"-"
"LSM5","chr14_54411706_54415898",635.194916365728,"+"
"MATR3","chr3_172754660_172755294",635.165462248008,"+"
"SAMD4A","chr16_89909107_89910590",635.047745482281,"-"
"ZC3HAV1L","chr15_49137437_49139527",634.897357238043,"+"
"ZC3H15","chr19_35651349_35658593",634.561513482062,"-"
"THUMPD3","chr8_108203503_108228266",634.449816967349,"-"
"DKC1","chr10_78034421_78035351",634.403857221376,"-"
"SNRPB2","chr11_66284966_66285700",634.090310259017,"+"
"LSM5","chr10_128116007_128116490",634.025663969786,"+"
"LSM5","chr1_46303820_46310154",633.922889530173,"-"
"LSM6","chr12_122519029_122521384",633.771130198449,"+"
"KIN","chr9_136849573_136850012",633.675442221409,"-"
"LSM6","chr10_78034421_78035351",633.445432024588,"-"
"PARP12","chr7_6392041_6401867",633.321549650256,"-"
"CNOT4","chr18_694334_697239",633.283434574275,"+"
"ZFR","chr1_15426018_15428592",632.943397816387,"-"
"SRBD1","chr8_73959818_73972076",632.924942409685,"+"
"ESRP1","chr6_7581569_7582641",632.811539883746,"+"
"SNRPD2","chr9_35679342_35680752",632.459780133285,"-"
"SFPQ","chr3_98822361_98849461",632.36131174937,"-"
"GTF3A","chr15_43793082_43793709",632.327798319384,"-"
"TRA2B","chr3_156543269_156544293",631.986697135073,"-"
"ZC3H4","chr13_114282943_114286301",631.971243774128,"+"
"CNOT4","chr19_12949159_12949274",631.944320112477,"+"
"SNRPE","chr12_56666266_56671748",631.913259098271,"-"
"RBM3","chr17_41994944_41996310",631.774136032246,"+"
"ASCC1","chr3_37096660_37129062",631.768393133976,"+"
"ZC3H14","chr8_60582090_60584207",631.567391845214,"-"
"TRNAU1AP","chr11_47419197_47422573",631.472984209718,"-"
"SAMD4A","chr16_1962265_1962496",631.200807411996,"-"
"RBM47","chr6_136383781_136388392",631.115379381188,"+"
"RPS3","chr5_181237719_181238098",631.094487228573,"+"
"SNRPB","chr4_55609179_55616337",630.785996275068,"+"
"SF1","chr2_187503770_187554199",630.772260086883,"+"
"PABPC4","chr12_120695000_120695094",630.552731991596,"+"
"RPS3","chr6_35469027_35469380",630.342632802366,"+"
"LSM11","chr11_102520804_102527523",630.328333763646,"-"
"SNRPD1","chr2_197501238_197501483",630.304242134514,"-"
"SNRPA","chr16_25170805_25174936",630.153586931999,"+"
"TRA2B","chr7_100435533_100435847",629.861577472261,"-"
"TRA2B","chr7_26192338_26192494",629.741002004632,"-"
"LSM10","chr21_33903656_33903934",629.699480053202,"-"
"NUFIP1","chr3_197951311_197954010",629.697060991775,"-"
"YBX1","chr5_171400210_171405301",629.656686789636,"-"
"TIAL1","chr17_44037538_44040146",629.501409577912,"+"
"RBM28","chr17_75574668_75574870",629.321707449736,"+"
"TUT1","chr1_193023036_193023843",629.292139670074,"+"
"SYNJ2","chr16_10761859_10767948",629.211758560228,"+"
"DKC1","chr11_112085462_112086639",629.164232648831,"+"
"SYNCRIP","chr8_61646878_61651049",629.074955564315,"-"
"ZC3H7B","chr19_1599560_1602293",628.752297540021,"-"
"HNRNPM","chr19_58246794_58277182",628.721827196677,"+"
"SAFB2","chr2_213297357_213310058",628.575829477045,"+"
"PCBP2","chr11_62833674_62833791",628.506474240363,"-"
"MCTS1","chr19_40775669_40776968",628.363525088734,"-"
"YBX1","chr8_144792140_144792365",628.327211033145,"+"
"HNRNPF","chr3_186790255_186790325",628.320253324395,"+"
"RPS3","chr3_197950299_197950935",628.208728430215,"-"
"SNRPD2","chr19_35505986_35509910",628.098288546856,"-"
"TRNAU1AP","chr12_69365884_69370705",628.096154362182,"+"
"ZCRB1","chr4_82426129_82427189",628.070833942133,"-"
"RBM47","chr19_49525573_49526009",628.053386292109,"+"
"CSTF2","chr13_75569507_75604768",627.95513297466,"-"
"YTHDF1","chr8_144355678_144355967",627.778117447332,"+"
"RC3H2","chr5_61161227_61162216",627.66817461645,"+"
"ENOX2","chr11_33698514_33710205",627.638833209503,"+"
"FUBP1","chr1_67424977_67425082",627.582489051156,"+"
"RBM3","chr4_75648741_75653982",627.493405077871,"-"
"POLR2G","chr16_66558348_66563071",627.27155878422,"-"
"LSM10","chr10_123162828_123165046",627.120329833026,"-"
"HNRNPR","chr9_19378514_19378824",627.104805861575,"-"
"SRRT","chr5_146168265_146171909",626.984432256975,"+"
"THUMPD1","chr16_66552793_66558189",626.981115783226,"+"
"LSM3","chr20_49094963_49096348",626.968237880471,"+"
"POLDIP3","chr6_150885734_150887844",626.608757770328,"-"
"PABPC4","chr10_13132197_13133501",626.575840981562,"+"
"GTF3A","chr8_66922114_66922613",626.543422640651,"-"
"KHSRP","chr19_58388245_58393358",626.522183296333,"-"
"TIAL1","chr14_35046628_35053277",626.472833506688,"-"
"LSM4","chr5_163464802_163469640",626.398312260916,"+"
"NAA38","chr15_63044152_63056984",626.230651064823,"-"
"FUBP3","chr7_26192338_26192494",626.112853620511,"-"
"RBM14","chr16_75294042_75301756",625.947161668082,"-"
"FXR1","chr20_31566295_31569119",625.918193150497,"+"
"RBMX","chr20_44885886_44901530",625.917958321479,"+"
"SNRPB2","chr7_44835658_44840898",625.900265693198,"+"
"HNRNPH1","chr16_85779867_85781210",625.683733244571,"+"
"ZCCHC17","chr6_2837999_2840418",625.639558133759,"-"
"NIP7","chr17_48931717_48936169",625.551660433498,"-"
"PARN","chr15_60386086_60396150",625.437415269663,"-"
"SF3B4","chr3_196740157_196765920",625.428950431871,"-"
"PABPC1","chr6_166322886_166328275",625.229052054983,"-"
"ZC3HAV1L","chr1_156737534_156737730",625.203099550214,"-"
"G3BP2","chr12_53295639_53295838",625.149232563313,"+"
"SNRPF","chr6_33701420_33711548",625.065804937113,"+"
"RBM22","chr1_155140271_155140490",624.99803293446,"-"
"HNRNPK","chr19_12797166_12800176",624.886596819513,"-"
"TIAL1","chr16_88858789_88859662",624.829477195851,"-"
"TRA2A","chr12_56311414_56314850",624.788015372925,"+"
"KIN","chr22_36511000_36511502",624.691390526948,"+"
"EIF3G","chr17_76735875_76736153",624.550884817037,"-"
"ZC3H15","chr15_74926887_74937914",624.48799779602,"-"
"KHDRBS1","chr9_128689655_128691169",624.403492906743,"+"
"SRRT","chr14_54418306_54419991",624.39655584906,"-"
"PPP1R10","chr2_200309090_200329430",624.256742583801,"+"
"FXR1","chr19_1272051_1272426",624.233933941265,"+"
"RNF113A","chr1_45511414_45514872",624.222994766779,"-"
"LSM6","chr7_44834562_44840898",624.038328915458,"-"
"ZC3H10","chr12_124912636_124913548",623.961210616702,"-"
"RPS3","chr19_1105809_1106241",623.872776305015,"+"
"SETD1A","chr19_16646800_16647119",623.867338309485,"-"
"GTF3A","chr8_66922114_66922613",623.838249849364,"-"
"HDLBP","chr17_81891863_81894466",623.675870290318,"+"
"POLR2G","chr5_151746449_151751703",623.615181356906,"+"
"BICC1","chr1_161100859_161117951",623.413489379026,"-"
"CPSF6","chr18_2960849_3013036",623.306849274368,"-"
"PABPC1","chr11_47565986_47571470",623.217232458986,"+"
"PARN","chr19_35505765_35509910",623.171636089868,"-"
"RPS3","chr3_12839530_12840141",623.037583514848,"+"
"CIRBP","chr19_3452666_3462751",622.989355084133,"-"
"YBX1","chr1_46310044_46310154",622.912492453714,"-"
"NSUN6","chr5_134380808_134390224",622.885531439607,"-"
"RC3H1","chr2_74527363_74527470",622.85525362724,"+"
"RBMX","chr2_9408205_9412268",622.73048933396,"+"
"CARHSP1","chr19_50997884_50999995",622.622819857758,"+"
"PCBP2","chr15_60396427_60397942",622.588543438954,"+"
"SYNCRIP","chr5_150444351_150445608",622.426661268841,"-"
"PUF60","chr6_31836517_31837235",622.391677934511,"-"
"PTBP1","chr13_75809183_75817160",622.387663643283,"-"
"RPS3","chr5_181237719_181238098",622.282327174379,"+"
"HNRNPF","chr12_117039210_117049018",622.225959873183,"+"
"FUBP3","chr19_35505986_35509910",622.058488559884,"-"
"CIRBP","chr19_1439826_1440018",622.01918739493,"-"
"ZFP36L2","chr7_16860583_16861383",621.990271016389,"+"
"YTHDF3","chr3_125313656_125323308",621.946413194525,"+"
"POLR2G","chr19_36121718_36125450",621.906968383522,"+"
"SNRNP70","chr2_9406905_9408112",621.826889550074,"+"
"TRA2B","chr19_2324196_2328386",621.769011835688,"-"
"HNRNPC","chr11_112085462_112086639",621.76518121932,"+"
"TTC14","chr19_5896997_5903611",621.715617888625,"-"
"PTBP1","chr15_74923770_74929115",621.61560216912,"-"
"LSM5","chr3_160412084_160412325",621.473049065667,"+"
"ZC3H14","chr16_634797_635517",621.405414712144,"-"
"L3MBTL3","chr1_35605308_35609245",621.332267571982,"-"
"DUS3L","chr19_16646800_16647095",621.208897200063,"+"
"POLR2G","chr2_206162104_206162524",621.04681305208,"-"
"NIP7","chr1_224365991_224375794",621.015311087137,"-"
"YBX1","chr1_46303820_46309100",621.009624448789,"+"
"ZFP36","chr19_4325308_4325395",620.771283938237,"+"
"TAF15","chr18_31522249_31524447",620.691695596909,"+"
"RBM7","chr11_88326443_88334936",620.642865297256,"-"
"LSM3","chr14_54411706_54415898",620.554373151004,"+"
"HNRNPA1","chr3_12839530_12841493",620.482063583022,"-"
"LARP1B","chr19_35510252_35510370",620.470154849506,"-"
"ZCRB1","chr16_634797_635280",620.421771648835,"-"
"ZRSR2","chr3_142054149_142093060",620.300157546598,"-"
"HNRNPA3","chr19_35505765_35505938",620.242966175211,"+"
"TRA2A","chr1_173864098_173864256",620.217333058506,"-"
"RBM19","chr3_158710505_158710737",620.181877237016,"-"
"RPS3","chr11_67611569_67612119",620.14394335076,"-"
"RBMX2","chr10_130175089_130180112",620.028746742675,"-"
"EWSR1","chr4_56453761_56459371",620.026919677956,"-"
"PDCD11","chr2_135748369_135755516",619.980482354534,"-"
"G3BP2","chr19_16076697_16081912",619.977405355669,"-"
"LARP4","chr15_41387593_41388447",619.869815521601,"+"
"GRSF1","chr7_23307949_23309355",619.841543523241,"+"
"YBX1","chr1_153626533_153627482",619.796602340084,"+"
"RPS3","chr12_56116863_56117188",619.746586143775,"-"
"SNRPC","chr1_19622147_19623473",619.611795003216,"+"
"PSPC1","chr7_148829848_148846469",619.510358354373,"-"
"PPIE","chr19_35510252_35510370",619.478028332963,"-"
"RBM17","chr3_156544439_156548865",619.477318826327,"-"
"RPS3","chr20_62387674_62387842",619.443517163117,"+"
"SF1","chr11_68050254_68050486",619.375360609808,"+"
"GRSF1","chr11_83265979_83273646",619.361545182737,"+"
"SNRPE","chr10_78037304_78037964",619.341516235635,"-"
"PABPC4","chr17_28720030_28720706",619.303087922999,"+"
"TIPARP","chr3_111126335_111133634",619.213924855323,"+"
"SF3B4","chr1_46310044_46310154",619.159207112614,"-"
"RPS3","chr1_173864502_173864674",619.020503784172,"-"
"LSM5","chr19_42297365_42300041",618.841157031834,"-"
"LSM5","chr5_163464802_163467700",618.759413346034,"-"
"RBM10","chr3_122363027_122368175",618.402861354314,"+"
"SNRPA","chr1_224370977_224371282",618.336691196073,"-"
"PARP10","chr12_6492972_6493057",618.234319761412,"-"
"TIPARP","chr12_6492972_6493458",618.233505782616,"-"
"U2AF2","chr18_79976787_79977597",618.117168111571,"-"
"EIF4H","chr7_44835658_44840898",618.028393678573,"-"
"RPS3","chr11_65120806_65120980",618.022249540536,"+"
"KRR1","chr3_108049651_108050577",617.983372198546,"+"
"POLR2G","chr19_36121718_36125450",617.951724444841,"+"
"ZFR","chr19_17424677_17424930",617.865132360731,"+"
"ZC3H7A","chr11_3001248_3001969",617.82312706545,"+"
"U2AF1L4","chr11_114443933_114444585",617.625513940474,"-"
"LARP4B","chr8_38264949_38266140",617.618720489183,"+"
"MATR3","chr16_634797_635611",617.612876050239,"+"
"DKC1","chr2_112586124_112586199",617.480378462201,"-"
"DUS3L","chr17_75320550_75321658",617.364847943884,"-"
"LSM6","chr4_55609179_55630401",617.320473219787,"-"
"LSM6","chr9_122144378_122159626",617.305160975496,"-"
"HNRNPH3","chr11_34651610_34651736",617.038095226197,"+"
"HNRNPA2B1","chr3_141995141_142005440",616.967632926415,"+"
"SSB","chr5_40834037_40834180",616.623424935264,"-"
"A1CF","chr8_55773719_55785718",616.530756684486,"-"
"LSM3","chr12_10702134_10704059",616.504337548253,"-"
"SUPT6H","chr18_9476286_9512990",616.468411483815,"+"
"ENOX2","chr1_224365991_224371329",616.463388043122,"-"
"KHDRBS1","chr19_12799989_12800176",616.451342373032,"+"
"ZCRB1","chr19_12949159_12949274",616.396276461688,"-"
"CPEB4","chr8_144098994_144099276",616.362402108761,"+"
"ZCCHC17","chr2_97646666_97647066",616.348295723483,"-"
"PCBP2","chr13_114286400_114286518",616.16394488603,"-"
"RPS3","chr19_58388245_58394496",616.029311908924,"-"
"RBM39","chr1_224365991_224370897",616.024016529204,"-"
"SNRPD3","chr6_79201726_79202275",615.792084501716,"+"
"LSM7","chr16_56667380_56667965",615.747940962347,"+"
"ZCCHC17","chr20_38421098_38422086",615.287001317749,"+"
"RBMX2","chr2_227340380_227355676",615.213905230762,"+"
"PCBP2","chr10_133355436_133355737",615.136158739548,"+"
"PNO1","chr17_75574668_75574870",615.111331772874,"+"
"RBMS2","chr4_82355401_82356536",615.000592817073,"-"
"BOLL","chr17_4945997_4948262",614.97151460303,"-"
"RBM3","chr20_45841956_45844262",614.860120798039,"-"
"LSM5","chr1_35605308_35609245",614.759690132701,"-"
"CIRBP","chr3_184365226_184368176",614.734204329428,"-"
"RPS3","chr19_1105809_1106241",614.72133832178,"+"
"HNRNPH1","chr5_146463793_146469543",614.519961511488,"+"
"EIF4B","chr3_98849598_98881539",614.256014692917,"-"
"TMEM63A","chr3_157150381_157152176",614.073490258222,"+"
"RALY","chr7_150803832_150804826",613.943546030855,"-"
"RRP7A","chr8_100705673_100709132",613.772326909909,"-"
"EIF4B","chr12_117039210_117056805",613.746832839061,"-"
"ZC3H3","chr5_139600435_139623367",613.596865801262,"-"
"PARP14","chr5_163464802_163469640",613.537642926504,"+"
"SF3B4","chr2_130181797_130182626",613.481008907504,"-"
"ACO1","chr11_810357_811596",613.456297573679,"+"
"MSI2","chr1_23967723_23971572",613.446249775696,"+"
"UHMK1","chr2_46591925_46592474",613.399687934925,"-"
"RBM22","chr18_56603056_56610992",613.293896123945,"+"
"HNRNPC","chr5_123512570_123545416",613.226107258985,"+"
"SART3","chr19_45688566_45689232",613.222629233204,"-"
"LARP7","chr3_184365226_184366716",613.181709294091,"+"
"RPS3","chr20_49278738_49279103",613.08762984209,"-"
"LSM6","chr5_61099032_61152703",613.067285990924,"+"
"SF3B4","chr1_153626533_153632033",613.01937735966,"-"
"RBM23","chr19_4501317_4501913",613.014914166183,"+"
"MKRN1","chr6_132815088_132816460",612.990207684308,"-"
"SYNCRIP","chr1_2192975_2193638",612.543303278173,"-"
"RBM3","chr3_169966858_169975607",612.498057825772,"+"
"MBNL2","chr9_33796802_33798485",612.47875051351,"-"
"ESRP2","chr5_86619499_86620667",612.445429525968,"-"
"TRMT1","chr12_55757553_55789074",612.356378885931,"-"
"ANKRD17","chr16_88859972_88860910",612.270137082026,"-"
"TNRC6A","chr16_81017385_81017757",612.236074714419,"+"
"RBM42","chr17_5422829_5432541",612.209985175935,"+"
"SRRM1","chr3_125313656_125323308",612.185182452402,"+"
"ZC3HAV1","chr8_85217502_85219322",612.054903504748,"+"
"HNRNPD","chr11_134248959_134249166",612.029280687518,"-"
"SNRNP70","chr11_47565986_47571470",611.953228172437,"+"
"CHERP","chr9_136993664_136993769",611.927556454249,"-"
"ELAVL1","chr2_174081248_174081923",611.65165939568,"+"
"EIF4B","chr2_85596649_85597103",611.644434588076,"-"
"KIN","chr16_14648592_14649803",611.592219344949,"+"
"RBMS2","chr1_150302524_150308047",611.478254190328,"-"
"NAA38","chr15_88639594_88655414",611.458572739415,"-"
"CARHSP1","chr11_319985_320564",611.429591109726,"-"
"RPS3","chr5_82276518_82277692",611.381849921439,"+"
"HNRNPF","chr1_32631879_32633644",611.324360219603,"+"
"RBM3","chr4_48894053_48904483",611.322719287645,"-"
"HNRNPH2","chr11_34651610_34651736",611.242510792318,"-"
"LSM3","chr4_39456478_39457585",611.241898788111,"-"
"HNRNPH1","chr16_4461959_4463659",611.210352349587,"-"
"RBM15B","chr19_1272051_1274306",611.169757233472,"-"
"RC3H2","chr2_206160710_206160886",611.156189586831,"-"
"ZFP36","chr1_165652035_165655367",611.094454937348,"-"
"PABPC1","chr7_39623825_39696684",611.033979958525,"-"
"PUM2","chr12_6975148_6975695",610.989659741216,"+"
"RBM23","chr8_109339390_109340490",610.94789625023,"-"
"ZC3H4","chr2_200378371_200389222",610.692758539856,"-"
"RBM47","chr1_28579587_28579911",610.670552819462,"+"
"ZC3H13","chr10_104279471_104297577",610.658594629396,"+"
"SNRPE","chr5_178149838_178153490",610.618905901711,"-"
"RPS3","chr8_98042775_98045346",610.607499165748,"-"
"RBM19","chr1_119743044_119743885",610.520180940627,"+"
"LSM4","chr5_163464802_163469640",610.493923324253,"+"
"EIF3G","chr7_1153131_1155452",610.442057999464,"-"
"SUPT6H","chr2_200329480_200389222",610.290770339391,"-"
"IGF2BP3","chr20_44885886_44901530",610.244617358687,"+"
"LSM6","chr10_102159308_102159432",610.193803696471,"+"
"HNRNPA0","chr12_52897618_52898678",610.051086011014,"-"
"RALY","chr2_74527059_74527247",610.014415061204,"+"
"RBMX","chr20_35632234_35632310",609.995584443347,"+"
"TUT1","chr5_146480094_146481149",609.943968901194,"-"
"HNRNPM","chr11_72755753_72757766",609.922599496667,"+"
"NCL","chr15_88639594_88652169",609.91825203774,"-"
"MCTS1","chr18_9914335_9931809",609.588803541763,"+"
"ZC3H4","chr3_197161738_197194424",609.532612367314,"-"
"SNRPB2","chr17_38450723_38451625",609.444006656701,"+"
"ZC3H10","chr11_47419197_47422573",609.359126907514,"-"
"ANKRD17","chr2_169821273_169821942",609.051968301485,"+"
"HTATSF1","chr11_63753708_63756111",608.857746344671,"+"
"FUBP3","chr1_153643364_153645063",608.589974697431,"+"
"RBMX2","chr12_55716717_55719090",608.513643227282,"-"
"QKI","chr19_29942664_29942822",608.487972790735,"-"
"HNRNPA0","chr6_31835451_31837235",608.428925950497,"-"
"SAMD4B","chr20_17660528_17682027",608.428034439539,"-"
"RBM3","chr8_144098994_144099080",608.414191444802,"+"
"HNRNPR","chr2_9406905_9408112",608.391755776811,"-"
"FUS","chr7_93887431_93889034",608.189574688028,"+"
"RBM19","chr6_26158559_26170974",608.189397773963,"+"
"DKC1","chr11_18245515_18245909",608.154242426471,"+"
"LSM5","chr16_721941_722308",607.849543122203,"+"
"CIRBP","chr20_35632025_35632162",607.754197049211,"+"
"SRRM1","chr19_35508240_35509910",607.681898454781,"+"
"PNPT1","chr15_41388522_41394858",607.581839258079,"+"
"ZC3HAV1L","chr12_55716717_55716932",607.497900372561,"-"
"LSM7","chr15_84670782_84716024",607.4328631807,"-"
"SNRPF","chr19_35510252_35510370",607.404654075226,"-"
"EIF2S1","chr6_116574171_116580294",607.38976707436,"-"
"RBM25","chr10_100983817_100986748",607.356846836316,"+"
"ELAVL1","chr10_86968605_86970475",607.111981610187,"+"
"ZRSR2","chr19_29942664_29942822",607.042518455305,"-"
"ZC3H7A","chr20_45000520_45001166",607.036214224244,"+"
"RBM12","chr8_85217502_85219235",606.876858585141,"+"
"TTC14","chr17_42951894_42953723",606.793864729554,"-"
"LSM3","chr18_9476286_9512990",606.625598043091,"-"
"TNRC6A","chr6_149802369_149810615",606.549637912869,"+"
"PABPC1","chr1_212608930_212615017",606.527698787773,"+"
"AKAP1","chr1_32894933_32895304",606.422110407771,"-"
"EIF2S1","chr19_38290575_38304374",606.185722900529,"-"
"CSTF2T","chr1_183633154_183635516",606.127214849731,"+"
"QKI","chr7_16801803_16804934",606.043411109379,"-"
"LSM5","chr17_81891833_81894466",606.010380571121,"-"
"YBX1","chr8_144792140_144792365",605.987696392958,"+"
"LSM4","chr19_32582232_32584957",605.943679452353,"-"
"FUBP3","chr20_17660528_17682027",605.853755426033,"+"
"LSM4","chr1_20605039_20618451",605.819425136068,"-"
"SNRPB2","chr20_18567596_18569235",605.796942429907,"+"
"IGF2BP3","chr9_97687261_97689533",605.784023307105,"+"
"RPS3","chr10_31852597_31861394",605.360428385089,"+"
"HNRNPF","chr16_11896782_11897839",605.315222364306,"+"
"LSM5","chr16_2040238_2043165",605.30399536879,"-"
"RPS3","chr19_35488840_35498715",605.149243229398,"-"
"RNF113A","chr11_65115598_65115774",605.145292535867,"-"
"NIP7","chr17_7017014_7017260",604.977088398813,"-"
"TRMT1","chr18_21612443_21623747",604.949921057821,"-"
"RBMX","chr12_112446398_112450317",604.823843279373,"+"
"EIF4H","chr1_224365991_224375794",604.659971124125,"+"
"RBPMS","chr17_5422829_5432541",604.635695914306,"-"
"THUMPD3","chr19_41861212_41869039",604.634271499675,"-"
"A1CF","chr16_1962265_1962496",604.565906594207,"-"
"RBM6","chr1_23971626_23971849",604.525409626067,"+"
"ELAVL1","chr11_47569891_47571470",604.481670633649,"-"
"LSM4","chr3_172755374_172755482",604.40909783473,"-"
"SNRNP35","chr1_153535360_153535948",604.369422656244,"-"
"RBM15B","chr15_68194112_68218535",604.323202386832,"-"
"LARP4B","chr9_35725727_35732074",604.20116808763,"+"
"RPS3","chr1_44775600_44776033",604.17613552238,"+"
"MBNL3","chr18_79973856_79988239",604.077011313251,"-"
"RBM26","chr6_149802369_149810615",604.02333356534,"+"
"PARP12","chr12_121903107_121915855",604.018238559443,"+"
"SNRNP35","chr1_173864304_173865509",603.899021232361,"-"
"RBM15B","chr3_196740157_196765920",603.716252107446,"-"
"RBPMS","chr20_17660528_17682027",603.629617526901,"-"
"ELAVL1","chr13_75526639_75527812",603.594408120095,"-"
"HNRNPA0","chr19_12949159_12949274",603.524088773498,"-"
"ZC3H8","chr12_56724549_56725262",603.517938797308,"-"
"UHMK1","chr13_72781003_72781604",603.156130496143,"+"
"RPS3","chr19_48616824_48617315",603.154945889503,"+"
"ZFP36L2","chr16_31201841_31202416",603.029259702737,"-"
"PUM2","chr18_2960849_3013086",602.937318133027,"+"
"RBM42","chr17_5422829_5432541",602.814799283585,"+"
"GRSF1","chr7_75996599_76000889",602.754253351097,"+"
"RBMS1","chr10_100983817_100986748",602.68716898881,"+"
"RPS3","chr17_5422829_5426235",602.609435661115,"-"
"SAMD4A","chr8_124543279_124549760",602.543234744518,"-"
"TRMT1","chr19_32581700_32582194",602.489954352975,"-"
"YBX1","chr12_10702134_10704050",602.440382280734,"+"
"HNRNPAB","chr12_56666266_56671748",602.407405327818,"-"
"SF3B4","chr1_20779911_20780344",602.336382197356,"+"
"LSM5","chr7_32487757_32489252",602.326960537161,"-"
"SNRPD1","chr19_1272051_1272426",602.195923458754,"+"
"RBMX","chr10_100983817_100986748",601.962876029205,"+"
"TRMT1","chr8_37870528_37874514",601.93266237662,"+"
"RBM42","chr17_44212006_44212818",601.905529756068,"+"
"RBPMS","chr3_158710933_158713796",601.849796537578,"+"
"MCTS1","chr19_9827984_9828326",601.753238190197,"-"
"RBM6","chr4_55609179_55616337",601.731081446561,"-"
"RBM41","chr12_69353377_69353967",601.547021856039,"+"
"TRMT1","chr8_73956054_73972076",601.438478507514,"-"
"TTC14","chr3_180987022_180988022",601.415266754439,"-"
"PSPC1","chr6_27126462_27127263",601.076204564665,"+"
"ZFP36","chr15_69453020_69453646",600.558729935947,"-"
"RPS3","chr19_4324667_4325215",600.494073747411,"-"
"PPP1R10","chr9_133360129_133360264",600.382324719591,"-"
"SAMD4A","chr7_73835002_73841069",600.300430810681,"-"
"PCBP2","chr15_84655404_84657175",600.231297372915,"-"
"RPS3","chr9_136725110_136726310",600.207593440243,"+"
"HTATSF1","chr4_673401_673911",600.162972620627,"+"
"SNRNP70","chr1_165649964_165651977",600.16085454032,"-"
"HNRNPA1","chr4_55600575_55607297",600.072094230306,"+"
"RBMX2","chr7_6003792_6003971",600.001086891998,"+"
"ASCC1","chr19_32581327_32582194",599.830684374658,"-"
"PNO1","chr1_46303820_46310154",599.804668983779,"-"
"RBM8A","chr2_201136107_201140356",599.715073714224,"+"
"TRMT1","chr2_197501238_197501483",599.486499165441,"-"
"SFPQ","chr8_73959818_73972244",599.401621046444,"+"
"SFPQ","chr7_26197866_26200571",599.37740472223,"+"
"SNRPG","chr5_65529199_65542801",599.202153765807,"+"
"RALY","chr4_39321374_39323339",599.155432843629,"+"
"HNRNPA1","chr16_634797_635611",599.117347301465,"+"
"RBM14","chr16_88859972_88860913",599.061810029694,"-"
"EIF3G","chr11_75401733_75404019",598.990393525472,"-"
"THUMPD2","chr2_231708751_231711347",598.970729772945,"+"
"LARP1B","chr7_73835002_73840030",598.962698181281,"+"
"SRRM2","chr18_59157665_59158631",598.943449864,"+"
"LSM3","chr11_62789426_62789885",598.88197350606,"+"
"RPS3","chr2_55234204_55234830",598.838183016043,"+"
"HNRNPF","chr2_38746747_38748046",598.835944580032,"+"
"HTATSF1","chr16_88646197_88646519",598.824132581444,"-"
"SNRPD3","chr12_53295948_53296243",598.819521820839,"-"
"RPS3","chr4_151103079_151104176",598.350920953322,"+"
"ZCRB1","chr18_59157665_59158631",598.204246316818,"+"
"YBX1","chr3_40461661_40461946",598.089431066094,"-"
"POLDIP3","chr12_50222485_50248632",598.053227148056,"-"
"YBX1","chr8_124543279_124546999",597.774004580125,"+"
"PUM2","chr19_38626102_38634992",597.726910279327,"-"
"POLR2G","chr12_124913092_124913320",597.675737621451,"-"
"RPS3","chr1_23694791_23695797",597.564036722211,"+"
"G3BP1","chr5_151751779_151758545",597.526874679473,"+"
"RBMX2","chr8_33041771_33044366",597.441550425448,"+"
"RPS3","chr19_1106459_1106539",597.416400273072,"+"
"TNRC6A","chr17_63766194_63773411",597.367107765608,"+"
"HNRNPD","chr1_45602365_45604935",597.30388799687,"+"
"HNRNPF","chr9_92324209_92325317",597.186355522318,"+"
"SNRPF","chr3_180987022_180988022",597.138991195441,"+"
"LARP6","chr19_35507511_35508204",597.022834848452,"+"
"MBNL3","chr20_408779_410411",597.004875460945,"+"
"RRP7A","chr12_6537189_6538100",596.98736629552,"-"
"RBM3","chr8_96233227_96235523",596.901960736514,"-"
"RBM26","chr19_48965916_48966283",596.713942530014,"-"
"YBX1","chr19_45414034_45414860",596.663958146601,"-"
"RBM47","chr19_35505986_35508204",596.590299453129,"-"
"NUFIP1","chr1_2189781_2192844",596.572908747052,"-"
"PPP1R10","chr1_212433120_212444338",596.562647050667,"-"
"SNRPE","chr12_4612718_4613511",596.278532162978,"+"
"CIRBP","chr11_119017545_119017924",596.204110733019,"-"
"UPF3B","chr8_33041743_33044366",596.126565630741,"-"
"SNRPD1","chr12_117041994_117049018",596.017399157166,"-"
"POLR2G","chr2_101004361_101005958",595.999594401157,"-"
"TRA2A","chr18_9122681_9126830",595.990967553474,"-"
"EIF2S1","chr11_17523267_17523418",595.860500327893,"+"
"PUF60","chr11_32593949_32600688",595.841589426588,"-"
"SNRPF","chr14_77708208_77710837",595.825332892921,"+"
"ZC3HAV1L","chr17_78214789_78216663",595.721957373357,"+"
"HNRNPH3","chr1_119743044_119743885",595.695885556607,"+"
"ZCCHC17","chr7_44579628_44581448",595.662341489286,"-"
"DHX8","chr16_635063_636093",595.632049330018,"-"
"RBM5","chr17_5426082_5426235",595.576711788952,"+"
"HNRNPK","chr9_108942834_108942960",595.532723108385,"+"
"EIF4H","chr6_43055618_43055896",595.179484867059,"+"
"PTBP2","chr5_150444353_150444478",595.16642766095,"-"
"SYNJ2","chr22_37956842_37959345",595.068523952185,"+"
"HNRNPH1","chr14_103915189_103920939",594.633877298341,"-"
"KRR1","chr12_124913092_124913320",594.588803166186,"-"
"ALKBH8","chr21_31659841_31666448",594.556971960238,"-"
"NUFIP1","chr2_27443532_27446300",594.541460531972,"-"
"ZCRB1","chr5_171400210_171405301",594.494935377392,"+"
"SAFB","chr19_18250177_18250311",594.437720653341,"+"
"DNAJC17","chr22_37677065_37679602",594.34259033067,"-"
"GRSF1","chr14_35402534_35402770",594.120391015077,"-"
"RNPS1","chr2_171707377_171715327",594.064351440035,"+"
"CPSF4","chr19_46838799_46839464",594.017193287101,"+"
"EWSR1","chr19_58388245_58393358",593.998310411289,"-"
"ZC3H3","chr3_98881767_98892496",593.960596172696,"-"
"LARP1B","chr17_81510329_81510478",593.957962458455,"-"
"CPEB2","chr20_50096820_50115484",593.93670629205,"-"
"UHMK1","chr13_19674984_19677723",593.904770774604,"+"
"RBM5","chr15_84655404_84657175",593.826709033393,"+"
"YTHDF3","chr18_13726729_13731475",593.752302895076,"-"
"CIRBP","chr11_64319868_64320660",593.61028522071,"+"
"SUPT6H","chr19_42297365_42300008",593.549425229146,"-"
"PSPC1","chr8_86474953_86477293",593.38028916701,"+"
"RBM33","chr12_53297924_53298048",593.365409085618,"-"
"RPS3","chr8_98045399_98045511",593.243620348409,"-"
"SNRPC","chr7_103324562_103325566",593.055724566374,"-"
"RBM15B","chr20_35632025_35632310",593.050213513379,"-"
"ZCRB1","chr9_127714189_127714378",593.045166447093,"-"
"YBX1","chr19_1438428_1438806",593.028897120569,"+"
"NIP7","chr6_75241265_75243422",593.009369011063,"-"
"MATR3","chr7_44835658_44840898",592.673315643058,"-"
"RBM42","chr3_186784696_186785882",592.67092150998,"-"
"HDLBP","chr17_38451393_38451625",592.54337436901,"+"
"RPS3","chr1_44777789_44777999",592.494485014591,"+"
"SNRPD2","chr7_150803832_150804826",592.378125034353,"-"
"UNKL","chr1_45594773_45602254",592.299974603957,"-"
"ZFR","chr20_17680075_17682027",592.296776670011,"+"
"SLTM","chr16_81082963_81084462",592.270012139276,"+"
"RPS3","chr18_49491445_49491531",592.231996195536,"+"
"HNRNPAB","chr19_10177367_10180349",592.217322516991,"+"
"LSM5","chr3_186790255_186790325",592.180494225944,"+"
"SNRPE","chr16_634956_635611",592.156719857615,"+"
"RPS3","chr19_35502886_35505717",592.127739043082,"-"
"LSM1","chr10_68338642_68339139",592.079245647314,"+"
"PUM2","chr19_55388048_55391553",591.936405721088,"-"
"SYNJ2","chr10_12170770_12172764",591.871797783199,"-"
"RRP7A","chr7_75996599_76000889",591.780167587433,"+"
"HNRNPR","chr19_40448046_40458154",591.77048985262,"-"
"RBM8A","chr19_35506185_35509910",591.711428930721,"-"
"SAFB","chr1_150231926_150235732",591.629668668834,"+"
"SNRPB","chr12_55757553_55760550",591.474455823603,"+"
"SNRPE","chr14_94114880_94115780",591.414763491568,"+"
"LSM4","chr3_187121328_187127998",591.350248152062,"+"
"CCAR1","chr7_87341684_87345042",591.25893115481,"+"
"PPIE","chr1_15426018_15428592",591.241757244012,"+"
"GRSF1","chr19_18900449_18904770",591.104045990241,"+"
"LSM5","chr5_151751779_151753814",591.076364750449,"-"
"RBM45","chr12_57303217_57310263",591.044381036154,"+"
"MCTS1","chr19_40775669_40776968",591.029615233068,"-"
"SLTM","chr1_32894933_32895304",590.99012200141,"-"
"HNRNPH1","chr16_85805104_85806737",590.961975570442,"-"
"CPEB4","chr13_114282943_114286518",590.944866101113,"-"
"SSB","chr16_4461959_4463659",590.897373309828,"-"
"PABPC4","chr10_71822007_71825836",590.896024002264,"+"
"LSM5","chr1_153390557_153391040",590.743059055302,"+"
"ZFP36L1","chr5_177332269_177334283",590.730649997897,"-"
"SNRPA","chr15_74920442_74929115",590.725317281073,"-"
"ZC3H7A","chr17_75320550_75321658",590.679533092692,"-"
"PABPC1","chr11_47569891_47571470",590.581874629567,"-"
"RRP7A","chr1_228107869_228108234",590.503849539192,"+"
"APTX","chr2_87455645_87521206",590.489038433938,"+"
"HNRNPA2B1","chr6_166929791_166956096",590.488892017826,"-"
"LARP1B","chr13_110642521_110644384",590.306334850586,"+"
"GTF3A","chr16_27225236_27226719",590.255387960382,"-"
"ZFP36","chr15_83004972_83008547",590.206027898233,"+"
"ZC3H15","chr2_53787372_53794344",590.204733233454,"+"
"LARP4","chr8_61653660_61680967",590.175941555518,"-"
"EIF3G","chr3_172755374_172756982",590.013449338051,"+"
"IGF2BP3","chr1_153619038_153620520",589.998069176737,"-"
"SF3B4","chr3_149375588_149375679",589.989628485113,"-"
"HNRNPH2","chr2_26034735_26093590",589.931371923371,"-"
"TRMT2A","chr4_48892889_48904483",589.931121760269,"-"
"LSM5","chr9_35813519_35813643",589.929986657034,"-"
"EIF3G","chr1_53233652_53235576",589.915330150491,"+"
"SUPT6H","chr5_96727530_96729611",589.797499369395,"+"
"RBM17","chr12_121347005_121352133",589.779686974854,"-"
"RPS3","chr17_42998831_42999932",589.754728033253,"+"
"RPS3","chr19_1106459_1106539",589.685906669936,"+"
"G3BP1","chr16_634956_636093",589.578775570268,"-"
"PABPN1","chr12_123389182_123389432",589.43679631593,"+"
"HNRNPA3","chr7_150804485_150804826",589.408532091007,"-"
"SNRPN","chr13_37007071_37008061",589.368750038211,"-"
"YTHDF2","chr7_73694050_73697604",589.275219716434,"-"
"HNRNPC","chr19_9827984_9828326",589.270311856445,"+"
"RBMS1","chr19_35505986_35510183",589.194576585824,"-"
"MTHFSD","chr17_75320550_75321658",589.148207219681,"-"
"PABPC1","chr2_46591925_46592474",589.077045706584,"-"
"UHMK1","chr4_151103079_151104168",589.061702370979,"-"
"ZC3H8","chr2_200309090_200329430",588.983447473761,"-"
"HNRNPH3","chr16_1962656_1962798",588.971776612138,"-"
"MBNL3","chr11_5226799_5227200",588.918191626589,"-"
"LEMD3","chr1_145925927_145926481",588.797625753883,"-"
"RBM14","chr4_82424883_82425562",588.728364037154,"-"
"ZC3HAV1","chr11_108050066_108052659",588.638001994815,"+"
"PPP1R10","chr3_98825366_98849460",588.60613616721,"+"
"FUS","chr9_33796802_33798485",588.517709121281,"-"
"MTHFSD","chr16_81082963_81087600",588.290896786799,"-"
"NAA38","chr12_4543904_4546308",588.242435380174,"+"
"RPS3","chr9_37588932_37592411",588.225339893884,"+"
"HTATSF1","chr12_76047718_76048392",588.168317685476,"+"
"UPF3B","chr1_45511414_45514872",587.578916445239,"-"
"RRP7A","chr5_96727530_96729611",587.481749169655,"-"
"CPEB4","chr2_46905594_46909022",587.432095688677,"-"
"CPSF6","chr6_136383781_136388392",587.367981885527,"+"
"CARHSP1","chr12_53295639_53297849",587.348936261214,"+"
"CIRBP","chr11_64319868_64320660",587.333440557015,"+"
"RALY","chr2_73950732_73958145",587.32125148366,"-"
"PSPC1","chr1_244862730_244863673",587.210773253601,"-"
"PCBP4","chr15_34342111_34343019",587.204756357485,"-"
"SNRNP35","chr14_22567164_22575058",587.099365753528,"-"
"NUFIP1","chr3_98849598_98867290",587.097755991076,"-"
"LARP7","chr12_117041994_117049018",587.042894567899,"-"
"CPSF7","chr19_35508240_35510183",587.03721361802,"-"
"AKAP1","chr1_197902913_197905795",587.004479874588,"+"
"MCTS1","chr19_35508240_35509910",586.981767086106,"-"
"RPS3","chr17_8379936_8382142",586.972114440942,"+"
"IGF2BP3","chr19_9828064_9828326",586.960093317868,"+"
"POLDIP3","chr4_56453761_56459371",586.946375420296,"-"
"PPIE","chr3_186784696_186785882",586.894694894585,"-"
"TDRKH","chr1_203861713_203862190",586.873635502544,"-"
"NONO","chr3_158602939_158605096",586.837740355821,"+"
"AKAP1","chr11_47622776_47627079",586.790329429396,"-"
"RBM28","chr11_68688100_68688848",586.771629317489,"+"
"RBM47","chr19_1105809_1106180",586.760671076478,"-"
"HNRNPL","chr12_110436683_110437083",586.661084034771,"+"
"HTATSF1","chr4_83456958_83459739",586.602875934212,"+"
"CPSF4","chr1_1402256_1402461",586.516925066975,"-"
"LSM4","chr12_53295639_53296453",586.422307198806,"-"
"PUM2","chr9_15478552_15486005",585.950163864503,"-"
"TRNAU1AP","chr3_156544439_156548865",585.784211627246,"-"
"EIF2S1","chr2_131484218_131485944",585.697561813557,"-"
"PUM2","chr16_634797_635280",585.680642698704,"+"
"POLDIP3","chr18_694334_706469",585.653125260589,"-"
"YTHDF2","chr1_28743986_28768928",585.624684145884,"+"
"HNRNPH3","chr8_144790470_144791439",585.623407600084,"-"
"SETD1B","chr19_32581700_32582194",585.591395550779,"-"
"TARDBP","chr17_35820248_35820331",585.590936133872,"+"
"RPS3","chr9_127450804_127451049",585.542848600025,"+"
"RBMX","chr17_42570183_42571546",585.52257091165,"+"
"RBM10","chr7_54755924_54757494",585.509250361415,"-"
"SRRT","chr16_23585423_23596122",585.462941634282,"-"
"RBM47","chr12_50231710_50248632",585.429225890218,"+"
"SAMD4B","chr19_29942664_29985222",585.337953050356,"+"
"AKAP1","chr3_127692323_127710575",585.302920971382,"-"
"TRMT2A","chr21_46287123_46296161",585.276685242279,"-"
"MKRN1","chr16_19411176_19430412",585.223549168468,"-"
"PUF60","chr19_55401762_55404060",584.922284543676,"-"
"LARP1B","chr1_92834913_92840550",584.866133591178,"-"
"RC3H1","chr12_122982538_122982623",584.83766602527,"-"
"PPP1R10","chr2_200306601_200329430",584.810661338325,"-"
"RBM3","chr3_108047292_108049618",584.79092781357,"-"
"YTHDF2","chr16_19715037_19718157",584.752449053734,"+"
"LSM1","chr4_83456958_83459739",584.709053976381,"-"
"SNRPD3","chr15_40037018_40037308",584.707797300744,"-"
"TRMT2A","chr19_3452666_3456549",584.577192313303,"-"
"FUS","chr6_70395043_70399214",584.499375778456,"-"
"ZNF239","chr11_93740993_93741321",584.290793526747,"-"
"PUM1","chr18_74253665_74255740",584.286507668913,"+"
"SLBP","chr6_70395043_70399214",584.149907555132,"-"
"LARP1B","chr14_103913984_103914478",583.92868378867,"-"
"PDCD11","chr5_133993015_134004646",583.718517893629,"-"
"BICC1","chr6_126340444_126346204",583.691147702254,"-"
"LSM3","chr7_44115396_44115765",583.499261536054,"+"
"SYNCRIP","chr6_32948868_32949270",583.462804694512,"+"
"RBM43","chr20_31744675_31757406",583.331322293206,"-"
"YTHDF1","chr20_50731852_50737856",583.322703163198,"+"
"RC3H2","chr20_50731840_50737856",583.321236243884,"-"
"CCAR1","chr4_55605349_55609119",583.30808288259,"-"
"LSM3","chr19_9828064_9828326",583.250466201968,"+"
"SNRPD3","chr12_66138734_66145840",583.241231650384,"+"
"YTHDC2","chr3_131501715_131502729",583.068776512608,"+"
"THUMPD1","chr3_37096660_37129062",583.054877018257,"+"
"TRA2A","chr2_85596649_85596856",583.046597065086,"-"
"SNRPB2","chr2_130182452_130190468",583.004987034037,"-"
"ZFP36L1","chr7_66993417_66994219",582.871344711522,"-"
"TARDBP","chr4_82355401_82356795",582.854807384198,"+"
"TRA2A","chr17_7012761_7013665",582.837170481353,"+"
"RC3H1","chr5_132866687_132866868",582.83504701679,"+"
"ZC3HAV1L","chr1_23692759_23693810",582.739257516192,"-"
"SNRNP70","chr9_93110721_93112217",582.717813207304,"+"
"SART3","chr19_58388245_58393358",582.607820428265,"+"
"YBX1","chr21_39177571_39178448",582.430067016306,"+"
"SUPT6H","chr19_2324196_2324741",582.351568731965,"-"
"LSM5","chr5_65542848_65551563",582.322517733599,"+"
"PUF60","chr12_122511188_122515104",582.265543686477,"+"
"RBM10","chr14_35046628_35053277",582.193408167439,"+"
"RBM18","chr5_176384374_176385220",582.169720945811,"-"
"PARP14","chr5_171400210_171405301",582.060527785928,"-"
"SLBP","chr3_186790255_186790325",582.010472794222,"+"
"EIF4H","chr3_146525647_146528613",582.005971402333,"+"
"UHMK1","chr19_40775833_40776968",581.985742820352,"+"
"UHMK1","chr10_13132197_13133501",581.982332350466,"+"
"UPF1","chr19_45414034_45414860",581.980187535757,"-"
"LSM4","chr3_160404504_160411919",581.908361769003,"+"
"LARP7","chr19_29942664_29971192",581.875004576358,"+"
"RC3H1","chr12_76459895_76487509",581.855065921186,"-"
"LSM4","chr7_21908507_21911616",581.838840851442,"+"
"RBMS2","chr17_42951894_42954875",581.657107399178,"-"
"LSM7","chr19_41860445_41860774",581.626541210629,"-"
"DHX8","chr16_66552793_66563071",581.527752070538,"-"
"HNRNPAB","chr3_131501715_131502729",581.524047066592,"+"
"ZNF74","chr10_12172866_12177792",581.463376339143,"-"
"ZC3HAV1L","chr1_212442625_212445829",581.440218418042,"-"
"HNRNPH3","chr18_79973856_79977597",581.394857245429,"-"
"CPSF6","chr6_126340399_126346204",581.326861418267,"-"
"UNK","chr8_61681036_61682438",581.257762658013,"-"
"NIP7","chr20_34078553_34084660",581.233992416531,"-"
"CSDE1","chr3_186784696_186784961",581.203609714116,"-"
"RRP7A","chr10_103392466_103396297",581.16654430819,"-"
"SNRPD1","chr1_35605308_35609245",581.153368555609,"-"
"POLDIP3","chr7_99363633_99365911",581.139224763114,"-"
"RRP7A","chr3_98867438_98881539",581.094324333354,"-"
"NIP7","chr6_13793947_13798832",581.022867599013,"+"
"TRA2A","chr15_78542645_78544189",580.920565122929,"+"
"CPEB4","chr20_56388202_56390555",580.788774551052,"+"
"PCBP2","chr20_56388202_56388686",580.646304980382,"+"
"ZCCHC17","chr16_634797_635611",580.610562971487,"-"
"LARP1","chr3_111920419_111932268",580.528354265688,"-"
"ZCCHC17","chr11_66056955_66057268",580.507928503162,"-"
"HNRNPF","chr10_130179420_130180112",580.425167147422,"+"
"SNRPB","chr11_67611569_67612119",580.351339414454,"-"
"ZFP36L2","chr13_114282943_114286301",580.297412746409,"+"
"RBPMS","chr6_43054486_43055544",580.284001821944,"-"
"RBMX2","chr9_124861555_124861909",580.187796730777,"+"
"HNRNPH1","chr1_154990257_154992712",580.152395518113,"-"
"SSB","chr19_29942664_29971192",580.116649513669,"-"
"RNF113A","chr4_107858553_107895309",580.0354418779,"+"
"SAFB2","chr11_64317132_64317263",580.028307017743,"-"
"ZCCHC17","chr12_6975148_6975695",580.012869374793,"-"
"LSM7","chr19_6366363_6368537",579.993032071205,"+"
"DAZAP1","chr12_55752840_55760550",579.986989964915,"-"
"RBM39","chr6_26124633_26138053",579.918033362989,"+"
"RRP7A","chr19_34209051_34215595",579.896718419674,"-"
"CCAR1","chr2_42169636_42245504",579.871181180443,"+"
"HELZ","chr12_69353377_69353967",579.789336896304,"+"
"RPS3","chr19_18250472_18255219",579.777046223997,"-"
"RRP7A","chr11_64245287_64245669",579.641093901021,"-"
"RBM25","chr3_15413945_15415497",579.616665175636,"+"
"POLR2G","chr17_58720812_58732483",579.456481349825,"-"
"RBMS1","chr7_75987285_75987359",579.383558188187,"+"
"CNOT4","chr6_2838686_2840418",579.288701631151,"+"
"UHMK1","chr11_64227666_64229246",579.25743177378,"+"
"LARP7","chr3_158710505_158710737",579.253466499656,"-"
"ZCRB1","chr19_29971227_29985222",579.182135870873,"+"
"CSDE1","chr6_47576602_47577008",579.153987346719,"+"
"ZC3HAV1","chr18_13671973_13681604",579.069270457359,"+"
"HNRNPA0","chr7_5229738_5230834",579.065585634129,"+"
"FXR1","chr15_34227846_34229752",579.023218119882,"+"
"PPIL4","chr8_61638363_61642887",578.995599945576,"+"
"ZNF638","chr8_73956054_73972244",578.902666117067,"-"
"RBM41","chr2_216499398_216499631",578.696306045187,"-"
"THUMPD1","chr2_69788141_69825455",578.683586288553,"-"
"LSM4","chr7_73694050_73697604",578.598504855854,"+"
"CIRBP","chr15_69453421_69453646",578.584653117067,"-"
"MSI2","chr9_34614132_34614709",578.573716320433,"-"
"SAFB","chr6_70395266_70399214",578.477663938178,"+"
"ELAVL1","chr6_33290450_33290715",578.466177705521,"+"
"ELAVL1","chr16_2243224_2243317",578.308827860366,"+"
"TRMT2A","chr1_235113910_235119338",578.308706687787,"-"
"RBMX2","chr12_53295639_53298044",578.106178712781,"-"
"A1CF","chr17_31976614_31988319",578.102680693705,"-"
"RBMXL1","chr16_4795449_4795694",577.867948249107,"-"
"HNRNPL","chr3_28263380_28316332",577.864094529452,"+"
"SSB","chr5_149517877_149520289",577.82497637205,"+"
"HNRNPA2B1","chr5_69175537_69177238",577.709984825261,"+"
"RPS3","chr9_19376651_19378367",577.627828172631,"+"
"IREB2","chr12_76459895_76487509",577.544334612819,"+"
"RBM8A","chr4_39774933_39777681",577.468524330599,"+"
"TRA2B","chr5_134380808_134388324",577.401301736685,"+"
"DNAJC17","chr4_55609179_55630401",577.253714341384,"+"
"TRA2B","chr10_123162828_123165046",577.217026943935,"+"
"PTBP1","chr1_153543922_153544653",577.178361971613,"-"
"LSM5","chr7_44834562_44840898",577.151414458425,"-"
"SNRPA","chr1_156744348_156745007",577.122647810241,"+"
"ZC3H15","chr1_171512200_171513000",577.081451339215,"-"
"HNRNPH1","chr12_54282874_54283811",577.040164539081,"-"
"EWSR1","chr3_179588995_179592643",577.030410839284,"+"
"LARP4B","chr12_57303217_57310263",577.019047928317,"+"
"HNRNPH1","chr16_1964628_1964806",577.017851812617,"+"
"RPS3","chr19_41860844_41861111",576.997972932989,"-"
"LSM5","chr17_75130642_75130752",576.970070325466,"+"
"LSM4","chr18_79973856_79976717",576.921058730484,"-"
"HNRNPA0","chr11_63999560_63999641",576.865131143598,"+"
"HNRNPR","chr19_45413745_45414860",576.792295007981,"+"
"ZC3H15","chr6_10749698_10755141",576.782627790638,"-"
"RPS3","chr19_49490576_49490778",576.756923169615,"+"
"THUMPD3","chr12_6566336_6566528",576.719192631068,"+"
"NUFIP1","chr19_35508240_35509910",576.700989281244,"+"
"RBM17","chr9_136850137_136850502",576.67496826996,"-"
"RBMX2","chr3_158704927_158713796",576.667702335975,"+"
"ZNF638","chr1_193023946_193028084",576.618616148052,"+"
"SPEN","chr5_69372217_69373829",576.535601392083,"+"
"PABPC4","chr3_172755575_172756982",576.525691041393,"-"
"LSM4","chr10_1005907_1007017",576.515828299306,"+"
"THUMPD3","chr9_137615000_137615073",576.455978712366,"+"
"SRRM1","chr4_82426129_82426462",576.416216956451,"+"
"G3BP1","chr17_42951894_42954875",576.221676876042,"-"
"SNRPG","chr5_65529199_65542801",576.177092288176,"+"
"MKRN1","chr10_94546498_94554125",576.115355559641,"+"
"CSTF2","chr16_634956_635611",575.91075339163,"-"
"LSM7","chr16_14672749_14688164",575.869014556924,"+"
"HNRNPM","chr1_156745373_156751342",575.84562194126,"+"
"IGF2BP2","chr19_35505986_35507457",575.816187847207,"+"
"RBMX2","chr14_34608140_34609637",575.812598718831,"+"
"PUF60","chr8_73959818_73972244",575.767419469197,"+"
"SNRNP35","chr19_18571887_18573292",575.703945238982,"-"
"PUM2","chr19_32581327_32582194",575.691358782803,"+"
"NIP7","chr14_54418306_54419991",575.663306847813,"-"
"LSM4","chr16_634797_635280",575.595482684006,"+"
"UNK","chr12_53295639_53295838",575.421885844667,"-"
"ELAVL1","chr20_59035126_59036470",575.400087275341,"+"
"PRR3","chr2_69819338_69825455",575.39085518129,"-"
"MEX3D","chr13_31141259_31145562",575.367602017708,"-"
"LARP1B","chr10_32933583_32935491",575.338296529399,"-"
"ESRP1","chr3_37096660_37129062",575.307964178798,"+"
"POLR2G","chr9_19378511_19378707",575.286193085927,"-"
"PUF60","chr20_62308178_62308654",575.283053166843,"-"
"MKRN2","chr1_161100859_161117951",575.206226061711,"-"
"RBM17","chr5_139600435_139614585",575.111386135992,"+"
"RPS3","chr11_93734660_93737063",575.078030894733,"-"
"RBM15B","chr8_56305722_56306675",575.052261004341,"+"
"SNRPB","chr20_62308178_62308654",574.640397577502,"-"
"SNRPC","chr22_40364365_40364879",574.455559915057,"+"
"NOL8","chr16_635340_635611",574.378438709175,"-"
"RBMXL1","chr5_178149838_178153490",574.375860304038,"+"
"RPS3","chr19_41861212_41863870",574.04595475784,"-"
"YBX1","chr9_124858537_124860182",574.008920954741,"-"
"ZFP36","chr11_64227666_64229246",573.99403854287,"+"
"LSM5","chr20_45814470_45815540",573.785355382273,"+"
"PARP10","chr19_1440255_1440348",573.65341268389,"-"
"PUF60","chr19_12677211_12677290",573.64616338424,"+"
"HNRNPH1","chr1_171512200_171512994",573.611702028025,"-"
"ESRP2","chr14_103913984_103921469",573.389163173321,"-"
"DNAJC17","chr1_156055425_156055570",573.302924863238,"-"
"HNRNPH3","chr12_56116829_56117188",573.284757872012,"-"
"ZFP36L2","chr15_60386086_60397257",573.281113219528,"-"
"TIPARP","chr8_85219360_85220305",573.253193680098,"-"
"YTHDF3","chr14_34605717_34609637",573.205339118136,"-"
"KHSRP","chr6_31731003_31732009",573.170463284999,"-"
"PAN3","chr6_109369017_109370410",573.127304823061,"+"
"NONO","chr21_32601973_32602271",573.061287299051,"+"
"NIP7","chr3_44926847_44929305",572.873970636419,"+"
"SYNCRIP","chr1_161158211_161158411",572.708916398801,"+"
"SSB","chr19_39433545_39433664",572.700719109483,"-"
"RBMS1","chr1_15426018_15428592",572.659447498694,"-"
"LSM10","chr12_56116799_56117481",572.516738732291,"-"
"TAF15","chr8_37877551_37899073",572.49898193274,"-"
"LSM10","chr8_38264604_38266140",572.309945453246,"-"
"EIF2S1","chr13_46775692_46777455",572.245045639684,"-"
"IGF2BP2","chr6_26124749_26127697",572.046047086008,"+"
"ZC3H8","chr16_4848210_4857989",571.849326200812,"-"
"EIF3G","chr12_120197462_120198553",571.784157275423,"-"
"EIF4B","chr11_64245054_64245203",571.566863214485,"-"
"LSM5","chr17_59112345_59131280",571.543510126086,"-"
"LSM6","chr14_22830254_22830963",571.47549359931,"-"
"LARP7","chr14_55661612_55667240",571.366806336286,"+"
"HNRNPM","chr3_108047292_108050577",571.310231905952,"+"
"ZC3H12A","chr1_36456378_36460691",571.158704747062,"-"
"ZFP36L2","chr4_2042068_2042326",571.079790362316,"+"
"HNRNPAB","chr4_145111064_145112238",570.696141250482,"+"
"RBM7","chr2_46591925_46592474",570.69379007743,"-"
"RBM12B","chr6_12290693_12292340",570.686941931928,"+"
"SF3A1","chr21_31659841_31663789",570.674291634833,"+"
"TMEM63A","chr15_88639594_88652169",570.584650152291,"-"
"LSM4","chr2_38746747_38748046",570.500921136329,"+"
"RPS3","chr9_19376651_19378367",570.487543603921,"+"
"RBM28","chr1_153561588_153563733",570.467173776235,"+"
"YTHDF1","chr17_82036448_82036543",570.402211780037,"+"
"CARHSP1","chr2_223765350_223775900",570.401745263508,"+"
"SNRNP70","chr12_109088512_109090008",570.367798217275,"-"
"RBMX","chr8_70598255_70600018",570.366125558997,"+"
"HNRNPH3","chr19_55401762_55404287",570.310310083433,"+"
"LSM3","chr17_81239678_81240986",570.210076508515,"+"
"PUF60","chr20_62308178_62308654",570.179441401729,"-"
"LSM4","chr22_40953633_40967798",570.061215111737,"-"
"RC3H1","chr11_406059_406348",570.005161570181,"-"
"THUMPD3","chr5_96740783_96741265",570.002935688907,"-"
"RBM7","chr15_60396427_60397257",569.995878026643,"+"
"LSM3","chr10_128116007_128116490",569.953172963831,"+"
"EIF3G","chr11_532755_533452",569.875585387134,"+"
"RBM19","chr19_35116359_35119362",569.83932768866,"-"
"SPEN","chr18_21622801_21623870",569.764057127055,"-"
"RBMS1","chr19_2324196_2324741",569.750703409319,"-"
"CPSF7","chr6_31835451_31837235",569.718085478094,"+"
"SYNCRIP","chr19_41860445_41860774",569.597100296719,"-"
"RBM19","chr20_49278738_49279103",569.590482724101,"+"
"ZCRB1","chr15_41387593_41388447",569.493940111092,"+"
"G3BP2","chr20_16041278_16044570",569.465503200232,"+"
"TTC14","chr15_74929232_74937914",569.420339747367,"+"
"RBM4","chr10_12035441_12042754",569.383148923906,"+"
"RBMX","chr16_75106571_75107732",569.356421224715,"+"
"RBPMS","chr22_36511000_36511502",569.323288553813,"+"
"LARP4B","chr11_134248484_134249166",569.322348791493,"-"
"MBNL2","chr1_25351693_25356792",569.265612441025,"-"
"KIN","chr6_170577717_170578856",569.250980505108,"+"
"RPS3","chr6_85677875_85677953",569.207348881534,"+"
"ZC3H15","chr1_1402256_1405802",569.1617762571,"-"
"HNRNPH2","chr19_35505986_35509910",569.139048923435,"+"
"RRP7A","chr20_44885886_44887647",569.134135667746,"-"
"ZC3H13","chr9_34614132_34614709",568.979922854002,"-"
"ZFP36L1","chr3_197950299_197950935",568.91649003119,"+"
"LSM3","chr6_31639226_31640198",568.841060522672,"-"
"YTHDF2","chr3_160404504_160411919",568.833994784796,"+"
"YTHDC1","chr4_48899925_48904483",568.830642442183,"-"
"SRBD1","chr4_55609179_55630401",568.805696185973,"-"
"SUPT6H","chr1_39561122_39561684",568.75064308353,"+"
"PABPC1","chr16_635063_636093",568.661521889265,"-"
"SNRPC","chr5_131159611_131160655",568.622176992695,"-"
"PAN3","chr1_153535360_153536116",568.556540318318,"-"
"HNRNPH3","chr21_25729801_25734852",568.533795780918,"+"
"HTATSF1","chr4_83456958_83459739",568.528452476934,"+"
"MEX3D","chr1_156737534_156738030",568.505634584282,"-"
"ESRP1","chr7_148829848_148846469",568.474042513669,"-"
"LSM6","chr6_41789332_41789567",568.332020235717,"-"
"ACO1","chr12_101726404_101728900",568.322138434327,"+"
"RBMX","chr22_49824331_49827496",568.310593883413,"+"
"LSM4","chr20_45815745_45815853",568.298323120715,"+"
"LSM3","chr5_65542848_65551563",568.276290123144,"+"
"EIF2S1","chr20_16044639_16049829",568.232403257131,"+"
"PPP1R10","chr12_56160320_56162263",568.2257674255,"-"
"POLR2G","chr16_80976179_80980769",568.166735943762,"-"
"PPIL4","chr19_35505986_35506125",568.145526013564,"+"
"HNRNPH1","chr16_66558348_66565885",568.051491615236,"+"
"TRMT1","chr19_35505986_35510183",568.025849298942,"-"
"RBM25","chr15_41349241_41351032",568.025030468419,"-"
"PARP14","chr17_50737026_50740305",567.945819891067,"+"
"SF3B4","chr7_100871721_100872623",567.936861516064,"+"
"RPS3","chr8_98042775_98045346",567.900231584324,"-"
"PPIE","chr4_108620712_108621950",567.874690056368,"+"
"FUBP3","chr18_12712760_12724498",567.80281418368,"-"
"RBM3","chr9_35684807_35685268",567.791685991435,"+"
"SUPT6H","chr19_14517046_14518138",567.779175088473,"+"
"LARP4","chr19_40448046_40458154",567.7356948581,"-"
"RPS3","chr13_45337388_45338659",567.718512816361,"+"
"SRRM2","chr17_50368313_50370031",567.643825479445,"-"
"PDCD11","chr4_48899925_48904483",567.590149996514,"-"
"RBM15B","chr7_100435533_100435847",567.508946975824,"-"
"RBM15","chr12_76060279_76084566",567.424892978553,"-"
"RBM8A","chr2_201136107_201140356",567.290202209844,"+"
"NUFIP1","chr19_29942664_29985222",567.285530138809,"-"
"TRNAU1AP","chr2_130182452_130190468",567.283910364998,"-"
"EIF4B","chr12_76047718_76048420",567.202065296224,"+"
"UPF3B","chr6_31731003_31732009",567.075673397553,"-"
"KHDRBS3","chr11_532522_532651",567.050340395655,"-"
"GTF3A","chr5_10263259_10264655",567.034792696639,"-"
"MCTS1","chr13_114282943_114286518",566.952461238502,"-"
"SLBP","chr10_68956312_68959805",566.949199520624,"+"
"LARP1B","chr16_31201841_31202416",566.919837543719,"+"
"RBM3","chr1_161157693_161158411",566.900881133392,"-"
"BICC1","chr9_127714282_127714378",566.866254953694,"+"
"FUS","chr17_82236231_82260898",566.844095233913,"+"
"SAFB2","chr12_54182623_54183655",566.802026234826,"+"
"PABPC1","chr19_38381824_38382116",566.723238698506,"-"
"SNRPD2","chr12_53666752_53669147",566.711084649033,"-"
"HNRNPA1","chr8_144098994_144099276",566.701277627297,"-"
"ZC3HAV1L","chr9_136993664_136993769",566.665208269385,"-"
"RPS3","chr17_8382315_8383156",566.637579543742,"+"
"FUS","chr5_96722698_96726793",566.559438006972,"-"
"RBM10","chr3_122363027_122368175",566.523081938692,"+"
"ZCRB1","chr19_5690389_5690505",566.383838475509,"-"
"SRRM2","chr1_153535360_153536116",566.375306051456,"-"
"KHDRBS1","chr17_7016685_7016909",566.334519603308,"+"
"SAFB","chr15_41349241_41350987",566.256948734127,"-"
"CPSF4","chr6_7581569_7582641",566.251038617124,"+"
"RPS3","chr5_181237319_181237608",566.210000554883,"-"
"NSUN6","chr3_186784696_186785882",566.122064772721,"-"
"SRRM2","chr19_5690389_5690505",565.963790316244,"-"
"PARP12","chr6_85677868_85677953",565.915903281567,"-"
"GRSF1","chr19_41861560_41869030",565.910802265201,"-"
"AKAP1","chr19_45413745_45413962",565.907607403625,"-"
"ZCRB1","chr7_44835658_44840898",565.866502291855,"+"
"PABPC4","chr11_64319868_64320660",565.790184702585,"-"
"ANKRD17","chr15_78880579_78886140",565.723228746128,"+"
"TRNAU1AP","chr1_15426018_15428592",565.667183472614,"-"
"YTHDF2","chr22_23894568_23894771",565.322877436562,"-"
"SAFB","chr5_149513209_149520289",565.29635495448,"+"
"RBM10","chr15_74920442_74926765",565.209978187681,"-"
"SNRPE","chr8_144099121_144099276",565.185698656931,"-"
"RPS3","chr5_82277851_82278319",565.155572054559,"-"
"SRRT","chr7_2257023_2257364",565.078182280017,"+"
"RBM42","chr1_203862222_203863662",565.017638371159,"-"
"FUS","chr17_38731439_38733275",564.84883232872,"+"
"FUBP3","chr6_26158559_26170974",564.801356447315,"+"
"LSM6","chr12_122519029_122521384",564.710570012933,"+"
"TRA2B","chr3_108188230_108191520",564.707107159067,"-"
"EIF3G","chr16_85805864_85806826",564.698319303638,"-"
"FXR1","chr3_195392147_195442794",564.693639701181,"+"
"MEX3D","chr19_41957119_41958735",564.688746599303,"-"
"RPS3","chr19_41861560_41869030",564.656839355961,"-"
"LSM5","chr19_38382237_38383252",564.582920038314,"-"
"RPS3","chr19_41862356_41869030",564.568522138812,"-"
"CPSF4","chr8_61644632_61646749",564.287945753627,"-"
"PABPC4","chr8_108233672_108234997",564.222678085734,"+"
"APTX","chr1_159961405_159976643",564.160657901207,"-"
"HNRNPH3","chr14_103915189_103920939",564.083204019506,"-"
"NAA38","chr16_11896782_11897839",564.050358335319,"+"
"CPSF6","chr20_17570211_17600737",564.007131364359,"+"
"ZC3HAV1","chr7_39623825_39696684",563.999486465829,"-"
"RBM5","chr7_16801803_16804952",563.958491981766,"-"
"SSB","chr14_96528006_96531474",563.897864892314,"+"
"GTF3A","chr11_88326443_88328111",563.8706336383,"+"
"LSM3","chr14_54411706_54415898",563.729386351987,"+"
"RBM47","chr12_15621430_15623157",563.721374355719,"+"
"UPF3B","chr12_100205744_100207662",563.589296730877,"+"
"ZC3H18","chr1_155521618_155562152",563.543663375347,"+"
"ACIN1","chr8_61644632_61651049",563.530786807955,"-"
"RBM27","chr3_40458736_40461938",563.444077294013,"-"
"SF3A1","chr18_31522249_31524447",563.385885358325,"+"
"ZCCHC17","chr5_151751776_151758545",563.280815949032,"-"
"APTX","chr13_45337403_45338659",563.250993047827,"-"
"SNRPB2","chr20_34105545_34112095",563.210935281401,"+"
"MBNL1","chr16_634797_635611",563.182416223428,"+"
"ZC3H14","chr3_167720273_167734213",563.179655707769,"-"
"TRNAU1AP","chr6_85612923_85614980",563.17444347916,"+"
"LSM6","chr8_98045409_98045507",563.170014950838,"-"
"DUS3L","chr9_32553944_32570959",563.164783388347,"-"
"HTATSF1","chr18_74253665_74255740",563.054290990252,"+"
"RBM19","chr5_96695907_96729152",562.999276308762,"-"
"DAZAP1","chr19_18571909_18573292",562.982910728682,"-"
"ZFP36","chr1_165652035_165655367",562.451305888953,"-"
"NAA38","chr3_197950978_197951158",562.326143239586,"+"
"TRMT2A","chr11_1837084_1837191",562.213148980327,"-"
"PDCD11","chr11_134248484_134249166",562.040212818366,"-"
"ZC3HAV1L","chr14_22575233_22589030",562.007275341425,"-"
"ANKRD17","chr7_100153517_100153849",561.915814407435,"-"
"RNPS1","chr4_82354154_82355303",561.799888110897,"+"
"HNRNPH2","chr2_69819338_69825455",561.771286246167,"-"
"SYNCRIP","chr17_59131367_59155130",561.761987420015,"+"
"EIF3B","chr16_69711281_69714963",561.661362288175,"-"
"FMR1","chr12_121903107_121915855",561.645587563514,"+"
"PARP14","chr6_136383781_136388392",561.58373136439,"+"
"LEMD3","chr4_55595411_55599164",561.432404552798,"-"
"IREB2","chr5_133993015_134004646",561.432387405157,"-"
"CPSF7","chr19_38290575_38304374",561.386966082533,"-"
"RNF113A","chr2_169812506_169815476",561.271103131298,"+"
"RBMX2","chr3_101682343_101682428",561.207713690441,"-"
"ELAVL1","chr11_763940_764287",561.15069078442,"-"
"SNRPB","chr12_101726404_101728900",561.069682735742,"+"
"SRRT","chr4_56452052_56453602",561.040381180593,"+"
"HNRNPM","chr3_108047292_108057476",560.943423328501,"+"
"PUF60","chr11_62833674_62833791",560.790277026185,"+"
"KHDRBS1","chr16_1962270_1962735",560.772965742789,"-"
"HNRNPL","chr11_88326443_88334936",560.645404800682,"+"
"HNRNPA2B1","chr3_172755374_172755482",560.60603041332,"+"
"SYNCRIP","chr11_10807381_10808704",560.596142606635,"+"
"KHSRP","chr8_144098994_144099276",560.575891348669,"-"
"PSPC1","chr8_85217502_85219322",560.560029451309,"-"
"HTATSF1","chr6_85637143_85637242",560.521886308555,"+"
"HTATSF1","chr3_157150381_157152176",560.39721901359,"+"
"SUPT6H","chr12_102017805_102025973",560.327245471729,"-"
"PAN3","chr2_70288192_70293617",560.313186310971,"-"
"KHDRBS1","chr10_31854206_31861394",560.312734777754,"+"
"RBM28","chr11_10807381_10808704",560.250582142091,"+"
"UPF1","chr3_172755374_172755482",560.096672736085,"+"
"MBNL1","chr6_85677875_85677953",560.081992292957,"+"
"TRMT1","chr3_169966858_169975607",560.040569411934,"+"
"RALY","chr11_86306482_86337378",559.897785285642,"+"
"PTBP1","chr3_111932397_111939474",559.880968381348,"+"
"MKRN1","chr19_38290280_38290536",559.697281396288,"+"
"RBM12","chr2_231710584_231711347",559.687634614219,"-"
"FUBP1","chr13_19674984_19677723",559.61047437553,"+"
"RC3H2","chr3_172755374_172756982",559.567475210155,"+"
"ZC3H15","chr2_200306601_200329430",559.381151027003,"-"
"PSPC1","chr13_60132989_60163586",559.319003548582,"+"
"EIF3G","chr19_5896650_5896904",559.23704316384,"-"
"RPS3","chr1_173864506_173865228",559.2179355374,"-"
"RPS3","chr9_133350319_133350656",559.174997948604,"-"
"HNRNPH1","chr17_60083766_60085054",559.098824227895,"-"
"PUF60","chr22_41677132_41680243",558.94839028789,"-"
"HNRNPD","chr13_36952599_36971976",558.941849825482,"-"
"SNRPC","chr11_47622776_47625673",558.899324860607,"+"
"PUM2","chr3_196740157_196782625",558.768763602594,"-"
"HNRNPK","chr19_16076172_16081912",558.53583924583,"-"
"UHMK1","chr19_5678648_5678774",558.527780852088,"-"
"PPP1R10","chr19_35651349_35658593",558.455804347701,"-"
"ASCC1","chr10_123162828_123163819",558.454633161297,"-"
"PARN","chr1_173864079_173864256",558.338241660999,"-"
"HNRNPL","chr13_75804541_75817160",558.295013971619,"-"
"HTATSF1","chr4_82426129_82427189",558.218698089307,"-"
"SRRM1","chr3_149371867_149375438",558.111978665485,"-"
"FUBP3","chr11_62433891_62491731",558.065598980871,"+"
"RBM17","chr4_82371584_82373445",557.933497395817,"+"
"RPS3","chr13_27255354_27256183",557.894989398861,"+"
"SAMD4B","chr5_134741523_134743986",557.885656967105,"+"
"RBM8A","chr1_151167414_151168143",557.864645116963,"+"
"RAVER2","chr1_167918359_167920546",557.853254843871,"-"
"RBM8A","chr2_73927052_73958145",557.840391577809,"+"
"PNO1","chr5_73128531_73131540",557.721124987435,"-"
"PPIE","chr2_200372251_200389222",557.685089637273,"-"
"YTHDF3","chr22_15788931_15790660",557.64259802442,"+"
"SF1","chr12_131764686_131766117",557.585064023372,"+"
"HNRNPAB","chr4_82424883_82425562",557.579266111726,"+"
"TRMT2A","chr16_67934948_67935295",557.543491211493,"-"
"SNRPD3","chr14_70329236_70342657",557.529572637698,"+"
"ZCRB1","chr21_31659841_31663789",557.489805945836,"+"
"GTF3A","chr19_32582232_32584949",557.486751097319,"+"
"TRA2A","chr19_4324664_4325215",557.443097025346,"-"
"G3BP2","chr9_73165209_73166096",557.43940721688,"+"
"SAFB","chr7_150792175_150793087",557.315031582699,"+"
"PPP1R10","chr3_186790245_186790325",557.310674782286,"-"
"FUS","chr7_22813185_22817411",557.299552159475,"-"
"SLBP","chr8_85217502_85219235",557.297974499157,"+"
"THUMPD2","chr19_44172952_44175497",557.291603649754,"-"
"ZRANB2","chr11_88326399_88328111",557.237875901062,"-"
"RPS3","chr9_124858537_124860182",557.226987364781,"-"
"ESRP2","chr1_205727805_205749956",557.219705583803,"-"
"LSM10","chr5_74773994_74776603",557.155710461018,"-"
"SYNJ2","chr3_111920419_111932268",557.085952013367,"-"
"RPS3","chr19_4324529_4325215",557.049167043512,"+"
"FUBP3","chr6_26158559_26170974",557.026473573729,"+"
"RBMX2","chr6_31836517_31837235",556.937566676572,"-"
"RBM18","chr17_68125480_68125584",556.925966406402,"+"
"ZC3H6","chr9_37432138_37436660",556.920158380433,"+"
"NIP7","chr3_172755374_172756982",556.919938151443,"-"
"ACIN1","chr19_32581327_32582194",556.892070697177,"+"
"RPS3","chr5_150446963_150447673",556.837566275778,"-"
"EIF3B","chr2_74135658_74145188",556.795142423624,"+"
"LSM4","chr12_6492972_6493716",556.721671517299,"-"
"RPS3","chr19_1440253_1440348",556.5613712156,"+"
"ZC3HAV1L","chr17_67945896_67947725",556.491499218825,"+"
"SRRM1","chr16_10761859_10767948",556.484177900175,"+"
"CPEB4","chr10_32305931_32346762",556.447036129586,"+"
"HNRNPA0","chr16_19418092_19430412",556.381416946244,"+"
"RBM25","chr19_3452666_3462751",556.365357179838,"+"
"PABPC4","chr6_75237988_75241175",556.298271941117,"-"
"HNRNPD","chr8_73946820_73955910",556.256955896102,"+"
"CCAR1","chr5_69175537_69177290",556.235688436375,"-"
"RBM8A","chr14_54417951_54419991",556.207915468444,"+"
"RBM39","chr2_27445449_27445928",556.062727785144,"+"
"TTC14","chr16_2040241_2043566",555.881767661621,"-"
"ZFP36","chr8_56301573_56306675",555.848792230317,"-"
"TMEM63A","chr11_34651805_34656907",555.827542836277,"+"
"RBMS1","chr18_79977701_79988239",555.816311775525,"+"
"HNRNPM","chr2_9407598_9408112",555.787086920822,"+"
"ZFP36L2","chr3_121730017_121730875",555.786493217957,"+"
"ZRANB2","chr1_153535360_153535948",555.774060622749,"-"
"POLDIP3","chr8_101199239_101201606",555.762266037198,"-"
"SNRPE","chr8_85214631_85217385",555.719780504903,"-"
"MCTS1","chr16_18789118_18789896",555.704003463417,"-"
"RBM14","chr12_94971620_94974170",555.653107602703,"-"
"TRMT1","chr12_57303217_57310263",555.613253679569,"+"
"HDLBP","chr5_181238239_181239486",555.512358197757,"+"
"RNPS1","chr15_41349241_41351032",555.393397860115,"+"
"GTF3A","chr1_193023946_193028084",555.248103832303,"+"
"LSM5","chr10_78034421_78035351",555.181416243113,"-"
"PNO1","chr3_172755374_172755482",555.162765958778,"+"
"PPRC1","chr1_154173201_154182987",555.132725776065,"-"
"CSDE1","chr1_92834913_92840550",555.094118800753,"-"
"TRNAU1AP","chr1_7970963_7984893",554.988201169695,"-"
"HNRNPR","chr6_85619417_85622481",554.959835653092,"+"
"SNRPG","chr7_135900809_135950598",554.945855870481,"-"
"MCTS1","chr1_244842058_244842198",554.848670614623,"-"
"LARP6","chr6_150885734_150887841",554.731217267159,"-"
"NAA38","chr19_32585009_32585815",554.718804900016,"-"
"POLR2G","chr1_36457981_36460691",554.714428680468,"+"
"LSM6","chr14_104756760_104759433",554.651626151097,"-"
"ESRP1","chr5_115832664_115837627",554.600865674963,"+"
"SNRPD2","chr2_237708630_237748363",554.55714869081,"-"
"U2AF2","chr18_13670968_13671861",554.552135261505,"+"
"LSM6","chr10_123162828_123163819",554.51686137905,"+"
"PPP1R10","chr3_142005544_142093060",554.493778329823,"+"
"ZCRB1","chr16_2040238_2043165",554.449417849187,"-"
"NONO","chr20_37238449_37241302",554.410332871933,"-"
"HNRNPA0","chr12_6492972_6493716",554.365230715234,"-"
"PSPC1","chr11_64227132_64229246",554.363575552549,"+"
"YTHDF1","chr20_49278397_49279103",554.341768704319,"-"
"ZFR","chr12_53665428_53667572",554.305097158897,"-"
"RPS3","chr8_96231132_96231378",554.294258773429,"-"
"DUS3L","chr10_130179420_130180112",554.291898046977,"+"
"SAFB2","chr10_130179420_130180112",554.285683326063,"+"
"LSM4","chr10_94546498_94554125",554.284805467994,"+"
"RBMX2","chr7_6400188_6402315",554.284426184232,"-"
"NAA38","chr10_123162828_123165046",554.208454302101,"+"
"MSI2","chr4_108657647_108667246",554.203601597972,"+"
"UPF3B","chr6_10755232_10756466",554.150116243838,"+"
"TIA1","chr7_22817548_22817999",554.091499218641,"-"
"SRRM2","chr12_4543911_4546308",554.04493995655,"-"
"PNO1","chr16_4461959_4466152",553.908688236896,"-"
"MBNL3","chr16_81084594_81090600",553.889243394271,"-"
"POLR2G","chr19_6366363_6368537",553.831674886311,"+"
"RBMXL1","chr12_111840477_111841326",553.751348763019,"+"
"PPP1R10","chr6_159797347_159798051",553.728656702024,"-"
"HNRNPL","chr15_74920442_74926765",553.717984693221,"-"
"HNRNPH3","chr14_22833482_22834171",553.537504005572,"+"
"SLTM","chr9_136850137_136850505",553.458872213407,"-"
"CNOT4","chr1_161038673_161038879",553.457477190562,"+"
"LSM5","chr22_24557800_24571915",553.452079198125,"-"
"LARP7","chr21_44967181_44973196",553.413727676234,"+"
"LARP1B","chr12_110493231_110496011",553.341292957834,"+"
"TRMT2A","chr18_13666713_13671861",553.325644269494,"+"
"HNRNPL","chr18_79973856_79977597",553.239272804218,"+"
"RBM15B","chr2_87480423_87521206",553.219661023504,"-"
"DAZAP1","chr3_11558827_11559331",553.165092973001,"+"
"ESRP1","chr3_180985996_180988022",553.055638667561,"-"
"ZFP36","chr16_66558348_66565885",553.052421244332,"-"
"YBX1","chr22_39313310_39313628",553.020373974425,"-"
"MSI2","chr1_159965645_159976643",552.997032401888,"-"
"APTX","chr10_31852597_31854065",552.987552602612,"+"
"SART3","chr5_134374463_134388324",552.975429713041,"-"
"SYNJ2","chr1_153563866_153565505",552.932737342678,"-"
"NIP7","chr5_163464802_163469640",552.905466143293,"-"
"SLTM","chr8_97691188_97699753",552.895646715223,"+"
"RBM18","chr19_9828393_9828586",552.816464840832,"-"
"POLDIP3","chr8_143580632_143581053",552.779220332784,"-"
"GTF3A","chr16_2040238_2043037",552.779218966018,"+"
"PCBP2","chr1_63441103_63453917",552.719308547322,"-"
"HNRNPA2B1","chr7_26190460_26192494",552.661966628877,"-"
"PUF60","chr5_146164471_146168127",552.660805267978,"+"
"CARHSP1","chr3_127695190_127721052",552.652751688884,"-"
"RALY","chr21_25729801_25735486",552.608310858211,"-"
"MCTS1","chr11_83265979_83273646",552.56679613369,"+"
"TMEM63A","chr17_60085203_60085931",552.52786016703,"-"
"LSM10","chr9_111564262_111570090",552.518220519009,"-"
"POLR2G","chr5_77691498_77708241",552.514396623331,"-"
"YBX1","chr17_38760571_38762410",552.505779453564,"-"
"PTBP1","chr12_4543911_4548091",552.437782413954,"-"
"POLR2G","chr20_45813464_45815853",552.317023371932,"-"
"SRRM1","chr17_39203109_39204076",552.300314423743,"+"
"TIPARP","chr12_110492122_110496011",552.143364250074,"-"
"APTX","chr7_44835658_44840898",552.00200349432,"+"
"G3BP2","chr19_35505986_35510183",551.948804029479,"-"
"LSM6","chr6_75237988_75240276",551.819063872654,"-"
"EIF4H","chr19_5896997_5901334",551.797655592457,"-"
"RBMS1","chr19_58388245_58394496",551.747460072701,"-"
"ZC3H4","chr15_82813276_82816691",551.719920850578,"+"
"SNRPB2","chr5_177304850_177305914",551.623183470328,"-"
"HNRNPH3","chr4_82359639_82371527",551.476909510924,"+"
"RPS3","chr12_50427909_50428934",551.457031445321,"+"
"UPF3B","chr16_89873859_89883350",551.345245595489,"+"
"SRBD1","chr1_153535360_153535948",551.340448126751,"-"
"CSDE1","chr10_32935558_32957758",551.284489148195,"+"
"SNRPB2","chr19_18250466_18252063",551.233932315924,"-"
"ESRP1","chr1_150230693_150231776",551.201161216648,"+"
"HTATSF1","chr8_61644632_61646749",551.167408334751,"-"
"RBMS2","chr3_193617285_193618868",551.162502792623,"-"
"SUPT6H","chr7_21911754_21916753",551.123375392415,"+"
"POLR2G","chr11_66436112_66436815",551.087496400459,"-"
"ZC3HAV1L","chr21_25729801_25734332",551.085115154832,"-"
"EWSR1","chr10_123162828_123163819",551.081426591846,"+"
"UPF1","chr1_155521618_155562778",551.047722603816,"+"
"EIF2S1","chr1_42667440_42676583",550.946171512973,"+"
"RBM17","chr11_47622776_47627079",550.890989188272,"-"
"MCTS1","chr2_73946906_73958145",550.867064690041,"-"
"RPS3","chr11_532522_532651",550.854143858399,"-"
"RBMX2","chr20_35626381_35626734",550.848721663296,"-"
"HNRNPM","chr2_224920_229965",550.837814701134,"+"
"UHMK1","chr11_66285758_66287597",550.783808330375,"-"
"YTHDF3","chr19_44794281_44800380",550.77697247052,"+"
"TRA2A","chr10_78033986_78035351",550.724487527129,"-"
"LSM6","chr11_86306482_86337378",550.631281226658,"+"
"RBM19","chr16_1349608_1350057",550.614024859168,"-"
"MCTS1","chr11_66285758_66287597",550.511700102609,"+"
"GRSF1","chr11_62141044_62141499",550.481036110209,"+"
"PPP1R10","chr12_66138164_66138723",550.405610964617,"-"
"RBM17","chr8_73956054_73972076",550.323445160549,"-"
"ALKBH8","chr1_45600457_45602254",550.223662886943,"-"
"HNRNPD","chr8_73946820_73955910",550.207827989781,"+"
"PPRC1","chr6_138406033_138412879",550.07433398859,"+"
"TUT1","chr17_28720890_28722747",550.027841411865,"-"
"EWSR1","chr19_1599560_1602330",549.987125574367,"-"
"SNRPF","chr18_49491833_49492457",549.898330213917,"+"
"SRRT","chr4_39774933_39778359",549.880725968952,"-"
"THUMPD3","chr17_50737026_50740305",549.728934598444,"+"
"LSM4","chr2_38746747_38748046",549.663851146488,"+"
"RBPMS","chr19_43652053_43652224",549.614936958875,"-"
"CARHSP1","chr11_74965117_74965762",549.60107762751,"+"
"EIF2S1","chr1_42667440_42676583",549.590777009802,"+"
"RBM15B","chr20_408779_410411",549.524750557598,"-"
"EIF3G","chr19_45413745_45413962",549.391407283678,"+"
"KRR1","chr19_35505986_35507457",549.390349423561,"+"
"EIF4B","chr6_109369017_109370410",549.298480537454,"+"
"PAN3","chr12_52245632_52251776",549.291316972154,"-"
"YBX1","chr8_98025738_98044942",549.206787831154,"-"
"EIF4B","chr1_28579981_28580559",549.120268722902,"+"
"G3BP1","chr1_26934419_26941456",549.069615368854,"-"
"LSM4","chr16_81017385_81017757",549.05828258933,"+"
"LSM6","chr9_35683241_35684245",549.034985523276,"-"
"TAF15","chr1_31007102_31028795",548.965432656695,"+"
"APTX","chr12_6944565_6945770",548.877108577879,"-"
"RBM22","chr9_32553944_32570959",548.875383688847,"-"
"LSM4","chr7_44834562_44840898",548.829215238721,"-"
"POLR2G","chr16_1962265_1962496",548.797245140087,"-"
"SNRPF","chr17_7017014_7017260",548.761099060376,"+"
"PRPF3","chr11_93739331_93740843",548.497927635251,"-"
"TRMT1","chr11_93734660_93737063",548.448748513347,"-"
"SNRPB2","chr14_58261020_58263704",548.412144032541,"+"
"GRSF1","chr11_114443933_114444540",548.386705432967,"+"
"ZC3H12A","chr8_15748465_15764202",548.38334286574,"-"
"THUMPD2","chr15_78880579_78884966",548.343185764956,"+"
"RBMX2","chr6_33276066_33276175",548.318877940489,"+"
"UNK","chr3_98822741_98849460",548.189746262708,"-"
"SLTM","chr15_74920442_74926765",548.117063882355,"-"
"LSM7","chr10_32932600_32933350",548.088828234052,"-"
"SNRPB2","chr2_55234962_55235409",548.067057304425,"-"
"SNRPA","chr3_108047292_108050577",547.909219267698,"+"
"MTHFSD","chr1_153975905_153977338",547.669502798359,"-"
"LSM3","chr5_151751779_151753814",547.648583619476,"-"
"ESRP1","chr1_205723981_205729571",547.617309649244,"-"
"ZFP36L2","chr17_75320550_75321658",547.546414289936,"-"
"G3BP1","chr3_172755374_172756982",547.536935790858,"+"
"HNRNPM","chr2_85596649_85597103",547.526414579739,"-"
"MBNL2","chr1_183633154_183635516",547.46548025129,"+"
"PSPC1","chr17_7016685_7016909",547.445116631592,"+"
"BICC1","chr8_73959818_73972076",547.296172763657,"+"
"PCBP2","chr19_10679927_10680345",547.154824715115,"+"
"SYNCRIP","chr6_30931546_30931706",547.114974264047,"-"
"PABPC4","chr20_49278738_49279103",547.030029505253,"-"
"RC3H2","chr6_116574171_116580294",546.978730115702,"-"
"ENOX2","chr2_9407598_9408112",546.936711682682,"-"
"CPSF4","chr2_70288192_70293617",546.878773267519,"-"
"CSDE1","chr19_3456635_3462751",546.867224270408,"+"
"HNRNPD","chr6_159797518_159798051",546.865636806045,"-"
"RBM43","chr1_6197738_6199561",546.822861898278,"-"
"SNRPD2","chr3_157150381_157152176",546.811266362274,"-"
"PPP1R10","chr1_228147544_228147620",546.654204116987,"-"
"RNF113A","chr4_82425667_82426036",546.589782936729,"+"
"SRRT","chr19_35503447_35505717",546.54992568571,"+"
"TUT1","chr7_73835002_73842489",546.549699587924,"-"
"RBM33","chr19_10177367_10180186",546.456998981521,"-"
"PUF60","chr19_35488840_35498715",546.392005070281,"-"
"TMEM63A","chr9_133350319_133350719",546.318737530532,"-"
"MCTS1","chr6_33417142_33417250",546.228167502387,"+"
"ESRP1","chr6_143284225_143333281",546.142475853648,"+"
"ACO1","chr9_35725727_35732074",545.940654904588,"+"
"ZFP36L1","chr9_133350319_133350572",545.934877464074,"-"
"KHDRBS1","chr16_88859972_88860910",545.856049598159,"+"
"SETD1B","chr22_49824331_49825729",545.724906581904,"-"
"LSM7","chr19_35506049_35509910",545.699332849251,"-"
"POLDIP3","chr9_97689639_97693648",545.619691589519,"+"
"THUMPD2","chr10_78033986_78035351",545.593791630301,"-"
"QKI","chr3_111920419_111939474",545.578965077152,"-"
"DHX8","chr11_47622776_47627079",545.549214135175,"-"
"SNRNP35","chr4_107858553_107895309",545.481332668467,"+"
"KHDRBS1","chr18_31093643_31101902",545.392402982434,"+"
"MCTS1","chr3_51987624_51988765",545.389588815321,"-"
"SART3","chr11_406059_406141",545.337337457638,"-"
"SNRPG","chr20_16730064_16731667",545.321108949859,"-"
"HNRNPF","chr4_48899925_48904483",545.318910244655,"+"
"THUMPD1","chr17_48931717_48936169",545.312681279651,"-"
"YBX1","chr12_53296467_53297849",545.259700956811,"-"
"UNK","chr10_68338687_68339139",545.23167266637,"+"
"SAFB","chr11_34651805_34656907",545.178779751705,"+"
"RBM17","chr2_177212871_177215538",545.164006835704,"+"
"PNO1","chr19_3452666_3462751",545.100140442687,"-"
"RRP7A","chr7_92131872_92134172",545.056067255881,"+"
"HNRNPH2","chr19_12677211_12677290",544.955624030936,"-"
"LSM10","chr11_62677559_62677780",544.897650682205,"-"
"ZC3H4","chr15_78880579_78886140",544.629351066098,"+"
"HNRNPA0","chr20_50084254_50113106",544.606727136123,"+"
"PTBP1","chr3_108051970_108055519",544.578045909371,"-"
"PARP14","chr21_32602367_32603160",544.564523695175,"+"
"PUM2","chr19_35506185_35509910",544.513075073528,"-"
"ZC3HAV1L","chr4_55609179_55630401",544.415445338889,"-"
"YBX1","chr10_97436551_97437190",544.305967628386,"+"
"SUPT6H","chr8_61643433_61643944",544.265243055316,"+"
"SNRPD2","chr1_159965645_159976643",544.204104681241,"+"
"CSTF2","chr16_80976179_80981805",544.163671575983,"+"
"ZFP36","chr13_36952599_36971976",544.083981247481,"-"
"SUPT6H","chr16_2752846_2757471",544.039225141295,"-"
"SNRPD2","chr4_55605349_55607436",544.027687099239,"-"
"RBM17","chr3_120596539_120601172",544.026499116486,"-"
"PAN3","chr8_73959818_73972244",544.020484156542,"-"
"MEX3D","chr17_31976614_31988319",543.989370154671,"-"
"ZC3H18","chr10_32935558_32953592",543.769050545552,"+"
"HNRNPL","chr12_57748617_57749181",543.747087990284,"+"
"SAFB2","chr5_96729725_96730779",543.741545545875,"+"
"RBMS2","chr16_634956_636093",543.696346407888,"-"
"LSM3","chr7_100153517_100155575",543.684710024784,"-"
"MSI2","chr9_128149663_128150237",543.580650616023,"+"
"KHDRBS1","chr3_98820288_98822668",543.389756814675,"-"
"ZCCHC17","chr18_21622801_21623870",543.381575846204,"-"
"LSM11","chr15_68780139_68780409",543.291278743022,"-"
"ALKBH8","chr12_53295639_53297849",543.2517765139,"-"
"RBM27","chr19_4324667_4325215",543.171281747014,"-"
"RBM39","chr2_227352573_227355676",543.040497083494,"-"
"SFPQ","chr1_23323732_23337753",543.004392542814,"-"
"HELZ","chr1_171512200_171513000",542.956974406974,"-"
"SRRM2","chr3_112995265_112996891",542.956608065385,"+"
"RNPC3","chr1_31908960_31915894",542.831290425283,"-"
"YBX1","chr9_35684807_35685268",542.819793371844,"+"
"EIF3G","chr5_49656822_49659079",542.785018945715,"-"
"FXR1","chr1_23971626_23971849",542.76945893885,"+"
"SNRPC","chr6_7579772_7582641",542.750194030324,"+"
"CSTF2T","chr9_32558954_32572880",542.695895640745,"-"
"RBM25","chr16_67228836_67228975",542.665038718587,"-"
"SNRPA","chr1_154990528_154992712",542.651716599554,"+"
"RPS3","chr11_62559837_62560068",542.649530019377,"+"
"RBMX2","chr19_35503447_35505717",542.627466597577,"+"
"RBMX","chr17_81893614_81899919",542.570901665242,"-"
"CNOT4","chr6_2838686_2840418",542.3997839448,"+"
"SNRPA","chr3_98822741_98849460",542.381813782999,"-"
"RBM39","chr6_43055618_43055896",542.361406563222,"+"
"CNOT4","chr2_70288192_70293617",542.284584158591,"-"
"EIF4H","chr17_75320550_75321658",542.232166194806,"-"
"RBM41","chr3_146525647_146528613",542.09869089273,"-"
"ACIN1","chr11_10807381_10808704",542.079549176609,"+"
"ZCCHC17","chr7_44834562_44835642",542.029555729412,"-"
"KHDRBS3","chr8_56304084_56305596",542.004007414282,"-"
"EIF2S1","chr2_118107189_118108280",542.000042616904,"+"
"HNRNPM","chr7_44835658_44840898",541.928709966211,"-"
"MEX3C","chr6_26124749_26138053",541.9196608295,"-"
"LSM10","chr3_122363027_122368175",541.845733629593,"+"
"RBM12B","chr10_123162828_123165046",541.830884783201,"+"
"PPP1R10","chr3_142005544_142093060",541.813322331232,"+"
"ALKBH8","chr16_4848210_4857989",541.793741214582,"-"
"PUF60","chr3_197149796_197194424",541.765336669554,"+"
"NOL8","chr19_12676078_12677107",541.679976056578,"-"
"SNRPA","chr19_3453916_3456549",541.635084665633,"+"
"SRRT","chr16_722216_722308",541.606375506354,"-"
"LARP1B","chr2_111429620_111479906",541.560748196776,"-"
"SNRPA","chr16_66558348_66563071",541.524466318306,"-"
"RBM42","chr16_2752846_2757471",541.523767577214,"+"
"PCBP2","chr11_251936_252504",541.441902427301,"+"
"HNRNPL","chr8_85217502_85219322",541.327096554767,"-"
"TRMT1","chr22_36511000_36511502",541.280543947605,"+"
"FUS","chr16_87303075_87305718",541.23835880121,"+"
"QKI","chr3_108049651_108050577",541.2129303998,"-"
"UPF3B","chr9_35684807_35685063",541.133665113506,"-"
"ACIN1","chr17_16462941_16463166",541.081706883054,"+"
"RPS3","chr16_30070029_30070116",541.052214299042,"+"
"KHDRBS3","chr14_22565137_22588946",541.024310592109,"-"
"ZCCHC17","chr16_66552793_66577103",541.012217547203,"-"
"KIN","chr15_41349241_41350990",540.999017858162,"-"
"CPSF7","chr1_2189781_2192844",540.940784019838,"-"
"SSB","chr13_75804541_75817160",540.934988793598,"-"
"IGF2BP3","chr1_156055675_156057977",540.90860501271,"-"
"LSM6","chr11_72109928_72110087",540.905702686499,"+"
"EWSR1","chr1_36457981_36460691",540.892040512773,"+"
"RBM3","chr1_153535360_153535948",540.875662221341,"-"
"SRRM2","chr16_2752846_2757471",540.846688543307,"+"
"G3BP1","chr12_56724549_56725262",540.801872287073,"-"
"MSI2","chr12_76450988_76487509",540.670365969497,"-"
"RBM17","chr3_111920419_111939474",540.595266407359,"+"
"TIPARP","chr15_84670782_84680712",540.57484610784,"+"
"NAA38","chr15_88639594_88655414",540.560260159884,"-"
"RPS3","chr19_48616202_48616725",540.287741962699,"+"
"UPF1","chr20_6116044_6119403",540.260027996185,"+"
"YBX1","chr19_41860445_41860774",540.246258223192,"-"
"HNRNPA2B1","chr1_20779911_20787194",540.191100649663,"-"
"HNRNPH1","chr20_49124587_49135832",540.083371381541,"-"
"CPEB3","chr17_75130642_75131180",540.065285581469,"-"
"RALY","chr8_100948900_100950405",540.03634412262,"-"
"LSM7","chr17_75039271_75042180",540.02620718302,"-"
"RPS3","chr20_35699456_35699632",540.006388484616,"+"
"PRPF3","chr1_156325086_156333546",539.980467608888,"-"
"HNRNPL","chr12_131764686_131766117",539.913281306272,"+"
"SYNCRIP","chr15_41349241_41350987",539.906172596012,"+"
"PARP10","chr2_222900780_222908732",539.781066034852,"-"
"SNRPD1","chr3_101682903_101685817",539.732843806135,"-"
"CPSF7","chr3_193617285_193618868",539.676400038076,"+"
"YTHDC1","chr12_6492972_6493458",539.609024370755,"-"
"PUF60","chr3_108055566_108057476",539.545875206989,"-"
"LSM7","chr11_47565986_47571470",539.412889275094,"+"
"PSPC1","chr11_88326443_88328111",539.35669035665,"+"
"GRSF1","chr11_66056955_66057268",539.30223759073,"-"
"ZRSR2","chr15_34227846_34229752",539.29314679486,"-"
"SNRNP35","chr10_63594854_63599169",539.271289083409,"-"
"RBMXL1","chr19_38290575_38304374",539.186006807209,"-"
"ZC3HAV1L","chr7_21911751_21916753",539.077876241885,"+"
"HNRNPR","chr12_76056161_76059797",539.072237769566,"+"
"SNRPD3","chr17_6641227_6642248",539.055320177816,"-"
"PCBP2","chr4_48899925_48904483",538.981514675574,"+"
"PABPC4","chr3_12840341_12841493",538.95816870763,"-"
"PPP1R10","chr1_173864304_173865470",538.892515360288,"-"
"HNRNPD","chr3_180987022_180988022",538.861033901524,"-"
"RBM17","chr22_29767607_29769677",538.846403882464,"+"
"RBM6","chr11_111882598_111883135",538.812012509501,"+"
"SNRNP70","chr3_149371867_149375679",538.797259356726,"-"
"TRMT1","chr16_1961611_1961796",538.645819544541,"-"
"SAMD4B","chr6_79201726_79202275",538.623544438948,"-"
"CIRBP","chr3_108047292_108050577",538.62180899637,"+"
"UNK","chr12_122508450_122511108",538.605062132173,"+"
"CSTF2","chr5_34929916_34935709",538.583909767914,"-"
"DNAJC17","chr22_37677065_37679602",538.576287226117,"-"
"LENG9","chr11_65538182_65538441",538.518576114421,"-"
"LSM1","chr3_157153156_157156935",538.385848236904,"-"
"ACO1","chr19_41860845_41861099",538.379566004786,"-"
"MKRN1","chr16_81087664_81090600",538.362039843297,"+"
"ZRSR2","chr16_4461959_4463659",538.100175194506,"-"
"PPIL4","chr19_44793530_44794203",538.041437960977,"-"
"ZFP36L2","chr19_49525573_49526009",538.031547878798,"+"
"G3BP2","chr20_56388202_56390555",537.925883423032,"+"
"PPIE","chr1_156055425_156055570",537.846749202661,"-"
"GRSF1","chr3_127695190_127710575",537.830618173609,"+"
"PTBP1","chr3_111920419_111939474",537.821027859517,"-"
"UNK","chr14_34605717_34609637",537.758243342162,"-"
"APTX","chr12_10607936_10609830",537.698353184535,"+"
"SAFB2","chr16_1962270_1962735",537.679421342973,"-"
"RPS3","chr6_85677492_85677953",537.649841970123,"-"
"EWSR1","chr4_39454944_39456405",537.625396014115,"+"
"YTHDC1","chr3_143016371_143016841",537.553165026226,"+"
"HNRNPA0","chr2_70288192_70293617",537.493204642185,"-"
"U2AF1L4","chr1_67424277_67424887",537.486552883557,"+"
"RC3H2","chr1_20484455_20485213",537.475289556703,"-"
"PPP1R10","chr13_75804541_75817160",537.452263019379,"-"
"RBM8A","chr16_56625879_56626879",537.443636631552,"-"
"SLBP","chr14_104753319_104756603",537.410400589146,"-"
"RBPMS","chr16_2528718_2528993",537.395265298156,"+"
"LSM6","chr2_130182452_130182626",537.384484406209,"+"
"HNRNPF","chr3_149371867_149375679",537.304242031915,"-"
"RNPS1","chr7_103326684_103327655",537.291397349265,"+"
"ZC3H8","chr6_3263759_3267590",537.277153616736,"+"
"LSM3","chr7_44834562_44835528",537.227397407993,"+"
"HNRNPC","chr7_150803832_150804826",537.179585561449,"+"
"EIF4H","chr16_635063_635280",537.127882744452,"-"
"ZFR","chr15_63042943_63043705",537.116214454334,"-"
"YBX1","chr8_47957431_47959972",537.110593154385,"+"
"RBM18","chr3_112993124_112996891",537.086655278988,"+"
"RBMS1","chr7_87341684_87345304",536.73919025492,"+"
"UHMK1","chr12_104311412_104313244",536.738202501789,"+"
"SNRPA","chr2_55234962_55235412",536.699216275979,"-"
"RBM15B","chr4_154536744_154537285",536.630035565719,"+"
"HNRNPF","chr10_13132197_13133501",536.612865065361,"+"
"RBM17","chr20_62139185_62139780",536.351770485078,"-"
"PPRC1","chr4_154536744_154537285",536.341297898048,"+"
"KHSRP","chr1_20779911_20780344",536.284763498556,"+"
"DKC1","chr12_121347881_121352133",536.257014688071,"+"
"ZFP36L2","chr17_41525273_41527920",536.250472059703,"-"
"ESRP1","chr6_149802369_149810615",536.212710418079,"+"
"RBM23","chr20_56388202_56391942",536.09254472858,"-"
"POLR2G","chr11_763940_764287",536.057408845821,"-"
"LSM6","chr8_38407463_38408211",535.985128678547,"+"
"ACO1","chr19_32581700_32582194",535.93697027793,"+"
"RBM22","chr17_44036300_44036861",535.92509282866,"-"
"HNRNPL","chr5_138556866_138557401",535.766317500077,"+"
"SRRM1","chr8_144099205_144099276",535.699031537493,"+"
"EIF3G","chr2_69788141_69804532",535.692252976303,"+"
"CSDE1","chr1_173864304_173865470",535.662566470301,"-"
"RBM10","chr8_119221757_119240164",535.562349934895,"+"
"AKAP1","chr16_29971578_29972949",535.493490823452,"+"
"MTHFSD","chr19_35503447_35505717",535.476342345716,"+"
"ZCCHC17","chr16_4796033_4796189",535.461595878747,"+"
"POLR2G","chr17_38755990_38762410",535.440314774897,"-"
"SF3A1","chr5_133993018_134004894",535.429774568158,"-"
"NAA38","chr11_62763026_62765181",535.429356006422,"+"
"RBM3","chr16_2752846_2757471",535.393212396467,"+"
"HTATSF1","chr16_75106571_75107732",535.3642644415,"+"
"KHSRP","chr10_68956312_68959805",535.298441188842,"+"
"HNRNPAB","chr3_108188230_108191520",535.221224234378,"-"
"FUS","chr6_85677492_85677953",535.219502787231,"-"
"LSM3","chr22_20122421_20125307",535.147790479749,"+"
"DHX8","chr18_49491833_49492457",535.129706242258,"-"
"ASCC1","chr19_16076172_16081912",535.106092596285,"-"
"KHDRBS1","chr9_35725727_35732074",534.998531427693,"+"
"ZFP36L2","chr4_48897224_48897803",534.977575328814,"-"
"QKI","chr20_37230059_37234019",534.960062006316,"-"
"HNRNPH1","chr5_53646405_53683117",534.951011631291,"+"
"ZCRB1","chr9_36199096_36203952",534.905053205083,"-"
"TRMT2A","chr6_85536924_85541984",534.898119317807,"+"
"SF3A1","chr16_634797_635280",534.863345809941,"+"
"ZC3HAV1","chr1_173864304_173865509",534.756033204645,"-"
"TTC14","chr6_43054486_43058064",534.720616060382,"-"
"RALY","chr9_34614768_34617884",534.679701981215,"-"
"RBM42","chr11_32593949_32600688",534.639754050941,"-"
"ELAVL1","chr3_119669665_119675144",534.598515934895,"+"
"ZCCHC17","chr17_73209768_73227164",534.568477859526,"+"
"KHSRP","chr1_173864704_173865509",534.474900358036,"-"
"PTBP1","chr6_85677492_85677794",534.326037133864,"+"
"RBM17","chr17_38450723_38451625",534.325590186869,"+"
"FXR1","chr17_51168250_51171486",534.296771159968,"-"
"FMR1","chr2_237708630_237719522",534.286923414425,"-"
"PPP1R10","chr10_29569312_29657968",534.168553662039,"+"
"RBM43","chr3_172754660_172755297",534.079030604676,"-"
"YBX1","chr13_45340184_45341041",534.055885526826,"-"
"CPEB4","chr3_98867438_98881539",534.028974735257,"-"
"ZRANB2","chr4_39458598_39458890",534.016829144022,"+"
"MTHFSD","chr1_31908960_31915894",533.80799985395,"-"
"RALY","chr19_32581700_32582194",533.787442921753,"-"
"SYNJ2","chr3_111920419_111939474",533.774449866733,"+"
"G3BP1","chr11_18245515_18245909",533.693286684755,"+"
"CSDE1","chr13_75800882_75804288",533.660059526467,"+"
"ALKBH8","chr16_1962265_1962496",533.62871236209,"-"
"YTHDF1","chr2_224920_229965",533.576729010232,"+"
"MEX3D","chr3_183829709_183840569",533.543899158107,"+"
"RBMX","chr20_49094963_49096348",533.509584542834,"+"
"RALY","chr12_79621207_79689728",533.264415922455,"+"
"PARN","chr3_197149796_197194424",533.238136487568,"+"
"SNRPD3","chr19_18250177_18250306",533.173370546492,"-"
"LSM6","chr19_4418076_4422565",532.99053566654,"+"
"SNRPD1","chr19_54206462_54207397",532.989039700763,"-"
"RPS3","chr12_53295941_53297849",532.985269296889,"-"
"RNPS1","chr11_63998872_63998954",532.951763618161,"+"
"SNRPG","chr2_227352573_227355676",532.813041866908,"+"
"YTHDF3","chr17_44037538_44040146",532.704475064586,"+"
"LSM4","chr19_12949159_12949274",532.702157032658,"-"
"LSM7","chr16_66552793_66558189",532.673390125675,"-"
"RALY","chr19_16076172_16081912",532.651441336099,"-"
"SLBP","chr7_30500681_30504568",532.633364889814,"+"
"SNRPA","chr1_153544809_153545469",532.614989853836,"-"
"MEX3D","chr14_24143671_24144191",532.542024773147,"-"
"RBM18","chr6_159797369_159798051",532.520724608431,"-"
"TNRC6A","chr6_116574171_116580294",532.486762600562,"+"
"MCM3AP","chr1_20779911_20786648",532.480831288486,"-"
"LSM3","chr7_44115396_44115765",532.339871657283,"+"
"ZFP36L2","chr3_149487755_149498721",532.316954958882,"+"
"LSM7","chr6_70668141_70732377",532.274592473395,"+"
"GRSF1","chr9_93110721_93111878",532.27230468323,"+"
"HNRNPA0","chr2_73957240_73958145",532.16890446757,"-"
"LSM11","chr5_86619496_86619738",532.168081000681,"-"
"LSM6","chr4_55600575_55607436",532.069881988189,"-"
"CIRBP","chr1_173864502_173864674",532.0364199632,"-"
"TTC14","chr3_186784696_186785882",531.986738678377,"-"
"PARN","chr3_49022768_49022875",531.981309699983,"-"
"ANKRD17","chr10_103396032_103396408",531.898994160481,"-"
"LSM6","chr3_184366800_184368176",531.856567769879,"+"
"RBM26","chr1_153543923_153544654",531.841972762832,"-"
"SNRPA","chr2_73946888_73958145",531.808057249016,"-"
"ZFP36L1","chr8_61638363_61642887",531.790398175191,"+"
"UPF1","chr15_75854487_75859877",531.774205681013,"+"
"SYNCRIP","chr18_79973856_79976717",531.716703187292,"-"
"DHX8","chr16_81082963_81087600",531.712919310186,"-"
"ZC3H15","chr11_47565986_47571470",531.658223520133,"+"
"HNRNPL","chr22_46297479_46308149",531.653821372111,"+"
"THUMPD3","chr9_137615000_137615073",531.569793454287,"+"
"HNRNPF","chr11_134248484_134249166",531.544532137511,"+"
"SF3A1","chr11_88326399_88328111",531.526534376328,"-"
"NIP7","chr16_635774_636093",531.483168060824,"-"
"YTHDF3","chr11_112085462_112086639",531.479891680006,"-"
"DHX8","chr2_70288192_70293617",531.470098808898,"-"
"APTX","chr2_181901388_181901765",531.452036513933,"-"
"LSM6","chr2_169812506_169815476",531.348527401573,"+"
"NUFIP1","chr16_88646838_88650955",531.303336656837,"-"
"LSM3","chr22_20122421_20125307",531.283698468763,"+"
"TIPARP","chr16_2752846_2757471",531.264933518587,"-"
"TRNAU1AP","chr11_114443933_114444585",531.18277480654,"-"
"TMEM63A","chr1_1311071_1311329",531.13252990321,"+"
"THUMPD1","chr3_50326186_50326356",531.095323052008,"+"
"HNRNPAB","chr1_45602365_45604935",530.945222719336,"+"
"ZFR","chr8_60591969_60618579",530.940773962843,"+"
"LSM7","chr3_108047292_108057476",530.940760099969,"+"
"NCL","chr11_16744684_16752784",530.911023004133,"+"
"RRP7A","chr2_70281684_70288067",530.87517289467,"+"
"TRMT2A","chr19_41956934_41958285",530.826555640978,"-"
"NONO","chr2_73946906_73958145",530.793040484478,"+"
"MCTS1","chr7_26197732_26200571",530.656667391859,"-"
"PTBP1","chr2_9406905_9407448",530.655976092368,"-"
"LARP1B","chr12_117041994_117049018",530.606281563202,"-"
"SNRNP70","chr1_167918359_167919978",530.600919024516,"+"
"HNRNPF","chr2_197503128_197503225",530.54041754572,"-"
"RBM18","chr11_112085462_112086639",530.53061561493,"-"
"RNF113A","chr17_75574668_75574873",530.409277452078,"-"
"MCM3AP","chr9_129634221_129635207",530.359430999436,"-"
"HNRNPR","chr19_4418076_4422565",530.306499170186,"+"
"PABPC1L","chr3_180970358_180976121",530.213074509544,"-"
"SNRPA","chr16_81017834_81020099",530.185234156063,"+"
"SYNCRIP","chr12_55760640_55789074",530.152338554887,"+"
"UHMK1","chr7_44835658_44840898",530.11649253948,"-"
"RBM17","chr4_55600575_55607436",530.085092796373,"-"
"LARP7","chr19_9828064_9828326",530.035586203187,"-"
"RBM3","chr8_100948900_100953268",530.014772869009,"-"
"RNPS1","chr3_108051970_108055519",529.985263494126,"-"
"LSM3","chr3_160404504_160411919",529.9817936929,"+"
"HNRNPH3","chr6_12290693_12292340",529.959475497874,"+"
"PNPT1","chr17_42998831_43002672",529.868256762501,"-"
"LARP4B","chr3_149371867_149375679",529.862111047846,"-"
"RRP7A","chr17_49701510_49702857",529.790353221867,"+"
"HNRNPA0","chr16_83256_85400",529.741321928325,"+"
"RBM14","chr19_58388245_58394496",529.71112120813,"-"
"ZC3H6","chr11_75404868_75421726",529.710478928678,"-"
"RPS3","chr19_17861563_17862093",529.673709764486,"-"
"SNRPB2","chr3_30623273_30644746",529.66471070388,"+"
"ANKRD17","chr8_61643433_61644599",529.632775372855,"-"
"LSM7","chr1_19374455_19378539",529.631995024851,"+"
"RBMS2","chr8_144423922_144424051",529.543937460857,"-"
"RBPMS","chr11_319985_320564",529.526854114887,"-"
"GRSF1","chr11_64227132_64229246",529.522224955552,"+"
"TRA2A","chr13_110642521_110644384",529.510992818361,"+"
"NONO","chr16_634797_635280",529.479072444823,"+"
"RBM8A","chr2_85596649_85597103",529.474128015462,"-"
"SLTM","chr6_159797369_159798051",529.428462004961,"-"
"LSM4","chr19_32581700_32582194",529.361434284365,"-"
"NCL","chr14_49782594_49782829",529.177643504152,"+"
"MEX3D","chr11_66285536_66285700",529.168749491517,"+"
"RALY","chr2_74527059_74527247",529.133009166376,"+"
"YBX1","chr22_40364365_40364879",529.09027049842,"+"
"LSM6","chr8_73946820_73955646",529.082323788536,"-"
"RBPMS","chr1_151167414_151168193",528.823238546391,"-"
"YTHDF3","chr9_108992819_109013301",528.796205816751,"-"
"EIF4H","chr14_22833482_22834171",528.783780297021,"+"
"DNAJC17","chr3_121730017_121730875",528.777827002716,"-"
"RPS3","chr6_33275883_33275991",528.746930868496,"-"
"PNPT1","chr16_81082963_81084462",528.743753723674,"+"
"UNK","chr12_75505254_75506483",528.738549293189,"-"
"MKRN1","chr5_96740118_96741265",528.729355038922,"+"
"ACO1","chr11_10801087_10801660",528.680940053725,"+"
"SNRPD1","chr19_41860844_41861111",528.649408044421,"-"
"DHX57","chr1_232970118_232978162",528.626425438604,"+"
"ZC3H4","chr2_237708630_237748363",528.574237668097,"-"
"HNRNPH3","chr3_183829709_183833491",528.56917923453,"+"
"ZC3H13","chr8_692612_715860",528.564934694187,"+"
"NSUN6","chr2_175179135_175180097",528.484611652196,"-"
"MSI2","chr19_12949159_12949277",528.430003093377,"-"
"POLR2G","chr4_48894053_48899828",528.350236410756,"-"
"HNRNPA2B1","chr3_172755575_172756982",528.152844310817,"+"
"CCAR1","chr2_237552437_237553565",528.032257324559,"+"
"LSM3","chr13_75569507_75594914",527.924470469607,"+"
"RNPS1","chr4_152863714_152870752",527.917501693051,"+"
"ZC3H8","chr19_29942664_29971192",527.909258370142,"-"
"KHDRBS1","chr8_54000050_54022062",527.901694513864,"-"
"HNRNPAB","chr19_16076172_16081912",527.849149292935,"-"
"ELAVL1","chr19_41862356_41869030",527.833289733936,"-"
"GTF3A","chr3_98812482_98817768",527.828842821878,"+"
"SUPT6H","chr2_135748369_135755516",527.753462602885,"-"
"PSPC1","chr1_156325086_156333546",527.721599012712,"-"
"RBPMS","chr16_19418092_19430412",527.667443449345,"+"
"U2AF2","chr3_149487755_149498819",527.470403516858,"-"
"QKI","chr3_111920419_111939474",527.462007708789,"-"
"CPEB4","chr15_60363022_60364428",527.446589405321,"-"
"ELAVL1","chr19_994088_994212",527.401768557031,"+"
"NCL","chr6_7581569_7582641",527.393001262149,"+"
"SRRM2","chr17_7017014_7017260",527.234880413953,"+"
"U2AF2","chr1_219193251_219210531",527.222033956318,"+"
"LSM4","chr21_44032172_44037791",527.213641038349,"+"
"ANKRD17","chr9_127450804_127451049",527.200885635196,"+"
"NUFIP1","chr15_34227846_34229752",527.136952875448,"-"
"ZFP36L2","chr12_117041994_117049018",527.114164261997,"-"
"SNRPF","chr6_34240882_34242711",527.110614884327,"+"
"SNRPD2","chr6_85678188_85678697",527.080713013479,"-"
"TIPARP","chr12_52897618_52898678",527.076600876118,"-"
"RBM6","chr3_119669665_119674672",527.064003556177,"-"
"ESRP1","chr18_9475691_9512990",527.048541611148,"+"
"PNPT1","chr22_42079954_42081924",527.043064454805,"+"
"ACO1","chr10_32935558_32935894",527.009542567576,"-"
"TRA2B","chr12_117039210_117049018",526.800432815781,"-"
"DAZAP1","chr13_27254281_27256183",526.745000531435,"-"
"MCM3AP","chr2_73732285_73734428",526.646108678934,"+"
"RNF113A","chr2_203266681_203272669",526.610764532189,"+"
"SNRNP35","chr1_161157693_161158411",526.587997371949,"+"
"RBM18","chr5_133993015_134004646",526.545284137003,"-"
"RBMX","chr4_82426129_82427189",526.542705594022,"-"
"EIF4H","chr1_156745373_156751342",526.497902548551,"+"
"RC3H1","chr12_110436683_110437083",526.493486981203,"+"
"RBM42","chr13_31141259_31143791",526.410251122062,"+"
"RBM17","chr9_136993243_136993342",526.363245611321,"+"
"RBM4B","chr5_134741523_134750758",526.201071438007,"-"
"ACO1","chr7_103326684_103327655",526.139661169021,"+"
"RALY","chr10_12170908_12172764",526.132206571869,"+"
"PPIL4","chr6_138406033_138412879",526.114314245778,"+"
"EIF4B","chr6_70395043_70395226",526.067760657227,"+"
"DAZAP1","chr20_35632025_35632162",525.95274092047,"-"
"KHDRBS1","chr19_16076697_16081912",525.915884177771,"+"
"TAF15","chr13_75804541_75809153",525.907485799672,"-"
"YTHDC1","chr3_73064146_73064851",525.906740699458,"+"
"HNRNPAB","chr19_5679763_5680457",525.832118748869,"+"
"QKI","chr3_195729739_195733149",525.752029085349,"+"
"YBX1","chr19_3452666_3456549",525.715778319653,"+"
"LARP1B","chr12_104311412_104313244",525.695021175934,"+"
"SAFB","chr11_111883202_111883770",525.65500901484,"-"
"HNRNPH3","chr14_54415930_54417847",525.629539731739,"+"
"NOL8","chr7_44581239_44581448",525.584822262428,"+"
"MKRN1","chr7_151076832_151076912",525.571215008543,"+"
"HTATSF1","chr7_148829848_148846469",525.561635807454,"-"
"HNRNPC","chr9_35684746_35685063",525.532955812058,"-"
"MTHFSD","chr1_155169857_155172350",525.507279863291,"-"
"RBM25","chr1_156596478_156598034",525.469698423191,"+"
"RBM45","chr17_16000382_16001914",525.468616769426,"+"
"PCBP2","chr18_21622801_21623870",525.448914034242,"-"
"NAA38","chr11_63583102_63590099",525.420269653429,"-"
"SF3B4","chr2_214781509_214792296",525.257182907558,"+"
"RBM19","chr3_98881767_98901121",525.200931574632,"+"
"LARP4","chr6_143335119_143339638",525.189944630472,"-"
"RBM19","chr4_48892889_48899828",525.181607135961,"-"
"TRA2B","chr2_237708630_237719522",525.142427248799,"-"
"HNRNPR","chr10_130179420_130180112",525.022818234829,"+"
"RBM8A","chr19_38803551_38803741",525.003693529653,"+"
"RBM3","chr22_23926520_23973767",525.002033526294,"-"
"KRR1","chr20_49124587_49135832",524.965316095026,"-"
"KIN","chr18_9195698_9208656",524.905976292448,"+"
"RBM17","chr2_231463316_231464335",524.878495247928,"+"
"LSM4","chr13_30463694_30465795",524.859916598644,"+"
"RPS3","chr3_197142768_197194424",524.834513645854,"+"
"SRRM2","chr1_42457350_42459602",524.827134830988,"+"
"NIP7","chr20_45247004_45253001",524.781183903254,"-"
"RBM18","chr15_49137458_49139527",524.771939719623,"+"
"EIF3B","chr19_41863985_41869030",524.760842662703,"-"
"ZC3H8","chr2_200306601_200329430",524.753273581989,"-"
"RBM18","chr3_108057533_108058336",524.677574520485,"-"
"THUMPD3","chr15_101286293_101286907",524.655548601342,"+"
"HNRNPL","chr19_45414960_45416820",524.62707052998,"+"
"NIP7","chr17_75136250_75148528",524.613425133105,"-"
"LSM6","chr6_143165183_143333281",524.473246386468,"-"
"EWSR1","chr15_49137437_49139527",524.346710780859,"+"
"ELAVL1","chr11_111882598_111883135",524.339907484725,"-"
"RBM47","chr20_17660528_17679998",524.30445876242,"-"
"LSM3","chr5_65551636_65552492",524.285190932318,"+"
"NAA38","chr5_146164471_146168127",524.244511686912,"+"
"CCAR1","chr17_68255876_68256813",524.238445644747,"+"
"PNO1","chr2_74135658_74145188",524.059892083194,"-"
"DNAJC17","chr1_39753052_39753286",524.004395886705,"+"
"PPP1R10","chr21_42382234_42383032",523.993876989631,"+"
"RBMX","chr6_132816151_132816460",523.9841731254,"-"
"HNRNPA3","chr1_15719920_15721328",523.95945998379,"+"
"LSM5","chr13_43069003_43078611",523.944922804447,"+"
"LSM5","chr17_6641152_6641752",523.943037571681,"-"
"MBNL1","chr16_23587319_23596122",523.931503161385,"+"
"SAMD4B","chr3_172509321_172514860",523.90437201302,"-"
"SUPT6H","chr11_75401733_75404019",523.874089677755,"-"
"PTBP1","chr16_635340_636093",523.850941309421,"+"
"PPIE","chr12_76459895_76487509",523.79803446279,"+"
"HNRNPK","chr17_42951894_42954875",523.794440988691,"+"
"PPIL4","chr5_140194652_140228729",523.764229033068,"-"
"TRMT1","chr12_52243137_52248176",523.688669231881,"-"
"RBM47","chr19_32581327_32582194",523.674763244607,"+"
"FUBP1","chr1_161038075_161038879",523.531211114235,"-"
"HNRNPA1","chr10_119500259_119515382",523.51750870199,"-"
"CIRBP","chr5_140645725_140647255",523.433974551952,"-"
"ZC3H4","chr22_37878171_37888425",523.395704999742,"-"
"PRR3","chr9_128149663_128151637",523.386185361801,"-"
"TRNAU1AP","chr19_58388245_58394496",523.370110979642,"-"
"TRA2B","chr2_200306601_200329430",523.351109785325,"+"
"PNPT1","chr18_9475691_9512990",523.270348463778,"-"
"NCL","chr8_61646878_61651049",523.243252896137,"+"
"ZFP36","chr20_45841956_45843526",523.237830215859,"+"
"RBM8A","chr18_13666713_13671861",523.170695992651,"+"
"PUF60","chr9_133357814_133360264",523.136704918221,"+"
"LARP4","chr15_80979477_80981949",523.103674170811,"+"
"HNRNPA1","chr9_136994839_136994929",523.080593591133,"+"
"LSM5","chr5_151751779_151758545",523.066211968275,"+"
"TRMT2A","chr7_44835658_44840898",522.967330283381,"+"
"SNRPB2","chr9_133357814_133360264",522.914496936455,"-"
"RBM28","chr7_26191128_26192494",522.797384231986,"-"
"LSM10","chr11_88328196_88334936",522.771061766145,"+"
"MBNL1","chr17_42810928_42811654",522.741001496125,"+"
"DHX8","chr12_76450988_76459858",522.721930898332,"+"
"NSUN6","chr17_30156662_30172541",522.712570359178,"-"
"RBM33","chr6_143165183_143333281",522.636433685598,"-"
"PPIE","chr18_36787079_36798448",522.629358284999,"+"
"CARHSP1","chr2_223765350_223775900",522.561710364028,"+"
"KHSRP","chr7_93887431_93889034",522.493500998939,"+"
"LARP1B","chr18_13730755_13731475",522.435657019417,"+"
"A1CF","chr11_88326443_88334936",522.351574783477,"-"
"RBMX2","chr13_77568333_77569370",522.192851629364,"+"
"SLBP","chr18_21622801_21623870",522.159523578909,"-"
"CNOT4","chr6_31835451_31836423",522.136663641315,"-"
"FUBP3","chr3_196766039_196782625",522.079380434195,"-"
"EIF4H","chr8_96231515_96231773",522.053001599943,"-"
"SF3B4","chr12_53669291_53669870",522.027311024451,"-"
"ZFP36","chr12_117049158_117056805",522.019193181087,"+"
"IGF2BP2","chr1_224365991_224375794",522.018772093635,"-"
"SNRPA","chr12_6849198_6849322",521.989728967065,"+"
"PUF60","chr17_48933346_48936169",521.93207480472,"+"
"ZFR","chr17_49703011_49703187",521.899400861703,"+"
"MSI2","chr5_86619496_86620667",521.893172728101,"+"
"ZFR","chr3_127692323_127710575",521.859377031388,"-"
"SRRT","chr12_54282874_54283811",521.808001545024,"+"
"HNRNPA2B1","chr19_4324529_4325215",521.783059829544,"-"
"FMR1","chr15_63048707_63056984",521.756577182806,"-"
"RBM15B","chr18_13730755_13731475",521.747112234998,"+"
"SLTM","chr8_66922725_66926197",521.732991080971,"-"
"HNRNPA1","chr5_138556866_138557401",521.730962739732,"+"
"HDLBP","chr11_72755142_72755700",521.68694297685,"+"
"SNRPB2","chr22_29767607_29769677",521.637577159448,"-"
"THUMPD2","chr21_44967181_44976679",521.614236247518,"-"
"YTHDF1","chr19_55386693_55387934",521.498382477512,"-"
"LSM4","chr1_165652035_165654285",521.420742533729,"-"
"SETD1B","chr17_75042277_75046924",521.374852908882,"-"
"FXR1","chr8_85217502_85218706",521.257310311069,"-"
"MEX3C","chr17_5422829_5425970",521.249773223287,"+"
"TMEM63A","chr7_99650232_99652552",521.247994300989,"+"
"RBM15B","chr3_108047292_108057476",521.232744356537,"+"
"RNPS1","chr20_37230059_37234019",521.225731725742,"+"
"HNRNPH3","chr22_37956842_37959345",521.213581153357,"+"
"RBM3","chr11_85654256_85655593",521.186273511474,"+"
"UNK","chr3_87249977_87253394",521.150426255958,"-"
"LSM6","chr11_64319868_64320864",521.104538905038,"-"
"SNRPF","chr12_110436204_110436664",521.09368457158,"-"
"RBM22","chr5_149520388_149525044",521.073126279875,"+"
"PPIE","chr19_35505765_35510183",521.048931158266,"-"
"PSPC1","chr6_109369017_109370410",521.045819797992,"-"
"FXR1","chr1_205729621_205749956",521.043310424069,"+"
"SRBD1","chr10_80155912_80157966",521.017349715249,"-"
"POLR2G","chr19_35651349_35658593",520.935036310769,"-"
"PRPF3","chr6_7581569_7582641",520.915995412098,"-"
"ZCCHC17","chr7_88206504_88208532",520.891661069112,"-"
"LARP1","chr3_98867438_98881539",520.85101504436,"-"
"PSPC1","chr3_98849598_98867290",520.737982047331,"-"
"RPS3","chr4_151103161_151104176",520.717938387864,"-"
"SF3B4","chr2_111480061_111494884",520.712922240676,"-"
"YBX1","chr10_119500259_119515382",520.67299531995,"-"
"HNRNPL","chr2_46591925_46592474",520.640671445771,"-"
"ELAVL1","chr5_49656822_49659079",520.531261572247,"-"
"LSM3","chr16_634797_635611",520.525935917577,"-"
"RBMXL1","chr5_181237719_181239486",520.438920084777,"-"
"ZC3H13","chr3_172511659_172514860",520.411999164664,"+"
"CIRBP","chr8_66922114_66922613",520.388809677604,"-"
"ZFP36","chr3_28241812_28263290",520.374715666273,"+"
"RBM28","chr16_88859972_88860910",520.330035241882,"-"
"ZFP36","chr16_19418092_19430412",520.326130835546,"+"
"ZC3H18","chr16_67228836_67228975",520.322256905918,"-"
"EIF4B","chr19_10682704_10683124",520.296413430164,"+"
"IGF2BP2","chr7_26197732_26197830",520.260867065552,"+"
"LSM5","chr19_36114713_36114797",520.204426977248,"+"
"SRRT","chr10_104259798_104266083",520.192061740361,"-"
"HNRNPK","chr21_39177571_39178445",520.16587496776,"-"
"HNRNPH3","chr1_224365991_224375794",520.130162457669,"-"
"RBM3","chr12_6537390_6537583",520.039301932578,"+"
"CPSF6","chr3_122363027_122368175",519.984962761119,"+"
"SNRPG","chr3_158710921_158713796",519.972104850313,"-"
"SSB","chr15_74926887_74937914",519.954874652514,"-"
"TTC14","chr12_55725896_55726120",519.933599181381,"+"
"PTBP1","chr19_41861225_41869030",519.918846335891,"-"
"A1CF","chr20_50096820_50115484",519.909722971641,"-"
"RBMX2","chr19_18571909_18573292",519.847994798933,"-"
"THUMPD1","chr5_134374463_134376668",519.809872981278,"+"
"RRP7A","chr2_174079090_174081151",519.670402286191,"+"
"ELAVL1","chr16_27225236_27226719",519.609488419383,"-"
"APTX","chr5_61099032_61152703",519.589818095078,"+"
"POLR2G","chr1_32631879_32633644",519.584837277906,"+"
"LSM3","chr19_12799989_12800176",519.584437435678,"+"
"LSM3","chr8_144790470_144791439",519.521357995352,"-"
"THUMPD3","chr2_86170844_86171207",519.514975851632,"+"
"HNRNPAB","chr3_108049651_108050577",519.452105161462,"+"
"FUBP1","chr6_132815088_132815218",519.434965250106,"-"
"RPS3","chr1_173864704_173865509",519.423542899082,"-"
"DAZAP1","chr10_32935558_32936349",519.237512300014,"-"
"RBM14","chr11_2979237_2988076",519.187491687615,"+"
"TTC14","chr19_38290575_38291839",519.18024151901,"+"
"YBX1","chr5_149520388_149550074",519.173205385389,"-"
"RNF113A","chr19_15831356_15834501",519.14096947039,"+"
"POLR2G","chr17_31863516_31865365",519.115699398436,"+"
"GRSF1","chr3_184365226_184366716",519.068719027295,"+"
"RBMS1","chr9_33026616_33026812",519.027958682291,"+"
"YBX1","chr13_75594990_75604768",518.917228571789,"+"
"FUBP1","chr8_100948900_100953268",518.828434023255,"+"
"ZFP36","chr14_35402663_35402770",518.639672106852,"+"
"LSM3","chr17_48930612_48933204",518.603726575419,"-"
"MCTS1","chr11_870499_883147",518.523901702705,"+"
"PPP1R10","chr4_83456958_83458345",518.522671928249,"+"
"HNRNPR","chr6_34240882_34242711",518.46889701517,"+"
"TRNAU1AP","chr9_35684550_35685268",518.311327727547,"-"
"RBM17","chr20_62308178_62308654",518.249650642973,"-"
"RPS3","chr6_132816563_132816959",518.192477156005,"+"
"HNRNPL","chr19_3452666_3462751",518.149560987347,"+"
"SAFB","chr19_34215300_34215595",518.028504572235,"+"
"IGF2BP2","chr10_29569312_29657968",518.026593181455,"+"
"CSDE1","chr16_14672749_14688164",517.950099640533,"+"
"LSM4","chr12_6975148_6975695",517.948690804717,"-"
"HNRNPA1","chr12_6492972_6493057",517.945297127102,"+"
"PTBP2","chr6_70395043_70399214",517.910559148292,"-"
"LSM5","chr20_45815745_45815853",517.908944852105,"+"
"CIRBP","chr3_150581746_150583199",517.906170402898,"+"
"TRMT2A","chr3_98849598_98867290",517.902811561508,"-"
"LSM5","chr17_75757306_75757415",517.901489269144,"-"
"ZFP36","chr15_88639594_88655414",517.885567745308,"-"
"RALY","chr3_127695190_127710575",517.787074136001,"-"
"CIRBP","chr12_6492972_6493458",517.785657601737,"-"
"CSTF2T","chr16_189339_189967",517.783474717087,"+"
"THUMPD1","chr2_216500031_216529269",517.732145879639,"-"
"MSI2","chr19_3453916_3456549",517.732088753918,"-"
"PRPF3","chr19_15831356_15834501",517.704224345585,"+"
"ZC3HAV1","chr11_93738440_93739236",517.68058418364,"-"
"PUF60","chr19_45413745_45413962",517.664893602907,"-"
"EIF4H","chr10_32933583_32935491",517.632754144793,"-"
"PARP14","chr3_183833589_183840569",517.372895020589,"+"
"ESRP1","chr11_88326443_88334936",517.282855953004,"-"
"RBM4B","chr6_27138681_27146015",517.21473711981,"-"
"PAN3","chr20_17660528_17682027",517.207091849272,"+"
"FXR1","chr2_218249921_218252944",517.16965663584,"-"
"POLR2G","chr2_32024256_32029593",517.119985942523,"+"
"DNAJC17","chr4_139678642_139703454",516.761884410169,"-"
"SLTM","chr7_66993417_66994219",516.674360680636,"-"
"RPS3","chr13_114286400_114286518",516.612878442183,"-"
"TRA2B","chr17_8382315_8382861",516.587547891919,"-"
"SRRT","chr8_38407038_38407361",516.586126383615,"+"
"RRP7A","chr1_203861713_203862195",516.5197931438,"+"
"LARP1B","chr16_89873859_89878460",516.474740324543,"+"
"PARN","chr2_69788141_69825455",516.446695517367,"-"
"PNPT1","chr6_31835451_31837235",516.398969585817,"+"
"ZCRB1","chr19_12949159_12949277",516.397999871203,"+"
"CNOT4","chr7_140697391_140702865",516.380070905503,"-"
"PARN","chr19_2324196_2328386",516.357645892495,"-"
"LSM5","chr7_44834562_44835642",516.272343924544,"-"
"PPP1R10","chr7_99392876_99394032",516.241157062626,"-"
"HNRNPR","chr14_22565137_22588946",516.179752720971,"-"
"RPS3","chr9_127447989_127448336",516.160363139788,"+"
"ZC3HAV1L","chr12_53034724_53037408",516.155761349673,"+"
"PARP14","chr8_144790455_144791276",516.136643902849,"-"
"TARDBP","chr18_2674145_2688393",516.120269876721,"+"
"SAFB","chr15_88639594_88652169",516.080305054855,"-"
"HELZ","chr17_36578192_36579244",516.079504796551,"-"
"SAMD4B","chr8_67045960_67051229",516.022055115054,"+"
"CSTF2T","chr1_156325086_156333546",515.993489954705,"-"
"PPP1R10","chr16_1962649_1962735",515.927318102288,"-"
"CARHSP1","chr8_51820718_51831443",515.917473830542,"+"
"NUFIP1","chr16_2752846_2757471",515.879722844643,"+"
"BICC1","chr3_98849598_98901121",515.840633745755,"-"
"HTATSF1","chr16_722083_722308",515.791859543241,"-"
"RBMS1","chr14_67651481_67653436",515.789108703102,"+"
"YBX1","chr8_67045960_67051229",515.779762615305,"+"
"CSDE1","chr19_14517046_14518138",515.628634502274,"+"
"RBM4B","chr17_44212006_44212818",515.410912244331,"-"
"HNRNPA0","chr11_1952855_1956255",515.395815477862,"+"
"CCAR1","chr6_29830410_29945233",515.394254420704,"-"
"TRA2A","chr8_143580727_143581053",515.382255510763,"+"
"LSM5","chr16_81087664_81090600",515.355534640376,"+"
"RBM22","chr22_29767607_29769677",515.340490282002,"-"
"YTHDC2","chr6_167864746_167870385",515.329013829369,"+"
"ZC3H15","chr18_21622801_21623870",515.30030007682,"-"
"SFPQ","chr17_5426299_5428070",515.265727616795,"+"
"SNRPG","chr9_136993664_136993769",515.25342068901,"-"
"PCBP2","chr1_63441103_63453917",515.247857162093,"-"
"PSPC1","chr7_54757719_54759157",515.241567546248,"-"
"PARN","chr1_244842058_244842194",515.165681721528,"+"
"PABPC4","chr8_61646878_61651049",515.15938116537,"+"
"RBM14","chr22_50525918_50526245",515.143666793741,"-"
"RBM42","chr17_44212006_44212818",515.116472976637,"+"
"ACIN1","chr1_193023946_193028084",515.114443898909,"+"
"PNPT1","chr7_75987428_75987537",515.095409834973,"+"
"EIF4H","chr1_161038075_161038550",515.094107507818,"+"
"DNAJC17","chr11_8684081_8684717",515.046232620514,"+"
"RBM19","chr1_156593572_156593881",514.885384396277,"-"
"EIF2S1","chr4_2042068_2042326",514.877766436184,"+"
"LARP7","chr7_73736691_73736928",514.785765333747,"+"
"NIP7","chr3_180985996_180986997",514.697894110445,"-"
"RRP7A","chr9_124858067_124858457",514.641842373674,"-"
"RNF113A","chr19_35122839_35122904",514.622338199496,"-"
"NIP7","chr17_41994944_41996310",514.602474788764,"+"
"ZFR","chr8_61644632_61651049",514.59072893888,"-"
"RBM42","chr12_122511188_122515104",514.575194297884,"+"
"YBX1","chr16_25170805_25178000",514.56789843855,"-"
"PCBP2","chr3_111126335_111133634",514.559070079594,"+"
"RBM45","chr12_6975148_6975695",514.549739009384,"+"
"MCTS1","chr2_237708630_237748363",514.50073635046,"+"
"FXR1","chr1_173864506_173865228",514.480045830433,"-"
"SNRPB2","chr12_13373438_13376223",514.38937030249,"+"
"EWSR1","chr5_146164471_146171909",514.313995554353,"-"
"LSM6","chr6_109369017_109376073",514.291366364418,"+"
"LSM6","chr15_51835058_51862810",514.277268364381,"-"
"ZRANB2","chr15_60363022_60364428",514.267402980431,"-"
"SNRPA","chr2_70284051_70288067",514.239109544939,"-"
"RBM19","chr8_73959818_73964486",514.223539331067,"-"
"RBM33","chr5_177306176_177306454",514.195561474332,"-"
"TTC14","chr2_69819338_69825455",514.173782274462,"-"
"TRA2B","chr5_134380808_134388324",514.113968995918,"+"
"LSM6","chr5_96740118_96740744",514.086147696841,"+"
"SNRPC","chr17_81239678_81240986",514.077898339413,"+"
"GTF3A","chr16_81087664_81090600",514.068596662071,"+"
"THUMPD2","chr19_45522581_45522717",513.954467493947,"+"
"TRNAU1AP","chr19_12949159_12949277",513.938798131044,"-"
"LARP4","chr1_161158211_161158411",513.837008578978,"+"
"CPEB4","chr5_171400925_171405301",513.796776190523,"-"
"RBM19","chr4_48892889_48899828",513.784054027449,"-"
"DKC1","chr15_74923770_74929115",513.765877976187,"-"
"FMR1","chr5_65551636_65552492",513.758933394552,"+"
"ZFP36L2","chr16_14672749_14678644",513.724952340241,"-"
"RBM7","chr10_21920963_21928505",513.669002957072,"+"
"RPS3","chr9_133350319_133350596",513.601192674682,"+"
"ACO1","chr11_810357_811596",513.502015278995,"+"
"ACO1","chr4_152863714_152870752",513.485666328726,"+"
"SRBD1","chr20_56388202_56390555",513.40118879161,"-"
"LSM4","chr15_69453020_69453649",513.328320801311,"-"
"LSM6","chr2_197503128_197503225",513.326669139697,"-"
"UHMK1","chr17_51155780_51161159",513.20384571309,"-"
"SNRPA","chr14_54411706_54415898",513.189948305245,"+"
"ZCCHC17","chr9_136993664_136993769",513.128804213527,"-"
"TNRC6A","chr14_55664041_55667240",513.089605722394,"+"
"RBM4B","chr13_19835689_19851354",513.082514523933,"+"
"HTATSF1","chr19_35505986_35506125",512.981260056862,"-"
"LSM10","chr17_81891841_81894466",512.953859515266,"-"
"DHX57","chr16_10768032_10769046",512.883726036221,"-"
"SRRM1","chr2_9406905_9408112",512.847337350451,"-"
"RBM41","chr22_36511000_36511502",512.82451836543,"+"
"TMEM63A","chr1_28579587_28579911",512.799420959402,"+"
"SNRPF","chr17_7577916_7578341",512.75627898131,"-"
"PABPC1L","chr17_5422829_5425970",512.713596300715,"+"
"DHX8","chr5_96740783_96741265",512.571524065996,"+"
"HNRNPH1","chr17_28319365_28325502",512.546737810085,"+"
"RPS3","chr14_49583675_49585949",512.503578658795,"+"
"LSM4","chr16_634894_635280",512.489971312053,"-"
"RBM42","chr5_69175537_69177290",512.439868614514,"-"
"THUMPD1","chr7_56101861_56102862",512.420200590005,"-"
"HNRNPK","chr8_101200097_101201606",512.296863159149,"-"
"KHSRP","chr20_44887742_44901530",512.284278494312,"-"
"KHDRBS1","chr1_205719676_205720500",512.153222377202,"+"
"HNRNPA0","chr3_186790064_186790141",512.14737557821,"+"
"RPS3","chr10_70204915_70206263",512.088836805119,"+"
"CCAR1","chr22_46308207_46308318",512.087443476923,"+"
"LARP4B","chr12_10702134_10704050",512.080260041274,"+"
"SETD1A","chr3_120596610_120601110",512.02942651321,"-"
"PCBP2","chr5_163464802_163469640",512.026014586038,"+"
"MKRN1","chr10_24872063_24937183",511.989510835132,"+"
"NCL","chr12_6849198_6849322",511.944618667131,"+"
"NAA38","chr1_161158211_161158411",511.825920117366,"+"
"RALY","chr17_48930612_48933204",511.790763683912,"-"
"PUF60","chr19_45413745_45414860",511.741198309789,"+"
"U2AF2","chr2_86170844_86171207",511.724276820382,"+"
"RPS3","chr12_120694269_120696315",511.685584111412,"-"
"HNRNPA0","chr7_150792175_150793087",511.665666133649,"+"
"RBM17","chr16_1962270_1962735",511.648884508179,"-"
"SART3","chr8_85217502_85220305",511.575263883486,"-"
"LARP7","chr19_16076172_16081912",511.558667632439,"+"
"RALY","chr20_63521593_63521667",511.542905464011,"-"
"CSTF2T","chr17_75321827_75325897",511.495569061213,"+"
"HNRNPH1","chr5_134376694_134388324",511.38573547434,"-"
"HNRNPH1","chr15_82988828_83008547",511.385335773923,"-"
"ELAVL1","chr11_47565986_47571470",511.383721932138,"+"
"YBX1","chr17_49405116_49406758",511.344996482197,"-"
"DHX57","chr19_35507511_35508204",511.306217924644,"+"
"PABPC1","chr15_76217677_76225848",511.28032397727,"-"
"NCL","chr1_153545518_153545752",511.245867110709,"-"
"RBM22","chr5_171392978_171405301",511.243125672734,"-"
"CSTF2","chr1_244842058_244842194",511.234238101431,"+"
"TRA2A","chr1_31910112_31911695",511.16904584375,"+"
"CNOT4","chr8_97699852_97706625",511.154225726667,"+"
"DNAJC17","chr3_158704927_158710737",511.109215954838,"-"
"YBX1","chr19_4324667_4325215",511.086703792134,"-"
"LSM6","chr19_39433761_39435606",511.085523454895,"-"
"RBMXL1","chr1_161038673_161038879",511.021491572324,"+"
"ZCCHC17","chr19_54206462_54207397",510.948663669312,"-"
"ZRSR2","chr3_183833589_183833723",510.928967977555,"-"
"LSM3","chr11_34651610_34656907",510.928275094288,"-"
"PAN3","chr8_85217502_85220305",510.921149431716,"-"
"TRMT2A","chr11_88326443_88334936",510.888869246225,"-"
"ZRANB2","chr1_92834913_92840550",510.795695131953,"-"
"FXR1","chr9_33037115_33038684",510.717548811959,"+"
"RC3H1","chr15_49137437_49139527",510.706803809515,"+"
"TRMT2A","chr5_146168265_146171909",510.679359728787,"+"
"YBX1","chr3_180985996_180988022",510.655195813867,"-"
"PPIE","chr15_49137437_49139527",510.653689994604,"+"
"HNRNPAB","chr1_26934419_26941456",510.652810462085,"-"
"RC3H1","chr1_1392803_1393395",510.427641919781,"+"
"RBM19","chr11_66284966_66287597",510.37826645539,"-"
"RBMX2","chr17_78214789_78215965",510.296948397073,"+"
"PNPT1","chr1_46309127_46309896",510.25269173887,"-"
"IGF2BP2","chr19_16076697_16081912",510.241743067324,"-"
"ZCCHC17","chr16_635063_635280",510.228319000607,"-"
"RBM47","chr19_19199234_19201648",510.182830947207,"+"
"CPEB2","chr3_180985996_180988022",510.181076792643,"+"
"PARN","chr19_41958383_41958735",510.172579524216,"+"
"RBPMS","chr1_155169857_155172350",510.091177349515,"-"
"UPF3B","chr19_35546808_35547118",509.981283191718,"-"
"LSM5","chr8_61653660_61680967",509.93957925217,"-"
"RBM14","chr11_3360565_3361742",509.921078269655,"+"
"APTX","chr12_76450979_76487509",509.817601729099,"+"
"ZC3H15","chr20_45471550_45479941",509.71591061648,"-"
"RNPS1","chr15_80979477_80981949",509.645626299884,"+"
"HDLBP","chr10_90894891_90895453",509.624721108601,"+"
"RALY","chr11_63998687_63998837",509.578357977877,"+"
"PABPC4","chr3_157151930_157152176",509.57065053735,"+"
"GTF3A","chr1_36456378_36460691",509.51583096841,"-"
"YTHDF3","chr18_9914335_9931809",509.498352283869,"+"
"SNRPE","chr1_203862222_203865040",509.475415617623,"-"
"ELAVL1","chr11_67585241_67586388",509.442613074943,"-"
"PABPC4","chr9_133357814_133360264",509.433482619641,"-"
"PSPC1","chr11_47569891_47571470",509.266003836419,"+"
"HNRNPH3","chr17_42570183_42571546",509.265243235471,"+"
"SRRT","chr2_111429620_111479906",509.240675633797,"-"
"SRRM2","chr3_197149796_197194424",509.148890315801,"+"
"PABPC4","chr17_76735158_76736153",509.120378495213,"+"
"LSM3","chr3_12840242_12841493",509.051859070405,"+"
"RBM15","chr9_35725321_35732074",508.982234381665,"-"
"ESRP1","chr14_94111773_94115780",508.953600611059,"-"
"SETD1A","chr6_34240915_34242711",508.904138516188,"-"
"LARP7","chr3_197149796_197161639",508.790558295884,"-"
"ZC3H15","chr2_85398152_85398689",508.776252251165,"+"
"MKRN1","chr16_2752854_2757471",508.715617399271,"-"
"SNRPG","chr12_112408656_112409405",508.691054097902,"-"
"ZCCHC17","chr20_16730164_16731667",508.666076606059,"+"
"GTF3A","chr11_88326443_88328111",508.632342040053,"+"
"ESRP1","chr3_160404504_160411919",508.550007477217,"+"
"LARP4B","chr17_7857198_7857382",508.415242528546,"-"
"SNRPA","chr17_7577916_7578226",508.309308537781,"-"
"PSPC1","chr1_171512200_171512994",508.290958736557,"-"
"LSM7","chr19_2324192_2328386",508.189068469096,"-"
"RRP7A","chr5_74772421_74773867",508.172560419293,"-"
"ZCRB1","chr5_40834631_40835182",508.147892939532,"-"
"HTATSF1","chr1_193023039_193023843",508.049673691412,"+"
"SUPT6H","chr13_114282943_114286518",507.994064521721,"+"
"PABPC1L","chr14_22830254_22833417",507.988334693651,"+"
"FUBP3","chr1_26934419_26941456",507.897072254338,"-"
"IGF2BP2","chr3_98822741_98825314",507.889145750643,"+"
"ESRP2","chr11_763940_764287",507.867005421341,"-"
"RBM22","chr11_74965117_74965762",507.821202165738,"+"
"PPIE","chr16_634956_635611",507.800635365389,"-"
"TRMT1","chr1_6197756_6200488",507.742528187441,"-"
"RBM33","chr20_2656034_2656400",507.651596904134,"+"
"SNRPE","chr3_122363027_122368175",507.651440544269,"+"
"PRPF3","chr16_634797_635611",507.582685787805,"-"
"NUFIP1","chr15_40838686_40844178",507.464592463144,"+"
"YBX1","chr9_124861554_124861909",507.454341425891,"-"
"LARP4B","chr3_157150381_157152176",507.4417772123,"+"
"DUS3L","chr15_60386086_60396372",507.383105775351,"-"
"HNRNPH3","chr12_56673065_56687997",507.358504215128,"+"
"RBM17","chr1_31007102_31028795",507.349809360412,"+"
"RBM8A","chr2_73950732_73958145",507.318692229248,"-"
"PUF60","chr7_26191128_26192494",507.211010094185,"+"
"RBM47","chr11_68050254_68050486",507.171070329343,"+"
"LARP6","chr2_190343961_190360038",507.130381201881,"+"
"NAA38","chr1_155140271_155140490",507.123100973414,"+"
"ACIN1","chr10_118336423_118342269",507.083918205405,"+"
"RBM19","chr12_54282874_54283078",507.016830624165,"-"
"YTHDF1","chr7_129839335_129857510",506.943687930964,"+"
"IGF2BP3","chr7_21911754_21916753",506.941228953398,"+"
"LSM10","chr9_136862999_136863341",506.896052744621,"-"
"SNRNP70","chr16_69711281_69714963",506.855011381481,"-"
"ZC3H15","chr10_12167811_12170716",506.838573344605,"+"
"PNO1","chr17_5426299_5428070",506.831113695421,"+"
"SNRPB2","chr9_33026616_33029884",506.822531439035,"-"
"PAN3","chr12_32747363_32749936",506.816572242961,"+"
"SF3A1","chr5_40834265_40835182",506.807420795584,"-"
"EWSR1","chr19_29971227_29985222",506.773357360688,"+"
"SF3A1","chr1_28580646_28581589",506.756845569235,"-"
"TRA2A","chr7_21911754_21916753",506.722569074128,"+"
"LARP6","chr19_35507511_35508204",506.697375349038,"+"
"EIF3G","chr5_131159611_131162063",506.569427514593,"-"
"LSM10","chr1_231229209_231238856",506.552097415389,"+"
"LARP1B","chr12_102017805_102025973",506.52682944132,"-"
"ACO1","chr15_88639594_88652169",506.483341779351,"-"
"MCTS1","chr5_134741523_134743986",506.469204497035,"+"
"PUF60","chr9_33998864_34017049",506.43761100231,"+"
"CIRBP","chr5_96722698_96729611",506.402136058962,"-"
"MTHFSD","chr1_20589283_20618451",506.397189272212,"-"
"NAA38","chr9_128153126_128153321",506.349043384062,"-"
"PUF60","chr17_7577916_7578341",506.282201572763,"-"
"YBX1","chr18_9124983_9134185",506.237370855287,"-"
"PTBP1","chr19_35505986_35508204",506.234825240616,"+"
"ZC3H7B","chr8_61638363_61642887",506.214496179035,"+"
"SAFB2","chr16_1962270_1962735",506.187592041388,"-"
"ZC3H7B","chr14_103123951_103126309",506.169618344719,"+"
"YTHDF2","chr5_61099032_61152703",506.095068338824,"+"
"RBM4","chr1_150301916_150308047",506.089035077163,"-"
"ANKRD17","chr8_61661926_61680967",506.017232635165,"-"
"QKI","chr9_35813367_35813444",505.965770342421,"-"
"PABPN1","chr3_28241812_28316332",505.821721839294,"-"
"RBMX2","chr11_77842628_77869721",505.801494047051,"+"
"SNRPD3","chr9_122144378_122159626",505.699602444932,"-"
"TARDBP","chr1_224360563_224365878",505.69388640382,"+"
"RBM12B","chr2_9406905_9408112",505.692775261593,"-"
"HNRNPH1","chr17_82236231_82260898",505.631018564906,"+"
"SRRT","chr16_1964628_1964806",505.627370642304,"+"
"SPEN","chr8_97691188_97706625",505.607003048344,"-"
"ESRP2","chr15_64376905_64380957",505.552768403864,"+"
"ESRP2","chr3_197142768_197194424",505.462388632692,"-"
"RBM23","chr13_45337388_45338661",505.40568583712,"-"
"RBM17","chr3_180987022_180988022",505.382408108723,"+"
"ZC3H8","chr8_143580632_143581053",505.321759775905,"-"
"MKRN1","chr10_104279471_104299127",505.24767470142,"-"
"KRR1","chr17_16441130_16441367",505.232878580071,"+"
"AKAP1","chr3_170868387_170870158",505.221943715975,"-"
"SF3B4","chr12_53295639_53298044",505.107810128579,"-"
"RBM8A","chr19_55401762_55404287",505.093601311337,"+"
"THUMPD2","chr6_3263759_3267590",505.014524995191,"+"
"PUF60","chr11_134248836_134249166",504.964836698932,"-"
"TRMT2A","chr7_16795019_16799743",504.945606261882,"-"
"ZFP36","chr5_53646405_53683117",504.94285314083,"-"
"SRBD1","chr1_45591270_45604935",504.916561438575,"-"
"YTHDF2","chr10_103396032_103396408",504.893460662435,"-"
"EIF4B","chr19_43649143_43652224",504.869408131955,"-"
"RBM18","chr1_42667440_42675287",504.865440392538,"-"
"DKC1","chr14_49782594_49782829",504.858534946268,"+"
"TNRC6A","chr2_214781509_214792296",504.847861275597,"+"
"DAZAP1","chr11_114443933_114444540",504.841694772312,"+"
"RBMS2","chr20_31739621_31757406",504.838711692462,"-"
"PPIE","chr20_63521363_63521511",504.798336347105,"+"
"SRRM1","chr22_23766275_23767373",504.797618388337,"+"
"KRR1","chr16_635340_636093",504.795628091125,"-"
"LSM5","chr15_41349241_41351032",504.780241911028,"-"
"UPF1","chr8_73959818_73972244",504.697751680774,"+"
"MBNL1","chr7_148829848_148846469",504.659800960264,"-"
"RBMX2","chr19_40448046_40458154",504.587212679833,"-"
"ZCRB1","chr20_45470532_45471152",504.579765949349,"-"
"LSM4","chr16_81017385_81017757",504.481056256119,"+"
"LSM4","chr9_32553944_32558909",504.440268697585,"+"
"RBM3","chr13_75590129_75594914",504.438286858115,"-"
"ELAVL1","chr1_224365991_224375794",504.271006572189,"-"
"PAN3","chr10_102402159_102402251",504.228240674874,"+"
"SNRPB","chr4_163515461_163517433",504.174049702015,"+"
"RBMS2","chr17_68255876_68256813",504.141748007527,"+"
"SNRPA","chr1_151167414_151168143",504.13990855309,"+"
"ZCCHC17","chr12_6975148_6975695",504.125610030505,"-"
"LARP1B","chr16_2040241_2043566",504.110629098697,"-"
"PABPN1","chr10_90894891_90895453",504.1061969078,"-"
"DUS3L","chr4_56456234_56459371",504.099012346328,"-"
"HNRNPH3","chr11_47565986_47571470",504.055429531638,"+"
"RPS3","chr19_49489912_49490231",504.01304558962,"-"
"HNRNPK","chr16_4461959_4466152",503.990632834565,"-"
"TIA1","chr19_3453916_3456549",503.988030289657,"-"
"SNRNP70","chr16_18784823_18788980",503.926805946199,"-"
"PARP14","chr20_35740989_35741940",503.898584416554,"-"
"PCBP2","chr17_6644659_6649981",503.879940833704,"+"
"ZC3H13","chr7_107613432_107621629",503.852884835173,"+"
"SNRPD3","chr20_49144649_49151581",503.813951692803,"-"
"SNRPA","chr2_200306922_200329430",503.802223845401,"-"
"KIN","chr5_82276518_82277692",503.75878119834,"+"
"POLR2G","chr6_43055618_43055896",503.758760679543,"+"
"SNRNP35","chr18_9122681_9124921",503.750732843851,"-"
"RBM8A","chr14_58261020_58263704",503.683752830502,"+"
"GRSF1","chr16_634797_635280",503.649394295026,"+"
"LSM4","chr12_6492972_6493458",503.581885687331,"-"
"PARN","chr15_74923770_74937914",503.567095227888,"-"
"ZC3HAV1","chr2_222900780_222908732",503.545864935634,"+"
"YTHDF2","chr4_82359639_82371527",503.530625391788,"-"
"RBM7","chr11_16744684_16752784",503.432621756881,"-"
"AKAP1","chr8_144099205_144099276",503.409150766718,"+"
"ANKRD17","chr20_63521593_63521667",503.276086243843,"-"
"NAA38","chr3_108047292_108057476",503.252520559077,"+"
"SUPT6H","chr8_61643433_61644599",503.242897376229,"-"
"LSM5","chr14_96525391_96531474",503.217737726777,"-"
"RRP7A","chr1_173864079_173864256",503.215509616907,"-"
"RBM33","chr19_10180234_10180349",503.180905308944,"-"
"SRRT","chr6_7581569_7582641",503.132316933065,"+"
"PPIE","chr5_151746449_151758545",503.106393299924,"-"
"RBM33","chr20_16044639_16049829",503.070002305145,"+"
"MBNL1","chr22_36511000_36511502",503.052146165507,"-"
"LSM6","chr10_12172866_12173717",502.982301992283,"+"
"CSDE1","chr3_125313656_125323308",502.934720504072,"+"
"RNPC3","chr7_150804472_150804615",502.913799925988,"-"
"SAFB","chr22_46308207_46308318",502.736851180539,"+"
"SF1","chr19_40775669_40776968",502.711635299073,"-"
"EIF2S1","chr17_41689069_41690087",502.710803220152,"-"
"RPS3","chr11_532630_533452",502.580259868981,"-"
"LARP1B","chr19_44794281_44800178",502.569406844613,"-"
"FXR1","chr7_26197732_26197830",502.557392786771,"+"
"ZNF638","chr19_12676142_12677290",502.525147284116,"+"
"CIRBP","chr19_1272051_1272426",502.356292099712,"-"
"HNRNPA1","chr12_6975148_6975695",502.325336672795,"+"
"ASCC1","chr1_28743986_28768928",502.253943226141,"+"
"SPEN","chr3_98822361_98849461",502.221762047113,"-"
"ZC3HAV1","chr10_118336423_118342269",502.221616050463,"-"
"NCL","chr19_48617415_48617790",502.199229984475,"-"
"LSM7","chr4_55600575_55605270",502.195660342841,"-"
"FXR2","chr16_88646838_88650955",502.185203362088,"-"
"APTX","chr1_45591270_45602254",502.151861168214,"+"
"PNPT1","chr6_167827237_167864550",502.139984639551,"+"
"RPS3","chr1_92834913_92840550",502.116261332597,"-"
"LSM10","chr7_54755924_54757494",502.06674430661,"-"
"RBM14","chr9_108942828_108942960",502.032648327554,"-"
"EIF4B","chr12_53027919_53028014",501.999588457698,"+"
"NAA38","chr15_78546698_78548789",501.997875719855,"+"
"ZCCHC17","chr6_26127761_26138053",501.99198972539,"+"
"RPS3","chr11_86344721_86345093",501.989198810391,"-"
"ZFP36","chr1_207096615_207098149",501.948657262231,"+"
"SRRT","chr12_54282874_54283811",501.846911652481,"+"
"KHDRBS1","chr2_200306601_200329430",501.839334574739,"+"
"CPSF4","chr1_173864304_173865470",501.80766480754,"-"
"HNRNPR","chr12_6975148_6975228",501.732038572595,"-"
"RALY","chr8_67043317_67045811",501.716431304892,"+"
"ZNF638","chr19_45413745_45413962",501.709344662425,"+"
"RBM10","chr3_142596509_142664201",501.70340623024,"+"
"PARN","chr3_127695190_127710575",501.686017039188,"+"
"YBX1","chr8_96231132_96231773",501.536957560835,"+"
"SYNCRIP","chr9_110244843_110256411",501.521687820776,"-"
"LARP1B","chr20_6116044_6119403",501.492378011324,"+"
"NOL8","chr11_68050254_68050486",501.429715462414,"+"
"HNRNPH1","chr15_49137437_49139527",501.384066709661,"+"
"HNRNPA1","chr3_127695190_127721052",501.383190277831,"+"
"SAFB2","chr20_41076294_41077581",501.328074272751,"+"
"TRA2B","chr9_133350319_133350572",501.260745110676,"-"
"LSM4","chr2_177212871_177215538",501.18708622626,"+"
"L3MBTL3","chr14_94114880_94115780",501.18318868061,"+"
"PABPC4","chr20_35740887_35741940",501.159829916379,"+"
"RPS3","chr11_810357_811596",501.063480195973,"+"
"RBM10","chr8_98042775_98044942",501.027571241541,"-"
"ZRANB2","chr13_75530266_75537580",500.946705088049,"-"
"ZCCHC17","chr1_31908960_31911695",500.796530479344,"-"
"FUBP3","chr3_180985996_180988022",500.775885431411,"+"
"PSPC1","chr8_56301573_56303188",500.764023577799,"-"
"CPSF7","chr12_94994257_94997307",500.75984859693,"-"
"RPS3","chr1_235119406_235119817",500.713250926615,"-"
"SAFB","chr13_27251656_27253764",500.675185345474,"-"
"SRRM2","chr16_1961636_1961801",500.569136054512,"-"
"HNRNPA3","chr8_132799172_132803818",500.541922609604,"+"
"RC3H1","chr20_34105545_34109364",500.528708271811,"-"
"ZFP36","chr11_63999076_63999330",500.512648959021,"-"
"CHERP","chr18_3254061_3255745",500.421096066033,"-"
"CPSF6","chr4_55605349_55609119",500.262200833655,"-"
"SNRPB","chr6_79201726_79202316",500.020503471868,"+"
"UPF1","chr19_35122839_35122904",500.020455369538,"-"
"CPSF6","chr19_35505986_35510183",499.923830604604,"-"
"FUBP3","chr2_171707377_171712766",499.911415888499,"+"
"FXR1","chr20_49278738_49279103",499.871038296467,"-"
"HTATSF1","chr8_54000050_54010429",499.858608661378,"+"
"ZC3H15","chr17_75321827_75325897",499.856028471457,"+"
"CNOT4","chr14_54418306_54419991",499.799156905956,"-"
"PARN","chr21_39177571_39178448",499.772661111966,"+"
"TMEM63A","chr5_157817547_157858929",499.768441301456,"+"
"TRA2A","chr12_53027919_53028014",499.768421079409,"+"
"MBNL2","chr12_76047718_76048392",499.757148182147,"-"
"HNRNPF","chr2_8812493_8813236",499.710924747729,"+"
"PCBP2","chr19_55388048_55402942",499.64717306002,"-"
"HDLBP","chr10_32936423_32958144",499.628367719937,"-"
"SAFB","chr3_120596646_120601110",499.6220060791,"-"
"ESRP1","chr1_36457981_36460691",499.618155107529,"+"
"SNRNP35","chr11_114447879_114449845",499.544976391786,"+"
"EWSR1","chr17_59112345_59131280",499.532128539842,"+"
"UPF3B","chr19_38815717_38815851",499.523673052289,"-"
"LSM5","chr19_5896997_5901334",499.500261386757,"-"
"RBM4B","chr5_160422893_160427714",499.471361571041,"-"
"RNF113A","chr2_27071463_27071605",499.463367356849,"-"
"TNRC6A","chr2_27445449_27445928",499.440550106042,"+"
"ANKRD17","chr5_96722698_96729152",499.435380327535,"-"
"UHMK1","chr15_49137437_49139527",499.372423105781,"+"
"HTATSF1","chr6_30577913_30578075",499.262502998043,"-"
"ASCC1","chr17_75563806_75564374",499.245258814567,"-"
"NONO","chr19_58246427_58246710",499.151036351401,"+"
"PARP14","chr11_47622776_47627079",499.142406110407,"-"
"KHSRP","chr16_634660_634718",499.141931058446,"-"
"TRMT1","chr11_68898012_68900547",499.100533461483,"+"
"LSM4","chr13_45337388_45338659",499.089713726999,"-"
"CCAR1","chr9_128820848_128822327",499.068388996567,"+"
"IGF2BP2","chr3_98822741_98825314",499.024094936606,"+"
"ZC3H4","chr6_26124633_26138053",499.015083369351,"-"
"SAFB","chr17_44036300_44037411",499.014736871598,"+"
"ZCRB1","chr11_111882598_111883770",498.931324207696,"-"
"FXR1","chr19_29942664_29985222",498.891700361203,"-"
"HELZ","chr19_55386663_55387929",498.890443223461,"-"
"LARP1B","chr8_144412946_144413236",498.8696755414,"+"
"KRR1","chr16_634797_635280",498.798736800217,"+"
"TNRC6A","chr8_143580632_143581053",498.763634973861,"-"
"LARP4B","chr18_9476286_9512990",498.755951788712,"-"
"PPIE","chr5_131159611_131162028",498.755516561361,"-"
"MKRN1","chr1_212608930_212615017",498.730279709578,"+"
"APTX","chr10_123162828_123163819",498.711375258156,"+"
"ZCRB1","chr19_47781388_47784405",498.653258274701,"-"
"POLDIP3","chr3_111932397_111939474",498.603524914632,"+"
"SLBP","chr2_201136107_201136197",498.592655236803,"-"
"KRR1","chr19_38626102_38634992",498.560351362602,"-"
"RBM18","chr1_153561591_153565505",498.53936388893,"-"
"MKRN1","chr17_81239943_81240986",498.521449396866,"-"
"QKI","chr17_7857198_7883234",498.519572683994,"+"
"PABPN1","chr1_207091820_207098149",498.51863995967,"-"
"HNRNPD","chr19_58388245_58392975",498.483352094075,"-"
"THUMPD3","chr11_9474024_9474549",498.426178918526,"+"
"CSTF2","chr19_15831356_15835217",498.324559461615,"+"
"ZC3H13","chr11_65115598_65115892",498.227865722025,"+"
"EWSR1","chr15_49137437_49139527",498.196204321841,"+"
"MSI2","chr1_159961405_159976643",498.176498002243,"+"
"PTBP2","chr7_22813185_22822676",498.126845016556,"-"
"ZC3HAV1L","chr7_16878645_16881943",498.064316628479,"+"
"HNRNPF","chr17_38850466_38852603",497.964483688689,"-"
"HNRNPC","chr4_48894053_48904483",497.848510460559,"-"
"YTHDF1","chr19_34215300_34215595",497.823300289654,"+"
"UPF1","chr19_18903423_18904770",497.812556122042,"+"
"SAFB2","chr1_154176248_154182987",497.80434188032,"+"
"ZC3H4","chr20_18567596_18569235",497.703936885548,"+"
"SNRPC","chr7_26197732_26200571",497.682940718099,"-"
"RBM4B","chr1_155061975_155062244",497.660989417454,"+"
"RRP7A","chr10_96155376_96155923",497.652199915016,"+"
"YBX1","chr3_179593895_179601729",497.650519789072,"-"
"HNRNPK","chr13_75530408_75537663",497.625960887379,"-"
"DHX8","chr12_112446398_112450317",497.623886285405,"+"
"PARN","chr1_153535360_153535948",497.580777811943,"-"
"SNRPC","chr4_56453761_56459371",497.569154421359,"+"
"SRRM1","chr4_82426129_82427189",497.566610236403,"-"
"PABPC4","chr6_30062017_30062223",497.469137712249,"+"
"TIAL1","chr22_37878171_37888425",497.468450241113,"-"
"RBM39","chr16_1349608_1350057",497.425290153568,"-"
"MCTS1","chr16_10761859_10769046",497.309672981168,"+"
"YTHDF2","chr12_53306320_53306679",497.270767340629,"+"
"YTHDF2","chr12_82357269_82358222",497.166215191823,"+"
"EIF3G","chr7_88208561_88209338",497.117706920962,"-"
"SNRPD1","chr3_172509321_172514860",497.088016365542,"-"
"ASCC1","chr8_132798860_132803818",497.064839737212,"+"
"CSTF2T","chr11_65115598_65115892",497.050223191001,"+"
"RBM8A","chr20_59035126_59036470",497.044244856716,"+"
"SNRPA","chr12_53295639_53295838",497.002126611262,"-"
"SF3A1","chr9_133357814_133360264",496.977605058144,"-"
"ZC3H18","chr1_42457350_42459602",496.975490433388,"+"
"CPSF4","chr6_126340444_126346204",496.959252089629,"-"
"RBM47","chr9_137111754_137111872",496.936541757504,"+"
"RBM22","chr8_61681036_61682438",496.912226185782,"-"
"SRBD1","chr17_38451393_38451625",496.852472573297,"-"
"HNRNPK","chr2_237720822_237748363",496.845367619899,"-"
"NIP7","chr19_35505986_35510183",496.756016142686,"-"
"LSM5","chr14_104755824_104756603",496.75415258685,"+"
"RBPMS","chr19_16076697_16081912",496.727963753135,"-"
"RBMS1","chr1_173864304_173865509",496.710178190204,"-"
"G3BP1","chr8_143575345_143575422",496.682066392254,"-"
"EIF3B","chr15_60386086_60396150",496.676142778599,"-"
"TTC14","chr2_3545871_3547930",496.666476981778,"+"
"LSM10","chr9_35660647_35660773",496.664327802812,"-"
"SNRPF","chr9_35684807_35685268",496.655461732634,"+"
"PNO1","chr8_38264949_38266140",496.630414321037,"+"
"RBM38","chr15_84655404_84657175",496.626507604602,"-"
"U2AF2","chr12_117041994_117049018",496.606369104845,"-"
"DAZAP1","chr19_8316645_8320856",496.578982608281,"+"
"SNRPA","chr13_45338776_45339993",496.543329943812,"-"
"RBM12B","chr11_93739331_93740843",496.537482274761,"-"
"RNF113A","chr1_155521618_155562778",496.464237356442,"+"
"PDCD11","chr9_7798637_7799448",496.461646598924,"-"
"HNRNPH3","chr3_122363027_122368175",496.456482606094,"+"
"SAMD4B","chr20_17570211_17600737",496.421234999099,"+"
"MTHFSD","chr8_56214667_56216432",496.364071202858,"-"
"KRR1","chr3_149375588_149375679",496.357208286401,"+"
"RBMS2","chr8_56073272_56074059",496.334856171483,"-"
"HNRNPF","chr10_71822007_71825836",496.328701143338,"+"
"RNPS1","chr16_66558348_66565885",496.234907330013,"-"
"RBPMS","chr1_7970963_7977651",496.217468641032,"+"
"RBM19","chr19_34209051_34215595",496.185939941562,"-"
"SRRT","chr6_167864746_167870385",496.091845665672,"-"
"ZC3H7A","chr11_111882598_111883770",496.057655417586,"-"
"QKI","chr2_200329480_200389222",495.917987165,"-"
"HNRNPL","chr9_98012472_98015363",495.874756375817,"+"
"SUPT6H","chr5_138556866_138557401",495.874251260349,"+"
"PABPC1","chr17_60083766_60085112",495.785470807438,"-"
"U2AF2","chr18_79973856_79977597",495.782591784664,"+"
"SNRPE","chr16_31201841_31202416",495.763959955173,"-"
"SF3A1","chr17_82485654_82487915",495.721586098621,"+"
"L3MBTL3","chr2_200378119_200389222",495.683613793873,"-"
"NAA38","chr13_75804541_75817160",495.659299936531,"+"
"HNRNPR","chr11_64317132_64317263",495.578307704537,"-"
"RBM6","chr10_32935558_32951674",495.539142097621,"-"
"RBPMS","chr18_21622801_21623870",495.527037539288,"-"
"LSM6","chr18_9937066_9944923",495.509880256561,"+"
"RBM23","chr16_14648592_14649803",495.501681125207,"+"
"PUM2","chr11_34651805_34656910",495.48669827261,"-"
"SAFB","chr13_75530405_75537663",495.371248085525,"-"
"CCAR1","chr8_61643433_61643944",495.363656240702,"-"
"RNPS1","chr9_35660647_35660745",495.355493922846,"+"
"FXR1","chr1_44776714_44777613",495.343335583968,"-"
"ASCC1","chr16_80976179_80997313",495.325187320136,"-"
"RBMS2","chr5_163467748_163469640",495.205658369928,"+"
"RBM27","chr4_55616385_55630401",495.098012769739,"+"
"EWSR1","chr19_35497681_35498715",495.089482659193,"+"
"PRR3","chr10_104259798_104266083",495.067431017553,"-"
"RBMX2","chr11_134248484_134249166",495.013860299782,"-"
"HNRNPK","chr1_155186804_155187224",494.965370468713,"-"
"RBM10","chr1_232956443_232978162",494.790337648383,"-"
"CSTF2T","chr5_139600435_139623367",494.763910369594,"-"
"SF3B4","chr17_7017014_7017260",494.694496086289,"+"
"SNRNP70","chr8_85214631_85217385",494.660656868683,"-"
"KRR1","chr17_75130642_75130752",494.634298265377,"+"
"RBM15B","chr14_22833482_22834171",494.605901812328,"+"
"SF3A1","chr2_232567214_232580903",494.588494730263,"-"
"SRBD1","chr5_132866687_132866868",494.476691699289,"+"
"KIN","chr7_5229705_5230834",494.45473862409,"-"
"UPF3B","chr17_75320550_75321658",494.447107822739,"-"
"ZC3H8","chr13_75804541_75809153",494.412982545726,"+"
"TRA2A","chr6_30346557_30346712",494.388234282827,"+"
"DAZAP1","chr3_98881767_98892496",494.358751187276,"-"
"PAN3","chr11_62833131_62833791",494.355468238912,"-"
"LSM1","chr10_103889144_103892129",494.25939045594,"+"
"NONO","chr2_87455645_87521206",494.254855684196,"+"
"HNRNPC","chr16_66558348_66565885",494.249160496576,"-"
"RBM39","chr4_39045096_39075964",494.227828498327,"+"
"POLR2G","chr7_66993417_66994219",494.202096876581,"-"
"PAN3","chr3_183833589_183833723",494.198033487868,"+"
"MCM3AP","chr10_29686651_29736684",494.180061105453,"-"
"GTF3A","chr12_76068994_76074202",494.173481566425,"+"
"RBM33","chr13_75804541_75817160",494.157493139715,"-"
"ESRP1","chr20_17660528_17679998",494.157374865184,"-"
"SRRM2","chr7_92131872_92134665",494.139983087378,"-"
"RBMS1","chr2_231710584_231711347",494.131793796538,"-"
"RBM27","chr19_35121245_35123270",494.126451185748,"-"
"DAZAP1","chr11_67585241_67586106",494.10951591375,"-"
"ZFP36","chr14_24217223_24218058",494.104297928461,"-"
"CPSF6","chr15_78880579_78886140",494.071610859047,"+"
"PCBP2","chr19_32581700_32582194",494.058635362363,"-"
"BICC1","chr11_66056955_66057268",494.024928066057,"-"
"LSM3","chr11_47569891_47571470",494.007520204216,"-"
"SYNCRIP","chr13_36952599_36965574",493.943040253422,"+"
"PSPC1","chr3_146522053_146525604",493.870662993439,"+"
"MKRN2","chr4_39774933_39778359",493.793082421342,"-"
"RC3H2","chr16_81078452_81084462",493.779898714551,"-"
"KRR1","chr18_2960849_3013036",493.779671690396,"-"
"HNRNPL","chr7_26192338_26192494",493.756663959409,"-"
"YTHDF1","chr20_36607818_36612009",493.74387708158,"-"
"RBM27","chr7_74658068_74664457",493.740636574514,"-"
"SF3A1","chr3_98822361_98825315",493.681798110379,"-"
"SNRNP70","chr1_114736855_114737962",493.650328250349,"+"
"G3BP1","chr11_68898012_68900534",493.571635733155,"-"
"IREB2","chr5_82277852_82277930",493.559588841907,"-"
"LARP4B","chr15_51829836_51862810",493.538078080435,"+"
"THUMPD1","chr4_145111064_145112238",493.449372483802,"+"
"RBM14","chr11_114440739_114443855",493.401060805011,"+"
"PNPT1","chr17_81891833_81894466",493.388759651863,"-"
"RBM12","chr1_20776005_20776596",493.363406414122,"+"
"SSB","chr7_99923603_99971745",493.357138625719,"-"
"SNRPD2","chr8_119221757_119240164",493.324174021121,"+"
"U2AF2","chr17_75574260_75574609",493.3031028743,"-"
"RBM3","chr13_75809183_75817160",493.302632610733,"+"
"ZFP36","chr13_45976265_45979812",493.241749664064,"+"
"YBX1","chr8_144791307_144791370",493.220455970679,"+"
"QKI","chr11_64227132_64229246",493.170240850383,"+"
"PTBP2","chr4_139678642_139695196",493.167449105626,"-"
"DNAJC17","chr17_48930612_48933204",493.167193539082,"-"
"G3BP2","chr3_143021382_143021472",493.127540532519,"-"
"RRP7A","chr13_110641608_110642314",493.103441295603,"+"
"RRP7A","chr2_32024256_32029593",493.088665778331,"+"
"SNRNP70","chr4_48892889_48897803",493.081403636959,"-"
"RC3H2","chr19_18571909_18573292",493.081222239956,"+"
"RBMS1","chr9_36191273_36204067",492.993333382551,"-"
"RBMX","chr16_18788155_18788980",492.992379943021,"-"
"LARP6","chr1_20589283_20618451",492.948275920327,"-"
"SNRPG","chr7_99359738_99365890",492.944824658786,"-"
"EIF4H","chr5_40834037_40834180",492.937423581012,"-"
"U2AF2","chr9_32553944_32570959",492.852364995646,"-"
"HNRNPH3","chr9_137111754_137111940",492.690765801268,"+"
"DAZAP1","chr11_68688100_68688848",492.683986725292,"+"
"EIF4H","chr17_51168250_51171486",492.666052151995,"-"
"GRSF1","chr12_117046838_117049018",492.665724727549,"+"
"RBMS1","chr19_1599560_1602293",492.627200508643,"-"
"G3BP1","chr12_13373438_13376223",492.617370282063,"+"
"PPIE","chr9_128820848_128822327",492.613815818515,"+"
"SNRPB2","chr9_35813367_35813444",492.550984009916,"-"
"LSM5","chr20_45813464_45815540",492.49847341176,"-"
"CPSF6","chr3_11558827_11559331",492.460898452743,"+"
"RBM33","chr14_54417951_54418213",492.459948849428,"-"
"HNRNPH3","chr4_39774933_39777681",492.405364262007,"+"
"ZC3H8","chr7_105063580_105066726",492.343474480412,"+"
"SLTM","chr9_136862496_136862905",492.305378009882,"+"
"LSM10","chr17_30118173_30172541",492.300963809369,"+"
"PARN","chr3_51988603_51988765",492.278595988884,"+"
"SNRPD1","chr12_57748617_57749181",492.256504857874,"+"
"TIAL1","chr15_75854487_75859877",492.251609614237,"+"
"SLTM","chr2_237739309_237748363",492.211647029827,"-"
"PABPC4","chr16_23585423_23596122",492.207930591914,"-"
"PUM1","chr2_9207230_9279316",492.188546413086,"+"
"LARP1B","chr7_6463175_6466070",492.107734437913,"+"
"YTHDC2","chr12_120695152_120696315",492.073883840432,"+"
"IGF2BP2","chr17_77190952_77191213",492.044056906541,"-"
"SETD1B","chr3_98820288_98825314",492.00432988876,"-"
"CPSF4","chr19_1599560_1602330",491.985698062219,"-"
"RBM28","chr10_102402159_102402254",491.970099994174,"+"
"SAMD4B","chr8_85214631_85214920",491.867854172365,"+"
"EIF2S1","chr16_634956_635611",491.827341330568,"-"
"KIN","chr18_13666713_13671861",491.744952598271,"-"
"YTHDF2","chr1_224365991_224375794",491.729828099627,"+"
"ZC3HAV1L","chr11_78101195_78103979",491.720094329714,"+"
"HNRNPA3","chr17_75320550_75321658",491.600886422419,"-"
"PCBP2","chr7_26190460_26192494",491.596476992839,"-"
"BICC1","chr17_44212006_44212818",491.592203260161,"+"
"ZC3H4","chr1_161038075_161038879",491.571059291918,"-"
"SNRPC","chr19_45413745_45414860",491.474363695394,"+"
"UNK","chr19_50997884_50999995",491.467976139883,"+"
"PUF60","chr11_45913938_45914130",491.403232542296,"+"
"RBM39","chr15_84655409_84657175",491.393508004174,"+"
"RALY","chr2_69788141_69825455",491.380039667131,"-"
"MATR3","chr17_7016525_7016909",491.31772060885,"+"
"SLBP","chr9_111570209_111574733",491.299359897214,"+"
"NUFIP1","chr9_108992819_109013301",491.245574798781,"-"
"RALY","chr1_7970963_7977651",491.184023760323,"+"
"SRRM1","chr2_69819338_69825455",491.164409651668,"-"
"RBM15B","chr17_75320550_75321658",491.162644272717,"-"
"THUMPD1","chr5_133993018_134004646",491.115586860468,"-"
"IREB2","chr16_722083_722308",491.106354333979,"-"
"TTC14","chr19_16646800_16647095",491.083956442387,"+"
"SF1","chr8_108203503_108228266",491.047839950038,"-"
"BICC1","chr9_93110721_93111878",491.037177131946,"-"
"ZC3HAV1L","chr10_29686651_29736684",490.87776633283,"+"
"PARP14","chr9_97687261_97689533",490.873237199808,"+"
"PNO1","chr8_61644632_61646749",490.844092448401,"-"
"RNPS1","chr12_10702134_10704059",490.716656306164,"-"
"RNPC3","chr4_48885565_48904483",490.668466127995,"-"
"ZRSR2","chr3_48440458_48440544",490.662413965021,"-"
"YTHDC2","chr10_32305931_32346762",490.660745142152,"+"
"RBM27","chr7_6392041_6401867",490.608922676177,"-"
"YTHDF2","chr6_10749698_10755141",490.584033990281,"-"
"SYNJ2","chr16_634956_636093",490.575776696107,"-"
"ZC3H15","chr2_237720822_237748363",490.558877963684,"-"
"SF3B4","chr9_129634221_129635207",490.467065373031,"+"
"DHX57","chr19_35507511_35508204",490.30963379224,"+"
"HNRNPD","chr14_49619140_49620561",490.254494208654,"+"
"RBM8A","chr1_153975905_153976975",490.239909876357,"-"
"LARP1","chr21_44967181_44973196",490.167111655672,"+"
"YBX1","chr17_75136259_75146665",490.140094581982,"-"
"TMEM63A","chr1_153975905_153976975",490.003298384809,"-"
"ESRP1","chr2_85596649_85597103",489.969440879517,"-"
"RBM19","chr5_171400925_171405301",489.966779536812,"+"
"FXR1","chr16_69715077_69718122",489.964012295347,"-"
"RBM7","chr10_121959410_121959500",489.9638993042,"+"
"RBM15B","chr8_85214631_85217385",489.959193615816,"-"
"CNOT4","chr9_129634306_129635207",489.948236508926,"+"
"DAZAP1","chr1_28580646_28581093",489.944978326539,"-"
"RAVER2","chr7_140697172_140702865",489.919192976772,"-"
"PNPT1","chr2_61533903_61537561",489.882549100222,"+"
"THUMPD2","chr16_89873859_89883350",489.844411579366,"+"
"NUFIP1","chr8_61643433_61643944",489.82888246853,"-"
"UNK","chr11_118403985_118406936",489.762896718848,"-"
"POLDIP3","chr3_167720273_167725400",489.748977769527,"+"
"LSM7","chr15_58898852_58901259",489.723543022759,"-"
"MKRN1","chr19_58388245_58393358",489.68430121216,"-"
"ZFP36","chr16_721941_722308",489.630439987707,"-"
"POLR2G","chr2_32024256_32029593",489.617382767103,"+"
"SNRPD2","chr2_231710584_231711347",489.605681715291,"-"
"PPP1R10","chr7_141010617_141014910",489.600140712341,"+"
"LSM10","chr17_38450723_38451625",489.543210529727,"+"
"PUF60","chr1_156593572_156593881",489.528058886102,"-"
"MTHFSD","chr16_66934066_66934222",489.451052142945,"+"
"THUMPD1","chr1_92837632_92840550",489.447387380296,"-"
"HNRNPR","chr1_23323732_23333517",489.357771842631,"+"
"ZNF638","chr12_56311054_56314850",489.323091847441,"-"
"CIRBP","chr6_31835451_31837235",489.219664381365,"+"
"RBM4","chr7_26190460_26192494",489.198849864872,"-"
"RBM41","chr2_187503770_187554199",489.156288412997,"+"
"RBMXL1","chr19_1599560_1602330",489.145611069351,"-"
"DNAJC17","chr17_5428211_5432541",489.121020371283,"-"
"HTATSF1","chr2_131492024_131492719",489.093209279182,"-"
"RBM3","chr1_156596478_156598226",489.080040484945,"-"
"SYNCRIP","chr22_40964117_40972475",488.933173406717,"-"
"UHMK1","chr5_157817547_157858929",488.891327519991,"+"
"ZNF638","chr16_634956_636093",488.847412986504,"-"
"CIRBP","chr1_207096615_207098149",488.835483950635,"+"
"YTHDC2","chr1_156593555_156593944",488.825050132558,"-"
"PDCD11","chr12_54246212_54252040",488.806514247483,"+"
"YBX1","chr3_120596610_120601110",488.769455757153,"-"
"HNRNPF","chr5_149520388_149550074",488.751974666272,"-"
"TNRC6A","chr2_53787372_53794344",488.717522958565,"+"
"ACIN1","chr7_75996599_76003757",488.660710510021,"+"
"SLTM","chr1_53228954_53233541",488.622948829867,"-"
"HNRNPD","chr12_55725896_55726699",488.578106773539,"-"
"LARP7","chr19_39433545_39433664",488.529779412766,"-"
"YTHDF2","chr3_160404504_160411919",488.501963762493,"+"
"IREB2","chr16_635774_636093",488.45637074715,"-"
"ZC3H18","chr22_35264096_35264647",488.454389473466,"+"
"SFPQ","chr7_141010660_141014910",488.448712520002,"+"
"ELAVL1","chr20_50096820_50113106",488.444331369613,"+"
"ZC3HAV1L","chr1_155613766_155614058",488.360699880204,"+"
"YBX1","chr11_47622776_47625673",488.337955069977,"+"
"ZFP36","chr9_35660647_35660773",488.323257489142,"-"
"NONO","chr1_153543922_153544653",488.32155875772,"-"
"TRA2A","chr20_45471550_45479941",488.264506964722,"-"
"RBM3","chr8_124495542_124504270",488.185606142271,"+"
"PUF60","chr20_36609758_36612009",488.177594502523,"-"
"HNRNPL","chr17_7016685_7016909",488.163633713034,"-"
"NOL8","chr17_7016685_7016909",488.06194153979,"+"
"SPEN","chr17_7857198_7857382",488.044936913591,"-"
"TMEM63A","chr1_19597109_19623473",487.982997741964,"-"
"RBM7","chr11_93738440_93739236",487.916822547323,"-"
"ELAVL1","chr15_41349241_41350987",487.906709852453,"-"
"HELZ","chr14_35046628_35050032",487.802325634344,"+"
"RBM22","chr11_62833131_62833617",487.799518622351,"-"
"SNRPA","chr8_85219363_85220305",487.785551948822,"-"
"EIF4B","chr1_2192975_2193638",487.779746059872,"-"
"RBMS1","chr10_133355436_133355737",487.769863898587,"+"
"SF3B4","chr10_63594854_63599169",487.757166676394,"-"
"PABPC1","chr19_1106459_1106572",487.72969597215,"-"
"EIF3B","chr7_44834562_44835642",487.712460613074,"-"
"FXR1","chr14_34605717_34609637",487.641199169033,"-"
"RNF113A","chr15_43792578_43792974",487.589534783608,"-"
"RBM3","chr14_94114880_94115780",487.585357407265,"+"
"SRRM1","chr11_64227132_64227567",487.573320319629,"-"
"EIF2S1","chr2_85596649_85596856",487.52260367444,"-"
"TNRC6A","chr15_88639594_88655414",487.502653270436,"-"
"SNRNP35","chr12_55716717_55716932",487.44769298291,"-"
"SNRPC","chr1_53228954_53233541",487.4391069042,"+"
"PCBP2","chr9_128151123_128151637",487.397308543399,"-"
"SART3","chr5_134380808_134390224",487.394269391569,"-"
"RRP7A","chr14_90397233_90400064",487.391526109384,"+"
"CPSF6","chr8_38407463_38408211",487.389720932237,"+"
"YTHDF2","chr19_18899709_18899872",487.36279353478,"-"
"YTHDC2","chr1_243304777_243305011",487.341420994048,"+"
"TARDBP","chr3_111932397_111939474",487.31205220567,"-"
"ELAVL1","chr7_99458355_99460085",487.305876497522,"-"
"PABPC1","chr8_144792140_144792365",487.282283203275,"+"
"SNRPE","chr15_60363022_60364428",487.221459646916,"-"
"RBMS1","chr19_32581327_32582194",487.218515874959,"-"
"HNRNPK","chr10_68332235_68337198",487.179835808298,"+"
"LSM6","chr1_23971439_23971572",487.153161065483,"-"
"DKC1","chr9_35679342_35680752",487.1094135563,"-"
"ZC3H7B","chr19_49497372_49497519",487.090777724027,"-"
"RBM3","chr12_52243137_52248176",486.971534091196,"-"
"LSM6","chr3_37096660_37129062",486.959928471102,"+"
"RALY","chr8_70583324_70583649",486.931902290809,"+"
"TMEM63A","chr3_157150381_157152176",486.901609100044,"+"
"THUMPD2","chr16_4796033_4796189",486.873057822017,"+"
"MEX3D","chr9_127449362_127450730",486.837712116874,"-"
"CIRBP","chr13_36952599_36965574",486.831214774985,"-"
"PCBP2","chr11_72755753_72757766",486.753023509625,"+"
"DKC1","chr11_63999000_63999330",486.665428235903,"-"
"SNRPD1","chr3_197149796_197161639",486.545534359988,"+"
"SNRPD3","chr3_98822741_98849460",486.51579810257,"-"
"RALY","chr3_127694266_127694974",486.507631110485,"-"
"SRRM2","chr15_49137437_49139527",486.483215832622,"+"
"RBM24","chr9_19378514_19378824",486.474788235128,"-"
"ENOX2","chr6_149852564_149852986",486.453336525318,"-"
"PSPC1","chr7_26197866_26200571",486.409109425963,"-"
"LSM6","chr5_61099032_61152703",486.32024024166,"+"
"SART3","chr12_76047718_76048392",486.314409473355,"+"
"SLBP","chr1_45594773_45602254",486.311146695122,"-"
"TRA2A","chr19_44793620_44794106",486.275174182414,"-"
"TRMT1","chr11_1836861_1837191",486.251734636335,"-"
"SART3","chr2_47379054_47379149",486.246104990741,"-"
"UPF3B","chr10_14530515_14553321",486.243389975895,"+"
"HNRNPL","chr10_128119319_128122880",486.220997782607,"+"
"YTHDF2","chr11_64227132_64227567",486.213946237021,"-"
"IREB2","chr3_49022768_49022877",486.197966110454,"+"
"SNRPD3","chr7_27758133_27769675",486.139163827247,"-"
"TIAL1","chr12_110436683_110437083",486.126122989578,"+"
"PRPF3","chr19_35505986_35510183",486.064523269031,"-"
"LSM5","chr14_54417951_54418213",485.889459632499,"-"
"ELAVL1","chr9_19378511_19378707",485.846909569843,"-"
"YTHDC2","chr20_17680075_17682027",485.827572620104,"-"
"SF1","chr7_148829848_148846469",485.792843320163,"-"
"SAMD4B","chr1_92834913_92840550",485.773715526426,"-"
"SLBP","chr4_151103079_151104168",485.77084393346,"-"
"FUBP3","chr1_173865282_173865541",485.751859737197,"-"
"MKRN1","chr14_22831037_22833417",485.706521194407,"-"
"BICC1","chr11_62677634_62677780",485.703901525774,"+"
"SYNCRIP","chr6_85619417_85622481",485.665420750897,"+"
"RBM14","chr11_72755753_72757766",485.622732106815,"+"
"PAN3","chr4_39323417_39326562",485.602247931242,"+"
"YTHDF2","chr11_114447879_114449845",485.513769196429,"+"
"SNRPB","chr2_9406905_9408112",485.502825830346,"-"
"TRNAU1AP","chr3_119675233_119677142",485.429028460059,"-"
"NUFIP1","chr1_45594773_45602254",485.418960482917,"-"
"RC3H2","chr1_155140245_155140490",485.407858654283,"+"
"RRP7A","chr2_32024256_32029593",485.314239248471,"+"
"DHX57","chr7_134891673_134928753",485.307646192658,"+"
"ZC3HAV1L","chr17_78214789_78216663",485.232464871612,"+"
"RBM22","chr17_40628993_40630713",485.1790036537,"+"
"RBM3","chr19_10110791_10110944",485.167079025893,"-"
"LSM6","chr8_56214667_56216432",485.136921016547,"+"
"RBM4","chr3_196766107_196782625",485.120234477997,"-"
"RBM8A","chr11_62833131_62833791",485.051660357741,"-"
"KIN","chr22_46308207_46308318",485.003585213777,"+"
"KIN","chr4_55605349_55609119",484.92349683704,"-"
"KIN","chr12_110436201_110436556",484.863453950429,"-"
"HNRNPA3","chr16_18783102_18788062",484.832435020386,"-"
"FXR1","chr7_151076832_151077100",484.757670373932,"-"
"TUT1","chr1_46185308_46196201",484.708855708596,"-"
"ACO1","chr7_103326684_103327655",484.689731054778,"+"
"TARDBP","chr11_67464696_67464802",484.660812075391,"+"
"RBM19","chr3_197142768_197194424",484.625457889602,"-"
"RBM6","chr1_45511414_45514872",484.617423773429,"-"
"YTHDC1","chr20_35739017_35740823",484.565273236898,"-"
"MBNL3","chr1_153626533_153632033",484.512858509236,"-"
"GTF3A","chr12_56639307_56639979",484.499105016585,"+"
"HDLBP","chr11_72755142_72755700",484.483334044264,"+"
"PUM1","chr2_200306601_200329430",484.461552196645,"-"
"SF3A1","chr19_12676142_12677107",484.44685918793,"+"
"ACIN1","chr8_144412946_144413236",484.391443169063,"+"
"TARDBP","chr17_16441130_16441367",484.379233053384,"+"
"SNRPD1","chr3_160404504_160411919",484.335402884243,"+"
"ACIN1","chr1_193023946_193028084",484.310496354801,"+"
"RBMX","chr2_27445449_27445928",484.27879637967,"+"
"YTHDF1","chr9_35684746_35685063",484.275306190633,"-"
"HNRNPH3","chr1_153544809_153545469",484.274498632461,"-"
"SNRPF","chr2_70288192_70289349",484.236850504517,"+"
"SAFB2","chr1_45616703_45617462",484.232514659068,"+"
"PAN3","chr14_54418306_54419991",484.227445490681,"-"
"PABPC4","chr9_19379599_19380189",484.111541915088,"-"
"LSM10","chr17_75136250_75148528",484.110374219119,"-"
"RALY","chr20_17660528_17682027",484.079401046885,"-"
"HNRNPAB","chr17_35820248_35820331",484.027379711281,"+"
"HNRNPL","chr17_75039271_75042180",484.020952352908,"-"
"ZC3H15","chr2_97646666_97647066",484.013641593613,"-"
"PNO1","chr8_144790469_144791276",483.997246944142,"-"
"DAZAP1","chr15_43793083_43793575",483.968867554329,"-"
"DAZAP1","chr8_56301573_56305596",483.929249422774,"+"
"PCBP2","chr16_4795449_4795694",483.862225591643,"-"
"MEX3C","chr6_30346564_30346712",483.812330484508,"-"
"ZC3H13","chr12_56160320_56162263",483.800161652995,"-"
"LSM3","chr2_200384017_200389222",483.730012548192,"-"
"EIF4B","chr9_129634221_129635207",483.719153156204,"+"
"TARDBP","chr11_134248484_134248808",483.674938462926,"+"
"PTBP1","chr20_45814470_45815540",483.665757643951,"+"
"TIAL1","chr8_99892052_99893442",483.63009653424,"-"
"RBM6","chr5_61161227_61162216",483.574713752103,"+"
"RNF113A","chr1_156735909_156736631",483.572521688488,"+"
"NIP7","chr15_59642262_59650668",483.440310698903,"+"
"KIN","chr5_135343434_135345967",483.362467375699,"+"
"SUPT6H","chr12_27724186_27737538",483.346202016155,"-"
"TIAL1","chr17_75563806_75564352",483.329616269483,"+"
"LSM10","chr17_5428211_5432541",483.255187297039,"-"
"HNRNPH1","chr11_5225726_5233990",483.205021088244,"-"
"FXR1","chr6_116571655_116580294",483.185526070277,"+"
"RNPC3","chr8_61644632_61646749",483.178583969163,"-"
"EIF2S1","chr1_45616703_45617462",483.168461787955,"+"
"YBX1","chr5_96727530_96729611",483.150507160777,"+"
"PCBP2","chr12_65951415_65952355",483.149791400843,"+"
"LARP7","chr6_75241265_75241821",483.037977549431,"-"
"SART3","chr11_10801087_10802048",482.982131670827,"-"
"RBM8A","chr2_86207327_86210479",482.972819689309,"+"
"CIRBP","chr20_35279747_35279941",482.954994676798,"+"
"LARP6","chr11_763940_764287",482.94456551631,"-"
"SNRPD1","chr11_88326399_88328111",482.930816245559,"-"
"HNRNPA1","chr9_128152284_128152970",482.916627477329,"-"
"RBM19","chr15_29800702_29820526",482.911819339769,"-"
"SNRNP35","chr11_64319868_64320864",482.858662727729,"-"
"RBM17","chr18_10534496_10539761",482.853842996419,"+"
"KIN","chr19_1599560_1602330",482.848173326403,"-"
"RBM7","chr19_29942664_29985222",482.773021154993,"-"
"LSM3","chr17_40818482_40818819",482.731323774201,"-"
"HNRNPR","chr1_193023946_193028084",482.703054739306,"-"
"PUF60","chr20_63697191_63698279",482.695330961357,"-"
"TIA1","chr14_103915189_103920939",482.648099263378,"-"
"DNAJC17","chr10_90894891_90895879",482.646455023946,"+"
"TNRC6A","chr2_87455645_87521206",482.644770941905,"+"
"IGF2BP3","chr12_52243137_52245411",482.643030229698,"+"
"EIF4B","chr2_223758750_223775900",482.599470237325,"-"
"L3MBTL3","chr17_31863516_31865365",482.568400508713,"-"
"ZCRB1","chr11_5226799_5227200",482.562100932867,"-"
"CSDE1","chr13_75800882_75804288",482.546937967023,"+"
"HNRNPAB","chr8_47957431_47959972",482.541248888451,"+"
"LSM3","chr16_634797_635280",482.532501336395,"-"
"HNRNPC","chr3_119675233_119676861",482.524496430349,"-"
"KHSRP","chr8_144412946_144413236",482.508561862245,"+"
"ZCRB1","chr3_196316231_196318039",482.473169964547,"+"
"ESRP2","chr6_143335119_143339638",482.350723643629,"-"
"EIF4H","chr6_43055618_43055896",482.338885127848,"+"
"TRNAU1AP","chr9_137111754_137111872",482.334980372735,"+"
"MCTS1","chr11_62677634_62677780",482.328545909896,"+"
"HDLBP","chr19_40448046_40458154",482.327904125253,"-"
"SNRPD2","chr9_15478552_15479590",482.315742363083,"-"
"CSTF2","chr19_18900449_18904770",482.315103189322,"-"
"ZFP36","chr12_79688465_79689728",482.29505738064,"-"
"LSM7","chr4_673401_673911",482.285199572783,"+"
"ZRSR2","chr1_28236452_28237843",482.221166563431,"-"
"MEX3D","chr19_3452666_3456549",482.220475618596,"-"
"MCM3AP","chr4_55609179_55630401",482.213570214946,"+"
"APTX","chr19_36114066_36114176",482.15905799127,"+"
"SART3","chr9_108942871_108942960",482.151297821126,"-"
"RBMS1","chr17_77190952_77191180",482.125313171156,"+"
"LARP1","chr5_157817547_157858952",482.108288574079,"-"
"RBM6","chr17_81240439_81240986",482.069176137575,"-"
"PPP1R10","chr12_120496216_120496415",482.058492973246,"+"
"MBNL2","chr2_9406905_9407448",482.036366307569,"+"
"RRP7A","chr22_36511168_36511502",481.944615827051,"-"
"RBM4B","chr15_88639594_88655414",481.934771956919,"-"
"RBM47","chr12_6975378_6975695",481.841289745528,"-"
"SNRPA","chr19_45688466_45691886",481.833577616841,"-"
"UPF3B","chr2_214781509_214797060",481.789178424513,"-"
"PUF60","chr7_150792175_150793087",481.725965290986,"+"
"LSM3","chr5_32597302_32598960",481.652952880267,"-"
"FMR1","chr10_123162828_123163819",481.643810608944,"+"
"ESRP1","chr17_46935169_46938598",481.631322464097,"+"
"RBM3","chr19_44800274_44800380",481.58443141002,"-"
"ZC3H15","chr5_62352710_62353274",481.572249299151,"+"
"RBM17","chr10_71822007_71825836",481.553301860814,"+"
"ZCCHC17","chr15_88639594_88655414",481.525411984318,"-"
"RBM47","chr19_12676142_12677107",481.491683507929,"+"
"ZFP36","chr17_75574260_75574452",481.43222627084,"+"
"HNRNPAB","chr13_45338797_45339496",481.420889651654,"-"
"RBM17","chr11_64227666_64229246",481.406947388339,"-"
"YBX1","chr6_34237317_34240736",481.361109620265,"+"
"SRRM1","chr2_227340380_227355676",481.345401061878,"+"
"LARP1","chr5_96663166_96675538",481.323145114131,"+"
"POLR2G","chr1_151986251_151993751",481.322339633085,"+"
"LSM4","chr19_12949159_12949277",481.315154016233,"+"
"RBPMS","chr19_35546808_35547118",481.252871607368,"-"
"SNRPB","chr16_88859972_88860910",481.244536196105,"-"
"HNRNPC","chr19_48326922_48329351",481.225148067027,"-"
"YTHDF1","chr7_73303529_73303599",481.172666796842,"+"
"PABPC1L","chr8_56301573_56306675",481.10755068459,"-"
"RBM3","chr5_87394480_87395043",481.090238673126,"-"
"EIF4B","chr3_184366800_184368112",481.051610261746,"-"
"SNRPA","chr8_143575345_143575422",481.048976237085,"+"
"EWSR1","chr11_114443933_114444585",481.042110299033,"-"
"RALY","chr8_61643433_61644599",481.033620482324,"-"
"MCTS1","chr19_2324196_2324741",481.002946508968,"-"
"MKRN1","chr19_45413745_45414860",480.970476121918,"+"
"TEP1","chr17_7857198_7866490",480.957159667916,"-"
"HNRNPA3","chr20_38421098_38422086",480.957091634479,"+"
"TOE1","chr1_173486401_173499321",480.947238544711,"-"
"RBMX","chr4_38680682_38688584",480.925849808754,"+"
"ZCCHC17","chr2_26034735_26093590",480.894192230062,"+"
"KHSRP","chr4_82424883_82426036",480.848877624536,"-"
"RBM18","chr6_26124749_26127697",480.774732452534,"-"
"CIRBP","chr6_33417142_33417246",480.765898161284,"-"
"RBM39","chr13_75530266_75537580",480.756924027355,"-"
"YBX1","chr19_3452666_3456549",480.701151474224,"+"
"ZRSR2","chr2_200419496_200439121",480.676994029952,"+"
"EIF2S1","chr6_143335119_143339638",480.607846982558,"-"
"NIP7","chr2_186502587_186504031",480.576525053722,"+"
"TIPARP","chr5_139600435_139623367",480.568389520283,"-"
"ZFP36L1","chr2_169821273_169821942",480.455916070683,"+"
"SLBP","chr22_49824331_49827496",480.455285036726,"+"
"TRMT1","chr20_62387088_62387320",480.417534694442,"-"
"HNRNPAB","chr10_13132197_13133501",480.412542782734,"+"
"KHDRBS1","chr11_34651805_34656907",480.40209684672,"+"
"PARP10","chr16_55537632_55545734",480.401303768659,"+"
"HNRNPA3","chr19_4324667_4325215",480.395616785582,"+"
"CSDE1","chr21_44973265_44976679",480.365431419197,"-"
"SART3","chr3_98825366_98849460",480.363110057767,"+"
"HNRNPA2B1","chr4_55600575_55607436",480.315375396165,"-"
"SLTM","chr2_131492024_131492206",480.300497971503,"-"
"ZC3H7B","chr17_6641152_6641752",480.292551412316,"+"
"SNRPE","chr19_2324192_2328386",480.277453175405,"-"
"GRSF1","chr5_62352710_62353274",480.270880558977,"+"
"NAA38","chr17_39202439_39202988",480.230054842329,"+"
"TRA2B","chr19_29971227_29985222",480.186873431131,"+"
"SFPQ","chr5_69175537_69177290",480.128037049075,"-"
"HNRNPM","chr11_66285536_66285700",480.052439415338,"-"
"ZC3HAV1L","chr16_1962534_1964806",480.045675880223,"-"
"RBM28","chr19_3453916_3456549",480.019277794249,"+"
"RBM8A","chr4_55605349_55609119",480.013481093998,"-"
"ZCRB1","chr13_75569507_75594914",479.990376082393,"+"
"KIN","chr12_53295639_53295838",479.902420447285,"+"
"ACO1","chr14_103915189_103920939",479.854307792096,"-"
"PPIL4","chr15_75339344_75339701",479.853957123041,"+"
"U2AF2","chr4_55616385_55630401",479.794740419133,"+"
"SLBP","chr19_2324196_2324741",479.791566688084,"-"
"RBM23","chr7_16795019_16799743",479.718658235394,"-"
"NAA38","chr19_35546808_35547118",479.681923741207,"-"
"PABPC1","chr12_120579412_120579513",479.673546243072,"+"
"HNRNPH1","chr3_12840242_12840769",479.619727378116,"-"
"TRA2A","chr7_75996599_76000889",479.618161856609,"+"
"RBM33","chr15_74923770_74937914",479.582502954531,"-"
"SRRM1","chr9_110244843_110250150",479.54743336325,"-"
"SRRT","chr2_9406905_9408112",479.51071963183,"-"
"ESRP1","chr3_172755374_172756982",479.482802181712,"-"
"RBM10","chr12_54282874_54283078",479.479186044156,"-"
"SFPQ","chr8_61653660_61680967",479.460851175375,"-"
"ZC3H18","chr17_75039271_75042180",479.454050894015,"-"
"MTHFSD","chr3_142596509_142664201",479.415232447412,"+"
"MATR3","chr8_100948900_100951928",479.396875716961,"+"
"MCTS1","chr1_235113910_235119338",479.39475813071,"-"
"RALY","chr12_76450979_76487509",479.364230939542,"-"
"CPSF4","chr11_77842628_77869721",479.348425459532,"+"
"SNRPE","chr19_10177367_10180349",479.317103760099,"-"
"HNRNPL","chr18_79973856_79977597",479.306430987049,"+"
"ZRSR2","chr8_97691188_97699753",479.266468683598,"-"
"SFPQ","chr13_75809183_75817160",479.217077380069,"+"
"NIP7","chr7_100871721_100872623",479.172295378663,"+"
"LSM7","chr22_40953633_40964046",479.141606889779,"+"
"FMR1","chr5_96729725_96736171",479.136720488242,"-"
"RC3H1","chr19_48965916_48966283",479.072219117458,"-"
"SRRT","chr17_48931714_48933204",479.04499939379,"-"
"HNRNPR","chr1_156596478_156597799",479.021477718934,"-"
"DAZAP1","chr17_49703011_49703187",478.960750932233,"+"
"HNRNPA3","chr5_139600435_139623367",478.930982199324,"-"
"LSM4","chr6_85678032_85678135",478.929571553295,"+"
"KRR1","chr6_34425221_34425795",478.90191708092,"-"
"NUFIP1","chr11_59853321_59854651",478.863813492709,"+"
"RBMS2","chr3_149371867_149375438",478.863608675401,"-"
"ALKBH8","chr1_161038075_161038879",478.861702235111,"+"
"TRMT2A","chr6_85536924_85541984",478.850670081314,"+"
"HTATSF1","chr7_26191128_26192494",478.846969407119,"-"
"UNK","chr2_237727935_237748363",478.790872585148,"-"
"PPP1R10","chr6_70395043_70399214",478.786196817543,"-"
"EIF4H","chr18_31522249_31524447",478.724168876391,"+"
"RBM3","chr1_155318928_155319610",478.713344433915,"+"
"EIF2S1","chr1_28579587_28579911",478.706153549069,"+"
"MATR3","chr11_66285758_66287597",478.681848355001,"+"
"SF3A1","chr15_60386086_60402768",478.677952668832,"-"
"ZRANB2","chr1_23693913_23695797",478.645850753357,"-"
"RC3H1","chr14_102085430_102085757",478.627699083543,"-"
"HNRNPD","chr9_133360129_133360264",478.567146302843,"-"
"LSM11","chr18_13726729_13731475",478.560972813034,"-"
"ASCC1","chr11_111882598_111883770",478.56075195812,"-"
"SART3","chr8_144412946_144413236",478.512583904594,"+"
"RRP7A","chr1_154176248_154182987",478.492617440786,"+"
"CSDE1","chr21_33907453_33909081",478.465502092129,"-"
"ZC3H18","chr15_84655409_84657175",478.453156147622,"+"
"HNRNPF","chr14_34605717_34609637",478.370700362497,"-"
"RBM3","chr2_74135658_74145188",478.325825430638,"-"
"LARP4B","chr19_35505765_35505938",478.316503714107,"+"
"ZFR","chr5_96740783_96741265",478.296265380256,"-"
"ZCRB1","chr16_66558348_66563071",478.294116214646,"-"
"LSM10","chr5_62352653_62353274",478.236242243077,"+"
"PUM2","chr2_200329480_200389222",478.145070026509,"+"
"THUMPD3","chr14_55601880_55612018",478.132713328681,"-"
"DKC1","chr19_10177367_10180186",478.117612492414,"-"
"LENG9","chr2_55263865_55267568",478.077720649009,"-"
"HNRNPM","chr19_42297365_42299969",478.059851072191,"-"
"PDCD11","chr5_96722698_96726793",477.953037804828,"-"
"HNRNPH3","chr12_120579412_120579513",477.911728733955,"+"
"ASCC1","chr17_48930612_48933204",477.878732852977,"-"
"DHX8","chr20_35632025_35632310",477.862037706189,"-"
"ALKBH8","chr3_37083806_37094791",477.842113104414,"+"
"LSM3","chr3_119675233_119677203",477.826193124108,"+"
"RNPS1","chr14_24217223_24218058",477.805527752748,"-"
"SRRT","chr3_184304391_184305767",477.732643499049,"+"
"ZC3HAV1","chr8_85214631_85214920",477.57236856421,"+"
"ANKRD17","chr17_81239682_81240986",477.471127897803,"-"
"ENOX2","chr13_52661570_52662648",477.45849207549,"+"
"TARDBP","chr19_12949159_12949277",477.456956383373,"+"
"NIP7","chr4_82355401_82356795",477.456218967771,"+"
"RBM25","chr9_128152274_128153099",477.442281546868,"-"
"HNRNPA2B1","chr15_59642262_59650668",477.396301266,"+"
"ZFR","chr12_94994257_95002738",477.329458964079,"+"
"TARDBP","chr3_167720273_167734805",477.317071858386,"+"
"SRRT","chr1_67424959_67425082",477.281952876992,"-"
"TIAL1","chr17_41523993_41524142",477.25503938708,"-"
"HNRNPH2","chr3_190308439_190310168",477.195394887944,"+"
"ESRP1","chr6_85678032_85678135",477.181758846636,"+"
"LSM11","chr2_147845207_147896300",477.180685737759,"+"
"RNF113A","chr1_212433120_212442564",477.173093526964,"+"
"PTBP1","chr20_49124587_49135832",477.162799663063,"+"
"RBM3","chr13_75804541_75817160",477.112183270708,"-"
"ACIN1","chr10_101608937_101609366",477.077025578205,"+"
"LSM1","chr2_46591925_46592474",477.061191900405,"-"
"ZFP36","chr16_75294042_75305023",476.970723063293,"-"
"LEMD3","chr7_73694050_73697604",476.90334297684,"+"
"SSB","chr17_7577916_7578226",476.887269858695,"-"
"MKRN1","chr12_76059878_76060137",476.857704490405,"+"
"MBNL3","chr2_69788141_69804532",476.850253789582,"-"
"THUMPD1","chr22_23766275_23767373",476.802370477867,"+"
"QKI","chr8_144790470_144791439",476.78132495287,"-"
"PAN3","chr14_103335932_103336035",476.738373768447,"+"
"HNRNPH1","chr10_71822007_71825836",476.713013030176,"-"
"LARP7","chr17_75148671_75154341",476.695372820247,"+"
"ELAVL1","chr19_35497681_35498715",476.640596992303,"+"
"MTHFSD","chr3_193617285_193618868",476.623893162582,"+"
"HNRNPA0","chr8_73946820_73955646",476.602162346836,"-"
"EIF2S1","chr15_58898852_58899468",476.59954514399,"+"
"PUF60","chr12_10702134_10704059",476.591288457761,"-"
"KRR1","chr18_12720683_12724498",476.54810953581,"+"
"MATR3","chr16_4341504_4351231",476.546603510774,"-"
"PABPC1","chr12_10607936_10609097",476.529629044251,"-"
"ELAVL1","chr6_85678032_85678135",476.485173475019,"+"
"LSM4","chr7_96694891_96708147",476.402450035487,"-"
"HNRNPA1","chr5_69175537_69177238",476.379372119473,"+"
"CIRBP","chr19_45413745_45413962",476.377286527593,"+"
"RBM18","chr19_39433761_39435606",476.329876173426,"-"
"SRRM1","chr7_150804719_150804826",476.280457296086,"-"
"RBM15B","chr2_86170841_86171207",476.258875603691,"+"
"UNK","chr20_35699451_35699632",476.25108477827,"-"
"HNRNPD","chr10_128113602_128116490",476.245495183038,"-"
"SNRPC","chr3_120598214_120601110",476.243674020873,"-"
"RBM3","chr8_143612965_143613195",476.23693210424,"+"
"UPF3B","chr8_56074159_56074253",476.225917492837,"-"
"CSTF2T","chr14_104756760_104759433",476.171651670442,"-"
"KHSRP","chr6_129638629_129641815",476.165022357201,"+"
"PTBP2","chr7_100435533_100435847",476.083334662199,"+"
"UPF3B","chr12_53295639_53296453",476.049242069918,"-"
"DHX8","chr6_70668141_70732377",476.026215482639,"+"
"ZC3HAV1","chr5_163464802_163469640",475.998240712,"+"
"PAN3","chr6_26158559_26170974",475.982477307279,"+"
"YBX1","chr12_123618837_123619431",475.979575462221,"+"
"NUFIP1","chr7_73697516_73697604",475.950551097351,"-"
"UNK","chr16_75104889_75106481",475.942328576391,"+"
"EIF4B","chr1_165652035_165655367",475.92394558196,"-"
"FXR1","chr16_2752846_2757471",475.845744742858,"+"
"RALY","chr1_23967723_23971572",475.813353237109,"+"
"PABPC1","chr20_50084254_50113106",475.792534604661,"-"
"LARP1B","chr11_66285536_66285700",475.780405667841,"-"
"TMEM63A","chr7_32487757_32489252",475.741928962373,"-"
"TRMT2A","chr22_23766275_23767373",475.695564155325,"+"
"LSM5","chr5_151746449_151751703",475.679634697178,"+"
"MCTS1","chr15_63156521_63157399",475.661896516835,"+"
"HNRNPK","chr2_135748369_135755516",475.649289298955,"-"
"SAMD4B","chr17_75574668_75574873",475.580832534161,"-"
"DKC1","chr4_83458429_83459739",475.401918015723,"+"
"CHERP","chr17_37031685_37056600",475.390510245179,"-"
"SNRPB","chr22_49824331_49827496",475.386814979648,"+"
"LSM7","chr7_151355950_151356127",475.371220354193,"+"
"SAMD4B","chr8_100288267_100309866",475.327656272095,"+"
"RBM42","chr9_124861554_124861909",475.287644230278,"-"
"SYNCRIP","chr6_75237988_75241175",475.278801195792,"-"
"HNRNPH1","chr19_29942664_29971192",475.256648952468,"-"
"RBMS1","chr7_26190460_26192494",475.252812777436,"+"
"LSM6","chr2_47379054_47379149",475.221092287245,"-"
"PABPC4","chr19_10573088_10574416",475.187217613986,"+"
"GRSF1","chr11_108050066_108052659",475.161288111878,"+"
"PABPC4","chr11_319985_320564",475.157284509274,"-"
"MCTS1","chr13_114286400_114286518",475.155752753539,"+"
"RBMS1","chr3_49022768_49022875",475.13438548879,"-"
"RBM18","chr1_43451311_43451409",475.115134222101,"+"
"THUMPD1","chr9_35679342_35679904",475.10886054099,"-"
"MKRN1","chr2_85596649_85597103",475.051429211139,"-"
"TRMT1","chr18_2954599_2960599",474.966218963728,"-"
"CCAR1","chr17_76735158_76736153",474.963175937763,"+"
"EIF4H","chr15_78880579_78884966",474.911191854385,"+"
"LSM6","chr2_174079090_174081151",474.871243676588,"+"
"RBM8A","chr5_69175537_69177238",474.831822340783,"+"
"ZC3H15","chr17_17505848_17506226",474.823044166818,"+"
"RALY","chr1_2192975_2193638",474.69862307886,"-"
"RBM3","chr1_206012406_206012507",474.67794841128,"+"
"RBM42","chr1_45511414_45514872",474.666477175017,"-"
"TRNAU1AP","chr14_22830254_22834171",474.649651547266,"-"
"ZC3H8","chr1_151167414_151168143",474.589903392641,"+"
"PRPF3","chr11_88328196_88334936",474.536426330499,"+"
"DAZAP1","chr11_63583126_63590099",474.534403893656,"-"
"YTHDF3","chr16_642249_648119",474.528013178665,"-"
"ZCRB1","chr8_61646878_61651049",474.517341348878,"-"
"RBM27","chr1_110950123_110951287",474.5166445822,"-"
"ZNF638","chr12_101726404_101728900",474.469875595988,"+"
"SNRNP70","chr3_186784696_186785882",474.435994921291,"-"
"PPIE","chr16_647884_648119",474.421749629506,"+"
"POLR2G","chr5_139600435_139614585",474.408914401759,"+"
"HNRNPK","chr16_66552793_66563071",474.407959995363,"-"
"PARP10","chr19_35121245_35123270",474.386866226159,"-"
"IREB2","chr1_53233652_53235576",474.367694409058,"+"
"GTF3A","chr21_33907453_33909081",474.358716594174,"+"
"TARDBP","chr19_38304686_38304799",474.333029145997,"-"
"RBM39","chr9_34614132_34614709",474.327293928414,"-"
"RBM7","chr7_74189918_74194740",474.292097276084,"+"
"SNRPA","chr8_100288267_100309866",474.285908752479,"+"
"HNRNPA3","chr17_48931714_48933204",474.266941722342,"+"
"MKRN1","chr15_69453020_69453333",474.252592246161,"-"
"U2AF2","chr9_127714282_127714378",474.246835769343,"+"
"SRRT","chr1_53928440_53930038",474.234377488015,"+"
"RALY","chr11_64227666_64229246",474.231617844619,"+"
"LARP1","chr15_40836282_40844178",474.179888304055,"-"
"RBMX2","chr5_65542848_65551563",474.150100852376,"+"
"EIF3G","chr14_94114880_94115780",474.118277051922,"+"
"RBM15B","chr11_16744684_16752784",474.107247383615,"-"
"PPIE","chr3_143016371_143016841",474.096883245215,"+"
"YBX1","chr8_85214631_85217385",474.072916385899,"-"
"LSM4","chr22_19516645_19516816",474.044551086873,"+"
"RNF113A","chr15_101285801_101286907",474.043380220372,"-"
"RAVER2","chr1_45594773_45602254",474.026838621395,"-"
"RBM28","chr13_114286400_114286518",473.986107058084,"+"
"CCAR1","chr19_2324192_2328386",473.984618567388,"+"
"TRNAU1AP","chr9_35684550_35685268",473.97195862486,"-"
"SRRT","chr1_53928440_53930038",473.885743202998,"+"
"EIF3B","chr1_173864704_173865470",473.869495420721,"-"
"QKI","chr7_100871721_100872623",473.846087683871,"+"
"FUBP1","chr21_42897047_42908863",473.838034852943,"+"
"SAMD4B","chr3_167720273_167734805",473.764970070126,"-"
"SNRPE","chr17_51160081_51161159",473.757285818994,"+"
"SNRNP35","chr7_6003792_6003971",473.745219314635,"+"
"PDCD11","chr11_66284966_66287597",473.73948495623,"-"
"ESRP1","chr17_7856843_7856984",473.723341778598,"-"
"AKAP1","chr19_2324196_2324741",473.711850596103,"-"
"TARDBP","chr17_81891841_81894466",473.670307824988,"-"
"THUMPD3","chr16_25175034_25178000",473.636220122646,"+"
"YBX1","chr12_94971620_94974170",473.559395173741,"-"
"NAA38","chr19_36114412_36114797",473.509435170067,"+"
"SAFB2","chr9_36199096_36204067",473.505340999219,"+"
"ZRSR2","chr11_63575046_63598060",473.484587852125,"-"
"YBX1","chr2_84906117_84906270",473.481058228446,"-"
"HNRNPA0","chr17_28319365_28325502",473.48073172274,"+"
"TRA2A","chr6_167864746_167870382",473.47077369635,"+"
"QKI","chr8_61643433_61644599",473.449081567693,"-"
"TRA2A","chr2_177212805_177215538",473.418629487221,"-"
"DUS3L","chr5_135335141_135339427",473.391605318755,"-"
"RBM10","chr7_99458355_99460085",473.353354284586,"-"
"PSPC1","chr17_6641227_6642248",473.287204644605,"-"
"LSM6","chr2_68047319_68062944",473.216879871419,"-"
"LSM7","chr8_108233672_108234997",473.203179889464,"+"
"LARP1B","chr1_173864704_173865509",473.174579524357,"-"
"SYNJ2","chr3_186784696_186784961",473.172123185779,"+"
"NAA38","chr1_19597109_19622099",473.090244318605,"+"
"SNRPB2","chr17_41689069_41690087",473.024199684785,"-"
"SAMD4A","chr3_150575762_150583199",473.012055379639,"-"
"KHDRBS3","chr1_224365991_224370897",473.009938668032,"-"
"MCTS1","chr19_18899709_18899872",472.92993220362,"-"
"CSTF2T","chr13_77591460_77593513",472.921819482553,"+"
"TRMT2A","chr19_4418076_4422565",472.915464095977,"+"
"ZC3H13","chr21_25729801_25735486",472.900077640007,"-"
"RRP7A","chr2_91637033_91655367",472.883506952178,"+"
"DKC1","chr5_69175537_69177290",472.876615680638,"-"
"DUS3L","chr10_73249318_73251762",472.871586198746,"-"
"SNRPD1","chr21_39177571_39178448",472.850588377059,"+"
"FMR1","chr18_79968183_79970439",472.818038594668,"+"
"ACIN1","chr13_49661208_49663056",472.777344529166,"+"
"RBM14","chr4_55600575_55609119",472.765642336841,"-"
"MSI2","chr10_70882485_70885151",472.734658222033,"+"
"CPSF7","chr15_29800702_29820526",472.679684082331,"-"
"SNRNP35","chr19_35503447_35505717",472.665158825578,"+"
"SNRPA","chr14_54411706_54415898",472.660991189734,"+"
"ZC3H13","chr1_219193251_219210531",472.590699786398,"+"
"ZC3H6","chr3_49015707_49015803",472.575852533339,"+"
"ZFP36L1","chr1_153561591_153565505",472.558794216341,"-"
"PCBP2","chr20_49124605_49135832",472.552659528371,"-"
"TRA2A","chr19_9827984_9828326",472.527372728173,"-"
"UHMK1","chr3_186784696_186785882",472.520402871524,"-"
"CPSF4","chr17_17042971_17057635",472.412634905917,"+"
"RBM10","chr10_32935558_32936349",472.407194390525,"-"
"TARDBP","chr10_104259798_104266083",472.40181990604,"-"
"RC3H1","chr12_52898519_52898672",472.373790511889,"-"
"KHDRBS1","chr3_112995265_112996891",472.368704392824,"-"
"EIF2S1","chr1_183633152_183635516",472.312363056153,"-"
"NAA38","chr19_35500029_35500377",472.268011495952,"-"
"KHDRBS3","chr1_35605308_35609245",472.231126583826,"-"
"NOL8","chr19_58246427_58246745",472.199239946729,"+"
"HNRNPH1","chr12_133192003_133193427",472.196149734621,"+"
"SAMD4A","chr7_54755881_54757620",472.179413780301,"-"
"YTHDF2","chr1_153543922_153544653",472.126723964908,"-"
"SART3","chr19_42297365_42300041",472.10240017407,"-"
"CPEB3","chr11_533358_533452",472.015471784798,"-"
"PPIE","chr8_144099199_144099276",472.012090222397,"-"
"SNRNP70","chr7_56101861_56102862",471.999103377542,"-"
"NAA38","chr15_43792383_43792974",471.827862606812,"+"
"SNRPB","chr3_186790245_186790325",471.824489460704,"-"
"ZCCHC17","chr19_43646548_43665315",471.783829810669,"-"
"HNRNPF","chr20_17660528_17682027",471.719860039902,"-"
"SNRPC","chr11_57742227_57742862",471.706198345816,"-"
"PPP1R10","chr10_68338642_68339139",471.650941383037,"+"
"YBX1","chr1_28571338_28571866",471.634047691782,"+"
"CSTF2T","chr1_203862226_203863662",471.607402028179,"-"
"SAMD4A","chr11_108046369_108052659",471.570331426554,"-"
"HNRNPH1","chr20_16044639_16049829",471.564599697295,"+"
"RBM23","chr11_406059_406348",471.514074159167,"-"
"RBM8A","chr11_47565986_47571470",471.502258543374,"+"
"ELAVL1","chr9_136993664_136993765",471.498588409761,"+"
"ANKRD17","chr19_35503447_35505717",471.453619805581,"+"
"ACO1","chr21_42347632_42349880",471.425202933917,"+"
"AKAP1","chr19_5679763_5680457",471.324545075293,"+"
"PUM1","chr16_88859972_88860910",471.311371786267,"-"
"EWSR1","chr19_12677211_12677290",471.286187773314,"+"
"RBM23","chr12_133192003_133202143",471.283466599299,"+"
"ZFP36","chr4_48897857_48904483",471.161888882572,"+"
"HDLBP","chr2_85596649_85596856",471.151018167956,"-"
"HNRNPR","chr6_143335119_143339638",471.140450315853,"-"
"HNRNPA1","chr6_34417897_34418368",471.05880762339,"-"
"TAF15","chr2_231463316_231464335",471.025342591797,"+"
"PSPC1","chr5_90488129_90495676",471.019781041465,"+"
"PRR3","chr17_62479290_62481123",471.001779429191,"+"
"RBM28","chr12_69353377_69353967",470.984331702434,"+"
"CSTF2","chr6_33701420_33710694",470.981521547426,"-"
"RBM39","chr3_101678102_101682428",470.958466197501,"-"
"SF1","chr2_9407598_9408112",470.952772665838,"-"
"GTF3A","chr9_35813156_35813265",470.947773095691,"-"
"ACIN1","chr19_44794281_44800380",470.84789995395,"+"
"SRRM2","chr1_53233652_53235576",470.835637977412,"+"
"RBM8A","chr1_31910112_31911695",470.79301853728,"+"
"RRP7A","chr17_6641152_6641752",470.786563119411,"-"
"UHMK1","chr20_35739017_35740823",470.711114913227,"+"
"SYNJ1","chr14_103335932_103336676",470.700269044775,"-"
"GTF3A","chr12_76068994_76074202",470.700247569277,"+"
"RALY","chr10_68956748_68959805",470.687828589905,"-"
"SNRPB","chr9_15490124_15506560",470.669082548083,"+"
"ZC3HAV1L","chr16_81082963_81087600",470.554446170219,"-"
"ESRP1","chr1_36457981_36460691",470.552983775547,"+"
"ZC3H18","chr3_98812482_98817768",470.54902133728,"+"
"ZC3H7A","chr12_110492122_110496011",470.494725540238,"-"
"RBM39","chr7_150803832_150804826",470.480718210075,"+"
"ZFP36L1","chr4_55605349_55609119",470.397589973035,"-"
"SNRPD2","chr19_36114713_36114797",470.382302065589,"+"
"PARP14","chr16_634956_635280",470.371740761798,"-"
"ZC3H6","chr16_19410773_19430412",470.348249426897,"-"
"SLTM","chr9_35684550_35685268",470.318200528956,"-"
"ZC3H8","chr5_40834606_40834820",470.317375681459,"-"
"TRMT1","chr11_93739331_93740873",470.302581263053,"-"
"ZC3H15","chr17_75320550_75321658",470.293823885541,"-"
"HDLBP","chr9_15510326_15510816",470.293231088331,"+"
"HNRNPAB","chr14_94114880_94115780",470.288179157844,"-"
"PUF60","chr3_108047292_108057476",470.262956201772,"-"
"LSM5","chr22_20122421_20125307",470.251700494006,"+"
"RBM33","chr19_4324667_4325215",470.218435467704,"-"
"RNF113A","chr3_180987022_180988022",470.206335958103,"-"
"HNRNPH3","chr17_16439703_16440184",470.120450111011,"+"
"ZC3H15","chr1_31007102_31028795",470.093644849604,"+"
"PPIE","chr22_19516645_19516816",470.080713269231,"+"
"HNRNPM","chr19_1599560_1602330",470.06917943017,"-"
"G3BP1","chr1_1787053_1787321",470.046402706171,"+"
"NIP7","chr3_127692323_127694974",470.02893028197,"+"
"SNRPD2","chr1_31908960_31911695",470.020204245245,"-"
"RBM8A","chr1_31908960_31910037",469.968820211007,"+"
"RBPMS","chr14_22565137_22588946",469.965653888464,"-"
"PCBP2","chr6_116574171_116580294",469.938357806515,"-"
"SLBP","chr19_58388245_58394496",469.936422323922,"-"
"RBMX2","chr8_61653660_61680967",469.924980165634,"-"
"G3BP2","chr9_98012472_98015363",469.909753126716,"+"
"RALY","chr9_73166192_73167496",469.892246387443,"+"
"MTHFSD","chr19_45522581_45522717",469.888692058336,"+"
"LARP4B","chr3_98867438_98881539",469.885829215,"-"
"HNRNPH1","chr16_635340_635611",469.79729821557,"+"
"NUFIP1","chr6_75237988_75241175",469.776608522576,"-"
"HNRNPH2","chr12_76067473_76084566",469.725610370327,"-"
"PPIE","chr3_45005414_45011234",469.68647250708,"-"
"HELZ","chr12_76450988_76487509",469.680367942845,"-"
"HNRNPL","chr3_172752472_172754508",469.618400677634,"-"
"RBM42","chr8_101200097_101201606",469.601560431261,"+"
"ZC3H13","chr7_107613432_107621629",469.584284456053,"+"
"TRMT1","chr12_94994257_94997307",469.580230311233,"-"
"HNRNPK","chr1_2399514_2400856",469.480429788633,"+"
"RBM4B","chr15_75854487_75868950",469.460859922548,"-"
"TARDBP","chr12_94994257_94997307",469.445907018881,"-"
"RALY","chr17_37021014_37031613",469.429332213555,"+"
"ZC3H12C","chr3_146525647_146533469",469.354103375702,"+"
"MCM3AP","chr8_60558923_60584207",469.350053328313,"-"
"RBM33","chr11_17523267_17523418",469.3379956014,"+"
"PUF60","chr1_235113910_235119338",469.326586231696,"-"
"DUS3L","chr7_141010660_141014550",469.320380310601,"-"
"SNRPG","chr1_151266112_151266307",469.298096553131,"+"
"ZRANB2","chr1_159965645_159976643",469.182351983519,"+"
"TNRC6A","chr17_7016685_7016909",469.136604994123,"+"
"MTHFSD","chr3_49015707_49015818",469.054666142158,"-"
"ZFP36L1","chr4_82355401_82356795",469.045568152952,"+"
"SNRPE","chr11_112085462_112086639",469.029075069038,"+"
"RRP7A","chr12_6975378_6975695",469.009438201244,"+"
"RBM8A","chr16_635340_635611",468.970121912689,"+"
"KHDRBS1","chr3_172755374_172755482",468.969356176151,"-"
"ZC3H8","chr7_76303076_76303983",468.871375539661,"-"
"SAFB2","chr1_150230693_150231776",468.857344681642,"+"
"SNRPE","chr1_156737534_156737645",468.851677811463,"+"
"MBNL1","chr10_102402159_102402251",468.843057293816,"+"
"PNPT1","chr19_40448046_40458154",468.776845784951,"-"
"KHDRBS1","chr8_61682483_61684038",468.705237055719,"-"
"RBMS1","chr1_150577491_150578243",468.684710654047,"+"
"LSM11","chr1_36456378_36460691",468.565827399513,"-"
"SPEN","chr19_44794281_44800380",468.562244153793,"-"
"MKRN1","chr11_5226799_5227200",468.525204349383,"-"
"MBNL1","chr11_68688100_68688848",468.503439387833,"+"
"YBX1","chr8_96231132_96231773",468.493128445268,"+"
"LSM10","chr15_92997403_92998498",468.477996292323,"+"
"AKAP1","chr12_56724523_56724961",468.464801680666,"-"
"YTHDF3","chr11_114440739_114443855",468.444484273381,"+"
"KIN","chr2_85596649_85597103",468.432871369176,"-"
"U2AF2","chr19_5896650_5896904",468.414487261898,"-"
"RBM12","chr7_1153131_1155452",468.404299649874,"-"
"ZC3HAV1L","chr12_55716196_55716932",468.376072247757,"+"
"MCTS1","chr4_48892889_48897803",468.369170607262,"-"
"PARP12","chr21_46291462_46296161",468.342345256063,"+"
"UHMK1","chr4_55600575_55607436",468.333367523755,"-"
"PRPF3","chr20_44887742_44901530",468.29638384439,"+"
"EIF2S1","chr9_99224170_99227898",468.24478266951,"-"
"TRMT2A","chr17_7017014_7017256",468.210570622992,"-"
"ZC3H13","chr16_66552793_66563071",468.192486639217,"-"
"SNRPA","chr17_82036308_82036383",468.181908138782,"+"
"DHX8","chr12_56311054_56314850",468.11557311868,"+"
"EIF3B","chr5_138556573_138557401",468.088629812096,"-"
"SUPT6H","chr12_94971620_95002738",468.053513446892,"+"
"LSM3","chr16_2214053_2214137",468.044615558539,"+"
"BICC1","chr16_721941_722308",468.026404183179,"-"
"TMEM63A","chr11_65115598_65115892",468.012795834506,"+"
"PUM1","chr4_151103079_151104184",467.947798637309,"-"
"MBNL2","chr3_167720273_167725400",467.934639733173,"-"
"FUBP3","chr16_635774_636093",467.919246241123,"-"
"SLBP","chr17_7857198_7857382",467.914489578971,"+"
"RBM3","chr3_108049651_108050577",467.86273247941,"-"
"TIPARP","chr2_197489247_197493323",467.858809326398,"-"
"PARP14","chr1_36457981_36460691",467.835621688933,"+"
"RBM17","chr3_195392147_195442794",467.806947547319,"+"
"ZFP36","chr9_35684807_35685063",467.800324495964,"-"
"CIRBP","chr9_136724939_136725054",467.798355157803,"+"
"ZFP36","chr10_90894891_90895879",467.757667153661,"+"
"PTBP2","chr6_79201726_79202275",467.747184432419,"+"
"RNF113A","chr6_150885734_150887841",467.726857120438,"+"
"MCTS1","chr2_237708630_237748363",467.724601701822,"+"
"RBM42","chr19_12675933_12676016",467.717548459853,"+"
"RBPMS","chr4_56452052_56453602",467.656871724491,"+"
"SNRPB","chr14_104755824_104756603",467.639946781522,"+"
"SSB","chr6_167864746_167870385",467.59095330187,"-"
"ZFP36L2","chr11_93730712_93731149",467.563886211256,"+"
"RBM45","chr15_63044152_63056984",467.56158654344,"+"
"RALY","chr11_62789679_62789885",467.54613383005,"+"
"KHDRBS1","chr7_141010660_141014910",467.533972479292,"+"
"SSB","chr6_30062017_30062223",467.455961539615,"+"
"RC3H1","chr19_12676142_12679456",467.423995121746,"-"
"SNRPC","chr18_9476286_9512990",467.390340675679,"+"
"RBM3","chr11_64319868_64320864",467.299970755454,"-"
"HNRNPA0","chr9_124858067_124858457",467.288378741052,"-"
"MCTS1","chr16_29904965_29905787",467.210039092184,"+"
"RBM3","chr19_18899709_18899872",467.208018948066,"-"
"PAN3","chr12_53038411_53039234",467.150236898208,"-"
"ZCCHC17","chr13_75530405_75537663",467.137132321364,"-"
"PPP1R10","chr12_76047718_76048392",467.103588735263,"-"
"ZFP36L1","chr1_153390557_153391040",467.080997041528,"+"
"SNRPF","chr19_8321574_8321655",467.003977841051,"-"
"SETD1B","chr11_114443933_114444585",466.97992382744,"-"
"L3MBTL3","chr3_186784696_186784961",466.953965741442,"+"
"NUFIP1","chr2_237708630_237748363",466.936186672868,"-"
"NUFIP1","chr2_73946906_73958145",466.898646227998,"-"
"RBMX","chr11_64242558_64243450",466.887922246338,"-"
"NAA38","chr5_96722698_96726793",466.882509632572,"-"
"TRMT1","chr19_35505986_35510183",466.882160919772,"-"
"G3BP2","chr1_19597109_19623473",466.879332838001,"-"
"FXR1","chr3_197142768_197149742",466.869816737453,"+"
"TIPARP","chr11_93734660_93737063",466.804456622885,"-"
"LSM5","chr7_44835658_44840898",466.777745138097,"+"
"HNRNPA1","chr19_49490576_49491072",466.757630043539,"-"
"SAMD4B","chr1_168198981_168199902",466.75688210289,"+"
"CIRBP","chr10_118311313_118326153",466.755789047828,"+"
"CPEB4","chr5_32594872_32598960",466.72334395594,"-"
"UPF3B","chr1_15719920_15721328",466.688009764237,"+"
"IREB2","chr1_1402256_1405802",466.663044572681,"-"
"PUF60","chr17_68255876_68256813",466.657328269262,"+"
"GRSF1","chr3_172755374_172756982",466.611530244233,"-"
"EIF4B","chr6_31835451_31837235",466.575004626991,"+"
"RBM3","chr5_171400210_171405301",466.572825936308,"-"
"SNRPE","chr12_6537390_6538100",466.557828827847,"-"
"APTX","chr12_4543904_4548091",466.522460962397,"-"
"PTBP1","chr7_26197732_26200571",466.489794108959,"-"
"THUMPD2","chr17_32479376_32479850",466.463475729135,"+"
"LSM3","chr3_12840242_12841493",466.411067976294,"+"
"SNRNP70","chr19_39433418_39433664",466.396213252174,"-"
"ESRP1","chr3_160404504_160411919",466.3873574656,"+"
"PCBP2","chr17_68114525_68125389",466.376289912407,"+"
"UPF1","chr6_109369017_109370410",466.375491727202,"+"
"SNRPB","chr10_104259798_104262978",466.342099102857,"+"
"SNRPC","chr6_27126462_27132366",466.341425241746,"-"
"RBM25","chr19_38290575_38304374",466.334742631328,"-"
"ZC3H18","chr19_10180234_10180349",466.287498150269,"-"
"RBM23","chr12_53034724_53037408",466.26305164297,"-"
"PTBP1","chr17_59112345_59131280",466.254362729274,"-"
"PNO1","chr1_156744348_156745007",466.207894623589,"+"
"SF3B4","chr9_35679998_35680117",466.159363157669,"-"
"PARP14","chr6_31639226_31640198",466.147346595765,"+"
"HDLBP","chr3_165460632_165491195",466.07664315069,"+"
"RBMS1","chr7_26192338_26192494",466.061883984467,"-"
"PARN","chr20_37230059_37232295",466.050865638357,"+"
"CIRBP","chr13_75604827_75605728",466.030548907777,"+"
"RBM4","chr19_18899709_18899872",466.019509571561,"-"
"LARP1B","chr19_58388245_58392975",466.004522868012,"-"
"RBMX","chr20_44885886_44901530",465.874424532807,"+"
"ELAVL1","chr2_74142360_74145188",465.841748932648,"+"
"ZRANB2","chr12_52243137_52245411",465.827030356873,"+"
"HNRNPD","chr8_56214667_56216432",465.823571291607,"-"
"DKC1","chr18_9475691_9512990",465.803032755108,"-"
"BICC1","chr10_73053590_73068845",465.775520375234,"+"
"THUMPD1","chr11_64227132_64229246",465.75616899461,"-"
"RBM28","chr7_26190460_26192494",465.668196350082,"-"
"YBX1","chr17_16440253_16441073",465.666028825028,"+"
"SETD1A","chr2_74527121_74527247",465.59471830492,"-"
"MTHFSD","chr9_7798637_7799448",465.548086267077,"-"
"LSM10","chr12_76047718_76048420",465.531659065522,"-"
"RBM18","chr2_237727935_237748363",465.48465757019,"-"
"CNOT4","chr6_79201726_79202275",465.479966649693,"+"
"PNPT1","chr19_39433761_39435606",465.460484480513,"-"
"LARP4B","chr12_57303217_57310263",465.399596905444,"+"
"CCAR1","chr15_75854487_75868950",465.382880655235,"-"
"ZC3H4","chr11_111882598_111883770",465.31373959304,"-"
"PCBP2","chr6_159797347_159798051",465.194288278261,"-"
"RBM19","chr16_1349608_1350057",465.161076852242,"-"
"SNRPA","chr2_111367575_111494884",465.099799122131,"-"
"PCBP2","chr3_197149796_197194424",464.811560868219,"+"
"MTHFSD","chr1_28567413_28571866",464.79810906304,"-"
"YTHDC2","chr10_70204915_70209204",464.796618271686,"-"
"LSM10","chr9_136849590_136850012",464.762839447823,"+"
"ZCRB1","chr5_171400925_171405301",464.721671903696,"-"
"RBM4","chr10_70884048_70885151",464.719003281755,"+"
"RBM28","chr15_49139653_49144226",464.691706949953,"+"
"CSDE1","chr19_1440241_1440348",464.68114254013,"-"
"RBM3","chr8_108233672_108234997",464.661921194408,"+"
"NAA38","chr6_132815088_132816460",464.634182632531,"+"
"MCTS1","chr1_203862222_203865040",464.629909362198,"-"
"SNRPB","chr17_40628993_40630713",464.574944382818,"+"
"LSM5","chr19_49446694_49447023",464.563406345299,"+"
"RBM15","chr3_48440458_48440544",464.529997912987,"-"
"ZCCHC17","chr1_173864704_173865470",464.493527807304,"-"
"U2AF2","chr15_63532707_63537024",464.449437425451,"+"
"YBX1","chr21_44967181_44973196",464.427267906566,"-"
"PCBP2","chr12_110492122_110492995",464.426110182946,"+"
"UPF3B","chr19_43652371_43655438",464.408513227216,"+"
"CSDE1","chr16_1770766_1770888",464.398008246397,"-"
"LARP6","chr12_76049525_76049755",464.396166838177,"-"
"PPRC1","chr7_26190460_26192494",464.315469011131,"+"
"DKC1","chr6_159797347_159798051",464.244788562314,"-"
"FXR1","chr5_149513209_149520289",464.231606519494,"+"
"RC3H1","chr9_35680139_35680964",464.151210090617,"-"
"SART3","chr12_53665428_53667572",464.035910486577,"-"
"YTHDF2","chr5_134741523_134743986",463.95970284884,"+"
"RBM17","chr1_23323732_23333517",463.958128191941,"+"
"MBNL3","chr11_62677585_62677926",463.951369220559,"-"
"CSTF2T","chr1_154173201_154182987",463.917606005982,"-"
"FUBP3","chr6_30345929_30346431",463.90867139203,"-"
"PABPC4","chr17_75136250_75148528",463.908585998113,"-"
"RBM39","chr19_5893290_5896452",463.899523384009,"-"
"RRP7A","chr1_32631879_32633644",463.888730978661,"+"
"YBX1","chr1_2399514_2400856",463.888365370795,"+"
"ZC3H15","chr7_26197732_26200571",463.816121418162,"-"
"PNO1","chr11_85654256_85655593",463.793297296665,"+"
"UPF3B","chr2_177212871_177215538",463.784509291082,"+"
"NIP7","chr11_64227132_64229246",463.774706305946,"-"
"LARP4","chr8_143580632_143581053",463.772706723114,"-"
"YTHDF1","chr17_48931717_48936169",463.751826019705,"-"
"RBM33","chr1_46185308_46196201",463.712887327603,"+"
"ZNF638","chr17_75574668_75574870",463.698092217376,"+"
"RBMXL1","chr17_48931717_48936169",463.643255192094,"-"
"CPSF7","chr17_42950728_42951799",463.632437954699,"+"
"ZC3H4","chr3_127710665_127721052",463.619726948166,"+"
"PNO1","chr12_110436204_110436664",463.615179674742,"-"
"SAMD4B","chr12_76056161_76060137",463.611589911445,"-"
"RNF113A","chr19_4324664_4325215",463.599921494855,"-"
"RBMX","chr17_7016685_7016909",463.564918114058,"+"
"EIF3G","chr3_44926847_44933117",463.518169341222,"-"
"GTF3A","chr2_227340380_227355676",463.469571103018,"-"
"TIA1","chr17_5422829_5432541",463.443331774342,"+"
"PARN","chr19_5896997_5901334",463.428530544353,"-"
"PPRC1","chr5_133993018_134004894",463.401892159549,"-"
"TTC14","chr11_85654256_85655593",463.383836695647,"+"
"UNK","chr22_46297479_46308318",463.3558553306,"-"
"PSPC1","chr11_88326443_88328111",463.348353278835,"+"
"LARP4B","chr1_46309127_46316551",463.315496071848,"-"
"RBM43","chr2_152694622_152715994",463.259132462675,"+"
"RBMX2","chr1_39570002_39571233",463.237656896012,"+"
"ZC3H4","chr13_45340184_45341041",463.213558163396,"-"
"SAFB2","chr4_153397333_153408970",463.206203530479,"+"
"SF3A1","chr1_23967723_23971572",463.19757885296,"+"
"PCBP2","chr17_59112345_59119318",463.17355998282,"+"
"HNRNPL","chr12_56666266_56670274",463.171475865725,"+"
"RBM22","chr1_173864304_173865470",463.170150564259,"-"
"HNRNPF","chr6_143335119_143339638",463.111538745234,"-"
"LARP1B","chr1_109758663_109759061",463.107275150735,"+"
"PCBP2","chr1_46185308_46196201",463.106544073882,"+"
"LSM5","chr2_214781509_214792296",463.094582417794,"+"
"HNRNPAB","chr7_44114945_44115294",463.076783065338,"+"
"ZC3HAV1","chr1_171512200_171513000",463.036240113151,"-"
"ZNF638","chr16_75412754_75414577",462.998785873426,"+"
"YTHDF2","chr11_66285536_66285700",462.968692350096,"+"
"LSM3","chr12_120695000_120695094",462.877393422766,"+"
"ZFP36L2","chr11_17077473_17077618",462.792540635042,"-"
"U2AF2","chr9_136850137_136850502",462.772815832749,"-"
"RNPC3","chr15_63044152_63056984",462.731362613202,"-"
"PARN","chr2_74142360_74145188",462.725218578672,"+"
"RBM25","chr19_29942664_29942822",462.699308690142,"-"
"MBNL2","chr4_153358622_153408970",462.699075537882,"-"
"UPF3B","chr2_74135658_74145188",462.694027683023,"+"
"SRRT","chr4_2042068_2042326",462.610352315533,"+"
"PPP1R10","chr22_37878171_37888425",462.610222722071,"-"
"ZC3H14","chr7_22818048_22822153",462.602160264558,"-"
"G3BP2","chr9_15478552_15479590",462.551508026837,"+"
"RBM47","chr16_88858789_88859892",462.547647599038,"-"
"LSM11","chr8_61684188_61714301",462.531636923147,"-"
"HNRNPH1","chr3_179593895_179601729",462.521634980708,"-"
"RBM22","chr11_63753708_63756111",462.520718991206,"+"
"SAMD4A","chr15_34342111_34343019",462.51290113533,"-"
"CSDE1","chr6_7581569_7582641",462.359117599965,"-"
"EIF3G","chr5_131159611_131160655",462.358365177052,"-"
"SF3A1","chr19_18589077_18590853",462.331518194269,"-"
"NCL","chr7_74658068_74689123",462.301454559189,"+"
"ZRANB2","chr12_56724549_56725262",462.28754297443,"-"
"CIRBP","chr6_75241265_75243422",462.270550336391,"-"
"PPIL4","chr5_82276255_82276397",462.270206235639,"+"
"MKRN1","chr4_55605349_55609119",462.25511206301,"-"
"QKI","chr17_75320550_75321658",462.239619310659,"-"
"PRPF3","chr2_73927052_73958145",462.153181675913,"-"
"SRBD1","chr7_99650232_99660498",462.143260520268,"-"
"RNF113A","chr2_169812506_169815476",462.026543323116,"+"
"POLR2G","chr12_6492972_6493716",461.997742397017,"-"
"RBM25","chr9_133360129_133360264",461.983072888559,"-"
"MCTS1","chr6_43054486_43055544",461.96405946687,"+"
"AKAP1","chr20_17680075_17682027",461.922258078619,"-"
"LSM3","chr17_5426299_5428070",461.920215351858,"+"
"RNPS1","chr2_46581591_46592474",461.914134751242,"+"
"YBX1","chr11_65920462_65920568",461.893018856768,"+"
"DNAJC17","chr1_7970963_7984893",461.892932244159,"-"
"ZC3H13","chr2_232567214_232568944",461.871695027437,"+"
"PPIE","chr4_673966_674211",461.849789805703,"+"
"RALY","chr17_43013882_43014107",461.801832849609,"+"
"SNRPD1","chr6_33275657_33275796",461.702228354643,"-"
"TRA2A","chr8_66922725_66926197",461.691696097537,"-"
"POLR2G","chr6_85619417_85622481",461.669773973469,"+"
"SNRPB","chr9_92324209_92325179",461.662461540852,"-"
"KIN","chr18_9195698_9208656",461.638586672363,"+"
"RBM3","chr16_1770766_1770888",461.57751544476,"-"
"PUM1","chr5_177306176_177306454",461.574364612347,"-"
"SNRPD1","chr12_121903107_121915855",461.563462666711,"+"
"DUS3L","chr15_60364523_60386027",461.525671854189,"-"
"BICC1","chr17_81891863_81894466",461.51518897415,"-"
"YTHDF2","chr3_51994126_51994772",461.468269633018,"-"
"LARP7","chr9_127714282_127714378",461.372460918286,"+"
"SRBD1","chr12_53038411_53039234",461.347573651643,"-"
"RC3H1","chr3_112995265_112996891",461.278478615446,"+"
"TTC14","chr16_88643571_88646115",461.174714089546,"+"
"PUM2","chr11_47419197_47422573",461.171787483141,"-"
"TRMT1","chr9_122144378_122159626",461.144153319805,"-"
"KHSRP","chr17_75042277_75046924",461.101226977227,"-"
"SNRPD1","chr16_4848210_4857989",461.073739172581,"-"
"RBMX2","chr19_10177367_10180349",461.038821438236,"-"
"MCTS1","chr16_88858789_88859892",461.011700420931,"-"
"SSB","chr5_96740118_96741265",460.99539730995,"-"
"RBM42","chr3_127695190_127710575",460.993129597212,"+"
"PPP1R10","chr16_14672749_14688164",460.939605604139,"+"
"RBM10","chr20_34078545_34079909",460.935280580371,"-"
"L3MBTL3","chr3_172755575_172756982",460.921423035825,"-"
"SYNCRIP","chr2_74527121_74527247",460.854608890761,"-"
"RALY","chr16_75294042_75305023",460.821849677023,"+"
"MCTS1","chr2_68047319_68062957",460.775324859039,"+"
"ANKRD17","chr1_19374455_19378539",460.76405436132,"-"
"TRA2A","chr18_9122681_9126830",460.746346421185,"-"
"GRSF1","chr6_70395043_70395229",460.741961815846,"+"
"EIF3B","chr17_44212006_44212818",460.741844433,"+"
"EIF2S1","chr11_62789426_62789885",460.674536259156,"-"
"LARP1","chr16_88646197_88646519",460.661638139461,"-"
"NONO","chr3_114076942_114079905",460.628837109129,"+"
"NIP7","chr9_110244843_110256411",460.617917540901,"-"
"ZFR","chr7_129858941_129879567",460.605269152957,"+"
"TRMT1","chr19_3452666_3456549",460.569836449328,"-"
"SNRPB2","chr16_721941_722308",460.565242368563,"+"
"RBM47","chr1_63441103_63453917",460.510419853916,"+"
"SNRNP35","chr19_35508240_35509910",460.495167325429,"+"
"RNF113A","chr17_82036061_82036190",460.469378510399,"-"
"RBM26","chr16_23587319_23596122",460.435734268636,"+"
"RBMS1","chr2_165770808_165794014",460.428678741311,"+"
"YBX1","chr7_29064234_29066022",460.417997494534,"+"
"RRP7A","chr22_37956842_37959345",460.409589220437,"+"
"YTHDC2","chr1_53923947_53930038",460.391168518159,"-"
"ACO1","chr18_9475176_9512990",460.369152043786,"+"
"ZRSR2","chr2_223758750_223775900",460.367186886916,"-"
"ZNF638","chr19_19199234_19201648",460.346499333534,"+"
"ZNF239","chr9_97687261_97693648",460.340393880501,"-"
"MATR3","chr11_64227132_64227567",460.258962332508,"-"
"ACO1","chr14_34608140_34609637",460.254528760038,"+"
"SNRPE","chr19_43508864_43511436",460.235748598006,"+"
"RBM15B","chr18_9124983_9134185",460.223475087201,"-"
"PABPC4","chr12_56311414_56314850",460.183207493015,"+"
"RBM18","chr1_244842058_244842194",460.1812724051,"+"
"NAA38","chr6_30345398_30345490",460.165493810251,"+"
"TRMT1","chr11_31453092_31456259",460.140332402773,"+"
"BICC1","chr19_29942664_29971192",460.125075627365,"+"
"RBM12B","chr1_20483719_20484366",460.120786238388,"-"
"FUS","chr14_96525391_96531474",460.12076419172,"-"
"RBM7","chr20_32369123_32428127",460.007023249403,"+"
"NAA38","chr19_36114412_36114797",460.005231068306,"+"
"RBM4B","chr14_103571820_103574106",460.00432668526,"+"
"HNRNPH3","chr1_23318688_23321527",459.960146860956,"+"
"YTHDF2","chr5_163464802_163469640",459.954895603197,"-"
"TRA2A","chr17_6641152_6641752",459.949414146006,"+"
"CIRBP","chr11_32596047_32600688",459.948607628609,"+"
"EIF4B","chr11_64319868_64320660",459.938422543566,"+"
"HNRNPM","chr11_34651610_34651736",459.858927144407,"+"
"SYNJ2","chr3_179588995_179593764",459.835893083221,"-"
"TIA1","chr3_108049651_108050577",459.831515929784,"+"
"TRNAU1AP","chr11_63999036_63999330",459.797239826719,"+"
"SF3B4","chr9_129634306_129635207",459.770430918382,"+"
"TNRC6A","chr19_5896650_5896904",459.709323624392,"-"
"LSM1","chr11_840480_842425",459.687487061154,"-"
"RBM42","chr12_117039210_117049018",459.565766851119,"-"
"NOL8","chr2_46591925_46592474",459.460117247378,"-"
"A1CF","chr6_35469027_35469435",459.404838342945,"-"
"MCM3AP","chr14_105488027_105488165",459.352136463581,"-"
"RBPMS","chr1_155140271_155140490",459.346981132982,"+"
"MATR3","chr8_85217502_85219235",459.339022790987,"+"
"PPIE","chr11_406059_406141",459.338059291475,"-"
"CIRBP","chr20_18567596_18569238",459.334511797135,"+"
"SYNJ2","chr12_102013192_102017719",459.328126934917,"-"
"PPIE","chr15_41388522_41394858",459.245600184716,"+"
"LSM4","chr17_7857198_7857382",459.206998513613,"+"
"U2AF2","chr1_159961405_159965498",459.182216187959,"-"
"RBM47","chr17_81891841_81894466",459.172166424902,"-"
"LSM4","chr9_35813367_35813444",459.155551510866,"-"
"YTHDF1","chr17_81239682_81240986",459.146373340049,"-"
"RALY","chr1_154990528_154992712",459.118810561607,"+"
"RC3H1","chr12_122520581_122521384",459.117094786276,"+"
"TRA2A","chr19_49491547_49491730",459.085041951606,"-"
"PABPC1","chr8_73959818_73972076",459.079297852936,"+"
"PPIL4","chr1_235113910_235119338",459.070981701441,"-"
"RBM39","chr16_66552793_66563071",459.020391482546,"-"
"PABPC4","chr3_122359919_122362967",459.015017011872,"+"
"LARP4","chr13_75804541_75809153",458.971474797383,"+"
"LSM10","chr9_110244843_110250146",458.969172386281,"-"
"RBM28","chr17_75574668_75574873",458.949428353476,"-"
"PUM1","chr12_6975378_6975695",458.917897857277,"-"
"CPEB4","chr1_165649964_165651977",458.916654369957,"-"
"PPIE","chr7_73303529_73303599",458.907088887081,"+"
"SF1","chr8_61661926_61680967",458.872882507026,"+"
"THUMPD1","chr19_58388245_58394496",458.837501276004,"-"
"CPEB2","chr16_2093012_2094720",458.802538842495,"+"
"RC3H1","chr5_96722698_96729611",458.801006071508,"-"
"SYNJ2","chr1_53228954_53235576",458.79155112232,"+"
"TRMT1","chr1_20613899_20618451",458.783151641742,"+"
"CPSF7","chr10_118336423_118342269",458.747432208571,"-"
"ZCCHC17","chr9_136850560_136850754",458.741134047106,"-"
"ZC3HAV1","chr11_119017545_119017957",458.724334861839,"-"
"ZC3H15","chr16_634797_636093",458.662280048211,"-"
"FXR1","chr20_17570211_17600737",458.655321719837,"-"
"DAZAP1","chr7_44114945_44115294",458.654708114655,"+"
"MCTS1","chr6_151305903_151348710",458.638923982509,"-"
"HNRNPC","chr1_193023946_193028084",458.614669553931,"+"
"CSTF2","chr1_244842058_244842194",458.581504451072,"+"
"CARHSP1","chr1_19357563_19378539",458.554400482829,"+"
"YBX1","chr4_55600575_55602767",458.514825209784,"-"
"CPSF7","chr11_64319868_64320864",458.498852187047,"-"
"GTF3A","chr16_1962656_1962798",458.474222707587,"-"
"APTX","chr14_54418306_54419991",458.455987674773,"+"
"EIF2S1","chr10_103392283_103392381",458.455465412389,"-"
"HNRNPA0","chr2_200372251_200389222",458.453110514916,"-"
"AKAP1","chr17_42810928_42813947",458.407311226659,"-"
"LSM4","chr2_73946906_73958145",458.386543781716,"-"
"IGF2BP2","chr6_43054486_43055544",458.356374305068,"+"
"RBM3","chr6_109369017_109370410",458.311405366227,"+"
"LSM10","chr11_62789679_62789885",458.307032116065,"+"
"MSI2","chr19_36114713_36114797",458.286304757461,"+"
"PCBP2","chr1_64867208_64869310",458.238226279931,"+"
"SLTM","chr19_40775669_40776968",458.229088993442,"-"
"FXR1","chr5_154756193_154790324",458.223495839153,"+"
"RBM22","chr17_75042277_75046924",458.206590350849,"-"
"SRBD1","chr6_31664580_31664840",458.205893749358,"+"
"ACIN1","chr6_143335119_143339638",458.184999447255,"-"
"CCAR1","chr2_135748369_135753538",458.159703892224,"+"
"RNF113A","chr16_1962270_1962492",458.151453387356,"-"
"RBMX2","chr7_73736691_73736928",458.14795882942,"+"
"TRMT2A","chr1_114736855_114737962",458.12654433536,"+"
"THUMPD3","chr14_105479493_105488165",458.125833693689,"-"
"HNRNPA1","chr5_150446963_150447473",458.090014100634,"-"
"RC3H2","chr5_87394484_87395043",458.072625105244,"+"
"PSPC1","chr12_52243137_52248176",458.046949909519,"-"
"CSTF2","chr1_31908959_31910037",458.036052103883,"-"
"YTHDC1","chr1_1402256_1405802",458.035713023377,"-"
"ZCCHC17","chr19_45688466_45691886",457.992000345321,"-"
"RBM22","chr9_35660647_35660770",457.969601785583,"-"
"SRBD1","chr1_153626533_153632033",457.948336983554,"-"
"PSPC1","chr7_26191128_26192494",457.920345529792,"+"
"PNPT1","chr5_139600435_139614585",457.856242535275,"+"
"SRRT","chr17_28360847_28361156",457.835634771423,"+"
"HNRNPA3","chr7_100871721_100873171",457.766212375847,"-"
"RBM19","chr7_141010617_141014910",457.765095910369,"-"
"G3BP2","chr1_161158211_161158411",457.754302797159,"+"
"ANKRD17","chr2_46591925_46592474",457.722689449818,"-"
"SNRPE","chr19_12797166_12800176",457.658509681236,"-"
"CPEB3","chr2_227340380_227347225",457.585994162145,"-"
"RRP7A","chr17_6641227_6641752",457.557084872235,"+"
"LSM4","chr3_186790064_186790141",457.55007711328,"+"
"CIRBP","chr20_49281818_49289044",457.546016262309,"-"
"SF1","chr3_197149796_197194424",457.526591294303,"+"
"MEX3D","chr12_104988253_104994477",457.525124712726,"-"
"PPRC1","chr2_55234962_55235412",457.474214324042,"-"
"CARHSP1","chr20_45471550_45479941",457.466881142093,"-"
"HDLBP","chr19_41958383_41958735",457.421922752433,"+"
"NAA38","chr6_132816151_132816460",457.38153009736,"-"
"GRSF1","chr19_38632463_38632600",457.370032544346,"-"
"SNRPC","chr17_38755990_38762410",457.342715057849,"-"
"MATR3","chr11_532522_532651",457.296788635695,"-"
"FXR1","chr3_186784696_186785882",457.294521574511,"+"
"RBMXL1","chr11_93739331_93740873",457.291567212517,"-"
"ESRP2","chr1_23323732_23337753",457.289452951809,"-"
"RBM17","chr12_52243137_52248176",457.13442280166,"-"
"SNRPA","chr1_159961405_159965498",457.082175770705,"-"
"NAA38","chr1_161100853_161102047",457.06268858329,"-"
"LARP1","chr9_35679342_35679904",457.027063557575,"-"
"RBM10","chr19_10682704_10683124",456.994755631237,"+"
"ZC3H8","chr8_30544624_30558886",456.990582256778,"-"
"PARP10","chr2_86171312_86173649",456.971691633774,"-"
"BICC1","chr15_63042943_63044026",456.968378852602,"+"
"TRMT2A","chr6_34417897_34418368",456.962666769758,"-"
"KHDRBS1","chr1_156735909_156736618",456.95577913865,"+"
"SART3","chr3_122363027_122368175",456.882723696622,"+"
"PCBP2","chr2_227342819_227355676",456.869431943843,"-"
"RBM12B","chr3_121730017_121730847",456.868833912857,"-"
"RBM43","chr2_61533903_61534422",456.865230046636,"-"
"FXR2","chr17_7012761_7013665",456.752211200034,"+"
"RBM28","chr15_40037018_40038281",456.740611011106,"+"
"HNRNPA0","chr4_55597267_55599141",456.680797115955,"-"
"HNRNPA2B1","chr16_4848210_4857989",456.667178004483,"-"
"ZCCHC17","chr6_30345573_30346438",456.651256317149,"-"
"ALKBH8","chr10_104279471_104297577",456.647751339206,"+"
"SRRM1","chr11_63756170_63758155",456.639680332153,"+"
"UHMK1","chr15_43800784_43801517",456.622669404612,"-"
"LSM5","chr12_10607936_10609830",456.615766538503,"+"
"FUBP1","chr10_13132197_13133501",456.609951395844,"+"
"TRMT2A","chr1_173864304_173865509",456.609740740325,"-"
"RBM25","chr13_27251699_27253764",456.59602700504,"-"
"DHX8","chr19_16076697_16081912",456.587448131838,"+"
"SYNJ2","chr12_32747363_32749936",456.584443260735,"+"
"ACO1","chr10_118336423_118341726",456.581488296475,"+"
"NUFIP1","chr19_12676142_12677290",456.500833091531,"-"
"TRMT1","chr15_34227846_34229752",456.484483350126,"-"
"SYNJ2","chr2_216500031_216520713",456.471110672026,"-"
"THUMPD1","chr16_1349952_1350057",456.416384083072,"+"
"SNRNP35","chr9_36191273_36204067",456.416297109102,"-"
"RBM17","chr11_1836861_1836956",456.348108579408,"+"
"PABPC1","chr9_124860264_124861127",456.325258748424,"-"
"LSM6","chr11_111882598_111883770",456.296969814857,"-"
"RBM22","chr15_34228589_34229752",456.275840555701,"+"
"BICC1","chr5_133993018_134004646",456.26543011939,"+"
"PTBP1","chr4_151103161_151104176",456.223189186112,"-"
"RBM38","chr20_35739017_35740524",456.213248070091,"-"
"RBM3","chr12_120197462_120198894",456.185475957559,"-"
"RBPMS","chr5_32591685_32601004",456.148350892523,"-"
"ALKBH8","chr9_36191273_36198978",456.125998733425,"-"
"ZC3H3","chr20_35732135_35738967",456.120900778141,"+"
"TOE1","chr19_54106446_54106810",456.079174640324,"+"
"EIF2S1","chr8_99887618_99893638",456.041697969699,"-"
"RBMX","chr7_26190460_26192494",455.990892970461,"+"
"HNRNPH3","chr3_108049651_108050577",455.98433325719,"-"
"ZCRB1","chr2_9406905_9408112",455.981907470816,"-"
"CSDE1","chr16_14672749_14688164",455.907898605045,"+"
"U2AF2","chr20_34078553_34079909",455.894941090809,"+"
"FUBP3","chr12_76047718_76048420",455.890159049573,"-"
"CPSF6","chr16_57173869_57185820",455.833116794856,"+"
"RBM47","chr4_82424883_82425562",455.795873290334,"+"
"HNRNPAB","chr9_33796802_33798485",455.782904759288,"-"
"G3BP2","chr3_171347218_171369619",455.734325458631,"+"
"ANKRD17","chr17_41525273_41527920",455.665207535872,"-"
"TRMT2A","chr11_63575046_63598060",455.651698959618,"-"
"LSM5","chr5_140300582_140303040",455.641492086942,"+"
"PUF60","chr20_50084254_50113106",455.5664211079,"-"
"ZCRB1","chr12_76056161_76059797",455.515837098312,"+"
"RRP7A","chr16_635340_635611",455.511630407711,"-"
"MEX3D","chr15_40836282_40838542",455.496912690946,"+"
"HNRNPL","chr16_81017385_81017757",455.488894725824,"+"
"HNRNPH1","chr16_2752846_2757471",455.447348308584,"+"
"PTBP2","chr19_8316645_8319300",455.437562582303,"-"
"SAFB2","chr18_31522249_31524447",455.427577019776,"+"
"PPRC1","chr19_44794281_44800380",455.398319947635,"-"
"RBM8A","chr16_80976179_80997313",455.365776325378,"-"
"RBM8A","chr14_24217223_24218058",455.253241438087,"-"
"ZCRB1","chr18_49491584_49492257",455.225609361749,"-"
"KHDRBS1","chr7_141010660_141014910",455.212130692603,"+"
"SNRPA","chr19_17517389_17520943",455.14689965103,"-"
"EIF4H","chr17_76735158_76736153",455.127279481321,"-"
"CSTF2","chr19_10682704_10683124",455.120251750655,"+"
"ACIN1","chr17_44212454_44212818",455.117601265568,"+"
"ZCCHC17","chr16_4463512_4463659",455.067347067544,"-"
"ZCCHC17","chr16_2772102_2776992",455.060903467148,"-"
"EIF3B","chr3_180985996_180988022",455.057204621444,"-"
"ESRP2","chr3_73063747_73064851",455.049133667816,"-"
"THUMPD2","chr16_89873859_89883350",455.028427404146,"+"
"SNRPF","chr4_151103079_151104176",455.008984524677,"+"
"RBM6","chr7_73694050_73697604",455.001155652364,"+"
"YTHDC2","chr20_35632025_35632310",455.000064091437,"-"
"RBM18","chr11_64319868_64320864",454.998548637361,"-"
"HNRNPM","chr5_90488129_90490592",454.995257502297,"+"
"MCTS1","chr2_85396010_85398019",454.920242290285,"-"
"RBM8A","chr4_55605349_55609119",454.914702362187,"-"
"U2AF2","chr11_130117859_130120705",454.8937587348,"-"
"ZC3H12A","chr11_93734660_93737063",454.88300689166,"-"
"SUPT6H","chr16_18788155_18788980",454.868536687381,"-"
"SAFB2","chr5_146177665_146182621",454.834926246658,"-"
"PCBP4","chr1_20605039_20618451",454.823012833445,"-"
"HNRNPA2B1","chr1_155140245_155140490",454.816522288131,"-"
"LSM6","chr1_228107869_228108234",454.806373572006,"+"
"PPP1R10","chr13_52456607_52460898",454.784818488972,"+"
"ZC3H7A","chr8_73956054_73959764",454.762193169596,"+"
"SNRPF","chr11_93730712_93731149",454.671060881305,"+"
"SNRPF","chr9_136724939_136725054",454.59373512605,"+"
"ZFR","chr17_16441130_16441367",454.574816454052,"+"
"FXR2","chr13_75569507_75604768",454.548652917107,"-"
"RBM43","chr7_27800090_27827737",454.496669066603,"-"
"CARHSP1","chr1_212433120_212444338",454.485498044136,"-"
"ZRANB2","chr2_38747130_38748046",454.451604649234,"-"
"LARP6","chr7_92242137_92244901",454.422038906984,"-"
"PABPC4","chr20_45471281_45479941",454.413688254712,"-"
"RBM4B","chr15_75339344_75339701",454.412864488359,"+"
"DHX8","chr12_56158711_56159974",454.333245567314,"-"
"LSM11","chr3_196740157_196779419",454.331471806665,"-"
"RALY","chr17_37031685_37056600",454.33104530701,"+"
"G3BP2","chr14_94114880_94115789",454.322792208397,"-"
"HNRNPAB","chr10_73246176_73246687",454.3156968411,"+"
"RBM23","chr11_17522926_17523418",454.309740208879,"-"
"CSTF2T","chr22_40951476_40953554",454.302167910084,"+"
"SAFB2","chr5_96702915_96722638",454.290776233359,"+"
"RBM8A","chr12_4546418_4548091",454.272532195567,"+"
"LSM7","chr8_66922725_66926377",454.207440544823,"-"
"POLR2G","chr17_7016685_7017256",454.170232590669,"+"
"G3BP1","chr7_56101861_56102862",454.169671071699,"-"
"HDLBP","chr2_135748369_135755516",454.149527303477,"+"
"ZCCHC17","chr7_23308055_23309355",454.136170256362,"-"
"PCBP2","chr16_75294042_75305023",454.122767339347,"+"
"RBM43","chr12_57305663_57310263",454.086648419716,"-"
"FXR1","chr19_35505986_35507457",453.98386938986,"+"
"DUS3L","chr17_76735158_76735771",453.983096048943,"-"
"KHSRP","chr9_129634221_129635207",453.975978676564,"-"
"MTHFSD","chr6_34240915_34242711",453.898660978458,"-"
"SRBD1","chr20_13586814_13784879",453.883468829942,"-"
"DNAJC17","chr4_108620600_108621950",453.84137675754,"+"
"PNO1","chr2_73957240_73958145",453.837372523519,"-"
"RBM3","chr12_6849198_6849564",453.826259332414,"-"
"HDLBP","chr14_22830254_22833417",453.817020554439,"-"
"RBM3","chr8_96231132_96231773",453.807541163218,"+"
"ANKRD17","chr6_26124749_26138053",453.799021741166,"-"
"RBM8A","chr3_158710933_158713796",453.748302630617,"+"
"ESRP2","chr2_199961928_199963732",453.73231122122,"+"
"ZCRB1","chr7_105063580_105066726",453.636951450661,"+"
"ALKBH8","chr8_15757855_15764202",453.605026082936,"-"
"LSM6","chr7_21911751_21916753",453.592715068169,"+"
"RBM4","chr17_63766194_63773411",453.592306354176,"+"
"ZFP36L1","chr19_45413745_45414860",453.553699274399,"+"
"LSM5","chr14_90397233_90400064",453.533067117587,"+"
"SYNCRIP","chr6_151305903_151348710",453.512651284208,"+"
"YTHDF2","chr2_74527059_74527247",453.490408218303,"-"
"HNRNPH2","chr11_64319868_64320864",453.481476103881,"+"
"HNRNPR","chr20_56388202_56392167",453.458719593519,"-"
"SPEN","chr10_90895483_90895879",453.457499121153,"+"
"UNK","chr19_49497372_49497519",453.416712574247,"-"
"TRMT1","chr1_42457350_42459602",453.298280043761,"+"
"APTX","chr8_144412946_144413236",453.272785081001,"+"
"DNAJC17","chr19_38290575_38304374",453.229013734821,"+"
"LSM4","chr10_128116007_128116490",453.208860028543,"+"
"ESRP1","chr20_31742647_31757406",453.165457596713,"+"
"FMR1","chr15_58894193_58894432",453.131857645023,"+"
"SAMD4A","chr19_38290575_38291839",453.125774747533,"-"
"RNPS1","chr5_96727530_96729611",453.113549792,"-"
"YBX1","chr5_177304850_177305870",453.058938501853,"+"
"G3BP2","chr18_79973856_79977597",452.991002070304,"+"
"ZC3HAV1","chr3_122359919_122362967",452.981841017189,"+"
"SSB","chr1_31908960_31910037",452.972478301166,"+"
"TIAL1","chr10_78034316_78035351",452.939949151231,"-"
"PCBP2","chr3_197149796_197194424",452.934238925707,"+"
"ZRSR2","chr15_68780470_68782955",452.922495650696,"-"
"U2AF1L4","chr16_75301905_75305023",452.915352122588,"-"
"SFPQ","chr3_172755374_172756982",452.899490485062,"-"
"HNRNPC","chr15_60386086_60396279",452.890723435141,"-"
"RNPS1","chr2_171707377_171715327",452.886363003679,"+"
"PAN3","chr8_38407463_38408211",452.883246516514,"+"
"PRPF3","chr11_88326443_88328111",452.880309801194,"+"
"SLTM","chr1_45568177_45568926",452.871376253753,"-"
"SNRPC","chr10_78037304_78037964",452.863808013463,"-"
"LSM10","chr20_56388202_56388686",452.846407846827,"+"
"SAFB","chr1_156596478_156598034",452.803842491717,"+"
"KHDRBS3","chr19_45416897_45421177",452.797568525529,"-"
"PSPC1","chr19_43652371_43655438",452.777943499959,"+"
"CIRBP","chr19_44794281_44800380",452.760739461639,"+"
"RBM19","chr17_16000245_16001914",452.697600959654,"-"
"LSM10","chr11_62833131_62833617",452.636243592668,"+"
"TRA2A","chr16_67203583_67203680",452.635129760185,"-"
"SSB","chr15_88639594_88652169",452.630276595832,"-"
"LSM5","chr1_39561122_39561684",452.569848721399,"+"
"IREB2","chr17_44212006_44212818",452.557787350117,"+"
"FXR1","chr1_244842058_244842194",452.551001941067,"+"
"HTATSF1","chr8_85217502_85219322",452.532890807602,"+"
"ZFP36L2","chr16_14672749_14688164",452.520052277675,"+"
"LSM6","chr10_94545952_94546376",452.518781785714,"+"
"SNRPA","chr19_5896997_5903611",452.501661585145,"+"
"GRSF1","chr16_634956_635280",452.4911232715,"-"
"LSM6","chr22_29767607_29769677",452.484730607144,"+"
"RBM12B","chr6_3263759_3267590",452.461411389099,"+"
"RBM3","chr17_7016685_7016909",452.459099344733,"+"
"ZCCHC17","chr2_130182452_130190468",452.434116229568,"-"
"RBMXL1","chr8_73956054_73972244",452.34545715112,"-"
"KRR1","chr17_38450723_38451625",452.327884809842,"+"
"THUMPD3","chr6_167864746_167870382",452.323709373879,"+"
"TNRC6A","chr7_100435767_100435847",452.318392142159,"+"
"SSB","chr1_159965645_159976643",452.272749882508,"-"
"RBM18","chr3_156549003_156553654",452.258616836628,"+"
"ZCRB1","chr16_31201841_31202416",452.192155430203,"-"
"THUMPD1","chr8_30544624_30558886",452.175158202102,"+"
"RC3H1","chr8_85217502_85220305",452.141740220097,"-"
"TRNAU1AP","chr17_38450723_38451305",452.09573798447,"-"
"PARP14","chr11_319985_320564",452.090338574282,"-"
"LSM5","chr12_117041994_117049018",452.085555113907,"-"
"IGF2BP3","chr5_151746449_151758545",452.066499389305,"-"
"KIN","chr8_73956054_73972244",452.05724977771,"-"
"MEX3D","chr2_70289372_70293617",452.048707994603,"+"
"LARP1B","chr6_70395043_70395229",452.019081810072,"-"
"ALKBH8","chr19_55401762_55404060",451.985947013251,"-"
"PPRC1","chr2_85395626_85395979",451.968275362938,"-"
"RBM28","chr15_80979477_80981949",451.823841880501,"+"
"TRNAU1AP","chr12_104991848_104994477",451.80275447547,"+"
"NONO","chr5_73128531_73131540",451.749223605624,"-"
"SAMD4B","chr2_111429620_111479906",451.721943333321,"-"
"ZFR","chr19_9828064_9828326",451.702719778032,"-"
"ACO1","chr5_135343434_135345967",451.669355199122,"+"
"LARP7","chr2_69788141_69825455",451.664915441312,"+"
"CIRBP","chr13_27253843_27255241",451.605147025702,"-"
"HNRNPC","chr8_692612_715860",451.600207478115,"+"
"ZRANB2","chr19_36114713_36114797",451.591921464971,"+"
"U2AF2","chr12_56666266_56671748",451.579172778155,"-"
"RBM26","chr19_12676078_12677107",451.561742403612,"-"
"LSM5","chr16_66558348_66565885",451.542875444915,"-"
"CPSF7","chr12_104311412_104313244",451.531272186388,"+"
"CIRBP","chr15_64376905_64380957",451.52877464279,"+"
"ZC3HAV1L","chr1_15721388_15725316",451.520245850159,"+"
"SNRNP35","chr19_35546808_35547118",451.520234766352,"-"
"LSM3","chr11_88326443_88334936",451.494166231224,"-"
"SART3","chr2_101004361_101005958",451.484949148106,"-"
"ANKRD17","chr7_99968430_99971745",451.441275286197,"+"
"ZFR","chr19_10679927_10681018",451.437899231635,"-"
"ANKRD17","chr12_76060279_76074202",451.431243356498,"-"
"SNRPD1","chr14_22830254_22834171",451.418332519045,"-"
"HTATSF1","chr3_157150381_157152176",451.384970675139,"+"
"RBM10","chr4_48897857_48904483",451.321776782583,"-"
"ZCCHC17","chr16_4853166_4857989",451.279706170582,"+"
"SYNCRIP","chr3_193615770_193617177",451.269986713603,"+"
"HNRNPC","chr15_74929232_74937914",451.255150678106,"+"
"BICC1","chr3_126914750_126957415",451.234346297647,"+"
"RBM15B","chr7_16873843_16881943",451.154098750169,"+"
"TNRC6A","chr16_81017385_81017757",451.009227431701,"+"
"NOL8","chr16_88646838_88650955",450.974728352307,"-"
"RALY","chr10_12170770_12170899",450.928361346509,"+"
"PPIL4","chr17_48931714_48933204",450.903879460177,"-"
"SLTM","chr3_28263380_28316332",450.896063961146,"-"
"THUMPD1","chr11_62833131_62833617",450.894934229648,"+"
"RBM14","chr11_88326443_88334936",450.884044495335,"-"
"L3MBTL3","chr2_200329480_200372108",450.873449060392,"-"
"PSPC1","chr11_64227666_64229246",450.821834070959,"+"
"ZFP36","chr15_84670782_84680712",450.821270065931,"+"
"SF1","chr3_183829709_183833491",450.805107406369,"+"
"LSM3","chr19_41860445_41860774",450.783429792829,"-"
"ZC3H14","chr5_146164471_146171909",450.780241400874,"-"
"HNRNPH1","chr10_133352140_133352246",450.75404083176,"+"
"RBMX2","chr2_218228850_218245419",450.727039725762,"-"
"PNO1","chr15_59642262_59650668",450.715309190103,"+"
"ZFP36L1","chr12_19261021_19265749",450.698490570321,"+"
"PNPT1","chr5_96702915_96722638",450.688566337525,"-"
"SFPQ","chr3_172755374_172755482",450.670076233495,"+"
"RRP7A","chr20_34078553_34084660",450.667495095551,"-"
"ESRP1","chr10_104266050_104267251",450.648557988749,"-"
"PPIL4","chr3_119676966_119677203",450.62079478435,"-"
"LSM10","chr14_55601880_55612018",450.605883940751,"+"
"RBM38","chr2_229860531_229879981",450.599242997796,"-"
"RBPMS","chr1_153643364_153645063",450.491457861363,"+"
"ANKHD1","chr1_173864304_173865228",450.449566795802,"+"
"G3BP2","chr17_16000245_16001914",450.448482242349,"+"
"RBM15B","chr10_90894891_90895453",450.389976579823,"+"
"RBM42","chr5_160422893_160424236",450.368382449869,"+"
"DKC1","chr19_10180234_10180349",450.368377491732,"+"
"HNRNPR","chr1_28580646_28581110",450.358021523623,"+"
"NUFIP1","chr8_100948900_100951928",450.353949636433,"-"
"G3BP1","chr12_56686917_56687997",450.25432790416,"-"
"LARP1B","chr1_153544809_153544957",450.224544814396,"-"
"NAA38","chr15_69453721_69455169",450.218429139168,"+"
"SNRPE","chr10_133352140_133352246",450.20370230037,"+"
"ZC3H13","chr20_49278738_49279103",450.190639551293,"+"
"HNRNPH1","chr3_49022768_49022877",450.160749288675,"+"
"DKC1","chr7_103326684_103327655",450.159613074119,"+"
"PTBP1","chr19_45413745_45414860",450.151053251714,"+"
"NUFIP1","chr10_103889144_103892129",450.12188016328,"+"
"PCBP2","chr11_533358_533452",450.118053706673,"-"
"LSM4","chr14_54411706_54415898",450.098992677878,"+"
"RBM12","chr14_92117642_92118848",450.093802361123,"-"
"SRBD1","chr14_67653498_67656415",450.044348065912,"+"
"SNRPE","chr15_75339344_75339964",450.026907092366,"-"
"PARP14","chr17_38850466_38852603",450.023049005136,"-"
"BICC1","chr2_69788141_69825455",450.003614674328,"-"
"SF3B4","chr11_63756170_63758155",449.980412504307,"+"
"HNRNPF","chr17_76735158_76736153",449.950969601504,"+"
"KIN","chr17_75168401_75181056",449.942982731226,"-"
"IGF2BP2","chr1_53233652_53235576",449.917586381911,"+"
"PABPC4","chr8_73959818_73972244",449.908134175164,"+"
"RALY","chr1_243304777_243307988",449.86774344766,"-"
"SSB","chr1_31908960_31910037",449.85330844925,"+"
"FUBP3","chr14_64924126_64932137",449.811538492178,"-"
"RBPMS","chr1_161038075_161038879",449.776173868128,"-"
"ACIN1","chr7_150792172_150793087",449.772080094297,"-"
"HNRNPH3","chr19_35497538_35498597",449.766675129666,"+"
"EIF4H","chr10_63594854_63598023",449.761538090843,"+"
"LARP1B","chr13_75809183_75817160",449.760998135483,"+"
"RBM43","chr12_100205744_100207662",449.734498410826,"+"
"RBM12","chr1_161038075_161038879",449.695596496944,"-"
"MTHFSD","chr2_9407598_9408112",449.686511589327,"-"
"RBMS2","chr4_108620712_108621950",449.625845921864,"-"
"RBM8A","chr4_183651327_183655880",449.593663107309,"+"
"LSM6","chr3_184366800_184368176",449.578575969574,"+"
"ESRP2","chr2_111429620_111469786",449.56840461247,"-"
"TNRC6A","chr5_134374463_134376668",449.563442393592,"+"
"LSM10","chr10_78034421_78035351",449.546764759016,"-"
"RBM18","chr11_2979237_2992253",449.530014385738,"+"
"FUS","chr19_10180234_10180349",449.474957185881,"-"
"HNRNPC","chr19_35505986_35509910",449.461188178489,"+"
"HDLBP","chr5_123512570_123545416",449.398738311359,"+"
"RBM10","chr3_133575115_133584001",449.286233731931,"+"
"SNRNP70","chr3_167720273_167734213",449.260845640201,"-"
"SETD1A","chr20_50084254_50113106",449.234744587106,"-"
"ESRP2","chr3_119674788_119675144",449.231524499007,"-"
"SAFB","chr20_2656034_2656400",449.192565833702,"+"
"PNO1","chr2_169815528_169819560",449.190233835177,"+"
"EIF2S1","chr2_223765350_223775900",449.125771814994,"+"
"ZNF638","chr5_69175537_69177290",449.11767385528,"-"
"PARP14","chr11_63583102_63590099",449.094109478319,"-"
"CSDE1","chr19_18250177_18250311",449.048211292038,"+"
"RNF113A","chr1_224365991_224375794",449.036459906509,"+"
"YBX1","chr19_35546808_35547118",449.012273320973,"-"
"ASCC1","chr3_150581746_150583199",448.982059923534,"+"
"TIPARP","chr11_125627830_125629231",448.967193200961,"+"
"LARP1B","chr17_48931717_48936169",448.952516659254,"-"
"LEMD3","chr10_32305931_32346762",448.932059726743,"+"
"RBM5","chr21_44032172_44037791",448.928397015861,"+"
"ZC3H8","chr1_32627544_32633644",448.861744666689,"-"
"HNRNPC","chr7_44834562_44840898",448.789160474905,"+"
"YBX1","chr6_34237317_34240736",448.779074229415,"+"
"TRNAU1AP","chr14_35402663_35402770",448.77239685009,"+"
"YBX1","chr22_37958471_37959345",448.764447513341,"-"
"PPIE","chr18_12720683_12728047",448.743183042189,"-"
"POLDIP3","chr16_4343291_4351231",448.719167126152,"+"
"KIN","chr6_116571655_116574057",448.705113190701,"-"
"RBM19","chr14_35046628_35050032",448.694234549677,"-"
"IGF2BP2","chr19_15831356_15835217",448.677940923955,"+"
"GTF3A","chr22_21611043_21621514",448.674674833489,"+"
"HNRNPAB","chr19_10177367_10180349",448.66322535332,"+"
"RBM10","chr5_32591685_32601004",448.642175148527,"-"
"MKRN1","chr6_35469285_35469380",448.599685784866,"-"
"SF1","chr12_120496216_120496415",448.583296243024,"+"
"MATR3","chr4_56453761_56459371",448.549055058358,"-"
"SNRPB","chr16_88646197_88646519",448.525913206782,"-"
"G3BP1","chr15_92901299_92924320",448.502555959721,"+"
"SNRPE","chr6_3012674_3016883",448.492990067025,"-"
"SAFB2","chr20_35632025_35632310",448.468188767369,"-"
"ZFR","chr1_15426018_15428592",448.466405456851,"-"
"SNRPB","chr19_10177367_10180349",448.39613090177,"+"
"CPSF4","chr12_82357269_82358222",448.377705774981,"+"
"LSM4","chr14_54411706_54415898",448.376710621971,"+"
"MBNL1","chr2_27445449_27445744",448.369408629236,"+"
"RBM23","chr22_24557800_24567983",448.361541586267,"+"
"ZC3H13","chr1_6825210_6871756",448.349719853354,"+"
"RBM7","chr6_30062017_30062223",448.34863527729,"+"
"RC3H1","chr19_4324529_4325215",448.348211734217,"+"
"PARP12","chr20_62137465_62138170",448.342754987654,"-"
"FUS","chr17_81893614_81899919",448.336160758302,"-"
"EIF2S1","chr20_34078553_34084660",448.253021342365,"-"
"SNRNP35","chr20_45815655_45815853",448.210838484984,"-"
"ACO1","chr1_19597109_19623473",448.166779806107,"-"
"KRR1","chr6_31835451_31837235",448.166351028214,"+"
"ELAVL1","chr11_66284966_66287597",448.163866966786,"-"
"DAZAP1","chr6_33701420_33709578",448.106456289259,"-"
"FUBP1","chr20_34105545_34106213",448.088245914122,"-"
"DUS3L","chr3_156549003_156553654",448.069137923606,"+"
"NONO","chr1_205729621_205749956",448.059612983121,"+"
"SNRPD2","chr16_67203583_67203664",448.044660396002,"+"
"RBM25","chr7_92131872_92134665",447.98658672967,"-"
"G3BP1","chr9_35813367_35813444",447.984289021687,"-"
"RBM45","chr14_55580354_55612018",447.959247609664,"+"
"ZC3H13","chr15_88639594_88652169",447.938723139006,"-"
"RBM6","chr12_6975148_6975228",447.928002296988,"+"
"THUMPD3","chr20_408779_410411",447.905386355731,"-"
"L3MBTL3","chr17_73209768_73227164",447.892329085106,"+"
"LSM5","chr19_42297365_42300008",447.888111928463,"-"
"SETD1B","chr17_75320550_75321658",447.88517720656,"-"
"RBM8A","chr1_156333643_156334712",447.877571077459,"+"
"LARP4B","chr14_35402663_35402770",447.866011121999,"+"
"TRMT1","chr3_48440458_48440544",447.850041744546,"-"
"SNRNP35","chr11_406059_406348",447.836186886377,"+"
"RBM41","chr4_673401_673911",447.796187943685,"+"
"THUMPD1","chr6_132816563_132816959",447.794070074532,"+"
"ZC3HAV1L","chr19_35119251_35119362",447.780262955233,"-"
"SNRPD3","chr19_38626102_38630701",447.765224629937,"-"
"NUFIP1","chr19_4501317_4501913",447.736236905793,"-"
"UPF1","chr16_635340_635611",447.724264327755,"+"
"PUM2","chr1_156055675_156057977",447.722705843036,"-"
"MCTS1","chr19_36121718_36125450",447.709302810636,"+"
"HNRNPF","chr1_153563866_153565505",447.691113773135,"-"
"SF3A1","chr8_73959818_73964486",447.668306980529,"-"
"PUF60","chr17_44036300_44040146",447.6647878266,"-"
"RNF113A","chr19_3452666_3456549",447.590981035601,"-"
"ZC3HAV1L","chr18_49489550_49490527",447.552398378454,"-"
"NAA38","chr3_12836235_12839348",447.512123226664,"-"
"ESRP1","chr18_9122681_9126830",447.501837667395,"-"
"CPSF4","chr3_184365226_184368176",447.431320175165,"-"
"HNRNPA3","chr2_38747130_38748046",447.356989001282,"-"
"SLBP","chr15_34227846_34229752",447.323680521448,"-"
"RBM42","chr12_122511188_122515104",447.304931286329,"+"
"YTHDF2","chr20_45841956_45843526",447.297824458323,"+"
"RBM42","chr17_75136250_75144682",447.291125737478,"-"
"SF3B4","chr12_69589687_69592058",447.268731173613,"+"
"ESRP2","chr6_138405280_138406077",447.245510595097,"-"
"LSM3","chr5_176396532_176397606",447.212378081436,"-"
"HNRNPA0","chr19_35497538_35498597",447.189453893556,"-"
"AKAP1","chr15_78880579_78886140",447.184528033942,"+"
"PABPC4","chr1_173864079_173864256",447.162313689702,"-"
"PARN","chr19_2324196_2324741",447.151838034934,"+"
"HNRNPM","chr10_32953809_32958144",447.148840249836,"-"
"MBNL2","chr1_36460776_36461263",447.145360920021,"+"
"CPSF6","chr19_9828064_9828326",447.110223507266,"+"
"EIF3B","chr19_49490864_49491019",447.098251634302,"-"
"RRP7A","chr5_96730860_96736171",447.082381872775,"+"
"ZC3H4","chr17_35756419_35767751",447.078301895425,"+"
"EIF3G","chr21_44973265_44976679",447.050182875998,"+"
"PPIE","chr11_406059_406348",447.042057475669,"+"
"DAZAP1","chr10_130179420_130180112",447.018170646787,"+"
"LSM4","chr17_48894449_48895155",447.007856015858,"+"
"ZCRB1","chr17_76735158_76735771",446.998755441834,"-"
"EIF3B","chr5_150444351_150445608",446.849744369633,"-"
"TOE1","chr14_64924126_64932137",446.819229070388,"-"
"RBM18","chr1_109402090_109411010",446.812154966448,"-"
"AKAP1","chr2_38748653_38749528",446.808883525782,"+"
"SNRPG","chr16_634956_636093",446.807155519165,"-"
"PCBP2","chr2_206162104_206162524",446.770109096491,"-"
"KHSRP","chr14_64924126_64926006",446.768927531974,"-"
"HNRNPH2","chr9_128152284_128153310",446.749731503963,"-"
"EWSR1","chr12_54282874_54283811",446.725436253627,"+"
"SF1","chr6_149852564_149852983",446.694302470623,"+"
"RRP7A","chr9_124384656_124405316",446.658562877637,"+"
"TRA2A","chr12_110492122_110496011",446.65254174489,"-"
"ZNF638","chr3_143021382_143021472",446.649699534301,"+"
"DAZAP1","chr5_134741523_134743986",446.621957179536,"+"
"IREB2","chr19_29942664_29985222",446.604503841988,"+"
"SNRPA","chr1_26934419_26941456",446.595968808307,"-"
"YTHDC1","chr15_63044152_63056984",446.592071284744,"+"
"RALY","chr21_25729801_25734988",446.579062191841,"-"
"NIP7","chr11_67464696_67464802",446.56262096981,"+"
"ACIN1","chr7_148829848_148846469",446.557786429505,"-"
"LSM10","chr3_167720273_167734805",446.503593911663,"-"
"ZCCHC17","chr17_82392534_82394330",446.478296679378,"+"
"TTC14","chr5_146164471_146168127",446.463749236882,"+"
"DUS3L","chr3_127695190_127721052",446.458664825322,"-"
"SAMD4B","chr11_64227132_64229246",446.455056611525,"-"
"SFPQ","chr2_111429620_111479906",446.429422340098,"-"
"ESRP2","chr19_35500029_35500532",446.407436099221,"+"
"L3MBTL3","chr10_71822007_71825836",446.361742054468,"+"
"U2AF2","chr7_151077027_151077100",446.36089238613,"+"
"RBPMS","chr15_41388522_41394858",446.331838696103,"+"
"HNRNPR","chr1_193027955_193028084",446.322357271756,"+"
"THUMPD3","chr8_61643433_61644599",446.254725728727,"-"
"HDLBP","chr19_40448046_40458154",446.244201875411,"-"
"ZCRB1","chr11_64227666_64229246",446.199857980828,"-"
"SYNCRIP","chr1_67424959_67425082",446.193644820977,"+"
"LEMD3","chr5_73128531_73131540",446.144217552839,"+"
"DKC1","chr9_35679342_35680752",446.119713072606,"-"
"SNRPE","chr1_35605308_35609245",446.104255242952,"-"
"HNRNPH1","chr17_41523993_41524142",446.071802094852,"+"
"UHMK1","chr20_35739017_35740823",446.070710205339,"+"
"HNRNPL","chr14_103335932_103336035",446.066751388009,"+"
"SNRPF","chr2_9406905_9408112",446.053112209293,"+"
"G3BP1","chr6_143165183_143284109",445.982230295432,"+"
"TRMT1","chr5_32594872_32598960",445.970551425998,"-"
"UNK","chr7_88209452_88217121",445.939373603833,"-"
"RBM3","chr16_88859972_88860913",445.928800701473,"-"
"EIF3G","chr12_53297924_53298048",445.905161973638,"-"
"EIF2S1","chr17_49701510_49702857",445.892819225325,"+"
"SNRPG","chr2_84906117_84906354",445.869541285401,"-"
"TIA1","chr3_158704927_158713796",445.85599262313,"+"
"SNRNP70","chr19_2324192_2328386",445.847405882054,"+"
"PTBP1","chr19_49498046_49499521",445.845582060004,"-"
"RBM8A","chr19_17517389_17520943",445.827917302223,"-"
"APTX","chr10_73053590_73068845",445.814751575708,"+"
"CCAR1","chr6_136261477_136268161",445.789644913443,"+"
"L3MBTL3","chr5_151751776_151758545",445.789206054304,"-"
"RALY","chr17_81894860_81899919",445.732818516276,"-"
"RNF113A","chr3_51988603_51988765",445.710552792641,"+"
"RBM42","chr13_21140995_21146804",445.709408839681,"+"
"APTX","chr4_82424883_82425562",445.707927164951,"+"
"NAA38","chr19_55401762_55404060",445.703352293198,"-"
"U2AF1L4","chr7_64815653_64831450",445.685646214831,"+"
"ENOX2","chr7_141745584_141748815",445.630787423953,"-"
"ZC3H8","chr1_1402256_1402461",445.626038091512,"-"
"PPIE","chr1_151266112_151266307",445.622124576673,"+"
"AKAP1","chr12_109088512_109092506",445.61117320604,"-"
"PABPC4","chr10_86968605_86970475",445.579880975506,"-"
"SAFB2","chr19_41861212_41863870",445.52201032166,"-"
"HNRNPF","chr11_93738440_93739236",445.489903902156,"-"
"ZRANB2","chr14_64926080_64932137",445.443944889587,"+"
"YBX1","chr12_10702134_10704059",445.442842398159,"-"
"IGF2BP3","chr19_58388245_58393358",445.41835010943,"-"
"TRA2A","chr19_58388245_58393358",445.370727729655,"-"
"PCBP2","chr12_55716196_55716932",445.365975284649,"+"
"LARP1","chr14_64924126_64926009",445.351927297575,"+"
"IGF2BP2","chr6_26124749_26127697",445.341898733477,"+"
"YTHDC2","chr9_128820848_128822327",445.339916722098,"+"
"IGF2BP2","chr9_73165209_73166096",445.332150081755,"+"
"RBM42","chr15_88639594_88652169",445.319997425862,"-"
"SLBP","chr9_19376589_19378367",445.318445408937,"+"
"SNRPC","chr13_46771496_46777455",445.305633484794,"+"
"ZCCHC17","chr4_39454649_39456405",445.303956406732,"-"
"PUF60","chr13_75804541_75817160",445.29720585669,"-"
"EIF2S1","chr1_23323732_23333517",445.236338884678,"+"
"RBMXL1","chr16_14672749_14678644",445.229679976675,"-"
"LSM4","chr2_227347384_227355676",445.220554924966,"-"
"TAF15","chr16_635340_635611",445.215180516496,"+"
"CPSF7","chr2_223758750_223765212",445.214346729849,"+"
"PAN3","chr1_212608930_212615017",445.208539997451,"+"
"SNRPD2","chr19_35116359_35119362",445.148516404144,"-"
"FMR1","chr7_27817038_27827737",445.131461310855,"+"
"SAFB","chr2_197501238_197501483",445.123185926974,"-"
"PARN","chr10_38017386_38054374",445.116053930772,"-"
"SYNCRIP","chr5_154756193_154790324",445.110240435371,"+"
"MATR3","chr16_1349608_1350057",445.072704546136,"-"
"RBM34","chr5_146468403_146469543",445.027393417056,"+"
"SNRPB2","chr3_179593895_179598674",445.012483217651,"+"
"LSM7","chr19_12676142_12677290",445.01184933372,"-"
"RBM15B","chr5_96740783_96741265",444.998078757379,"+"
"HNRNPA1","chr19_55388048_55402942",444.993519790119,"-"
"SRRM1","chr1_173864704_173865470",444.982692163809,"-"
"LSM10","chr20_45471417_45479941",444.950767105134,"-"
"PARP14","chr2_73957240_73958145",444.933443566677,"-"
"ALKBH8","chr15_74926887_74937914",444.928549438433,"+"
"RBM23","chr19_14566265_14566760",444.904225095906,"-"
"LSM3","chr3_186784696_186785882",444.894411897037,"+"
"NAA38","chr3_98820288_98825314",444.858116656931,"-"
"PPIL4","chr15_78880579_78884966",444.85463312502,"+"
"SRRM2","chr13_75804541_75817160",444.764766570128,"+"
"RBPMS","chr11_47622776_47627079",444.761044245195,"-"
"EIF3G","chr12_53295639_53296453",444.759283317869,"-"
"HNRNPH3","chr20_31739621_31757406",444.730564787026,"+"
"PTBP1","chr18_49491584_49492257",444.659087155231,"-"
"HNRNPA0","chr20_35626381_35626734",444.635615029314,"-"
"HNRNPA2B1","chr19_5896997_5903611",444.576180278624,"-"
"SF1","chr15_40836282_40838542",444.565037820312,"+"
"HNRNPA0","chr6_167827237_167864550",444.550056045018,"+"
"ZC3H4","chr1_165652035_165655367",444.531749028304,"-"
"RALY","chr5_115832664_115837627",444.520052271862,"+"
"PPARGC1B","chr8_73959818_73971869",444.489788867084,"-"
"MKRN1","chr20_49283003_49289044",444.46951148486,"-"
"LSM3","chr3_187121328_187127998",444.429583893973,"+"
"KRR1","chr7_22813185_22817411",444.42893792701,"-"
"RBM17","chr2_203266681_203272669",444.42802897692,"+"
"PABPC4","chr15_88639594_88652109",444.400262503946,"+"
"HNRNPA1","chr6_33276066_33276390",444.357992727785,"-"
"RBM8A","chr11_18242819_18245909",444.334087252538,"-"
"HNRNPK","chr8_27752587_27756718",444.326597959108,"+"
"AKAP1","chr15_34228589_34229752",444.32580531235,"+"
"LSM5","chr14_77710665_77710837",444.325553058373,"-"
"RBM10","chr12_110436683_110437083",444.278710008067,"+"
"TRA2B","chr2_38746747_38748055",444.19792497786,"-"
"TRA2A","chr11_64227666_64229246",444.135311889363,"+"
"DHX8","chr11_10807381_10808704",444.032577869537,"+"
"PPRC1","chr3_28316423_28316752",443.985338816869,"-"
"SNRPB2","chr2_53787372_53794344",443.97545635979,"+"
"LSM7","chr2_84906117_84906365",443.974514452805,"-"
"SNRPC","chr1_155727738_155729041",443.949778178396,"+"
"SYNJ2","chr15_84670782_84687624",443.917514034625,"-"
"SNRPB","chr16_4461959_4463419",443.913279627458,"-"
"RC3H1","chr5_154756193_154790324",443.867480782166,"+"
"LSM3","chr13_75569507_75594914",443.865701174989,"+"
"HNRNPH1","chr19_41860844_41861111",443.864827982855,"-"
"FXR1","chr20_62308178_62308654",443.850668194153,"-"
"HTATSF1","chr7_26192338_26192494",443.820980069572,"+"
"DNAJC17","chr6_36598983_36601151",443.814694059431,"+"
"HNRNPM","chr18_79973856_79977597",443.77465289208,"-"
"RBMXL1","chr14_30653588_30670255",443.72500782294,"+"
"ZFP36L2","chr4_55600575_55607436",443.70745635347,"-"
"THUMPD2","chr5_178150993_178153490",443.680750134612,"+"
"APTX","chr3_98825366_98849460",443.60193848649,"+"
"SNRPB","chr11_62833674_62833791",443.597956278392,"+"
"HNRNPM","chr16_634797_636093",443.562647040408,"+"
"IGF2BP2","chr3_142596509_142664201",443.558668382964,"-"
"LEMD3","chr3_98822361_98849461",443.552001802898,"-"
"ZC3H14","chr7_75996599_76000889",443.540305440394,"+"
"RBM17","chr12_76459895_76487509",443.537450117608,"-"
"CIRBP","chr7_100435767_100435847",443.524768752308,"+"
"LSM6","chr10_32305931_32378490",443.522272458222,"-"
"EIF4H","chr17_49703011_49703187",443.514385532671,"+"
"PCBP2","chr7_22818048_22822153",443.504703780819,"-"
"RBM33","chr2_73927052_73958145",443.50022122261,"-"
"ESRP2","chr15_60386086_60396372",443.466353742927,"-"
"LSM4","chr1_2192975_2193638",443.418420225685,"-"
"SNRPE","chr19_43508864_43511436",443.397442114667,"+"
"TEP1","chr19_35510252_35510378",443.376129061381,"-"
"MATR3","chr11_16744684_16748096",443.347515857845,"+"
"HNRNPH1","chr20_35699456_35699632",443.314112771671,"+"
"LSM4","chr5_61073214_61098991",443.284077986015,"+"
"TRA2B","chr19_2324196_2324741",443.283353984524,"+"
"ESRP2","chr17_17042971_17075709",443.275472636834,"+"
"YBX1","chr7_30498938_30504568",443.247913611369,"-"
"G3BP1","chr1_173864304_173865470",443.219775940045,"-"
"SNRPE","chr19_49660844_49661947",443.211009003178,"-"
"LARP7","chr12_109088512_109090008",443.205292280903,"+"
"UHMK1","chr1_153390557_153391040",443.202781518323,"+"
"SAMD4B","chr20_35626381_35626566",443.199316078772,"+"
"LSM4","chr19_2321822_2322237",443.197551659257,"-"
"YBX1","chr11_93730712_93734624",443.195717325823,"-"
"PPIL4","chr1_32231019_32231114",443.156544967391,"+"
"SART3","chr17_31863516_31865365",443.1103808011,"-"
"NAA38","chr17_81893614_81894466",443.055553152995,"+"
"YTHDC2","chr16_4848210_4857989",443.00403529181,"-"
"PPRC1","chr8_38264949_38266140",442.994104148812,"+"
"HELZ","chr6_30931546_30931706",442.971579958572,"-"
"EIF2S1","chr3_196766039_196782625",442.963968956532,"-"
"PCBP2","chr11_114443933_114444540",442.959923338183,"+"
"PPARGC1B","chr15_84680832_84687624",442.911341281424,"-"
"LSM10","chr16_4848210_4857989",442.910525811847,"-"
"ZRANB2","chr8_61682483_61684038",442.908019288955,"-"
"SNRNP70","chr7_26197732_26197830",442.90471308411,"-"
"RBM12","chr16_4795449_4795694",442.898045768734,"-"
"HNRNPL","chr1_156055425_156058314",442.853059851434,"-"
"RBM18","chr7_1153224_1155452",442.819580850435,"+"
"ESRP1","chr4_82426633_82427189",442.808950963672,"+"
"UNKL","chr14_96525391_96531474",442.726334943039,"-"
"RBM17","chr18_21612443_21622724",442.715684836347,"+"
"RBMX","chr11_66056955_66057268",442.693083790736,"-"
"TMEM63A","chr5_134376694_134380718",442.679595226639,"+"
"MEX3D","chr7_2379511_2380414",442.633978672006,"+"
"HDLBP","chr2_223765350_223775900",442.603207534223,"+"
"EIF2S1","chr16_66558348_66563071",442.591347720824,"-"
"HNRNPH1","chr16_66558348_66563071",442.534246046179,"-"
"CPSF4","chr2_73946888_73958145",442.524032918828,"-"
"HNRNPK","chr14_22830254_22834171",442.523959472947,"-"
"SNRPG","chr16_634956_635280",442.513596672572,"-"
"TRMT1","chr1_244862730_244863616",442.501538172015,"+"
"HNRNPF","chr1_39026398_39028722",442.454003730067,"+"
"LSM3","chr19_48327623_48330300",442.445269491895,"-"
"LARP4","chr15_49137437_49139527",442.437743643149,"+"
"SLTM","chr2_172498100_172501771",442.436989279037,"+"
"SNRNP70","chr19_35506185_35509910",442.394915726681,"-"
"FUBP1","chr7_107613432_107621629",442.382702695857,"+"
"RBM8A","chr18_180339_192841",442.382538572364,"+"
"DAZAP1","chr19_9827984_9828326",442.377174270095,"-"
"GTF3A","chr2_231708751_231711356",442.350664627506,"-"
"PTBP2","chr7_26197866_26200571",442.296867064057,"+"
"ZC3H12A","chr12_15662099_15666439",442.290877092892,"-"
"RBM14","chr19_9828389_9828591",442.283411363922,"-"
"HNRNPA1","chr3_172755575_172756982",442.261016228711,"+"
"PPP1R10","chr3_196740157_196782625",442.253388336249,"+"
"SSB","chr1_153561588_153563733",442.235526309955,"+"
"THUMPD2","chr7_99419275_99419390",442.224178029911,"-"
"LSM7","chr1_42457350_42459602",442.205664204299,"+"
"THUMPD1","chr17_75042277_75046924",442.181096845733,"-"
"TMEM63A","chr10_42594699_42614281",442.166480202005,"+"
"SNRPD1","chr5_65551636_65552492",442.091332861771,"+"
"LSM3","chr10_123162828_123165046",442.065809315608,"-"
"RBM42","chr1_46185308_46185485",442.058444637173,"-"
"ZFP36","chr2_169819643_169821942",442.056826415005,"-"
"TRA2B","chr16_15867516_15879803",442.052539442234,"-"
"UNK","chr3_49278451_49280743",442.034693191763,"+"
"TRA2B","chr20_35740887_35741940",442.016502500349,"+"
"PARP10","chr1_1402256_1402358",442.014286306948,"-"
"IREB2","chr5_150446963_150447473",442.00222054491,"-"
"ZC3H8","chr19_58388245_58392975",441.996470140158,"+"
"YBX1","chr4_56452052_56459371",441.918666007627,"-"
"SNRNP35","chr13_75526639_75530310",441.915546480089,"-"
"CCAR1","chr7_23301017_23307867",441.881137199976,"+"
"ZCRB1","chr12_15621430_15623157",441.881106003756,"+"
"PUF60","chr19_38290575_38304374",441.845285273631,"-"
"YTHDF3","chr16_67228657_67228796",441.836950924571,"-"
"ZCRB1","chr17_36104642_36105224",441.827884008431,"+"
"RBM14","chr15_78885083_78886140",441.815299970598,"-"
"RBMS2","chr16_4461959_4463419",441.808303333935,"-"
"HNRNPA0","chr5_135335141_135343259",441.757018810204,"+"
"POLDIP3","chr17_59112345_59119318",441.744994762936,"+"
"ZFP36L1","chr12_71138230_71139710",441.720816581858,"+"
"PDCD11","chr16_67228657_67228796",441.707742041828,"-"
"ZRANB2","chr6_31835451_31837235",441.690511004538,"+"
"SRRM2","chr19_38290280_38290517",441.669009310772,"-"
"SNRPD3","chr17_50737026_50740305",441.668992470708,"+"
"RBM7","chr6_109369017_109376073",441.656256409992,"-"
"MCTS1","chr20_50731852_50737856",441.640039453254,"+"
"RRP7A","chr1_193023036_193023843",441.63244436309,"+"
"LARP6","chr3_184242676_184245467",441.623797044828,"-"
"ZFP36","chr3_158600173_158605096",441.616759333603,"-"
"SYNJ2","chr9_136862726_136862905",441.574755541221,"-"
"UNK","chr19_19200893_19201648",441.552419408823,"-"
"HNRNPF","chr3_170868387_170870158",441.54440228772,"-"
"TMEM63A","chr19_43646548_43665315",441.511668341536,"-"
"TRA2A","chr5_149513209_149520289",441.510948261374,"-"
"SF3B4","chr8_85217502_85219235",441.503624500945,"+"
"EIF2S1","chr9_133360129_133360264",441.474724617594,"-"
"KRR1","chr2_111429620_111479906",441.402893496466,"-"
"ZRANB2","chr7_75996599_76000889",441.392745669961,"+"
"ZC3H6","chr17_7016685_7017256",441.369132062821,"-"
"SNRPB","chr6_33701420_33704765",441.366605144525,"-"
"ASCC1","chr7_87341684_87345304",441.340103984152,"-"
"LARP6","chr9_93111938_93112217",441.339289724388,"-"
"SRBD1","chr11_66436112_66436801",441.333422760721,"-"
"RC3H1","chr7_21908507_21911616",441.32678987417,"+"
"IGF2BP2","chr12_76450988_76487509",441.272854156924,"+"
"LARP4B","chr3_158710933_158713796",441.251376910893,"-"
"RBMXL1","chr7_16801803_16804952",441.231886596779,"-"
"PUM2","chr13_45340184_45341041",441.228778743659,"-"
"MATR3","chr2_237708630_237748363",441.179431823049,"-"
"PARP14","chr8_144790470_144791276",441.161568465164,"+"
"SSB","chr10_63594854_63599169",441.136760969953,"-"
"RALY","chr12_56666266_56671748",441.134895975688,"-"
"MCTS1","chr12_55726261_55726699",441.0978985525,"+"
"RNF113A","chr20_18567596_18569238",441.090549949565,"+"
"RBM25","chr3_111920419_111939474",441.078575561747,"-"
"MCTS1","chr16_1961636_1961801",441.074673772308,"-"
"ZCCHC17","chr6_138406151_138415197",440.972207518679,"-"
"LSM4","chr10_104259798_104266083",440.938124168096,"-"
"PUF60","chr9_35100172_35100931",440.921280449756,"-"
"RBM39","chr19_35510252_35510378",440.913971417453,"-"
"EIF2S1","chr1_53928440_53930038",440.906356765488,"+"
"RBM7","chr7_5229705_5230834",440.881024109148,"-"
"FXR1","chr6_116571655_116580294",440.872128118386,"+"
"PUF60","chr2_74527059_74527247",440.869809561094,"+"
"TMEM63A","chr4_139678642_139703454",440.860502277139,"+"
"RBMS2","chr16_28983957_28984204",440.85333076358,"+"
"RBM8A","chr1_31908960_31910037",440.832233222394,"+"
"EIF4H","chr7_150792175_150793087",440.824060919925,"+"
"SLBP","chr1_53928440_53930038",440.80671172355,"+"
"LARP1B","chr19_41956934_41958285",440.762052412368,"-"
"L3MBTL3","chr3_196766039_196782625",440.728192810124,"-"
"NSUN6","chr2_119367060_119368187",440.660140104475,"+"
"HNRNPL","chr12_117039210_117056805",440.640224410926,"-"
"ZC3H6","chr10_32953809_32958144",440.636626281745,"-"
"HNRNPL","chr17_37021014_37031613",440.588330083402,"+"
"MBNL1","chr16_634956_635611",440.577074835888,"-"
"PARP14","chr8_708116_715860",440.561026058254,"-"
"HNRNPK","chr1_173864704_173865470",440.55799152086,"-"
"DHX8","chr17_78113624_78117268",440.55121998605,"+"
"MYEF2","chr10_12172866_12177792",440.495013682386,"-"
"RBM26","chr6_136383781_136388392",440.482255067667,"+"
"DHX8","chr18_9122681_9126830",440.445068695566,"-"
"LSM6","chr4_55600575_55607297",440.405896545146,"-"
"DHX57","chr8_15757855_15764202",440.370987026909,"+"
"PCBP1","chr16_4848210_4857989",440.364199776483,"-"
"TIAL1","chr19_35166171_35169565",440.355561395948,"-"
"LARP1B","chr1_154990528_154992712",440.283287916469,"+"
"MATR3","chr2_26034735_26098661",440.274479702316,"+"
"POLR2G","chr3_100352502_100354771",440.253083938688,"+"
"ZC3HAV1L","chr12_53295639_53295838",440.222473484112,"-"
"PTBP2","chr8_51820718_51831443",440.173999630524,"+"
"ZC3H7A","chr1_159961405_159976643",440.172847104348,"+"
"HNRNPA3","chr10_31852597_31861394",440.167900783139,"+"
"SYNJ2","chr9_108999256_109013301",440.104958054556,"+"
"HNRNPF","chr16_31201841_31202416",440.079256671902,"-"
"HDLBP","chr19_1106266_1106377",440.071437765566,"-"
"SNRNP35","chr1_168198981_168199902",440.052587335845,"+"
"SYNJ2","chr11_47569891_47571470",440.036259108632,"-"
"PUF60","chr17_81891833_81894466",440.002617861311,"-"
"PUF60","chr1_155737063_155738156",439.998899140307,"+"
"ZC3H7A","chr11_78101195_78103979",439.970120127534,"+"
"L3MBTL3","chr18_31093643_31101220",439.960447878418,"-"
"SNRPD2","chr17_73209768_73227164",439.930042496442,"+"
"HNRNPA2B1","chr19_14565290_14565743",439.92277347469,"-"
"MBNL2","chr12_56158711_56159974",439.897326441414,"-"
"PAN3","chr5_87394484_87395043",439.869555227035,"+"
"LARP4B","chr9_133357814_133360264",439.852667767305,"+"
"MKRN1","chr2_175179135_175180097",439.849878655324,"-"
"MSI2","chr6_2838686_2839334",439.841228452428,"-"
"SFPQ","chr9_128152274_128153099",439.835205843982,"-"
"RBMS1","chr18_9124983_9126833",439.822331758226,"-"
"MBNL2","chr19_35505986_35507457",439.820015699141,"-"
"LSM3","chr8_144085479_144085881",439.818748051053,"-"
"TRMT1","chr12_110493231_110496011",439.81409059477,"+"
"PNPT1","chr16_3022998_3023232",439.771506612812,"+"
"ZCRB1","chr19_16646800_16647119",439.765968289606,"+"
"PABPC4","chr10_71822007_71825836",439.760749613788,"+"
"EWSR1","chr11_111883202_111883770",439.75875646617,"-"
"EWSR1","chr15_74920442_74926765",439.751267877575,"-"
"PAN3","chr8_100948900_100951928",439.743399570326,"+"
"MCTS1","chr12_56311054_56314850",439.6869072384,"-"
"PPIE","chr19_10680443_10681018",439.67446132874,"+"
"KHDRBS1","chr17_75574495_75574609",439.648044092072,"+"
"RBMS2","chr19_44794281_44800380",439.614440221701,"-"
"GTF3A","chr5_151746449_151758545",439.614328727846,"-"
"TRNAU1AP","chr14_24138568_24138735",439.613967420746,"-"
"SART3","chr7_39690590_39696684",439.61325500337,"+"
"HNRNPF","chr5_56914966_56925332",439.569896015405,"+"
"ZC3H13","chr17_7577916_7578341",439.528160926943,"-"
"SNRPA","chr1_205719676_205720500",439.526786942343,"+"
"KIN","chr1_1402250_1405808",439.520277206901,"-"
"CSTF2T","chr1_154173201_154182987",439.375137550375,"-"
"RBM26","chr11_134248484_134248808",439.355394254048,"+"
"RBM25","chr2_85596649_85597103",439.354939347292,"-"
"HDLBP","chr19_35510252_35510378",439.349397069515,"+"
"LARP7","chr9_73165209_73166096",439.337951646926,"+"
"KRR1","chr2_38746747_38748046",439.31399891524,"+"
"FUBP1","chr14_24138568_24138735",439.283003337107,"-"
"RBM5","chr15_29800702_29820526",439.274413052538,"-"
"RBM8A","chr21_42347632_42349880",439.146185980733,"+"
"RNF113A","chr19_54206462_54207397",439.141482972102,"-"
"CARHSP1","chr5_149513209_149520289",439.098963756725,"-"
"ACIN1","chr3_186785101_186785882",439.077455001125,"+"
"SAMD4A","chr12_133192003_133193427",439.071389905935,"+"
"RBPMS","chr1_171512200_171512994",439.051136436746,"-"
"RNPC3","chr15_60386086_60397257",439.014633913905,"+"
"UPF3B","chr12_6975148_6975228",438.952707625818,"-"
"LSM6","chr19_35505986_35509910",438.930805162475,"-"
"PUF60","chr1_156598121_156598226",438.88744597824,"+"
"SNRNP35","chr19_3456635_3462751",438.885947473155,"-"
"SYNCRIP","chr17_59131367_59155130",438.878786323898,"+"
"PNO1","chr6_116571655_116580294",438.864908378791,"+"
"HNRNPM","chr18_21612443_21623747",438.863542036384,"-"
"SNRPD2","chr15_29800702_29822001",438.853939543722,"-"
"EIF3B","chr19_41956934_41958285",438.851316523149,"-"
"MATR3","chr4_56452052_56459371",438.825214484537,"+"
"PCBP2","chr6_41789332_41789567",438.824052171535,"-"
"ZFP36L2","chr3_108188230_108191520",438.789171072948,"-"
"ELAVL1","chr3_196307012_196316097",438.777947866459,"+"
"NAA38","chr4_82425667_82426036",438.733926374584,"+"
"POLR2G","chr17_7016685_7017256",438.674273169197,"+"
"SNRPE","chr3_101681215_101682770",438.660953499745,"-"
"SYNCRIP","chr1_171512200_171512994",438.64565139931,"-"
"MKRN2","chr7_73692646_73697604",438.631732316745,"-"
"RBM3","chr12_4543911_4548091",438.615578213458,"-"
"CPEB4","chr19_10177367_10180349",438.563519995066,"-"
"PABPC1","chr21_42347632_42349880",438.535504245978,"+"
"PPIE","chr16_27225236_27226719",438.518640494646,"-"
"RBM4","chr16_634956_635280",438.517334441027,"-"
"RBM17","chr11_18245515_18245909",438.495102453687,"+"
"RBM38","chr19_54206462_54207397",438.486334971194,"-"
"CCAR1","chr11_59853321_59854651",438.466981682079,"+"
"UPF3B","chr3_111932397_111939474",438.450122016209,"+"
"ZC3H12A","chr17_75320550_75321658",438.434215925284,"-"
"G3BP1","chr16_19418092_19430412",438.373719958073,"+"
"SNRPB","chr22_20122421_20125307",438.354186821764,"+"
"PARN","chr3_158710921_158713796",438.352695740807,"-"
"NCL","chr15_69453020_69453333",438.35260173939,"-"
"THUMPD3","chr1_159961405_159976643",438.342627814775,"+"
"UHMK1","chr9_98005153_98007501",438.326966575051,"-"
"ZC3H8","chr15_63042943_63043705",438.315116477298,"-"
"RNF113A","chr7_118191030_118191911",438.296042413339,"-"
"YTHDC2","chr17_59112345_59131280",438.287498818478,"-"
"ZFP36L1","chr11_112085462_112086639",438.282261156897,"-"
"GTF3A","chr3_111920419_111939474",438.266983824645,"-"
"LARP4","chr13_27251850_27253764",438.24597511332,"-"
"HNRNPR","chr5_154756193_154790324",438.231144074265,"+"
"HNRNPH3","chr17_5426082_5426235",438.204582587181,"+"
"HNRNPR","chr7_44835658_44840898",438.19391737911,"+"
"PABPC4","chr2_3575888_3576558",438.182176729219,"-"
"SAMD4A","chr6_10683232_10686965",438.179821182241,"+"
"HNRNPF","chr13_45340184_45341041",438.154088230299,"-"
"NAA38","chr12_52897618_52898678",438.090358494108,"-"
"NIP7","chr12_10702131_10704050",438.090070429505,"-"
"ZC3HAV1L","chr14_34605717_34609637",438.048962105929,"-"
"HELZ","chr3_73064146_73064851",438.003953519938,"+"
"HNRNPF","chr8_61646878_61651049",437.986583197598,"-"
"PNO1","chr4_39456538_39457585",437.966579601524,"+"
"RBM3","chr3_98812482_98817768",437.96603166235,"+"
"PUF60","chr3_108054215_108057476",437.941284439817,"-"
"LSM4","chr1_119743044_119743885",437.886525613417,"+"
"SNRPC","chr5_178150993_178153490",437.818893028875,"-"
"PAN3","chr2_87455645_87521206",437.809494356341,"+"
"SAFB2","chr5_96663166_96675538",437.798107844734,"-"
"HNRNPH2","chr9_127450804_127451049",437.778553892312,"+"
"BICC1","chr17_16441130_16462832",437.742512458384,"-"
"HNRNPK","chr17_75042277_75046924",437.740857221478,"-"
"HNRNPA2B1","chr19_40084798_40090905",437.740023936398,"+"
"TIPARP","chr20_17660528_17682027",437.73877953913,"-"
"NOL8","chr17_81891841_81894466",437.73379331647,"-"
"LSM7","chr6_33701420_33711548",437.71371884535,"+"
"RRP7A","chr22_19516645_19516816",437.690870323606,"+"
"RBM22","chr5_74770810_74776603",437.653439433717,"-"
"MATR3","chr12_53297924_53298018",437.651590118319,"-"
"NIP7","chr19_49660828_49661947",437.624032860873,"+"
"SUPT6H","chr16_27225236_27226719",437.621550739728,"-"
"SNRPD1","chr3_172509321_172514860",437.61813735305,"-"
"ZC3H3","chr1_74733418_74736541",437.605743720109,"-"
"HNRNPAB","chr12_121347881_121352133",437.594646962753,"+"
"KIN","chr19_3452666_3462751",437.589658800729,"-"
"ZC3H12A","chr17_68125480_68125557",437.573644761801,"-"
"SNRPC","chr16_69711281_69718122",437.565401539383,"-"
"HNRNPR","chr12_112408656_112409410",437.559052419515,"-"
"ZC3H7A","chr3_112995265_112996891",437.558192222915,"+"
"TIPARP","chr19_35651349_35658593",437.546291997793,"-"
"ESRP2","chr1_63446856_63453917",437.539572165908,"+"
"GRSF1","chr20_16041278_16044570",437.539425943562,"+"
"HNRNPA0","chr3_51987624_51988765",437.508803593089,"-"
"RBM17","chr7_5229705_5230834",437.504450113464,"-"
"SAFB2","chr16_634797_635611",437.500198944254,"+"
"RBMS2","chr11_75401733_75404019",437.452320921554,"-"
"L3MBTL3","chr21_44856364_44865394",437.427122589351,"-"
"RBM27","chr1_151266112_151266307",437.416574032148,"+"
"HNRNPL","chr19_43646548_43652224",437.39940632751,"-"
"RBM10","chr7_44799480_44801286",437.398517283861,"-"
"RBM28","chr13_75804541_75817160",437.396301641135,"+"
"ESRP2","chr15_84655404_84657175",437.394315234214,"+"
"SNRPC","chr9_128820848_128822327",437.358839571899,"+"
"NOL8","chr13_45149788_45151686",437.344378943286,"+"
"FXR1","chr3_196296069_196306942",437.304525256834,"+"
"RBM18","chr1_1402601_1405808",437.290150728255,"-"
"PARP12","chr19_12668425_12668496",437.230004479079,"-"
"HELZ","chr19_35510252_35510378",437.179445570274,"+"
"NONO","chr16_634956_635280",437.138949191709,"+"
"RBM38","chr14_67653498_67656415",437.131578472481,"+"
"RBM3","chr15_40037018_40038281",437.127429615795,"+"
"TMEM63A","chr10_121959595_121960357",437.057626866704,"+"
"RBM25","chr11_66285536_66285700",437.035613035636,"+"
"SNRPG","chr6_126340399_126346204",436.997222675416,"+"
"MSI2","chr5_86619496_86620667",436.949276211373,"+"
"SNRPG","chr6_136383781_136388392",436.918908506799,"+"
"EIF2S1","chr16_4796033_4796189",436.917911486263,"+"
"FXR1","chr19_38626102_38634992",436.862869872701,"-"
"LSM3","chr9_35813784_35814898",436.751264935642,"+"
"RRP7A","chr9_108942834_108942960",436.732056931016,"+"
"LEMD3","chr12_76450988_76459858",436.712548461475,"+"
"RBM10","chr5_77693352_77776204",436.695572538016,"-"
"SNRPF","chr1_219193251_219210531",436.667336539199,"+"
"LSM6","chr11_870163_870418",436.622619963422,"+"
"RBM23","chr3_156544439_156553654",436.609406332265,"-"
"SF1","chr22_23894568_23894771",436.570515141298,"-"
"PABPN1","chr20_50096820_50115484",436.565404593742,"-"
"EIF3G","chr4_183651327_183655880",436.529528319355,"+"
"KIN","chr7_73694050_73697604",436.49596486506,"+"
"NONO","chr12_55725896_55726699",436.481867112921,"-"
"ANKHD1","chr7_140697172_140702865",436.457989942011,"-"
"SETD1B","chr8_79919148_80002998",436.4263943427,"-"
"SNRPD2","chr9_128152284_128152970",436.42194360758,"-"
"PRPF3","chr2_200306922_200329430",436.407841895864,"-"
"POLR2G","chr2_227340380_227355676",436.407516854229,"+"
"RBM19","chr11_764446_764812",436.322076133197,"-"
"SNRPE","chr11_67352019_67352690",436.317625659569,"+"
"PARP10","chr3_98812405_98817768",436.301921806892,"-"
"EIF3G","chr16_25170805_25174936",436.256166535406,"+"
"LSM3","chr19_45164009_45164163",436.214664170219,"+"
"ZCRB1","chr15_63044152_63056984",436.214058991191,"+"
"KRR1","chr16_66558348_66565885",436.163985058854,"-"
"SYNCRIP","chr17_31976614_31982998",436.154171445634,"+"
"CPEB4","chr3_142005544_142093060",436.135381902288,"+"
"NIP7","chr11_64227132_64229246",436.129936676812,"+"
"HNRNPH2","chr2_181900904_181901765",436.070389459835,"+"
"RBM12B","chr16_721941_722308",436.062187278309,"-"
"CPSF6","chr8_61646878_61651049",436.058509477434,"-"
"RBM7","chr19_35497538_35498597",436.042618890542,"+"
"PARP14","chr19_39433418_39433517",436.037560275247,"-"
"HNRNPA0","chr3_197149796_197161639",436.017510900691,"+"
"ZC3H8","chr12_121903107_121915855",435.994115980163,"+"
"UNK","chr4_39456538_39457518",435.98582875666,"-"
"G3BP2","chr3_197953660_197954002",435.960365305032,"-"
"RBM14","chr11_64318386_64319733",435.843369026208,"+"
"RBM14","chr2_38748653_38749528",435.820257494649,"+"
"IGF2BP2","chr2_181900904_181901765",435.785262257998,"+"
"SF3B4","chr2_206161132_206161345",435.771314413689,"-"
"PRR3","chr4_82354154_82373624",435.745766222477,"-"
"ACIN1","chr8_98042775_98045346",435.724169505854,"-"
"SYNJ2","chr19_42297365_42300008",435.688147954564,"-"
"SNRPD3","chr11_47172333_47173425",435.678705835164,"-"
"MATR3","chr1_153626533_153631010",435.669881207429,"-"
"PTBP1","chr9_33026616_33029884",435.667579018941,"-"
"HNRNPH3","chr20_35740989_35741940",435.634647377474,"-"
"SNRPB2","chr20_34105545_34112095",435.62750286559,"+"
"RBM4B","chr13_72778380_72781288",435.592549955576,"+"
"RBM7","chr17_76733377_76733520",435.589702521644,"+"
"SSB","chr10_21928552_21929039",435.588791992441,"+"
"KRR1","chr17_59112345_59119318",435.586369301195,"+"
"ZNF638","chr19_1439826_1440018",435.523005078606,"-"
"SFPQ","chr17_48931714_48933204",435.521093880346,"-"
"RBMX","chr12_55716717_55719090",435.499281423436,"-"
"PAN3","chr4_82355401_82356536",435.498196152599,"-"
"PDCD11","chr9_75137616_75140833",435.445309804655,"+"
"ACIN1","chr7_2257023_2257364",435.442223356335,"+"
"LSM10","chr19_35497538_35498597",435.40973589217,"-"
"ZCRB1","chr20_49124587_49135832",435.40741543192,"+"
"TRA2B","chr19_18250466_18252063",435.391980581111,"-"
"LARP7","chr17_75042277_75046924",435.384253224819,"-"
"YTHDC1","chr15_74929232_74937914",435.372685499234,"+"
"CSTF2T","chr4_55609179_55616337",435.336818299429,"+"
"HNRNPM","chr16_635340_636093",435.323674898413,"+"
"PABPC4","chr2_131484218_131486023",435.321823188449,"-"
"ZC3H15","chr14_22565137_22567087",435.320129144266,"-"
"QKI","chr1_165649964_165651977",435.262464807884,"-"
"SF3B4","chr10_130179420_130180112",435.258638925456,"+"
"HNRNPK","chr13_27445156_27450141",435.246434874828,"+"
"CSTF2","chr19_18903423_18904770",435.234301348018,"+"
"LSM5","chr16_23587319_23596122",435.188943346755,"+"
"PUF60","chr17_7577916_7578341",435.185431910594,"-"
"PUF60","chr4_82355401_82356795",435.160220822047,"+"
"PTBP1","chr9_108942834_108942960",435.160067009228,"+"
"RBM4","chr20_44885886_44901530",435.122979480333,"+"
"SFPQ","chr10_102402159_102402254",435.118606029688,"+"
"SRRT","chr7_32487757_32488624",435.094453918152,"+"
"RBM3","chr7_44799880_44801286",435.068298183639,"-"
"AKAP1","chr17_75574668_75574870",435.062742826279,"+"
"TRMT2A","chr19_3453916_3456549",435.016540801561,"+"
"ESRP1","chr8_144098994_144099276",435.015075312378,"-"
"SNRPA","chr15_64366075_64376742",434.969636639696,"+"
"HTATSF1","chr13_75804541_75817160",434.936323689102,"-"
"SUPT6H","chr19_45413745_45414860",434.932859418217,"-"
"RBMS2","chr7_75987428_75987537",434.919389491492,"+"
"EIF2S1","chr17_7857198_7857382",434.905423004362,"+"
"PRPF3","chr2_227352573_227355676",434.88768150741,"+"
"ESRP1","chr16_66558348_66563071",434.875423462608,"-"
"POLDIP3","chr19_38290575_38304374",434.84953562621,"-"
"SRBD1","chr19_3456635_3462751",434.788935680061,"+"
"HNRNPAB","chr19_36121718_36125450",434.780304737512,"-"
"SSB","chr10_12170770_12170899",434.770193640664,"+"
"ZC3HAV1","chr12_53295639_53297849",434.672573375849,"-"
"CSDE1","chr1_161100859_161117951",434.662111018039,"-"
"RALY","chr7_100871721_100873171",434.660665651434,"-"
"SF3B4","chr22_20122421_20122579",434.641026834449,"-"
"RBM43","chr17_42810928_42813947",434.608402670561,"-"
"YBX1","chr13_75604827_75605728",434.600682339325,"+"
"G3BP1","chr15_78880579_78884966",434.600076358269,"-"
"ZFP36","chr7_150803832_150804826",434.592348258725,"-"
"SLBP","chr13_75804541_75817160",434.56284719648,"-"
"SPEN","chr18_9914335_9931809",434.539689141737,"+"
"SLBP","chr15_101285801_101286907",434.534264304813,"-"
"SF1","chr16_634797_635611",434.522849739176,"+"
"PUF60","chr11_66056955_66057268",434.501733744659,"-"
"ESRP1","chr3_172755374_172755482",434.45137371499,"+"
"SNRPB2","chr11_78102948_78103979",434.445732870903,"-"
"RBM14","chr20_63521593_63521667",434.43789482251,"-"
"MTHFSD","chr17_81891841_81894466",434.41212068313,"-"
"ESRP1","chr20_49094963_49096348",434.370727481763,"-"
"NOL8","chr15_83005692_83008547",434.361057893653,"-"
"YTHDC1","chr10_90894891_90895453",434.347790803794,"+"
"PPRC1","chr20_32369123_32428127",434.330764878785,"+"
"LSM6","chr9_136862999_136863341",434.306839426861,"-"
"CSTF2","chr3_28294529_28316332",434.286530535207,"-"
"DAZAP1","chr7_150804719_150804826",434.267954059255,"-"
"YBX1","chr8_96231132_96231531",434.262532079218,"-"
"MCTS1","chr6_166934136_166938894",434.249995728876,"+"
"PARP14","chr9_127450804_127451284",434.232059130557,"-"
"ZC3HAV1","chr5_163464802_163467700",434.207232429982,"-"
"ESRP1","chr15_63504830_63532646",434.199723715754,"+"
"TNRC6A","chr1_43451311_43451409",434.162116153941,"+"
"SNRPD2","chr19_35505986_35508204",434.146633960339,"+"
"LARP4","chr1_156744348_156745007",434.11115414502,"+"
"SNRPA","chr3_98825366_98881539",434.106488233398,"-"
"RBM8A","chr4_151103079_151104184",434.099017378313,"-"
"RBM47","chr20_16044639_16049829",434.082938971707,"+"
"SETD1B","chr17_17506301_17509433",434.069401174141,"+"
"PCBP1","chr2_101860986_101864929",434.060940845315,"+"
"PABPC1","chr7_150803832_150804826",434.041858308327,"+"
"RBM26","chr18_21622801_21623870",434.024906795344,"-"
"LSM3","chr17_48930612_48933204",433.994470890803,"-"
"THUMPD2","chr12_56160327_56161386",433.969395302191,"-"
"RBM33","chr17_82036063_82036190",433.963972425047,"+"
"YTHDF2","chr4_39777810_39778359",433.939436166729,"+"
"CSDE1","chr19_4324529_4325215",433.911714137591,"+"
"UPF3B","chr19_29942664_29985222",433.905984747407,"-"
"LSM6","chr6_27138681_27146408",433.890364506737,"+"
"POLR2G","chr12_110492122_110496011",433.878853075102,"-"
"PABPC1","chr17_60083766_60085054",433.874408463978,"-"
"NONO","chr9_128689655_128691169",433.860630070526,"+"
"UNK","chr11_67464661_67464802",433.839764140206,"-"
"DAZAP1","chr1_67424977_67425082",433.81347527382,"-"
"EIF2S1","chr1_28579587_28579941",433.778015009249,"-"
"RBM8A","chr4_48894053_48904483",433.773790593043,"+"
"RBM23","chr9_34379732_34380896",433.743265943559,"-"
"FXR2","chr5_149520388_149550074",433.71113380587,"-"
"PARN","chr17_82036063_82036190",433.70329703205,"+"
"ZCRB1","chr7_33035988_33040871",433.667785215514,"+"
"EIF3B","chr1_153534830_153535948",433.637089968208,"-"
"YBX1","chr13_75527851_75530113",433.601338825898,"-"
"RBPMS","chr20_45469860_45479941",433.573592980116,"-"
"RRP7A","chr18_59152685_59155687",433.539317608506,"+"
"ZC3H15","chr16_2775625_2776992",433.527291500681,"-"
"UNK","chr3_28316859_28319508",433.513855431053,"-"
"HNRNPM","chr10_86968605_86970475",433.513855189488,"+"
"RBM27","chr7_6392041_6401867",433.487989391049,"-"
"SNRPA","chr10_104259798_104266083",433.470082368642,"-"
"BICC1","chr11_111882598_111883770",433.465155291456,"+"
"LSM7","chr15_68194112_68197439",433.459509531356,"+"
"SNRPG","chr5_65542848_65551563",433.402484507568,"+"
"PPRC1","chr19_12676142_12677107",433.384591433371,"-"
"HNRNPM","chr7_100435767_100435847",433.360922001335,"+"
"PPIL4","chr19_41860845_41861104",433.347959186709,"-"
"PTBP1","chr2_9406905_9408112",433.336982713744,"-"
"LSM3","chr12_6492972_6493458",433.307691171245,"-"
"NIP7","chr5_133993018_134004646",433.283846344099,"+"
"HNRNPA0","chr12_56116799_56117481",433.260923186333,"-"
"POLR2G","chr19_35651349_35658593",433.250377857098,"-"
"RALY","chr16_88646197_88646519",433.209252126988,"-"
"FUS","chr3_195392147_195442794",433.193049931492,"+"
"RRP7A","chr16_89907322_89910590",433.183632269594,"+"
"UPF3B","chr18_36787079_36798448",433.181358974374,"+"
"LSM4","chr2_175179135_175180097",433.177397077841,"-"
"POLR2G","chr19_1440253_1440348",433.107631320463,"+"
"SAFB2","chr8_85217502_85220305",433.099546388406,"-"
"UPF1","chr18_9475176_9512990",433.085844942207,"+"
"HNRNPA1","chr19_35116359_35119362",433.076250769526,"+"
"CARHSP1","chr1_23694790_23695797",433.052075760906,"-"
"TRMT2A","chr12_102013192_102017719",433.041173554774,"-"
"RBM17","chr14_105488027_105488165",432.977008893637,"-"
"HTATSF1","chr16_29904965_29905787",432.961407677629,"+"
"ZFR","chr8_101199239_101201606",432.920164700741,"-"
"MYEF2","chr6_167870498_167872213",432.890711042214,"+"
"HELZ","chr15_63504830_63532646",432.886433875477,"+"
"BICC1","chr15_83004972_83008547",432.856977204403,"+"
"GTF3A","chr17_75136250_75148528",432.853012632772,"-"
"PARP12","chr10_100983817_100986748",432.817913147442,"-"
"ACIN1","chr14_94114880_94115780",432.762509133219,"+"
"HDLBP","chr8_98042784_98044942",432.72675275975,"-"
"RBM19","chr1_23318697_23321527",432.718064364433,"-"
"SETD1A","chr17_7017014_7017256",432.682900471097,"-"
"PRR3","chr5_131162676_131164304",432.668224827036,"-"
"LSM4","chr5_151751779_151758545",432.662216019292,"+"
"TTC14","chr1_92834913_92840550",432.661126689365,"-"
"ZC3HAV1","chr1_26934419_26941456",432.645234820855,"-"
"YBX1","chr1_7970963_7977651",432.607085236747,"+"
"HNRNPA0","chr13_43069003_43085767",432.592950395702,"-"
"SSB","chr3_187121328_187127998",432.576191286025,"+"
"SNRPD2","chr17_41525273_41527920",432.574780446535,"-"
"LSM5","chr1_19597109_19622099",432.549529267674,"+"
"BICC1","chr1_45616393_45616625",432.525156513167,"+"
"SLTM","chr4_48885565_48904483",432.521969036248,"-"
"FXR1","chr1_153534827_153535201",432.520505318704,"-"
"LARP1B","chr11_93730712_93734624",432.517257143169,"-"
"PUF60","chr11_119021886_119023320",432.512100298303,"+"
"SRRM2","chr19_14517046_14518138",432.49745011331,"+"
"LARP1B","chr10_32935558_32957237",432.485684865406,"-"
"SYNCRIP","chr3_101682343_101682428",432.473358535515,"-"
"PPRC1","chr19_49498046_49499521",432.446794623804,"-"
"ELAVL1","chr5_149517877_149520289",432.374605926167,"-"
"RBM6","chr17_75320553_75321658",432.365799190203,"+"
"EWSR1","chr16_2528559_2528993",432.365355705191,"-"
"A1CF","chr13_113584888_113585773",432.334716716737,"+"
"PCBP2","chr14_54417951_54419991",432.312161557403,"+"
"RNPC3","chr1_153534830_153535201",432.305569171112,"+"
"PCBP1","chr7_30498938_30504568",432.256182493639,"-"
"POLR2G","chr17_7017014_7017260",432.24587308905,"-"
"KHDRBS3","chr12_133193533_133202143",432.244164868857,"+"
"MBNL2","chr3_39408724_39411648",432.226292769943,"-"
"PARN","chr3_108047292_108050577",432.216155742508,"+"
"RBPMS","chr12_56116799_56117481",432.205289104843,"-"
"RBM23","chr3_119676966_119677203",432.20145592262,"-"
"ZNF638","chr6_85678188_85678697",432.195612370213,"-"
"RBM22","chr9_98007702_98011270",432.188161617879,"-"
"ZRANB2","chr2_69819338_69825455",432.168572447338,"-"
"POLR2G","chr5_150447735_150449485",432.161565767664,"-"
"SYNCRIP","chr13_114282943_114286518",432.159499780185,"+"
"GRSF1","chr15_84670069_84670724",432.148590324238,"+"
"RBM25","chr9_133357814_133360264",432.134171437307,"+"
"ASCC1","chr17_5426299_5428070",432.119466482918,"-"
"HNRNPA2B1","chr17_41523993_41524142",432.074121852839,"+"
"TRA2A","chr1_161158211_161158411",432.062615378566,"+"
"RBM39","chr22_40953633_40955286",432.06196685755,"-"
"HNRNPD","chr22_19516645_19516816",432.032237894696,"+"
"PPP1R10","chr4_139678642_139703454",431.995758094239,"-"
"ANKRD17","chr12_50231710_50248632",431.920382533737,"+"
"DHX57","chr11_2989197_2992253",431.914070513426,"+"
"HNRNPA2B1","chr19_49498046_49499521",431.909803789189,"-"
"PPIL4","chr19_18571909_18573292",431.874868310163,"+"
"NUFIP1","chr16_88859972_88860892",431.86430159081,"-"
"SAFB","chr1_173864304_173865470",431.853858026183,"-"
"RALY","chr20_34078553_34084660",431.837031809384,"-"
"SSB","chr16_4343291_4343482",431.834847656681,"-"
"HNRNPA1","chr11_64319868_64320660",431.825638972821,"+"
"HNRNPH1","chr1_151266112_151266307",431.802384997749,"-"
"RBM10","chr5_150446875_150447584",431.742148023065,"-"
"LSM4","chr9_35684746_35685063",431.741407677529,"-"
"ZC3HAV1","chr15_58916999_58932355",431.734674922476,"+"
"ZC3H8","chr7_148829848_148846469",431.711609688742,"-"
"PARN","chr21_46291462_46296161",431.660595459678,"+"
"NAA38","chr6_132815088_132816460",431.63466830594,"+"
"IGF2BP2","chr3_170868387_170870158",431.633171047396,"-"
"HDLBP","chr7_22813185_22822676",431.625551218666,"-"
"SYNJ2","chr17_44212454_44212818",431.602240969372,"-"
"NIP7","chr11_134248484_134249166",431.548978680714,"+"
"AKAP1","chr17_75574668_75574873",431.538073272475,"+"
"SYNCRIP","chr19_35497538_35498597",431.51472358872,"+"
"RBPMS","chr8_70583324_70583649",431.501921686576,"+"
"HNRNPH1","chr16_81087664_81096130",431.457006001466,"-"
"RBM10","chr17_81239943_81240986",431.430285359012,"-"
"IGF2BP3","chr7_44579628_44581092",431.414866700448,"+"
"AKAP1","chr4_82426129_82426462",431.403538715046,"-"
"RBM18","chr18_9475176_9512990",431.393673077566,"-"
"CCAR1","chr17_7857198_7883234",431.37635667295,"-"
"THUMPD1","chr20_16041278_16049829",431.376104933441,"-"
"LSM10","chr1_45616393_45616625",431.366101201327,"+"
"HNRNPAB","chr6_18258062_18258303",431.309675829213,"+"
"EIF3B","chr4_83456958_83459739",431.2954757765,"+"
"RBM45","chr12_120464122_120465626",431.263402966243,"+"
"QKI","chr17_75130642_75130752",431.16467061391,"+"
"SNRPB","chr6_75237988_75241175",431.157673178099,"-"
"MCTS1","chr4_55600575_55607436",431.15643989261,"-"
"EIF3G","chr19_17424677_17424930",431.141975244221,"+"
"EIF3G","chr1_92834913_92840550",431.117611342216,"-"
"CCAR1","chr5_163464802_163467700",431.096667159773,"-"
"ESRP1","chr6_35469529_35470247",431.044015543237,"-"
"MCTS1","chr11_63999560_63999641",431.034588421952,"+"
"CPSF4","chr22_23882869_23894771",431.033812801143,"-"
"SNRPA","chr6_70395266_70399214",431.004496303395,"+"
"RBM27","chr17_35820239_35820331",430.992099992089,"-"
"NUFIP1","chr19_49858653_49859985",430.920442596783,"+"
"SNRNP70","chr11_88326443_88328111",430.920388694485,"+"
"DHX8","chr11_10807381_10808704",430.887479953218,"+"
"THUMPD1","chr4_55609179_55630401",430.857151378282,"-"
"ZRSR2","chr19_15831356_15835217",430.855400372047,"+"
"ZCCHC17","chr16_4848210_4857989",430.849464269447,"-"
"SNRPF","chr7_150804719_150804826",430.842213571388,"-"
"SAFB2","chr6_30345573_30346431",430.800305544433,"+"
"RBMX2","chr16_18784823_18788980",430.780865852056,"-"
"DAZAP1","chr16_88646197_88647100",430.78064178133,"-"
"SNRPD3","chr7_150804472_150804615",430.762270428642,"-"
"CHERP","chr1_39026398_39028722",430.760543563665,"-"
"KHDRBS1","chr20_35632234_35632310",430.70076520652,"+"
"PARP14","chr8_144790470_144791276",430.700152693409,"+"
"ZC3HAV1","chr19_55386693_55387929",430.635916132778,"+"
"MATR3","chr12_76068994_76074202",430.634432741211,"+"
"ACO1","chr8_61638003_61638321",430.62365633361,"+"
"SYNJ2","chr12_66138734_66145840",430.621400056132,"+"
"RNPS1","chr17_8379936_8380586",430.608227686084,"-"
"CARHSP1","chr1_212442625_212444338",430.548463558817,"+"
"LARP1B","chr8_144412946_144413512",430.543666604837,"-"
"RBM19","chr3_120596646_120601110",430.517581681099,"-"
"HNRNPF","chr10_104259798_104266083",430.513853062131,"-"
"UPF3B","chr17_81899542_81899919",430.494616678175,"-"
"HNRNPH2","chr17_81891833_81894466",430.473509998874,"-"
"PUF60","chr3_196296069_196306942",430.468960962649,"+"
"HNRNPM","chr5_150446963_150449702",430.443328732839,"-"
"ZRANB2","chr2_200384017_200389222",430.431616252731,"-"
"TIPARP","chr5_171400925_171405301",430.423922808363,"+"
"ZRANB2","chr1_53928440_53930075",430.368159487733,"-"
"POLR2G","chr1_23971626_23971849",430.344378213894,"+"
"CSDE1","chr15_69453454_69453646",430.329684903841,"-"
"RBM47","chr8_85214631_85217385",430.308944163625,"-"
"THUMPD3","chr16_23585423_23596122",430.28628881431,"-"
"TRMT2A","chr19_17517389_17517709",430.264359026966,"+"
"NOL8","chr19_18433817_18434216",430.223314823159,"+"
"TRMT1","chr1_151983116_151986098",430.215691955194,"-"
"EWSR1","chr15_60390317_60397942",430.214192051381,"-"
"GRSF1","chr10_119500259_119515508",430.194676177726,"+"
"SAFB","chr17_7857198_7857382",430.193921542623,"+"
"POLR2G","chr11_62690867_62691074",430.189122599694,"+"
"RBM12B","chr19_15831356_15835217",430.163424187034,"-"
"HNRNPH1","chr8_144423922_144424214",430.151773128586,"-"
"DGKQ","chr11_533358_533452",430.141905396058,"-"
"RBPMS","chr8_66922725_66926377",430.06247157994,"-"
"SNRPB2","chr16_81017385_81017757",430.05283194814,"+"
"DAZAP1","chr6_2837978_2838548",430.041685779149,"-"
"RBM43","chr6_109369017_109376073",429.989091640882,"+"
"RRP7A","chr11_85654234_85655593",429.973163210918,"-"
"LSM10","chr7_22813185_22817411",429.957250131985,"-"
"RBM8A","chr6_159797347_159798051",429.947956889096,"-"
"A1CF","chr11_64227132_64229246",429.946599575798,"-"
"SNRPB2","chr12_53297924_53298048",429.944774257107,"-"
"MCTS1","chr16_10761859_10769046",429.925747775487,"+"
"MSI2","chr9_36204179_36211607",429.907056353663,"-"
"EIF4H","chr20_45470532_45471152",429.856098764859,"-"
"TRNAU1AP","chr7_150803832_150804361",429.795046423774,"+"
"HNRNPA1","chr5_61099032_61152703",429.752228956903,"+"
"ZC3H12C","chr10_73053590_73072028",429.73959301075,"-"
"DHX8","chr5_181237718_181238098",429.728461092235,"-"
"ZCRB1","chr7_26192338_26192494",429.728373741533,"+"
"MKRN1","chr11_119017545_119017957",429.695169502056,"-"
"ZC3H15","chr10_12172866_12177792",429.676129194635,"-"
"PPIE","chr11_810321_811596",429.659620215925,"-"
"SAFB","chr19_36114066_36114176",429.642527356119,"+"
"EIF3B","chr11_68688100_68688848",429.616658150942,"+"
"MCTS1","chr12_55726261_55726699",429.596171707533,"+"
"LARP6","chr8_97691188_97706625",429.58270566383,"-"
"MKRN1","chr13_48239332_48253807",429.533935918942,"-"
"DHX8","chr19_10682704_10683124",429.521465441849,"+"
"APTX","chr10_104259798_104266083",429.488136357178,"-"
"SNRPE","chr12_123389182_123390629",429.485206379025,"+"
"KRR1","chr12_109088512_109090008",429.475055703513,"+"
"TLR2","chr16_4848210_4857989",429.457759817799,"-"
"HNRNPM","chr6_166934136_166938894",429.444101865098,"+"
"PAN3","chr19_35505986_35506125",429.431153196066,"-"
"TRA2A","chr9_129634306_129635207",429.424947685697,"+"
"HNRNPA0","chr3_172755575_172756982",429.423166446277,"-"
"PCBP2","chr20_59035126_59036500",429.360093013561,"-"
"MSI2","chr2_130182452_130190468",429.288181650825,"-"
"TRNAU1AP","chr12_55716717_55719090",429.228191069015,"-"
"SRRM1","chr19_48327623_48329431",429.199660808822,"-"
"EIF4B","chr3_40457474_40457889",429.16026874292,"-"
"RBM47","chr1_24646789_24648858",429.119904563507,"-"
"PUM2","chr19_38304686_38304799",429.116501685414,"-"
"G3BP2","chr22_19516645_19516816",429.114504163265,"+"
"YTHDF2","chr6_12290693_12292340",429.111397060995,"+"
"TRA2B","chr17_73209768_73227164",429.049014867395,"+"
"PABPC1","chr6_29944616_29945058",429.006943240598,"+"
"RBM25","chr1_155827028_155853275",428.999775688754,"+"
"ZC3H13","chr10_104279471_104297577",428.979148261144,"+"
"SYNCRIP","chr16_88810556_88811549",428.965554046449,"+"
"RRP7A","chr16_67228836_67228975",428.925331500099,"-"
"UHMK1","chr20_45470532_45479985",428.911265542319,"-"
"POLR2G","chr3_197950299_197950935",428.902959239055,"-"
"KIN","chr1_2189781_2193638",428.888980029372,"+"
"NONO","chr19_41956890_41957017",428.857178609723,"-"
"POLDIP3","chr5_96740118_96740744",428.850887466804,"-"
"LSM6","chr19_10177367_10180349",428.849257926304,"+"
"UPF3B","chr7_103327378_103327655",428.838293419233,"-"
"BICC1","chr19_43508864_43511436",428.827874123683,"+"
"RBM18","chr11_93733397_93734624",428.818138592857,"+"
"KHSRP","chr2_9406905_9407448",428.803812519101,"+"
"MKRN1","chr8_73959818_73964486",428.785601036799,"-"
"EIF4B","chr2_9407598_9408112",428.731228270087,"+"
"FUS","chr1_145925927_145926050",428.726693305538,"-"
"HNRNPM","chr16_66552793_66563121",428.720407825622,"-"
"LSM10","chr17_81893614_81894466",428.688169746771,"+"
"RBM8A","chr19_10110866_10110944",428.658646662493,"+"
"RBM47","chr2_69819338_69825455",428.634451988074,"-"
"ESRP1","chr3_37096660_37129062",428.60806040083,"+"
"YTHDF2","chr1_153990802_153990913",428.563920780939,"-"
"ZC3H14","chr9_36204179_36210624",428.562061164187,"-"
"DKC1","chr2_231463316_231464335",428.550913205966,"+"
"NAA38","chr7_44835658_44840898",428.541469105972,"+"
"LARP4B","chr2_38747130_38748046",428.53127723358,"-"
"MEX3D","chr7_103327378_103327655",428.527110027229,"-"
"UHMK1","chr17_81899542_81899919",428.51889811247,"-"
"PABPC4","chr15_63156521_63157399",428.491818378728,"+"
"LARP7","chr2_200306922_200329430",428.490588861387,"-"
"RBM17","chr17_38731842_38733275",428.459215111269,"-"
"LARP4B","chr6_43055618_43055896",428.434082509966,"+"
"RBM3","chr5_1801549_1802320",428.376883700744,"+"
"SAMD4B","chr7_26191128_26192494",428.373127067428,"-"
"GRSF1","chr2_174081248_174081923",428.366914797139,"+"
"SF3B4","chr9_35679342_35680752",428.361060597024,"-"
"GTF3A","chr3_12836235_12839348",428.346055248107,"-"
"RC3H2","chr3_28263380_28316332",428.328346397755,"+"
"HNRNPD","chr11_134248484_134249166",428.315794372833,"+"
"POLR2G","chr2_177217845_177219036",428.314412716735,"+"
"SAFB","chr11_34651805_34656907",428.300386405602,"+"
"MBNL3","chr20_16041278_16049829",428.280543917195,"-"
"SNRPA","chr7_26192338_26192494",428.245102318555,"+"
"UPF3B","chr20_45814470_45815540",428.226902064456,"+"
"ZC3H4","chr16_2772102_2776992",428.219661027255,"-"
"MKRN2","chr3_112993124_112996891",428.217905757175,"-"
"RBM4","chr2_227340380_227355676",428.191793819766,"+"
"SSB","chr22_29767607_29769677",428.180905679868,"+"
"RALY","chr2_84906117_84906365",428.158686183907,"-"
"TTC14","chr15_69453421_69453646",428.14559875822,"-"
"PNO1","chr15_59642262_59650668",428.131172448723,"+"
"LSM10","chr1_20779911_20787194",428.123634388651,"-"
"AKAP1","chr16_75294042_75301756",428.117712644552,"-"
"ZC3H6","chr20_35739017_35740524",428.108152244853,"+"
"SART3","chr8_15748465_15757790",428.101496419917,"+"
"ZCRB1","chr12_69365884_69370705",428.100928542159,"+"
"LARP4","chr1_20779911_20780344",428.058886218095,"+"
"RBM4","chr17_16463247_16463718",428.045376759162,"+"
"SNRPE","chr7_44799880_44801286",428.037681414732,"-"
"RBM7","chr14_49782594_49782829",428.006058873656,"+"
"HELZ","chr16_14672749_14688164",427.998073629816,"+"
"RBM12B","chr17_50737026_50740305",427.966072465338,"+"
"LSM3","chr11_76364432_76365851",427.955739130235,"+"
"HNRNPA3","chr1_224967583_224968758",427.921334121909,"+"
"SNRNP70","chr10_68956748_68959805",427.90483405937,"-"
"GTF3A","chr16_634956_635611",427.89170423033,"-"
"SNRNP35","chr12_102013192_102025973",427.879622495801,"+"
"CCAR1","chr7_100435533_100435847",427.872438347996,"+"
"ZFP36","chr11_111882598_111883770",427.869527702676,"-"
"HNRNPM","chr14_55664041_55667240",427.847156973417,"+"
"DNAJC17","chr10_73053590_73072028",427.788963527123,"-"
"LSM10","chr17_16441130_16441367",427.759677784254,"+"
"IGF2BP3","chr17_75136250_75148528",427.753838497787,"-"
"NAA38","chr6_26124633_26127697",427.741563514482,"+"
"LEMD3","chr17_47151936_47154671",427.731870772797,"-"
"EWSR1","chr10_100984074_100986748",427.714686603561,"-"
"NAA38","chr20_17570211_17600737",427.690472526309,"+"
"YBX1","chr17_7577916_7578341",427.655261681667,"-"
"ELAVL1","chr12_25225773_25245273",427.642554441086,"-"
"CNOT4","chr17_28319365_28325502",427.642427349429,"+"
"PPIE","chr1_15426018_15427149",427.626487879993,"-"
"HNRNPH3","chr20_56388202_56392153",427.569008846904,"-"
"RBM15B","chr22_23882869_23894771",427.564615949598,"-"
"ZC3H7A","chr3_98822741_98849460",427.557660183966,"-"
"PTBP1","chr20_49094963_49096348",427.547180026216,"-"
"HNRNPM","chr1_153544809_153545469",427.539829146344,"-"
"KRR1","chr15_74923770_74929115",427.521173314077,"-"
"LSM4","chr3_186790255_186790325",427.519963844193,"+"
"ZC3H14","chr12_26957743_26960514",427.509120912151,"+"
"CPSF4","chr12_76060279_76074202",427.498869635513,"-"
"DUS3L","chr2_227340380_227355676",427.498331866859,"-"
"ZFP36L2","chr19_18900449_18904770",427.462734233024,"+"
"LSM5","chr5_73503117_73504346",427.42145879466,"+"
"DAZAP1","chr10_32935558_32954297",427.417737906801,"-"
"MKRN1","chr1_25352974_25356792",427.411491039145,"+"
"MCM3AP","chr5_133006920_133026496",427.400217723451,"-"
"TARDBP","chr3_195392147_195442794",427.340451350145,"+"
"RBM6","chr8_70598255_70600018",427.320792688022,"+"
"L3MBTL3","chr19_35506049_35510183",427.297079059437,"-"
"PUM2","chr5_149513209_149520289",427.249835192672,"+"
"CPSF6","chr12_82357269_82358222",427.243479806896,"+"
"KHSRP","chr11_102520804_102524935",427.241055050718,"+"
"PPIL4","chr7_26190460_26192494",427.239066252876,"+"
"TRA2A","chr21_46291462_46296161",427.224176629433,"+"
"LSM7","chr17_75039271_75042180",427.212598089052,"-"
"SF3B4","chr2_237708630_237719522",427.211672995232,"-"
"THUMPD2","chr8_73291252_73291551",427.20187418971,"+"
"TMEM63A","chr12_53295639_53298044",427.197468987618,"-"
"PPIE","chr2_55233417_55234830",427.163029668091,"-"
"THUMPD2","chr14_92117642_92118848",427.118674265572,"-"
"PUF60","chr3_122359919_122362967",427.105816252398,"+"
"ELAVL1","chr19_45416897_45419097",427.104981584181,"+"
"FUBP3","chr15_92997403_92998498",427.104276645299,"+"
"ZC3H8","chr4_82424883_82426036",427.082139472614,"-"
"UNK","chr11_64227666_64229477",427.056441545472,"-"
"GRSF1","chr7_54757594_54759161",427.054691186794,"+"
"POLR2G","chr11_119021886_119023320",427.034304278536,"+"
"ZC3H18","chr17_81893614_81894466",427.030090047313,"+"
"PAN3","chr1_153561588_153563733",427.022381193134,"+"
"PPIE","chr2_135748369_135753538",427.018293126915,"+"
"KHSRP","chr16_635340_636093",427.003480994144,"+"
"EIF3B","chr8_79919148_80002998",427.002429338792,"+"
"GRSF1","chr3_196296069_196306942",426.989120627277,"+"
"LSM10","chr22_29767548_29769677",426.967522016829,"+"
"LSM10","chr3_111920419_111939474",426.953886967586,"+"
"APTX","chr5_61099032_61152703",426.94497668653,"+"
"MBNL2","chr7_141010660_141014910",426.942993534254,"+"
"SPEN","chr1_151167414_151168193",426.942085739405,"-"
"SNRPD1","chr9_133357814_133360264",426.924078986816,"-"
"SNRPG","chr19_29942664_29985222",426.917017248892,"+"
"TIA1","chr19_4324529_4325215",426.888772963018,"-"
"ESRP2","chr9_93110721_93112217",426.84773647506,"-"
"HTATSF1","chr17_81891833_81894466",426.847192871348,"+"
"CPSF4","chr20_35740989_35741940",426.759211283638,"-"
"SNRPF","chr16_69711281_69714963",426.757717755751,"-"
"NIP7","chr2_42169636_42245504",426.731711664665,"+"
"HNRNPH1","chr11_114443933_114444585",426.662701662072,"-"
"PARP14","chr12_19261021_19265749",426.612880023769,"+"
"THUMPD3","chr7_99365738_99365890",426.609799379729,"-"
"MKRN1","chr12_56724549_56725262",426.605011376691,"-"
"SNRPD2","chr13_52659249_52662648",426.601950952157,"+"
"NAA38","chr3_157150381_157152176",426.599416762272,"+"
"LSM4","chr8_124495542_124503839",426.572193695633,"-"
"PUM2","chr11_88328196_88334936",426.558648513418,"+"
"POLDIP3","chr16_14678760_14688164",426.519271569873,"-"
"FUBP3","chr8_60591969_60618579",426.515149915603,"+"
"DUS3L","chr1_1402250_1405808",426.492313594027,"-"
"SLBP","chr5_49658927_49659079",426.463617822767,"+"
"HTATSF1","chr5_96740118_96741265",426.455753431715,"-"
"HTATSF1","chr16_3022998_3023232",426.438526811304,"+"
"TRA2A","chr1_153626533_153632033",426.427860273968,"-"
"EIF4H","chr3_158710933_158713796",426.427198080828,"+"
"NOL8","chr15_34342108_34343019",426.416184022655,"+"
"ZRANB2","chr6_70395043_70399214",426.409704390835,"-"
"RBM18","chr19_45413745_45414860",426.394188287414,"-"
"L3MBTL3","chr17_31863516_31868045",426.393762112065,"+"
"TARDBP","chr7_36419467_36420168",426.379544248595,"-"
"RBM28","chr13_45338785_45339496",426.37025506856,"-"
"ZCRB1","chr7_56052485_56055623",426.367688242274,"-"
"ESRP2","chr7_5229738_5230834",426.325036392834,"-"
"RBM15B","chr17_62479290_62481120",426.324031004868,"+"
"LSM4","chr1_156745373_156751342",426.323858372438,"+"
"ZC3H8","chr16_2240145_2246858",426.320365742707,"-"
"BICC1","chr17_31976614_31982998",426.264106894571,"+"
"RBM8A","chr21_44032172_44037791",426.260025848257,"+"
"ZC3H14","chr1_25351693_25352881",426.25103115768,"+"
"SNRPA","chr2_85596649_85596952",426.247356166741,"-"
"MEX3D","chr2_3575888_3576558",426.245905324522,"-"
"MCTS1","chr1_53923947_53928371",426.220448692344,"+"
"RBM39","chr18_694334_697239",426.21364499958,"+"
"PNPT1","chr12_25227412_25245273",426.213636772719,"+"
"EIF4H","chr2_73957240_73958145",426.179057406924,"+"
"G3BP1","chr19_1272051_1274306",426.178800550716,"+"
"PPP1R10","chr8_56074159_56074253",426.16256879003,"-"
"ACIN1","chr7_99458355_99460085",426.161959182543,"-"
"YTHDF2","chr10_32935558_32951674",426.126457683807,"-"
"CIRBP","chr2_47162662_47170733",426.107921694367,"+"
"SNRPB2","chr6_10751234_10755141",426.103163445948,"+"
"RBM42","chr16_10761859_10769046",426.096331518398,"-"
"L3MBTL3","chr16_4461959_4463641",426.056215935013,"-"
"TRA2B","chr3_30606977_30644746",426.04962376368,"+"
"THUMPD2","chr11_3001248_3001961",426.043908744964,"+"
"CPSF4","chr21_44032172_44037791",426.026601037021,"+"
"RBM25","chr3_170868387_170870158",426.007658341794,"-"
"ZRSR2","chr4_56456234_56459371",425.982529612272,"-"
"FUS","chr17_7016685_7016909",425.967840852752,"+"
"SNRPD2","chr1_173864098_173864256",425.945024041902,"-"
"PPP1R10","chr5_146168265_146171909",425.920077129463,"+"
"HNRNPM","chr19_18899947_18903267",425.897838433454,"-"
"KHSRP","chr10_32935558_32954458",425.896171729432,"-"
"DAZAP1","chr7_5229738_5230834",425.871104373011,"+"
"SART3","chr19_48616202_48616725",425.828599976365,"+"
"RBM43","chr17_38450723_38451625",425.792624056279,"+"
"LSM10","chr8_100948900_100950405",425.792182198189,"-"
"ZFP36L2","chr6_43054486_43055896",425.774253566459,"-"
"LSM3","chr15_74923770_74929115",425.758375697082,"-"
"HNRNPD","chr5_49658927_49659079",425.755744919533,"+"
"RBM39","chr14_54417951_54419991",425.731255817022,"-"
"EIF3G","chr11_34651805_34656910",425.693945000666,"+"
"SETD1B","chr4_2040092_2042326",425.686091368162,"-"
"PUM2","chr11_34651610_34651736",425.679591398548,"+"
"SF3B4","chr20_18567596_18569235",425.666537881239,"-"
"ZNF638","chr3_172750857_172754508",425.654326034078,"-"
"RBM33","chr3_180985996_180988022",425.634999405542,"-"
"SYNCRIP","chr8_144355678_144355967",425.632959063572,"+"
"DUS3L","chr19_44800274_44800380",425.62711163073,"-"
"FUS","chr1_25352974_25356792",425.62432846952,"+"
"MCTS1","chr10_63215455_63215552",425.619442558689,"+"
"RBM3","chr8_100948900_100951928",425.59362360412,"+"
"SNRNP35","chr5_96740118_96741265",425.577142538471,"-"
"FMR1","chr12_57303217_57310263",425.558964251487,"+"
"MCTS1","chr1_197902913_197905795",425.546302958929,"+"
"ZC3H18","chr4_82425667_82426036",425.513301427659,"+"
"SRBD1","chr6_170578656_170578856",425.494061140739,"+"
"PSPC1","chr6_27138681_27146408",425.493853650048,"+"
"RBM28","chr15_75339104_75339964",425.483829762051,"-"
"SETD1B","chr20_41061490_41077581",425.474832237361,"-"
"SAMD4A","chr8_101200123_101201606",425.450477090394,"-"
"ZC3H15","chr15_75843846_75854385",425.444386098545,"+"
"ZFP36","chr17_75574495_75574609",425.413009422281,"+"
"SRRT","chr18_180339_192841",425.412242000647,"+"
"RNF113A","chr6_136267175_136268161",425.398205803234,"+"
"HDLBP","chr8_61646878_61651049",425.389109405822,"+"
"TRMT2A","chr8_143575093_143575422",425.377092157682,"-"
"THUMPD1","chr10_86968605_86970475",425.375127461475,"-"
"KRR1","chr19_1105809_1106180",425.351604915663,"-"
"ZCCHC17","chr9_36210660_36211602",425.348784775122,"-"
"RBMS1","chr15_59639157_59650668",425.338821585987,"-"
"NAA38","chr11_406059_406141",425.323928401527,"-"
"U2AF2","chr13_75601570_75604768",425.276576029635,"-"
"RBMS1","chr13_75804541_75809153",425.226791137709,"-"
"IGF2BP2","chr6_31731003_31732009",425.223615899491,"-"
"PPIE","chr10_80155912_80157966",425.21880902552,"-"
"DHX8","chr5_171400210_171405301",425.215872195879,"+"
"PABPC4","chr12_6944565_6945770",425.19604234017,"-"
"MKRN1","chr3_172509321_172514860",425.17012635064,"-"
"TRNAU1AP","chr2_135748369_135755516",425.116292126238,"-"
"DHX8","chr16_2752846_2757471",425.094737689894,"-"
"HNRNPL","chr7_141010660_141014910",425.066774500373,"+"
"HNRNPA1","chr16_88859972_88860910",425.058878504234,"+"
"DKC1","chr12_109088512_109090008",425.055680569181,"+"
"G3BP1","chr9_111563231_111570090",424.987279840619,"-"
"CPSF6","chr11_66640123_66646026",424.96095985826,"-"
"POLR2G","chr16_81082963_81084462",424.959955128133,"+"
"NIP7","chr7_150804485_150804826",424.956395983779,"-"
"HELZ","chr17_44212006_44212343",424.953864227396,"+"
"PSPC1","chr1_46309143_46310154",424.942570481936,"-"
"IGF2BP1","chr3_114076942_114077475",424.93862678905,"-"
"TNRC6A","chr8_73959818_73972076",424.932962981144,"-"
"IGF2BP3","chr3_126914750_126957415",424.920920267203,"+"
"ZC3H6","chr10_38017386_38054377",424.909797619238,"+"
"RBM22","chr16_1961611_1961796",424.859055507086,"-"
"ELAVL1","chr6_13793947_13798832",424.845363475784,"+"
"GRSF1","chr5_96722718_96727488",424.802032771413,"-"
"FUS","chr2_42169636_42245504",424.780812217204,"+"
"RBM42","chr9_36199096_36204067",424.770553957438,"+"
"SETD1B","chr22_41677132_41680243",424.712780950161,"-"
"RRP7A","chr17_6641227_6641752",424.604047807248,"+"
"SNRPC","chr12_52951856_52952121",424.591222794829,"-"
"ZFP36","chr11_47419197_47422573",424.572145692834,"-"
"NUFIP1","chr2_171707377_171715327",424.532364961683,"-"
"RC3H2","chr20_50084254_50113106",424.518725779018,"-"
"HNRNPA2B1","chr11_64227132_64229246",424.510606155161,"-"
"DUS3L","chr20_37238449_37241302",424.503750819704,"-"
"YBX1","chr13_75594990_75604768",424.463381824629,"+"
"SYNJ1","chr6_3012674_3016883",424.459282110389,"+"
"RALY","chr17_48931717_48936169",424.458359178488,"-"
"RBM27","chr19_4324529_4325215",424.422469923653,"+"
"ZFP36L1","chr11_66285536_66285700",424.362872240643,"+"
"KIN","chr20_49124605_49135832",424.355627171255,"-"
"SAMD4B","chr12_76450988_76487509",424.324373817541,"+"
"TTC14","chr21_32601973_32602271",424.322193235508,"+"
"NAA38","chr8_99892047_99893638",424.292983938883,"-"
"ELAVL1","chr20_36609758_36612009",424.271639931786,"-"
"ZC3H15","chr2_186502587_186504031",424.266625308028,"+"
"FUBP3","chr7_100435533_100435847",424.251662356277,"-"
"CPSF7","chr12_53295941_53297849",424.223917021664,"-"
"PPIE","chr12_52245632_52248139",424.131229411572,"-"
"PUF60","chr12_122511188_122515104",424.12681723771,"+"
"MEX3C","chr7_103327378_103327655",424.101774190451,"-"
"MKRN1","chr12_56724523_56725262",424.082576370309,"+"
"TRNAU1AP","chr2_219001_229965",424.055551484612,"+"
"HNRNPR","chr1_153535360_153535948",424.052951027171,"+"
"PPIE","chr19_12676142_12677290",424.036247764999,"-"
"LARP6","chr19_35507511_35509910",424.022272341595,"-"
"MCTS1","chr9_136993243_136993342",424.018431375828,"+"
"HNRNPAB","chr3_156543278_156544307",424.006135107322,"-"
"APTX","chr11_119017545_119017957",423.978775068131,"-"
"PPIL4","chr6_33290450_33290715",423.963554823131,"+"
"UNK","chr6_150885734_150887844",423.90999688101,"+"
"AKAP1","chr20_37232391_37234019",423.904755484635,"+"
"SNRNP35","chr11_406059_406141",423.90367578058,"-"
"MBNL2","chr19_2324196_2324741",423.882319985725,"-"
"PRPF3","chr1_7970963_7977651",423.879080826016,"+"
"EIF4B","chr12_76068994_76074202",423.872909983433,"+"
"POLR2G","chr16_81084594_81087600",423.856223198348,"+"
"RBM45","chr15_58898852_58899468",423.853335232446,"+"
"BICC1","chr8_61644632_61651049",423.845147471643,"+"
"SNRPD2","chr12_53100872_53101040",423.805246186657,"-"
"RBM19","chr19_41956890_41957017",423.758037027537,"-"
"PUM2","chr5_163464802_163469640",423.724216008636,"-"
"LARP1B","chr1_23971626_23971849",423.695906074428,"-"
"SNRPB","chr13_75601570_75604768",423.662926587769,"-"
"PABPC4","chr5_151751779_151758545",423.635844318112,"+"
"EIF3G","chr19_18571909_18573292",423.608846837259,"-"
"PUF60","chr8_56304084_56305596",423.567472178359,"-"
"TRA2A","chr17_78214789_78215965",423.527502352412,"-"
"RBM19","chr4_108620600_108621950",423.521971824459,"-"
"LARP1B","chr14_22830254_22830963",423.48003529968,"-"
"UHMK1","chr19_40448046_40458154",423.435239256509,"-"
"SNRPA","chr13_31141259_31143791",423.405555484995,"+"
"TRMT1","chr16_635340_636093",423.402981605382,"-"
"LSM5","chr1_150230693_150231776",423.402277154551,"+"
"BICC1","chr16_4461959_4463659",423.394804226831,"+"
"MSI2","chr21_46287123_46296161",423.356456067016,"-"
"ZC3H8","chr10_63215696_63217206",423.347498255024,"+"
"RNPS1","chr16_88859972_88860913",423.343299246802,"-"
"SLBP","chr16_88643571_88644247",423.332058338277,"-"
"ZC3H4","chr2_224920_229965",423.297004779163,"+"
"IGF2BP2","chr19_44793620_44794203",423.278519473864,"+"
"UPF1","chr14_94128675_94129557",423.24668048874,"-"
"MATR3","chr20_17660528_17682027",423.228849829765,"-"
"TIA1","chr8_54000050_54010429",423.225765774243,"+"
"TOE1","chr2_214792445_214797060",423.194879888526,"+"
"SAFB2","chr9_35660647_35660745",423.1922055169,"+"
"RBPMS","chr22_41680364_41688793",423.192071827337,"+"
"CCAR1","chr17_16000245_16001914",423.183637087941,"+"
"RBM43","chr19_1440241_1440348",423.179288241082,"-"
"NAA38","chr20_45469860_45470388",423.178514419617,"+"
"CSTF2T","chr3_40457363_40457889",423.165796411281,"+"
"PARP10","chr1_19374455_19378539",423.162437214048,"+"
"PABPC4","chr19_47781388_47784405",423.128935129006,"-"
"ENOX2","chr19_35507511_35508204",423.121165454582,"-"
"DKC1","chr1_234374389_234383722",423.094544251022,"+"
"ELAVL1","chr16_4340405_4340919",423.073551724025,"+"
"PPIE","chr11_134248484_134249166",423.072342820578,"+"
"RBM23","chr12_56724523_56724961",423.070003955936,"-"
"CPEB4","chr1_207096615_207098149",423.059805705166,"+"
"ZC3HAV1L","chr1_153561590_153563733",423.050643583253,"-"
"TDRKH","chr1_153975905_153977338",423.045052533127,"-"
"RRP7A","chr8_61682483_61684038",423.040026330651,"-"
"DNAJC17","chr7_150804472_150804615",423.037502532174,"-"
"ZCCHC17","chr8_143580632_143581053",423.018143890145,"-"
"RBMS2","chr15_50707874_50719939",423.004709369109,"+"
"ZC3H10","chr16_635340_635517",422.993834403524,"-"
"SSB","chr11_32596047_32600688",422.990350214949,"+"
"LSM3","chr19_12668425_12668533",422.976238319795,"-"
"SUPT6H","chr9_128153126_128153305",422.962222253079,"-"
"HNRNPH1","chr19_55388048_55391553",422.959960755283,"-"
"ZNF638","chr11_68050254_68050486",422.937307570333,"-"
"ZCCHC17","chr12_123618837_123619431",422.930753879202,"+"
"RBM42","chr12_55760640_55789074",422.855856284578,"+"
"SAFB2","chr1_155827028_155853275",422.854443109603,"+"
"KHDRBS1","chr1_224371423_224379068",422.835053543997,"-"
"CPSF4","chr14_22565137_22588946",422.822024721001,"-"
"PSPC1","chr1_23692759_23694659",422.819440933427,"-"
"LSM4","chr2_73950732_73958145",422.812556040424,"-"
"RBM3","chr19_5896997_5901334",422.8087915192,"-"
"HNRNPR","chr5_176392945_176397606",422.768944432497,"+"
"SNRNP70","chr1_243286397_243304712",422.730163104535,"+"
"PARN","chr7_26192338_26192494",422.725776154892,"-"
"RBM19","chr3_98881767_98901121",422.719378677957,"+"
"RALY","chr11_10807381_10808704",422.698021072863,"+"
"YBX1","chr13_75569507_75604768",422.696547855992,"-"
"LSM7","chr16_56667377_56667965",422.682432051043,"-"
"LARP4B","chr12_54246215_54252040",422.636753017552,"+"
"LSM3","chr3_122363027_122368175",422.573440448655,"+"
"LSM5","chr16_75294042_75301756",422.560248158127,"-"
"NAA38","chr16_67228881_67228957",422.558634170447,"-"
"CPEB4","chr6_31836517_31837235",422.556066373382,"+"
"RBM17","chr14_103915189_103920939",422.553529537095,"-"
"FUBP3","chr3_121730017_121730847",422.551878238454,"+"
"RBMX","chr8_61638360_61642887",422.537449733109,"+"
"RALY","chr19_35497538_35498597",422.527773504171,"+"
"TRMT2A","chr7_44835658_44840898",422.510255047213,"+"
"RALY","chr15_41349241_41350987",422.501624391022,"-"
"LARP1B","chr2_206162108_206162488",422.49440038542,"-"
"TRMT2A","chr20_36607818_36612009",422.487802428307,"-"
"MEX3C","chr12_79805768_79806165",422.468215390997,"+"
"NAA38","chr3_50326477_50327953",422.419027510291,"+"
"SNRNP35","chr1_212608930_212615017",422.417568972392,"+"
"RBM17","chr1_224365991_224375794",422.40816620786,"-"
"RC3H2","chr19_10177367_10180349",422.386890671488,"-"
"RBMX2","chr3_179616049_179616982",422.374399808579,"+"
"PTBP1","chr6_166322886_166324536",422.368450341349,"+"
"SNRPD3","chr12_131764686_131766117",422.344126328221,"+"
"KRR1","chr4_55600575_55607297",422.310917938759,"+"
"HNRNPH2","chr7_6463175_6469595",422.281288966205,"-"
"RBM27","chr6_31639226_31640198",422.208556952936,"+"
"PARP10","chr5_96740118_96741265",422.179556910469,"+"
"UHMK1","chr8_61644632_61651049",422.176337508838,"+"
"LSM3","chr16_2775625_2776992",422.163333812275,"-"
"EIF4H","chr21_33904021_33909081",422.125448009742,"-"
"CSDE1","chr7_129858941_129879567",422.087737346675,"+"
"EIF3G","chr6_30345929_30346431",422.073730760288,"-"
"LSM7","chr16_66558348_66565885",422.049566486723,"-"
"ZC3H18","chr3_156543269_156544293",421.98508914718,"-"
"SNRPB","chr1_173864304_173865228",421.982410676776,"-"
"MKRN1","chr16_18783102_18788062",421.965441240087,"-"
"PARP14","chr1_20483719_20484366",421.954615075215,"-"
"UHMK1","chr2_85398152_85398689",421.929024728819,"+"
"TARDBP","chr6_159797549_159798051",421.843402894067,"-"
"IGF2BP3","chr19_16646800_16647095",421.812474075407,"+"
"LARP7","chr19_16076697_16081912",421.803326814352,"-"
"PAN3","chr16_75106571_75107732",421.795362026151,"+"
"YBX1","chr19_35505986_35508204",421.747551860144,"-"
"PTBP1","chr17_7017014_7017260",421.706708231823,"+"
"EIF3G","chr1_154990528_154992712",421.67222541342,"+"
"PPP1R10","chr12_117046838_117049018",421.629566395798,"-"
"CNOT4","chr16_69711281_69718122",421.557884665116,"-"
"NAA38","chr9_127449377_127449609",421.542559211399,"-"
"BICC1","chr15_49139653_49144226",421.53292410495,"+"
"LARP6","chr11_134248959_134249166",421.509998785019,"+"
"RC3H2","chr3_196291374_196296005",421.500452009318,"+"
"EIF3G","chr17_4945997_4946811",421.471435858132,"-"
"CSDE1","chr1_28580646_28581110",421.451298978777,"+"
"RALY","chr15_34228589_34229752",421.436729514098,"+"
"PPIE","chr1_20779911_20780344",421.404961010467,"+"
"SNRPC","chr17_42951894_42953723",421.404951867119,"+"
"CSTF2T","chr5_131162676_131164304",421.404348990881,"-"
"SYNCRIP","chr19_48326922_48329351",421.388095809613,"-"
"ZC3H8","chr20_50096820_50113106",421.379895739357,"-"
"HNRNPM","chr10_100984074_100986748",421.377702600406,"+"
"RBM41","chr15_64366075_64376742",421.332605868137,"+"
"CPSF6","chr3_179598771_179601729",421.31549510854,"+"
"HNRNPAB","chr13_75527851_75530113",421.264835123709,"-"
"CPSF4","chr5_171392978_171405301",421.256166293064,"-"
"ZC3H12A","chr9_136724939_136726310",421.253387430666,"-"
"MKRN2","chr11_114443933_114444585",421.236143825635,"-"
"SF1","chr2_200378371_200389222",421.232313204004,"-"
"TTC14","chr12_76060279_76074202",421.197263749917,"-"
"MBNL1","chr12_53295639_53297849",421.192243386108,"+"
"CPSF6","chr20_36607818_36612009",421.168581957332,"-"
"DHX8","chr15_101285801_101286213",421.163933596912,"+"
"RNPS1","chr6_26124749_26138053",421.163841742397,"+"
"HNRNPK","chr7_150803832_150804361",421.144608877067,"-"
"YBX1","chr8_85214631_85217385",421.134837685182,"-"
"LSM5","chr5_140194652_140243304",421.130224477137,"+"
"RBM5","chr12_69353377_69353967",421.124964460932,"+"
"L3MBTL3","chr6_10726008_10730614",421.117456218495,"-"
"HNRNPM","chr7_44115354_44115765",421.08846241855,"-"
"YTHDC1","chr17_31983104_31988319",421.071463348467,"+"
"SNRPB","chr18_49491584_49492274",421.033946689459,"-"
"YTHDC2","chr7_99458355_99460085",421.01868633372,"-"
"LSM3","chr10_94546498_94554125",421.002109735485,"+"
"RBM12B","chr16_634956_635611",421.000778645869,"-"
"RBM5","chr19_19199234_19201648",420.966906372194,"+"
"HNRNPA1","chr1_35605308_35609245",420.925754377398,"-"
"PARP14","chr20_35739017_35740524",420.91909461909,"+"
"LSM3","chr14_67653498_67656415",420.883497006773,"+"
"AKAP1","chr12_52245632_52248139",420.851529129154,"-"
"NSUN6","chr11_6611452_6612063",420.820515065788,"-"
"KHSRP","chr10_38017386_38054374",420.793033688225,"+"
"ELAVL1","chr6_126340399_126346204",420.771418939328,"+"
"RBPMS","chr5_122826193_122827378",420.735107301687,"+"
"SYNCRIP","chr7_150804719_150804826",420.723242094547,"-"
"DKC1","chr6_85637143_85637242",420.720723542852,"+"
"RBM38","chr17_75320550_75321658",420.701439646364,"-"
"SYNJ2","chr19_35505986_35507457",420.675740972458,"-"
"RRP7A","chr20_17660528_17682027",420.650266903322,"-"
"PUM2","chr10_103392283_103392381",420.636367765984,"-"
"CNOT4","chr9_19378511_19378707",420.622195751433,"-"
"CPSF6","chr7_16801803_16804952",420.611148149521,"+"
"POLDIP3","chr8_60558923_60584207",420.609721507572,"-"
"RALY","chr17_48931714_48933204",420.575473395783,"-"
"LENG9","chr19_38803551_38803741",420.542629555747,"+"
"PSPC1","chr14_90397233_90400064",420.519961601303,"+"
"MBNL2","chr7_100435767_100435847",420.517243660697,"+"
"ZC3H15","chr17_41523993_41524142",420.493714800995,"-"
"ZCCHC17","chr17_81239943_81240986",420.491886659894,"-"
"PRR3","chr11_18242819_18245909",420.466398720653,"-"
"ZFP36L1","chr6_7579772_7582641",420.451683079859,"-"
"TRMT2A","chr10_100984074_100986748",420.412394001437,"+"
"SF3A1","chr2_9406905_9408112",420.383734324101,"+"
"UPF3B","chr20_49124587_49135832",420.363959541337,"+"
"DAZAP1","chr17_5426299_5432541",420.348672488458,"-"
"ASCC1","chr10_12035441_12042754",420.329923771088,"-"
"PABPC1","chr1_207339417_207359545",420.326725398164,"+"
"LSM5","chr9_110250190_110250819",420.316892586681,"-"
"YTHDF2","chr8_144355678_144355967",420.295611029059,"+"
"TNRC6A","chr12_53295941_53296453",420.280544894003,"-"
"RBM18","chr15_84670782_84687624",420.261275036841,"-"
"PCBP2","chr12_76049250_76049755",420.247011768157,"+"
"DHX57","chr1_156598121_156598226",420.221506845097,"-"
"SYNCRIP","chr5_77691498_77708241",420.214855893081,"-"
"MBNL2","chr16_3022998_3023232",420.211992115218,"+"
"ZFR","chr8_73946820_73955910",420.191147354477,"+"
"QKI","chr2_197489247_197493323",420.169803665485,"-"
"LARP7","chr20_50084254_50113106",420.168390020402,"-"
"SAMD4A","chr16_4331774_4340919",420.162114799917,"-"
"SETD1B","chr7_498574_501115",420.074107856712,"+"
"EIF3G","chr12_52897618_52898678",420.050534601329,"-"
"RBM47","chr14_35046628_35050032",420.032972530183,"+"
"RBMS1","chr11_66056955_66057268",420.003005960334,"+"
"MCTS1","chr10_119500259_119515508",419.982880668979,"+"
"SAFB2","chr9_35074216_35074370",419.956150941685,"+"
"ZFP36L1","chr3_158704927_158710737",419.952049889882,"+"
"HNRNPAB","chr19_35505986_35508204",419.936213673724,"-"
"MEX3D","chr19_10177367_10180186",419.921334200341,"-"
"RBMX2","chr19_35505765_35510183",419.887920595577,"-"
"PARP14","chr5_163464802_163467700",419.868738214414,"-"
"EIF3B","chr3_158710933_158713796",419.851606242139,"+"
"LSM7","chr2_240134005_240135870",419.848140453086,"-"
"U2AF2","chr13_45339546_45339993",419.811309867609,"-"
"A1CF","chr11_62789426_62789600",419.804448322793,"+"
"CPSF7","chr17_75136250_75148528",419.778409420816,"-"
"KHDRBS1","chr1_67424959_67425082",419.768313346904,"-"
"HNRNPA1","chr19_39433418_39433664",419.753385040025,"-"
"SYNCRIP","chr6_26124749_26127697",419.653995953794,"+"
"YBX1","chr8_144790264_144790354",419.650586189958,"-"
"PARN","chr6_159797518_159798051",419.635642954137,"-"
"SYNJ2","chr16_19715037_19718157",419.612440697027,"+"
"RBM28","chr1_154173201_154182987",419.606981667208,"-"
"IGF2BP3","chr2_200378371_200389222",419.601281164267,"-"
"SYNJ2","chr15_80979477_80981949",419.595320925293,"+"
"EIF3G","chr19_43646548_43652224",419.572860464902,"+"
"SLTM","chr8_100705673_100706650",419.560050779467,"+"
"HNRNPH1","chr3_49022768_49022875",419.553345825094,"-"
"ACIN1","chr4_48894053_48904483",419.518681272666,"-"
"ENOX2","chr5_181237042_181238230",419.51088076863,"-"
"LSM5","chr22_20122421_20125307",419.495668925402,"+"
"RBM10","chr1_183623471_183630460",419.483967500258,"-"
"HTATSF1","chr10_86968605_86970475",419.451493635421,"-"
"LARP1","chr5_133993015_134004646",419.428101934869,"-"
"FXR2","chr14_24138403_24138473",419.417301889665,"-"
"ZFR","chr10_104259798_104262978",419.386848368135,"+"
"YTHDF2","chr5_140300582_140303040",419.351958617595,"+"
"CCAR1","chr19_18433817_18434216",419.322289436951,"+"
"CIRBP","chr17_81891833_81894466",419.313416096135,"+"
"G3BP1","chr17_7017014_7017256",419.311738676391,"+"
"ANKRD17","chr17_9378653_9491828",419.288877777679,"+"
"SYNCRIP","chr4_83458429_83459739",419.276889978582,"+"
"ZC3H15","chr3_50326477_50327953",419.267248833848,"+"
"RBM27","chr16_57173869_57185824",419.26305692568,"-"
"APTX","chr22_50525918_50526245",419.208463969081,"-"
"SNRPC","chr4_56452052_56459371",419.188281412363,"-"
"NOL8","chr3_157151930_157152176",419.174419519292,"-"
"RBM10","chr5_146177665_146182487",419.151239118769,"+"
"PABPC1L","chr16_88646838_88650955",419.13944796109,"-"
"LARP4B","chr1_161100853_161102047",419.128663413827,"-"
"MEX3D","chr14_105479493_105488165",419.111100721831,"-"
"RBM26","chr1_153535360_153536116",419.092413985597,"-"
"ZFP36L1","chr12_110493231_110496011",419.074296705354,"+"
"RBM3","chr19_35546585_35547118",419.068501668451,"-"
"SNRNP35","chr1_153544809_153544957",419.056348451338,"-"
"CSTF2T","chr6_2840594_2841811",419.051075717237,"+"
"RBM10","chr3_129134954_129140367",418.994848346385,"+"
"ACIN1","chr1_15426018_15428592",418.994207021684,"-"
"THUMPD3","chr16_88859972_88860913",418.976570902207,"-"
"RBM7","chr16_635063_635280",418.95003432411,"-"
"CCAR1","chr6_43054486_43058064",418.937431593893,"-"
"ESRP1","chr18_9122681_9126830",418.934568655251,"-"
"HDLBP","chr1_165652035_165654285",418.920227738912,"-"
"TTC14","chr8_144355678_144355967",418.901557709875,"+"
"NAA38","chr19_1599560_1602293",418.894135631136,"-"
"THUMPD2","chr1_153561591_153565505",418.893836652632,"-"
"SRRT","chr15_78283521_78285260",418.887724937151,"+"
"NAA38","chr9_137111754_137111940",418.830907941469,"-"
"HNRNPAB","chr13_75526639_75527812",418.81648335563,"-"
"SLTM","chr1_53228954_53235576",418.797559993841,"+"
"PUF60","chr19_38382237_38383252",418.759246318897,"-"
"ZC3H15","chr6_151305903_151348710",418.74781483345,"-"
"PNO1","chr17_75142093_75146665",418.744168844051,"-"
"LSM3","chr19_36114066_36114176",418.709862383779,"+"
"U2AF2","chr18_79973856_79976717",418.684041789532,"-"
"PNO1","chr2_85396010_85398019",418.649843933269,"-"
"EIF2S1","chr10_133355436_133355737",418.645252772792,"+"
"HNRNPA0","chr16_87402281_87402922",418.637932036014,"+"
"ACIN1","chr19_2324196_2324741",418.63433883092,"-"
"SSB","chr2_174081248_174081923",418.60818215809,"+"
"SUPT6H","chr13_45337388_45338661",418.567672117672,"-"
"TARDBP","chr2_61533903_61537561",418.502948884352,"+"
"TAF15","chr6_159797518_159798051",418.493703495323,"+"
"SAMD4A","chr5_112878835_112902379",418.469880740843,"-"
"RBM5","chr10_104263077_104265911",418.437296603082,"-"
"KIN","chr12_112408656_112409405",418.404448256556,"-"
"RRP7A","chr11_65920462_65920568",418.40355796349,"+"
"ESRP2","chr10_100983817_100986748",418.382085116497,"-"
"TTC14","chr7_87341684_87345042",418.366027484924,"+"
"RBM18","chr5_134744052_134750758",418.316502353191,"+"
"RBM22","chr13_21140995_21146804",418.298032976875,"+"
"RBMX2","chr1_39753052_39753286",418.297875621594,"+"
"FXR2","chr11_533358_533452",418.260946315842,"-"
"LSM4","chr12_55757553_55760550",418.257937802583,"+"
"KHDRBS1","chr2_202297906_202300233",418.233228265875,"+"
"LARP6","chr17_60083766_60085112",418.229366926249,"-"
"AKAP1","chr3_196291374_196296005",418.198340432068,"+"
"DHX8","chr18_9122681_9126830",418.145962430044,"-"
"ZC3H14","chr17_41689069_41690087",418.137050639998,"-"
"SNRPA","chr13_27254281_27256183",418.110007645316,"-"
"LSM5","chr1_20780540_20786648",418.039371476439,"+"
"RBM19","chr19_35505765_35510183",418.02021859276,"-"
"DKC1","chr15_69454348_69455169",418.002045486135,"-"
"SF3A1","chr1_153976775_153976975",417.994706725581,"+"
"TRMT1","chr19_38632678_38634996",417.973353811692,"-"
"RBM10","chr12_55716196_55716932",417.933504621466,"+"
"HNRNPH1","chr3_112995265_112996891",417.928354532526,"+"
"ZFR","chr11_406059_406141",417.870040689537,"-"
"SNRPD2","chr8_60591969_60618579",417.849791381516,"+"
"DKC1","chr6_126340444_126346204",417.814671926045,"-"
"YTHDF3","chr12_69353377_69353967",417.807716360137,"+"
"TTC14","chr16_88643571_88646115",417.803172513833,"+"
"PRR3","chr9_15510329_15510816",417.774460008548,"-"
"ZC3H13","chr10_86968605_86970475",417.748885961552,"-"
"RBM26","chr12_55757553_55789074",417.746336017981,"-"
"ACO1","chr6_27138681_27146015",417.71930189784,"-"
"EIF4H","chr8_97691188_97706625",417.716026205359,"+"
"RBM41","chr12_120695000_120695094",417.704206249809,"+"
"IGF2BP2","chr6_136383781_136388392",417.703265843271,"+"
"LARP7","chr1_168198981_168199902",417.669042082196,"+"
"PPP1R10","chr1_173864304_173865470",417.619319758281,"-"
"RNPS1","chr2_73927052_73958145",417.608286867084,"-"
"RBM23","chr12_101726404_101728900",417.595539930301,"+"
"NOL8","chr5_149517877_149520289",417.589878482031,"-"
"TAF15","chr12_120579412_120579513",417.572247250678,"+"
"UPF3B","chr9_128152284_128152970",417.544885190573,"-"
"FUBP3","chr7_72829783_72831601",417.53118067715,"+"
"PABPC1","chr8_98042784_98044942",417.527362869783,"-"
"HNRNPC","chr16_81087664_81090600",417.515148005219,"+"
"PPP1R10","chr1_224360563_224365878",417.499032174393,"+"
"HNRNPH3","chr18_9119590_9122512",417.493104425457,"+"
"GTF3A","chr18_49490927_49491351",417.485036290299,"-"
"MCTS1","chr19_16076172_16081912",417.468894502176,"-"
"G3BP1","chr12_104988253_104991711",417.466958976947,"+"
"PUF60","chr17_44212006_44212818",417.454343360553,"+"
"RBM10","chr17_44212006_44212818",417.416951317442,"+"
"SNRPA","chr20_63521589_63530785",417.354951462062,"-"
"RBMS2","chr11_251936_252504",417.330869096075,"+"
"RBM39","chr2_231710584_231711347",417.328374677334,"-"
"UNK","chr11_93730447_93730676",417.320256400748,"+"
"PARP14","chr20_17660528_17679994",417.315306977688,"-"
"MTHFSD","chr15_40037018_40038281",417.294499643339,"+"
"KIN","chr8_143575345_143575422",417.293464996884,"-"
"SFPQ","chr1_1787053_1787321",417.206564022422,"+"
"SYNCRIP","chr12_110436204_110437083",417.206130637025,"-"
"PABPC4","chr17_76735158_76736153",417.20513087229,"+"
"RBM17","chr7_150803832_150804826",417.203774274883,"-"
"PUF60","chr17_39202439_39204085",417.198164390675,"-"
"ZRANB2","chr11_66285758_66287597",417.150429942858,"+"
"PCBP2","chr15_41349241_41350990",417.126265097244,"-"
"SAFB","chr11_93730712_93731149",417.040454837736,"+"
"THUMPD2","chr10_32935558_32936349",417.00132691815,"-"
"MKRN1","chr9_136850137_136850505",416.966820321021,"-"
"YTHDF3","chr19_35510252_35510378",416.95788959803,"+"
"CCAR1","chr22_36511000_36511502",416.926620076173,"+"
"BICC1","chr3_133575115_133584001",416.91669144696,"+"
"ZC3H3","chr16_15867516_15879803",416.914147443644,"+"
"CSDE1","chr5_53484293_53484996",416.891011985074,"-"
"CNOT4","chr9_133349671_133351001",416.85904082498,"-"
"MCM3AP","chr17_51168343_51181043",416.847232654532,"-"
"DKC1","chr16_635340_635611",416.846751603054,"+"
"ZC3H15","chr18_49491584_49492274",416.820049952312,"-"
"LARP1B","chr20_17660528_17679994",416.79080405708,"-"
"MKRN1","chr19_58388245_58392975",416.754772874849,"+"
"TRA2A","chr1_54212658_54216140",416.747439220851,"+"
"ELAVL1","chr7_99458355_99460085",416.734473081632,"-"
"ZRANB2","chr12_121347881_121352133",416.726386501933,"+"
"RRP7A","chr9_35679342_35680752",416.705392537215,"-"
"RBM7","chr20_63697191_63698279",416.703446705101,"-"
"LARP1","chr18_74253665_74255740",416.683772912658,"+"
"RBPMS","chr1_159965645_159976643",416.674280623826,"+"
"HNRNPA3","chr15_92997403_92998498",416.620280164977,"+"
"SFPQ","chr20_56388202_56392153",416.619752546721,"-"
"TIAL1","chr8_51820718_51831443",416.571778676333,"+"
"PSPC1","chr5_133993018_134004646",416.551016440569,"-"
"ESRP2","chr9_34614132_34614709",416.542801492008,"-"
"PAN3","chr4_108620712_108621950",416.533487054544,"-"
"TOE1","chr3_183833589_183840569",416.517709350667,"-"
"FUBP1","chr18_49491833_49492457",416.509729586133,"-"
"MKRN1","chr8_73959818_73972076",416.505422918834,"-"
"TRMT1","chr10_1005907_1007017",416.496877861033,"+"
"RBM15","chr12_32747363_32749936",416.487226422993,"+"
"RBM3","chr5_149513209_149517793",416.464506363019,"-"
"RBM17","chr15_51829836_51834993",416.422004607893,"-"
"GTF3A","chr21_33907453_33909081",416.419610959707,"+"
"RBM39","chr19_49660828_49661947",416.411424820391,"+"
"PAN3","chr10_121959595_121960357",416.395228906509,"+"
"SNRPB2","chr2_223765350_223775900",416.393302432127,"+"
"SNRPE","chr8_85219363_85220305",416.352541802442,"+"
"PARP10","chr7_87341684_87345304",416.343613637452,"-"
"SSB","chr1_151266112_151266307",416.29496627911,"+"
"LSM3","chr3_119675233_119677203",416.294551662161,"+"
"ZCRB1","chr20_62387088_62387320",416.279243090311,"-"
"RRP7A","chr4_83458429_83459739",416.261875673208,"+"
"EIF4H","chr18_2960849_3013086",416.256397051497,"+"
"HNRNPA1","chr1_173864304_173865470",416.251853460539,"-"
"POLDIP3","chr1_228147703_228148664",416.237907460852,"-"
"POLR2G","chr4_39458598_39458890",416.226326818603,"+"
"SYNJ1","chr3_183833589_183833723",416.212428333878,"-"
"THUMPD2","chr2_175179135_175180097",416.211435062105,"-"
"YBX1","chr14_24143671_24144191",416.204514822063,"-"
"LSM4","chr19_38290280_38290517",416.19155395708,"-"
"LARP1","chr14_22575233_22588946",416.188849233248,"+"
"RBM4B","chr9_35660647_35660773",416.156877480532,"-"
"RBM12","chr12_50427909_50428916",416.12932557233,"-"
"ZCCHC17","chr19_40775669_40776968",416.117356077018,"-"
"RC3H2","chr1_67424959_67425082",416.066295092291,"+"
"IGF2BP3","chr11_532522_532651",416.062043748259,"-"
"RBM19","chr8_98042775_98044942",416.032195788352,"-"
"HNRNPH3","chr19_10177367_10180349",415.983405699427,"+"
"HNRNPH1","chr12_96003064_96003837",415.981515888878,"+"
"PNPT1","chr16_69711281_69714963",415.959598543691,"-"
"SF1","chr2_74527059_74527247",415.911972936898,"-"
"PUM2","chr1_159961405_159976643",415.904751570588,"-"
"LARP4","chr2_186502587_186504031",415.888931101516,"+"
"RBM18","chr19_35505986_35509910",415.879122456431,"-"
"SRRM2","chr13_75804541_75817160",415.854645331823,"+"
"CIRBP","chr20_6116044_6119403",415.854253842958,"+"
"RBM3","chr11_31453092_31456259",415.847925124033,"-"
"ZC3H3","chr12_122511188_122513766",415.83984870984,"-"
"LSM3","chr20_45470532_45471486",415.804101769262,"-"
"ACO1","chr12_53295639_53298044",415.767373488782,"-"
"LSM5","chr14_54418306_54419991",415.758316055117,"-"
"ESRP1","chr5_69177349_69177523",415.748605102873,"+"
"HNRNPL","chr16_18788155_18788980",415.74506459723,"-"
"KIN","chr19_35166171_35169565",415.727241272916,"-"
"PNPT1","chr4_152870848_152872451",415.598576896065,"+"
"TRA2B","chr12_94971620_95002738",415.591926385915,"+"
"SETD1B","chr2_70288192_70293617",415.578993002107,"-"
"SF3B4","chr11_66284966_66285700",415.574687017188,"+"
"RNPS1","chr17_82485654_82487915",415.484822187936,"+"
"MCTS1","chr12_56311414_56314850",415.465075676778,"+"
"SAMD4B","chr19_35508240_35509910",415.463436146237,"+"
"SNRPA","chr2_70288192_70293617",415.459104391421,"-"
"THUMPD3","chr7_99458355_99460085",415.398285622285,"-"
"G3BP2","chr19_582582_582749",415.394676400524,"+"
"IGF2BP3","chr15_58894582_58897114",415.38662001256,"+"
"SRRM1","chr3_30606977_30644746",415.376823438231,"+"
"ZC3H18","chr17_82485654_82487915",415.356753490018,"+"
"EIF4B","chr7_26201561_26202970",415.356507002259,"-"
"SAMD4B","chr12_94971620_95002738",415.340640950679,"+"
"RBM3","chr9_108999256_109013301",415.334923831037,"+"
"RBMXL1","chr6_5186980_5216617",415.207184854895,"-"
"ZFP36","chr13_30463694_30465072",415.184320390468,"-"
"NOL8","chr9_37588932_37592411",415.176367788037,"+"
"SRRT","chr14_67651481_67653436",415.118857072952,"+"
"POLR2G","chr11_47618919_47622700",415.104922187839,"+"
"CSTF2","chr3_50326477_50327037",415.094868758206,"-"
"CIRBP","chr16_66558348_66563102",415.090307276952,"-"
"ZRSR2","chr16_80976179_80980769",415.072473275674,"+"
"POLR2G","chr1_171512200_171512994",415.06801818617,"-"
"RBM18","chr11_62833131_62833791",415.055812286455,"+"
"PCBP2","chr1_183633154_183635516",415.053072765459,"+"
"DAZAP1","chr6_2838686_2840418",415.034289345832,"+"
"RBMX2","chr14_54411706_54415898",415.034273136117,"+"
"ZCCHC17","chr16_27225236_27225725",414.988334652202,"+"
"PDCD11","chr5_151751779_151753814",414.976714864889,"-"
"LSM11","chr17_77190952_77191213",414.974491738765,"-"
"RRP7A","chr20_62139197_62139695",414.964651613516,"-"
"IGF2BP3","chr2_229860531_229879981",414.961238648334,"+"
"RBMS2","chr8_127187884_127188044",414.959102099152,"+"
"TAF15","chr8_56301573_56305596",414.931113961345,"+"
"RRP7A","chr12_6492972_6493250",414.898534738147,"-"
"APTX","chr4_673401_673911",414.875175803184,"+"
"EIF3G","chr7_23301017_23307867",414.862718677894,"+"
"TTC14","chr2_197501549_197503038",414.844192503166,"-"
"MBNL1","chr11_47622776_47627079",414.829183768032,"-"
"EWSR1","chr19_44794281_44800380",414.790395526665,"+"
"POLR2G","chr14_22830254_22830963",414.784189074796,"-"
"RBMX2","chr19_14471426_14471580",414.762521577991,"-"
"LSM4","chr15_74929232_74937914",414.762104215782,"+"
"LEMD3","chr14_70329236_70342657",414.757147980687,"+"
"U2AF2","chr19_44800274_44800380",414.719222357902,"-"
"MCM3AP","chr3_101682509_101682770",414.702545835271,"-"
"UPF1","chr7_35873775_35879595",414.658915619405,"-"
"UNK","chr11_85654234_85655593",414.643773968864,"-"
"HNRNPA1","chr19_49489912_49490231",414.594880660133,"-"
"ZC3H15","chr20_49124587_49135832",414.582690993767,"+"
"YBX1","chr10_12167811_12170716",414.500466270326,"+"
"HNRNPR","chr1_203861713_203862189",414.493610628133,"-"
"RBM43","chr8_61682483_61684038",414.485890453537,"-"
"LSM3","chr14_77708208_77710837",414.484799145914,"+"
"LSM4","chr9_110250190_110250819",414.456975091744,"-"
"PNPT1","chr17_51160081_51161159",414.445447356609,"+"
"ASCC1","chr6_34421807_34422236",414.43384590611,"-"
"ASCC1","chr15_84670069_84680712",414.421384815616,"-"
"GRSF1","chr7_23307949_23309355",414.411239170743,"+"
"TRA2A","chr11_251936_252504",414.396510272577,"+"
"RBM12B","chr19_4324667_4325215",414.368905527903,"-"
"GTF3A","chr1_203862222_203863662",414.366369198518,"+"
"HNRNPM","chr19_40448046_40458154",414.323797243752,"-"
"PNO1","chr18_56603056_56610992",414.322009037327,"+"
"SF3B4","chr17_6641227_6641752",414.297889947802,"+"
"AKAP1","chr5_149520388_149550074",414.275591467575,"-"
"CSTF2","chr17_75574260_75574452",414.274635553067,"-"
"CARHSP1","chr19_36114412_36114797",414.263135727288,"-"
"NSUN6","chr11_10807381_10808276",414.262862783318,"-"
"EIF4B","chr20_35699456_35699632",414.228950094264,"+"
"EWSR1","chr3_179588995_179592643",414.213683245251,"+"
"SNRPB","chr19_38632496_38634992",414.167347030858,"-"
"UNK","chr9_133350319_133350719",414.16001716262,"-"
"NAA38","chr12_52237569_52238679",414.140625532216,"+"
"ZC3HAV1L","chr2_190205232_190208879",414.135216780707,"+"
"SNRPA","chr1_31908959_31910037",414.131836574352,"-"
"GRSF1","chr12_117046838_117049018",414.127586464035,"+"
"SRRM2","chr6_85637143_85637242",414.121684351173,"+"
"ZC3HAV1","chr10_118336423_118341726",414.11729990832,"+"
"YBX1","chr10_123162828_123163819",414.11575005358,"-"
"RBM28","chr15_78283521_78285260",414.102799308695,"+"
"RBM17","chr5_74770810_74773867",414.097557762119,"+"
"TRNAU1AP","chr5_176384374_176385220",414.091109386524,"+"
"HNRNPK","chr5_171400925_171405301",414.077996307724,"-"
"MSI2","chr10_118311313_118326153",414.075406319651,"+"
"ZC3H18","chr12_27387320_27389178",414.053472985142,"+"
"TRA2A","chr8_96231515_96231773",414.051915208776,"-"
"ZC3H15","chr7_74664576_74689123",413.993595280843,"-"
"ACIN1","chr4_189952287_189953067",413.993584378995,"+"
"RBM47","chr11_47622776_47627079",413.972056065694,"-"
"PNPT1","chr11_47569891_47571470",413.967406273961,"-"
"ELAVL1","chr11_67585241_67586388",413.959018062793,"-"
"TRNAU1AP","chr1_155319688_155320408",413.958277455449,"-"
"YBX1","chr3_108047292_108057476",413.923390810072,"-"
"CSTF2T","chr9_110244843_110256411",413.898080998416,"-"
"LSM4","chr7_73694050_73697604",413.891321513401,"+"
"PARP14","chr15_88639594_88652169",413.891141017511,"-"
"RBM33","chr10_80157763_80157966",413.863145322354,"+"
"CNOT4","chr12_103966060_103976917",413.857377650226,"+"
"PAN3","chr2_237720822_237748363",413.844899037761,"-"
"HNRNPA0","chr8_143575093_143575422",413.7725563555,"-"
"RBM15","chr6_33290244_33290715",413.761094140824,"-"
"ACO1","chr12_124913092_124913320",413.753785075832,"-"
"RBM22","chr17_40628993_40630713",413.722495195612,"+"
"ZCRB1","chr7_26191128_26192494",413.702608472109,"-"
"YTHDC1","chr16_4343291_4351231",413.668568612955,"+"
"YTHDF2","chr17_75148671_75154341",413.659837516792,"+"
"SNRPB","chr10_71822007_71823887",413.611607099095,"+"
"LARP1B","chr7_73835002_73841069",413.583172808611,"-"
"SNRPB2","chr6_33701420_33711548",413.543240632596,"+"
"SNRPD2","chr2_237708630_237719522",413.536773234355,"-"
"KIN","chr10_118336423_118341726",413.503349588127,"+"
"ZFP36L2","chr2_85596931_85597103",413.461669786258,"+"
"LARP1B","chr3_179588995_179593764",413.457790371166,"-"
"SNRPB2","chr15_58913696_58916934",413.442656276499,"+"
"GRSF1","chr1_24646789_24648858",413.424605635322,"+"
"PABPC4","chr12_76053110_76053204",413.404042129678,"+"
"RC3H1","chr14_67653498_67656415",413.398623927762,"+"
"YTHDC1","chr15_74920442_74929115",413.353759632567,"-"
"LSM4","chr11_59853321_59854651",413.332148559885,"+"
"NIP7","chr3_98849598_98867290",413.318188491871,"-"
"RBM3","chr2_200384017_200389222",413.309979296767,"+"
"EIF4B","chr2_200384017_200389222",413.281449845751,"-"
"IGF2BP2","chr2_181900904_181901765",413.275324278076,"+"
"ESRP1","chr9_19376589_19378367",413.254164354074,"+"
"LSM7","chr1_1405886_1406225",413.253027483195,"-"
"PPRC1","chr7_74189918_74194740",413.239705152111,"+"
"EIF4H","chr19_16076172_16081912",413.233478656431,"-"
"PAN3","chr11_134248484_134249166",413.228786954843,"-"
"ACO1","chr17_7017014_7017260",413.216651934703,"+"
"SNRPD1","chr10_32932600_32933481",413.201765741875,"-"
"GTF3A","chr4_56452052_56453602",413.19748128985,"+"
"RBM12B","chr17_50737026_50740305",413.16439298307,"+"
"RBM47","chr1_28580646_28581110",413.138514878243,"+"
"RBM42","chr5_154957212_154959979",413.106154002255,"+"
"MKRN1","chr2_237739309_237748363",413.066779182102,"-"
"TTC14","chr20_37234095_37236579",413.051447026414,"+"
"HNRNPC","chr16_18789118_18789896",413.034001043674,"-"
"DUS3L","chr8_38264604_38266140",413.023331082651,"-"
"FUBP1","chr11_66284966_66285700",413.021511681587,"+"
"TRA2A","chr16_1349952_1350057",412.968783168783,"+"
"EIF4H","chr13_75527851_75530113",412.952730032604,"-"
"RALY","chr6_12290693_12292340",412.949632117382,"+"
"SNRPB","chr2_70288192_70293617",412.938615206237,"-"
"MSI2","chr3_121730017_121730847",412.915916121966,"-"
"UNK","chr3_193617285_193618868",412.903863352149,"+"
"EWSR1","chr17_81894624_81899919",412.891764633824,"-"
"EIF2S1","chr14_103123951_103126309",412.847671165007,"+"
"PSPC1","chr5_96722698_96729152",412.837807576187,"-"
"LSM6","chr6_109369017_109376073",412.837041651591,"+"
"SSB","chr3_98849598_98867290",412.807153530027,"-"
"DHX8","chr8_60558923_60584207",412.786834991293,"-"
"PNPT1","chr17_38450723_38451625",412.770865567276,"+"
"ENOX2","chr16_69713129_69714963",412.737825006161,"-"
"GTF3A","chr1_46303820_46310154",412.706640479749,"-"
"ZC3H15","chr6_70668141_70732377",412.700946901722,"+"
"SUPT6H","chr12_53034709_53037408",412.684437726755,"+"
"PPIE","chr10_104259798_104266083",412.648685682605,"-"
"ZFP36L1","chr19_44794281_44800380",412.614746611624,"+"
"TRNAU1AP","chr8_56305722_56306675",412.595316728145,"+"
"RBM22","chr19_19526260_19527700",412.59380815031,"-"
"ZC3HAV1L","chr15_49137437_49139527",412.578353414979,"+"
"LEMD3","chr10_32305931_32346762",412.577435809016,"+"
"RBM47","chr20_41029455_41061393",412.563070330497,"+"
"ELAVL1","chr17_39203109_39204049",412.529029646087,"-"
"SART3","chr15_83005692_83008547",412.509145313296,"+"
"YBX1","chr20_50096820_50113106",412.505882830159,"+"
"HNRNPA3","chr18_79973856_79988239",412.499841837493,"+"
"UHMK1","chr2_218234397_218249363",412.496605303057,"-"
"DHX8","chr20_17660528_17679994",412.483231164997,"-"
"DNAJC17","chr13_27445156_27450063",412.476184100398,"-"
"SNRNP35","chr6_138406033_138412879",412.469661166053,"-"
"RBM3","chr8_15748465_15758029",412.464006756869,"-"
"ZFP36L1","chr3_30606977_30644746",412.433800017434,"+"
"TNRC6A","chr2_73950732_73958145",412.34306621614,"-"
"CPEB4","chr10_100983817_100986748",412.328117686565,"+"
"FUBP3","chr12_122753807_122762186",412.327405470666,"+"
"TOE1","chr1_153626533_153632033",412.322025805033,"-"
"TRMT1","chr3_122359919_122368175",412.316764942232,"-"
"PPP1R10","chr5_32594872_32598960",412.225704475519,"-"
"HNRNPAB","chr19_35497538_35497646",412.205209927912,"+"
"TIAL1","chr13_27445156_27450508",412.203107013054,"+"
"SAMD4A","chr6_29830410_29830552",412.193647286031,"+"
"SNRPC","chr1_23692759_23694659",412.166804575205,"-"
"ZFP36","chr5_178150993_178153490",412.166475092919,"+"
"EWSR1","chr20_45470532_45479985",412.157477995752,"-"
"HNRNPH1","chr1_173864704_173865470",412.097964230626,"-"
"APTX","chr10_97436551_97437190",412.043052807034,"+"
"ACO1","chr12_117046838_117049018",412.010446231727,"+"
"SF3B4","chr17_44212006_44212343",411.988788706944,"-"
"HNRNPAB","chr19_10177367_10180186",411.976437457236,"-"
"LARP6","chr13_72781003_72781604",411.976375158744,"+"
"SRRM1","chr14_22567164_22575058",411.973035716393,"-"
"MCM3AP","chr11_33710343_33713378",411.957467080349,"-"
"RBM22","chr5_65529199_65542801",411.930398549561,"+"
"ZFP36L1","chr16_634797_635280",411.897875605023,"+"
"RBMX2","chr1_53228954_53233541",411.896147031738,"-"
"QKI","chr2_101860986_101864929",411.86492920104,"+"
"QKI","chr11_65538324_65538441",411.842333617444,"+"
"TNRC6A","chr19_4501317_4501910",411.781817405632,"+"
"LSM3","chr12_54246215_54252040",411.756948385886,"+"
"HNRNPK","chr14_34605717_34608029",411.754718989433,"+"
"RBM22","chr10_32935558_32951674",411.751509269584,"-"
"RBM42","chr13_21145284_21146804",411.748869384988,"-"
"ACIN1","chr12_56673065_56687997",411.747145801766,"+"
"RBPMS","chr6_43054486_43055896",411.741214611092,"+"
"FXR2","chr15_60364523_60386027",411.703450155352,"-"
"SNRPD1","chr14_54417951_54419991",411.703378144607,"+"
"ZC3HAV1","chr6_43055618_43055896",411.696801841319,"+"
"NIP7","chr19_43649143_43652224",411.658211896559,"-"
"TRMT2A","chr20_49283003_49289044",411.657681944487,"-"
"RNF113A","chr3_131501715_131502848",411.648537674025,"-"
"ESRP1","chr1_165652035_165655367",411.648414443237,"-"
"TRNAU1AP","chr19_41860494_41860774",411.60436620568,"-"
"L3MBTL3","chr16_29847271_29847761",411.592428722279,"-"
"ZFP36","chr8_73959818_73972076",411.587050948312,"+"
"YTHDF2","chr16_635340_635611",411.566206926986,"+"
"HNRNPA3","chr6_85538864_85541984",411.529376406273,"+"
"LSM3","chr16_81017385_81017757",411.528880713788,"+"
"EIF2S1","chr1_53928440_53930038",411.522614330552,"+"
"KHSRP","chr8_60591969_60618579",411.5107914171,"+"
"SF3B4","chr13_110641608_110642314",411.488490321582,"+"
"MBNL3","chr11_66056955_66057268",411.480696245053,"+"
"BICC1","chr7_74189918_74194740",411.480341012003,"+"
"RNPC3","chr12_52243137_52245489",411.465332369436,"-"
"SLBP","chr9_35100172_35100931",411.455889437639,"-"
"CNOT4","chr12_79621207_79689728",411.45442942075,"+"
"DAZAP1","chr15_69453020_69453649",411.442092551545,"-"
"IREB2","chr2_229860531_229879981",411.43272900787,"+"
"SNRPB","chr16_10768032_10769046",411.403012908545,"+"
"PPIL4","chr17_16440253_16441073",411.293300455281,"+"
"PPIL4","chr2_197489247_197493323",411.288314302244,"-"
"RBM18","chr12_6975148_6975695",411.28632237713,"-"
"RBM17","chr11_62433891_62491731",411.273975424712,"+"
"RBM12","chr4_82359639_82373445",411.268960710909,"-"
"SNRPD1","chr2_197503128_197503225",411.260479641688,"-"
"RBMS1","chr1_156055425_156058314",411.259819180403,"-"
"LSM4","chr17_75320553_75321658",411.249355933556,"+"
"RBM17","chr3_98849598_98881539",411.242585130493,"+"
"LARP1","chr1_207091820_207098149",411.220782569509,"+"
"RBM3","chr22_37677065_37678482",411.217281651318,"+"
"ZCCHC17","chr21_32602367_32603160",411.161874557944,"+"
"MBNL1","chr19_35505986_35510183",411.14671671931,"-"
"SYNCRIP","chr14_35046628_35050032",411.144854542098,"+"
"ZCCHC17","chr2_240134005_240136221",411.110817124137,"+"
"DUS3L","chr12_57303217_57310263",411.105195171728,"+"
"YTHDF2","chr1_35609408_35631273",411.098370818258,"+"
"ACO1","chr19_1438892_1439967",411.09167990323,"-"
"CIRBP","chr5_96726859_96727488",411.090175708291,"-"
"TRMT1","chr17_8377692_8378588",411.062573344374,"-"
"RRP7A","chr19_38290575_38291839",411.044530447596,"+"
"LARP1","chr1_171512200_171512994",411.043115007562,"-"
"TRA2A","chr12_56116930_56117188",411.036493921467,"-"
"YTHDF3","chr20_37230059_37232295",411.016502850079,"+"
"LARP1B","chr2_26034735_26098661",411.009592529865,"+"
"HNRNPK","chr9_111570209_111574733",411.008145691588,"+"
"RC3H2","chr12_6944565_6945770",411.005717205969,"-"
"HNRNPA1","chr1_92839177_92840550",410.986355512713,"-"
"HNRNPH3","chr6_159797369_159798051",410.985880473355,"-"
"RBM7","chr9_110244843_110256411",410.972985370237,"-"
"BICC1","chr6_132815088_132816460",410.97190323218,"+"
"EIF3B","chr20_36607818_36612009",410.95149530077,"-"
"HNRNPK","chr6_10751234_10755141",410.947625626301,"+"
"ALKBH8","chr11_764012_764287",410.925973423335,"-"
"RBM12","chr20_408779_409880",410.902784655916,"+"
"SAFB2","chr21_44967181_44973196",410.902085625729,"+"
"GRSF1","chr1_173864304_173865228",410.894803550592,"-"
"RBMS2","chr15_41388522_41394858",410.862652767583,"+"
"SRBD1","chr2_237708630_237748363",410.845134664738,"-"
"TNRC6A","chr17_75042277_75046924",410.827651896748,"-"
"YTHDC1","chr5_139600435_139623367",410.820461859378,"-"
"GRSF1","chr1_203862222_203865040",410.798129517315,"-"
"ANKHD1","chr3_37096660_37129062",410.795219721311,"-"
"POLR2G","chr3_158600173_158602806",410.75768622522,"+"
"EIF2S1","chr16_31201841_31202416",410.748240214402,"+"
"RNF113A","chr2_237552437_237553565",410.741457078757,"+"
"DAZAP1","chr9_93110721_93112217",410.738302072843,"+"
"BICC1","chr6_132815088_132816460",410.721015587485,"+"
"YTHDC2","chr15_60386086_60396150",410.652274207138,"-"
"LSM4","chr17_16463317_16463718",410.634111382926,"+"
"ZCCHC17","chr10_123162828_123165046",410.619753544399,"+"
"DAZAP1","chr17_75039271_75042180",410.607303507277,"-"
"SETD1B","chr16_89873859_89878460",410.594152736256,"-"
"DAZAP1","chr15_25405502_25409087",410.568773581238,"+"
"PNPT1","chr8_144790264_144790354",410.565078521316,"-"
"LARP1","chr19_41861560_41869030",410.497648211111,"-"
"SRRT","chr19_45522581_45522720",410.485596129187,"+"
"RBM25","chr3_122359919_122362967",410.470737895514,"+"
"UPF1","chr16_635340_636093",410.455609505729,"-"
"HDLBP","chr2_86207327_86210479",410.450262832901,"+"
"EIF4H","chr12_94994257_94997307",410.442195713725,"-"
"TRNAU1AP","chr20_6116044_6119420",410.435370659988,"-"
"HNRNPK","chr2_231463316_231464142",410.42398236852,"-"
"RBM15B","chr17_59131367_59155130",410.397262272049,"+"
"PUF60","chr16_1349608_1349888",410.35841198806,"+"
"ANKRD17","chr5_112887183_112902379",410.342220193692,"+"
"NIP7","chr9_127714282_127714378",410.33976783208,"-"
"PPIE","chr1_155737063_155738156",410.322069797758,"+"
"RBM23","chr1_207339417_207359545",410.319277067556,"+"
"CPSF4","chr6_43054486_43055544",410.274280242135,"+"
"RBM14","chr19_582578_582749",410.215284466155,"-"
"EIF4B","chr17_75320550_75321658",410.205190551591,"-"
"TAF15","chr8_53993755_53999944",410.162053063004,"+"
"PPP1R10","chr18_21622801_21623870",410.149416072636,"-"
"SYNJ2","chr2_218228796_218245419",410.118683166759,"-"
"RBM12","chr19_32581700_32582194",410.109470728383,"-"
"CCAR1","chr4_56452052_56459371",410.097323200124,"-"
"SNRPC","chr7_73694050_73697604",410.092222084666,"+"
"ZC3H12C","chr1_39561122_39561727",410.087852261976,"-"
"CPSF4","chr1_224360563_224365878",410.056569725513,"+"
"EIF2S1","chr6_29830410_29830767",410.053085000549,"+"
"RBMX2","chr2_200329480_200372108",410.04900360484,"-"
"L3MBTL3","chr8_27752587_27756718",410.044725289375,"+"
"DUS3L","chr9_37588932_37592309",410.04098097019,"-"
"RBMS2","chr6_143333445_143339638",410.010912368398,"+"
"SAFB","chr14_64926080_64932137",410.00272241917,"+"
"ZC3H13","chr12_117039210_117049018",409.997409599639,"-"
"HELZ","chr2_200378371_200389222",409.9440273152,"-"
"LSM6","chr4_139678642_139695196",409.939683755051,"+"
"SUPT6H","chr12_56724523_56724961",409.909515004307,"-"
"FXR1","chr16_88643571_88644247",409.894116689429,"-"
"ZFP36","chr18_59157665_59158631",409.890284401751,"+"
"GRSF1","chr16_66552793_66558189",409.886269074561,"+"
"RBM7","chr11_74965117_74965762",409.875989772308,"+"
"RBM23","chr2_32023474_32029593",409.836728717083,"-"
"SNRNP70","chr15_78880579_78884966",409.799128629621,"-"
"RNPC3","chr11_119017545_119018281",409.794418045732,"-"
"PPIE","chr18_79973856_79977597",409.788449506132,"+"
"HELZ","chr7_5229705_5230834",409.78205621169,"-"
"TMEM63A","chr16_69715077_69718122",409.77254791879,"+"
"ZC3HAV1L","chr8_73955761_73955910",409.751290916418,"-"
"RBM8A","chr5_32591685_32598960",409.73752332497,"+"
"EIF2S1","chr15_43793083_43793686",409.720191489618,"-"
"UNK","chr13_27254281_27255300",409.711698278984,"-"
"PABPC1L","chr7_74658068_74664457",409.703067730354,"-"
"TNRC6A","chr8_97691188_97706625",409.696830306742,"-"
"SAFB","chr17_59112345_59131280",409.695418050674,"+"
"SRRM2","chr7_26190460_26192494",409.691829190222,"-"
"TAF15","chr8_61638363_61642887",409.650152157566,"+"
"HDLBP","chr1_159961405_159976643",409.625928740861,"-"
"RBMX2","chr1_63486773_63490082",409.621358727997,"+"
"CCAR1","chr5_96702915_96722638",409.615967604443,"-"
"RBMXL1","chr10_31852597_31861394",409.607152852099,"-"
"ZC3H13","chr16_66558348_66565885",409.605144900729,"+"
"SRRM1","chr10_32933583_32935491",409.588404887152,"-"
"SNRPE","chr11_9474024_9474549",409.558238462034,"+"
"LARP4B","chr2_227352573_227355676",409.544708560019,"-"
"FXR1","chr8_100288267_100300527",409.537844035892,"+"
"GTF3A","chr10_14530515_14553321",409.512922218076,"+"
"ZC3H7A","chr11_63583102_63590099",409.480488439693,"-"
"FUS","chr4_55600575_55607297",409.420432817733,"+"
"PTBP1","chr8_96233227_96235523",409.391462494688,"-"
"ZC3H14","chr11_61790599_61792555",409.387435783794,"-"
"CCAR1","chr12_10702131_10704050",409.35622322319,"-"
"RBM10","chr9_110244843_110251357",409.349224848651,"-"
"SNRPA","chr19_5690389_5690505",409.335214248246,"-"
"RNPS1","chr1_70228555_70232267",409.326220775545,"+"
"SNRPF","chr6_10751234_10755141",409.322839930663,"+"
"APTX","chr4_108620712_108621950",409.322797530866,"-"
"FUBP1","chr20_44887742_44901530",409.30682338734,"+"
"RBM19","chr4_83458429_83459739",409.292323437482,"+"
"LSM4","chr14_52001866_52004239",409.277676908168,"-"
"LEMD3","chr8_56301573_56303937",409.253759706777,"+"
"HNRNPD","chr20_35740597_35740823",409.229551054304,"+"
"RRP7A","chr2_70281684_70288067",409.199306637891,"+"
"ZC3H8","chr6_136383781_136388392",409.165380698834,"+"
"RBM3","chr9_111563231_111564156",409.150737992288,"-"
"LARP7","chr7_22818048_22822153",409.121574164354,"-"
"PNPT1","chr1_156333643_156334712",409.117279450681,"+"
"RBM3","chr8_144098994_144099276",409.06142041328,"-"
"CSDE1","chr19_35116359_35119362",409.056048510466,"+"
"RC3H2","chr3_167720273_167734805",409.030846224783,"+"
"TRA2A","chr5_136152758_136153591",409.019577690866,"+"
"ESRP2","chr22_40953633_40967798",409.014115441129,"-"
"PPRC1","chr19_10110866_10110944",409.009074614252,"+"
"CSDE1","chr16_634956_635611",408.992053427272,"-"
"YTHDF2","chr17_16439703_16440184",408.970002776996,"+"
"ESRP1","chr1_165652035_165655367",408.900373608587,"-"
"FUBP1","chr6_158776504_158784643",408.897310978991,"-"
"RBM7","chr19_2271954_2272804",408.893386729753,"-"
"MEX3C","chr1_153620558_153626319",408.890269885915,"-"
"MCTS1","chr17_7016525_7016909",408.860295686028,"+"
"ZC3H4","chr16_14672749_14688164",408.853992489713,"+"
"HNRNPH2","chr12_117046838_117048680",408.805960149952,"-"
"RBM42","chr2_218239484_218249363",408.78888106175,"-"
"HNRNPH3","chr12_56673065_56687997",408.787670064303,"+"
"RBMX2","chr3_143016371_143016841",408.785200560808,"+"
"TRA2A","chr6_13793947_13798832",408.766049931588,"+"
"RBM17","chr15_63044152_63056984",408.758621076748,"+"
"TNRC6A","chr16_83256_85400",408.693022397137,"+"
"ZRANB2","chr11_63998872_63998954",408.690732390511,"+"
"IGF2BP2","chr8_98042775_98045346",408.679549526497,"-"
"PABPC4","chr6_85677492_85677794",408.678928824551,"+"
"ZC3HAV1","chr6_43055618_43055896",408.641218633338,"+"
"RBM8A","chr19_35505986_35507457",408.633403344273,"-"
"RBM42","chr8_61644632_61651049",408.617308388311,"+"
"MEX3D","chr6_12290693_12292340",408.611056842106,"+"
"MTHFSD","chr3_28316423_28319508",408.603626867739,"-"
"ASCC1","chr6_33701420_33710694",408.582066449957,"-"
"ZRANB2","chr2_200306601_200329430",408.56433871112,"-"
"YTHDC1","chr8_56301573_56303937",408.525363413442,"-"
"FUS","chr20_36609758_36612009",408.4971867444,"-"
"NCL","chr7_74658068_74689123",408.48124417064,"+"
"DNAJC17","chr6_36598983_36601151",408.441230175326,"+"
"MKRN2","chr4_55616385_55630401",408.423646435632,"-"
"RBM3","chr7_26192338_26192494",408.416913392469,"+"
"SRRM1","chr19_45522581_45522720",408.405202194695,"+"
"TNRC6A","chr6_143335119_143339638",408.390002218778,"-"
"SNRPG","chr2_240134005_240136221",408.337376886649,"+"
"DHX8","chr5_132488025_132489391",408.321368008345,"+"
"HELZ","chr1_212442625_212444338",408.300228199387,"+"
"SNRNP70","chr19_35505765_35505938",408.282656268155,"+"
"EIF3G","chr1_36457981_36460691",408.269143781752,"+"
"PUF60","chr2_200384017_200389222",408.253843530635,"-"
"TRMT2A","chr11_67611569_67611896",408.24807612525,"+"
"SYNCRIP","chr19_35510252_35510482",408.2443024996,"-"
"FUBP3","chr1_110950123_110963620",408.233753836038,"+"
"KHDRBS3","chr16_2093012_2094720",408.204067731837,"+"
"LSM4","chr12_76060279_76084566",408.196303073598,"-"
"HNRNPM","chr16_1962656_1962735",408.19537088718,"+"
"DHX8","chr19_17424067_17424620",408.151797453334,"+"
"TUT1","chr1_31007102_31028795",408.147733692616,"-"
"ANKRD17","chr22_37677065_37679602",408.121246382406,"-"
"ZFP36L1","chr6_75621625_75623899",408.117036041319,"+"
"TAF15","chr8_61661926_61680967",408.065204708194,"-"
"YTHDF3","chr13_19674984_19677723",408.063742572934,"+"
"RBM17","chr12_10702134_10704059",408.046197622079,"-"
"HNRNPA0","chr5_53484293_53484996",408.039055067621,"+"
"ZC3H7A","chr12_76450979_76487509",407.997146094632,"+"
"RALY","chr17_81891841_81894466",407.990829478387,"-"
"MKRN1","chr1_150231926_150235732",407.957186954219,"+"
"MEX3C","chr12_79805768_79807225",407.907788143224,"-"
"POLR2G","chr19_18433817_18434216",407.905269443349,"+"
"YBX1","chr19_2271954_2272742",407.884805547733,"-"
"HNRNPA3","chr19_48617415_48617790",407.883840795488,"-"
"NCL","chr10_68338642_68339139",407.879917803556,"+"
"LARP4B","chr2_74135658_74145188",407.866491361239,"+"
"TRMT2A","chr17_81239943_81240986",407.862035147021,"-"
"LSM6","chr3_37096660_37129062",407.857429941496,"+"
"MTHFSD","chr9_108942828_108942960",407.853971080663,"-"
"PSPC1","chr17_75146684_75147519",407.847230129392,"-"
"NONO","chr3_12836235_12839348",407.839990027226,"-"
"SAFB2","chr19_54206462_54207397",407.829509969487,"-"
"HNRNPA0","chr11_72755142_72755700",407.813537246364,"+"
"ZRSR2","chr2_200372251_200389222",407.80642570477,"-"
"ANKRD17","chr17_48930612_48936169",407.799764094763,"-"
"HNRNPH2","chr19_2271954_2272742",407.795911203231,"-"
"ESRP1","chr3_119669665_119675144",407.780638271513,"+"
"SNRPB","chr20_37238449_37241302",407.765531942924,"-"
"ANKRD17","chr10_78034421_78035351",407.734545009664,"+"
"YBX1","chr6_34424840_34425071",407.685464233499,"+"
"DAZAP1","chr19_55388048_55391553",407.660805190312,"-"
"BICC1","chr19_41860601_41860774",407.65726983135,"-"
"SNRPG","chr12_6975148_6975228",407.645184804864,"+"
"RBMS2","chr1_173865282_173865541",407.624182016691,"-"
"ZFR","chr16_69711281_69714963",407.622351486669,"-"
"YBX1","chr11_68892993_68893402",407.606338931035,"+"
"NAA38","chr16_25175034_25178000",407.595340375475,"+"
"LSM6","chr7_56052485_56055623",407.576730866864,"-"
"L3MBTL3","chr8_124495542_124504270",407.568929802794,"+"
"TOE1","chr6_3015643_3016883",407.563437748356,"+"
"PABPC1","chr6_29944616_29945058",407.562878060827,"+"
"FMR1","chr1_207096615_207098149",407.557489206949,"+"
"ZC3H15","chr12_76450988_76487509",407.529358839814,"+"
"G3BP1","chr5_65542848_65551563",407.512401144099,"+"
"RRP7A","chr19_5679763_5680457",407.506409459671,"+"
"RBPMS","chr1_42667440_42676583",407.49717692238,"+"
"APTX","chr15_29800702_29820526",407.488979120683,"-"
"PTBP1","chr16_81017385_81020099",407.481143520823,"-"
"HNRNPL","chr19_35505986_35507457",407.481058344048,"+"
"HNRNPH1","chr9_35660647_35660745",407.467219492264,"+"
"IGF2BP2","chr3_98812482_98817768",407.444311312,"+"
"CSDE1","chr3_108049651_108050577",407.436634766247,"+"
"RNPC3","chr2_147871512_147896300",407.434378404853,"+"
"DHX8","chr17_75574668_75574873",407.421084438065,"+"
"GTF3A","chr1_151986251_151993751",407.379884343849,"+"
"UNK","chr5_96727530_96729611",407.375271697132,"+"
"PNO1","chr8_100948900_100951928",407.368366672504,"-"
"RBM47","chr1_116519302_116521905",407.363692286216,"-"
"EIF4B","chr20_17660528_17679998",407.350174520261,"+"
"LARP1","chr15_60396427_60397942",407.324363354873,"-"
"HNRNPR","chr11_63583102_63590099",407.311186885159,"-"
"PUM1","chr2_70289372_70293617",407.304611289902,"+"
"SNRPB2","chr16_81017385_81017757",407.28765785011,"+"
"ZC3H6","chr22_42079954_42081924",407.201309240729,"+"
"ACIN1","chr8_85214631_85217385",407.196349599032,"-"
"ANKHD1","chr13_60132989_60163586",407.183912061612,"+"
"KHDRBS1","chr6_143335119_143339638",407.169059783055,"-"
"HNRNPD","chr3_180985996_180988022",407.165233116484,"-"
"RBM4B","chr21_34073745_34125340",407.159333564257,"+"
"SF3B4","chr22_41675195_41680243",407.155324295076,"+"
"SSB","chr12_54283234_54283811",407.09952541647,"-"
"CCAR1","chr1_155140245_155140490",407.093641634053,"+"
"ASCC1","chr17_7016685_7017260",407.087682132072,"-"
"HNRNPL","chr1_150230693_150231776",407.077928644358,"+"
"RBM4B","chr17_8377692_8378588",407.074570569935,"-"
"RALY","chr4_55605349_55609119",407.054673605784,"-"
"LARP7","chr6_151305903_151348710",407.049705863474,"+"
"IGF2BP2","chr2_172498100_172504090",407.042386443839,"-"
"PCBP4","chr6_151325885_151348710",407.033864210711,"+"
"RRP7A","chr19_41958383_41958735",407.023130669459,"+"
"MBNL1","chr12_56116799_56117193",406.969576329813,"-"
"ACIN1","chr1_20779911_20780344",406.963217158607,"+"
"PABPC4","chr9_34017189_34048824",406.89822897616,"+"
"RBM25","chr19_38290575_38291839",406.895686250151,"-"
"ALKBH8","chr6_30577913_30578072",406.871384927208,"+"
"DKC1","chr7_103326684_103327655",406.843503779749,"+"
"PNO1","chr1_207096615_207098149",406.838313926788,"+"
"RBM22","chr1_6197750_6199561",406.834929868391,"-"
"ZC3H3","chr11_64227666_64229477",406.827579114009,"-"
"NCL","chr13_52456607_52460898",406.821805701252,"-"
"NONO","chr12_19265850_19269769",406.812049462246,"+"
"TAF15","chr13_75804541_75817160",406.800324891572,"+"
"RBM38","chr15_34227846_34229752",406.764536976453,"+"
"HNRNPH1","chr19_29942664_29985222",406.748583693102,"+"
"SNRPA","chr8_144412946_144413512",406.748102815204,"-"
"CARHSP1","chr20_31566295_31569119",406.739643273229,"+"
"SNRPF","chr19_8316645_8320856",406.702270621024,"+"
"NONO","chr20_45471281_45479941",406.698479406167,"+"
"LARP1B","chr11_93730712_93731149",406.649795069226,"+"
"LSM10","chr12_94994257_94997307",406.628489404461,"-"
"LSM7","chr19_35508240_35509910",406.527606337799,"-"
"PARP12","chr7_6392041_6401867",406.519497915943,"-"
"SLBP","chr4_82359639_82371527",406.510956626558,"-"
"SAMD4A","chr7_96708214_96709687",406.510453324766,"-"
"DAZAP1","chr9_89332986_89334635",406.493877289727,"-"
"MCM3AP","chr13_36965726_36971976",406.480801320556,"+"
"RBM47","chr3_197161738_197194424",406.480004600597,"-"
"LSM7","chr12_120579412_120579513",406.407457972286,"+"
"HNRNPH3","chr10_12172866_12177792",406.404861355478,"-"
"TRA2B","chr12_10702134_10704050",406.372573549255,"-"
"SNRPD1","chr3_160404504_160411919",406.366670240196,"+"
"TRMT1","chr9_75137616_75140833",406.32287070557,"+"
"RBM25","chr5_140645725_140647255",406.316620195665,"-"
"RRP7A","chr16_80976179_80980769",406.287475839778,"-"
"LARP1","chr19_39433761_39435606",406.286575201746,"-"
"IGF2BP2","chr7_88208561_88209338",406.284173266494,"-"
"NCL","chr15_43793082_43793709",406.27571194541,"-"
"SNRPC","chr8_124495542_124504270",406.2717452087,"+"
"RBM47","chr7_151077027_151077100",406.262110428951,"+"
"RBM17","chr5_131159611_131160655",406.235007057299,"-"
"LARP1","chr2_200329480_200389222",406.232020873662,"-"
"RBM38","chr1_1402601_1405808",406.203410020641,"-"
"ENOX2","chr1_32894897_32895304",406.200878760266,"-"
"LARP1B","chr19_45522581_45522717",406.194534711169,"+"
"HELZ","chr7_99650232_99652552",406.162892583384,"+"
"ZC3H15","chr17_76735158_76736153",406.158305789554,"+"
"SAMD4B","chr3_172511659_172514860",406.136063675438,"+"
"TRMT1","chr1_165649964_165651977",406.122076285488,"-"
"SYNJ2","chr16_635340_635611",406.104959490651,"-"
"RALY","chr7_140702121_140702865",406.104751091154,"-"
"RBM47","chr20_17570211_17600737",406.091235798584,"-"
"SF3B4","chr5_96702915_96722638",406.082524937936,"-"
"LSM7","chr15_75339104_75339964",406.071779691062,"-"
"SYNCRIP","chr15_63042943_63043705",406.066191375243,"-"
"AKAP1","chr10_118336423_118341726",406.041044628295,"-"
"PUM2","chr7_44835658_44840898",406.031427607328,"-"
"APTX","chr7_135930012_135951516",406.030035088233,"-"
"CIRBP","chr16_2772102_2776992",406.019717643985,"-"
"DNAJC17","chr17_6644659_6649981",405.970396274787,"+"
"YBX1","chr19_42297365_42300008",405.96738471781,"-"
"PRR3","chr20_31568224_31569119",405.923550834324,"-"
"THUMPD1","chr8_143575093_143575229",405.918498748062,"-"
"SNRPF","chr6_149802369_149810615",405.887399282017,"-"
"HNRNPM","chr7_16795019_16799743",405.880722924587,"-"
"TNRC6A","chr11_93740993_93741321",405.877317019985,"-"
"TRA2A","chr10_32932600_32935491",405.835155744914,"+"
"TRNAU1AP","chr8_85217502_85219322",405.804549562108,"-"
"SETD1B","chr9_136850560_136850754",405.803432658986,"+"
"IREB2","chr12_50427909_50428934",405.789634128097,"+"
"HNRNPA3","chr19_35122839_35123270",405.788840258171,"-"
"FUBP1","chr20_59035126_59036470",405.772468715211,"+"
"PRPF3","chr17_7857198_7857382",405.749093663843,"+"
"SART3","chr20_16044639_16049829",405.693523965105,"+"
"RBM33","chr11_88328196_88334936",405.689253181658,"+"
"TIAL1","chr12_110436201_110436556",405.686694735008,"-"
"MATR3","chr2_85596649_85596952",405.672368010728,"-"
"YTHDC2","chr7_134867804_134928753",405.648298406528,"+"
"FUBP1","chr2_112586124_112586199",405.645507670662,"-"
"SYNCRIP","chr10_32933583_32935491",405.640137363296,"-"
"QKI","chr3_111932397_111939474",405.621353725341,"+"
"YBX1","chr5_135335141_135343259",405.610272383016,"+"
"TIAL1","chr19_44172952_44174983",405.609470326226,"+"
"SNRPA","chr11_62833674_62833791",405.572299023186,"+"
"FMR1","chr8_61643433_61644599",405.570651215185,"-"
"SNRPB2","chr1_24646789_24648858",405.543143516356,"-"
"RRP7A","chr16_722083_722308",405.539861400426,"-"
"KIN","chr6_32948868_32949270",405.521490048138,"+"
"KRR1","chr11_66284966_66285700",405.508907917899,"-"
"RBM43","chr9_137111754_137111872",405.497529009866,"-"
"PNO1","chr13_43069003_43078611",405.485786528839,"+"
"MATR3","chr19_12677211_12677290",405.472667805766,"-"
"RBM12","chr10_94546498_94554125",405.421596154127,"+"
"PUM2","chr15_29800702_29820526",405.403680333423,"-"
"TRNAU1AP","chr3_196766039_196782625",405.399476309822,"-"
"G3BP2","chr12_56158711_56159974",405.398016968452,"-"
"PARP12","chr5_176392945_176396478",405.381776025179,"-"
"HNRNPAB","chr1_45591270_45602254",405.381567687419,"+"
"RBM3","chr14_77710896_77715771",405.378569099956,"+"
"SYNCRIP","chr1_23971626_23971849",405.361662798673,"+"
"TMEM63A","chr9_36191273_36204067",405.361447901921,"-"
"KRR1","chr3_112993124_112996891",405.361360350875,"+"
"IGF2BP2","chr22_50526141_50526245",405.353821358368,"+"
"HNRNPR","chr2_172498100_172501771",405.345459139286,"+"
"CSDE1","chr12_76047718_76048392",405.344254483834,"+"
"HNRNPA2B1","chr12_53665428_53667572",405.320231978306,"-"
"HNRNPA1","chr15_88639594_88655414",405.280088744797,"-"
"YBX1","chr1_22086866_22091427",405.277311730422,"+"
"LSM11","chr12_76048461_76049199",405.259414614457,"-"
"RBM8A","chr1_1405886_1406908",405.255106174201,"+"
"SYNJ2","chr3_98820288_98825314",405.252572937355,"-"
"LSM6","chr17_76733377_76733520",405.24448472438,"+"
"ZFR","chr5_163464802_163469640",405.23952845941,"+"
"RBM18","chr11_763519_764287",405.233475739948,"-"
"UHMK1","chr15_75854487_75859877",405.199966131297,"+"
"DUS3L","chr12_76060279_76074202",405.18294068765,"-"
"TAF15","chr2_218239484_218249363",405.181749232818,"-"
"CSDE1","chr11_102520804_102524935",405.169322568186,"+"
"EIF4B","chr20_2656034_2656400",405.158799268684,"+"
"RBM17","chr3_186784696_186785882",405.137974560715,"+"
"TIPARP","chr3_149375588_149375679",405.122957839417,"+"
"SF3B4","chr6_10755232_10756466",405.119971786655,"+"
"PPP1R10","chr14_92117642_92118848",405.107002198678,"-"
"FUBP1","chr14_49782594_49782829",405.106909706289,"+"
"NAA38","chr10_123162828_123163819",405.100866517521,"-"
"PPIE","chr17_46935169_46938598",405.056041347748,"+"
"NOL8","chr15_58913696_58916934",405.013689399978,"+"
"RBM10","chr17_62447766_62448574",404.982270359418,"+"
"HNRNPM","chr8_144790763_144791276",404.979357325844,"-"
"MTHFSD","chr3_156543269_156544293",404.96168909142,"+"
"ZC3H4","chr15_58898852_58899468",404.934517323234,"+"
"PRR3","chr20_35626381_35626562",404.928203582819,"-"
"HDLBP","chr2_85398152_85398689",404.911556495428,"+"
"SETD1B","chr20_408779_410411",404.88051164478,"-"
"RBMX2","chr20_56388202_56388686",404.865389874335,"-"
"EIF3G","chr6_33275883_33275964",404.857091447763,"+"
"RBM14","chr8_73959818_73972076",404.833363692819,"-"
"ZC3H18","chr4_163515461_163517433",404.829448181041,"+"
"HNRNPA0","chr11_102520804_102524935",404.78792441121,"+"
"RNF113A","chr2_218253032_218253890",404.780909378311,"-"
"SNRNP35","chr9_137111754_137111940",404.779876944029,"-"
"POLDIP3","chr16_2040238_2043037",404.777482955453,"-"
"SNRPD3","chr8_73955757_73955910",404.770601250782,"-"
"MBNL2","chr7_66089695_66092556",404.748712790498,"-"
"ACO1","chr9_35679342_35680752",404.744526278196,"-"
"RNPS1","chr13_45337388_45338661",404.736757506347,"-"
"TIAL1","chr13_45337388_45338661",404.709735195605,"-"
"PNPT1","chr17_75148671_75154341",404.666591205777,"+"
"ZRANB2","chr19_43652371_43655438",404.656523847614,"+"
"ACO1","chr3_165474241_165491195",404.652066419824,"+"
"TRMT2A","chr16_69711281_69718122",404.635178876852,"-"
"MBNL2","chr17_38450723_38451625",404.592472890255,"+"
"ZC3H3","chr3_143012373_143014310",404.521821515765,"-"
"HNRNPH2","chr4_48897857_48904483",404.488150010686,"+"
"ELAVL1","chr5_133022906_133026496",404.481562691756,"+"
"TRNAU1AP","chr17_75174823_75181056",404.476922392907,"+"
"SNRPD1","chr14_54417951_54419991",404.46151980157,"+"
"MBNL3","chr11_64318386_64319733",404.453432293344,"+"
"SNRPD1","chr12_53297924_53298048",404.362999161741,"-"
"RBMS2","chr12_6944565_6945770",404.336608971414,"-"
"TEP1","chr11_32593949_32600688",404.316437933482,"-"
"SYNCRIP","chr7_103326684_103327655",404.31507687298,"+"
"PARP14","chr22_46297479_46308149",404.303406055674,"+"
"RBM23","chr10_96155376_96155923",404.28745318865,"+"
"SLTM","chr1_92834913_92840550",404.25423329052,"-"
"ZRSR2","chr19_45413745_45416820",404.186054244865,"-"
"ZC3H15","chr3_183829709_183840569",404.182373823255,"-"
"RBM5","chr19_19199234_19201648",404.164267436311,"+"
"HELZ","chr4_83458429_83459739",404.151558712725,"+"
"KIN","chr5_96740118_96740744",404.145036881542,"-"
"HDLBP","chr2_26034735_26098661",404.131455697171,"+"
"HNRNPH1","chr4_55602836_55605274",404.122841613362,"-"
"RBM27","chr15_74923725_74926765",404.02605894192,"-"
"FXR1","chr19_43508864_43526514",404.001426810376,"-"
"LARP7","chr11_47622776_47627079",403.968750472305,"-"
"PUM1","chr19_17517389_17520943",403.950261939509,"-"
"THUMPD3","chr16_635340_635611",403.944204067998,"+"
"HNRNPD","chr19_2324196_2328386",403.922409978711,"-"
"MBNL2","chr16_4848210_4857989",403.920854867163,"-"
"PSPC1","chr15_78880579_78886140",403.918272939532,"+"
"PAN3","chr3_156549003_156553654",403.891319391851,"+"
"ZFP36","chr21_42382234_42383032",403.857709203073,"-"
"HNRNPK","chr7_26191128_26192494",403.852966965191,"+"
"HNRNPL","chr9_104095552_104096147",403.836739257391,"+"
"CSDE1","chr13_110905233_110906032",403.824387074988,"+"
"ZFR","chr8_38264949_38266140",403.79366914126,"+"
"PABPC1L","chr11_111882598_111883770",403.789763273599,"+"
"SNRNP70","chr7_151077027_151077100",403.717283703888,"+"
"SLTM","chr9_35684550_35685268",403.690311216688,"-"
"NONO","chr12_53297924_53298018",403.668419361231,"-"
"SNRPE","chr3_122363027_122368175",403.637754227222,"+"
"RBM10","chr10_133311841_133312787",403.585779201445,"+"
"NCL","chr15_41349241_41350990",403.583565458334,"-"
"FMR1","chr19_40448046_40458154",403.557349775603,"-"
"RBM10","chr5_32591685_32601004",403.55051408039,"-"
"THUMPD3","chr13_75530405_75537663",403.548719778814,"-"
"SSB","chr5_122827459_122827574",403.544152358642,"+"
"FUBP3","chr9_15490124_15506560",403.531033703003,"+"
"PCBP2","chr16_2772102_2776992",403.518680801904,"-"
"HNRNPAB","chr20_2656034_2656400",403.5107326239,"+"
"LSM7","chr2_9406905_9408112",403.499551210703,"+"
"HNRNPM","chr6_109369017_109370410",403.49460646737,"+"
"LSM6","chr22_37958471_37959345",403.493304339254,"-"
"RBMS1","chr7_21911754_21916753",403.476796679623,"+"
"ESRP2","chr17_59112345_59119298",403.459075083853,"-"
"CCAR1","chr11_34651805_34656910",403.455885057474,"-"
"CIRBP","chr11_85654234_85655593",403.445775492541,"+"
"LSM10","chr3_122363027_122368175",403.424513321325,"+"
"TIPARP","chr8_100288267_100303159",403.39733874844,"-"
"PCBP2","chr3_122363027_122368175",403.370906778093,"+"
"NONO","chr1_173864304_173865228",403.369535700636,"+"
"HNRNPA3","chr8_98042775_98044826",403.342508278074,"-"
"ZCRB1","chr5_181238239_181239071",403.304774600329,"-"
"RBM7","chr7_74189918_74194740",403.28883047764,"+"
"KHDRBS3","chr7_6400188_6402315",403.243622184015,"-"
"MKRN2","chr19_35508240_35510183",403.22435280401,"-"
"CPEB4","chr6_12290693_12292340",403.194625968531,"+"
"RBM15B","chr19_18573748_18574841",403.173943572784,"-"
"ALKBH8","chr20_37230059_37234019",403.166976724544,"-"
"LSM4","chr7_150804719_150804826",403.149311680614,"-"
"RBM4B","chr18_10526158_10539761",403.105076341859,"-"
"PCBP2","chr3_187128062_187139212",403.060109624552,"+"
"SLTM","chr16_14648592_14649803",403.056265398277,"+"
"RBMXL1","chr22_46308207_46308318",403.035922227357,"+"
"GRSF1","chr3_98820288_98825314",403.020575636462,"-"
"RBM47","chr2_27445449_27445928",403.015674041958,"+"
"SNRPD3","chr19_41956890_41957017",403.005509520717,"-"
"NUFIP1","chr1_24646789_24648858",402.957065605668,"+"
"MBNL3","chr2_177212805_177215538",402.953684883676,"-"
"SF1","chr19_49491547_49491730",402.834633603179,"-"
"TIAL1","chr9_33026616_33026812",402.785935575603,"+"
"ZRSR2","chr9_99224170_99227898",402.742966869006,"-"
"RBM23","chr12_112446398_112450317",402.710845692312,"+"
"THUMPD1","chr19_10395543_10395927",402.657399034443,"+"
"PCBP4","chr18_9195698_9208656",402.605072963964,"-"
"ACIN1","chr18_9195698_9208656",402.537069896201,"+"
"HNRNPA1","chr11_70420510_70422939",402.518554434338,"+"
"APTX","chr21_46287123_46296161",402.515810154169,"+"
"HNRNPR","chr7_150803832_150804361",402.50567945885,"+"
"LSM3","chr10_75234225_75234609",402.500395339919,"+"
"RBM8A","chr19_17517389_17520943",402.495613770933,"-"
"RBMS2","chr6_43054486_43058064",402.489541035207,"-"
"TARDBP","chr15_60386086_60396150",402.489205077374,"-"
"UPF3B","chr1_42457350_42459602",402.46062096381,"+"
"KHSRP","chr19_4324529_4325215",402.384222212246,"+"
"RBMX","chr20_35740989_35741940",402.360882612238,"-"
"NUFIP1","chr1_46185308_46196201",402.345451394379,"-"
"ZC3H6","chr2_130181830_130182626",402.34115951439,"-"
"LARP1B","chr18_31093643_31101902",402.322244697633,"+"
"KHDRBS3","chr5_172994822_173034398",402.308240204694,"-"
"SNRPD1","chr1_151986251_151993481",402.30383589198,"-"
"LSM11","chr10_70204915_70209204",402.296877904815,"-"
"A1CF","chr15_69453020_69453646",402.289505850343,"-"
"TOE1","chr11_47565986_47569699",402.279540719301,"-"
"TRMT1","chr14_94115942_94116444",402.271842299918,"-"
"NIP7","chr18_9122681_9126830",402.259423546235,"-"
"LSM3","chr16_634797_635280",402.251639056394,"-"
"MKRN2","chr17_5422829_5432541",402.245022420094,"+"
"ZC3H7A","chr7_27616795_27627222",402.243718846437,"+"
"SNRPB","chr16_89909107_89910590",402.23549064199,"-"
"SART3","chr3_172509321_172514860",402.198942487727,"-"
"CPSF4","chr3_183829709_183840569",402.190326636984,"-"
"EWSR1","chr1_155613766_155614058",402.183676868936,"+"
"RBM43","chr12_54282874_54283078",402.171231271553,"-"
"LSM10","chr11_14505248_14510871",402.17050326449,"-"
"LSM7","chr20_35740989_35741940",402.166712153275,"+"
"QKI","chr16_18788159_18788980",402.14412243048,"-"
"HNRNPH3","chr6_26124749_26127697",402.123779700093,"-"
"ZRANB2","chr17_44036300_44037411",402.096280061506,"+"
"PABPC4","chr4_48894053_48904483",402.089387735024,"-"
"THUMPD3","chr10_32935558_32957010",402.066037561085,"-"
"U2AF2","chr2_24068459_24076199",402.061941106114,"-"
"SNRPB","chr5_32597302_32598960",402.015265661159,"-"
"THUMPD1","chr20_16041278_16049829",401.99196906552,"-"
"RBM26","chr12_53642859_53669147",401.969241301015,"-"
"YTHDF1","chr13_45339546_45339993",401.963441881178,"-"
"ELAVL1","chr18_59157665_59158631",401.943642127566,"+"
"NAA38","chr1_63441103_63446805",401.90215467483,"+"
"EIF3B","chr3_149375588_149375679",401.880077970946,"+"
"ZC3H18","chr17_7016685_7016909",401.865968954032,"+"
"SNRPE","chr3_196629775_196782625",401.82108893665,"-"
"FMR1","chr12_53666752_53669147",401.81857987008,"-"
"CIRBP","chr19_41864267_41869030",401.804564531764,"-"
"TRA2B","chr2_187478803_187484123",401.798594525545,"-"
"FUS","chr7_1153131_1155452",401.770363630882,"-"
"ELAVL1","chr6_167827237_167864550",401.742678852493,"+"
"HNRNPL","chr11_63575046_63583005",401.733945271149,"-"
"TIAL1","chr15_69453020_69453333",401.700391327353,"-"
"SF3A1","chr16_635774_636093",401.690234835894,"-"
"RBM28","chr1_90007750_90010087",401.680216922131,"+"
"ZFR","chr16_66552793_66563121",401.656629248254,"+"
"UHMK1","chr11_8683265_8683862",401.633184755448,"-"
"RBM8A","chr22_29767607_29769677",401.632317550399,"+"
"LARP4B","chr17_9378653_9491828",401.6190379226,"+"
"PABPC4","chr14_22565137_22567087",401.619022975939,"-"
"CPSF4","chr1_53228954_53235576",401.589376526287,"-"
"KRR1","chr8_144098989_144099080",401.565379329501,"-"
"RBM18","chr11_93730447_93731149",401.53970216114,"-"
"RC3H1","chr1_212608930_212615040",401.469111410282,"-"
"SRRM2","chr1_23967723_23971849",401.456461836477,"-"
"HNRNPC","chr19_12949159_12949277",401.441118513841,"+"
"RBPMS","chr14_22567164_22575058",401.425660823541,"-"
"RRP7A","chr1_2400935_2402206",401.40615678002,"+"
"SNRPF","chr17_7017014_7017260",401.395086912501,"+"
"LARP1","chr14_22575233_22588946",401.394153253958,"+"
"RBM7","chr1_114736855_114737962",401.387247383885,"+"
"G3BP2","chr16_18784823_18788062",401.372281816666,"+"
"TARDBP","chr3_98867438_98881539",401.363722213807,"-"
"CIRBP","chr11_75404868_75421726",401.351679896265,"-"
"RBM42","chr19_3453916_3456549",401.347002646494,"-"
"SYNCRIP","chr1_155169857_155170008",401.337790519185,"-"
"LSM3","chr8_55773719_55782747",401.334750189586,"+"
"THUMPD2","chr12_132701369_132704618",401.328044900764,"+"
"PUM1","chr16_66558348_66563071",401.320678616097,"-"
"ZFP36L1","chr16_88810148_88811549",401.290338382096,"-"
"PPRC1","chr5_150444641_150445608",401.277738823719,"-"
"PPP1R10","chr3_108055566_108057476",401.272116435103,"-"
"LSM6","chr2_130182452_130190468",401.258104286075,"-"
"DNAJC17","chr19_29971227_29985222",401.226057375522,"+"
"THUMPD3","chr11_108050066_108052659",401.21752128052,"+"
"EIF3G","chr11_812633_812762",401.208122784083,"-"
"FXR1","chr2_61868706_61872081",401.179161936874,"-"
"PARP12","chr1_228147544_228147620",401.161314531984,"-"
"MATR3","chr3_49022768_49022877",401.147756039632,"-"
"ZC3H15","chr12_111840003_111840332",401.139676943368,"+"
"RBM17","chr16_2243224_2243317",401.126642846519,"+"
"GTF3A","chr15_78880579_78886140",401.092213762339,"+"
"RBM39","chr21_32602367_32603160",401.077492501423,"+"
"FUBP1","chr2_27445449_27445744",401.076053287915,"-"
"EIF4B","chr1_173864075_173864483",401.074780780314,"-"
"CPSF6","chr2_86171345_86173649",401.051673572403,"+"
"PAN3","chr8_38264949_38266140",401.035440629939,"-"
"CPEB4","chr10_86968605_86970475",401.027295466908,"+"
"ESRP1","chr17_60083766_60085054",400.98038809412,"-"
"ESRP2","chr6_166858259_166938894",400.968831533152,"-"
"ZNF638","chr12_53295639_53295838",400.917753796175,"-"
"IGF2BP3","chr17_6641227_6641752",400.881525107808,"-"
"TRMT1","chr5_132271908_132272024",400.845721232717,"+"
"YTHDF1","chr5_146164471_146168127",400.829158939716,"+"
"KIN","chr2_200372251_200389222",400.818588447206,"-"
"RBM17","chr20_16044639_16049829",400.784109706338,"+"
"SYNJ2","chr5_65551636_65552492",400.748396627592,"+"
"KHSRP","chr11_93736751_93737063",400.711914569931,"+"
"HNRNPF","chr10_71822007_71825836",400.702869000556,"+"
"PUF60","chr1_32634110_32634767",400.684962999036,"-"
"SF3B4","chr17_7857198_7883234",400.671912959814,"-"
"FXR1","chr2_9207230_9279316",400.613292398439,"+"
"RBMXL1","chr4_82359639_82373445",400.602155141439,"-"
"RBPMS","chr1_153535360_153535948",400.597665416511,"-"
"SNRPF","chr12_110436201_110436556",400.573849395752,"-"
"SNRPD1","chr11_34651805_34656907",400.555805804226,"+"
"RBM22","chr19_29942664_29971192",400.543219741878,"+"
"RBMX","chr12_122511188_122515104",400.467154811504,"+"
"SNRPF","chr16_721941_722308",400.460292745422,"-"
"SAMD4B","chr9_108992819_109013301",400.445490781783,"-"
"RBMS1","chr19_42297365_42300008",400.442127391385,"-"
"CCAR1","chr2_112586124_112586199",400.368120059286,"-"
"RBM26","chr8_73959818_73972244",400.329211660524,"+"
"ZFP36L2","chr2_200306922_200329430",400.310940040314,"-"
"SNRPB","chr8_143575345_143575422",400.284626024951,"-"
"CNOT4","chr20_31739621_31757406",400.264983639831,"-"
"TIPARP","chr13_75804541_75809153",400.264706803546,"+"
"NIP7","chr7_21908507_21911616",400.190570706023,"+"
"TIPARP","chr4_82424883_82426036",400.162573263474,"-"
"RBM14","chr19_55401762_55404060",400.160801510286,"-"
"MBNL1","chr4_55605349_55607436",400.156689707809,"-"
"CSDE1","chr6_85677875_85677953",400.151035155644,"+"
"RBM8A","chr2_227347384_227352513",400.1500311523,"+"
"ZFR","chr11_62789426_62789600",400.107594219328,"+"
"RBM7","chr2_73957240_73958145",400.077016185163,"-"
"HNRNPH1","chr19_41861212_41863870",400.072427860919,"-"
"ESRP1","chr20_35632025_35632310",400.06467852931,"-"
"EIF4B","chr3_172755374_172755482",400.032646618435,"+"
"PUF60","chr1_161038673_161038879",400.002442990271,"+"
"HNRNPR","chr16_2772122_2775450",399.990173262113,"-"
"TRMT1","chr16_89873859_89883350",399.930597622629,"+"
"PPRC1","chr19_18899947_18903267",399.927723913712,"-"
"MATR3","chr2_101004308_101005958",399.916697206391,"-"
"PTBP2","chr7_22813185_22822676",399.913983509791,"-"
"PRR3","chr16_634935_635280",399.899206974832,"-"
"CPSF6","chr13_45337388_45338661",399.893717176521,"-"
"UPF3B","chr3_122363027_122368175",399.88693983171,"+"
"ESRP1","chr19_35122839_35123270",399.869750066076,"-"
"RBM3","chr16_634956_635280",399.865934767752,"+"
"RBMS1","chr7_96688964_96694797",399.849573748262,"-"
"RBM14","chr18_56603056_56610992",399.815404910367,"+"
"RBM3","chr9_35679342_35679904",399.808392838976,"-"
"G3BP2","chr16_69711281_69714963",399.802423272079,"+"
"ACO1","chr1_28579587_28579941",399.797908482595,"+"
"SRRT","chr14_64924126_64926006",399.76596783501,"-"
"RBM8A","chr3_119676966_119677203",399.756876088325,"-"
"TARDBP","chr19_35505986_35507457",399.727185454608,"-"
"SF3B4","chr1_156055425_156058314",399.718475585121,"-"
"SF3B4","chr4_48885565_48904483",399.701580115529,"-"
"EIF4H","chr19_16076697_16081912",399.688926769237,"+"
"IREB2","chr20_37232391_37236579",399.673661515195,"-"
"PPIL4","chr22_46297479_46308149",399.672959055462,"+"
"HNRNPC","chr5_140645725_140647255",399.66631861935,"-"
"PARP12","chr17_44036300_44037411",399.641947871808,"-"
"RRP7A","chr18_9124983_9134185",399.630316594985,"-"
"SAFB2","chr2_237692521_237708543",399.621673148226,"+"
"MCTS1","chr10_63215696_63217206",399.604404964307,"+"
"HNRNPH3","chr8_144085743_144085881",399.564892776169,"+"
"NONO","chr5_32591685_32598960",399.563455381855,"-"
"HNRNPA1","chr14_54417951_54419991",399.514696868395,"+"
"CSTF2T","chr4_163514158_163515312",399.512080952031,"+"
"ZRSR2","chr10_13132197_13136744",399.507511819407,"-"
"PSPC1","chr14_64924126_64926006",399.494754281485,"-"
"SNRPA","chr5_1811062_1814338",399.491325768758,"-"
"SNRPA","chr19_55386674_55387929",399.472209797442,"-"
"HNRNPA3","chr7_44834562_44835642",399.455766946085,"-"
"IGF2BP3","chr13_114286400_114286518",399.430414637507,"+"
"RBM43","chr11_62789426_62789885",399.429679387138,"-"
"RBM14","chr18_36787079_36798448",399.417613611606,"+"
"U2AF2","chr20_34078553_34079909",399.388945870561,"+"
"QKI","chr1_24646789_24648858",399.381674884111,"-"
"NUFIP1","chr17_7017014_7017260",399.353989527678,"-"
"POLR2G","chr1_24646789_24648858",399.32572981708,"+"
"ACO1","chr16_14672749_14688164",399.316539136487,"+"
"TARDBP","chr10_110130486_110132304",399.293029333859,"+"
"MEX3D","chr20_49124587_49135832",399.264071684497,"+"
"SUPT6H","chr12_76074239_76084566",399.247448567609,"+"
"YTHDC1","chr7_150803832_150804826",399.246437999757,"+"
"RBM38","chr13_75590129_75594914",399.241586562012,"-"
"YBX1","chr6_31836517_31837235",399.233868092936,"-"
"HNRNPD","chr4_82359639_82373445",399.219964405577,"-"
"LARP1B","chr9_136993243_136993342",399.211869623601,"+"
"RBM15B","chr12_53295941_53298044",399.182611341597,"-"
"ACIN1","chr18_9124983_9134185",399.180507878393,"-"
"HNRNPA1","chr15_74923770_74929115",399.175856118298,"+"
"TIA1","chr2_47379054_47379149",399.139910202247,"-"
"CPEB4","chr10_119515652_119526031",399.129374095961,"+"
"G3BP2","chr10_12172866_12173717",399.127817126436,"+"
"TRNAU1AP","chr2_85596649_85596856",399.123269436896,"-"
"HNRNPF","chr12_76450988_76487509",399.097637992132,"+"
"MCTS1","chr14_92118966_92121641",399.044424303329,"+"
"YTHDF1","chr11_134248484_134248808",399.042008136348,"+"
"RBM12B","chr15_74920442_74929115",399.021179913044,"+"
"PPIL4","chr17_7017014_7017256",398.997817475002,"+"
"SRRT","chr2_172498100_172504090",398.992482558944,"-"
"A1CF","chr10_31854206_31861394",398.989325963298,"+"
"NUFIP1","chr10_70884048_70885151",398.983196149759,"-"
"HNRNPK","chr1_165651087_165652012",398.956240527668,"-"
"MKRN1","chr7_2257023_2257364",398.952926920926,"+"
"ZFP36","chr8_54000050_54022062",398.948070947261,"-"
"RBM18","chr16_88858789_88859662",398.938727022854,"-"
"LARP7","chr7_73694050_73697604",398.936321025773,"+"
"RC3H1","chr12_53296467_53297849",398.894020896172,"-"
"RRP7A","chr17_37031685_37056600",398.85177418365,"+"
"ZCCHC17","chr19_12949159_12949277",398.835985167808,"-"
"PUM2","chr3_157150381_157152176",398.786090057596,"+"
"KIN","chr10_7780307_7783080",398.783061889268,"+"
"PARN","chr1_70228555_70232267",398.781825037037,"+"
"UNK","chr17_75168401_75181056",398.778473071781,"-"
"SNRPD2","chr13_110642521_110644384",398.774133348133,"+"
"TMEM63A","chr2_131492024_131492719",398.769134536799,"-"
"EIF3G","chr16_722216_722308",398.763296597487,"-"
"ESRP1","chr3_131501715_131502729",398.752366699885,"+"
"RBM28","chr14_55142749_55145094",398.749743141831,"-"
"HDLBP","chr17_81894860_81899919",398.742884929439,"-"
"UNK","chr1_39753052_39753286",398.741891390204,"+"
"LARP7","chr11_63583102_63590099",398.736233571462,"-"
"RBM45","chr13_30463694_30465072",398.698540010164,"-"
"SNRPB2","chr18_13666713_13671861",398.680541428235,"+"
"FXR2","chr11_66017174_66018826",398.676027408558,"+"
"POLR2G","chr7_44114945_44115294",398.656557888441,"+"
"ZC3HAV1L","chr6_31836517_31837235",398.622210055848,"+"
"SNRPD3","chr17_75574668_75574873",398.606396673158,"-"
"LSM10","chr17_6641152_6641752",398.559033373942,"-"
"SNRPA","chr21_33903656_33903934",398.548850766731,"-"
"APTX","chr9_89332986_89334521",398.542737701367,"+"
"RBM7","chr2_206160710_206160881",398.539279727144,"-"
"APTX","chr17_49701510_49702857",398.532014646405,"+"
"EIF2S1","chr13_36952599_36965574",398.521237434809,"+"
"RALY","chr1_2189781_2192844",398.508185563603,"-"
"G3BP2","chr12_76060279_76074202",398.493310590043,"-"
"SUPT6H","chr16_69713129_69718122",398.492392438029,"-"
"PRPF3","chr12_117046838_117049018",398.475368293222,"-"
"YTHDC2","chr5_133993015_134004646",398.464487633131,"+"
"KHDRBS1","chr5_96722698_96726793",398.446529710739,"-"
"ZC3H7A","chr3_10301147_10304025",398.44205038208,"+"
"TRA2B","chr18_59152685_59155687",398.426962564124,"+"
"TRMT2A","chr1_228148284_228148370",398.42176047027,"-"
"LSM7","chr20_35740597_35740823",398.38918886494,"+"
"HNRNPC","chr15_74920442_74929115",398.387386205006,"-"
"HNRNPAB","chr1_156745373_156751342",398.378362968475,"+"
"APTX","chr11_45913938_45914130",398.373282027166,"+"
"RBM42","chr15_75339104_75339964",398.352231240759,"-"
"GTF3A","chr16_1770766_1770888",398.348917464402,"-"
"LARP1B","chr19_32581700_32582194",398.337164028187,"+"
"SNRNP70","chr2_87455645_87521206",398.335672076881,"+"
"TRMT2A","chr17_42951894_42953723",398.330034840364,"+"
"PPP1R10","chr18_12785844_12794383",398.316736927373,"+"
"SNRNP35","chr3_57577387_57583897",398.295407110949,"+"
"SSB","chr20_50084254_50113106",398.284536284855,"+"
"ZFP36L1","chr11_62433891_62491731",398.232082436576,"+"
"IGF2BP3","chr2_69788141_69825455",398.228412934447,"-"
"RBM14","chr15_41349241_41350987",398.203731097681,"+"
"LARP6","chr11_66055315_66055534",398.169493030548,"-"
"YBX1","chr17_51160081_51161159",398.157054552714,"+"
"PPIL4","chr17_81893614_81894466",398.136298403914,"-"
"IGF2BP2","chr9_124861555_124861909",398.085837055317,"+"
"RALY","chr7_100871721_100873171",398.082302590808,"-"
"ZFP36","chr12_76450979_76459858",398.080652164719,"+"
"HDLBP","chr9_35725321_35732074",398.035572417344,"-"
"SNRPB","chr20_56388202_56392167",398.012773885144,"+"
"SNRPB2","chr16_634797_635280",398.011523974467,"+"
"TRNAU1AP","chr10_7802854_7807658",398.008731166206,"-"
"ELAVL1","chr1_46185308_46196201",397.988837199591,"+"
"MCTS1","chr17_48894449_48895155",397.975837015931,"+"
"SNRNP35","chr19_18571909_18573292",397.969572635465,"+"
"TAF15","chr17_35824198_35833906",397.960610397423,"+"
"RBM19","chr1_155318291_155319610",397.951980643946,"-"
"FXR1","chr1_156745373_156751342",397.950495036378,"+"
"RBM19","chr17_82392534_82394330",397.934042417865,"-"
"LARP6","chr2_74135658_74145188",397.927403551134,"-"
"HNRNPM","chr12_6944565_6945770",397.926744627855,"+"
"IGF2BP3","chr8_61644632_61651049",397.924746474098,"-"
"EIF4B","chr12_110493231_110496011",397.91027020601,"-"
"ZC3H7A","chr1_155140245_155140490",397.87595879513,"+"
"SF1","chr10_86968605_86970475",397.864890583975,"+"
"CARHSP1","chr19_5896997_5901334",397.852812775794,"-"
"ZC3H12C","chr8_100948900_100951455",397.81839775045,"-"
"RBM25","chr9_37588932_37592411",397.81262712886,"+"
"MBNL2","chr13_27445156_27450508",397.795633159805,"-"
"PSPC1","chr17_59131367_59155130",397.782286686174,"+"
"RNPC3","chr16_2752854_2757471",397.77206670672,"+"
"ENOX2","chr2_119367060_119368187",397.707524343253,"+"
"TRA2B","chr5_181238239_181239486",397.66857258857,"+"
"UHMK1","chr11_66284966_66285700",397.666834285402,"+"
"TAF15","chr12_53295941_53298044",397.64370772676,"-"
"RC3H2","chr2_237749324_237751199",397.642447312079,"-"
"CIRBP","chr19_47781388_47784405",397.641331855004,"-"
"RBM28","chr6_26158559_26170974",397.63240027153,"+"
"HTATSF1","chr9_124384656_124405316",397.615275733541,"+"
"YBX1","chr4_151103079_151104176",397.56865052912,"+"
"SRRM1","chr10_32935558_32957010",397.514842549388,"-"
"FXR1","chr3_158704927_158713796",397.485572444661,"-"
"CSTF2","chr5_176384286_176385220",397.482538074335,"+"
"NUFIP1","chr16_2240145_2246858",397.470348695253,"-"
"LSM10","chr17_59112345_59131280",397.455487924273,"-"
"ZC3H7A","chr15_60386086_60397257",397.440732457609,"+"
"SRRM1","chr13_36952599_36971976",397.428656973502,"+"
"LSM6","chr2_73957240_73958145",397.419451144019,"-"
"HNRNPA0","chr6_34240915_34242711",397.41561665266,"+"
"RBM8A","chr3_108049651_108050577",397.414177444923,"-"
"GTF3A","chr8_6870826_6873024",397.410157601098,"-"
"RBPMS","chr4_56452052_56459371",397.398226313626,"-"
"RBM5","chr16_2752846_2757471",397.396306198865,"+"
"ENOX2","chr15_84655409_84657175",397.393795398982,"-"
"UNK","chr3_186790245_186790325",397.388322128121,"-"
"EIF4H","chr1_153561591_153565505",397.364981533546,"-"
"RBM23","chr2_152663967_152664137",397.36291770325,"+"
"SUPT6H","chr3_156549003_156553654",397.339073633094,"+"
"NIP7","chr15_59642262_59650668",397.337197499379,"+"
"MKRN2","chr4_82355401_82356536",397.311632818113,"+"
"APTX","chr9_37588932_37592411",397.310384380902,"+"
"SRRT","chr1_24646789_24648858",397.253494153752,"+"
"POLDIP3","chr7_92244149_92245426",397.214955032467,"-"
"SNRNP70","chr9_35074216_35074370",397.204487921914,"+"
"THUMPD3","chr16_2772102_2776992",397.110368715819,"-"
"TRA2A","chr2_200306922_200329430",397.081548006279,"-"
"NSUN6","chr17_36104642_36105224",397.077434070362,"+"
"CSTF2T","chr14_22830254_22833417",397.037261635242,"-"
"QKI","chr18_9124996_9126830",397.030464457704,"-"
"TARDBP","chr7_105014535_105040838",397.028265518905,"+"
"HNRNPH3","chr20_50084254_50096671",397.0197556454,"-"
"KHSRP","chr10_21928552_21929039",397.015117439863,"+"
"RBM8A","chr16_635063_636093",396.997241000717,"-"
"SNRPB2","chr6_116574171_116580294",396.99112767317,"+"
"KHDRBS1","chr11_114440739_114443855",396.972082240467,"+"
"PPIL4","chr2_197501549_197503038",396.962305129054,"-"
"KHSRP","chr1_45591270_45602254",396.956178895664,"+"
"SNRPF","chr3_179616049_179616982",396.951696112723,"+"
"SUPT6H","chr21_31659841_31667257",396.933544462603,"-"
"HNRNPL","chr5_163467748_163469640",396.920326762889,"-"
"TARDBP","chr15_60396427_60397942",396.912447682524,"-"
"NAA38","chr9_19376651_19378367",396.910083004343,"+"
"SAFB2","chr20_35632025_35632162",396.903191648008,"+"
"TMEM63A","chr8_99892052_99893442",396.893653815484,"-"
"HNRNPA0","chr12_52897618_52898678",396.866607084297,"-"
"SSB","chr13_45337388_45338661",396.866070287239,"-"
"ZCRB1","chr8_73955761_73955910",396.863236797004,"-"
"RBM42","chr2_130181797_130182626",396.85111769076,"-"
"PABPC1","chr13_27255354_27256155",396.849763037046,"-"
"NIP7","chr11_32593949_32600688",396.806979516834,"-"
"CPSF7","chr2_46581591_46592474",396.798612648679,"+"
"PARP14","chr17_75130642_75130752",396.774255477639,"+"
"UPF3B","chr12_132701369_132704618",396.770875814019,"+"
"DHX8","chr16_2775625_2776992",396.763499680198,"-"
"SUPT6H","chr11_63583102_63590099",396.762259139906,"-"
"RBM42","chr19_18589683_18590853",396.752830898881,"+"
"ALKBH8","chr19_18900449_18904770",396.7520625443,"+"
"HNRNPR","chr4_151103079_151104176",396.750186454094,"+"
"PAN3","chr6_26124633_26138053",396.749990262565,"-"
"PAN3","chr11_3001248_3001969",396.742131168888,"+"
"SETD1A","chr17_51168250_51171486",396.740142917412,"-"
"PSPC1","chr16_15867516_15873490",396.715658281784,"+"
"HNRNPL","chr10_32932600_32933350",396.682498958072,"-"
"SRRM1","chr9_15478552_15479590",396.674493480436,"+"
"CNOT4","chr1_156055675_156057977",396.661801183747,"-"
"HNRNPA3","chr16_75106571_75107732",396.65502682589,"-"
"LSM7","chr21_25729801_25734852",396.653311517199,"+"
"RNPS1","chr11_47569891_47571470",396.652251694676,"+"
"MSI2","chr2_84906121_84906388",396.6520041321,"-"
"ZC3H12A","chr2_227342819_227355676",396.63188080367,"-"
"MKRN1","chr16_66552793_66558189",396.603856069769,"-"
"SLBP","chr5_82277852_82277930",396.59393014162,"-"
"SNRPD1","chr16_634956_635611",396.585109035327,"-"
"RBM47","chr1_53233652_53235576",396.569926650692,"+"
"RBM18","chr4_55609179_55616337",396.496857855669,"+"
"KRR1","chr13_114286400_114286518",396.48330837382,"+"
"TIPARP","chr12_117046838_117049018",396.478450458016,"-"
"LSM7","chr7_22817583_22817999",396.461771491613,"-"
"CIRBP","chr19_58393487_58394496",396.460257666188,"+"
"ENOX2","chr19_18573403_18574869",396.457560521622,"-"
"QKI","chr7_66993417_66994219",396.426607361642,"-"
"UPF1","chr22_50526141_50526245",396.345521556494,"+"
"ZC3H15","chr15_41453048_41457671",396.344262836016,"+"
"RBM23","chr9_34379732_34380901",396.301963524601,"+"
"APTX","chr19_41860845_41861111",396.279788305528,"+"
"DKC1","chr8_144085479_144085881",396.273609039133,"-"
"NONO","chr1_232970118_232978162",396.264954824457,"-"
"RBM3","chr10_12172866_12173717",396.258110671965,"+"
"LSM7","chr4_48892889_48897803",396.254340784764,"-"
"LSM4","chr9_35813156_35813265",396.219300888663,"-"
"EIF2S1","chr9_93110721_93112217",396.199278698789,"+"
"PARP14","chr3_172509321_172511616",396.188591805829,"+"
"SNRPB2","chr16_634956_635280",396.185710223875,"-"
"RBPMS","chr11_31433570_31456259",396.181891129805,"+"
"YBX1","chr1_145925925_145926040",396.167162182216,"-"
"MCTS1","chr7_29064234_29066022",396.141105851526,"+"
"DNAJC17","chr10_12035441_12042913",396.102592314679,"+"
"SNRPG","chr20_45814470_45815853",396.100073359325,"-"
"MKRN1","chr1_23693913_23695797",396.088685456077,"-"
"RBM3","chr1_165649964_165651013",396.083594699768,"+"
"SNRPF","chr20_62387674_62388308",396.031709915572,"-"
"PSPC1","chr8_98045399_98045511",396.026456499057,"-"
"SNRPB2","chr10_68956312_68959805",396.026049548477,"+"
"MBNL1","chr22_36511168_36511502",396.008672570308,"+"
"RRP7A","chr1_1311071_1311329",395.988483460652,"+"
"POLR2G","chr8_143575093_143575422",395.969469152276,"-"
"RBMXL1","chr12_79688465_79689728",395.929030978987,"-"
"DNAJC17","chr17_5426299_5432541",395.928384866009,"-"
"SNRNP35","chr19_2324192_2328386",395.92382180658,"+"
"LARP7","chr2_231711419_231712442",395.894801604365,"-"
"ZNF638","chr3_98820288_98825314",395.893136759211,"-"
"SNRNP70","chr15_63042943_63043705",395.88933987868,"-"
"CPEB4","chr17_39203109_39204049",395.814857804378,"-"
"HNRNPH1","chr5_96729725_96730779",395.810337505982,"+"
"CPSF6","chr20_17570211_17600737",395.802352737232,"+"
"ZFR","chr8_56301573_56305596",395.792728617231,"+"
"LARP1B","chr3_158713873_158732139",395.788118779484,"-"
"EIF3B","chr21_32601973_32602271",395.783866851262,"+"
"HNRNPH1","chr13_75804541_75817160",395.772352445921,"-"
"YBX1","chr11_532522_532630",395.744662030181,"+"
"SRRM1","chr4_39777810_39778359",395.737438678892,"+"
"UHMK1","chr14_22575233_22580828",395.713688721692,"-"
"ASCC1","chr7_99419275_99419390",395.712742958965,"-"
"KHDRBS1","chr10_32932600_32935491",395.691078177098,"+"
"EIF4B","chr12_120694269_120696315",395.672676327484,"-"
"HNRNPH1","chr11_1836861_1836956",395.649857369089,"+"
"EIF3B","chr2_70288192_70293617",395.636186991528,"-"
"SAMD4B","chr19_40775833_40776968",395.578293033056,"-"
"SLBP","chr11_88326443_88328111",395.577395865055,"+"
"RBMX2","chr10_63594854_63599169",395.560162231382,"-"
"TRA2A","chr19_12949159_12949277",395.555987339283,"+"
"LSM10","chr8_73291252_73291551",395.55309249253,"+"
"DHX57","chr3_28241812_28316332",395.547131937647,"-"
"UPF1","chr3_134191983_134195081",395.536644351074,"+"
"YTHDF1","chr18_9475176_9512990",395.518465771865,"-"
"HNRNPF","chr18_9124996_9126830",395.500003829608,"-"
"SNRPE","chr2_9406905_9408112",395.48251877739,"+"
"RBM4","chr9_128149663_128150237",395.468689359132,"+"
"LARP1","chr8_56074159_56074253",395.467747191406,"-"
"CARHSP1","chr4_139073567_139084132",395.460186845633,"+"
"HNRNPH3","chr17_42951894_42953723",395.409549139474,"+"
"ASCC1","chr1_224365991_224371329",395.38451365463,"-"
"ZRANB2","chr18_31093643_31101902",395.365414622632,"+"
"EIF4B","chr2_186502587_186504031",395.293125746313,"+"
"EIF2S1","chr12_117041994_117049018",395.281310036407,"-"
"TARDBP","chr7_26197866_26200571",395.276398985066,"-"
"MEX3D","chr19_7630846_7631472",395.251506276686,"+"
"NCL","chr1_235829036_235830225",395.248988367069,"+"
"PNPT1","chr19_8316645_8320856",395.230814347415,"+"
"HNRNPL","chr17_75039271_75042180",395.212712127168,"-"
"UPF3B","chr11_46369550_46369940",395.089452739927,"+"
"GTF3A","chr16_27225236_27226719",395.05085490799,"-"
"SLTM","chr5_181237319_181237608",395.030863131142,"-"
"LSM4","chr11_64319868_64320660",395.007319258442,"+"
"EIF4H","chr15_78880579_78886140",394.991813702118,"-"
"EIF4H","chr7_6400188_6402315",394.950202558117,"-"
"RBM45","chr11_114443933_114444585",394.944252817564,"-"
"SLBP","chr13_31143923_31145562",394.932313282011,"+"
"DHX57","chr16_19417800_19430412",394.886627228954,"-"
"YTHDF2","chr10_121959410_121959500",394.87261636025,"+"
"PARP12","chr17_44212006_44212343",394.855829949232,"+"
"RC3H1","chr8_100948900_100951455",394.850323217089,"-"
"RBMXL1","chr5_145765000_145817893",394.828612187815,"-"
"THUMPD2","chr11_114447879_114449845",394.823769232661,"+"
"RBM17","chr12_109088512_109090008",394.820400932436,"+"
"RC3H2","chr8_54000050_54010429",394.813792652589,"+"
"MKRN2","chr18_9195698_9204475",394.770298706726,"+"
"RBMS1","chr15_74923770_74929115",394.767804491298,"-"
"EIF4B","chr19_18250466_18252063",394.728966051709,"-"
"TRMT1","chr19_54206462_54207397",394.720142964735,"-"
"YTHDF2","chr6_75240385_75241122",394.720055248776,"-"
"SNRPB","chr10_32935558_32957010",394.683729916172,"-"
"TRA2A","chr6_143165183_143284109",394.681137658968,"+"
"RBM10","chr11_406059_406348",394.678445596787,"-"
"THUMPD3","chr11_62763026_62765181",394.645696611232,"+"
"FMR1","chr7_56052485_56055623",394.639803940879,"-"
"TIA1","chr3_158704927_158710737",394.60947271349,"-"
"ZFR","chr19_49490864_49491019",394.609224068723,"-"
"TUT1","chr2_237739309_237748363",394.586695255891,"-"
"MBNL1","chr15_63048707_63056984",394.552106781487,"-"
"MBNL2","chr5_150444641_150445608",394.537228830416,"-"
"RBMS1","chr11_47625741_47627079",394.520101058991,"-"
"NAA38","chr11_62789679_62789885",394.49812206484,"+"
"EIF4B","chr19_44794281_44800380",394.497829266656,"-"
"IGF2BP3","chr9_15490124_15506560",394.429605987368,"+"
"PARP10","chr20_35739017_35740823",394.422089466446,"+"
"BICC1","chr3_146525647_146528613",394.421525206104,"+"
"ZC3HAV1L","chr20_49280570_49280863",394.413803613554,"-"
"RBM7","chr17_44212006_44212343",394.400308232934,"+"
"ZFP36L2","chr12_110436204_110437083",394.379353728319,"-"
"SF3B4","chr1_6825210_6871756",394.31597456881,"+"
"PDCD11","chr22_37677065_37678375",394.290298364412,"-"
"RBM3","chr1_46310044_46310154",394.273771064196,"-"
"ENOX2","chr19_18573403_18574869",394.254117220383,"-"
"DKC1","chr15_75339104_75339964",394.245180205851,"-"
"RBM15B","chr17_82392534_82398195",394.23597746209,"+"
"TIAL1","chr15_58894582_58897114",394.180457818512,"+"
"FXR1","chr4_39063035_39075964",394.169287858564,"+"
"HNRNPH3","chr15_84655404_84657175",394.157621571291,"-"
"U2AF2","chr1_28580646_28581589",394.143960653652,"-"
"SAFB","chr9_133350319_133350719",394.105660387919,"-"
"PUF60","chr18_9124996_9126830",394.101534634575,"-"
"PUF60","chr3_45007575_45011234",394.085860573782,"+"
"ZC3H13","chr13_45975838_45979812",394.08102563761,"+"
"PABPC4","chr20_49280020_49280484",394.080573714737,"-"
"THUMPD1","chr8_73959818_73972076",394.048808979447,"-"
"SAFB","chr6_159797369_159798051",393.993957387443,"-"
"RRP7A","chr20_49124587_49135832",393.98720353809,"-"
"PPP1R10","chr1_156596478_156598034",393.968625061114,"+"
"SRRM2","chr13_75804541_75809153",393.957226897393,"-"
"LSM3","chr14_54415930_54417847",393.91697256097,"+"
"ZC3H15","chr19_1105809_1106176",393.890687318168,"-"
"IGF2BP3","chr17_6641227_6642248",393.884701297019,"-"
"LARP7","chr5_134380808_134388324",393.882599594529,"+"
"HNRNPD","chr15_41387593_41388447",393.867114790066,"+"
"PUM2","chr17_47151918_47154671",393.846156501509,"+"
"FXR1","chr13_27445156_27450508",393.839003262228,"+"
"TMEM63A","chr19_4325308_4325395",393.821792053124,"+"
"ZC3H12A","chr18_2667031_2688393",393.818811000944,"-"
"POLR2G","chr12_54246215_54252040",393.815463041937,"+"
"PABPC1","chr16_635340_635611",393.804332436945,"+"
"IREB2","chr11_62789426_62789885",393.79679088736,"-"
"SFPQ","chr8_54000050_54010429",393.795980442695,"+"
"CARHSP1","chr7_103326684_103327331",393.791354734207,"+"
"FUBP1","chr17_7017014_7017260",393.785736205048,"+"
"HNRNPA1","chr19_39433418_39433664",393.77965465479,"-"
"HDLBP","chr7_92577717_92578149",393.759130757995,"+"
"EIF4B","chr15_63529166_63532646",393.726977036021,"+"
"MTHFSD","chr8_144098994_144099276",393.709750574964,"-"
"DUS3L","chr8_30544624_30547291",393.663786588578,"+"
"RBPMS","chr11_64242558_64243450",393.654584543187,"-"
"SNRPB2","chr11_61789235_61789784",393.634451738396,"+"
"DNAJC17","chr2_187478803_187484123",393.628941489481,"-"
"SAMD4A","chr10_100983817_100986748",393.626695283764,"-"
"U2AF2","chr12_112446398_112450317",393.621267932675,"+"
"ACIN1","chr18_31522249_31524447",393.608586199094,"+"
"SNRNP70","chr19_39433418_39433664",393.562229377446,"-"
"PARP10","chr2_197500439_197503038",393.488101737436,"-"
"SF3B4","chr11_93730712_93731149",393.481835401363,"+"
"LSM10","chr15_59642262_59650668",393.445361253969,"+"
"PNO1","chr8_73956054_73959764",393.441688780701,"+"
"BICC1","chr14_55580354_55601756",393.434373919454,"-"
"DAZAP1","chr8_61644632_61651049",393.431302287062,"+"
"PARP10","chr2_73946906_73958145",393.423722226674,"+"
"RBMS1","chr2_201136107_201140356",393.373105769901,"+"
"LSM10","chr21_44967181_44973196",393.350507446845,"+"
"RBM3","chr1_19374455_19378539",393.350286592246,"+"
"LSM3","chr10_94546498_94554125",393.310275913121,"+"
"HNRNPH2","chr7_44800543_44801286",393.308746756615,"-"
"SSB","chr1_15426018_15428592",393.30776441406,"-"
"HNRNPL","chr15_74929232_74937914",393.306806200642,"+"
"RBMS2","chr3_139373412_139373665",393.304852131044,"+"
"MSI2","chr3_158602939_158605096",393.295465658041,"+"
"LSM7","chr16_29971578_29972041",393.267049532589,"+"
"RBM41","chr7_107613432_107618327",393.252170764201,"+"
"RBM4B","chr5_134741523_134743986",393.219589485687,"+"
"POLR2G","chr14_67653498_67656415",393.208598159018,"+"
"THUMPD1","chr6_29725306_29725446",393.192282442333,"+"
"SF3B4","chr12_25225773_25227233",393.138394356553,"+"
"RBM15B","chr2_85395626_85398689",393.113875594191,"-"
"ANKHD1","chr13_75804541_75809153",393.102655301364,"+"
"RALY","chr1_153626533_153632033",393.09796813826,"-"
"ASCC1","chr3_196766039_196782625",393.089153169135,"-"
"MBNL2","chr6_143284225_143333281",393.087375327401,"+"
"SAMD4B","chr1_212442625_212444338",393.064546445005,"+"
"RBM26","chr14_22571964_22575058",393.061577275926,"-"
"SYNCRIP","chr19_35510252_35510370",393.05849840388,"-"
"KHDRBS1","chr22_49824331_49827496",393.044376089426,"+"
"IREB2","chr11_62833131_62833791",393.026759369946,"-"
"HNRNPL","chr7_44799880_44801286",392.999724155086,"-"
"RNPS1","chr16_2772102_2776992",392.933942507457,"-"
"CIRBP","chr9_93111938_93112217",392.929313758118,"+"
"EIF3G","chr13_45339546_45339993",392.922498103131,"-"
"KRR1","chr20_17570211_17600737",392.893287574218,"+"
"SETD1A","chr1_156598121_156598226",392.879588169978,"-"
"RNF113A","chr19_38632463_38632600",392.864093838587,"-"
"MCM3AP","chr6_70395266_70399214",392.82595301888,"+"
"SNRNP35","chr21_46287123_46296161",392.801904927297,"-"
"ELAVL1","chr20_35632234_35632310",392.779650304372,"+"
"MKRN2","chr1_205723981_205729571",392.761027171617,"-"
"ZC3H13","chr11_64319868_64320864",392.747673603532,"-"
"PABPC1L","chr15_59358429_59372497",392.74696100575,"-"
"CSTF2T","chr20_17680075_17682027",392.723396042815,"-"
"GTF3A","chr8_61638363_61642887",392.721388616791,"-"
"NUFIP1","chr8_54010492_54022265",392.719418337065,"-"
"RRP7A","chr1_156593572_156593881",392.704122929823,"-"
"TARDBP","chr20_50731852_50737856",392.675128079361,"+"
"ASCC1","chr7_26190460_26192494",392.665345531873,"+"
"YBX1","chr22_37677065_37678375",392.664334920633,"-"
"ZCCHC17","chr10_118336423_118342269",392.655227454739,"+"
"YBX1","chr19_6366363_6368537",392.640882577209,"+"
"SNRPC","chr3_12839015_12839348",392.635277364803,"-"
"NUFIP1","chr5_112887183_112902379",392.633796550294,"+"
"FUS","chr19_55386663_55387929",392.620198524423,"-"
"PTBP1","chr20_31566295_31569119",392.613079824518,"+"
"SNRPA","chr11_66436909_66437103",392.607128186219,"-"
"KHDRBS1","chr11_64319868_64320864",392.594440759351,"-"
"SUPT6H","chr19_35505765_35509910",392.572004407158,"-"
"TDRKH","chr16_10761859_10767948",392.568384671086,"-"
"ZC3H6","chr19_36121718_36125450",392.55229299056,"-"
"RBM7","chr11_93738499_93739236",392.536463550806,"+"
"RBM39","chr17_16440253_16441073",392.529848739163,"+"
"HNRNPM","chr3_94003908_94035330",392.472142068543,"+"
"MCTS1","chr12_52245632_52251776",392.467897465355,"-"
"SETD1A","chr13_27254281_27255300",392.447769198102,"-"
"TEP1","chr5_32594872_32598960",392.372071732839,"-"
"SAMD4A","chr3_98881767_98892496",392.36584445695,"-"
"THUMPD1","chr5_181237319_181237608",392.364747949314,"-"
"RBPMS","chr14_54411706_54415898",392.363665689423,"+"
"SYNCRIP","chr14_23081836_23089981",392.328579757757,"-"
"CCAR1","chr2_227352573_227355676",392.310551448919,"+"
"ESRP1","chr8_61653660_61680967",392.302495392802,"-"
"KIN","chr2_73957240_73958145",392.28691210975,"-"
"RBM10","chr6_116571655_116574057",392.285047052913,"-"
"RBM26","chr14_94114880_94115789",392.235936096765,"-"
"LSM6","chr19_2324196_2324741",392.209579630773,"-"
"MEX3C","chr12_10704148_10713210",392.208704364244,"+"
"RBM3","chr11_102520804_102524935",392.179450783879,"+"
"ZC3H14","chr19_32581327_32582194",392.153427846298,"-"
"RC3H1","chr9_127449521_127449609",392.136561060409,"-"
"SNRPD2","chr16_89873859_89883350",392.119514299091,"-"
"NAA38","chr19_45413745_45414860",392.103271525672,"+"
"HDLBP","chr9_35725727_35732074",392.103247386363,"+"
"LSM3","chr16_4848210_4857989",392.027449408191,"-"
"HTATSF1","chr17_82392534_82394330",392.011590559925,"+"
"CIRBP","chr1_153544809_153544957",391.990732551752,"-"
"MCTS1","chr9_137111754_137111940",391.978894738758,"-"
"ACO1","chr15_63044152_63056984",391.970622860293,"-"
"HNRNPL","chr15_74920442_74926765",391.955980813383,"-"
"RBM22","chr12_53038411_53039234",391.943906389858,"-"
"RBMX2","chr6_31835451_31837235",391.931386173841,"+"
"NAA38","chr2_73946906_73958145",391.902008744041,"+"
"ZC3HAV1L","chr14_67651481_67656415",391.900916692817,"-"
"YBX1","chr2_74527059_74527735",391.890777987317,"-"
"MCTS1","chr10_86968605_86970475",391.865658608813,"-"
"HNRNPH1","chr10_118336423_118341726",391.857390793535,"-"
"ZC3H18","chr15_58916999_58932355",391.847063349218,"+"
"ZFP36L2","chr16_634797_635611",391.796093354483,"+"
"KIN","chr17_59112345_59119318",391.786254548682,"+"
"MSI2","chr3_143021385_143021472",391.786202896625,"-"
"PAN3","chr19_58388245_58392975",391.770536837034,"+"
"UPF3B","chr7_100871721_100872623",391.768654685134,"-"
"TRNAU1AP","chr11_63999000_63999330",391.764897328912,"-"
"PPIL4","chr8_144792140_144792365",391.762852001615,"+"
"CSTF2","chr11_31433570_31456259",391.755599816924,"+"
"EIF3G","chr17_76733381_76733520",391.754175474818,"-"
"PNPT1","chr4_83456958_83458345",391.741030594051,"+"
"GRSF1","chr12_82357269_82358222",391.736829231585,"+"
"RBMX","chr12_53665428_53667572",391.735423121,"-"
"CIRBP","chr10_118311313_118326153",391.725818885284,"+"
"LSM3","chr15_41349241_41350987",391.713264918585,"+"
"IGF2BP3","chr19_29942664_29985222",391.705667869494,"-"
"ASCC1","chr16_89873859_89883350",391.690684135668,"+"
"SYNJ2","chr16_1962270_1962735",391.68354382608,"-"
"RBM15B","chr12_53038411_53039234",391.6796093866,"-"
"ENOX2","chr2_85395626_85398689",391.678047577874,"-"
"RNPC3","chr1_153534830_153535201",391.674982171398,"+"
"SAFB2","chr3_179593895_179601729",391.661212562827,"-"
"SNRNP70","chr17_75148671_75149090",391.647774347222,"-"
"TTC14","chr16_88859972_88860910",391.627360228563,"+"
"THUMPD3","chr3_111920419_111939474",391.609918665042,"-"
"GTF3A","chr16_634956_636093",391.600374678656,"-"
"SYNCRIP","chr17_32479376_32479850",391.597038930178,"+"
"EIF3G","chr1_173864704_173865470",391.580307549587,"-"
"RBMX2","chr19_35502886_35505717",391.521512580369,"-"
"PABPC1","chr5_149517877_149520289",391.516196689005,"-"
"LSM6","chr15_41349241_41350987",391.509988226895,"+"
"ZC3H4","chr14_64924126_64926009",391.507229303648,"-"
"RBM22","chr19_41956934_41958285",391.495951891065,"-"
"U2AF2","chr2_222900780_222908732",391.492555660888,"+"
"EIF4H","chr11_86344721_86345583",391.483918003272,"+"
"MKRN2","chr20_35740887_35741940",391.465453901927,"-"
"LSM3","chr8_73955765_73955910",391.442713325261,"-"
"MYEF2","chr2_231710584_231711347",391.44046074809,"-"
"CSTF2","chr16_80976179_80981805",391.436654893749,"+"
"SF1","chr18_2960849_3013086",391.434737089258,"+"
"HNRNPC","chr6_149802416_149810615",391.421520579819,"+"
"A1CF","chr3_157153156_157156935",391.398759564708,"-"
"SLTM","chr4_55600571_55605274",391.378136176014,"-"
"TARDBP","chr20_63697191_63698279",391.375107882359,"-"
"DUS3L","chr9_32553944_32570959",391.366267826744,"-"
"SF3A1","chr11_406059_406141",391.349057884072,"+"
"PPIL4","chr19_9828389_9828591",391.334986912799,"-"
"EIF4B","chr1_153544809_153545479",391.328843331698,"-"
"ZFP36L2","chr8_85217502_85219235",391.324354736682,"-"
"SNRPA","chr1_153563866_153565505",391.322793995073,"-"
"CNOT4","chr22_46297479_46308318",391.313968948296,"-"
"LARP1B","chr3_98867438_98881539",391.303074818283,"-"
"SYNJ2","chr19_32581700_32582194",391.292752474739,"-"
"MBNL2","chr2_69788141_69825455",391.216133951668,"-"
"RBM3","chr19_45413745_45414860",391.210997302014,"-"
"EIF4B","chr4_2040092_2042326",391.181242835186,"-"
"PABPN1","chr1_203861713_203862190",391.166499343759,"-"
"ENOX2","chr4_48894053_48899828",391.152578195661,"-"
"MTHFSD","chr19_49524776_49526009",391.149109758199,"-"
"HNRNPH3","chr5_181238239_181239486",391.083903171895,"-"
"TIAL1","chr2_46581591_46592474",391.079144656306,"+"
"MBNL3","chr10_133355505_133355737",391.071936233492,"-"
"SETD1B","chr1_159965645_159976643",391.067960066256,"+"
"EIF3G","chr10_78034421_78035351",391.033257784139,"-"
"EIF4H","chr1_46310044_46310154",391.024563981172,"-"
"TRMT1","chr7_6400188_6402315",391.019322109628,"-"
"RBM17","chr2_84906117_84906270",390.997912979945,"-"
"RBM12","chr17_44037538_44040146",390.988997242191,"+"
"CSTF2T","chr11_64242558_64243450",390.984089897894,"-"
"CSTF2T","chr17_82036308_82036413",390.982758892012,"-"
"PPIL4","chr12_6975148_6975695",390.969041405018,"-"
"HNRNPC","chr11_112085462_112085977",390.968496823471,"-"
"DAZAP1","chr6_126340444_126346204",390.965868860308,"+"
"CSDE1","chr19_40775833_40776968",390.962868903911,"+"
"ZC3H4","chr6_43054486_43055544",390.953147588547,"+"
"SNRPA","chr13_45338776_45339993",390.949060521505,"-"
"RBM5","chr7_73694050_73697604",390.917631227601,"-"
"MKRN1","chr4_55600575_55607436",390.89420201611,"-"
"DUS3L","chr16_88644274_88646115",390.889208692797,"-"
"RBM39","chr19_44800274_44800380",390.882884105488,"-"
"LSM4","chr12_10607936_10609830",390.871196473144,"+"
"HNRNPH1","chr19_41861560_41869030",390.861319717112,"-"
"TRMT1","chr4_56452052_56459371",390.842064051352,"-"
"TOE1","chr17_51170049_51171486",390.833709960234,"-"
"DHX8","chr15_29800702_29822001",390.808658492635,"+"
"RBM12","chr17_7016685_7016909",390.790466867733,"+"
"HNRNPL","chr10_103392466_103396297",390.785239675401,"-"
"MKRN1","chr12_53642864_53669147",390.782787682073,"-"
"SRRM1","chr15_43792383_43792974",390.753256934157,"+"
"HNRNPL","chr2_227340380_227347225",390.747270050702,"-"
"CARHSP1","chr4_55616385_55630401",390.739442590462,"-"
"RBM22","chr11_119017545_119018281",390.735849894426,"-"
"SF3A1","chr8_15748465_15764202",390.67718402995,"+"
"SF1","chr13_27445156_27450141",390.671041510415,"+"
"PUF60","chr3_98822741_98825314",390.657005676973,"+"
"SNRPB2","chr16_2243224_2243317",390.65195372763,"+"
"RBM3","chr11_31433570_31456259",390.640354375512,"+"
"ASCC1","chr2_101859864_101864929",390.6361272619,"+"
"SRRM1","chr11_64317132_64317263",390.630978187605,"-"
"ANKRD17","chr12_53669291_53669870",390.608683319187,"-"
"RC3H1","chr6_26124749_26127697",390.600132315375,"+"
"G3BP2","chr12_120695152_120696315",390.556567234224,"+"
"ZFP36L2","chr5_176396532_176397606",390.543801240249,"-"
"ZC3H18","chr1_153561590_153563733",390.513421243989,"-"
"ACIN1","chr8_98042775_98045346",390.50460707628,"-"
"SNRPF","chr3_93995944_94035330",390.49755042299,"-"
"PABPC1L","chr14_55580354_55601756",390.48853734468,"-"
"LARP4","chr10_32935558_32954297",390.477700615867,"-"
"HNRNPA3","chr10_12172866_12177792",390.476822804646,"-"
"ZC3H15","chr12_76450988_76487509",390.472765119421,"+"
"HDLBP","chr19_35122839_35123270",390.458203336679,"-"
"SNRPF","chr12_54283234_54283811",390.454192656042,"-"
"EIF2S1","chr8_70583324_70583649",390.397595026313,"+"
"RBMX2","chr16_18784823_18788980",390.38721972241,"-"
"TRA2A","chr3_158602939_158605096",390.384632599882,"+"
"TRA2A","chr1_15426018_15428592",390.363300077899,"-"
"TOE1","chr20_34105545_34109364",390.346676022164,"-"
"KRR1","chr5_146480094_146482591",390.300979734504,"+"
"MCTS1","chr16_4340405_4340919",390.283863194209,"+"
"RBMS2","chr15_84670782_84687624",390.28311674665,"-"
"RBM28","chr15_60396427_60397942",390.282459353626,"-"
"MCTS1","chr15_69453454_69453646",390.277249459981,"-"
"PABPC1","chr19_40084798_40090905",390.274075673803,"+"
"RRP7A","chr7_93887431_93889034",390.245425576912,"+"
"RBM38","chr16_81084594_81090600",390.216332186763,"-"
"TRA2A","chr17_38450723_38451305",390.216083796004,"+"
"EIF2S1","chr1_67415339_67420008",390.214824102526,"+"
"POLR2G","chr11_18480635_18481629",390.175897075315,"+"
"PARP14","chr17_7857198_7883234",390.170520612293,"-"
"ACIN1","chr6_75240385_75241122",390.156566022836,"-"
"RBM14","chr1_205729621_205749956",390.150486816635,"+"
"LARP6","chr11_66640123_66646026",390.133447516782,"+"
"CCAR1","chr7_151076832_151076912",390.125577453959,"+"
"ZC3H6","chr1_156055425_156058314",390.095408415168,"-"
"EIF3G","chr7_23301017_23307867",390.032355408684,"+"
"PUF60","chr12_109088512_109092506",390.024529786189,"-"
"RBM8A","chr11_18480635_18481629",390.021173943685,"+"
"YTHDF2","chr13_31143923_31145562",390.004213262201,"+"
"CSDE1","chr20_49278738_49279103",389.988625052732,"-"
"YBX1","chr19_44172952_44174983",389.962977345256,"+"
"U2AF1L4","chr14_35046628_35050032",389.959191378129,"-"
"RBM38","chr11_66284966_66285700",389.956525402685,"+"
"UHMK1","chr11_64227666_64229246",389.953334955878,"+"
"KRR1","chr11_118401717_118406936",389.95098760815,"+"
"POLR2G","chr11_65115598_65115892",389.945521521413,"+"
"ZCCHC17","chr15_59642262_59650668",389.933864433603,"+"
"QKI","chr6_33276066_33276175",389.903720198126,"+"
"RBPMS","chr2_27772692_27779432",389.852206694007,"-"
"MTHFSD","chr7_118188405_118191916",389.833185088858,"-"
"KIN","chr6_75241265_75243422",389.829992118165,"-"
"RBM23","chr19_39433585_39433664",389.827828134187,"-"
"UPF1","chr12_109088512_109090008",389.79668241935,"+"
"CSDE1","chr12_54282874_54283811",389.788174086856,"+"
"NSUN6","chr17_59112345_59155130",389.779205716221,"-"
"IGF2BP2","chr6_75237988_75241175",389.76961396377,"-"
"ENOX2","chr2_9406905_9408112",389.766338578367,"+"
"YTHDF2","chr10_29658068_29686552",389.754914692905,"+"
"PPP1R10","chr17_40818482_40818766",389.744304014642,"-"
"ZC3H15","chr19_35166171_35169565",389.738846415207,"-"
"SNRPD1","chr8_67043317_67051229",389.717005799736,"-"
"TRNAU1AP","chr7_96688964_96694797",389.716677718709,"-"
"PNO1","chr19_35497681_35498597",389.698878813421,"-"
"SNRPA","chr20_63697191_63698279",389.697680001269,"-"
"MSI2","chr3_146525647_146533469",389.68858112886,"+"
"QKI","chr1_156598121_156598226",389.682795914554,"+"
"RBM8A","chr15_92997403_92998498",389.674939497166,"+"
"THUMPD2","chr12_102039978_102044104",389.647496593546,"+"
"ZFP36L2","chr4_55600571_55605274",389.636661557598,"-"
"SNRPC","chr20_16041278_16044570",389.62485322413,"+"
"SNRPG","chr19_12951589_12952688",389.599024470832,"-"
"RALY","chr3_190308439_190310168",389.590426890759,"+"
"RALY","chr11_67586271_67586388",389.583927279597,"-"
"ANKHD1","chr14_22565137_22588946",389.579006611443,"-"
"RBMS2","chr17_81240439_81240986",389.550244729385,"-"
"ELAVL1","chr17_32479886_32480145",389.533887291451,"+"
"RBM25","chr10_128116007_128116490",389.497985476511,"+"
"HDLBP","chr12_53034709_53037408",389.495922282152,"+"
"TIPARP","chr2_70288192_70293617",389.492987922396,"-"
"PABPC4","chr3_98822741_98849460",389.457931717693,"-"
"SPEN","chr17_36578192_36579244",389.432493680337,"-"
"RBM23","chr1_20776005_20776596",389.425151111304,"-"
"DKC1","chr11_870163_870418",389.406840886207,"+"
"RBM19","chr18_9475691_9512990",389.404414174142,"+"
"RBM12","chr2_130181797_130182626",389.375911309833,"-"
"RBMX","chr7_100435767_100435847",389.359541383078,"+"
"TRMT2A","chr11_64224210_64224284",389.334037406173,"+"
"PPP1R10","chr16_85805153_85805732",389.328381493064,"-"
"RBM18","chr19_36121669_36125450",389.317749005411,"-"
"PAN3","chr9_136862726_136862905",389.296691625165,"-"
"EIF4B","chr2_55263865_55267568",389.272685610616,"+"
"PARN","chr16_80976179_80981805",389.265698668192,"-"
"RC3H1","chr16_4848210_4857989",389.251786324088,"-"
"UNK","chr2_85596649_85597103",389.24482314711,"-"
"LARP4B","chr1_46185308_46185485",389.242504006923,"+"
"MKRN2","chr19_4501317_4501910",389.241991954414,"-"
"LSM7","chr1_42457350_42459602",389.241823808749,"+"
"MCM3AP","chr16_66932550_66932779",389.22211048041,"-"
"SYNJ1","chr17_51170049_51171486",389.216996718577,"-"
"RBPMS","chr19_45413745_45414860",389.211301813905,"-"
"APTX","chr6_138405280_138405970",389.16511609809,"+"
"SNRPB2","chr12_122519029_122521384",389.155175787344,"+"
"CPSF7","chr1_156737534_156738030",389.149966505135,"-"
"DHX8","chr2_131484218_131486023",389.130423527859,"-"
"RBM27","chr2_197501549_197503038",389.130293983771,"-"
"HNRNPH2","chr10_32935558_32957758",389.124521670315,"-"
"PTBP1","chr16_634797_636093",389.109446545822,"-"
"DHX8","chr19_44794281_44800380",389.102682910798,"+"
"TIAL1","chr15_63156521_63157399",389.091816017284,"+"
"HNRNPL","chr17_7857198_7883234",389.090372690704,"+"
"PDCD11","chr20_35739017_35740823",389.057218663473,"-"
"RBM23","chr14_22830254_22834171",389.039400383556,"-"
"ZFP36L2","chr3_127695190_127710575",389.024873688706,"+"
"KHSRP","chr19_18589683_18590853",389.017046334153,"+"
"RBM17","chr7_16801803_16804934",389.010919922264,"-"
"SUPT6H","chr10_104259798_104266083",389.009635477652,"-"
"ASCC1","chr5_134374463_134388324",389.00849496026,"-"
"RBM47","chr19_19199234_19201648",389.002290683169,"+"
"POLR2G","chr17_51160081_51161159",388.994862518705,"+"
"PUF60","chr8_56301573_56306675",388.945884220227,"-"
"NAA38","chr12_52897618_52898678",388.945157106983,"-"
"G3BP2","chr4_75648741_75655065",388.922292482441,"+"
"SYNCRIP","chr11_10807381_10808704",388.918480823591,"+"
"CPEB4","chr4_82355401_82356536",388.910754865349,"-"
"YTHDF3","chr1_28571338_28571866",388.879001638836,"+"
"PSPC1","chr11_93730712_93731149",388.867524566591,"+"
"MBNL1","chr11_111882598_111883135",388.834232300244,"+"
"SNRPD1","chr20_45815540_45815853",388.802725064228,"-"
"MTHFSD","chr1_42457350_42459602",388.798044471499,"+"
"RALY","chr1_153563866_153565505",388.76092593083,"-"
"LARP1","chr12_56159622_56159974",388.749041116634,"-"
"SNRNP35","chr16_2040241_2043566",388.743907979371,"-"
"RBM18","chr20_35739017_35740823",388.741208845016,"-"
"HNRNPR","chr13_27255354_27256155",388.738417495586,"-"
"RBM28","chr9_128152284_128152970",388.736625441436,"-"
"PCBP2","chr19_39435705_39435847",388.733356121604,"-"
"YTHDF3","chr2_27445449_27445744",388.724937592499,"-"
"PSPC1","chr8_674047_692477",388.706108927138,"+"
"SFPQ","chr3_127710665_127721052",388.686198567555,"+"
"YTHDF2","chr15_43800784_43801517",388.6855523579,"-"
"SRRM2","chr1_228146938_228147614",388.684240433105,"-"
"RBM12","chr5_135335141_135343259",388.66447462151,"+"
"RBM42","chr15_78283521_78285260",388.658544607774,"+"
"BICC1","chr17_40818482_40818766",388.588082847986,"-"
"HNRNPK","chr10_38017386_38054374",388.583633030075,"+"
"ENOX2","chr2_171707377_171715327",388.565672953869,"-"
"SNRNP70","chr4_82425667_82426036",388.544687067753,"+"
"LARP1","chr17_82392534_82398195",388.486996588318,"+"
"TNRC6A","chr20_31742647_31757406",388.467892987899,"+"
"IGF2BP3","chr1_161158211_161158411",388.447381526551,"+"
"DUS3L","chr6_29830410_29945233",388.446841522682,"-"
"RBM18","chr2_200372251_200389222",388.444464960609,"-"
"RBM17","chr7_91980333_91992157",388.409695309476,"+"
"TRMT1","chr19_44794281_44800178",388.407736581909,"+"
"RBM25","chr12_53665428_53666634",388.386951613345,"-"
"DKC1","chr12_6944565_6945770",388.383624114163,"-"
"RBMX2","chr19_11449428_11450645",388.38246436527,"+"
"PPIE","chr7_66994341_66995289",388.345299071166,"+"
"NUFIP1","chr6_85538864_85541984",388.302065269025,"+"
"TRA2B","chr3_39412061_39412276",388.274369450481,"-"
"ASCC1","chr10_78034316_78035351",388.25474989369,"-"
"PPIL4","chr10_29686651_29735754",388.253696103306,"+"
"NIP7","chr12_121347881_121352133",388.247863373008,"+"
"CPSF6","chr11_64321068_64321537",388.236954919129,"-"
"TRMT1","chr1_156737776_156738030",388.22320739303,"+"
"EIF3G","chr6_30345573_30346431",388.215602431414,"+"
"SYNJ2","chr13_110641608_110642314",388.166383481486,"+"
"SRBD1","chr5_140194652_140228729",388.153337191039,"-"
"CPSF7","chr8_86474953_86477293",388.141811828377,"+"
"EIF4B","chr20_49281818_49289044",388.12139044154,"-"
"NAA38","chr12_53641704_53669147",388.115515960502,"-"
"HNRNPH1","chr18_49490927_49491351",388.108320237914,"-"
"SRRM1","chr15_49137458_49139527",388.108068941082,"+"
"LARP4B","chr2_152663979_152664137",388.093998955834,"+"
"PAN3","chr4_82425667_82426036",388.092139899933,"-"
"AKAP1","chr2_237692521_237708543",388.091728793738,"+"
"LENG9","chr2_200329480_200389222",388.073666780606,"-"
"DUS3L","chr1_53233652_53235576",388.055476193826,"-"
"APTX","chr3_98825366_98849460",388.033136122749,"+"
"EIF3G","chr1_45602365_45604935",387.984036923581,"+"
"NUFIP1","chr10_70882485_70885151",387.963515256075,"+"
"ENOX2","chr7_10938896_10940011",387.94562953789,"-"
"HNRNPC","chr20_45841956_45843526",387.923052463579,"+"
"TRMT2A","chr3_87249977_87253394",387.913811135421,"-"
"TNRC6A","chr7_73303529_73303599",387.907774144381,"+"
"PRR3","chr11_64227132_64229246",387.90752358288,"-"
"TIAL1","chr10_103394394_103396408",387.90689215232,"-"
"LSM4","chr17_48894449_48895155",387.902351226896,"+"
"SF3B4","chr11_88328196_88334936",387.896404169035,"+"
"TRA2B","chr11_67611569_67611896",387.888146399303,"+"
"CARHSP1","chr3_184365226_184368176",387.863899883684,"-"
"RBM4B","chr6_85612923_85614980",387.852984424508,"+"
"ZC3H12A","chr14_22565137_22588946",387.839046020423,"-"
"PPIL4","chr19_18900449_18904770",387.783125986556,"-"
"EWSR1","chr20_35699456_35699632",387.746495462458,"+"
"PUM2","chr11_3001248_3001969",387.740012746855,"+"
"ZC3H8","chr16_635340_636093",387.716449247964,"+"
"PUF60","chr6_29725306_29725446",387.700468682552,"+"
"PCBP2","chr19_2271954_2272742",387.699386328764,"-"
"LSM10","chr1_228147754_228148370",387.677133406607,"-"
"NAA38","chr9_19200520_19378367",387.66209214107,"-"
"RALY","chr16_25170805_25174936",387.642198818049,"+"
"ESRP2","chr13_31141259_31145562",387.639661213293,"-"
"SFPQ","chr20_44885886_44901530",387.627165416438,"-"
"PCBP2","chr16_2775625_2776992",387.6214560169,"-"
"LSM10","chr19_41864267_41869030",387.595893621301,"-"
"U2AF1L4","chr1_206012406_206013771",387.595715017449,"+"
"RBM23","chr16_1962270_1962735",387.593075176535,"-"
"RALY","chr21_44856364_44861162",387.585923960507,"+"
"ZC3H13","chr1_155827028_155853275",387.563593520164,"-"
"SF3B4","chr6_43054486_43055896",387.549504126831,"-"
"NAA38","chr8_85219360_85220305",387.524562186131,"-"
"FXR1","chr17_44212006_44212818",387.523549060899,"-"
"ESRP1","chr7_54757719_54759157",387.517453586334,"-"
"TARDBP","chr11_63753708_63756111",387.513247541426,"+"
"FXR1","chr20_37230059_37232295",387.480326735894,"-"
"MKRN1","chr9_36199096_36204067",387.476424495705,"+"
"ZC3H3","chr2_181900904_181901301",387.469441585196,"-"
"CARHSP1","chr18_12712760_12724498",387.431019082026,"-"
"UPF3B","chr19_40451492_40458173",387.428648012881,"-"
"CPEB4","chr1_1311071_1311329",387.41525140385,"+"
"PCBP2","chr12_57305663_57310263",387.412890275505,"-"
"DUS3L","chr17_59131367_59155130",387.404622659583,"+"
"G3BP2","chr17_32479886_32480145",387.401608023354,"+"
"ZFP36L2","chr8_127890998_127989161",387.397517475361,"+"
"RRP7A","chr17_75563806_75564352",387.392618799223,"+"
"HNRNPH2","chr13_45149788_45151686",387.334655486779,"+"
"EIF4B","chr1_153990802_153990913",387.294703109458,"-"
"TNRC6A","chr13_27253843_27255241",387.278980398956,"-"
"HNRNPC","chr20_44885886_44887647",387.276538364716,"+"
"YBX1","chr9_136862496_136862905",387.275536158617,"+"
"SF1","chr12_57303217_57310263",387.264772086582,"-"
"SYNCRIP","chr12_76459895_76487509",387.261303307974,"-"
"PNPT1","chr17_75148671_75154341",387.250618808673,"+"
"POLR2G","chr7_100091330_100091419",387.247313283984,"+"
"TUT1","chr15_76216597_76217585",387.22040378474,"-"
"IGF2BP3","chr6_18258062_18258303",387.22030151469,"+"
"EIF2S1","chr9_93110721_93112217",387.213317782458,"+"
"PCBP2","chr15_51835058_51862810",387.212964125757,"-"
"RBPMS","chr22_37677065_37679602",387.185274245075,"-"
"MBNL2","chr3_146525647_146528613",387.176951588619,"+"
"HNRNPH1","chr14_54408789_54415898",387.176042657962,"-"
"PAN3","chr16_635340_635611",387.127956358582,"-"
"YTHDF2","chr17_44036300_44037411",387.103096116746,"+"
"ZNF638","chr16_635340_636093",387.036461172575,"-"
"SNRPG","chr19_35507511_35509910",387.028771497422,"-"
"ENOX2","chr9_35684315_35685475",387.007046922973,"-"
"FUS","chr17_75574668_75574873",386.990381046033,"+"
"THUMPD1","chr20_35632234_35632310",386.962519393741,"+"
"TARDBP","chr2_231463316_231464335",386.955215381303,"+"
"SNRPB","chr22_20122421_20125307",386.942063797524,"+"
"RALY","chr12_76060279_76061009",386.909149924329,"-"
"SNRNP35","chr11_111882598_111883135",386.905110577104,"+"
"EIF2S1","chr9_35100172_35100931",386.897792148064,"-"
"NAA38","chr1_1392803_1393395",386.890318447442,"+"
"SNRPA","chr17_41994944_41996310",386.88781693264,"+"
"CIRBP","chr4_39458598_39458890",386.881533256364,"-"
"ZCCHC17","chr4_82356683_82356795",386.869967759598,"+"
"CPEB4","chr17_77190952_77191213",386.860778225441,"-"
"RBM19","chr11_114443933_114445978",386.860411297794,"-"
"DAZAP1","chr19_34209051_34215123",386.857751568649,"+"
"ZFP36","chr16_4463850_4466152",386.853919256701,"+"
"ANKRD17","chr12_120694269_120694823",386.840723479388,"+"
"PTBP1","chr19_58388245_58393358",386.833617921316,"-"
"DKC1","chr16_2773833_2775450",386.825119339228,"-"
"MBNL2","chr2_131484218_131485944",386.817501177684,"-"
"RBM8A","chr13_75594990_75604768",386.813831360421,"+"
"YBX1","chr1_156745373_156751342",386.804582000076,"+"
"SNRPD3","chr6_143335119_143339638",386.751140039783,"-"
"DKC1","chr5_150447735_150449485",386.711304562595,"-"
"TRNAU1AP","chr11_17075197_17077167",386.67074755483,"-"
"TTC14","chr5_139600435_139623367",386.62048268122,"-"
"CPEB4","chr1_119737266_119743885",386.600744703486,"-"
"PPP1R10","chr4_152870848_152872451",386.566272546733,"+"
"UHMK1","chr19_44800274_44800380",386.54243667196,"-"
"HNRNPC","chr12_55716717_55716932",386.522100065357,"-"
"EIF4H","chr9_34614768_34616029",386.506815481739,"+"
"PABPC1","chr1_212608930_212615017",386.503184215085,"+"
"GTF3A","chr19_44793620_44794203",386.477890176518,"+"
"ZFP36","chr17_81893614_81894466",386.464704803499,"-"
"ZC3H18","chr5_123512570_123545416",386.449203050074,"+"
"PDCD11","chr1_212608930_212615017",386.44873979674,"+"
"ZFP36","chr1_173864304_173865509",386.447571600178,"-"
"HELZ","chr2_9207230_9279316",386.445638743842,"+"
"GTF3A","chr19_41864899_41869030",386.443090597326,"-"
"PARP12","chr7_64815653_64831450",386.438542995498,"+"
"PPIL4","chr8_54000050_54010429",386.427859624003,"+"
"LSM10","chr15_59642262_59650668",386.419789112496,"+"
"EWSR1","chr1_31911826_31915894",386.413517634388,"+"
"RBM15B","chr3_57577387_57583897",386.388172239229,"+"
"SNRNP35","chr16_635340_635611",386.377414976033,"+"
"CIRBP","chr1_224365991_224375794",386.366120753222,"-"
"RBM42","chr20_34078545_34079909",386.363767782353,"-"
"RBM3","chr2_38748653_38749528",386.361253148901,"+"
"ACO1","chr14_77708208_77710837",386.343824725169,"+"
"RBM42","chr22_29767607_29769677",386.338044487775,"+"
"RBM17","chr19_58388245_58394496",386.323307593861,"-"
"NOL8","chr8_61638363_61642887",386.30183532847,"+"
"NOL8","chr20_45000520_45001166",386.251942972892,"+"
"ELAVL1","chr2_200309090_200329430",386.176499768254,"-"
"PPIL4","chr7_35873775_35879822",386.152608037613,"+"
"ZC3H3","chr8_100705673_100709132",386.1498999068,"-"
"TTC14","chr2_131484218_131486023",386.111694574103,"-"
"TRNAU1AP","chr5_32591685_32598960",386.08158179054,"+"
"SAFB","chr8_144098994_144099276",386.039870542112,"-"
"TRA2B","chr1_28580646_28581093",386.014203884262,"-"
"RC3H2","chr2_200306922_200329430",386.010522583251,"-"
"YTHDF2","chr5_149513209_149517793",385.987027411789,"-"
"LARP4B","chr6_166322886_166324536",385.973724897093,"+"
"TMEM63A","chr2_200378119_200389222",385.947778813685,"-"
"POLR2G","chr5_171400210_171400838",385.931234935918,"+"
"ZRANB2","chr16_80976179_80981805",385.925599725961,"+"
"ZFR","chr17_81510329_81510478",385.908639007984,"-"
"PUF60","chr5_142137858_142140562",385.882656414052,"+"
"DHX8","chr12_55716717_55716932",385.878716090412,"-"
"SNRNP70","chr2_3545871_3547930",385.853626379374,"+"
"ZCCHC17","chr5_73504028_73504346",385.829256360758,"-"
"ACO1","chr4_82355401_82356536",385.81048946179,"-"
"ENOX2","chr5_43575935_43583466",385.804661481966,"+"
"RBM33","chr11_78070036_78079578",385.78640061618,"-"
"UPF1","chr19_38626102_38634992",385.78167046101,"-"
"HNRNPAB","chr9_15490124_15506560",385.753232662157,"+"
"CIRBP","chr19_45413745_45414860",385.74836329725,"-"
"PRR3","chr5_96675601_96722638",385.739889107805,"-"
"ELAVL1","chr15_75339104_75339964",385.73535147893,"-"
"HNRNPAB","chr13_75804541_75817160",385.726440514819,"+"
"RBMXL1","chr19_35505986_35509910",385.706796680631,"-"
"MEX3D","chr4_163514158_163515312",385.701199411846,"+"
"ENOX2","chr2_85395626_85398689",385.695285115827,"-"
"LSM10","chr11_74965117_74965762",385.685351419056,"+"
"SRBD1","chr16_23585423_23596122",385.67031518565,"-"
"SNRNP70","chr3_119669665_119675144",385.66934141911,"+"
"LSM10","chr5_134376694_134388324",385.667537153139,"-"
"LSM4","chr14_22830254_22833417",385.63307659615,"+"
"RBM15B","chr17_5426299_5428070",385.621523102993,"+"
"SUPT6H","chr12_55716196_55716932",385.612304168963,"+"
"RBMX2","chr11_63753708_63756111",385.601914507708,"+"
"CHERP","chr2_152663967_152664137",385.586033189388,"-"
"SAMD4B","chr15_74920442_74929115",385.545081021862,"-"
"MEX3D","chr3_197161738_197194424",385.532670603126,"-"
"PNPT1","chr21_25729801_25734852",385.506764569062,"+"
"HNRNPC","chr9_35684807_35685063",385.489921924963,"-"
"NONO","chr16_2752846_2757471",385.458621216662,"+"
"CPSF4","chr19_35505986_35509910",385.456738971985,"-"
"ACO1","chr19_39433418_39433517",385.438000010909,"-"
"LARP1","chr2_187467932_187484123",385.420589087425,"+"
"HNRNPF","chr1_173864704_173865470",385.418193492222,"-"
"HNRNPL","chr13_75809183_75817160",385.411750167853,"+"
"EIF4H","chr2_200329480_200389222",385.411561604913,"+"
"ASCC1","chr5_163464802_163469640",385.404279077284,"+"
"GRSF1","chr3_127695190_127710575",385.392856811755,"+"
"MTHFSD","chr6_159797549_159798051",385.391574181341,"-"
"G3BP2","chr1_23967723_23971572",385.366497625034,"+"
"LARP1B","chr3_98820288_98825314",385.348371897636,"-"
"TRMT1","chr6_5109491_5216617",385.339769599452,"+"
"PARP14","chr5_134376694_134380718",385.339192467264,"+"
"HTATSF1","chr9_35813519_35813643",385.329026522773,"-"
"IGF2BP3","chr8_97691188_97706625",385.300371811695,"-"
"PDCD11","chr20_16041278_16044570",385.288252803308,"+"
"HNRNPH1","chr11_65538324_65538441",385.269530287126,"+"
"SNRPA","chr2_9406905_9408112",385.265657267828,"+"
"LSM7","chr19_48616202_48616725",385.219546065625,"+"
"NUFIP1","chr5_146463793_146468340",385.211211671265,"-"
"ZC3H6","chr4_82355401_82356536",385.20320514565,"+"
"MCM3AP","chr19_35509961_35510183",385.198039259491,"-"
"RBM28","chr12_56311414_56314850",385.194744332025,"+"
"RBM38","chr2_73946888_73958145",385.16845666518,"-"
"KHDRBS3","chr19_2324196_2328411",385.135113673302,"-"
"SF3B4","chr1_24646789_24648858",385.131360134384,"+"
"HNRNPAB","chr2_229859574_229879981",385.112329736256,"+"
"ZC3H13","chr2_46581591_46592474",385.086254788082,"+"
"EIF2S1","chr5_82276280_82276397",385.076308963597,"-"
"RDM1","chr15_63156521_63157113",385.052473828169,"-"
"DNAJC17","chr20_45841956_45844262",385.029345750216,"+"
"RBM3","chr11_114443933_114444585",385.020502679879,"-"
"KHDRBS1","chr19_41860845_41861099",385.00205837208,"-"
"ANKRD17","chr11_47625741_47627079",384.973522917118,"+"
"PUF60","chr16_69713129_69714963",384.971951168453,"+"
"EIF4H","chr8_38407463_38408211",384.965165137496,"+"
"HNRNPA2B1","chr22_40964117_40972475",384.925790244334,"-"
"HTATSF1","chr19_35497538_35497646",384.922992910285,"-"
"SYNJ2","chr6_36598983_36601151",384.917025935689,"+"
"ESRP2","chr19_49524776_49526009",384.916097541269,"-"
"HNRNPM","chr2_3545871_3547930",384.886874433254,"+"
"TARDBP","chr6_70395043_70395229",384.872522540366,"+"
"NONO","chr12_6975148_6975695",384.847708294396,"+"
"YTHDF3","chr20_63521589_63521704",384.846573287149,"-"
"SF1","chr2_9406905_9408112",384.828795624011,"+"
"PARP14","chr8_38263406_38266140",384.804789376766,"+"
"THUMPD1","chr19_55388048_55402942",384.802998467914,"-"
"QKI","chr16_66552793_66563121",384.795492335394,"+"
"RBM5","chr16_14672749_14678644",384.790491318474,"+"
"RBMX","chr11_61789235_61789784",384.779692364442,"+"
"L3MBTL3","chr17_5428211_5432541",384.779055725186,"-"
"RBPMS","chr12_94971620_95002738",384.769722645234,"-"
"BICC1","chr2_131484218_131486023",384.757065636309,"-"
"DAZAP1","chr12_94971620_95002738",384.752184270011,"-"
"RBM14","chr5_74770810_74776603",384.733453383887,"-"
"RBM12B","chr9_35660647_35660770",384.674162382249,"-"
"ASCC1","chr5_123512570_123532568",384.655361153212,"-"
"GTF3A","chr17_42951894_42953723",384.619804506584,"+"
"FUBP3","chr17_60083766_60085054",384.613741640711,"-"
"GRSF1","chr11_64227132_64227567",384.590828516289,"-"
"RBM14","chr17_44036300_44040146",384.583138521365,"-"
"NAA38","chr7_29064234_29066022",384.581089555914,"+"
"UNK","chr18_9195698_9208656",384.573836931698,"+"
"NIP7","chr16_1962656_1963148",384.547424887039,"-"
"ZC3H15","chr19_3452666_3456549",384.521265636319,"+"
"ZC3HAV1L","chr7_139035985_139036652",384.508598733482,"+"
"MKRN2","chr11_134248484_134248808",384.506363293634,"+"
"RBM26","chr1_193023946_193028084",384.501469181918,"+"
"BICC1","chr16_1962270_1962492",384.490262333166,"-"
"IGF2BP2","chr4_39454944_39456421",384.454004080159,"-"
"RBMS2","chr2_131492024_131492991",384.447101953487,"-"
"KIN","chr1_244842058_244842194",384.425700237343,"+"
"RBM33","chr7_20198670_20217298",384.4241046687,"-"
"GTF3A","chr17_38850466_38852603",384.406975488243,"-"
"HTATSF1","chr16_634956_635611",384.406816890741,"-"
"ZNF638","chr16_18789118_18789896",384.405246546897,"-"
"LSM6","chr17_42953778_42954875",384.395918388434,"+"
"FUS","chr6_31835451_31837235",384.395260647271,"+"
"ZCCHC17","chr3_108049651_108057476",384.391019429305,"-"
"HNRNPL","chr11_66017174_66018787",384.380909208675,"+"
"LARP4","chr11_111882598_111883770",384.371161196468,"-"
"IREB2","chr19_43652053_43652224",384.301456208002,"-"
"PPP1R10","chr14_22830254_22833417",384.29790478139,"-"
"SRRT","chr14_22830254_22834171",384.264813789851,"-"
"TRA2B","chr20_17660528_17679998",384.24657474616,"-"
"RBM10","chr11_65884688_65884934",384.245327947241,"-"
"SNRPB2","chr6_85677492_85677953",384.243467118596,"-"
"KRR1","chr19_41863985_41869030",384.227950262658,"-"
"TRNAU1AP","chr1_224370977_224371282",384.204729828099,"-"
"ZFP36L1","chr13_75809183_75817160",384.187629270949,"-"
"EIF3G","chr19_41958383_41958735",384.161484671731,"+"
"RBM22","chr1_156596478_156598034",384.15400612617,"+"
"HNRNPK","chr14_94110797_94114850",384.14916763702,"-"
"RRP7A","chr16_30070029_30070116",384.148647110203,"+"
"ZRANB2","chr3_156543269_156544293",384.138462102761,"-"
"PPP1R10","chr5_163467748_163469640",384.106649398013,"-"
"PUF60","chr4_55600575_55607436",384.093168449465,"-"
"HNRNPA3","chr1_193023946_193028084",384.083408679387,"+"
"L3MBTL3","chr9_133357814_133359949",384.077735164429,"-"
"SUPT6H","chr1_226166000_226186389",384.060418735526,"+"
"RBM5","chr3_121730017_121730875",384.028863224516,"+"
"PABPN1","chr11_66285572_66285700",384.022947050031,"-"
"MCTS1","chr1_231229209_231238856",383.999664124475,"+"
"PPIE","chr14_103123951_103126309",383.996467320825,"+"
"HNRNPH1","chr3_111920419_111939474",383.98989462798,"+"
"SNRPD1","chr2_86207327_86210479",383.966873656426,"+"
"ZFP36L2","chr6_30062017_30062223",383.915137960411,"+"
"LARP4B","chr11_67490449_67490787",383.914941421402,"-"
"RBMS1","chr2_231707228_231711347",383.909976767755,"-"
"SRRM1","chr19_1439826_1440018",383.905389039541,"-"
"SLBP","chr19_12676142_12677290",383.904546375872,"+"
"ZCRB1","chr6_33701420_33711548",383.899699535808,"+"
"PAN3","chr2_101860986_101864929",383.876850095123,"+"
"TARDBP","chr3_49015707_49015803",383.844193741314,"+"
"PUF60","chr19_45416897_45419097",383.82342746332,"+"
"EIF3G","chr7_54757594_54759161",383.794631896,"+"
"RBMS1","chr2_237708630_237719522",383.771299498446,"-"
"CSDE1","chr15_45689217_45690944",383.759172264323,"-"
"SPEN","chr1_212442625_212444338",383.755717557324,"+"
"YTHDF3","chr17_47151918_47154671",383.749334496047,"+"
"HNRNPA3","chr20_16041278_16044570",383.740631720383,"+"
"MSI2","chr14_22565137_22588946",383.721805782166,"-"
"RRP7A","chr11_62833674_62833791",383.71386809717,"+"
"NAA38","chr14_103913984_103915065",383.705886916775,"+"
"HNRNPC","chr2_74135658_74145188",383.705346905926,"-"
"KIN","chr10_118336423_118342269",383.699113985991,"-"
"TIA1","chr5_61073214_61098991",383.681777740792,"+"
"KRR1","chr5_140300582_140303040",383.661770664156,"+"
"ZFP36L1","chr5_140194652_140228729",383.646222632475,"-"
"RBM3","chr6_116574171_116580294",383.632419021361,"+"
"TUT1","chr7_100435533_100435847",383.625401451637,"-"
"ZCCHC17","chr12_53295639_53296243",383.613852178409,"-"
"UHMK1","chr7_129858941_129879567",383.582572143872,"+"
"RRP7A","chr2_131492024_131492206",383.566709688168,"-"
"EIF4H","chr19_35546808_35546944",383.536758953938,"+"
"RBM47","chr5_163464802_163469640",383.520167046527,"+"
"SRRM2","chr15_75339104_75339964",383.492734489029,"-"
"SNRPB","chr16_31201841_31202416",383.486721926769,"-"
"SNRPD1","chr22_40951476_40953554",383.465058018099,"+"
"SNRPB","chr11_112085462_112085977",383.458892212515,"-"
"MCTS1","chr19_49525573_49526009",383.457301856427,"+"
"RBM8A","chr14_94114880_94115789",383.447111411677,"+"
"NIP7","chr6_159797369_159798051",383.4450284004,"-"
"TIAL1","chr16_27225236_27225725",383.444607652126,"+"
"FUBP3","chr2_73946906_73958145",383.430861206418,"+"
"SLTM","chr14_55580354_55612018",383.392890858188,"-"
"TIAL1","chr19_35651349_35658593",383.341754621441,"-"
"EIF3G","chr22_37886845_37888425",383.338788672276,"+"
"SNRNP70","chr12_109088512_109092506",383.323546849022,"+"
"SSB","chr6_138405280_138405970",383.286684652781,"+"
"LARP1B","chr19_18903423_18904770",383.277729604754,"-"
"ZFP36L1","chr19_48965916_48966283",383.267501052745,"-"
"PPARGC1B","chr6_116572985_116580294",383.257928709707,"-"
"SNRPD2","chr17_28720890_28722722",383.247375657668,"+"
"SRRM2","chr19_18433932_18434216",383.244465651514,"-"
"TEP1","chr19_14471426_14471580",383.239831517228,"-"
"YTHDF1","chr18_2954599_2960599",383.224204731238,"-"
"MTHFSD","chr16_18789118_18790309",383.216488744375,"-"
"ZC3H13","chr15_74920442_74926765",383.198552148085,"-"
"RBM15B","chr9_33998864_34048824",383.191555410209,"-"
"LARP4","chr10_128119319_128122880",383.178721621168,"-"
"IGF2BP3","chr16_29904965_29905787",383.176610312949,"+"
"ZCRB1","chr7_26190460_26192494",383.158847462471,"+"
"CPSF4","chr12_53295639_53298044",383.120013081932,"-"
"GTF3A","chr8_70583324_70583649",383.103947930949,"+"
"RBM28","chr19_35505986_35509910",383.098750337041,"-"
"PPIE","chr1_222715800_222718924",383.096952771943,"+"
"ESRP2","chr19_45416897_45421177",383.074371241194,"-"
"PUF60","chr1_46310044_46310154",383.072750434264,"-"
"RBM22","chr10_118311313_118326153",383.059089254434,"+"
"RBM22","chr4_2042175_2042326",383.043933883988,"-"
"YTHDC1","chr1_155169857_155172350",383.005914551663,"-"
"RBM47","chr5_53646405_53683117",382.998927753045,"-"
"NIP7","chr19_45688466_45691886",382.9983721743,"-"
"NAA38","chr13_27254281_27255241",382.989411197726,"+"
"FMR1","chr17_75320550_75321658",382.971921629679,"-"
"UPF1","chr19_5896997_5901334",382.967438190567,"-"
"HNRNPM","chr19_12949159_12949274",382.949262188246,"+"
"NUFIP1","chr3_197149796_197194424",382.941511677419,"-"
"HNRNPH1","chr5_146463793_146469543",382.912515577968,"+"
"POLDIP3","chr19_5679763_5680457",382.90439597173,"+"
"SRBD1","chr1_234377609_234383722",382.903238185896,"-"
"PSPC1","chr9_32553944_32558909",382.899752983441,"+"
"ZFR","chr3_167720273_167734805",382.837398900691,"-"
"RBM7","chr5_178149838_178153490",382.81603552198,"-"
"SART3","chr11_3001248_3001969",382.813631557621,"+"
"DHX8","chr3_179588995_179593764",382.806610024423,"-"
"KIN","chr19_58246794_58277182",382.795138549703,"+"
"EWSR1","chr19_41863985_41869030",382.78706331611,"-"
"FXR2","chr5_139600435_139623367",382.750732307074,"-"
"CPSF4","chr17_39202439_39204085",382.732647445692,"-"
"PPRC1","chr17_31976614_31982998",382.722024166925,"+"
"ZC3H7A","chr19_10395543_10395927",382.698625710337,"+"
"RBM27","chr18_21622801_21623874",382.692762787126,"-"
"RBMX2","chr12_29341816_29343119",382.68074506623,"+"
"DNAJC17","chr3_184304391_184305848",382.677305768118,"-"
"PDCD11","chr19_10573088_10574416",382.670138342073,"+"
"THUMPD1","chr9_15490124_15506560",382.667179579074,"+"
"ZC3H14","chr2_73927052_73958145",382.625008737915,"-"
"ZC3H14","chr9_33026616_33029884",382.603775608487,"-"
"RBM17","chr1_19597109_19622099",382.599591025859,"+"
"SAFB","chr2_73946906_73958145",382.599442525803,"+"
"RBM23","chr16_67203583_67203664",382.596133497753,"+"
"SNRPG","chr16_2775625_2776992",382.595541770967,"-"
"RBM39","chr2_27445449_27445928",382.593559493969,"+"
"RNPS1","chr3_186784696_186785882",382.593001570875,"-"
"ANKRD17","chr3_180985996_180988022",382.579879968363,"+"
"RBMXL1","chr7_103327378_103327655",382.577710019941,"-"
"NIP7","chr19_32585009_32585815",382.562118802121,"-"
"RALY","chr19_16646800_16647095",382.558865943981,"-"
"PABPC4","chr17_31983104_31988319",382.554285656213,"+"
"SNRPB2","chr1_35609408_35631273",382.490250483018,"+"
"HNRNPH1","chr19_1244185_1244318",382.459538338486,"-"
"YTHDC1","chr2_237749324_237753308",382.455495092373,"+"
"RBM33","chr9_15490124_15506560",382.428601172372,"+"
"TIAL1","chr7_56101861_56102862",382.427373062356,"-"
"SNRPE","chr10_104297684_104299127",382.416962549907,"+"
"SNRPD2","chr2_111480061_111494884",382.396792942358,"-"
"EWSR1","chr1_159965645_159976643",382.389334634443,"-"
"TRMT1","chr19_12676142_12677107",382.386326496011,"+"
"LARP1B","chr5_49601272_49602112",382.380001623461,"-"
"RBM41","chr7_107613432_107618327",382.376311511319,"+"
"PCBP4","chr8_27752587_27756718",382.373297070579,"+"
"SNRPB","chr5_74774060_74776603",382.368628365591,"+"
"LSM4","chr12_110492122_110496011",382.36014391477,"-"
"RBM22","chr12_6975148_6975228",382.358187922242,"+"
"RBM19","chr20_50084254_50113106",382.354117856008,"-"
"FUS","chr1_42660904_42664862",382.34713881273,"+"
"U2AF2","chr17_75168401_75181056",382.327408244323,"-"
"PARP12","chr17_28720890_28722698",382.312200134993,"-"
"DUS3L","chr10_29658068_29658938",382.304668928843,"-"
"EWSR1","chr2_240134005_240136221",382.301975117276,"+"
"CPSF7","chr2_131492024_131492719",382.299399429862,"-"
"IGF2BP2","chr5_53646405_53683117",382.290426648819,"+"
"LSM4","chr22_46308207_46308318",382.268905667086,"+"
"HNRNPAB","chr1_45568684_45568926",382.266401685978,"+"
"RBM7","chr16_89561368_89561577",382.261301550704,"+"
"RBM8A","chr22_24557800_24567983",382.25544600378,"+"
"ZC3H14","chr12_94994257_94997307",382.239074158164,"-"
"NAA38","chr12_104991848_104994477",382.238113231363,"+"
"FUBP1","chr19_5901454_5903611",382.22889453301,"-"
"TRA2B","chr14_94114880_94115789",382.182515647484,"-"
"CIRBP","chr11_85654256_85655593",382.177825755095,"-"
"ASCC1","chr9_35813784_35814898",382.176830898018,"+"
"KHDRBS1","chr16_1962270_1962735",382.172043699985,"-"
"SNRPB2","chr12_82357269_82358222",382.167565161637,"+"
"HNRNPH3","chr5_160422893_160424236",382.165351488081,"+"
"RRP7A","chr13_46775692_46777455",382.160648362914,"-"
"SETD1B","chr15_51829836_51834993",382.148664716589,"-"
"UNK","chr12_6849198_6849564",382.145016776148,"-"
"POLDIP3","chr1_1402256_1402461",382.136021731973,"-"
"RBM25","chr11_64227666_64229477",382.119500573309,"-"
"SF1","chr5_154756193_154790324",382.116726018293,"+"
"EIF2S1","chr3_184366800_184368176",382.116337935473,"+"
"SNRPF","chr1_150231926_150235732",382.112017802618,"+"
"DAZAP1","chr19_4409759_4422565",382.106745023688,"+"
"SLTM","chr13_114282943_114286518",382.050926089662,"+"
"ZC3H4","chr9_35725727_35726375",382.02636906079,"-"
"RBM10","chr17_44212006_44212818",382.017217641467,"+"
"KHDRBS1","chr2_200384017_200389222",382.007280012381,"-"
"LSM11","chr6_26124749_26138053",381.991103040766,"-"
"EWSR1","chr11_62789426_62789885",381.988320670802,"-"
"RBMX2","chr4_48897857_48904483",381.962494487425,"+"
"YTHDF1","chr19_35505986_35510183",381.954988039225,"-"
"RBM6","chr3_197142768_197149742",381.949630536236,"+"
"EIF3B","chr6_167827237_167864550",381.940522840053,"+"
"BICC1","chr11_5226799_5227200",381.934116289765,"-"
"PARP10","chr2_46581591_46591802",381.921689135254,"-"
"PPIL4","chr8_61644632_61651049",381.914338588477,"-"
"ESRP1","chr11_840480_842496",381.903559160739,"-"
"SRRM1","chr15_78542645_78544189",381.901960003916,"+"
"POLR2G","chr18_9119590_9126830",381.887293818944,"-"
"RBM6","chr8_56216531_56217330",381.881641510786,"+"
"SNRPB","chr1_153626533_153632033",381.879915414198,"-"
"RBM43","chr8_127890998_127939507",381.878653813576,"+"
"ZCRB1","chr7_6400188_6402315",381.865093243104,"-"
"GTF3A","chr22_23971623_23973767",381.839448133593,"+"
"CPSF4","chr14_22830254_22834171",381.827032458067,"-"
"UHMK1","chr11_62833131_62833617",381.823002249082,"+"
"THUMPD1","chr8_100288267_100309866",381.786853027186,"+"
"NIP7","chr2_131484218_131486023",381.755289984267,"-"
"GRSF1","chr1_243304777_243305011",381.752437867372,"+"
"SAFB2","chr8_38264604_38266140",381.738636097954,"+"
"POLR2G","chr19_1272051_1274306",381.729631434932,"+"
"LARP7","chr2_197500918_197501073",381.7111064287,"-"
"SETD1B","chr19_2271954_2272742",381.708139270414,"-"
"SNRPB","chr18_21622801_21623747",381.69788961376,"-"
"POLR2G","chr19_1272051_1274306",381.696711305371,"+"
"TLR2","chr19_29942664_29942822",381.689494735546,"-"
"HNRNPH1","chr1_159961405_159965498",381.685625701588,"-"
"ZRANB2","chr10_104259798_104266083",381.673474196541,"-"
"PABPC1","chr9_35679342_35679904",381.663307959201,"-"
"ZC3H13","chr9_129634221_129635207",381.660305725577,"+"
"MEX3D","chr1_45568177_45568926",381.652593854274,"-"
"FXR2","chr6_85677492_85677953",381.650278433031,"-"
"TOE1","chr16_4796048_4796189",381.617569848469,"-"
"HNRNPM","chr1_155827028_155853275",381.583469149054,"+"
"SUPT6H","chr5_146164471_146168127",381.577742650946,"+"
"UPF3B","chr19_6730384_6730988",381.563040697065,"-"
"SYNCRIP","chr16_69715077_69718122",381.554969701182,"+"
"RALY","chr19_12951589_12952688",381.524733769763,"-"
"ZC3H14","chr17_42950728_42951799",381.506110181323,"+"
"UNK","chr1_84501970_84563256",381.47098609589,"-"
"FUS","chr10_123162828_123165046",381.465222058105,"+"
"SNRPA","chr11_65115598_65115892",381.447570816723,"+"
"LSM10","chr2_9408205_9412268",381.432926919986,"+"
"GTF3A","chr19_35506185_35510183",381.43187356129,"-"
"ELAVL1","chr17_42810928_42811654",381.426341311029,"+"
"EIF4B","chr2_46591925_46592474",381.413404157964,"-"
"TRMT2A","chr5_112887183_112921162",381.411712094578,"-"
"LARP1B","chr20_36609730_36612009",381.4049198655,"+"
"LSM10","chr19_2324192_2328386",381.391773332259,"-"
"ZCCHC17","chr12_6492972_6493250",381.38987060798,"-"
"RBM10","chr3_195729739_195733188",381.38659212401,"-"
"PDCD11","chr1_109411113_109411876",381.352249443187,"+"
"CSTF2T","chr15_49137437_49139527",381.291451496227,"-"
"PABPC4","chr1_173864304_173865509",381.283791033602,"-"
"RBM45","chr4_139678642_139703454",381.274604510959,"-"
"LARP6","chr3_186785101_186785882",381.274052678769,"-"
"DNAJC17","chr9_34613901_34614041",381.259170400008,"-"
"ZFP36","chr12_76450979_76459858",381.251424658759,"+"
"APTX","chr20_63521363_63521511",381.233456677519,"+"
"CPEB3","chr8_127187884_127197474",381.222678012735,"-"
"RBM15","chr2_152663967_152664137",381.217652400329,"-"
"GRSF1","chr7_87341684_87345042",381.193327795279,"+"
"NUFIP1","chr3_143021385_143021472",381.182689441446,"+"
"RBM22","chr18_12785844_12794383",381.180703331801,"+"
"HTATSF1","chr18_49489550_49490453",381.179747733024,"+"
"PSPC1","chr6_33290244_33290325",381.168643807933,"+"
"PPRC1","chr3_143021385_143021472",381.165337721672,"+"
"EIF2S1","chr1_171512200_171513000",381.155506246964,"-"
"TRMT2A","chr5_134738792_134743986",381.144605844028,"-"
"EIF3G","chr3_108054215_108057476",381.130925583684,"-"
"ESRP2","chr3_39408724_39411648",381.11728193002,"-"
"SNRPC","chr10_97436551_97437190",381.111442167736,"+"
"MCM3AP","chr1_151266112_151266307",381.101921011229,"+"
"RNPS1","chr14_54417951_54418213",381.09363660332,"-"
"RC3H1","chr2_169812506_169819560",381.093075554477,"-"
"DNAJC17","chr3_184242676_184245197",381.088010059305,"-"
"POLR2G","chr8_143575093_143575229",381.086619023097,"-"
"NAA38","chr19_35505765_35505938",381.06458688378,"+"
"ZCRB1","chr11_47625741_47627079",381.052744908965,"+"
"RNPC3","chr15_49137458_49139527",381.042898437854,"+"
"RC3H2","chr8_108203503_108228266",381.032372317233,"-"
"SETD1B","chr3_108050598_108051938",381.014176668576,"-"
"SSB","chr19_10569786_10574416",381.009022010588,"-"
"RBM26","chr17_38731439_38733275",381.00475893965,"+"
"SNRPC","chr6_34237317_34240736",381.001737813437,"+"
"PUF60","chr6_151305903_151348710",381.001033605389,"+"
"SF3B4","chr10_101601336_101609366",380.989193997403,"-"
"KHSRP","chr17_7856843_7857014",380.978310671059,"+"
"ESRP1","chr17_42810928_42811654",380.962580186475,"+"
"SRBD1","chr14_64924126_64926006",380.949407047298,"+"
"HNRNPAB","chr3_186790255_186790325",380.949241836454,"+"
"ZC3HAV1L","chr4_108620712_108621950",380.929856653189,"-"
"AKAP1","chr6_75241265_75241821",380.924324851788,"-"
"RBM28","chr16_1962656_1962735",380.893320436313,"+"
"ACO1","chr17_7017014_7017260",380.877090766066,"+"
"SNRPA","chr7_44834562_44840898",380.858444528144,"-"
"RC3H2","chr18_2674145_2688393",380.848366209738,"+"
"DHX8","chr1_155319688_155320408",380.817923838108,"-"
"CARHSP1","chr2_200306601_200329430",380.811220183862,"-"
"ZC3HAV1L","chr2_231710584_231711347",380.80246732423,"-"
"CPSF7","chr19_3452666_3462751",380.76863351234,"-"
"RBM17","chr10_1005907_1007017",380.762196403308,"+"
"SRRM1","chr7_35873775_35879822",380.761694651889,"+"
"ACO1","chr19_39433418_39433664",380.747913311253,"-"
"NAA38","chr1_46185308_46196201",380.747496924825,"+"
"RBM12","chr20_45000520_45001166",380.737182801658,"+"
"RBM42","chr2_69781574_69825455",380.732407441919,"-"
"KIN","chr3_98881767_98901121",380.726916263369,"+"
"MBNL3","chr13_75594990_75601411",380.689113765615,"-"
"RALY","chr1_183623471_183630460",380.686831043381,"-"
"ZC3H13","chr3_49022768_49022877",380.679093068093,"+"
"GRSF1","chr3_11558827_11559331",380.660040083831,"+"
"RBM19","chr19_18571909_18573292",380.6189610015,"-"
"KRR1","chr1_32231019_32231114",380.615562751835,"+"
"YTHDC1","chr20_49280020_49280484",380.607050867593,"-"
"RBM15B","chr10_32935558_32935894",380.606723037302,"-"
"RC3H2","chr21_44973265_44976679",380.59890202029,"+"
"RBMX","chr17_44036300_44037411",380.580985283939,"-"
"RBM23","chr11_406059_406141",380.576864267234,"+"
"GTF3A","chr12_6975378_6983001",380.568582098908,"-"
"APTX","chr7_30500681_30504568",380.558859592595,"+"
"EIF3B","chr5_96740118_96741265",380.556636603012,"+"
"KHDRBS1","chr11_64227132_64229246",380.522000081039,"-"
"LSM4","chr5_69177349_69177523",380.504126109148,"+"
"ZCCHC17","chr4_39454649_39456405",380.497835342779,"-"
"ZFP36L2","chr3_49015707_49015803",380.493568935526,"-"
"ZC3H4","chr11_64319868_64320660",380.492856866434,"+"
"RBM10","chr1_46185308_46196201",380.487775467513,"+"
"TRA2A","chr19_48616202_48617315",380.443943656065,"-"
"CIRBP","chr18_59152685_59155687",380.427603825388,"+"
"NAA38","chr19_12799989_12800176",380.42187327087,"+"
"ZC3H18","chr19_45468712_45470628",380.383634846701,"+"
"PPIE","chr19_35506185_35507457",380.376809061665,"+"
"HNRNPH2","chr14_23081836_23090521",380.376505165295,"+"
"IGF2BP2","chr1_1392803_1393395",380.321930410163,"+"
"RBM12B","chr1_74733531_74736541",380.316121632898,"-"
"RBM45","chr17_6641100_6641752",380.308710424376,"-"
"MTHFSD","chr1_156737534_156738030",380.293548877209,"-"
"ESRP2","chr6_116572478_116580294",380.251849515163,"-"
"NOL8","chr1_19597109_19622099",380.251586256176,"+"
"RBM19","chr9_33026616_33026812",380.249195063933,"+"
"MTHFSD","chr16_635774_636093",380.243471096661,"-"
"SNRPE","chr7_26192338_26192494",380.22549207523,"-"
"KHDRBS1","chr8_100705673_100706650",380.20577178424,"+"
"PSPC1","chr12_112408656_112409049",380.180068207197,"-"
"SRRT","chr11_88326443_88334936",380.169218840797,"+"
"A1CF","chr3_197142768_197149742",380.139029756375,"-"
"DAZAP1","chr2_73946906_73958145",380.126490093829,"-"
"LSM10","chr5_87394484_87395043",380.123793802164,"+"
"SF3A1","chr11_88326443_88334936",380.114731520285,"-"
"TTC14","chr1_150230693_150231776",380.109315882953,"+"
"SFPQ","chr2_46591925_46592474",380.099639225642,"-"
"SRRM2","chr3_187121328_187127998",380.079929856729,"+"
"FXR1","chr3_186784696_186784961",380.068642237678,"+"
"EIF2S1","chr3_108047292_108049618",380.052919342107,"+"
"RBM10","chr16_4343291_4351231",380.040372498934,"+"
"RBM17","chr11_18242819_18245909",380.030321400698,"-"
"KHSRP","chr1_20779911_20780344",380.015805562477,"+"
"SNRPC","chr16_635340_635611",380.007535477633,"+"
"RBMS1","chr11_88326443_88334936",379.974089601041,"-"
"PARP10","chr3_150544498_150546051",379.968500583273,"-"
"TIPARP","chr12_53034709_53037408",379.966704017794,"+"
"PPIE","chr17_75321827_75325897",379.937163323228,"+"
"ZCRB1","chr9_128152284_128152970",379.934442703744,"-"
"PNO1","chr17_75574668_75574873",379.905969492976,"-"
"SETD1B","chr12_50222485_50248632",379.899653906011,"-"
"DNAJC17","chr11_83265979_83273646",379.896694083764,"+"
"SART3","chr19_2324192_2328386",379.871541476471,"-"
"HNRNPH1","chr8_56073272_56073694",379.868433149071,"+"
"ASCC1","chr2_85596649_85596856",379.847724072797,"-"
"ZCRB1","chr5_96695907_96727488",379.804292025327,"-"
"KHSRP","chr19_29942664_29971192",379.797500158117,"-"
"ZC3H15","chr11_34651805_34656910",379.776902803108,"-"
"PABPC1","chr2_73946888_73958145",379.749768422785,"-"
"RBM42","chr11_67352019_67352690",379.747497126817,"+"
"DNAJC17","chr2_73927052_73958145",379.731322546799,"-"
"SNRPC","chr12_110436204_110436664",379.71928036994,"-"
"PUF60","chr21_25734375_25734852",379.706632890107,"-"
"YBX1","chr21_44973265_44976679",379.691312063561,"-"
"PPIE","chr22_24557800_24571915",379.690690127505,"-"
"ANKRD17","chr19_35122839_35122904",379.678034690276,"-"
"PABPC1","chr6_116571655_116580294",379.674365988297,"+"
"SNRPF","chr19_40775833_40776968",379.662550584183,"-"
"RBM42","chr16_2243224_2243317",379.65932742165,"+"
"PPIL4","chr3_179588995_179593764",379.64290845843,"-"
"LSM4","chr4_48894053_48899828",379.639338795292,"-"
"ZC3H18","chr13_45337388_45337466",379.639319495587,"+"
"RBM10","chr6_43054486_43058064",379.606754115164,"-"
"YTHDF1","chr5_151746449_151758545",379.583415227083,"-"
"CCAR1","chr9_93111938_93112217",379.582620744292,"+"
"ELAVL1","chr11_47622776_47627079",379.563467072068,"-"
"IGF2BP3","chr11_17523267_17523418",379.537501923502,"+"
"TNRC6A","chr9_128153126_128153305",379.516711123581,"-"
"RBM39","chr1_64867208_64869310",379.509691524163,"+"
"CPSF4","chr6_158785583_158789287",379.490723729865,"-"
"RNF113A","chr1_92837633_92840550",379.464864455324,"+"
"ESRP1","chr19_29971227_29985222",379.458187671759,"+"
"ZCRB1","chr16_18788142_18788980",379.454040815272,"+"
"RBM7","chr7_99359738_99363542",379.448255599047,"+"
"RNF113A","chr6_138406033_138412879",379.440908778538,"+"
"ZC3HAV1","chr19_55386693_55387929",379.434641328793,"+"
"ZC3H6","chr2_187503770_187554199",379.431166400041,"+"
"PABPC1L","chr10_68338687_68339139",379.390199416876,"+"
"KRR1","chr10_133311816_133312787",379.38797906605,"-"
"MBNL2","chr5_132866691_132866868",379.36648950171,"-"
"ZFP36","chr3_197149796_197161639",379.330380125018,"-"
"TIAL1","chr3_157150381_157151916",379.323199596033,"+"
"ELAVL1","chr6_7581569_7582641",379.319579226839,"-"
"RNF113A","chr16_89561598_89561717",379.291116087506,"-"
"RBM19","chr12_117049158_117056805",379.29015004366,"+"
"LARP4B","chr3_119669665_119675144",379.283144143011,"+"
"CSTF2","chr1_1402256_1405802",379.250060635435,"-"
"CCAR1","chr20_56388202_56388686",379.246617510443,"-"
"NIP7","chr6_129642018_129710023",379.223431445681,"+"
"DAZAP1","chr1_153975905_153976975",379.214253935435,"-"
"HNRNPD","chr15_74920442_74926765",379.203597023746,"-"
"RBM18","chr21_42904276_42908863",379.203432130097,"+"
"HNRNPA3","chr19_35122839_35123270",379.202033202498,"-"
"TUT1","chr19_1599560_1602330",379.186957538473,"-"
"SFPQ","chr6_10751234_10755141",379.179183189682,"+"
"PUF60","chr6_149802416_149810615",379.152296175193,"-"
"EIF3G","chr19_49497562_49499511",379.148501166175,"-"
"LARP4","chr9_35684807_35685063",379.148003553694,"-"
"SNRPB","chr1_1402601_1405808",379.088913970084,"-"
"RBM18","chr7_88206504_88208532",379.087160059281,"-"
"RBMX","chr12_122511188_122515104",379.076021306827,"+"
"RNPC3","chr2_97646391_97647066",379.071005654494,"-"
"SNRPD2","chr19_38290280_38290517",379.07075650691,"-"
"ZFP36","chr4_55597267_55599141",379.066331657778,"-"
"ZFP36","chr5_1811062_1814338",379.066161184265,"-"
"CPSF7","chr17_75039271_75042180",379.059540996108,"-"
"HNRNPK","chr12_6492972_6493057",379.011472863351,"-"
"EIF3G","chr5_139600435_139623367",378.996619738785,"-"
"HNRNPK","chr17_5428211_5432541",378.969790007133,"+"
"RBM3","chr19_10177367_10180186",378.951698504114,"+"
"NOL8","chr10_32935558_32936216",378.943814129841,"-"
"FUS","chr4_75917773_75919908",378.93770443434,"+"
"G3BP2","chr5_140300582_140303040",378.906467501497,"+"
"RBPMS","chr16_635063_635280",378.892954263348,"-"
"PNPT1","chr2_175179135_175180097",378.883679202861,"-"
"TRMT2A","chr1_171512200_171512994",378.872204960123,"+"
"HNRNPH2","chr2_69788141_69825455",378.860756115292,"+"
"RC3H2","chr5_140645725_140647255",378.857996901689,"-"
"KRR1","chr12_53297924_53298044",378.853593758662,"+"
"HNRNPAB","chr5_96740118_96740744",378.841958358473,"+"
"SRRM1","chr1_28579587_28579941",378.833047989503,"-"
"ZCRB1","chr19_38290575_38291839",378.830508949324,"+"
"POLR2G","chr11_17522926_17523418",378.830345709083,"+"
"BICC1","chr14_22565137_22588946",378.828190349036,"-"
"SETD1B","chr19_38290280_38290517",378.827875266535,"-"
"U2AF1L4","chr11_10807319_10808704",378.819788458683,"-"
"YTHDC1","chr20_508660_527932",378.817471561265,"+"
"EWSR1","chr11_66056955_66057268",378.804580390351,"-"
"DUS3L","chr12_6492972_6493716",378.803381353785,"-"
"SF1","chr9_35679342_35679904",378.791472878455,"-"
"RBM17","chr16_1962270_1962735",378.784716217939,"-"
"MKRN1","chr3_172509321_172514860",378.75566576296,"-"
"PUM1","chr16_2243224_2243368",378.746739130599,"-"
"SNRPF","chr11_532630_533452",378.729270328304,"-"
"RBMX2","chr7_2559217_2571525",378.701363861557,"-"
"LSM11","chr6_138406033_138412879",378.682540293607,"-"
"NONO","chr8_61643433_61644599",378.64420817417,"+"
"RNPS1","chr12_52951856_52952121",378.638960283412,"-"
"YBX1","chr16_4340405_4340919",378.632661943471,"+"
"ESRP1","chr10_118336423_118342269",378.629679418744,"-"
"ANKRD17","chr7_22813185_22817411",378.602922056748,"-"
"PPIE","chr5_77693352_77705565",378.573435533771,"-"
"RBM33","chr1_39026398_39028722",378.572808662269,"-"
"PNO1","chr1_15719920_15725316",378.5587669492,"+"
"PABPC4","chr5_53646405_53683117",378.557069935074,"+"
"THUMPD1","chr19_8316645_8320856",378.538699240961,"+"
"EWSR1","chr16_81084594_81096130",378.524641161797,"-"
"RBM7","chr11_134248959_134249166",378.507629798222,"+"
"ASCC1","chr1_45568177_45568926",378.505887898127,"+"
"TIAL1","chr1_151167414_151168143",378.444533543449,"+"
"KHSRP","chr6_70395266_70399214",378.435528819775,"+"
"IREB2","chr13_114286400_114286518",378.382520661786,"+"
"KRR1","chr16_634956_635280",378.369644598377,"-"
"MSI2","chr9_33998864_34011626",378.368211404381,"-"
"SNRNP35","chr1_171512200_171512994",378.314371831036,"+"
"RBMS1","chr16_1964628_1964806",378.311338895253,"+"
"HNRNPA1","chr14_54415930_54417847",378.263865231053,"+"
"ZFP36","chr17_75146684_75147519",378.259472139485,"-"
"IGF2BP3","chr5_163467748_163469640",378.255934668181,"-"
"PABPC1","chr11_1837084_1837191",378.247168196129,"-"
"ZFP36","chr10_73246176_73246687",378.234254931277,"+"
"LARP6","chr16_28983290_28984204",378.228023744254,"+"
"SNRPC","chr8_54000050_54010429",378.222032128578,"+"
"TRNAU1AP","chr12_53667666_53669147",378.220330378086,"-"
"TRA2B","chr2_237720822_237748363",378.218711173531,"-"
"APTX","chr3_156549003_156553654",378.200556619926,"+"
"RBM19","chr16_88646787_88647100",378.145492310132,"-"
"G3BP2","chr2_237749324_237753308",378.143371879253,"+"
"ESRP1","chr9_98005153_98007501",378.114587413452,"-"
"MATR3","chr3_186784696_186785882",378.109724470935,"+"
"THUMPD1","chr5_150447735_150449491",378.094463115594,"-"
"TIAL1","chr2_206162104_206162524",378.088649999457,"-"
"HNRNPA1","chr21_44967181_44973199",378.067134128029,"-"
"ZRANB2","chr8_109339390_109340490",378.066781330196,"-"
"PNPT1","chr16_4343291_4351231",378.056719352557,"+"
"APTX","chr17_31983104_31988319",378.054512789022,"+"
"HNRNPAB","chr5_171400210_171400838",378.02545302604,"+"
"CPSF6","chr9_32558954_32570959",378.014908584303,"+"
"SLTM","chr6_85677492_85677794",377.998452181768,"+"
"UHMK1","chr13_75800882_75804288",377.995229912941,"+"
"PARP14","chr1_53228954_53233541",377.954696289369,"-"
"SAMD4B","chr8_86474953_86477293",377.950441722086,"+"
"ZC3H8","chr19_40775669_40776968",377.933580148341,"-"
"KHDRBS1","chr19_15835114_15835217",377.915374083884,"-"
"MEX3D","chr18_79964786_79970439",377.913078909495,"-"
"PUF60","chr21_33906500_33907340",377.884134650876,"-"
"SNRPB2","chr19_41861212_41864173",377.864510616283,"-"
"RBM12","chr18_9937066_9950394",377.847895429377,"+"
"TRMT2A","chr14_94114880_94115780",377.843190107096,"+"
"HNRNPA1","chr14_64924126_64926009",377.764890986171,"-"
"HNRNPH3","chr3_156544439_156548886",377.756514638364,"-"
"EIF3G","chr12_122511188_122515104",377.74467061502,"+"
"RBM22","chr3_157150381_157152176",377.739058148552,"+"
"SNRPA","chr3_183829709_183840569",377.738156892612,"-"
"LSM6","chr1_155737063_155738156",377.72835491697,"+"
"RBM12B","chr3_179616049_179616982",377.726205875749,"+"
"ELAVL1","chr10_1005907_1007017",377.719973266481,"+"
"APTX","chr19_3452666_3462751",377.70593727714,"+"
"YTHDF3","chr20_50731852_50737856",377.702686213622,"+"
"GTF3A","chr22_21614665_21621514",377.690813468163,"-"
"TUT1","chr6_33701420_33709578",377.68421087595,"-"
"RBM43","chr1_156138607_156139079",377.659469634783,"-"
"MTHFSD","chr3_111932397_111939474",377.658039108596,"-"
"ZCCHC17","chr3_98506747_98517051",377.647557403245,"+"
"SF3A1","chr16_1349608_1350057",377.612877676891,"-"
"ESRP2","chr5_134741523_134750758",377.612673463017,"-"
"MATR3","chr6_3263759_3264208",377.596951843335,"-"
"SNRNP35","chr11_64319868_64320660",377.593399669163,"+"
"EIF2S1","chr4_55609179_55630401",377.527878147063,"-"
"PRPF3","chr12_53295639_53297849",377.521966362111,"-"
"HNRNPH3","chr11_47622776_47627079",377.50938657513,"-"
"RBM14","chr1_42667440_42676583",377.505844150904,"+"
"SAMD4B","chr19_29942664_29985222",377.48061574906,"+"
"PCBP2","chr6_7579772_7582641",377.450260775688,"-"
"PPRC1","chr3_197142768_197194424",377.442614445826,"-"
"RBM42","chr20_31739621_31742540",377.441918140235,"+"
"RBM8A","chr10_21920963_21928505",377.437991883087,"+"
"G3BP1","chr5_138556866_138557401",377.432681822383,"+"
"RRP7A","chr5_154957212_154959979",377.423612979518,"+"
"RBM8A","chr17_68255876_68256813",377.417983467026,"+"
"POLR2G","chr10_103392466_103396297",377.412200157092,"-"
"LSM1","chr13_45337388_45338659",377.41008746658,"-"
"QKI","chr17_75130642_75130752",377.393232744192,"+"
"HNRNPR","chr8_56305722_56306675",377.390190938929,"+"
"HNRNPH3","chr16_29904965_29905787",377.387289456998,"+"
"CCAR1","chr1_1402256_1402461",377.376503110619,"-"
"TRA2B","chr2_38746747_38748046",377.34778051803,"+"
"ACO1","chr1_6197756_6199561",377.346135800339,"+"
"NAA38","chr8_109339390_109340490",377.328978061159,"-"
"DKC1","chr9_108942834_108942960",377.324583091699,"+"
"ZC3HAV1L","chr1_46309143_46310154",377.305055479439,"-"
"MBNL2","chr5_177306176_177306454",377.298592103071,"-"
"HNRNPA1","chr2_177212805_177215538",377.268669920621,"-"
"GRSF1","chr16_635340_636093",377.238180009545,"-"
"SPEN","chr19_14517046_14518138",377.20421039165,"+"
"SNRPC","chr8_56074159_56074253",377.197496917199,"-"
"TRMT1","chr19_12676142_12677107",377.181602398669,"+"
"PCBP2","chr1_232956443_232978162",377.180898168133,"-"
"NAA38","chr17_75042277_75042528",377.171588707845,"+"
"RRP7A","chr19_38632496_38634992",377.167011685224,"-"
"RNPC3","chr4_55609179_55630401",377.133520825686,"+"
"NUFIP1","chr13_75530266_75537381",377.122281433069,"-"
"SETD1B","chr14_22565137_22588946",377.103218213822,"-"
"RBM39","chr1_155827028_155853275",377.102811917566,"+"
"ZCCHC17","chr16_4796048_4796189",377.101879426419,"-"
"SNRPA","chr19_45414960_45416820",377.090980840888,"+"
"ZC3H12A","chr2_172501901_172504090",377.080607673124,"+"
"TARDBP","chr6_26124749_26138053",377.042143629173,"-"
"ZC3H18","chr19_5896997_5901334",377.034970793769,"+"
"TIPARP","chr1_31908960_31911695",377.014679382266,"-"
"ESRP1","chr6_5109491_5216617",377.003663909495,"+"
"G3BP2","chr5_73499147_73504346",376.976330834407,"-"
"PABPC4","chr2_112586114_112586199",376.960803443602,"+"
"HNRNPA2B1","chr8_56073272_56074059",376.949635780699,"-"
"CPSF4","chr2_227340380_227355676",376.938499579516,"+"
"CPSF4","chr2_73946906_73958145",376.937567424003,"+"
"HNRNPH1","chr1_156744348_156745007",376.93706232648,"+"
"SNRPF","chr5_178149838_178153490",376.933654986235,"-"
"EWSR1","chr7_16792957_16794850",376.927857325089,"-"
"SNRNP70","chr16_18784823_18788980",376.927433319699,"-"
"SLBP","chr19_35505986_35510183",376.925847872111,"-"
"RNF113A","chr19_4324529_4325215",376.876167647068,"+"
"SNRPA","chr1_173864304_173865228",376.873449694145,"-"
"PDCD11","chr11_78070036_78079578",376.871496535976,"-"
"PSPC1","chr1_165649964_165651977",376.86215423777,"-"
"IGF2BP3","chr7_26197866_26200571",376.845139595692,"-"
"KRR1","chr6_36598983_36601151",376.837477959177,"+"
"TRMT2A","chr1_46185308_46196201",376.824488396023,"-"
"LSM7","chr6_34417897_34418368",376.817634597932,"-"
"LSM6","chr6_34418424_34421725",376.816812248064,"-"
"RALY","chr19_10573088_10574416",376.810538224418,"+"
"ASCC1","chr17_5426299_5432541",376.808247505094,"+"
"LARP4B","chr15_51829836_51862810",376.800666987846,"+"
"KHSRP","chr19_35505986_35508204",376.789029254703,"-"
"HNRNPH3","chr10_122849439_122855644",376.784961991643,"+"
"APTX","chr22_37878171_37888425",376.767661445002,"-"
"PAN3","chr12_120198631_120198853",376.75189258837,"-"
"ZFR","chr2_187467932_187484123",376.743583698498,"+"
"PPIL4","chr4_55609179_55630401",376.739258293316,"-"
"GTF3A","chr3_98849598_98876666",376.737949112509,"-"
"SYNJ2","chr10_86968605_86970475",376.706699825038,"-"
"ZCRB1","chr1_173864304_173865509",376.706327550607,"-"
"SNRPF","chr19_35508240_35509910",376.703377781561,"+"
"ZC3H11A","chr3_179576852_179592643",376.70188154507,"-"
"TRMT2A","chr9_111563231_111570090",376.678136395038,"+"
"KRR1","chr5_171400210_171405301",376.663403353363,"-"
"DKC1","chr11_85654234_85655593",376.662092603367,"+"
"HNRNPF","chr19_45416897_45419097",376.642749880742,"+"
"MKRN1","chr1_1402256_1405802",376.640223465868,"-"
"GRSF1","chr3_149371867_149375438",376.639474533377,"-"
"LARP7","chr15_43793082_43793709",376.628466529997,"-"
"PABPC1","chr8_73959818_73972076",376.627861343715,"+"
"UHMK1","chr11_532755_533452",376.606593041011,"+"
"LSM6","chr16_4340405_4340919",376.60582850601,"+"
"HNRNPK","chr8_61626280_61633682",376.603855170042,"+"
"FUS","chr15_69453008_69453646",376.585249155451,"-"
"TARDBP","chr1_173864304_173865228",376.538823702663,"-"
"LSM7","chr19_18250177_18250306",376.53576668405,"-"
"RBMS2","chr1_1392803_1393395",376.534107242976,"+"
"SPEN","chr6_13793947_13798832",376.527028109493,"+"
"PARN","chr12_103966060_103976917",376.512934697554,"+"
"HNRNPH1","chr1_159961405_159976643",376.512811162637,"-"
"RC3H1","chr8_85219363_85220305",376.506566786983,"+"
"SLBP","chr2_74135658_74145188",376.489059008651,"+"
"CNOT4","chr11_93738499_93739236",376.482410499866,"+"
"SNRPD2","chr5_96740118_96741265",376.449138579169,"+"
"IREB2","chr5_140645725_140647255",376.440917694435,"-"
"MKRN1","chr3_49022768_49022877",376.437245315168,"-"
"ZC3H6","chr15_63043831_63056984",376.42992314182,"-"
"SF3B4","chr10_32935558_32953592",376.405723986512,"+"
"AKAP1","chr16_85780473_85781210",376.404506289984,"+"
"RRP7A","chr22_19516645_19516813",376.397112592957,"-"
"RBM39","chr17_16462941_16463166",376.395406993051,"+"
"IREB2","chr16_1770766_1770888",376.385459827908,"-"
"POLR2G","chr10_21920963_21928505",376.374655181281,"+"
"NAA38","chr9_19376651_19378367",376.357049329203,"+"
"RBMX","chr1_232970118_232978162",376.354483296108,"+"
"ZFP36","chr1_39561122_39561727",376.328179511243,"-"
"CSDE1","chr15_69453020_69453333",376.321010382882,"-"
"HDLBP","chr5_96722698_96729152",376.318826551243,"-"
"TRA2B","chr3_186784696_186784961",376.316563595264,"+"
"POLR2G","chr19_36114066_36114176",376.287942082621,"+"
"RBM18","chr8_109339390_109340490",376.279044361885,"-"
"YTHDF3","chr12_53295941_53298044",376.276065854732,"-"
"RBM5","chr1_171512200_171512994",376.248870445517,"+"
"UPF3B","chr19_5678648_5679585",376.225499892526,"-"
"BICC1","chr5_65542848_65551563",376.212789768255,"+"
"POLR2G","chr16_635340_635611",376.199202597575,"+"
"SNRNP70","chr1_20773610_20776596",376.198463761034,"+"
"HNRNPA0","chr7_148829848_148846469",376.186148214013,"-"
"BICC1","chr4_48892889_48904483",376.174566692444,"-"
"CIRBP","chr8_66922114_66922613",376.169495670309,"-"
"PPRC1","chr7_141010660_141014910",376.168411548694,"+"
"EIF3B","chr1_231229206_231238856",376.138395029355,"+"
"A1CF","chr2_181900904_181901831",376.101697361689,"-"
"NAA38","chr19_45164009_45164852",376.077015258362,"-"
"CSTF2","chr17_47151936_47154671",376.075747744942,"+"
"ESRP1","chr5_69175537_69177238",376.061596708564,"+"
"IGF2BP3","chr1_232970118_232978162",376.035229923362,"+"
"SLBP","chr5_49656822_49659079",376.026646915034,"-"
"RBM25","chr1_212608930_212615017",375.995708261451,"+"
"RBM15B","chr4_39454979_39456405",375.99084575104,"-"
"YTHDF2","chr2_85395626_85398689",375.980628063468,"-"
"PARN","chr16_635340_636093",375.974174159492,"-"
"CNOT4","chr2_70288192_70293617",375.955192476448,"-"
"HNRNPH1","chr11_66017174_66018826",375.949833570826,"+"
"RBMX","chr9_35660647_35660745",375.948769264012,"-"
"U2AF2","chr5_53484293_53484999",375.925378164693,"-"
"RBM17","chr6_18263996_18264384",375.916224023026,"+"
"RBM4B","chr19_48617415_48617790",375.908305235908,"-"
"SART3","chr7_56103011_56106363",375.90420231736,"-"
"SNRPC","chr8_144792140_144792365",375.901020924726,"+"
"UPF1","chr9_93110721_93112217",375.89651924332,"-"
"ESRP1","chr6_70668141_70732377",375.846957791143,"+"
"A1CF","chr22_15788931_15790684",375.825778616438,"-"
"RBM38","chr11_64227132_64227567",375.804695995856,"+"
"MSI2","chr11_114447879_114449845",375.797705709672,"+"
"LSM4","chr2_237692521_237708543",375.794918540723,"+"
"SNRPD1","chr8_85217502_85219235",375.739180953018,"-"
"RBM8A","chr1_45568684_45568926",375.728372941121,"+"
"ZC3H6","chr3_150581746_150583199",375.697881518327,"+"
"LARP4","chr8_61619019_61633682",375.697647063408,"-"
"PABPN1","chr14_22830254_22833417",375.673516387999,"-"
"YTHDC2","chr12_10704148_10713210",375.645448865041,"+"
"RBM17","chr1_39570002_39571096",375.64372428929,"-"
"ELAVL1","chr8_60558923_60563435",375.640689664447,"-"
"ASCC1","chr18_79973856_79988239",375.632231341933,"-"
"SF3B4","chr16_88646787_88647100",375.612401178937,"-"
"SNRPF","chr19_32581700_32582194",375.599059973754,"+"
"RBM7","chr6_35469027_35469435",375.58559062101,"-"
"RBMX2","chr5_74770810_74773867",375.584068167793,"+"
"PPIE","chr11_78101195_78103979",375.580587698274,"+"
"RRP7A","chr12_69365884_69370705",375.560461109594,"+"
"PPRC1","chr3_101685928_101686671",375.535620406486,"-"
"HELZ","chr12_6492972_6493458",375.519976985928,"-"
"ALKBH8","chr12_53295639_53296243",375.516056549109,"-"
"SYNJ1","chr7_6463175_6469595",375.461627110847,"-"
"ZC3H15","chr1_45568177_45568926",375.449812166974,"-"
"LSM4","chr12_57303217_57305639",375.427469551606,"-"
"ZRANB2","chr6_129642018_129710023",375.425152265147,"+"
"LARP4","chr10_119500259_119526031",375.417132616992,"-"
"TAF15","chr4_55600575_55607297",375.407491107312,"-"
"RBM28","chr12_120197462_120198553",375.39091313462,"-"
"PNPT1","chr14_64924126_64926006",375.389317331388,"-"
"PABPN1","chr12_56116829_56117188",375.387499383581,"-"
"DNAJC17","chr19_45413745_45414860",375.373261740387,"+"
"PARP10","chr16_89878627_89883350",375.358361650718,"-"
"RBM15B","chr19_18573403_18574869",375.350342029049,"-"
"AKAP1","chr6_32948868_32949270",375.347620381626,"+"
"CIRBP","chr3_111920419_111932268",375.344700614931,"+"
"HDLBP","chr1_153535400_153535948",375.342441201612,"-"
"HNRNPM","chr7_103324562_103326542",375.337554070319,"+"
"SAFB","chr19_40448046_40458154",375.334982045003,"-"
"SNRPG","chr6_31639226_31640198",375.326236476198,"+"
"TRA2B","chr2_197500918_197501073",375.300986821963,"-"
"SNRPA","chr4_56452052_56459371",375.294171963485,"-"
"PUM1","chr19_16076172_16081912",375.279237738793,"-"
"NCL","chr8_132798860_132803818",375.278234777211,"+"
"RBM19","chr1_43451311_43451427",375.275098293088,"+"
"FUS","chr5_176392945_176397606",375.270215201767,"+"
"RNPS1","chr11_88326399_88328111",375.231224173462,"-"
"RBM14","chr2_130181830_130182626",375.220135162905,"-"
"HNRNPA2B1","chr21_33904021_33912288",375.216010318199,"-"
"ZC3H12B","chr2_214781509_214809411",375.202263790673,"-"
"RBM22","chr12_55716196_55716932",375.197554006654,"+"
"SNRNP35","chr4_82358820_82359470",375.164868501329,"+"
"HNRNPD","chr3_158704927_158713796",375.162918828833,"-"
"RBMX","chr17_60083766_60085054",375.143535893096,"-"
"POLR2G","chr19_5896997_5903611",375.141436014047,"+"
"ESRP1","chr1_42660904_42664862",375.135826076944,"+"
"LSM7","chr16_14672749_14688164",375.118317648663,"+"
"PABPC1","chr6_143165183_143284109",375.113927533691,"+"
"MKRN1","chr5_96740118_96741265",375.091177185717,"+"
"NONO","chr3_111920419_111932268",375.062871315851,"+"
"LARP1","chr3_98822361_98825315",375.043806568608,"-"
"SNRPC","chr6_33276066_33276175",375.025624589378,"+"
"MKRN2","chr11_47622776_47627079",375.020114356773,"-"
"RBM5","chr19_45413745_45416820",375.013463010838,"-"
"YBX1","chr5_178149838_178153490",374.991547576147,"-"
"LSM11","chr10_101601336_101609366",374.989347202265,"-"
"EIF4H","chr15_78283521_78285260",374.98668749163,"+"
"TRMT1","chr17_16441130_16462832",374.975057711283,"-"
"RBM8A","chr17_7857198_7857382",374.974871926282,"+"
"SNRPG","chr19_29942664_29971192",374.972768191391,"-"
"MBNL2","chr2_131484218_131486023",374.969690415587,"-"
"ZRANB2","chr16_75294042_75305023",374.953357257235,"-"
"PSPC1","chr11_64227666_64229246",374.951130846141,"-"
"TAF15","chr12_52243137_52248176",374.932536963952,"+"
"ZFP36","chr11_18081503_18083534",374.927679023648,"+"
"RBPMS","chr16_634797_636093",374.926142993838,"-"
"THUMPD2","chr11_77392541_77473551",374.920881921768,"+"
"LSM10","chr8_67043317_67045811",374.910203603457,"+"
"ZC3H15","chr19_35651349_35658593",374.903553646434,"-"
"TTC14","chr19_38304490_38304627",374.902782520104,"-"
"RBM26","chr12_76053110_76053204",374.902471437497,"+"
"SSB","chr3_195382022_195392089",374.894618986031,"+"
"HNRNPR","chr12_76056161_76059797",374.891447533811,"+"
"SF3B4","chr3_179588995_179593764",374.888521211435,"-"
"TOE1","chr8_56211837_56214597",374.878817411165,"+"
"ZFP36L2","chr1_45602365_45604935",374.858739743334,"+"
"LSM7","chr6_30345398_30345466",374.854370238729,"-"
"AKAP1","chr17_41525273_41527920",374.824836961985,"-"
"HNRNPH2","chr9_133350319_133350656",374.800074553702,"-"
"POLDIP3","chr20_45813464_45815853",374.77762003857,"-"
"SNRPB","chr19_1105809_1106399",374.774565962576,"-"
"RBMX","chr7_150803832_150804826",374.772958280521,"-"
"NAA38","chr11_1952855_1956255",374.76059942776,"+"
"SNRPC","chr2_227352573_227355676",374.752531619404,"+"
"ZFP36L2","chr20_37230059_37234019",374.742719279589,"+"
"PUF60","chr7_103325700_103326542",374.726525214177,"-"
"TRMT1","chr12_57303217_57310263",374.715794181077,"+"
"EIF3G","chr18_9476286_9512990",374.708267569618,"-"
"SRBD1","chr11_112085462_112086639",374.632773523618,"-"
"KHDRBS1","chr5_32591685_32601004",374.624628447992,"-"
"POLDIP3","chr18_9476286_9512990",374.61979413406,"+"
"YTHDC2","chr1_39762651_39763688",374.614644736693,"+"
"YTHDF2","chr3_108047292_108050577",374.604110881532,"-"
"MEX3D","chr1_153626533_153627278",374.597573475799,"-"
"YTHDF3","chr15_60390317_60397942",374.588585198539,"-"
"PARP12","chr17_81893614_81894466",374.581434604772,"-"
"PPP1R10","chr9_75137616_75140833",374.551597812794,"+"
"IGF2BP3","chr19_35503447_35505717",374.550104527142,"+"
"EWSR1","chr17_28720430_28720706",374.548340146001,"-"
"MSI2","chr3_150544498_150546051",374.516975846893,"-"
"TRA2B","chr9_7798637_7799460",374.49349031732,"+"
"THUMPD2","chr8_144355678_144355967",374.491964455538,"+"
"SNRPC","chr11_67464696_67464802",374.441695671297,"+"
"YTHDC1","chr9_127714282_127714378",374.435205401357,"-"
"ZC3H15","chr7_23307949_23309355",374.430563515816,"+"
"CCAR1","chr16_89873859_89878460",374.42353551147,"+"
"SRRM1","chr12_76047718_76048420",374.421864525524,"-"
"DAZAP1","chr14_24138568_24138735",374.408076338293,"-"
"RBM3","chr9_108942871_108942960",374.365627170095,"-"
"G3BP2","chr19_58388245_58393358",374.356935899377,"-"
"LSM4","chr8_61643433_61644599",374.334210498553,"-"
"DUS3L","chr11_68050254_68050740",374.323105711283,"+"
"RNF113A","chr2_200372251_200389222",374.32173942074,"-"
"EWSR1","chr16_81082963_81087600",374.310794451511,"-"
"LSM11","chr17_7012757_7013665",374.284020280775,"-"
"PUM1","chr11_64227132_64229246",374.271156433695,"+"
"RC3H2","chr22_37878171_37888425",374.270175766937,"-"
"CSTF2","chr14_22565137_22588946",374.247584942803,"-"
"RC3H1","chr7_88208561_88209338",374.231573345693,"-"
"ACO1","chr1_155186804_155187224",374.207212876038,"-"
"ACO1","chr1_161038075_161038879",374.192976740057,"-"
"UHMK1","chr5_171392978_171405301",374.185152394688,"-"
"NONO","chr6_33275657_33275796",374.175138080522,"-"
"RBM42","chr3_73063747_73064002",374.16386486789,"+"
"PARP14","chr19_18572607_18573292",374.156044295753,"-"
"SPEN","chr3_98822361_98825315",374.154845908463,"-"
"LARP7","chr12_120197462_120198553",374.131581270787,"-"
"LARP7","chr19_44172952_44174983",374.124233136576,"-"
"NOL8","chr12_120464122_120465626",374.121536095103,"+"
"ZC3H18","chr9_35679342_35680752",374.109680515394,"-"
"PUF60","chr19_3452666_3456549",374.100661511935,"+"
"PABPC1","chr12_56116829_56117188",374.094367498382,"-"
"HELZ","chr12_117046838_117049018",374.07590227274,"-"
"PCBP1","chr10_29617576_29657968",374.070051403381,"-"
"RBM18","chr8_96233221_96235511",374.052196704085,"-"
"YTHDF3","chr12_76450979_76487509",374.045445888551,"-"
"SNRPD3","chr19_35510252_35510378",373.996180345595,"-"
"RBM47","chr19_40451492_40458173",373.98446749433,"-"
"EIF3B","chr6_136377868_136388392",373.97613913068,"+"
"IGF2BP2","chr8_98042775_98045346",373.968154555862,"-"
"CSDE1","chr13_75804541_75817160",373.96187056794,"+"
"RBM25","chr2_223765350_223775900",373.95375105035,"+"
"QKI","chr7_150804485_150804826",373.942311888515,"+"
"UPF3B","chr9_110244843_110250150",373.939667934421,"-"
"RBMX2","chr9_129634306_129635207",373.938614286801,"+"
"DKC1","chr3_172509321_172511616",373.916504080699,"+"
"RBM42","chr19_35505765_35505938",373.914457884809,"+"
"MCTS1","chr11_67585241_67586103",373.912045900485,"+"
"RRP7A","chr4_184429070_184474378",373.894886706699,"+"
"EWSR1","chr7_100871721_100872623",373.887375876922,"+"
"NCL","chr8_70583324_70583649",373.870433652923,"+"
"HNRNPC","chr15_74920442_74929115",373.861757049204,"-"
"SF3B4","chr3_10301147_10304025",373.799703652349,"+"
"POLR2G","chr1_45568684_45568926",373.79385927943,"+"
"SLBP","chr2_200384017_200389222",373.768095619523,"-"
"TRNAU1AP","chr11_2979237_2992253",373.768021960837,"-"
"SNRPB2","chr16_14672749_14688164",373.761966845735,"+"
"CIRBP","chr3_101686557_101686671",373.757813591107,"+"
"TARDBP","chr14_55601880_55612018",373.72144119011,"-"
"SART3","chr11_17523267_17523418",373.713264686282,"+"
"HNRNPD","chr2_86207327_86210479",373.707458845001,"+"
"G3BP2","chr6_70395043_70395226",373.679370792294,"-"
"RBMS2","chr11_47622776_47627079",373.679363798753,"-"
"FUBP3","chr19_41860445_41860774",373.664629504966,"-"
"SNRPB","chr8_144355678_144355967",373.647953482331,"+"
"PPRC1","chr1_224365991_224375794",373.630607263541,"+"
"RBM3","chr15_49137458_49139527",373.624204567743,"-"
"THUMPD3","chr2_200378371_200389222",373.623027190265,"-"
"LSM6","chr9_111563231_111570090",373.614882723448,"+"
"ZFP36","chr2_118107189_118108280",373.600941689776,"+"
"SNRPD1","chr16_2243224_2243317",373.597811060437,"+"
"HNRNPF","chr11_134248484_134248808",373.593783312413,"-"
"SNRPG","chr7_44834562_44840898",373.559857438875,"-"
"HNRNPH3","chr7_44834562_44835528",373.554745681538,"+"
"TRMT2A","chr2_241166441_241169780",373.551993870619,"+"
"CSTF2T","chr1_161038075_161038879",373.551659949068,"+"
"SRRT","chr15_78880579_78884966",373.522339955766,"-"
"ASCC1","chr10_123162828_123165046",373.493548185122,"+"
"SNRPG","chr16_69713129_69714963",373.492398859883,"+"
"KHSRP","chr16_85805153_85805732",373.475477291069,"-"
"CCAR1","chr4_55605349_55609119",373.462880728842,"-"
"RBM17","chr21_32601973_32602271",373.462221709556,"+"
"CIRBP","chr17_30118173_30172541",373.436943008113,"+"
"RBM38","chr8_144423922_144424214",373.425978274192,"-"
"EWSR1","chr2_237720822_237748363",373.423585886286,"+"
"HNRNPF","chr2_241584725_241601895",373.34771640163,"+"
"PCBP2","chr2_9407598_9408112",373.346294327565,"-"
"GTF3A","chr3_39412061_39412276",373.345734444951,"-"
"PABPC1L","chr1_153561588_153563414",373.325009283223,"-"
"RBM5","chr12_53100872_53101040",373.288113081188,"-"
"ESRP2","chr7_44115354_44115765",373.27800527486,"+"
"CPSF4","chr5_178149838_178153490",373.273250326161,"-"
"HNRNPA0","chr11_72755142_72755700",373.257378742371,"+"
"TRA2A","chr7_105063580_105066726",373.221140550677,"+"
"HDLBP","chr19_41860845_41861099",373.201065506816,"-"
"LSM6","chr9_133357814_133360264",373.198663580276,"-"
"SETD1A","chr8_55773719_55782747",373.182562238171,"+"
"POLR2G","chr9_110244843_110250819",373.180428698665,"+"
"YBX1","chr1_156737534_156737645",373.173396711339,"+"
"SART3","chr7_22813185_22817411",373.172751465008,"-"
"RBM39","chr2_237749324_237753308",373.154296241559,"+"
"PABPC1L","chr17_73212740_73227164",373.133869589492,"-"
"SETD1B","chr10_104266050_104267251",373.103133666131,"-"
"YBX1","chr17_48933346_48936169",373.100461825964,"+"
"LARP7","chr20_45814470_45815540",373.099382913355,"+"
"RBM43","chr1_173864506_173865228",373.097245519807,"-"
"SF1","chr8_15748465_15764202",373.08671786125,"-"
"SLTM","chr19_18433932_18434216",373.072393851489,"-"
"ELAVL1","chr10_133311816_133312787",373.066455808326,"-"
"RALY","chr2_227347384_227355676",373.018497256804,"-"
"TDRKH","chr5_112161295_112162150",373.0139545405,"-"
"ELAVL1","chr9_33998864_34017049",373.003476284891,"+"
"IGF2BP3","chr6_10749698_10755141",372.990861254016,"-"
"PUM2","chr3_157150381_157152176",372.954628547341,"+"
"RBM14","chr5_154959175_154959979",372.952224877111,"-"
"ACIN1","chr15_41453048_41457671",372.939531510667,"+"
"NIP7","chr2_64585545_64591887",372.937374218864,"-"
"RBM23","chr10_100986572_100986748",372.924195389277,"-"
"PABPC1L","chr7_135900809_135950598",372.884148757571,"-"
"POLR2G","chr5_74772421_74773867",372.880599561172,"-"
"UNK","chr3_158710921_158713796",372.861972181862,"-"
"RBMS2","chr20_408779_410411",372.838218240657,"-"
"HNRNPH2","chr3_143021382_143021472",372.833062861586,"+"
"APTX","chr2_237720822_237748363",372.815478835569,"+"
"RBM41","chr13_36952599_36971976",372.808501605825,"-"
"RBM39","chr3_142005544_142093060",372.807438446101,"-"
"MBNL3","chr15_92997403_92998498",372.797004094331,"-"
"SAFB2","chr1_150231926_150235732",372.79642713285,"+"
"LARP4B","chr2_202297906_202300233",372.79356121457,"+"
"RBM14","chr9_98005153_98011273",372.750345660825,"-"
"NONO","chr9_127714282_127714378",372.739649919231,"+"
"HNRNPM","chr1_28580646_28581110",372.728723509453,"+"
"SNRNP70","chr5_149513209_149517793",372.72383922353,"-"
"NUFIP1","chr15_75339344_75339964",372.706334826691,"+"
"ZCRB1","chr19_18433932_18434216",372.699519630665,"+"
"SLBP","chr17_4946820_4948262",372.688457992091,"+"
"PNO1","chr19_1106463_1106539",372.645169197929,"-"
"PARP14","chr1_36457981_36460691",372.632113592485,"+"
"RBMX2","chr10_118336423_118342269",372.62860692023,"-"
"ZRANB2","chr19_1105790_1106241",372.626367744239,"-"
"EIF3G","chr12_6944565_6945770",372.611362334146,"-"
"SART3","chr1_173864704_173865509",372.607786789792,"-"
"SNRPF","chr20_45813464_45815853",372.603611554675,"-"
"SF3A1","chr9_98007702_98011270",372.599569023938,"-"
"UNK","chr3_172509321_172514860",372.588001317047,"-"
"G3BP2","chr16_634797_635280",372.560980996338,"+"
"ESRP2","chr17_5426299_5432541",372.560784238392,"-"
"UPF1","chr7_16792957_16794850",372.560736255313,"-"
"IGF2BP3","chr19_40775669_40776968",372.510670388914,"-"
"FUS","chr13_75530408_75537663",372.506534661984,"-"
"GTF3A","chr16_81084594_81087600",372.500653498792,"+"
"APTX","chr16_88643571_88644247",372.49859323013,"-"
"MKRN1","chr7_73694050_73697604",372.496507682315,"+"
"RNF113A","chr15_101285801_101286213",372.496313763523,"+"
"YBX1","chr15_43800784_43801517",372.461868672356,"-"
"SNRNP70","chr12_55725896_55726699",372.460339944309,"-"
"SNRPD2","chr17_51168343_51169936",372.425432620992,"+"
"EIF4B","chr3_196296069_196306942",372.413063800478,"+"
"FUBP3","chr2_9207230_9279316",372.387061329996,"+"
"SNRNP70","chr3_186784696_186784961",372.36954286397,"-"
"YTHDF1","chr15_75843846_75854385",372.348234093929,"+"
"SNRPC","chr11_67585241_67586103",372.323130744015,"+"
"HDLBP","chr2_237749324_237753308",372.312954383414,"+"
"HNRNPA3","chr1_197902913_197905795",372.300169677567,"+"
"FMR1","chr6_70668141_70732377",372.298568707923,"+"
"RALY","chr1_63441103_63446805",372.296525682379,"+"
"SETD1A","chr18_12785844_12794383",372.275593815884,"+"
"SF3B4","chr22_24557800_24567983",372.236339422732,"+"
"SAMD4B","chr16_66558348_66563071",372.23603885733,"-"
"NIP7","chr1_52083541_52086111",372.232843912986,"+"
"YTHDF1","chr15_84655404_84657175",372.231574850351,"+"
"EIF3G","chr13_45338785_45339496",372.224762836155,"-"
"KRR1","chr7_23301017_23307867",372.223442890232,"+"
"ZRANB2","chr6_10751234_10755141",372.215337464901,"+"
"SRBD1","chr16_2214053_2214141",372.204245876159,"-"
"DHX57","chr11_17522926_17523418",372.203355433743,"-"
"SAFB2","chr14_22565137_22588946",372.170930414265,"-"
"RBM33","chr7_56052485_56055623",372.159750223328,"-"
"SLBP","chr5_96722698_96729152",372.156749818073,"-"
"NAA38","chr18_36787079_36798448",372.150188821634,"+"
"SF3B4","chr20_2656034_2656400",372.127198738574,"+"
"SART3","chr12_69589687_69592058",372.092614206381,"+"
"LSM4","chr17_75320553_75321658",372.084344364489,"+"
"TDRKH","chr8_97691188_97706625",372.075293370295,"+"
"HNRNPH3","chr9_15478552_15479590",372.067823526586,"+"
"THUMPD1","chr2_111429620_111494884",372.067434176871,"+"
"EWSR1","chr3_179598771_179601729",372.055115272221,"+"
"U2AF2","chr2_9207230_9279316",372.054269143734,"+"
"MATR3","chr2_181900904_181901765",372.034184592418,"+"
"PTBP2","chr12_57303217_57310263",372.030652372765,"+"
"EWSR1","chr7_87341684_87345042",372.021143951388,"+"
"LSM7","chr22_23766275_23767373",372.017817385359,"+"
"LARP7","chr11_85654234_85655593",372.011069511076,"-"
"FUBP3","chr19_35503447_35505717",372.005284693844,"+"
"POLR2G","chr2_130182452_130182626",371.969715411325,"+"
"SF3B4","chr14_22575233_22588946",371.96843957202,"+"
"CPSF6","chr19_49497594_49497916",371.963808260963,"-"
"UNK","chr17_75130637_75130752",371.960005041135,"-"
"ZFP36L1","chr17_75136250_75141943",371.94339600525,"-"
"SF1","chr5_90488129_90495676",371.942777573353,"+"
"SYNJ1","chr2_9406905_9407429",371.935547952012,"-"
"BICC1","chr3_186790255_186790325",371.917792211432,"+"
"FXR2","chr18_59152612_59155687",371.908934571014,"-"
"NCL","chr16_75106571_75107732",371.88068562108,"-"
"NONO","chr7_66092086_66092556",371.874602616948,"+"
"ACIN1","chr11_10807381_10808704",371.832975316342,"+"
"SRBD1","chr6_29830410_29945233",371.827152810064,"-"
"IGF2BP2","chr12_69353377_69353967",371.813683304292,"+"
"YBX1","chr1_165649964_165651977",371.810479132783,"-"
"RBMS1","chr12_53306320_53306679",371.800634777186,"+"
"G3BP1","chr11_17077473_17077618",371.785176317933,"-"
"ACO1","chr12_112408656_112409405",371.783228404587,"-"
"ZFP36","chr7_151076832_151077100",371.777807448887,"-"
"YBX1","chr7_26197732_26200571",371.767037185626,"-"
"LARP7","chr13_114286400_114286518",371.751903842531,"+"
"ELAVL1","chr2_119367060_119368187",371.746305125494,"+"
"EIF2S1","chr7_99458355_99460085",371.727668009845,"-"
"ZC3H18","chr1_212442625_212444338",371.725517249763,"+"
"UHMK1","chr3_146525647_146528613",371.723961616935,"+"
"PABPC4","chr3_197953660_197954002",371.698644864045,"-"
"RBMX","chr19_18900449_18904770",371.695546969283,"+"
"SSB","chr20_35740887_35741940",371.687275744234,"-"
"SNRNP70","chr3_186790255_186790325",371.686317417258,"+"
"CPSF6","chr7_141010660_141014910",371.671104674749,"-"
"RNF113A","chr9_15510329_15510816",371.670001596496,"+"
"KIN","chr5_40834606_40834820",371.663471183511,"-"
"YTHDC2","chr10_32305931_32346762",371.659562588893,"+"
"SLTM","chr17_7017014_7017256",371.657730169938,"+"
"CNOT4","chr1_153561588_153563733",371.651924971969,"+"
"SLTM","chr16_721941_722308",371.650572323257,"+"
"PUF60","chr19_18571909_18573292",371.647202142323,"-"
"SSB","chr16_88858791_88859662",371.624195041859,"+"
"PABPC1","chr16_66552793_66558189",371.623507741162,"+"
"TDRKH","chr1_2400935_2402096",371.622497484079,"-"
"SNRPD3","chr3_108051970_108054252",371.622417584288,"-"
"ANKRD17","chr19_35505986_35509910",371.619053322394,"+"
"PUM2","chr15_80979477_80981949",371.611477808503,"+"
"DAZAP1","chr18_9124983_9126833",371.606748790925,"-"
"UNK","chr19_55401762_55404060",371.602615378462,"-"
"PUF60","chr1_6197756_6200488",371.593837730202,"-"
"MBNL1","chr3_142005544_142093060",371.576213904716,"+"
"ACIN1","chr10_86968605_86970475",371.567796762338,"-"
"EIF2S1","chr15_34227846_34229752",371.541960519443,"-"
"PCBP4","chr8_61644632_61651049",371.54132834463,"-"
"SNRPD3","chr19_39433585_39433664",371.533703455985,"-"
"THUMPD2","chr12_27385560_27387227",371.520767067652,"+"
"SNRNP70","chr7_87341684_87345304",371.510871989412,"+"
"TRNAU1AP","chr17_77190952_77191180",371.509351605557,"+"
"MCTS1","chr14_92117642_92121641",371.502040152745,"+"
"LSM6","chr18_9475691_9512990",371.497190964465,"-"
"RBM3","chr9_129634221_129635207",371.484509038995,"-"
"DAZAP1","chr2_131492024_131492557",371.483862607109,"-"
"CIRBP","chr22_42079954_42081924",371.457208945897,"+"
"YTHDF2","chr5_139600435_139623367",371.443144270009,"-"
"RBM18","chr19_45416897_45419097",371.434154674149,"+"
"APTX","chr6_35469529_35470247",371.409251942266,"-"
"ASCC1","chr2_135748369_135753538",371.39734860674,"-"
"ZFP36","chr19_45468712_45470745",371.391472948201,"-"
"LARP4","chr12_4612718_4613514",371.378248801439,"+"
"CIRBP","chr19_18571887_18573292",371.376597763707,"-"
"SNRPB","chr15_78546698_78548789",371.370911458484,"+"
"DUS3L","chr19_4324529_4325215",371.365786361174,"-"
"FUBP1","chr11_66056955_66057268",371.348686514478,"-"
"TMEM63A","chr16_635340_636093",371.348556936488,"-"
"PNPT1","chr7_150803832_150804826",371.335665808063,"-"
"CHERP","chr19_35506185_35508204",371.330539609051,"+"
"CPSF4","chr15_78880579_78886140",371.315287620818,"+"
"ZC3HAV1L","chr7_23307949_23309355",371.311973534408,"+"
"YTHDF2","chr7_151355950_151356127",371.311082629346,"+"
"ACO1","chr5_96740783_96741265",371.30873573333,"+"
"TRMT1","chr19_10177367_10180349",371.301203491551,"-"
"ZC3H15","chr2_121732204_121735612",371.300264575597,"+"
"PABPC1","chr14_64924126_64926006",371.28752341903,"-"
"RNPC3","chr12_75505254_75506483",371.279725735672,"-"
"ZFR","chr5_149513209_149517793",371.264693612811,"-"
"RNF113A","chr12_117039210_117049018",371.26172586543,"+"
"TMEM63A","chr12_109561329_109561419",371.24770575234,"+"
"G3BP2","chr19_3452666_3462751",371.245646386175,"+"
"TIPARP","chr15_58898852_58899468",371.238750623285,"+"
"CPSF4","chr2_214781509_214792296",371.234341290777,"+"
"ZCRB1","chr1_44775600_44776033",371.225111974773,"+"
"ACIN1","chr11_67352019_67352690",371.222644578116,"+"
"SART3","chr6_116574171_116580294",371.214857083066,"-"
"ELAVL1","chr14_92117642_92118848",371.195986420515,"+"
"RALY","chr6_43055618_43055896",371.190749265869,"+"
"SAFB","chr8_144412946_144413236",371.183539845879,"+"
"HTATSF1","chr11_75402446_75404019",371.181075160975,"+"
"SNRPD3","chr10_133352113_133352246",371.143823810673,"-"
"PSPC1","chr5_96740118_96740744",371.138513139187,"+"
"TIPARP","chr15_63532707_63537024",371.132878644187,"+"
"FUS","chr5_96727530_96729611",371.129565761112,"-"
"RNF113A","chr1_161100859_161117951",371.106279362458,"-"
"SAFB","chr12_76459895_76487509",371.067641574798,"+"
"HNRNPA0","chr16_635340_636093",371.053449614928,"+"
"UNK","chr7_87341684_87345304",371.046531545843,"-"
"POLR2G","chr1_6197756_6200488",371.04571623013,"-"
"SNRNP70","chr10_32935558_32957758",371.037298320459,"-"
"ZC3H8","chr2_227352573_227355676",370.941258817505,"-"
"RBM33","chr12_56724549_56725262",370.938948587118,"-"
"ESRP2","chr1_155727738_155729207",370.932003360976,"-"
"YTHDC2","chr3_12840353_12841493",370.926846106851,"-"
"YBX1","chr16_634956_636093",370.917912699697,"-"
"RBM22","chr12_52245632_52251776",370.904480808246,"-"
"ESRP1","chr3_98822361_98825315",370.844584031193,"-"
"ZFP36","chr3_197149796_197194424",370.841252323053,"-"
"L3MBTL3","chr16_89562445_89562883",370.82234406549,"-"
"PRPF3","chr17_16440253_16441073",370.813940007721,"+"
"PABPC1","chr19_49525573_49526009",370.809109809675,"+"
"GTF3A","chr13_46771496_46777455",370.787717604205,"+"
"RBM3","chr9_111563231_111574733",370.777039502201,"-"
"SNRPC","chr8_144792140_144792365",370.757396947643,"+"
"DAZAP1","chr19_6366363_6368537",370.753603243316,"+"
"SNRPB2","chr20_63697522_63698279",370.741848659362,"+"
"DNAJC17","chr16_634797_636093",370.736663992374,"-"
"THUMPD3","chr2_131484218_131491465",370.734572556777,"-"
"ALKBH8","chr4_102529914_102533847",370.7076070342,"+"
"CSTF2","chr11_34651610_34651736",370.706404922961,"-"
"HTATSF1","chr1_155318928_155319610",370.701772134722,"+"
"KHDRBS1","chr19_45414960_45416820",370.686718153588,"+"
"TMEM63A","chr5_134374463_134390224",370.68489143096,"-"
"TIPARP","chr19_1438428_1438810",370.682022888486,"-"
"SLTM","chr12_76459895_76487509",370.677956352361,"+"
"RBM15B","chr11_86344721_86345583",370.672078590474,"+"
"PCBP2","chr22_46308207_46308318",370.671242574965,"+"
"RBM38","chr6_26163918_26170974",370.667818346366,"-"
"RBM10","chr1_161158211_161158411",370.661931969065,"+"
"ZCRB1","chr7_2568999_2571525",370.656351084871,"+"
"ZC3H15","chr10_1005907_1007017",370.622604829646,"+"
"PAN3","chr11_111882598_111883770",370.613915406332,"-"
"HNRNPM","chr4_108620600_108621950",370.565617765731,"+"
"UNK","chr16_635063_635280",370.56509429167,"-"
"RALY","chr12_94994257_94997307",370.539427323449,"-"
"ELAVL1","chr8_73956054_73959764",370.518037085977,"+"
"UPF1","chr5_133993018_134004646",370.509112234148,"+"
"YTHDF1","chr18_9122681_9126830",370.476517815555,"-"
"ZCRB1","chr8_56074159_56074253",370.467151953054,"-"
"CSDE1","chr1_42457073_42457246",370.464762268727,"+"
"SNRPB2","chr11_18245515_18245909",370.456044749771,"+"
"HNRNPM","chr5_150446963_150449702",370.449898370154,"-"
"PABPC4","chr4_48897224_48897803",370.443783345065,"-"
"DAZAP1","chr7_44834562_44840898",370.439072354641,"-"
"ACO1","chr12_6944565_6945770",370.429651753367,"+"
"SNRNP70","chr8_86474953_86477293",370.422142490653,"+"
"FXR1","chr19_55388048_55388188",370.416891704349,"-"
"PARP10","chr9_122144378_122159626",370.409758932741,"-"
"RNPS1","chr20_17570211_17600737",370.407017451747,"+"
"ZC3H18","chr8_85219363_85220305",370.381865915112,"+"
"MSI2","chr19_35116359_35119362",370.37654822984,"+"
"TDRKH","chr8_27752587_27756718",370.36253119512,"+"
"BICC1","chr20_2656034_2656400",370.360591029989,"+"
"ZNF239","chr16_647849_648119",370.350707829914,"-"
"SETD1A","chr17_7857198_7857382",370.348668139497,"-"
"ZC3H18","chr4_39045096_39075964",370.340591074778,"+"
"TRA2B","chr10_32935558_32936241",370.333262457413,"-"
"RNF113A","chr9_99224170_99227898",370.286779609042,"-"
"SF3A1","chr8_85217502_85220305",370.277421385327,"-"
"POLR2G","chr16_56625879_56626465",370.266214390097,"+"
"HNRNPR","chr1_67424959_67425082",370.262906773031,"-"
"RBM8A","chr12_53100872_53101040",370.244400224826,"-"
"CARHSP1","chr8_61646878_61651049",370.24329720183,"+"
"TNRC6A","chr19_35505986_35506125",370.237250886714,"-"
"PUF60","chr12_82357269_82358222",370.236478114495,"+"
"PNPT1","chr11_34651805_34656907",370.224266502014,"+"
"PAN3","chr17_41689069_41690087",370.223100270845,"-"
"RDM1","chr12_76450979_76459858",370.221567349634,"-"
"FXR2","chr7_141010617_141014910",370.204241076679,"-"
"ZC3H18","chr6_167827237_167864550",370.199531819178,"+"
"ZC3H18","chr7_2257023_2257364",370.192881537663,"+"
"SNRPD3","chr9_129634306_129635207",370.188697743739,"+"
"PPIE","chr3_186784696_186784961",370.187916116614,"+"
"MCM3AP","chr10_68332235_68337198",370.148823388121,"+"
"SSB","chr17_5422829_5426235",370.134093066042,"+"
"SNRPD3","chr19_2324196_2324741",370.114212632551,"-"
"TRMT2A","chr11_62676639_62677517",370.104560974101,"-"
"SETD1A","chr11_64227666_64229477",370.091804785214,"-"
"EWSR1","chr6_109370467_109376073",370.072184651498,"+"
"PCBP4","chr18_9195698_9204475",370.040191757154,"+"
"CCAR1","chr3_119675233_119676861",370.037311879067,"-"
"PCBP2","chr19_17424677_17424930",370.027358406974,"+"
"PPP1R10","chr15_74920442_74929115",370.022026399226,"-"
"ANKRD17","chr1_45591270_45600384",369.989763135725,"-"
"ZC3H15","chr18_10538974_10539761",369.98769707811,"-"
"SRRM1","chr15_88639594_88655414",369.973664976619,"-"
"ZFR","chr6_75241265_75243422",369.951842004944,"-"
"SYNCRIP","chr20_32369123_32372163",369.942225778371,"+"
"QKI","chr17_41525273_41527920",369.928169441814,"-"
"PUM1","chr3_127692323_127710575",369.897909242638,"-"
"NAA38","chr8_144355678_144355967",369.891959107399,"-"
"RBM42","chr17_63831226_63831505",369.85617039726,"-"
"DHX8","chr1_156055675_156057977",369.848521238904,"-"
"NONO","chr17_75130642_75130752",369.838872140888,"+"
"RBM15B","chr16_2040238_2043037",369.825475995875,"-"
"NOL8","chr5_145765000_145796441",369.814572958438,"+"
"LSM4","chr16_30070029_30070124",369.807880226453,"-"
"ESRP2","chr3_196779570_196782625",369.800590711823,"-"
"DAZAP1","chr5_178150993_178153490",369.79580101412,"+"
"MATR3","chr1_212608930_212615017",369.78622045884,"+"
"RBM7","chr12_76060279_76074202",369.785910185259,"-"
"PARN","chr19_1272051_1272426",369.773710698484,"-"
"THUMPD1","chr3_184366800_184368112",369.739105298714,"-"
"BICC1","chr9_35679342_35680752",369.733975016612,"-"
"ZC3H18","chr1_42457350_42459602",369.729629540617,"+"
"PUF60","chr17_50737026_50740305",369.722376728654,"+"
"LARP1","chr19_5896650_5896904",369.670434528677,"-"
"ESRP2","chr2_240134005_240135870",369.667872199557,"-"
"FUBP3","chr12_122511188_122515104",369.659518233607,"+"
"RRP7A","chr22_23971623_23973767",369.637551443271,"+"
"NAA38","chr21_39177571_39178445",369.632025000647,"-"
"TARDBP","chr12_15621430_15623157",369.624215041973,"+"
"PPP1R10","chr17_35820248_35820331",369.619074110114,"+"
"RBM25","chr19_48965916_48966283",369.618354967864,"-"
"LSM7","chr2_27443280_27443397",369.606851414882,"+"
"SLTM","chr1_156055425_156058314",369.60054426113,"-"
"EIF4H","chr2_26034735_26098661",369.585908682491,"+"
"ZRANB2","chr8_61638360_61642887",369.58545409513,"-"
"SNRPC","chr6_143333445_143339638",369.557073603484,"+"
"RBM17","chr5_134374463_134376668",369.549817604446,"+"
"ESRP1","chr1_15426018_15428592",369.544025865324,"-"
"SLBP","chr11_63999560_63999641",369.543789136064,"+"
"YTHDF2","chr10_13132197_13133501",369.536005388546,"+"
"PUM2","chr10_100983817_100986686",369.534499001834,"+"
"HNRNPH1","chr2_227352573_227355676",369.519084702369,"+"
"TAF15","chr1_153535360_153535948",369.506795009148,"-"
"RBM3","chr19_12799989_12800176",369.498710039646,"+"
"APTX","chr20_36609758_36612009",369.493258228206,"-"
"YTHDF2","chr3_196740157_196765920",369.483380311386,"-"
"FUBP3","chr6_26124749_26127697",369.476836219062,"+"
"SRRT","chr6_129642018_129710023",369.474209549477,"+"
"LSM10","chr20_35279747_35279941",369.463351086213,"+"
"YBX1","chr8_56301573_56305596",369.439457669058,"+"
"ZFR","chr13_75526639_75530310",369.433147754625,"-"
"ZRSR2","chr1_109402090_109409653",369.423585157382,"-"
"ESRP2","chr17_50368212_50370031",369.420179321682,"-"
"RBM42","chr16_1961258_1961496",369.39347071558,"-"
"UPF3B","chr9_35684807_35685063",369.34129488752,"-"
"PPIL4","chr3_108049651_108050577",369.339771713835,"+"
"CPSF4","chr4_56452052_56459371",369.332089950891,"-"
"SF3B4","chr3_98881767_98901121",369.306425912287,"+"
"RALY","chr13_45337403_45338659",369.304087277572,"-"
"EIF3G","chr16_67203583_67203664",369.292473847907,"+"
"ZFP36","chr11_67464696_67464802",369.280904152025,"+"
"RBM28","chr11_8683265_8683989",369.265952371336,"-"
"DUS3L","chr19_44794281_44800380",369.264866185051,"+"
"DKC1","chr16_4848210_4857989",369.234063933803,"-"
"HNRNPR","chr10_78037304_78037964",369.219428005936,"-"
"LSM10","chr19_41956934_41958285",369.205371649013,"-"
"HNRNPL","chr15_68780473_68782955",369.165908925705,"+"
"HNRNPC","chr8_38407463_38408191",369.159986086764,"-"
"RBM8A","chr12_76060279_76084566",369.124496779717,"-"
"ZC3H8","chr8_96231515_96231773",369.09507253147,"-"
"SNRNP35","chr11_1955781_1956255",369.068555808884,"-"
"RRP7A","chr8_61644632_61651049",369.063145217525,"-"
"KIN","chr3_108049651_108057476",369.018730458058,"-"
"RBM10","chr4_55595411_55597176",369.016435825362,"-"
"RBM42","chr9_36199096_36204067",368.979258224914,"+"
"PARP12","chr1_42660904_42664862",368.960702122674,"+"
"ZFR","chr3_122359919_122362967",368.951122349695,"+"
"AKAP1","chr8_100705673_100706650",368.944229237927,"+"
"PARP14","chr19_16076172_16081912",368.931051822863,"-"
"IGF2BP3","chr16_721941_722308",368.911596367926,"-"
"RBM18","chr11_62677634_62677780",368.891372300568,"-"
"ESRP1","chr19_4501317_4501913",368.879573604967,"+"
"EIF4H","chr19_1599560_1602330",368.878028826699,"-"
"LSM10","chr5_178149838_178153490",368.844378986926,"-"
"ZC3H13","chr22_23766275_23767373",368.838273865132,"+"
"NIP7","chr19_58388245_58392975",368.836704807059,"+"
"HNRNPA3","chr8_98042775_98045346",368.774602377101,"-"
"ZC3H7A","chr2_9406905_9408112",368.766706826665,"-"
"SLTM","chr17_76735158_76735771",368.734070470346,"+"
"DUS3L","chr5_1811062_1814338",368.70666644613,"-"
"CPSF6","chr11_47565986_47571470",368.704833484097,"-"
"MCTS1","chr2_201136107_201140356",368.69126972007,"+"
"UPF3B","chr12_120695000_120695094",368.691156539519,"+"
"ZCCHC17","chr17_73209768_73227164",368.687138226731,"+"
"NONO","chr16_2752846_2757471",368.680504787664,"+"
"SETD1B","chr6_143165183_143333281",368.676335858497,"-"
"HNRNPA3","chr4_48885565_48904483",368.675176329265,"-"
"CCAR1","chr7_23301017_23307867",368.665645899826,"+"
"CHERP","chr19_36116184_36125450",368.663228713606,"+"
"HNRNPH3","chr16_69711281_69714963",368.65738034271,"-"
"RBM8A","chr20_44885886_44901530",368.633879762864,"+"
"SUPT6H","chr8_56301573_56305596",368.61536645904,"+"
"RBM15","chr6_136261477_136268161",368.608815956552,"+"
"HNRNPA0","chr10_32935558_32957010",368.583937606588,"-"
"ZFP36L1","chr19_10177367_10180349",368.583301838441,"+"
"SNRPD2","chr3_120596539_120601172",368.581292423975,"-"
"LSM7","chr15_43793082_43793709",368.578527264447,"-"
"HNRNPH1","chr5_62352710_62353274",368.547596159473,"-"
"EIF3B","chr5_134374463_134376668",368.535986076239,"+"
"ENOX2","chr2_112584649_112586199",368.521761358589,"-"
"SRRM1","chr5_96727530_96729611",368.492221233484,"+"
"ZNF638","chr16_1962270_1962492",368.47673086761,"-"
"LSM4","chr9_32558954_32570959",368.462867457511,"+"
"HNRNPK","chr20_49278397_49279103",368.45236214511,"-"
"RALY","chr20_45470532_45479985",368.435103220129,"-"
"RBM14","chr6_116571655_116574057",368.428716583776,"-"
"HNRNPM","chr7_2257023_2257364",368.425392557325,"+"
"CPSF7","chr19_38626102_38634992",368.42332423598,"-"
"RBMX2","chr1_63441103_63446805",368.396814197492,"+"
"RC3H1","chr19_6730384_6730986",368.389854110031,"+"
"YBX1","chr3_196296069_196306942",368.359644466639,"+"
"KHSRP","chr20_37230059_37232295",368.358454226482,"+"
"PABPC4","chr20_49094963_49096348",368.354884884144,"+"
"PAN3","chr9_35680834_35680967",368.349874406819,"-"
"PUM1","chr6_136377868_136388392",368.338367738962,"+"
"SYNJ2","chr17_75320550_75321658",368.334353448247,"-"
"SAMD4A","chr1_39561122_39561727",368.317900776767,"-"
"KHDRBS1","chr4_151103079_151104471",368.317100589664,"-"
"EIF3G","chr7_54755881_54757620",368.309153385699,"-"
"SAFB","chr12_76450988_76459858",368.306424484265,"+"
"RNPS1","chr4_82354154_82355303",368.270454838091,"+"
"TAF15","chr10_13132197_13133501",368.260306665978,"+"
"QKI","chr17_73209768_73227164",368.225201798772,"+"
"RBM22","chr15_60396427_60397942",368.214888662218,"-"
"PTBP1","chr17_68125480_68125584",368.208026615109,"+"
"ASCC1","chr18_12785844_12794383",368.192404833752,"+"
"SNRPG","chr14_54417951_54419991",368.146422392906,"+"
"HNRNPA1","chr17_75136250_75141943",368.138359736056,"-"
"SNRPF","chr8_96231132_96231378",368.136883795582,"-"
"EWSR1","chr1_1402256_1402358",368.131244476009,"-"
"MSI2","chr3_98867438_98881539",368.130591639138,"-"
"TOE1","chr12_79688465_79689728",368.126395447757,"-"
"RBM3","chr19_35122839_35123270",368.106929723111,"-"
"MKRN1","chr4_108620600_108621950",368.092533945339,"-"
"BICC1","chr11_111883202_111883770",368.090998889426,"-"
"PNO1","chr12_131941983_131943538",368.087652930845,"+"
"SNRPF","chr1_150230693_150231776",368.076126658219,"+"
"YTHDF2","chr17_75148671_75154341",368.061758744003,"+"
"PRPF3","chr22_46297479_46308318",368.04963257609,"-"
"APTX","chr11_46383193_46383468",368.045053543892,"-"
"UHMK1","chr19_35509961_35510183",368.036474742328,"+"
"MBNL1","chr16_634797_635611",368.025960712959,"+"
"DNAJC17","chr19_39433569_39433664",368.023377618862,"+"
"SYNJ2","chr6_7579772_7582641",368.008603177394,"+"
"FXR1","chr4_55600575_55607436",368.003494798808,"-"
"NCL","chr9_127449708_127451280",368.002732818809,"-"
"SUPT6H","chr17_81894624_81899919",367.999820747984,"-"
"ZC3H13","chr3_108051970_108055519",367.992176569834,"-"
"PAN3","chr5_163464802_163469640",367.982743542798,"+"
"DAZAP1","chr1_153975905_153976975",367.981670004024,"-"
"SSB","chr12_54182623_54183764",367.981512366714,"-"
"HNRNPAB","chr9_110250190_110250819",367.978584591964,"-"
"PUF60","chr8_73959818_73972244",367.971248808886,"+"
"L3MBTL3","chr16_1349952_1350057",367.968652470915,"+"
"SYNJ2","chr3_98881767_98892496",367.959712047181,"-"
"MBNL1","chr1_159965645_159976643",367.946901052261,"+"
"IGF2BP3","chr16_67228657_67228796",367.934565756344,"-"
"ANKRD17","chr15_29820674_29822001",367.913888984423,"-"
"ZCRB1","chr19_2324196_2324741",367.908061533118,"-"
"LSM6","chr16_56625879_56626879",367.906825382744,"-"
"ZC3H15","chr12_27724186_27735446",367.888085091871,"+"
"SNRPB","chr11_62833131_62833791",367.879622590811,"-"
"HNRNPF","chr2_135748369_135753538",367.851112123053,"+"
"HTATSF1","chr19_12677211_12677290",367.837507632899,"-"
"KHDRBS3","chr4_82424883_82425562",367.83744745202,"+"
"NAA38","chr11_64227666_64229477",367.817788327056,"-"
"HNRNPH3","chr16_80976179_80981805",367.798017773744,"+"
"ZC3H13","chr4_108620712_108621950",367.782171831106,"-"
"TRA2A","chr16_1770766_1770880",367.775404517025,"+"
"SART3","chr6_109370467_109376073",367.774685842049,"+"
"FUBP1","chr5_176384283_176385220",367.754859566334,"-"
"RBMX","chr19_3453916_3456549",367.749689817579,"+"
"TRA2A","chr8_96231132_96231531",367.746200881086,"-"
"LSM7","chr9_136849539_136862905",367.721481817913,"-"
"ZC3H15","chr1_151167414_151168143",367.689314649459,"+"
"CIRBP","chr10_102159308_102159432",367.683327436715,"+"
"RBM28","chr17_42570183_42571546",367.665784298022,"+"
"NAA38","chr19_9827984_9828326",367.66318985953,"+"
"RBM4B","chr20_41029455_41077581",367.64744339451,"-"
"KRR1","chr4_55609179_55630401",367.608066835036,"-"
"NIP7","chr18_31522249_31524447",367.593959889077,"+"
"TOE1","chr5_163464802_163469640",367.58446542332,"-"
"YTHDF2","chr7_100435767_100435847",367.583381698781,"+"
"SAFB2","chr2_46905594_46907809",367.571828269994,"+"
"ESRP2","chr6_31639226_31639499",367.568993177348,"+"
"THUMPD3","chr9_128152274_128153099",367.563719853789,"-"
"MBNL1","chr9_35726534_35732074",367.557210191449,"-"
"MKRN1","chr19_40448046_40458154",367.553882438841,"-"
"HNRNPA1","chr8_144790763_144791276",367.519993698396,"-"
"RBMS2","chr3_98812482_98817768",367.518248692884,"+"
"ESRP2","chr19_35508240_35509910",367.5120474861,"-"
"IREB2","chr1_6825210_6871756",367.50987375391,"+"
"SAFB2","chr10_100983817_100986748",367.507841790193,"-"
"SNRPG","chr19_38290575_38304374",367.49821094129,"-"
"HNRNPK","chr3_158704927_158713796",367.490027248061,"-"
"ENOX2","chr4_55595411_55597176",367.464832615899,"-"
"HELZ","chr12_132701369_132704618",367.45572088166,"+"
"SRRT","chr3_195392147_195442794",367.436797967008,"+"
"PAN3","chr7_150804472_150804615",367.431588186091,"-"
"FXR2","chr13_36965726_36971976",367.430053068593,"+"
"THUMPD1","chr22_15788931_15790660",367.425792327528,"+"
"SRRT","chr8_61661926_61680967",367.4216633752,"+"
"SUPT6H","chr2_61533903_61537561",367.413675972499,"+"
"NAA38","chr3_51988603_51988765",367.405072768863,"+"
"BICC1","chr1_219193251_219210531",367.390204368114,"+"
"EIF4H","chr11_61789235_61789784",367.372063924875,"+"
"NCL","chr2_152663967_152664137",367.371118672636,"+"
"ACO1","chr1_6197756_6199561",367.362167609213,"+"
"ELAVL1","chr11_64227132_64229246",367.359980318057,"-"
"ZCRB1","chr8_143575093_143575229",367.357153867322,"-"
"PABPC4","chr1_39570002_39571096",367.344334008195,"-"
"RBM10","chr12_27387320_27389178",367.32565818416,"+"
"SF3A1","chr8_143575093_143575229",367.311145967334,"-"
"ZCRB1","chr12_76056161_76059797",367.284050242665,"+"
"SF1","chr11_763940_764287",367.25497388199,"-"
"RBM18","chr8_61643433_61644599",367.242479073543,"-"
"SYNJ2","chr16_56434829_56439656",367.208053055869,"+"
"RBMX2","chr20_50084254_50096671",367.207272797212,"-"
"ZCRB1","chr11_62677634_62677780",367.201532007297,"+"
"SF1","chr11_112085462_112086639",367.1814357905,"-"
"A1CF","chr19_54106011_54106810",367.162537001596,"+"
"SAFB2","chr14_22565137_22588946",367.154787003597,"-"
"SLTM","chr5_34933908_34935709",367.152402171809,"+"
"PARN","chr6_159797369_159798051",367.131401320036,"+"
"BICC1","chr5_62352710_62353274",367.128953094901,"+"
"LSM6","chr19_35505986_35509910",367.102225134494,"-"
"FXR1","chr8_98042775_98045114",367.081398082106,"-"
"THUMPD3","chr12_55716196_55716932",367.029602139553,"+"
"SNRPE","chr2_130182452_130190468",367.013560728743,"-"
"PTBP1","chr4_108620712_108621950",367.010809932826,"-"
"SRRM2","chr19_35497681_35498715",366.999604350764,"+"
"TRA2A","chr5_173020367_173034398",366.99923784821,"+"
"RBM26","chr16_81082963_81084462",366.989317428669,"+"
"YBX1","chr3_183829709_183833491",366.972252854397,"+"
"KHDRBS1","chr7_26197732_26197830",366.966653393955,"-"
"TRA2B","chr11_57742227_57742862",366.955144678149,"-"
"QKI","chr7_92244149_92244901",366.928057327384,"+"
"SNRPB","chr11_45913938_45914130",366.896077685005,"+"
"ZFP36","chr5_132866691_132866868",366.887869453518,"-"
"LSM7","chr10_94545952_94546376",366.862535830033,"-"
"LSM10","chr16_1961636_1961801",366.84840842468,"-"
"POLDIP3","chr19_1273715_1274306",366.848349305724,"-"
"EIF4H","chr2_27445449_27445928",366.829433378338,"+"
"YTHDF2","chr5_61099032_61152703",366.819354572726,"+"
"RBM15B","chr19_1438580_1438806",366.798839175711,"-"
"RBM14","chr17_38755990_38762410",366.788590106197,"-"
"DAZAP1","chr3_127695190_127710575",366.788235936931,"+"
"MEX3C","chr20_44885886_44887647",366.781306003474,"-"
"NAA38","chr16_635340_635611",366.758227240987,"+"
"SF3A1","chr5_145765000_145796441",366.754084741924,"+"
"RBM8A","chr2_68162663_68173346",366.750331252547,"+"
"PAN3","chr17_5426299_5432541",366.741030031939,"+"
"TRMT2A","chr5_140194652_140228729",366.720953829134,"-"
"TRNAU1AP","chr18_79977701_79988239",366.660447514985,"+"
"NONO","chr8_56214667_56216388",366.626983775788,"-"
"CIRBP","chr2_131492024_131492719",366.626103780176,"-"
"RBM22","chr11_406059_406141",366.622654938713,"-"
"LARP4B","chr2_218249921_218252944",366.615538440368,"-"
"KIN","chr14_22831037_22833417",366.604729318314,"-"
"KRR1","chr2_219001_229965",366.600509057393,"+"
"LSM4","chr19_35505986_35509910",366.59920112257,"-"
"PABPC1","chr11_2979237_2988076",366.588912944431,"-"
"QKI","chr19_39435705_39435847",366.579052657217,"-"
"RRP7A","chr19_35508240_35509910",366.557329289898,"-"
"YTHDC2","chr20_45470532_45471486",366.553593882736,"-"
"FXR2","chr12_123389182_123389432",366.547455591833,"+"
"SNRPC","chr3_184365226_184368176",366.536891366939,"-"
"HNRNPC","chr11_111882598_111883770",366.528637499087,"-"
"PPIE","chr7_100091307_100091419",366.525117232415,"-"
"HNRNPA2B1","chr14_54417951_54419991",366.518041912045,"+"
"RBM41","chr14_52001866_52004239",366.506354690744,"-"
"NAA38","chr14_30653588_30658082",366.499891070646,"+"
"RBM18","chr16_721941_722308",366.487384006708,"+"
"SRRT","chr8_61643433_61643944",366.486928207264,"+"
"RBM23","chr2_227340380_227355676",366.465498825615,"+"
"RRP7A","chr12_6492972_6493458",366.460578007811,"-"
"PUM2","chr9_133357814_133360264",366.460120639697,"+"
"ZC3H15","chr1_53923947_53930038",366.456708348907,"-"
"HTATSF1","chr6_85678188_85678697",366.419278641172,"-"
"ZC3H3","chr5_176384374_176385220",366.413246707551,"+"
"LARP1","chr5_163464802_163469640",366.40888521043,"+"
"RBM42","chr9_33998864_34048824",366.408452397861,"-"
"ZC3H15","chr14_94114880_94115780",366.401557102762,"+"
"MCTS1","chr7_16795019_16799743",366.397562019433,"-"
"TNRC6A","chr16_1962270_1962735",366.384671417998,"-"
"SLBP","chr4_82359639_82373445",366.3458796537,"+"
"THUMPD2","chr14_105481542_105488165",366.330423780376,"-"
"SNRPC","chr19_58393185_58393358",366.317504438497,"+"
"APTX","chr1_45568684_45568926",366.31122697845,"+"
"DUS3L","chr12_57715970_57716091",366.309006682306,"+"
"ZFR","chr7_103326684_103327331",366.279718168027,"-"
"PNPT1","chr19_38382237_38383252",366.271970450366,"-"
"G3BP1","chr5_65542848_65551563",366.255122201156,"+"
"SF3B4","chr3_195392147_195442794",366.252134696794,"+"
"GTF3A","chr17_68255876_68256813",366.244383493288,"+"
"TEP1","chr1_156055425_156058314",366.234252131464,"-"
"BICC1","chr20_35699451_35699632",366.229908499346,"-"
"HNRNPAB","chr1_1402256_1405802",366.228487531293,"-"
"CCAR1","chr2_55234962_55235412",366.213066608969,"-"
"PUM1","chr17_36578192_36579244",366.180764667859,"+"
"NIP7","chr8_85214631_85217385",366.174041892087,"-"
"SNRPE","chr15_43792611_43792974",366.147791132384,"-"
"RC3H1","chr4_673401_673911",366.142124372581,"+"
"NIP7","chr17_8382315_8382861",366.121890927054,"-"
"HNRNPH1","chr17_42998831_43002672",366.103731030216,"-"
"MSI2","chr14_55580354_55612018",366.101406893444,"+"
"YBX1","chr12_56639307_56639979",366.084700065254,"+"
"PAN3","chr13_75530266_75537663",366.07654518773,"+"
"U2AF2","chr10_102159308_102159432",366.073146701668,"+"
"NCL","chr3_101682509_101682770",366.068879516063,"-"
"LARP7","chr3_40458736_40461938",366.051856761107,"-"
"LSM10","chr1_32894933_32895304",366.043813112464,"-"
"ZFP36L1","chr4_82355401_82356795",366.032835472322,"+"
"RBM42","chr1_31908959_31910037",366.03269491487,"-"
"RBM28","chr13_27255354_27256155",366.031650293734,"-"
"YBX1","chr1_42675327_42676583",366.025835317918,"-"
"PUM1","chr1_20773610_20776596",366.01312357606,"+"
"FXR1","chr19_49498046_49499521",366.011790582308,"-"
"LARP4","chr11_34651805_34656907",366.007386434422,"+"
"A1CF","chr17_63766194_63773411",365.986451676135,"+"
"RBM4B","chr16_18789118_18790309",365.977373298577,"-"
"RC3H2","chr20_37234095_37236579",365.968479430929,"+"
"APTX","chr19_1439826_1440018",365.959479541612,"-"
"TRMT1","chr19_35497681_35498715",365.933448204213,"-"
"LARP4","chr5_53646405_53683117",365.928646748254,"-"
"CSDE1","chr17_78214789_78216663",365.910805455352,"+"
"YTHDF1","chr19_35505986_35507457",365.899159170257,"-"
"SNRPF","chr8_85214631_85217385",365.868505413606,"-"
"HNRNPA1","chr14_54415930_54417847",365.867090812563,"+"
"NIP7","chr20_6116044_6119403",365.865666253335,"+"
"RBMS1","chr6_31836517_31837235",365.862809482543,"-"
"SETD1A","chr1_151986251_151993481",365.843763810176,"-"
"CPSF4","chr1_2192975_2193638",365.830433090934,"+"
"A1CF","chr3_119674788_119675144",365.824495250048,"-"
"TRA2A","chr1_150231926_150235732",365.822955342346,"+"
"MBNL3","chr16_57173869_57186030",365.814385761181,"+"
"MKRN1","chr8_96231515_96231773",365.803949161293,"-"
"RBM3","chr2_74527059_74527211",365.799498624312,"-"
"RBM15B","chr17_5422829_5426235",365.784928410183,"-"
"KRR1","chr3_149371867_149375679",365.731808543122,"-"
"HNRNPA2B1","chr7_150804719_150804826",365.717245557912,"-"
"NONO","chr12_76074239_76084566",365.715331344785,"+"
"L3MBTL3","chr9_7798637_7799460",365.668609261226,"-"
"RALY","chr16_75294042_75305023",365.658045110888,"+"
"LSM7","chr7_74658068_74689123",365.641795231844,"+"
"LSM4","chr1_151986251_151993481",365.637762617825,"-"
"SRRT","chr16_1961258_1961496",365.63005842818,"-"
"SNRPD1","chr1_1405886_1406908",365.608945582641,"+"
"ZFP36L2","chr11_1836861_1836956",365.591216446922,"+"
"TMEM63A","chr12_56116863_56117481",365.553659156172,"-"
"ASCC1","chr11_63753708_63756111",365.51991270115,"+"
"NONO","chr12_55725896_55726699",365.513972681684,"-"
"DAZAP1","chr17_81893614_81894466",365.506433065936,"-"
"ZFR","chr17_8382315_8382780",365.49755092395,"-"
"RBMX2","chr9_34011664_34017049",365.494100619147,"-"
"SYNJ2","chr1_228146938_228147614",365.48958124404,"-"
"LSM7","chr19_35507511_35509910",365.470388440645,"-"
"HNRNPH2","chr19_1599560_1602330",365.451733304068,"-"
"RBM14","chr11_63583126_63590099",365.400861540089,"-"
"SLTM","chr19_48616220_48616725",365.38496858894,"-"
"HDLBP","chr2_200306922_200329430",365.377342538287,"-"
"RBPMS","chr19_35651349_35658593",365.373817460425,"-"
"RBM22","chr19_44793620_44794203",365.359804478139,"+"
"TRMT1","chr19_38290575_38304374",365.345722866157,"-"
"CPSF4","chr3_28263380_28316332",365.297129883507,"+"
"HNRNPR","chr12_110436204_110437083",365.281412752095,"-"
"RBM33","chr9_133350319_133350596",365.274400280971,"+"
"CPSF6","chr12_56116930_56117188",365.273996170843,"-"
"RBMS1","chr8_144099205_144099276",365.242465812082,"+"
"RC3H1","chr5_90488129_90495676",365.234722061535,"-"
"DAZAP1","chr8_97691188_97699753",365.233514651848,"+"
"RBM12B","chr17_75136250_75141943",365.232960754378,"-"
"LARP4B","chr11_764446_764812",365.221931618469,"-"
"EWSR1","chr19_43652371_43655438",365.219231224013,"+"
"LSM10","chr19_48965916_48966283",365.218778580849,"-"
"DNAJC17","chr8_98045087_98045346",365.215824904918,"-"
"CPSF7","chr4_2042175_2042326",365.197309324398,"+"
"IGF2BP3","chr3_179593895_179601729",365.191837851082,"-"
"TRMT1","chr1_53923947_53930038",365.177761970628,"-"
"EIF2S1","chr2_197500439_197501073",365.157376729563,"+"
"RBM38","chr5_115832664_115837627",365.141932063463,"+"
"RBMX2","chr2_227340380_227355676",365.119191190056,"+"
"CCAR1","chr19_48325610_48329351",365.112835838381,"-"
"ASCC1","chr16_88859972_88860910",365.099127706917,"+"
"CCAR1","chr7_73694050_73697604",365.080894443466,"+"
"MCM3AP","chr14_49619140_49619524",365.066912463436,"-"
"UPF1","chr11_63756170_63758155",365.056336385024,"+"
"YTHDF2","chr12_53306320_53306679",365.026091807412,"+"
"EIF3G","chr18_13671973_13681604",365.022634794123,"+"
"SRRM1","chr19_43652371_43655438",365.015364453646,"+"
"DAZAP1","chr19_45413745_45414860",364.941850384134,"-"
"ZRANB2","chr13_75526639_75527812",364.930117314644,"-"
"PCBP4","chr20_49094963_49096175",364.904491448208,"-"
"FUBP1","chr11_93730447_93730676",364.89100235998,"+"
"TIA1","chr1_183633154_183635516",364.889263112365,"+"
"SAFB2","chr10_38017386_38054374",364.859850089476,"+"
"NUFIP1","chr5_96695907_96727488",364.834288240912,"-"
"PCBP4","chr11_66284966_66287597",364.830376673995,"-"
"ZC3H7A","chr3_172511659_172514860",364.803735724575,"+"
"TIA1","chr11_45913938_45914130",364.798962931672,"+"
"DAZAP1","chr15_78546698_78548789",364.773231112814,"+"
"RBM17","chr15_63504830_63532646",364.753972737168,"+"
"ZC3H14","chr20_63521363_63521511",364.708303531583,"+"
"HNRNPH1","chr13_75804541_75817160",364.706438062491,"-"
"HELZ","chr12_117049158_117056805",364.697505898583,"+"
"EIF3G","chr4_82425667_82426036",364.693369954724,"-"
"LSM4","chr17_31863516_31868045",364.683540167892,"-"
"HNRNPH1","chr16_1770766_1770880",364.678166805016,"+"
"KRR1","chr2_197501238_197501483",364.626482184991,"-"
"NIP7","chr4_82359639_82371527",364.612040830883,"-"
"LSM10","chr19_9828389_9828591",364.605918809534,"-"
"SNRPA","chr19_5896997_5903611",364.595778290127,"+"
"ESRP2","chr1_63446856_63453917",364.579416816804,"+"
"RBM6","chr12_104988253_104991711",364.578397474267,"+"
"EIF4B","chr5_115832664_115837627",364.57335507908,"+"
"SPEN","chr3_172755374_172756982",364.569868016015,"+"
"RBMX2","chr3_158704927_158710737",364.545256968484,"-"
"SYNJ2","chr6_26124749_26127697",364.543665635278,"+"
"SNRPB","chr3_186785101_186785882",364.519485996756,"+"
"SART3","chr12_110493231_110496011",364.517897261666,"+"
"PARP14","chr16_29446922_29454015",364.514811491781,"+"
"RBM33","chr9_127448426_127449280",364.513726607681,"-"
"SRRM2","chr19_35742803_35743154",364.491580741106,"+"
"EIF4H","chr7_87341684_87345042",364.482989023661,"+"
"POLDIP3","chr8_109339390_109340490",364.479401877417,"+"
"ZC3H7A","chr19_29942664_29985222",364.473284634773,"-"
"RBM8A","chr1_161157693_161158120",364.470135211506,"+"
"HNRNPH3","chr20_17660528_17682027",364.458870660333,"+"
"RBPMS","chr7_96688991_96694797",364.449519618837,"-"
"FUBP3","chr16_87303075_87305718",364.41397243329,"+"
"LEMD3","chr19_44172952_44174983",364.406949568268,"+"
"SNRNP35","chr5_77691498_77708241",364.399152029158,"-"
"SF1","chr5_146164471_146168127",364.39160488714,"+"
"SNRNP70","chr9_35684315_35685475",364.385914741394,"-"
"PPRC1","chr15_40836282_40838542",364.371571680372,"+"
"HNRNPA1","chr2_174079090_174081923",364.36151737729,"-"
"YBX1","chr19_39433545_39433664",364.357570009267,"-"
"SNRPD2","chr14_22830254_22833417",364.351044676155,"+"
"PPIE","chr19_18590933_18592107",364.323756293364,"+"
"RBM47","chr19_12676142_12677107",364.318107908756,"+"
"LARP4B","chr8_85217502_85220305",364.302281376615,"-"
"DUS3L","chr21_42382234_42383032",364.30081598043,"-"
"HNRNPA3","chr12_120198634_120198853",364.289251651913,"-"
"DHX8","chr20_35632025_35632310",364.284495428407,"-"
"G3BP2","chr4_151103079_151104176",364.238108640451,"+"
"RBM10","chr18_36786982_36798448",364.237788837286,"-"
"PNPT1","chr4_673401_673911",364.205930928274,"+"
"SAMD4B","chr2_118107189_118108280",364.16570144887,"+"
"HNRNPH3","chr19_18903423_18904770",364.159798901125,"+"
"SNRPE","chr1_203862226_203863662",364.155557303011,"-"
"MBNL3","chr1_161157693_161158411",364.154704115224,"-"
"LSM10","chr19_49660844_49661947",364.15322381785,"-"
"SAFB","chr9_128152284_128153310",364.113696503713,"-"
"ZFP36L2","chr14_103915189_103920939",364.112597202199,"-"
"ZFP36L1","chr9_136849573_136850012",364.112539019064,"-"
"RBM42","chr11_18081503_18083534",364.083234923121,"+"
"THUMPD2","chr8_98042775_98045114",364.075366421659,"-"
"PARN","chr8_109339390_109340490",364.069220597868,"-"
"HNRNPF","chr3_156543269_156544293",364.06399315038,"-"
"PARP14","chr11_63575046_63583005",364.062139145565,"-"
"SSB","chr17_76733377_76733520",364.061547327586,"+"
"BICC1","chr7_74658068_74689123",364.036994928401,"+"
"MKRN1","chr1_44777737_44777999",364.026932071009,"-"
"CIRBP","chr19_16076172_16081912",364.026872673597,"+"
"RBM3","chr2_240134005_240136221",364.020858959201,"+"
"NOL8","chr21_46291462_46296161",364.01890040189,"+"
"FUBP1","chr17_7017014_7017260",364.001813922242,"+"
"ESRP2","chr7_103326684_103327331",363.977500802116,"-"
"ACIN1","chr5_73128531_73131540",363.977080225356,"-"
"EWSR1","chr1_2189781_2193638",363.966923541882,"+"
"ZRANB2","chr1_159961405_159976643",363.959685745203,"-"
"FUS","chr5_176392945_176397606",363.957650379349,"+"
"NAA38","chr16_1962656_1963148",363.956329118726,"-"
"APTX","chr15_59639157_59650668",363.953296480131,"-"
"ZC3H7A","chr2_237708630_237748363",363.951574164662,"+"
"PAN3","chr6_159797369_159798051",363.949847104259,"-"
"NIP7","chr5_135335141_135343259",363.946474632118,"+"
"CCAR1","chr2_135748369_135755516",363.942554805453,"-"
"AKAP1","chr15_51835058_51862810",363.940254136757,"-"
"U2AF2","chr3_101685928_101686671",363.910821619313,"-"
"SNRPE","chr8_96231515_96231773",363.909364987021,"-"
"ALKBH8","chr16_66933739_66933998",363.888717615687,"-"
"HNRNPM","chr1_42457350_42459602",363.885397047702,"+"
"MATR3","chr16_85805153_85805732",363.883904792107,"-"
"TIPARP","chr17_5422829_5432541",363.879032002156,"+"
"CIRBP","chr8_80003180_80030035",363.856959458057,"+"
"CIRBP","chr5_181237719_181238098",363.832776144114,"+"
"PUM1","chr1_171512200_171512994",363.816828526869,"+"
"ZC3H6","chr11_72109940_72110087",363.806059429109,"-"
"HNRNPH1","chr1_173864704_173865470",363.781181849616,"-"
"HTATSF1","chr19_35505986_35507457",363.754412557907,"+"
"ZC3H7A","chr19_1599560_1602330",363.752004678849,"-"
"SLTM","chr2_232567214_232580903",363.738945531313,"-"
"PPIL4","chr1_84501970_84563256",363.731996883101,"-"
"ZC3HAV1L","chr4_183651327_183655880",363.71797815042,"+"
"RBM3","chr8_96231132_96231773",363.7101940889,"+"
"IGF2BP2","chr9_124861555_124861909",363.699424767273,"+"
"EIF3G","chr3_167725473_167734805",363.69893141031,"-"
"RBMX","chr14_54418306_54419991",363.691727288786,"-"
"EWSR1","chr17_6641227_6642248",363.659241539512,"-"
"ZCCHC17","chr11_86302478_86337378",363.628054263098,"-"
"ZC3H6","chr10_63215455_63215552",363.614802843735,"+"
"TIPARP","chr6_132582157_132816959",363.610239678174,"-"
"SNRPD3","chr19_45688566_45690571",363.606221831912,"-"
"LSM4","chr16_18789118_18790309",363.583948606489,"-"
"SNRNP70","chr11_8684081_8684696",363.583885285077,"-"
"RBMX2","chr10_32935558_32957237",363.569645227606,"-"
"THUMPD3","chr3_150575762_150583199",363.550856073326,"-"
"NAA38","chr11_67611978_67612119",363.538363529908,"+"
"ZC3H15","chr1_52064938_52086111",363.538192548694,"-"
"HNRNPD","chr12_55725896_55726699",363.53386031965,"-"
"RBMS1","chr4_82355401_82356795",363.532648443285,"+"
"UPF3B","chr8_144098989_144099080",363.519641478953,"-"
"SNRPB2","chr16_721941_722308",363.51274640544,"+"
"EIF2S1","chr10_122849439_122855644",363.493847655379,"+"
"RBM3","chr12_117046838_117049018",363.483183479804,"+"
"ANKHD1","chr2_46581591_46592474",363.463245213479,"+"
"A1CF","chr6_85678188_85678697",363.435562159583,"-"
"ZC3H8","chr14_92117642_92118848",363.410560868327,"-"
"RRP7A","chr1_109758666_109759061",363.404589300597,"+"
"RDM1","chr7_44834562_44835642",363.396723928486,"-"
"BICC1","chr17_9378653_9491828",363.368838185543,"+"
"EIF2S1","chr8_60558923_60584207",363.366332544362,"-"
"RBM28","chr6_7581569_7582641",363.357130105867,"+"
"TRMT2A","chr2_74527121_74527247",363.351934611982,"-"
"QKI","chr11_62833131_62833791",363.344034965518,"-"
"HNRNPF","chr12_109088512_109090008",363.343379841219,"+"
"HNRNPR","chr14_90397233_90400064",363.340421313448,"+"
"ZCRB1","chr5_178149838_178153490",363.338177519339,"-"
"UNK","chr2_55234962_55235412",363.321374744413,"-"
"PUM2","chr1_153563866_153565505",363.306910137841,"-"
"TRMT1","chr11_66285536_66285700",363.294683477762,"+"
"LSM4","chr1_31007102_31028795",363.275368710148,"+"
"RBM18","chr1_153561591_153565505",363.264208420902,"-"
"ESRP1","chr11_10801087_10801660",363.228750558521,"+"
"ACO1","chr1_173864704_173865509",363.192437394364,"-"
"PPIL4","chr9_83978452_83980152",363.16983850851,"+"
"MBNL2","chr12_57303217_57305639",363.166555084903,"-"
"PARN","chr13_45338797_45339496",363.165439819101,"-"
"YBX1","chr6_73519228_73519336",363.163267851823,"+"
"MCTS1","chr17_28360847_28373211",363.157472264633,"-"
"PARN","chr7_100435767_100435847",363.155754261919,"+"
"UNK","chr19_1273715_1274306",363.152100124192,"-"
"HNRNPA0","chr7_56054503_56055623",363.137301520908,"+"
"MEX3C","chr12_6975148_6975228",363.125677459528,"+"
"RBM17","chr16_4796048_4796189",363.112220069188,"+"
"MBNL3","chr20_31744675_31757406",363.092482622796,"-"
"MATR3","chr17_38760571_38762410",363.059809651795,"-"
"KHDRBS1","chr20_45470532_45479985",363.05475285161,"-"
"ASCC1","chr8_100288267_100309866",363.029259022021,"+"
"HELZ","chr1_1311071_1311329",363.02521197652,"+"
"SNRPG","chr11_47622776_47627079",362.987386776311,"-"
"CPSF7","chr9_133357814_133360264",362.979920222917,"-"
"SNRPD1","chr18_21623089_21623747",362.968477981599,"-"
"ACO1","chr6_116574171_116580294",362.948737314436,"+"
"ZFR","chr7_75987285_75987359",362.933244564311,"+"
"HNRNPH3","chr1_159965645_159976643",362.923615379333,"+"
"NONO","chr13_45338776_45339993",362.917869572729,"-"
"DNAJC17","chr8_144790470_144791276",362.909359556071,"+"
"RBM12B","chr12_120197462_120198553",362.906198037557,"-"
"HNRNPH1","chr18_74253665_74260914",362.895862013884,"-"
"PNPT1","chr20_49094963_49096348",362.885592751603,"+"
"ZC3H3","chr10_103889144_103892129",362.873281043299,"+"
"PARN","chr12_76450979_76459858",362.864764665612,"+"
"RBM6","chr15_74920442_74926765",362.832170128596,"-"
"SLBP","chr20_56388202_56392153",362.83181316869,"-"
"HNRNPK","chr11_114443933_114445978",362.826071329287,"-"
"CCAR1","chr10_101608937_101609366",362.816036623618,"+"
"ZC3HAV1","chr17_74203736_74203917",362.811838129867,"-"
"SRRT","chr11_114440739_114443855",362.810707059488,"+"
"ANKHD1","chr14_22565137_22588946",362.80933020712,"-"
"MBNL3","chr16_81087664_81096130",362.773391049457,"-"
"LARP7","chr12_4543904_4548091",362.764471200348,"-"
"EIF4B","chr19_45468712_45470745",362.719113270185,"+"
"ZFP36L2","chr7_26190460_26192494",362.703304635478,"+"
"ZC3H15","chr1_203862222_203863662",362.702183233509,"-"
"RBM41","chr6_26124633_26138053",362.692807197231,"-"
"ESRP1","chr16_2752846_2757471",362.676175757374,"-"
"SNRPE","chr12_117046666_117049018",362.660148118123,"-"
"EWSR1","chr12_57303217_57310263",362.65419562731,"+"
"SUPT6H","chr19_38632463_38632600",362.618032414247,"-"
"ZC3HAV1","chr7_76303076_76303983",362.590443360078,"-"
"RBM15B","chr15_84670782_84687624",362.585738603358,"-"
"SPEN","chr3_186784696_186785882",362.560947984549,"-"
"CPSF6","chr19_45688566_45689232",362.554879315961,"-"
"ZC3H7A","chr11_67611569_67612119",362.531728928388,"-"
"PPIL4","chr15_60386086_60402768",362.507922407519,"-"
"ALKBH8","chr7_44834562_44835642",362.501665110954,"-"
"YTHDC2","chr6_31639226_31639499",362.499194663219,"-"
"DHX8","chr2_199961928_199963732",362.491107242325,"+"
"YBX1","chr5_135335141_135343259",362.476580974814,"+"
"SNRNP70","chr15_34342111_34343019",362.466208593877,"-"
"TRMT1","chr2_73927052_73958145",362.421416129863,"+"
"YTHDF2","chr7_10933949_10938089",362.409633096528,"-"
"FXR1","chr16_721941_722308",362.376900287142,"-"
"HNRNPM","chr11_63756170_63758155",362.349678031138,"+"
"HNRNPC","chr9_35725727_35732074",362.342925449207,"+"
"PPIE","chr3_196766039_196782625",362.340483657162,"-"
"G3BP2","chr20_35632025_35632162",362.298303713278,"+"
"PPRC1","chr8_144098994_144099276",362.283814345485,"+"
"SAMD4B","chr12_76047718_76048420",362.265162465778,"-"
"SNRNP35","chr11_86344721_86345583",362.261543109408,"+"
"SNRPD3","chr12_69365884_69370705",362.259941068285,"+"
"NUFIP1","chr6_30345398_30345466",362.239502401903,"-"
"RBM6","chr17_75320553_75321658",362.206604829792,"+"
"RBM39","chr8_96231132_96231531",362.203047395851,"-"
"CCAR1","chr18_21622801_21623870",362.19613873828,"-"
"SNRPA","chr3_146528831_146533469",362.177304903513,"+"
"THUMPD2","chr3_73063747_73064002",362.16261170492,"+"
"MBNL3","chr4_55616385_55630401",362.152543716065,"-"
"TRMT1","chr15_34342108_34343019",362.148914270871,"+"
"PABPC4","chr19_41862356_41869030",362.146976319379,"-"
"EIF3G","chr1_20776005_20776596",362.142913629254,"-"
"MSI2","chr1_203862222_203865040",362.14111702684,"-"
"YBX1","chr1_156593572_156593881",362.138064274107,"-"
"RBMS1","chr3_126914750_126957415",362.122275891588,"+"
"SETD1A","chr1_43451311_43451427",362.117909081621,"+"
"RRP7A","chr10_103889144_103892129",362.117295918007,"+"
"SNRPE","chr12_56158711_56159974",362.106259997988,"-"
"SAFB2","chr9_36199096_36204067",362.074396928445,"+"
"ACIN1","chr12_6975148_6975228",362.073285020611,"-"
"PABPC1","chr20_16044639_16049829",362.052619439787,"+"
"SRRT","chr12_76450988_76487509",362.042265792329,"-"
"LARP7","chr12_56311054_56314850",362.023999696178,"-"
"SNRPE","chr10_21920963_21928505",361.991169437047,"+"
"SPEN","chr20_49279208_49295402",361.98255101073,"-"
"FXR1","chr14_52001866_52004239",361.940632685493,"-"
"ZC3HAV1","chr15_84655404_84657175",361.917711480427,"-"
"BICC1","chr19_43508864_43511436",361.911067132808,"+"
"G3BP2","chr19_55388048_55391553",361.909934754595,"-"
"HNRNPAB","chr6_2838686_2839334",361.899352271554,"-"
"ZC3H14","chr8_37877551_37899073",361.88653621647,"-"
"NUFIP1","chr1_161157693_161158411",361.878687626047,"+"
"SNRPG","chr1_203861743_203863662",361.874094352325,"-"
"SRRM2","chr14_54411706_54417847",361.871466344313,"-"
"MSI2","chr19_582582_582749",361.817560041709,"+"
"ZFR","chr15_50707874_50719939",361.810689989337,"+"
"UHMK1","chr13_45337403_45338659",361.794950311386,"-"
"PRPF3","chr17_5428211_5432541",361.778287290009,"+"
"ZC3H8","chr4_163515461_163517433",361.769367922312,"+"
"CSTF2T","chr13_27445156_27450508",361.681044717388,"+"
"SNRPB2","chr16_88859972_88860910",361.677841185397,"+"
"TTC14","chr1_31007102_31028795",361.647532709091,"-"
"ZC3H12A","chr7_27800090_27827737",361.63191218665,"-"
"ESRP1","chr8_60517253_60572045",361.625549961506,"-"
"TRA2B","chr19_3452666_3456549",361.618445811313,"-"
"NONO","chr11_532755_533452",361.6131763154,"+"
"RNPC3","chr7_21908507_21911616",361.598607596908,"+"
"UHMK1","chr5_146463793_146468340",361.594377489866,"+"
"RNPS1","chr2_46581591_46592474",361.583070993972,"+"
"APTX","chr16_88644295_88646115",361.572296764672,"-"
"UPF1","chr2_214781509_214797060",361.535241606292,"-"
"ESRP2","chr19_58388245_58392975",361.53257368306,"-"
"RBM7","chr1_44775882_44776033",361.528024997061,"-"
"ZFP36L2","chr7_105063580_105066726",361.52706177041,"+"
"RBM22","chr3_157150381_157152176",361.524842937781,"+"
"A1CF","chr7_10938896_10940011",361.515050407532,"-"
"MEX3C","chr6_29830410_29830552",361.508896834463,"-"
"ZCRB1","chr19_44172952_44174983",361.507996700848,"+"
"YTHDF2","chr20_35626381_35626566",361.504144451144,"+"
"YBX1","chr17_7857198_7857382",361.50254654446,"+"
"YTHDC2","chr4_139695267_139703454",361.502366289855,"+"
"NAA38","chr19_2324196_2328386",361.491305699558,"+"
"IGF2BP3","chr9_35074216_35074370",361.487929333985,"+"
"CCAR1","chr2_200384017_200389222",361.487480784797,"+"
"CIRBP","chr11_65920462_65920568",361.479995096392,"+"
"UPF1","chr16_28983957_28984204",361.464627732606,"+"
"SNRPF","chr17_46935169_46938598",361.459680961207,"+"
"APTX","chr6_167864746_167870382",361.44841743675,"+"
"TRMT2A","chr2_241166441_241167044",361.402958221694,"-"
"TOE1","chr6_29830410_29830767",361.383501140348,"-"
"RBM15B","chr8_73955737_73955910",361.364009819578,"-"
"SF3B4","chr19_48325610_48329351",361.312215998735,"-"
"BICC1","chr7_88209452_88217121",361.31031658311,"-"
"NAA38","chr11_112085462_112085977",361.290631683347,"-"
"KHDRBS1","chr7_27766021_27769675",361.285296824705,"+"
"GRSF1","chr3_108049651_108050577",361.255353731238,"+"
"RBM6","chr8_100948900_100953268",361.236898795253,"-"
"NCL","chr12_53027919_53028014",361.228522472038,"+"
"RBM19","chr11_62789426_62789885",361.223434349891,"-"
"A1CF","chr3_165474241_165491195",361.218994409362,"+"
"GRSF1","chr16_635340_635611",361.210711208393,"+"
"HNRNPA2B1","chr1_44777737_44777999",361.210659972132,"-"
"EWSR1","chr13_45340184_45341041",361.207064700428,"-"
"RALY","chr15_60347689_60349074",361.193305612501,"+"
"RBM42","chr17_8382315_8382861",361.182167179958,"-"
"SNRPE","chr2_85398152_85398689",361.170696523477,"+"
"SF3B4","chr4_82355401_82356536",361.168108607576,"-"
"LSM7","chr1_6186816_6197651",361.167049898599,"-"
"SNRPB2","chr11_68892993_68893402",361.166091446756,"+"
"TIAL1","chr3_157153156_157157010",361.158732825963,"-"
"YTHDC2","chr15_63048707_63056984",361.154753331948,"-"
"L3MBTL3","chr21_31659841_31666448",361.123246601027,"-"
"PUM1","chr3_119669665_119675144",361.095802675187,"+"
"TRA2B","chr17_5428211_5432541",361.087653442267,"+"
"RNPS1","chr5_69177349_69177523",361.070252823881,"+"
"PNPT1","chr3_119669665_119675144",361.058117770886,"+"
"SNRPD2","chr16_66552793_66563121",361.057006878321,"-"
"HNRNPH2","chr19_1439826_1440018",361.054626330688,"-"
"HNRNPL","chr19_994088_994212",361.050767046541,"+"
"SNRPE","chr1_114736855_114737962",361.04196341889,"+"
"EIF4H","chr11_406059_406141",361.021680755718,"-"
"RBM14","chr9_128820848_128822327",361.020366035365,"+"
"HNRNPA2B1","chr20_45814470_45815853",361.013427417723,"-"
"RBMS2","chr1_155186209_155186729",360.979981179645,"-"
"BICC1","chr1_151983324_151986098",360.964357120465,"+"
"ZC3HAV1L","chr6_7579772_7582641",360.950041677805,"+"
"RBM47","chr16_4848210_4857989",360.905315304163,"-"
"KHSRP","chr20_45470532_45471152",360.889319747492,"-"
"RC3H2","chr7_44834562_44835642",360.864839183205,"-"
"SNRPD1","chr4_2042488_2042735",360.860467230098,"-"
"APTX","chr13_110642521_110644384",360.847205937,"+"
"RBMS2","chr17_44037538_44040146",360.844776421716,"+"
"SETD1B","chr7_498574_501115",360.842096719984,"+"
"IGF2BP3","chr5_134388413_134390224",360.821499354348,"+"
"HNRNPK","chr4_48894053_48899828",360.821035604311,"-"
"TAF15","chr5_65529199_65542801",360.809552098013,"+"
"RBMS2","chr8_144098989_144099080",360.799084302643,"-"
"SPEN","chr17_7857198_7883234",360.796220605039,"+"
"YBX1","chr9_35679342_35680752",360.795942496204,"-"
"RRP7A","chr15_68780473_68782955",360.790633809201,"+"
"HNRNPA1","chr19_35505765_35510183",360.783943226544,"-"
"CARHSP1","chr6_18263996_18264384",360.761868342097,"+"
"ZC3H18","chr4_55605349_55609119",360.739578293045,"-"
"NAA38","chr20_45471417_45479941",360.725686961443,"-"
"ZC3H15","chr17_41525273_41527920",360.72236364211,"-"
"IGF2BP3","chr19_16076697_16081912",360.708720254767,"-"
"SNRPE","chr13_75530266_75537580",360.687898305165,"-"
"ACO1","chr8_143575345_143575422",360.662541621464,"+"
"TARDBP","chr5_96722698_96729152",360.64884613204,"-"
"SLBP","chr1_212609271_212615017",360.642965616361,"-"
"NONO","chr7_100091330_100091419",360.640552023789,"+"
"FMR1","chr16_2772102_2776992",360.623621438451,"-"
"LEMD3","chr14_22830254_22830963",360.612828221269,"-"
"ESRP1","chr15_41349241_41350990",360.605164745645,"-"
"MSI2","chr6_75241265_75243422",360.573048534184,"-"
"SFPQ","chr5_40834606_40835182",360.559646422299,"+"
"EIF2S1","chr12_52245847_52248176",360.539732547189,"-"
"RBM6","chr4_82359639_82371527",360.538647779985,"-"
"MEX3D","chr2_70289372_70293617",360.535197677091,"+"
"PSPC1","chr20_35632234_35632310",360.51682354864,"-"
"HNRNPH2","chr6_132815088_132816460",360.513777000572,"+"
"TIPARP","chr12_101726404_101728900",360.510618257044,"-"
"SSB","chr20_50084254_50113106",360.476844780433,"+"
"HNRNPF","chr17_16000245_16001914",360.4737813299,"+"
"PUF60","chr1_153985931_153991114",360.456755539645,"-"
"RBM12B","chr15_59639156_59642135",360.4518564663,"-"
"ZC3H11A","chr6_158776504_158784643",360.451137149794,"-"
"RBM22","chr19_3452666_3462751",360.44599460619,"-"
"RBM23","chr19_35497538_35498597",360.43232390218,"+"
"SAFB2","chr19_17861563_17862093",360.429668729424,"-"
"AKAP1","chr1_155140245_155140490",360.427118390103,"+"
"ESRP1","chr9_35813784_35814898",360.399585248608,"+"
"YBX1","chr17_31863516_31865365",360.390812262759,"+"
"MBNL2","chr11_62534074_62535002",360.384062465275,"+"
"U2AF2","chr19_10110866_10110944",360.368889505521,"+"
"SUPT6H","chr16_634797_635611",360.365225891228,"+"
"DAZAP1","chr12_120695000_120695094",360.362261787648,"+"
"HNRNPH1","chr1_226065809_226068564",360.355762422967,"-"
"TRNAU1AP","chr1_6197756_6200488",360.355520647481,"-"
"RRP7A","chr2_74527121_74527247",360.336290342203,"-"
"LARP1","chr10_71822007_71823887",360.334072534275,"+"
"ZCRB1","chr3_49015707_49015803",360.32953974183,"+"
"NAA38","chr7_16873843_16881943",360.324381960501,"-"
"RBM18","chr10_80155912_80157671",360.301294962109,"-"
"SNRNP70","chr12_109088512_109092506",360.223756269232,"+"
"HNRNPR","chr8_98045409_98045507",360.222353982405,"-"
"RNPC3","chr1_173864704_173865509",360.220626133754,"-"
"MSI2","chr10_128113602_128116490",360.218621225067,"-"
"ZCCHC17","chr1_173864704_173865470",360.17887225785,"-"
"EIF3G","chr17_41689941_41690087",360.158213193586,"+"
"PRPF3","chr3_197149796_197194424",360.145134765755,"+"
"PUF60","chr9_35679998_35680117",360.125769141318,"-"
"LARP4","chr16_1770766_1770880",360.109412351523,"+"
"PRR3","chr13_45337388_45338659",360.091317995373,"-"
"SF3B4","chr5_140645725_140647255",360.083482204809,"-"
"LENG9","chr1_42675448_42676583",360.050757707717,"-"
"SNRPD3","chr6_29830410_29830767",360.027969725595,"+"
"EIF2S1","chr16_67228836_67228975",360.01336017721,"-"
"MBNL1","chr9_37588932_37592411",360.011559243265,"-"
"THUMPD2","chr12_101726497_101728900",359.990471560258,"-"
"SNRPF","chr12_76067473_76084566",359.957035576711,"-"
"LARP4","chr13_48233477_48239225",359.950100411972,"-"
"RBM3","chr12_117046838_117049018",359.941503722732,"+"
"RBM8A","chr14_54417951_54419991",359.928842540675,"+"
"AKAP1","chr9_7798637_7799460",359.918960929108,"+"
"PPIE","chr16_2772102_2776992",359.898136767252,"-"
"RBM47","chr11_125627830_125629231",359.875192518663,"+"
"IREB2","chr1_20779911_20780344",359.852945226787,"+"
"CPSF4","chr19_14566265_14566760",359.852901528705,"-"
"GTF3A","chr20_16041278_16049829",359.851224353372,"-"
"ZC3H18","chr17_75574668_75574873",359.846071953943,"+"
"PNO1","chr19_8321574_8321655",359.806916908548,"-"
"HNRNPC","chr9_128820848_128822327",359.771992845496,"-"
"ACO1","chr16_722216_722308",359.766877009255,"-"
"SPEN","chr19_43649143_43652224",359.761061697833,"+"
"ZC3H18","chr17_5422829_5432541",359.755198324183,"+"
"SNRPB","chr3_172509321_172514860",359.748808777016,"-"
"RRP7A","chr13_19674984_19677723",359.747285392345,"+"
"MSI2","chr1_23967723_23971572",359.742465111676,"+"
"ACO1","chr16_67228657_67228796",359.72256294484,"-"
"SNRPD1","chr12_6975378_6975695",359.718368846329,"+"
"RBM33","chr6_7579772_7582641",359.712119439864,"+"
"AKAP1","chr19_18250466_18252063",359.67272237692,"-"
"DHX8","chr7_44579628_44581092",359.653234263712,"+"
"HNRNPA0","chr6_109369017_109370410",359.637461191421,"+"
"HNRNPH1","chr19_44800274_44800380",359.635304350907,"-"
"RBM3","chr16_2773833_2775450",359.623799454206,"-"
"TNRC6A","chr5_149513209_149520289",359.620124551099,"-"
"RBM45","chr21_42347632_42350878",359.606165951938,"-"
"ZC3HAV1","chr9_35680139_35680964",359.577725153051,"-"
"PARP14","chr17_60085203_60085931",359.575660130237,"-"
"NIP7","chr2_187503770_187554199",359.570259405814,"+"
"NUFIP1","chr1_63449815_63453917",359.564570308095,"-"
"MCTS1","chr12_54283234_54283811",359.560670892359,"-"
"EIF3G","chr13_75804541_75817160",359.52206866782,"-"
"RBMX","chr19_45522581_45522717",359.519542843137,"+"
"ZC3H4","chr6_166931118_166938894",359.478132072921,"-"
"CPSF4","chr20_31566295_31569119",359.477738638167,"+"
"MKRN1","chr19_2271954_2272742",359.474426900431,"-"
"NAA38","chr20_45470532_45479985",359.444221552133,"-"
"SYNJ2","chr15_80979477_80981949",359.442932409658,"+"
"PARP14","chr14_92118966_92121641",359.429062320175,"-"
"YBX1","chr5_154957212_154959979",359.401771943226,"+"
"TARDBP","chr17_36578192_36579244",359.395953595719,"+"
"SNRPC","chr1_28571338_28571866",359.365509706846,"+"
"RBM33","chr20_16044639_16049829",359.363623942098,"+"
"RC3H2","chr11_66017174_66018787",359.362454171959,"+"
"SRRT","chr5_154756193_154790324",359.349394209584,"+"
"SAFB2","chr1_155729122_155729207",359.31179700864,"+"
"PNO1","chr17_76735158_76736153",359.285747283455,"+"
"PUM2","chr10_100983817_100986686",359.281885155979,"+"
"SNRPG","chr1_109411113_109411876",359.24621474901,"+"
"CPEB4","chr17_59112345_59119298",359.240982646507,"-"
"TARDBP","chr12_54283234_54283811",359.211479919132,"-"
"SART3","chr19_29942664_29985222",359.207270298241,"+"
"PRPF3","chr3_139373412_139373665",359.163582834086,"+"
"RBM33","chr16_1349952_1350057",359.136255276445,"+"
"YTHDC1","chr12_76068994_76074202",359.132630342424,"+"
"TOE1","chr1_63486773_63490082",359.126903931488,"+"
"CCAR1","chr2_174081248_174081923",359.116949923085,"+"
"SAFB","chr20_45814470_45815853",359.112137870909,"-"
"SNRPA","chr1_159961405_159976643",359.095957387965,"+"
"RBM8A","chr16_66558348_66565885",359.087578503118,"+"
"TRNAU1AP","chr17_7017014_7017260",359.086728406971,"+"
"HNRNPH1","chr15_25354426_25354527",359.072040785004,"+"
"RBM3","chr3_111920419_111939474",359.057806144311,"-"
"UHMK1","chr16_69713129_69714963",359.057311822179,"+"
"RRP7A","chr9_89332986_89334521",359.04276437671,"+"
"G3BP2","chr3_28263380_28316332",359.025207461769,"+"
"HNRNPL","chr10_7807010_7807658",359.019314770599,"+"
"YBX1","chr3_108057569_108058336",359.017329787766,"+"
"QKI","chr17_44036300_44037411",359.006590650591,"+"
"TDRKH","chr3_98822741_98849460",358.956900522349,"-"
"MCTS1","chr6_132582157_132816959",358.949728992616,"-"
"PNO1","chr7_103324562_103326542",358.942750922173,"+"
"SNRPD2","chr1_228147703_228148664",358.917460634206,"-"
"ZFP36L2","chr4_153358622_153408970",358.912461916441,"-"
"NONO","chr10_103392283_103392381",358.882370331045,"-"
"UNK","chr12_103967971_103976917",358.880445028896,"-"
"RBM4B","chr12_56311054_56314850",358.859370119189,"-"
"HNRNPAB","chr17_44036300_44036861",358.85896580656,"-"
"CPEB4","chr17_37021014_37056600",358.838129844116,"-"
"MBNL1","chr8_61661926_61680967",358.837067291254,"-"
"SAMD4A","chr16_85779867_85781210",358.820380349045,"-"
"RBMS1","chr20_35632025_35632310",358.820100826286,"-"
"PTBP1","chr10_133352113_133352246",358.802793912496,"-"
"SAFB2","chr3_172751116_172754508",358.796148815902,"-"
"HNRNPM","chr19_16647261_16654034",358.767971596071,"+"
"THUMPD1","chr9_136993243_136993342",358.75830144536,"+"
"SNRPD3","chr7_135900809_135950598",358.748876778726,"-"
"UPF1","chr11_61965577_61967311",358.7431750951,"-"
"RBM23","chr3_172755374_172755482",358.733423846295,"-"
"SNRPA","chr1_155318928_155319610",358.732031022938,"+"
"SSB","chr7_66993417_66994211",358.698456320845,"+"
"MCM3AP","chr17_48930612_48933204",358.694814385967,"-"
"PCBP2","chr5_96740783_96741265",358.692290462193,"+"
"TIAL1","chr11_763940_764287",358.676315743206,"-"
"RALY","chr18_9119590_9122512",358.661319793385,"+"
"DHX8","chr8_98042775_98045114",358.657226292849,"-"
"TARDBP","chr1_53228954_53235576",358.637976142175,"+"
"THUMPD1","chr16_2243224_2243317",358.605939329787,"+"
"RBM7","chr1_53228954_53235576",358.604482988325,"+"
"EIF3B","chr5_139600435_139623367",358.603501918374,"-"
"RBM27","chr1_151266121_151266307",358.601062778835,"-"
"SNRPD2","chr9_35679342_35680752",358.571230643043,"-"
"MEX3D","chr19_7630846_7631231",358.570728203207,"-"
"TRA2A","chr19_35166171_35169565",358.549755898405,"-"
"ZC3H13","chr2_46581591_46592474",358.530875293527,"+"
"TIPARP","chr3_186784696_186785882",358.523169770355,"+"
"RBM15","chr3_98881767_98892496",358.519192225779,"-"
"ZC3H14","chr12_56116930_56117188",358.517466500111,"-"
"TRMT2A","chr7_44834562_44835642",358.514039625187,"-"
"NSUN6","chr13_110641608_110642314",358.495274674207,"+"
"PSPC1","chr4_82354154_82355303",358.485191334093,"+"
"RBPMS","chr7_2568999_2571525",358.482801075962,"+"
"RBM7","chr4_39323417_39326562",358.457056088849,"+"
"RBM19","chr13_52456607_52460895",358.456560237355,"+"
"UHMK1","chr2_206162614_206162728",358.434232610682,"+"
"PCBP2","chr12_124912636_124913548",358.407162161768,"-"
"CSTF2","chr11_66436909_66437103",358.360786784912,"-"
"SNRPA","chr18_49489550_49490420",358.355880930808,"-"
"L3MBTL3","chr9_128268524_128273849",358.324299123929,"+"
"RBM41","chr16_634797_636093",358.299367739339,"+"
"KHDRBS3","chr22_37878171_37888425",358.288942576851,"-"
"ZC3H15","chr20_63521589_63522006",358.261542206292,"-"
"U2AF1L4","chr1_85258722_85258934",358.24468343321,"+"
"HNRNPA1","chr15_68780473_68782955",358.24119247608,"+"
"G3BP1","chr13_52456607_52460898",358.221812478573,"+"
"RRP7A","chr7_103326684_103327655",358.2214770624,"+"
"HTATSF1","chr1_153543923_153544654",358.218562392997,"-"
"MBNL3","chr4_152863714_152870752",358.212528854125,"+"
"GTF3A","chr7_44799480_44801286",358.204565602569,"-"
"DUS3L","chr5_82277852_82278319",358.174123080392,"+"
"ZCRB1","chr7_44835658_44840898",358.149810106742,"+"
"PPRC1","chr1_45591270_45602254",358.147716494893,"+"
"ZC3H4","chr11_134248484_134248808",358.137455651303,"-"
"SNRPC","chr5_131162676_131165059",358.127611155651,"-"
"UHMK1","chr2_201138964_201140356",358.112181785515,"-"
"DHX8","chr11_88326443_88334936",358.1097462007,"-"
"RBM22","chr5_146177665_146182487",358.102720219044,"+"
"UPF3B","chr20_49124605_49135832",358.102135492544,"-"
"TMEM63A","chr20_37238449_37241302",358.098754126175,"-"
"TNRC6A","chr6_31836517_31837235",358.068669920718,"-"
"PPIE","chr17_81894860_81899919",358.063688692977,"-"
"FUS","chr10_121959410_121960357",358.061903450721,"-"
"PPIE","chr1_45616703_45617462",358.049715014695,"+"
"PUF60","chr9_128152284_128153067",358.043857443697,"-"
"NONO","chr11_62833131_62833791",358.020063793777,"-"
"ZC3H15","chr19_45413745_45413962",358.01903805979,"-"
"PARP14","chr12_6492972_6493716",357.996204409061,"-"
"SF3A1","chr19_2324196_2324741",357.986375974428,"-"
"RBM12","chr5_160422893_160427714",357.980122496502,"-"
"UPF1","chr3_183833589_183840569",357.97623945354,"+"
"YTHDF2","chr15_59639157_59650668",357.963826814687,"-"
"SETD1B","chr1_67424977_67425082",357.955644723661,"+"
"HNRNPF","chr14_55664041_55667240",357.944796470698,"+"
"EIF2S1","chr1_153544809_153545479",357.944787473427,"-"
"HNRNPM","chr16_1962656_1962735",357.929160090407,"+"
"EIF4B","chr9_35684807_35685063",357.881753172308,"-"
"SNRPA","chr2_73957240_73958145",357.867310536447,"+"
"SART3","chr1_1311071_1311329",357.856526558346,"+"
"RBMX2","chr12_53665428_53666634",357.847564826982,"-"
"MCTS1","chr6_34425221_34425795",357.840546686748,"-"
"THUMPD2","chr12_6566336_6566528",357.826728527064,"-"
"RBM3","chr16_89562445_89562883",357.821945840068,"-"
"RC3H1","chr17_42951894_42953723",357.816966615951,"+"
"PCBP2","chr1_28580646_28581110",357.812569989086,"+"
"PARP12","chr6_3263759_3264208",357.812464627252,"-"
"SF3B4","chr6_85637143_85637242",357.801604757764,"+"
"EIF4H","chr8_38264949_38266140",357.770307584607,"+"
"RBM41","chr9_110250190_110250819",357.756168591602,"-"
"HNRNPF","chr3_98516879_98517051",357.749571080904,"+"
"CSDE1","chr14_54417951_54419991",357.747709496376,"+"
"RBM22","chr16_66552793_66558189",357.743294037899,"-"
"NAA38","chr3_142597348_142664201",357.718628829928,"+"
"ZC3H18","chr1_161100853_161102047",357.715967442472,"-"
"CSDE1","chr12_68652051_68654111",357.713715448949,"+"
"SYNJ2","chr19_39433418_39433517",357.712909095914,"-"
"PSPC1","chr6_129638629_129641815",357.712833062363,"+"
"SSB","chr17_73209768_73212677",357.675196692214,"-"
"ANKHD1","chr18_9475176_9512990",357.664002102048,"-"
"HNRNPA1","chr4_56452052_56453602",357.657471150016,"+"
"HNRNPA2B1","chr12_117039210_117041980",357.644871972991,"-"
"FMR1","chr19_39433761_39435606",357.643433832002,"-"
"RBMS1","chr8_100948900_100950405",357.626574723901,"-"
"ZFP36L2","chr7_44835658_44840898",357.603090730617,"+"
"ZC3H6","chr1_24647208_24648858",357.596246434152,"-"
"ZC3H13","chr8_98045399_98045511",357.585643951375,"-"
"SFPQ","chr8_54000050_54010429",357.582812244108,"+"
"CIRBP","chr6_29830410_29830767",357.552894587542,"+"
"HNRNPR","chr3_180985996_180988022",357.542089417486,"-"
"RBM5","chr4_108620600_108621950",357.527432487628,"-"
"RBM25","chr15_78283521_78285260",357.523193991208,"+"
"UHMK1","chr5_77693352_77705565",357.520918044821,"-"
"TRNAU1AP","chr11_112085462_112085977",357.517543436206,"+"
"NAA38","chr17_39201319_39203029",357.495945285574,"-"
"DHX8","chr22_23766275_23767373",357.490333031668,"+"
"ZC3H7B","chr8_101200123_101201606",357.471751630832,"-"
"DKC1","chr8_109339390_109340490",357.468475163584,"-"
"YBX1","chr5_150447735_150449491",357.465526528599,"-"
"MSI2","chr1_228107869_228108234",357.460629861531,"+"
"MKRN1","chr2_85596649_85597103",357.451387926788,"-"
"PARP10","chr2_32023474_32029593",357.439366886376,"-"
"CSTF2T","chr15_78880579_78886140",357.435978894393,"+"
"HTATSF1","chr16_80976179_80980769",357.429073638979,"-"
"MKRN1","chr20_45814470_45815853",357.416327225385,"-"
"EIF4H","chr8_97699852_97706625",357.407117470841,"-"
"PCBP2","chr15_43793082_43793709",357.394355459059,"-"
"RBM47","chr19_58388245_58394496",357.350441181037,"-"
"RALY","chr2_84906117_84906388",357.320040648792,"+"
"PARP12","chr6_26124633_26127697",357.318111080138,"-"
"ZRANB2","chr10_78037304_78037964",357.311397370465,"-"
"MEX3C","chr1_193023039_193023843",357.295329321432,"-"
"RBM4B","chr19_44793530_44794203",357.285895349216,"-"
"ZC3H15","chr2_121732204_121735612",357.283409859395,"+"
"HNRNPA0","chr5_149513209_149520289",357.216537807071,"+"
"HNRNPM","chr8_98045399_98045714",357.216350486672,"-"
"UPF1","chr15_84670782_84680712",357.212561016024,"+"
"ZFP36L1","chr9_15490124_15506560",357.211129791987,"+"
"YTHDF2","chr17_41689941_41690090",357.206496196158,"-"
"DNAJC17","chr15_29773357_29822001",357.200188945842,"-"
"RBMX2","chr2_241584725_241601895",357.196368499894,"+"
"PPARGC1B","chr2_232567214_232574262",357.189361426635,"-"
"NAA38","chr4_39456478_39457585",357.185305323228,"-"
"ZFP36L2","chr13_75527851_75530113",357.175315365316,"-"
"YTHDF1","chr12_110436204_110436664",357.135063723359,"-"
"NUFIP1","chr11_17075197_17077167",357.121071834212,"-"
"SNRPC","chr10_133352140_133352246",357.11722374131,"+"
"ZFP36L1","chr3_98506747_98517051",357.076131707615,"+"
"KHDRBS1","chr5_96740118_96741265",357.0694798814,"-"
"TRA2A","chr1_6820250_6825091",357.062720598401,"+"
"HNRNPK","chr12_53641704_53669147",357.05415599997,"-"
"PPIE","chr6_34422282_34424668",357.044862820471,"-"
"TTC14","chr1_203862226_203863662",357.044399082724,"-"
"QKI","chr6_26124749_26138053",357.042399191166,"-"
"SNRPD1","chr12_120497894_120498072",357.038047272114,"-"
"SNRPC","chr8_144098994_144099276",357.037933305806,"+"
"EIF3G","chr8_67045960_67051229",357.033290356544,"+"
"ACIN1","chr11_406059_406141",357.020629411115,"-"
"HDLBP","chr6_150885734_150887844",357.014591738486,"+"
"FUS","chr7_150803832_150804361",357.004400929846,"+"
"NOL8","chr19_17861563_17862093",357.000714925655,"-"
"FUS","chr5_96675601_96722638",356.982773261519,"-"
"PUF60","chr10_96155376_96155923",356.978345763712,"+"
"TNRC6A","chr2_172498100_172501771",356.960946078094,"+"
"GRSF1","chr5_132271908_132272024",356.945129266042,"+"
"RBM23","chr12_56311054_56314850",356.914174726924,"-"
"SNRPB","chr2_70284051_70288067",356.913102155911,"-"
"SNRPD1","chr12_4546418_4548091",356.911080618514,"+"
"RBM14","chr10_32936423_32958144",356.869466989497,"-"
"FUS","chr1_153626533_153632033",356.848442941732,"-"
"RBM4B","chr10_29686651_29735750",356.836812560261,"-"
"CNOT4","chr1_212609271_212615017",356.826331224732,"-"
"KHSRP","chr6_26127761_26138053",356.823693324813,"-"
"HNRNPL","chr17_59112345_59131280",356.817750972138,"-"
"RBM7","chr1_46185308_46185485",356.794913636513,"-"
"TRMT2A","chr3_28294529_28316332",356.788807011014,"-"
"EIF4B","chr12_55716717_55719090",356.780657646137,"-"
"SNRPA","chr19_9828064_9828326",356.779391730663,"-"
"TRA2B","chr2_224920_229965",356.774725426167,"-"
"ZRSR2","chr9_15478552_15486005",356.771305524154,"-"
"CIRBP","chr19_17424677_17424930",356.730847951576,"+"
"SNRPD3","chr1_46309143_46310154",356.704852757039,"-"
"RBM18","chr20_17660528_17679994",356.640557205003,"-"
"SNRPD1","chr3_186790255_186790325",356.63632419568,"+"
"LARP1","chr9_35679342_35680752",356.633779987624,"-"
"ZFR","chr20_2656034_2656400",356.625112728944,"+"
"ZRANB2","chr1_235119406_235119817",356.621940158165,"-"
"SSB","chr19_29971227_29985222",356.619373760583,"-"
"GTF3A","chr14_22565137_22588946",356.606975020416,"-"
"RBM19","chr6_43054486_43058064",356.59736589289,"-"
"RBM33","chr6_33272726_33275964",356.589004678677,"-"
"CIRBP","chr19_55388048_55388242",356.52655425837,"+"
"FXR1","chr3_197950299_197950935",356.517483388025,"-"
"PPIE","chr6_159797518_159798051",356.503458924639,"+"
"PSPC1","chr19_38304686_38304799",356.501992400114,"-"
"SNRPE","chr1_155172892_155173220",356.466156265224,"+"
"ASCC1","chr1_228147534_228147614",356.460017352837,"-"
"UHMK1","chr22_37956842_37959345",356.456607406501,"+"
"ZC3H12A","chr3_49016060_49016157",356.452868236526,"-"
"RBM15B","chr8_61644632_61646749",356.431929150944,"-"
"NUFIP1","chr5_176384374_176385220",356.415345156574,"-"
"HNRNPAB","chr12_56686917_56687997",356.415056693451,"-"
"IGF2BP3","chr10_118336423_118342269",356.406615186411,"+"
"RBM7","chr3_179588995_179592643",356.40013159129,"+"
"RBM39","chr1_155827028_155853275",356.399369782027,"+"
"FUBP1","chr20_31561736_31569119",356.390645081709,"-"
"HNRNPM","chr19_10680443_10681018",356.363531519678,"+"
"RBM23","chr19_38815717_38815851",356.341407512989,"-"
"SNRPB2","chr5_96726859_96727488",356.315705058467,"-"
"SYNJ2","chr4_55605349_55607436",356.315275830257,"-"
"RBM43","chr7_22813185_22822676",356.296764807256,"-"
"ZFR","chr3_172755374_172756982",356.29157916034,"-"
"ZMAT5","chr17_9378651_9491828",356.274043460178,"-"
"YTHDC1","chr19_12676142_12677290",356.228821078941,"-"
"TARDBP","chr16_88859972_88860913",356.222779538028,"+"
"RBM3","chr19_10680443_10681018",356.154815967926,"+"
"PCBP2","chr17_49701510_49703187",356.135930718839,"-"
"SLBP","chr2_38746747_38748055",356.127335781162,"-"
"DNAJC17","chr9_133360129_133360333",356.11887754578,"-"
"HNRNPA1","chr19_35505986_35509910",356.114883967666,"-"
"RBMS2","chr7_36419479_36420168",356.104178858178,"+"
"HNRNPAB","chr1_156333643_156334712",356.094861276906,"+"
"FUBP3","chr2_216500031_216529269",356.066486465301,"-"
"GTF3A","chr5_96740118_96740744",356.05160790409,"+"
"DAZAP1","chr19_5896997_5903611",355.996657243763,"+"
"HNRNPD","chr11_59853321_59861526",355.987033691518,"-"
"TRMT2A","chr15_74926887_74937914",355.98500657363,"-"
"FUS","chr11_2883910_2883998",355.972919837098,"+"
"SNRPC","chr19_58393185_58393358",355.959858183179,"+"
"YTHDF2","chr5_133993018_134004646",355.950633899907,"+"
"PUF60","chr1_46309127_46316551",355.949589856064,"-"
"PNPT1","chr21_25729801_25734852",355.946578910627,"+"
"LARP7","chr18_49491584_49492274",355.944766088114,"-"
"LARP1","chr1_1402256_1405802",355.943888140509,"-"
"SNRNP70","chr19_58388245_58393358",355.928124686175,"+"
"HNRNPC","chr12_53295639_53298044",355.926282768477,"-"
"FMR1","chr1_171512200_171513000",355.909197057825,"+"
"PNO1","chr11_34651805_34656907",355.875473908782,"+"
"ZC3H3","chr16_3022815_3023232",355.855840894137,"-"
"PTBP1","chr5_32591685_32598960",355.843609372339,"+"
"POLDIP3","chr3_142005544_142093060",355.842431234306,"+"
"SPEN","chr17_75321827_75325897",355.816275863974,"+"
"RALY","chr7_140697074_140702865",355.815884353222,"-"
"HNRNPA2B1","chr16_66558348_66563102",355.802433919821,"-"
"DAZAP1","chr20_37230059_37232295",355.799708217354,"+"
"RBM18","chr17_5426299_5432541",355.788566877167,"-"
"TRMT1","chr1_168198981_168199902",355.764364481803,"+"
"PNO1","chr4_55605349_55607436",355.764211242767,"-"
"HNRNPM","chr20_35279747_35279941",355.752050892783,"+"
"FXR1","chr11_134248484_134248808",355.751422784052,"-"
"LSM10","chr19_45416897_45419097",355.740059921699,"+"
"ZC3H8","chr10_104279471_104297577",355.734519905843,"+"
"SNRNP70","chr16_14672749_14688164",355.706194891786,"+"
"SAFB","chr5_82276280_82276397",355.691766089713,"-"
"GTF3A","chr5_150447735_150449491",355.69013524297,"-"
"RBM19","chr19_45413745_45414860",355.676595816818,"+"
"TRMT2A","chr11_62677832_62677926",355.671455190342,"+"
"HDLBP","chr13_77593573_77597544",355.664292279098,"+"
"SUPT6H","chr19_18433817_18434216",355.632924705806,"+"
"RBM47","chr20_16044639_16049829",355.628170668273,"+"
"SNRNP70","chr9_110244843_110250150",355.603484047215,"-"
"NCL","chr6_2837999_2840418",355.592706050198,"-"
"DUS3L","chr19_35506049_35510183",355.564306203437,"-"
"ZCCHC17","chr17_51168343_51181043",355.554219694417,"-"
"SNRPC","chr12_53295639_53297849",355.465011937544,"-"
"RALY","chr3_187121328_187127998",355.450596391824,"+"
"FMR1","chr6_32948868_32949270",355.442984588889,"+"
"RBM19","chr20_17660528_17679994",355.409468377921,"-"
"SSB","chr6_79201726_79202316",355.376671870301,"+"
"EIF3B","chr1_155140271_155140490",355.371270423077,"+"
"LSM10","chr13_21145284_21146804",355.361418117845,"-"
"HNRNPA1","chr11_5233092_5233990",355.354924811635,"+"
"G3BP1","chr10_32935558_32957010",355.350277726326,"-"
"TOE1","chr2_227342819_227355676",355.349330136506,"-"
"QKI","chr4_55609179_55630401",355.312924023181,"+"
"TRMT1","chr15_59639157_59650668",355.3002248551,"-"
"ZFP36","chr16_89878627_89883350",355.297358344607,"-"
"PPIE","chr7_16859631_16861383",355.29704127169,"-"
"CNOT4","chr1_205719673_205720500",355.291898999065,"-"
"PABPC1","chr15_76216597_76217585",355.285866744426,"-"
"SNRPD3","chr10_7802854_7807658",355.283456478763,"-"
"NIP7","chr19_55401762_55404287",355.239571279739,"+"
"PPIE","chr3_98822361_98849461",355.216736734279,"-"
"RBMS1","chr3_112993124_112995134",355.216470916571,"+"
"ZFP36","chr4_55605349_55609119",355.207698679855,"-"
"HNRNPH1","chr11_47582213_47584313",355.201932317869,"-"
"HNRNPM","chr3_98822741_98825314",355.193684153921,"+"
"EIF4H","chr16_18784823_18788062",355.183637939339,"+"
"SNRPE","chr19_9827984_9828326",355.176441229422,"+"
"HNRNPK","chr3_156543269_156544293",355.17020365794,"-"
"PARP14","chr7_22818048_22822153",355.169502966594,"-"
"G3BP2","chr3_197142768_197149742",355.15763000123,"+"
"RBM27","chr17_7017014_7017256",355.11479475379,"+"
"ZFP36L2","chr20_63697522_63698279",355.108756555459,"+"
"SSB","chr8_60591969_60618579",355.095571994622,"+"
"RBM23","chr5_65529199_65541354",355.092766306639,"-"
"SNRPE","chr1_155737063_155738156",355.061339278394,"+"
"RBM42","chr17_37031685_37056600",355.05582556195,"+"
"ZRANB2","chr19_44794281_44800380",355.053779482326,"+"
"HNRNPH3","chr3_183829709_183833491",355.010878209284,"+"
"TTC14","chr5_157817547_157858929",355.010164370497,"+"
"RBM22","chr17_31863516_31865365",355.008925356565,"+"
"HNRNPR","chr1_26924166_26941456",354.999542403916,"+"
"PCBP2","chr2_73957240_73958145",354.983666205586,"+"
"ZCCHC17","chr17_40628993_40630713",354.976997240483,"-"
"TRA2B","chr12_10607936_10609830",354.972749825698,"+"
"PNPT1","chr20_49278738_49279103",354.954525848469,"-"
"ZC3H7A","chr4_2042175_2042326",354.951022808322,"-"
"TIA1","chr17_41689069_41690087",354.943686032935,"-"
"LARP6","chr6_31639226_31640198",354.926341040588,"-"
"RBM43","chr4_139678642_139695196",354.918477696481,"-"
"RBM23","chr2_227340380_227355676",354.907533080977,"+"
"ALKBH8","chr11_114440739_114445978",354.886581675658,"-"
"RALY","chr1_153544809_153544957",354.883450568314,"-"
"HELZ","chr1_46303820_46310154",354.84989679585,"-"
"SETD1B","chr15_75339344_75339701",354.840085698582,"-"
"PPIE","chr19_35497681_35498715",354.820513662788,"+"
"MBNL2","chr11_10801087_10802048",354.815259134367,"+"
"RC3H1","chr3_139373412_139373665",354.813873046372,"+"
"SF3B4","chr1_244842058_244842194",354.800569574332,"+"
"SNRPB","chr1_45602365_45604935",354.787788657357,"+"
"ESRP2","chr10_32933583_32935491",354.786924915441,"-"
"HNRNPC","chr22_40364365_40364879",354.784951564949,"+"
"RBM25","chr12_79621207_79689728",354.751926982685,"+"
"SNRNP70","chr16_189339_189967",354.748231936419,"+"
"ZFP36L2","chr19_4324667_4325215",354.740406342322,"+"
"ZFP36","chr17_36104642_36105224",354.72552610917,"+"
"RBM19","chr16_87402281_87402925",354.711858224398,"-"
"RBMS1","chr3_167720273_167734805",354.665448207576,"+"
"CSTF2T","chr19_12951589_12952688",354.663725706185,"-"
"RBMXL1","chr7_26190460_26190992",354.663338417082,"-"
"ZCRB1","chr10_32305931_32346762",354.656462294627,"+"
"CPSF4","chr1_45616393_45616625",354.651240412743,"+"
"SUPT6H","chr2_73957240_73958145",354.644469588406,"-"
"PUM2","chr10_80157763_80157966",354.640364343993,"+"
"SNRPG","chr19_10680443_10681018",354.634250627501,"+"
"SNRPB2","chr1_168198981_168199902",354.633324207078,"+"
"HNRNPC","chr1_193023946_193028084",354.631215698182,"+"
"TUT1","chr19_48327623_48330300",354.629055281634,"-"
"ZFP36","chr11_62690873_62691074",354.627689255021,"-"
"SAFB2","chr8_70598252_70600018",354.625593833485,"-"
"PDCD11","chr1_28580646_28581589",354.609870007522,"-"
"QKI","chr3_101682903_101685817",354.589890240188,"-"
"ZCCHC17","chr16_56625879_56626879",354.567346893371,"-"
"ENOX2","chr4_48894053_48899828",354.564891038343,"-"
"LSM10","chr1_23967723_23971572",354.555205672483,"+"
"TRA2A","chr3_30606977_30644746",354.537553817888,"+"
"PNPT1","chr19_29942664_29985222",354.520053930041,"-"
"THUMPD3","chr19_35505765_35510183",354.515895958002,"-"
"ZC3H12A","chr17_82036061_82036190",354.495577397919,"-"
"PABPN1","chr20_45841956_45844262",354.492261591217,"+"
"SNRPE","chr5_135335141_135339427",354.462557381557,"-"
"TRMT2A","chr9_136850137_136850505",354.43879940923,"-"
"PABPC4","chr2_112586114_112586199",354.431478473661,"+"
"PTBP1","chr7_105014535_105040838",354.430645550058,"+"
"YTHDF2","chr17_36578192_36579244",354.388907147473,"+"
"RBM10","chr12_76450979_76487509",354.385821756497,"-"
"SNRNP70","chr6_85678188_85678697",354.376895333696,"-"
"SETD1B","chr16_80976179_80981805",354.354472510606,"-"
"RBM4","chr7_5229738_5230834",354.339382945397,"+"
"TARDBP","chr15_63048707_63056984",354.327244509207,"+"
"LSM7","chr17_41689941_41690090",354.326455263037,"-"
"RBM5","chr9_32553944_32570959",354.318640296912,"-"
"SAMD4A","chr11_532755_533276",354.265112599705,"-"
"THUMPD2","chr19_10110791_10110944",354.255696449409,"-"
"MBNL2","chr6_33701420_33711548",354.236694299206,"+"
"DHX57","chr2_130182452_130190468",354.23157828122,"-"
"GTF3A","chr9_97687261_97689533",354.215987497928,"+"
"SUPT6H","chr17_46932199_46938598",354.196777877125,"-"
"LARP7","chr17_63766194_63773411",354.189682002342,"+"
"TIAL1","chr17_7017014_7017256",354.188993201906,"-"
"CIRBP","chr12_56159622_56159974",354.183598992177,"-"
"LARP1","chr12_54283234_54283811",354.181636261183,"-"
"HNRNPA2B1","chr16_2772102_2776992",354.168791240164,"-"
"RBPMS","chr14_67651481_67656415",354.15931210997,"-"
"RBM3","chr22_37678654_37679602",354.125201237488,"+"
"ZFP36","chr19_10180234_10180349",354.097187793767,"+"
"SUPT6H","chr3_108057533_108058336",354.083614948303,"-"
"YTHDF1","chr5_96722698_96729152",354.079842627982,"-"
"FUS","chr19_54106446_54106810",354.071483711418,"+"
"TMEM63A","chr15_92901299_92924320",354.062188570497,"+"
"RBM45","chr3_184242676_184245467",354.055996167905,"-"
"CNOT4","chr8_61643433_61644599",354.053105869403,"-"
"RBM47","chr21_44032172_44037791",354.052500896069,"+"
"RALY","chr19_38815717_38815851",354.041466499496,"-"
"SNRPB2","chr1_25352974_25356792",354.037210715011,"+"
"SNRPC","chr16_69713129_69714963",354.035424781071,"+"
"ESRP2","chr4_108620600_108621950",354.023081580793,"-"
"HNRNPD","chr15_74923770_74929115",354.018725798239,"+"
"ZC3HAV1L","chr13_75527851_75530113",354.01496166203,"-"
"NUFIP1","chr3_158710505_158710737",354.004740619906,"-"
"ASCC1","chr1_222715800_222718924",354.000920129562,"+"
"SNRPE","chr16_81017834_81020099",353.992382515623,"+"
"HNRNPA0","chr12_4546418_4548091",353.97645778315,"+"
"QKI","chr7_150803832_150804361",353.972639965556,"+"
"PNO1","chr7_103324562_103326542",353.956521101919,"+"
"TRNAU1AP","chr22_49824331_49825729",353.954994516218,"+"
"KHDRBS1","chr11_67611569_67611896",353.938514356219,"+"
"CIRBP","chr5_181237719_181238098",353.914806479051,"+"
"HNRNPA3","chr12_79805768_79806165",353.909282965715,"+"
"G3BP2","chr17_76735158_76736153",353.90326689095,"+"
"RNF113A","chr7_44834562_44840898",353.899953657931,"-"
"SLBP","chr18_9122681_9126830",353.898056265428,"-"
"RNF113A","chr3_108047292_108049618",353.888728808997,"-"
"ACIN1","chr8_99887618_99893638",353.878469894372,"-"
"YTHDF1","chr16_14648592_14649803",353.860882514168,"+"
"HNRNPR","chr5_177305984_177306123",353.841208454645,"-"
"HNRNPA0","chr11_3001248_3001969",353.838408694682,"+"
"RALY","chr7_39623825_39696684",353.822537576875,"-"
"SLBP","chr11_75404207_75404673",353.818855063843,"-"
"NAA38","chr11_93730712_93731149",353.817933430769,"+"
"NAA38","chr19_39433418_39433664",353.789332993819,"-"
"UPF1","chr20_49094963_49096348",353.786878618694,"+"
"HNRNPH2","chr17_28720030_28720706",353.782824968762,"+"
"HNRNPH3","chr9_35725727_35732074",353.766399318102,"+"
"NCL","chr7_105014535_105040838",353.764333730313,"+"
"RBM3","chr16_634956_635611",353.754892278409,"-"
"HNRNPF","chr3_169968591_169975607",353.743565937662,"-"
"MBNL3","chr20_36609758_36612009",353.74066196684,"-"
"RBM25","chr1_156744570_156745007",353.739706795578,"-"
"ZNF638","chr1_159961405_159976643",353.729932213189,"+"
"EIF2S1","chr7_33035988_33040871",353.713977395209,"+"
"ASCC1","chr8_96231621_96231773",353.700198998064,"-"
"SSB","chr7_23307949_23309355",353.69135071793,"+"
"HNRNPAB","chr8_67043317_67051229",353.676596196586,"-"
"SNRPF","chr2_219001_224863",353.666021840888,"+"
"HNRNPC","chr19_48326922_48329351",353.633447514674,"-"
"ZC3H18","chr2_118107189_118108280",353.630722680199,"+"
"NCL","chr3_172755575_172756982",353.630388650579,"+"
"RBM42","chr1_159965645_159976643",353.622999091643,"-"
"A1CF","chr9_15492225_15506560",353.622888730895,"-"
"RBM23","chr19_4324667_4325215",353.6200601638,"-"
"ASCC1","chr4_139678642_139703454",353.619397047765,"-"
"FUBP3","chr6_136267175_136268161",353.607366147437,"+"
"GTF3A","chr19_9828064_9828326",353.606106203675,"+"
"CSDE1","chr19_10110866_10110944",353.601449057585,"+"
"RBMX","chr3_149371867_149375679",353.598995079252,"-"
"MCTS1","chr12_6975148_6975695",353.591369949835,"-"
"HNRNPA1","chr22_23894568_23894771",353.583951159643,"-"
"SNRPD2","chr5_150447735_150449702",353.573316092985,"+"
"HNRNPH3","chr5_69175537_69177238",353.573019456492,"+"
"MCTS1","chr12_76074239_76084566",353.557919146965,"+"
"RBM17","chr3_197149796_197194424",353.550166525239,"+"
"ZC3H15","chr5_181237718_181238098",353.528690649017,"-"
"EWSR1","chr18_9122681_9126830",353.519236946311,"-"
"RBM47","chr2_227340380_227347225",353.514024596008,"-"
"RNF113A","chr4_82359639_82373445",353.513178476223,"-"
"DAZAP1","chr5_140300582_140303040",353.485100345017,"+"
"RBM27","chr17_35824198_35833906",353.481221261768,"+"
"ZFP36L2","chr19_45414034_45414860",353.446422050628,"-"
"KHDRBS1","chr11_10801774_10802048",353.444712899415,"+"
"PUM1","chr19_1438428_1438810",353.439021053841,"-"
"GTF3A","chr16_80976179_80981805",353.414172526004,"+"
"IGF2BP2","chr14_67651481_67653436",353.40091014912,"+"
"ZC3H12A","chr11_112085462_112085966",353.381194064665,"-"
"RBM3","chr1_23967723_23971572",353.357499751929,"+"
"FUBP3","chr3_158704927_158710737",353.343065314263,"+"
"ZC3H8","chr12_76047718_76048392",353.340582814231,"+"
"NONO","chr7_16859631_16861383",353.332110362992,"-"
"ACO1","chr8_143580632_143581053",353.325460592514,"-"
"IGF2BP2","chr19_44793620_44794203",353.313015604197,"+"
"SNRNP35","chr15_75339344_75339964",353.306419223807,"+"
"ZC3HAV1L","chr15_60347689_60351192",353.29240636158,"-"
"SYNJ1","chr10_121959410_121959500",353.279584215205,"+"
"SNRPE","chr22_37956901_37959345",353.275928066868,"-"
"RBM3","chr11_47622726_47627079",353.266666876064,"-"
"RBM27","chr5_96722698_96729152",353.25726149787,"-"
"YTHDF1","chr5_96722698_96729611",353.226030835499,"-"
"PNPT1","chr16_2040241_2043566",353.222330742097,"-"
"YTHDC1","chr1_207096615_207098149",353.203117985682,"+"
"GTF3A","chr17_6641152_6641752",353.190395272669,"-"
"SRRM1","chr2_175179135_175180097",353.139973161882,"-"
"LARP4B","chr11_64242558_64243450",353.119900069635,"-"
"EIF3G","chr11_85654256_85655593",353.10572985365,"+"
"RBM26","chr22_40364365_40364879",353.078057175564,"+"
"SNRPB","chr3_49022768_49022877",353.077924731914,"-"
"ZFP36","chr2_237552437_237553565",353.027782688995,"+"
"HNRNPD","chr12_53295941_53297849",353.023278563505,"-"
"HNRNPR","chr10_68956748_68959805",353.022268363947,"-"
"SNRNP35","chr17_42810928_42813947",353.020746415719,"-"
"SLTM","chr3_12836235_12839348",353.013267514767,"-"
"LSM10","chr14_92118966_92121641",353.005456018747,"-"
"RALY","chr11_764012_764287",353.002311612984,"-"
"CSTF2","chr2_85596649_85597103",352.985737347701,"-"
"PNO1","chr2_206161132_206161345",352.974486321162,"-"
"ZC3HAV1","chr8_98045409_98045507",352.973102422821,"-"
"LARP4B","chr6_10755232_10756466",352.959284433989,"+"
"TUT1","chr10_71822007_71823887",352.954785954074,"+"
"PTBP1","chr3_143021385_143021472",352.943157330809,"-"
"FUBP1","chr11_17075197_17077167",352.92671943364,"-"
"EIF3G","chr16_75294042_75301756",352.922712829012,"-"
"RBM34","chr12_131756644_131766117",352.922494011761,"+"
"LSM10","chr7_10973634_10974834",352.906464270906,"-"
"RBM3","chr1_161038075_161038879",352.881785763038,"-"
"DHX8","chr9_93111938_93112217",352.8808947146,"+"
"RNPS1","chr2_131492024_131492719",352.879804583778,"-"
"TUT1","chr17_67946325_67947725",352.841510293011,"-"
"SUPT6H","chr3_52075985_52122378",352.828946088572,"+"
"HNRNPA1","chr12_54282874_54283078",352.810901962557,"-"
"RBMXL1","chr12_53295639_53296243",352.80170088273,"-"
"PPIE","chr17_28360847_28361156",352.75859653688,"+"
"LSM10","chr19_3453916_3456549",352.718257357056,"-"
"RNPC3","chr6_70395043_70395226",352.686488998219,"+"
"CPSF7","chr3_98812482_98817768",352.673652887435,"+"
"RBM15","chr9_83978452_83980152",352.659322426363,"-"
"ZC3H8","chr1_153561590_153563733",352.647058437178,"-"
"RNPS1","chr2_70288192_70293617",352.640686147969,"-"
"ACIN1","chr3_186784696_186785882",352.636514388733,"-"
"DNAJC17","chr8_144790470_144791276",352.634428195702,"+"
"CPSF7","chr5_142137858_142140562",352.63290568794,"+"
"TIA1","chr7_107613432_107618327",352.626882649978,"+"
"SNRPF","chr7_93887431_93889034",352.593026331867,"+"
"NAA38","chr16_23587319_23596122",352.59122208375,"+"
"TOE1","chr5_112161295_112162150",352.583119247947,"-"
"RBPMS","chr16_57173869_57174168",352.549886301251,"+"
"RBM47","chr1_151167414_151168143",352.549407723706,"+"
"CSTF2","chr21_25729801_25735486",352.544954832529,"-"
"MCTS1","chr14_70329236_70359518",352.543363998502,"-"
"ZRANB2","chr11_64318386_64320660",352.543317830919,"-"
"ZC3H8","chr14_67651481_67653436",352.542869153245,"+"
"SNRPD2","chr19_55401762_55404060",352.540150521313,"-"
"ZCRB1","chr6_167827237_167864550",352.535763641032,"+"
"PARP10","chr2_232567214_232568944",352.530855738102,"-"
"HNRNPH3","chr10_63215696_63217206",352.530150184206,"+"
"U2AF1L4","chr19_1273715_1274306",352.492416556966,"-"
"RBM3","chr5_177304850_177305870",352.482924864108,"+"
"GRSF1","chr9_89332986_89334635",352.479720928388,"-"
"G3BP1","chr2_227340380_227355676",352.476115889356,"+"
"ZC3H12A","chr1_173486401_173499321",352.470098518678,"-"
"SNRPF","chr10_104259798_104266083",352.446599620337,"-"
"ZC3H18","chr1_1402256_1405802",352.41761566953,"-"
"DHX57","chr17_6641227_6642248",352.410111304879,"-"
"HNRNPH2","chr4_55609179_55630401",352.407935715954,"+"
"PPIL4","chr3_98881767_98892496",352.40673618481,"-"
"LARP4","chr2_169812506_169815476",352.394845499941,"+"
"HNRNPA3","chr15_60386086_60397257",352.391638212976,"-"
"PABPC4","chr19_5896997_5901334",352.377639524347,"-"
"PPIE","chr4_108620600_108621950",352.368555045097,"-"
"SNRNP70","chr5_163464802_163469640",352.367012608406,"+"
"ZFR","chr16_2772102_2776992",352.350398581629,"-"
"RBM3","chr5_177306176_177306454",352.338206306111,"-"
"PABPC1L","chr6_31835451_31837235",352.312646227452,"+"
"TTC14","chr3_139373412_139373665",352.311092899297,"+"
"HNRNPH3","chr19_1438428_1438806",352.30659375897,"+"
"RC3H1","chr15_43792611_43792974",352.304369511696,"-"
"RC3H1","chr10_102402159_102402251",352.201136136615,"+"
"ZNF638","chr20_50084254_50096482",352.196578570868,"-"
"LARP1","chr11_62677634_62677780",352.19150477838,"+"
"ZFP36L2","chr10_32935558_32953592",352.183422753067,"+"
"RBM33","chr16_87303075_87305718",352.156778441576,"+"
"EWSR1","chr16_19418092_19430412",352.13772334674,"+"
"SNRPC","chr8_54000050_54010429",352.104712758109,"+"
"PUM2","chr12_6975148_6975228",352.098262661166,"-"
"SLTM","chr6_75622858_75623899",352.091945339376,"+"
"SRBD1","chr5_133022906_133026496",352.074437013268,"+"
"PNO1","chr2_68173417_68174734",352.070464883231,"+"
"HNRNPK","chr17_75574260_75574452",352.018443502596,"+"
"IGF2BP2","chr5_96740783_96741265",352.01373129468,"+"
"GTF3A","chr14_58261020_58263704",352.003291089564,"+"
"ZC3HAV1L","chr16_75294042_75305023",351.996512829328,"+"
"RBM18","chr12_4546418_4548091",351.986969772933,"+"
"EIF2S1","chr15_92901299_92924320",351.974781552444,"+"
"HNRNPAB","chr12_56666266_56670274",351.958252903678,"+"
"PARP10","chr20_35632234_35632310",351.935635165692,"-"
"ZCRB1","chr1_19622147_19623473",351.927971406405,"+"
"PUF60","chr9_7798637_7799460",351.914232767283,"+"
"SAMD4A","chr11_75404868_75421726",351.909813410021,"-"
"G3BP1","chr1_161038075_161038550",351.908329808727,"+"
"EIF3G","chr19_45413745_45416820",351.907115644691,"-"
"TARDBP","chr9_35679342_35680752",351.903779444239,"-"
"ZC3HAV1","chr8_143575093_143575229",351.878830099443,"-"
"NAA38","chr12_55725896_55726699",351.878659343186,"-"
"CPSF4","chr16_4340405_4340919",351.877681894647,"+"
"SLTM","chr17_49701510_49703187",351.877678477047,"-"
"HNRNPD","chr11_93730712_93731149",351.877134563542,"+"
"FXR1","chr8_67043317_67051229",351.864163018252,"-"
"HNRNPR","chr19_34215300_34215595",351.850429466365,"+"
"RBM43","chr2_9207230_9279316",351.838110228654,"+"
"EIF3G","chr15_74920442_74926765",351.806807758555,"-"
"LSM7","chr18_10538974_10539761",351.803625027223,"-"
"PUM1","chr3_119669665_119675144",351.789259002121,"+"
"TRA2A","chr3_183833589_183840569",351.782050950843,"-"
"SETD1A","chr8_70583324_70586894",351.781679043387,"-"
"RBM4","chr2_237727935_237748363",351.776635711489,"-"
"SETD1A","chr6_85677868_85677953",351.769399340521,"-"
"HNRNPA2B1","chr6_166934136_166938894",351.763518041731,"+"
"HDLBP","chr19_45522581_45522720",351.760790501591,"-"
"KRR1","chr18_9124983_9134185",351.753582293807,"-"
"PNO1","chr11_112085462_112086639",351.739308881206,"-"
"THUMPD1","chr11_34651610_34651736",351.734277319048,"+"
"CARHSP1","chr16_2772102_2776992",351.732228377034,"-"
"YTHDF3","chr4_139678642_139703454",351.697213110787,"+"
"PDCD11","chr4_108657647_108667246",351.695950746724,"+"
"RBM19","chr3_186784696_186785882",351.63518999135,"+"
"MSI2","chr19_1439826_1440018",351.632618548468,"-"
"TAF15","chr13_75804541_75817160",351.629987203581,"+"
"TRMT2A","chr18_79964786_79970439",351.616269198178,"-"
"RBM39","chr11_62559837_62560059",351.590501386834,"-"
"ZC3H3","chr3_167720273_167725400",351.587356835054,"-"
"EIF2S1","chr1_153561588_153563733",351.582685849313,"-"
"RBM39","chr10_13132197_13136744",351.581480647034,"-"
"AKAP1","chr3_195392147_195442794",351.546749618833,"+"
"RBMX","chr6_149852564_149852983",351.541736521329,"+"
"TRNAU1AP","chr17_82392534_82398195",351.511899136298,"-"
"EIF3G","chr17_75563806_75564374",351.501743989716,"-"
"POLDIP3","chr20_35739547_35740524",351.501518004327,"+"
"ZFP36L1","chr17_81510329_81510478",351.500488485827,"-"
"HNRNPC","chr16_634956_636093",351.49644674112,"-"
"TIAL1","chr20_44885886_44901530",351.495033707898,"-"
"ZFP36","chr15_60396427_60397257",351.489642967718,"-"
"RBM15B","chr10_29658068_29658938",351.483622678348,"-"
"AKAP1","chr16_635340_635611",351.475884570562,"+"
"MKRN2","chr17_75146684_75147519",351.471099172984,"-"
"RBM10","chr19_36124363_36125450",351.468189980823,"-"
"QKI","chr6_36598983_36601151",351.467334035414,"+"
"DHX8","chr6_136377868_136383670",351.383897815364,"+"
"RBM45","chr9_133357814_133360264",351.37349978543,"-"
"SAMD4B","chr19_10177367_10180349",351.357248451181,"-"
"PUM2","chr2_74135658_74145188",351.354317106315,"-"
"SFPQ","chr1_74736622_74738689",351.34940812472,"+"
"RBM23","chr5_131159611_131162063",351.338362467173,"-"
"ZC3H12A","chr13_31141259_31145562",351.328852905347,"-"
"L3MBTL3","chr9_136862345_136862525",351.319989995441,"-"
"SF3A1","chr6_79201726_79202275",351.315147676779,"+"
"UPF3B","chr8_73959818_73972244",351.288280140712,"-"
"HNRNPAB","chr18_697355_706469",351.287137126962,"+"
"ACIN1","chr7_75996599_76003757",351.280394784697,"+"
"EIF3B","chr11_63575046_63583005",351.261568520836,"-"
"THUMPD2","chr15_25354426_25354527",351.254920976656,"+"
"MCTS1","chr14_49619140_49620561",351.245802812264,"+"
"NOL8","chr6_31639226_31640198",351.241876979421,"+"
"SSB","chr13_45149788_45151686",351.231160879996,"+"
"G3BP2","chr13_72778380_72780845",351.223994678732,"+"
"RBM14","chr8_67043317_67051229",351.209561288649,"-"
"PUF60","chr12_52243137_52245411",351.209399125925,"+"
"DAZAP1","chr4_82359639_82371527",351.200494344869,"+"
"SNRPD2","chr17_76735158_76736153",351.196515402411,"-"
"RBM38","chr14_22830254_22833417",351.193168436812,"-"
"ZCRB1","chr17_42951894_42954875",351.181006625741,"-"
"NIP7","chr17_42810928_42811654",351.176525733895,"-"
"HNRNPA2B1","chr9_136724939_136725054",351.164124292866,"+"
"SUPT6H","chr19_35505986_35507457",351.161619929355,"+"
"PRPF3","chr3_40457363_40457889",351.16039080525,"-"
"CPEB4","chr19_3452666_3456549",351.150866921981,"+"
"ACIN1","chr19_44794281_44800380",351.145197265853,"+"
"MKRN1","chr4_48885565_48904483",351.131237354792,"-"
"RBM7","chr4_82426129_82426462",351.130182774555,"-"
"G3BP1","chr7_22813185_22822676",351.123753103424,"-"
"RBM19","chr4_48894053_48904483",351.116753721093,"+"
"PPIL4","chr15_43793083_43793575",351.10999528371,"-"
"RBM18","chr21_25729801_25734332",351.106136190704,"-"
"UNK","chr7_73835002_73842489",351.105674672031,"-"
"DAZAP1","chr12_6849198_6849322",351.101171396254,"+"
"RBPMS","chr9_137614898_137615073",351.096446548102,"-"
"YTHDF3","chr9_129634306_129635207",351.087498767647,"+"
"FUS","chr17_7856843_7857014",351.086505552814,"+"
"FUS","chr15_84655409_84657175",351.079262637306,"+"
"HTATSF1","chr12_66138165_66138723",351.070899689202,"-"
"RNF113A","chr12_131764686_131766117",351.062609305584,"+"
"RBM6","chr15_88639594_88652169",351.0603900439,"+"
"PCBP4","chr17_30168214_30172541",351.058107781254,"-"
"TIAL1","chr2_73250438_73252639",351.054131393554,"-"
"FXR1","chr11_134248836_134249166",351.004577406672,"-"
"KRR1","chr2_118107189_118108280",351.003880681525,"+"
"G3BP2","chr2_237708630_237719522",350.980577550131,"-"
"SF3A1","chr11_62677563_62677780",350.957794228793,"-"
"CSDE1","chr12_94971620_95002738",350.953344589703,"-"
"SART3","chr6_18258062_18263842",350.952327227613,"-"
"TUT1","chr11_2883915_2883998",350.947265072793,"+"
"NCL","chr12_68652051_68654111",350.921765675917,"+"
"RBM7","chr8_51820718_51831443",350.910179154003,"+"
"SF1","chr2_200329480_200378140",350.897822235716,"-"
"MCTS1","chr2_101004308_101005958",350.890660671026,"-"
"CPSF4","chr1_173864304_173865228",350.876432055759,"-"
"POLDIP3","chr5_65542848_65552492",350.874012483635,"-"
"EIF4B","chr13_27253843_27255241",350.854474403915,"-"
"EIF4H","chr22_41675195_41680243",350.848267975458,"+"
"PUF60","chr17_39203109_39204049",350.834695343748,"-"
"KIN","chr1_159961405_159976643",350.833230062368,"+"
"ZRSR2","chr15_59642262_59657405",350.830566425088,"-"
"EIF4H","chr7_44830163_44835528",350.813535331403,"-"
"SLTM","chr10_12172866_12177792",350.780641499162,"-"
"CCAR1","chr8_61643433_61644599",350.778550779677,"-"
"SNRPB","chr1_45616703_45617462",350.772444036982,"+"
"SNRPD3","chr13_45337388_45337466",350.765731842057,"+"
"ZFP36L2","chr19_29942664_29985222",350.753360711426,"+"
"RBM15B","chr2_165770808_165794014",350.747911150407,"+"
"EWSR1","chr9_137111754_137111872",350.740840636206,"+"
"HTATSF1","chr11_75402446_75404019",350.739956271185,"+"
"PUM1","chr14_67653498_67656415",350.722045095493,"+"
"SSB","chr6_85678032_85678135",350.719411456528,"+"
"RBPMS","chr9_111570209_111574733",350.715524426267,"+"
"TRMT2A","chr19_35122095_35122764",350.679182867442,"-"
"UPF3B","chr3_122363027_122368175",350.664693672832,"+"
"MATR3","chr2_131492024_131492206",350.65744266351,"-"
"SNRNP35","chr9_127447989_127449280",350.650130206105,"-"
"LEMD3","chr1_109402090_109411010",350.635873455401,"-"
"TRA2A","chr11_319985_320564",350.618898268077,"-"
"LARP7","chr4_39323417_39326562",350.593757105362,"+"
"HNRNPR","chr7_21911754_21916753",350.564922420544,"-"
"TNRC6A","chr6_70395043_70395229",350.547145223662,"+"
"RBMX","chr11_112085462_112085977",350.538417264679,"+"
"SNRPD2","chr3_158704927_158710737",350.528865066306,"+"
"PABPN1","chr15_51835058_51862810",350.527063127149,"-"
"RBM6","chr5_96740783_96741265",350.526498772425,"-"
"RBM4B","chr20_56388202_56391942",350.498671426218,"-"
"PABPC4","chr3_158710933_158713796",350.495383490197,"+"
"RBM10","chr1_15426018_15428592",350.477241318819,"-"
"PUM1","chr2_46581591_46592474",350.467808657837,"-"
"MCTS1","chr11_33710343_33711383",350.457727679972,"-"
"LARP4","chr11_88326443_88328111",350.449067058184,"+"
"DAZAP1","chr6_126340399_126346204",350.433004461741,"-"
"LSM7","chr19_3452666_3456549",350.418679872822,"+"
"YTHDF1","chr12_10702134_10704059",350.414845079275,"+"
"HDLBP","chr3_158123991_158203071",350.406097221159,"-"
"SNRNP70","chr9_127450804_127451049",350.397539750774,"+"
"RNPS1","chr19_58388245_58392975",350.391428274358,"+"
"ASCC1","chr22_19516645_19516813",350.381339356204,"-"
"PABPC4","chr5_96726859_96727488",350.379507715753,"-"
"SNRPF","chr8_144790470_144791276",350.372976319538,"+"
"DNAJC17","chr12_120496216_120496415",350.368239771159,"+"
"DGKQ","chr1_1787053_1787325",350.3650635181,"-"
"SNRPD1","chr7_129858941_129879567",350.355538358588,"+"
"DAZAP1","chr1_1311071_1311329",350.349897066204,"+"
"PNO1","chr17_16441130_16462832",350.334496337188,"-"
"IGF2BP3","chr11_88326443_88328111",350.321389016114,"+"
"NUFIP1","chr14_34608140_34609637",350.321382625577,"+"
"KRR1","chr11_112085462_112085977",350.313081716236,"+"
"PPIE","chr17_75136250_75148528",350.280561809408,"-"
"RBM12","chr19_54106446_54106810",350.265143401244,"+"
"MCM3AP","chr9_83969440_83970161",350.262139689183,"+"
"PTBP1","chr19_45413745_45413962",350.249991055799,"-"
"HNRNPF","chr12_56666266_56670274",350.243540790759,"+"
"HNRNPK","chr11_63583102_63590099",350.186188186519,"-"
"HNRNPA2B1","chr1_153543923_153544654",350.177164692177,"-"
"SNRPG","chr21_33907453_33912288",350.172099823297,"-"
"TNRC6A","chr19_36114713_36114797",350.169804696699,"+"
"PPIE","chr7_6392041_6401867",350.130943332636,"-"
"SLBP","chr10_68338642_68339139",350.12484878762,"+"
"RBM38","chr19_1272051_1274313",350.106573555452,"-"
"MCTS1","chr20_35279747_35279941",350.09892290894,"+"
"MEX3D","chr15_69453020_69453646",350.094721891591,"-"
"HDLBP","chr19_35122839_35123270",350.084948366684,"-"
"RBM41","chr5_176384283_176385220",350.076020288571,"-"
"ZRSR2","chr12_13373432_13376223",350.065628994684,"-"
"NAA38","chr1_19597109_19622099",350.045475799414,"+"
"MBNL3","chr12_76047718_76048420",350.028776277803,"+"
"LARP4","chr1_153561588_153563733",350.026793307593,"+"
"PPIE","chr3_184304391_184305848",350.018155257971,"-"
"YTHDC2","chr2_200329480_200383866",350.012502378041,"-"
"RBM18","chr5_1801504_1802320",350.002705783668,"-"
"DHX57","chr17_7857198_7883234",350.000367752376,"+"
"GTF3A","chr11_67586271_67586388",349.985540297968,"-"
"MBNL3","chr17_44212006_44212818",349.974161263588,"+"
"UPF3B","chr3_156543269_156544293",349.973716495236,"-"
"PARN","chr2_112586124_112586199",349.972801013168,"-"
"HNRNPR","chr6_159797369_159798051",349.949552889536,"-"
"RBM12","chr8_144412946_144413512",349.934473399721,"-"
"YTHDF1","chr1_156598121_156598226",349.92867522595,"+"
"HNRNPH1","chr15_92997403_92998498",349.914883434011,"-"
"SLTM","chr13_114286400_114286518",349.894696498303,"-"
"RBM4B","chr19_35907261_35907445",349.874367176631,"-"
"CPSF4","chr1_156593555_156593944",349.869922187875,"-"
"SF3B4","chr2_200384017_200389222",349.864328216525,"+"
"TOE1","chr2_9407598_9408112",349.861599286419,"+"
"CPSF6","chr9_92324209_92325305",349.843103615067,"+"
"KIN","chr7_151355950_151356130",349.8250540283,"-"
"QKI","chr3_119676966_119677203",349.817180524971,"-"
"EIF2S1","chr12_52245632_52248139",349.779140748698,"-"
"KRR1","chr5_65551636_65552492",349.762734474583,"+"
"ACIN1","chr15_74926887_74937914",349.750650721441,"-"
"RBM3","chr8_79919148_80002998",349.745361113329,"+"
"SNRPB","chr11_66436112_66436801",349.730512456507,"-"
"PARN","chr1_173864075_173864483",349.688814101571,"-"
"PNO1","chr3_114076942_114079905",349.681856676958,"+"
"PARP10","chr1_1390865_1393395",349.680769159864,"-"
"HNRNPC","chr5_62352710_62353274",349.654185022708,"+"
"SNRPD3","chr11_72755070_72755700",349.63893019313,"-"
"KIN","chr7_72830813_72831601",349.633890780954,"-"
"SYNJ1","chr17_82036308_82036543",349.604110971409,"-"
"TMEM63A","chr12_53669291_53669870",349.595909043301,"-"
"MCTS1","chr5_132866691_132866868",349.581085253223,"-"
"NCL","chr6_43055618_43056080",349.58076912131,"-"
"EWSR1","chr1_36457981_36460691",349.571594457743,"+"
"FUBP1","chr2_237720822_237748363",349.534254238273,"+"
"HNRNPC","chr3_172752472_172754508",349.517805049609,"+"
"IGF2BP3","chr1_6197750_6199561",349.514324907941,"-"
"EIF4B","chr1_222715800_222718924",349.513267680087,"+"
"HNRNPF","chr19_43646548_43652224",349.504062760525,"+"
"SLTM","chr15_60396427_60397942",349.502121562711,"-"
"ZFR","chr8_67043317_67051229",349.496425249457,"-"
"MEX3D","chr19_49490864_49491019",349.479653569102,"-"
"TRMT2A","chr19_44172952_44175497",349.454377818077,"+"
"RBM15B","chr7_106091939_106092948",349.44229103102,"+"
"FXR1","chr8_97691188_97706625",349.391762337941,"-"
"ZFR","chr11_2883915_2883998",349.378543751937,"+"
"HNRNPA1","chr8_143566517_143567785",349.370972674438,"+"
"RBM47","chr16_634956_635280",349.366596716585,"-"
"HNRNPF","chr4_145111064_145112238",349.361826223586,"+"
"RC3H2","chr6_151325885_151348710",349.357355170843,"-"
"SNRPD2","chr3_126914750_126957415",349.327273563824,"+"
"EWSR1","chr3_179616049_179616982",349.311516148739,"+"
"YTHDF2","chr9_7798637_7799460",349.294289253108,"+"
"PSPC1","chr1_212433120_212444338",349.288582028235,"-"
"RBM39","chr2_73932683_73958145",349.285022867851,"-"
"RC3H2","chr6_166322886_166324536",349.280275204896,"+"
"RBM23","chr11_85654234_85655593",349.264992130562,"-"
"SAFB2","chr1_155827028_155853275",349.264240415632,"+"
"RBM22","chr5_112887183_112902379",349.254100576565,"+"
"ACIN1","chr6_167864746_167870385",349.240876884526,"+"
"LSM1","chr13_45337388_45337466",349.229751782865,"+"
"NCL","chr6_170535421_170537233",349.223554129827,"-"
"SLBP","chr15_69453721_69455169",349.216133829486,"-"
"ZRANB2","chr16_81082963_81087600",349.206165348281,"-"
"PABPC1","chr12_120197462_120198553",349.200116444615,"-"
"MCTS1","chr16_81084594_81087600",349.200039197762,"+"
"RBM12","chr7_73303524_73303599",349.169957248658,"-"
"UPF3B","chr8_56301573_56305596",349.167318353449,"+"
"EIF4H","chr13_45337388_45338659",349.152098133439,"-"
"PABPC4","chr1_1402256_1405802",349.142468951739,"-"
"ZNF638","chr7_141010617_141014910",349.128693191697,"-"
"HNRNPA0","chr11_70420510_70421469",349.12792393396,"+"
"HELZ","chr20_17680075_17682027",349.108257204729,"-"
"RBPMS","chr17_35820239_35820331",349.096239183146,"-"
"ZC3H18","chr15_29800702_29822001",349.08978276966,"+"
"U2AF2","chr12_53295941_53296429",349.07998430396,"-"
"ASCC1","chr11_62833131_62833791",349.072040412007,"-"
"IREB2","chr5_53646405_53683117",349.021659558319,"-"
"EIF3B","chr6_138406151_138415197",349.002048333034,"-"
"PNPT1","chr14_94110797_94114850",348.989517010171,"-"
"CPSF7","chr5_49601272_49602112",348.987441194539,"-"
"FUBP1","chr20_41029455_41061393",348.986242315931,"+"
"PABPC1","chr17_75039271_75042180",348.985782818999,"-"
"SF3A1","chr1_156325089_156333546",348.981113835462,"+"
"LARP1","chr2_241166441_241169780",348.979755131818,"+"
"LSM1","chr19_45164009_45164852",348.924112520053,"-"
"U2AF2","chr15_80979477_80981949",348.921479011281,"+"
"SAFB","chr16_4796033_4796189",348.915251160351,"-"
"THUMPD3","chr16_28983290_28984204",348.905714760693,"+"
"GRSF1","chr8_6870826_6877796",348.892932711124,"+"
"FUS","chr12_53034724_53037408",348.890792593285,"+"
"TIA1","chr16_1962265_1962496",348.884723944327,"-"
"CSTF2","chr9_128149663_128150374",348.860631618049,"-"
"ACIN1","chr3_183829709_183840569",348.846210811139,"-"
"CSDE1","chr12_53297924_53298048",348.835328164463,"-"
"PRPF3","chr1_1405886_1406908",348.769634004827,"+"
"EIF4H","chr1_45591270_45602254",348.747847799667,"+"
"CPEB4","chr11_57741954_57742107",348.722709657181,"-"
"SNRPB2","chr7_26191128_26192494",348.70713601956,"-"
"SETD1B","chr1_173864506_173865228",348.699887516002,"-"
"HNRNPM","chr11_111882598_111883135",348.686637085171,"+"
"RBM19","chr7_99363633_99365911",348.667954728529,"-"
"HNRNPA1","chr20_45471417_45479941",348.655814471755,"-"
"GRSF1","chr16_2752854_2757471",348.650924635015,"-"
"SF3A1","chr6_85678032_85678135",348.64096212394,"+"
"CSTF2","chr12_120497894_120498072",348.634901166549,"-"
"KHSRP","chr16_25175034_25178000",348.634241447568,"+"
"SAFB2","chr11_532755_533452",348.605440181402,"+"
"CSTF2T","chr15_84680832_84687624",348.581384536377,"-"
"RBM10","chr3_184242676_184245197",348.580079519225,"-"
"SLBP","chr1_150301916_150308047",348.562358427317,"-"
"RBM14","chr20_44885886_44887647",348.560426930871,"+"
"ASCC1","chr5_112878835_112902379",348.552123205996,"-"
"RBPMS","chr3_157150381_157152176",348.54975825485,"+"
"HNRNPF","chr12_53295639_53296453",348.532707664334,"-"
"TAF15","chr12_15621430_15623157",348.497378452204,"+"
"EIF2S1","chr20_36609730_36612009",348.48820484532,"+"
"NSUN6","chr1_224365991_224370897",348.477964765679,"-"
"SNRPE","chr15_80979477_80981949",348.476183998511,"+"
"TOE1","chr16_56625382_56626465",348.463941249751,"-"
"TRNAU1AP","chr13_75594990_75604768",348.45424801413,"+"
"ZFP36","chr8_60563483_60572045",348.453483991261,"-"
"HNRNPC","chr10_32935558_32953592",348.43336842546,"+"
"SNRPB","chr4_55609179_55630401",348.429830685449,"-"
"ZNF638","chr10_121959410_121959500",348.42779138091,"+"
"HNRNPA0","chr11_119021886_119023320",348.424862834604,"+"
"UHMK1","chr13_75800882_75804288",348.423072617883,"+"
"KIN","chr1_244842058_244842194",348.369629732026,"+"
"LSM7","chr16_88810148_88811549",348.369020545732,"-"
"MCTS1","chr7_26190460_26192494",348.364757814682,"+"
"FUBP1","chr16_634797_635280",348.344895825105,"+"
"G3BP1","chr1_153534821_153535201",348.312743703979,"-"
"MYEF2","chr20_56390665_56392167",348.266138225602,"-"
"ZNF638","chr19_19199234_19201648",348.260930308098,"+"
"PTBP1","chr3_186785101_186785882",348.223317837043,"-"
"KRR1","chr8_56214667_56216388",348.218015121046,"-"
"HNRNPC","chr17_78113624_78117268",348.200765351087,"+"
"LARP4","chr16_18789118_18789896",348.186956559719,"-"
"EIF3B","chr5_150446963_150447673",348.156148087834,"-"
"ZFR","chr11_61789235_61789784",348.1219091242,"+"
"HNRNPF","chr17_44212006_44212343",348.113536213081,"+"
"SNRPF","chr16_88859972_88860910",348.097650106477,"+"
"G3BP2","chr5_176384283_176385220",348.093985387802,"+"
"GRSF1","chr12_32747363_32749936",348.081929497705,"+"
"ZRANB2","chr6_150885734_150887841",348.05290522549,"+"
"SAFB","chr2_55234962_55235412",348.041734303383,"-"
"RBM23","chr6_31639646_31640198",348.03307871372,"+"
"NOL8","chr20_37232391_37234019",348.028702226103,"+"
"PUM2","chr2_169821273_169821942",348.02778272257,"+"
"ZFP36L2","chr2_200329480_200389222",348.024593967726,"+"
"NAA38","chr11_810321_811596",348.01560025442,"-"
"ACIN1","chr2_200384017_200389222",348.00416202134,"-"
"RBM4B","chr7_129839335_129857510",347.989716581283,"+"
"LARP1","chr12_54246215_54252040",347.980136925248,"+"
"ZFP36","chr8_79919148_80002998",347.976337816586,"+"
"YTHDF2","chr2_55234561_55234830",347.957949901366,"-"
"TTC14","chr3_127695190_127721052",347.95043126761,"-"
"THUMPD1","chr17_7857198_7883234",347.945937061493,"+"
"SAMD4B","chr6_138405280_138405970",347.943643018561,"+"
"EWSR1","chr12_79621207_79689728",347.934481336096,"+"
"SSB","chr19_45468712_45470745",347.926354044877,"-"
"UPF1","chr20_37236709_37238401",347.915220084382,"-"
"IGF2BP2","chr6_32948868_32949270",347.906067881771,"+"
"SF3B4","chr3_195392147_195442794",347.89939431159,"+"
"MYEF2","chr19_35116359_35119167",347.895592103318,"-"
"SAFB","chr1_15426018_15428592",347.891405393999,"-"
"LEMD3","chr14_55664041_55667240",347.883656914703,"+"
"RBM4B","chr1_28579587_28579911",347.876070251809,"-"
"RBM12","chr6_2840594_2841811",347.860471306282,"+"
"HNRNPA0","chr19_45413745_45413962",347.859390815675,"-"
"TIPARP","chr20_63521589_63522006",347.855068005026,"-"
"MBNL2","chr1_171512200_171513000",347.853299172816,"+"
"AKAP1","chr17_81891841_81894466",347.844634498793,"-"
"TOE1","chr14_96525391_96531474",347.844169410409,"-"
"KHDRBS1","chr18_9914335_9931809",347.841808951422,"+"
"TOE1","chr6_85536924_85538837",347.831366352292,"+"
"TTC14","chr19_49489912_49490231",347.825914899811,"-"
"RBM15B","chr10_80155912_80156377",347.814943865778,"-"
"KRR1","chr18_697355_706469",347.796094280516,"+"
"IREB2","chr8_99892052_99893442",347.794207018243,"-"
"LARP4","chr9_36191273_36204067",347.777568923718,"-"
"RBMS2","chr10_32935558_32957225",347.752394621865,"-"
"SLBP","chr2_9406905_9408112",347.744393929191,"-"
"ZCRB1","chr3_197142768_197194424",347.738965688914,"+"
"RBMS2","chr17_81891833_81894466",347.698269548946,"-"
"CPEB2","chr5_122826193_122827574",347.688798823872,"+"
"SNRPD2","chr16_647544_648119",347.668875518334,"-"
"EIF3B","chr1_153626533_153632033",347.663386203487,"-"
"SNRPF","chr17_68255876_68256813",347.661711548786,"+"
"DNAJC17","chr17_47151936_47154671",347.64324791158,"-"
"RALY","chr7_44579628_44581092",347.628852062035,"+"
"PNO1","chr11_66284966_66287597",347.627977729004,"-"
"FXR1","chr12_76450988_76487509",347.627688846965,"+"
"SNRPE","chr3_187121328_187127998",347.6274217899,"+"
"CPSF4","chr19_58393185_58393370",347.614924842634,"-"
"PPIL4","chr3_111126335_111133634",347.608605787269,"+"
"PNO1","chr5_150446963_150449702",347.596651303138,"-"
"EIF2S1","chr8_47957431_47959972",347.585264594829,"+"
"SNRPB","chr17_81894624_81899919",347.567500353868,"-"
"NIP7","chr4_108657647_108667246",347.562134214913,"+"
"SPEN","chr3_186785101_186785882",347.560192331654,"+"
"PARP10","chr3_108049651_108050577",347.498722074905,"+"
"YTHDF1","chr8_144423922_144424051",347.468918539459,"-"
"SNRPB","chr17_62447766_62448576",347.467700642523,"-"
"L3MBTL3","chr3_98825366_98849460",347.454657329992,"+"
"U2AF2","chr19_48327623_48329431",347.444814703085,"-"
"MSI2","chr3_12836223_12839348",347.438653103607,"+"
"L3MBTL3","chr19_35121245_35123270",347.421496535252,"-"
"HNRNPH1","chr19_49497372_49497519",347.415216411541,"-"
"SNRNP35","chr5_132867035_132867496",347.388097709399,"-"
"HTATSF1","chr11_810321_811596",347.38659063236,"-"
"MKRN2","chr13_114282943_114286301",347.36534852279,"-"
"ZCRB1","chr20_62137465_62138170",347.354943304963,"-"
"EIF3G","chr1_35609408_35631273",347.353103144079,"+"
"SF1","chr17_81891841_81894466",347.34474161719,"-"
"ZC3H6","chr1_153643364_153645063",347.328447065591,"+"
"SNRPE","chr2_74135658_74142271",347.320191125159,"+"
"PARN","chr8_56074159_56074253",347.298109727214,"-"
"ZCCHC17","chr3_49022768_49022875",347.293795472078,"+"
"SUPT6H","chr3_186784696_186785882",347.276526552187,"+"
"RBMS2","chr16_81082963_81084462",347.261808933972,"+"
"HNRNPH1","chr4_82426633_82427189",347.249363900918,"+"
"SAFB2","chr16_19411176_19430412",347.242681907634,"-"
"RBM42","chr18_79973856_79988239",347.232480457532,"+"
"SETD1B","chr1_28567413_28571866",347.230746396312,"-"
"LSM7","chr1_228107869_228108234",347.22081114028,"+"
"HNRNPH1","chr19_18900449_18904770",347.21534233531,"+"
"ESRP2","chr10_130175089_130180112",347.21469821656,"-"
"ZC3H18","chr8_144790455_144791276",347.196026094888,"-"
"ZC3H7A","chr18_2674145_2688393",347.190991255531,"+"
"SNRPD2","chr13_114321232_114322062",347.18933396795,"+"
"ZC3HAV1L","chr16_75294042_75305023",347.182691703496,"+"
"TRNAU1AP","chr3_172752472_172754508",347.17220197169,"+"
"PABPC4","chr3_42619708_42621428",347.152096133758,"+"
"EIF4B","chr15_59642262_59650668",347.145287196151,"-"
"TIA1","chr17_59112345_59131280",347.143228889751,"+"
"HNRNPL","chr8_98042784_98044942",347.138411665288,"-"
"SNRNP35","chr10_100983817_100984033",347.137768254156,"-"
"ZFR","chr3_98825366_98849460",347.134961068293,"+"
"SSB","chr7_26197732_26197830",347.105223838934,"-"
"NAA38","chr2_85596649_85596821",347.085697141037,"+"
"ZCRB1","chr6_166934136_166938894",347.047729167212,"+"
"SF3B4","chr7_150803832_150804826",347.032883813688,"+"
"LEMD3","chr18_12785844_12794383",347.030902934075,"+"
"THUMPD2","chr6_166322886_166328275",347.015973798076,"-"
"RNF113A","chr6_27126462_27132524",347.015350349476,"-"
"FMR1","chr1_42457350_42459602",347.008943611011,"+"
"EWSR1","chr12_10702134_10704059",346.987704021716,"+"
"SNRPG","chr9_127448426_127449280",346.982902542824,"-"
"SNRPC","chr12_122508450_122511108",346.970867876784,"+"
"ZCRB1","chr6_73519228_73519336",346.960463351397,"+"
"ZRANB2","chr12_121347005_121347801",346.938825859078,"+"
"RBM25","chr15_41453048_41457671",346.935030104475,"+"
"IGF2BP3","chr8_98042775_98045114",346.922232061565,"-"
"LSM1","chr1_31908960_31911695",346.912825230832,"-"
"HNRNPL","chr18_59155807_59157607",346.903697280411,"+"
"ACIN1","chr4_82426129_82427189",346.902830617721,"-"
"G3BP2","chr9_137615000_137615096",346.888559735949,"-"
"FUBP1","chr16_66552793_66563121",346.883340557251,"-"
"GTF3A","chr5_53646405_53683117",346.878395948685,"-"
"SNRPE","chr12_56673065_56687997",346.870350949124,"+"
"ZRANB2","chr8_99892047_99893638",346.860284065382,"-"
"EWSR1","chr19_42297365_42300008",346.850342102394,"-"
"DKC1","chr14_22565137_22588946",346.844718044266,"-"
"G3BP2","chr9_111570209_111574733",346.841431644192,"+"
"SETD1A","chr12_54283234_54283811",346.840571238078,"-"
"PABPC4","chr19_1440241_1440348",346.83228090752,"-"
"RBM4B","chr9_34017189_34048824",346.829031471029,"-"
"TRMT1","chr12_96003064_96003837",346.813880517536,"+"
"RBM10","chr2_231712516_231712842",346.80193202627,"-"
"CSDE1","chr11_114443933_114445978",346.757948616216,"-"
"PRPF3","chr6_116571655_116580294",346.750500119399,"+"
"HNRNPL","chr8_143566517_143567785",346.747169663179,"+"
"HNRNPF","chr2_38746747_38748046",346.71508751811,"+"
"NCL","chr12_112408656_112409586",346.669388261538,"+"
"ZCCHC17","chr19_40775669_40776968",346.643983485444,"-"
"NAA38","chr22_23894582_23894771",346.638047985391,"+"
"HNRNPK","chr13_27445156_27450141",346.634941743124,"+"
"SYNJ2","chr12_55757553_55789074",346.588682316317,"-"
"ZRSR2","chr11_88326443_88334936",346.586222851758,"-"
"HNRNPA3","chr12_52237569_52238679",346.582096382712,"+"
"DKC1","chr1_109758666_109759061",346.575504758471,"+"
"THUMPD2","chr6_150885734_150887841",346.57347850017,"+"
"THUMPD3","chr15_58898852_58901259",346.572342368611,"-"
"SNRPE","chr14_94111773_94114850",346.548615563065,"+"
"THUMPD1","chr6_85677492_85677794",346.534977792507,"+"
"LSM7","chr22_40964117_40972475",346.534083841981,"-"
"YTHDF3","chr10_12035441_12042754",346.531103799664,"+"
"MATR3","chr7_75996599_76000889",346.511346105051,"+"
"UPF1","chr10_32933583_32935491",346.511075786082,"-"
"L3MBTL3","chr16_1961611_1961796",346.497998140046,"-"
"ZCRB1","chr16_29904965_29905787",346.474200984892,"+"
"GRSF1","chr6_26124749_26138053",346.470125223231,"+"
"RBPMS","chr1_24646789_24648858",346.464291708169,"+"
"SNRPD2","chr17_75574495_75574609",346.437374781132,"+"
"RBM6","chr11_34651610_34656907",346.436224494129,"-"
"IGF2BP2","chr11_66436909_66437103",346.432697380471,"-"
"RNF113A","chr11_67611569_67612119",346.42949646919,"-"
"RBM38","chr5_96740118_96740744",346.408050773583,"-"
"THUMPD3","chr17_31863516_31865365",346.401440637008,"+"
"UHMK1","chr19_10680443_10681018",346.395133743161,"+"
"RBM22","chr8_70598255_70600018",346.390428210104,"+"
"RBMX","chr8_143580727_143581053",346.385112007941,"+"
"ZNF638","chr6_167864746_167870385",346.383774198398,"-"
"NCL","chr8_38263406_38266140",346.383468218735,"-"
"RALY","chr9_124861554_124861909",346.37953536209,"-"
"RBM25","chr8_144789962_144790180",346.376070153241,"-"
"SF3A1","chr8_73956054_73972244",346.360935137471,"-"
"KRR1","chr7_6398677_6400125",346.330105261655,"-"
"SRBD1","chr14_103913984_103914478",346.328000136603,"-"
"KRR1","chr1_2588625_2588953",346.323177999213,"+"
"MSI2","chr2_200378371_200389222",346.318527355319,"-"
"GTF3A","chr1_6197755_6199561",346.312589099857,"-"
"RBM47","chr11_34651610_34651736",346.311804764518,"-"
"PUF60","chr1_155737063_155738156",346.288763602466,"+"
"NONO","chr12_53101160_53101970",346.288664829981,"-"
"HDLBP","chr3_108051970_108055519",346.279979433536,"-"
"LARP4B","chr3_184365226_184366716",346.262587610144,"+"
"PRPF3","chr3_172755575_172756982",346.249508317674,"+"
"SF3B4","chr11_63575046_63583005",346.240840176899,"-"
"EWSR1","chr12_56311414_56314850",346.234146046989,"+"
"PABPC4","chr1_6186816_6192946",346.231184724944,"-"
"SNRPG","chr14_58263770_58267473",346.224726310094,"+"
"GTF3A","chr1_193023946_193028084",346.209252230699,"+"
"GRSF1","chr8_61681036_61682438",346.208776511956,"-"
"IGF2BP3","chr21_43755764_43755950",346.199100458989,"+"
"ZC3H3","chr11_64227132_64229246",346.187841132477,"-"
"GRSF1","chr19_18250177_18250311",346.185791222298,"+"
"SNRPB","chr22_41675195_41680243",346.179463789873,"+"
"U2AF1L4","chr11_102525064_102530592",346.175915971489,"-"
"ZFR","chr8_66922385_66922613",346.170322276174,"-"
"RBM47","chr22_49824331_49827496",346.138235019574,"+"
"TARDBP","chr3_157150381_157152176",346.130213032566,"+"
"LSM7","chr19_45414034_45414860",346.121164920252,"-"
"LARP4","chr11_88326443_88328111",346.102019455243,"+"
"SNRPD2","chr20_62387674_62387842",346.100967541763,"+"
"ZC3H7B","chr17_59112345_59155130",346.097933362035,"-"
"SART3","chr12_76068994_76074202",346.080027979298,"+"
"RBM18","chr9_34614132_34614709",346.078153498396,"-"
"CPSF4","chr12_109088512_109092506",346.040053733781,"+"
"RBPMS","chr19_35505765_35509910",346.022023076628,"-"
"PRR3","chr16_66552793_66577103",346.012939747215,"-"
"ZFP36","chr4_48892889_48899828",345.985719413965,"-"
"RBM22","chr8_56073272_56074059",345.984888956736,"-"
"HNRNPH2","chr14_55142748_55145115",345.977056713219,"-"
"PARP12","chr16_4463512_4463659",345.964485643922,"-"
"SNRPD3","chr10_21920963_21928505",345.9579555579,"+"
"KHSRP","chr3_156543269_156544293",345.931845456274,"-"
"ACO1","chr5_61161227_61162216",345.903272823927,"+"
"RBM18","chr11_93730712_93731149",345.887091916024,"+"
"PPIL4","chr10_128119319_128122880",345.864202432412,"+"
"ZC3HAV1L","chr2_111429620_111469786",345.849661589133,"-"
"RBM23","chr18_79973856_79977597",345.82205013437,"+"
"ZC3HAV1L","chr21_42350030_42350878",345.821776898022,"+"
"UNK","chr8_79919148_80002998",345.818957584851,"-"
"MATR3","chr2_46591925_46592474",345.803611711462,"-"
"ZC3H15","chr10_102402159_102402254",345.763645945496,"-"
"SART3","chr15_49137458_49139527",345.762453934688,"-"
"TARDBP","chr14_55580354_55612018",345.759490996688,"+"
"RBPMS","chr3_108047292_108057476",345.755574553199,"-"
"SNRPB","chr20_56388202_56392153",345.750765284983,"-"
"RBM27","chr4_2930876_2931060",345.748450605357,"-"
"SNRPD3","chr13_45337388_45338659",345.742132251628,"-"
"ZC3H12C","chr10_63215617_63217206",345.733373291033,"-"
"TRA2A","chr10_118311313_118326153",345.725209566095,"+"
"LARP4","chr22_19516645_19516816",345.715375549795,"+"
"SNRNP70","chr13_75804541_75817160",345.705045767163,"+"
"PTBP1","chr6_31835451_31836423",345.704928224455,"-"
"CPSF4","chr16_88647175_88648044",345.697578364308,"+"
"UHMK1","chr8_60582090_60584207",345.697395074365,"-"
"SNRPD2","chr16_18789118_18790309",345.689143435874,"+"
"MSI2","chr2_85596649_85597103",345.677366250836,"-"
"KHDRBS1","chr8_85214631_85217385",345.668305966467,"-"
"PCBP2","chr16_66552793_66563071",345.668153798015,"-"
"RBM10","chr3_180985996_180988022",345.652222671382,"-"
"CCAR1","chr1_153544809_153544957",345.649340110895,"-"
"HNRNPH1","chr7_20161870_20170713",345.63530884357,"-"
"HDLBP","chr6_47576602_47577008",345.626974263464,"+"
"PUF60","chr9_36204179_36211607",345.615342590567,"-"
"MKRN1","chr6_34240882_34242711",345.583631703065,"-"
"PARP14","chr19_48960914_48961531",345.578746039144,"+"
"U2AF2","chr12_79805768_79807225",345.578342019121,"-"
"PABPC1","chr8_144792140_144792365",345.562404802492,"+"
"LSM7","chr2_135748369_135755516",345.536410097279,"-"
"CHERP","chr3_98849598_98901121",345.511173776995,"-"
"YTHDC2","chr11_64319868_64320660",345.506604400333,"+"
"ZFP36L2","chr5_82276518_82277694",345.502353815765,"-"
"HDLBP","chr6_34240882_34242711",345.487667571888,"+"
"MKRN1","chr17_68125480_68125584",345.479703576217,"+"
"RBM22","chr16_721941_722308",345.4585859475,"+"
"YTHDC1","chr17_41689069_41690087",345.420513582429,"+"
"KHSRP","chr7_106091939_106092948",345.411351633858,"+"
"HNRNPAB","chr5_65542848_65551563",345.399911955308,"+"
"MSI2","chr1_28579981_28580559",345.384800230505,"+"
"ALKBH8","chr3_187128062_187139212",345.382031275155,"+"
"SNRPD1","chr17_17505848_17509433",345.365629590234,"-"
"POLDIP3","chr19_1106459_1106539",345.361337407629,"-"
"MBNL3","chr5_90488129_90495676",345.356911641074,"-"
"HNRNPH1","chr5_96729725_96736171",345.314906743712,"+"
"SNRPF","chr6_85678188_85678697",345.314327263386,"-"
"LARP6","chr9_83978452_83980152",345.301758996385,"+"
"RBM23","chr17_6641227_6642248",345.288548258079,"-"
"SNRPG","chr17_6641227_6641752",345.278504839462,"+"
"CCAR1","chr17_6641227_6642248",345.277776430652,"-"
"TUT1","chr12_55716717_55716932",345.272773398308,"+"
"DGKQ","chr1_74733531_74736541",345.26273244784,"+"
"UPF1","chr18_79968183_79970439",345.253061830131,"+"
"LSM7","chr4_83456958_83459739",345.251691386692,"-"
"SRRM1","chr7_99392876_99394032",345.218527411885,"-"
"SSB","chr13_75804541_75809153",345.197116226581,"+"
"RBM28","chr4_48897224_48897803",345.189485647121,"-"
"RBM12B","chr21_44032172_44037791",345.175336403877,"+"
"POLDIP3","chr19_43646548_43652224",345.174909753806,"+"
"SNRPE","chr7_26190460_26190992",345.169709002565,"-"
"SAMD4A","chr16_10761859_10769046",345.158562360877,"-"
"RBM47","chr16_722083_722308",345.139894989721,"-"
"AKAP1","chr17_60085203_60088196",345.134688265242,"+"
"HNRNPA2B1","chr17_16463317_16463718",345.134387510078,"-"
"TTC14","chr11_3001248_3001961",345.130304297241,"+"
"IGF2BP2","chr10_73053590_73068845",345.128034034028,"+"
"RBM22","chr12_111840003_111840332",345.122568131944,"+"
"MCM3AP","chr14_23081836_23089981",345.083231134202,"+"
"SNRPE","chr1_155727738_155729041",345.071963208348,"+"
"RNF113A","chr13_75526639_75530310",345.06996481155,"-"
"FUBP1","chr17_5426299_5428070",345.06794755382,"+"
"PABPC4","chr4_39456478_39457585",345.045400722276,"-"
"ZC3H4","chr12_10702131_10704050",345.043780269218,"-"
"RBM23","chr9_127714282_127714378",345.033681826497,"+"
"RBM42","chr4_2930953_2931060",345.027737477121,"-"
"EIF4H","chr16_85779867_85780378",345.027563298346,"+"
"SNRPD1","chr9_37588932_37592411",345.017204044726,"+"
"SF3B4","chr7_26191128_26192494",345.009367495028,"-"
"POLDIP3","chr22_39313729_39314106",344.998175374957,"-"
"SNRPB2","chr10_90895483_90895879",344.966458630358,"+"
"TRMT2A","chr15_74923725_74926765",344.956982550016,"-"
"TRNAU1AP","chr5_177306176_177306384",344.949689724396,"-"
"ZNF638","chr9_37588932_37592411",344.936301695196,"+"
"ZC3H3","chr19_45468712_45470745",344.908531688188,"-"
"NOL8","chr16_87303075_87305718",344.903141525881,"+"
"SNRPD3","chr7_75996599_76003757",344.899428457224,"-"
"EIF3G","chr12_56116930_56117188",344.874517654273,"-"
"ZCCHC17","chr14_92117642_92121641",344.864816139322,"+"
"ZC3H7B","chr22_40955446_40964046",344.853454486931,"-"
"ZC3H12B","chr17_75320550_75321658",344.849913934213,"-"
"SF3A1","chr6_116571655_116580294",344.839788003092,"-"
"SNRPD1","chr1_45602365_45604935",344.819041991945,"+"
"TRA2A","chr5_151746449_151758545",344.80762402623,"-"
"RBMS2","chr2_169812506_169815476",344.780530104702,"+"
"UPF3B","chr17_42570183_42571546",344.759473246794,"+"
"SNRNP35","chr11_64227666_64229246",344.748855523321,"-"
"TMEM63A","chr18_9124983_9134185",344.692479909215,"-"
"KHDRBS1","chr10_71822007_71825836",344.687313844653,"+"
"MATR3","chr3_108047292_108049618",344.639687864584,"+"
"CARHSP1","chr1_153561590_153563733",344.625018682278,"-"
"ZC3H7A","chr5_112887183_112902379",344.624204041895,"+"
"G3BP1","chr14_77708208_77710837",344.604502477915,"+"
"RBM15B","chr5_96740118_96741265",344.592544735436,"-"
"RBM8A","chr11_62833131_62833791",344.549904562961,"-"
"SNRNP35","chr1_153534821_153535201",344.541586573243,"-"
"MKRN2","chr6_85677492_85678135",344.523632809492,"-"
"EIF3G","chr20_35279747_35279941",344.520117751301,"+"
"HNRNPK","chr15_63044152_63056984",344.515589506611,"+"
"TIPARP","chr3_12840341_12841493",344.5089865373,"-"
"HNRNPH1","chr14_58263770_58267473",344.497104705297,"-"
"SRRM2","chr20_17680075_17682027",344.487583735931,"+"
"LARP7","chr11_86344721_86345583",344.476906526593,"+"
"CSTF2","chr2_201136107_201136197",344.465123025293,"-"
"ZC3H15","chr6_10755232_10756466",344.450174777425,"+"
"TRNAU1AP","chr17_76735158_76736153",344.449312380248,"+"
"TNRC6A","chr3_108057533_108058336",344.426183488883,"-"
"L3MBTL3","chr2_216499397_216499948",344.424966781615,"-"
"PCBP2","chr7_75987285_75987359",344.410475569321,"+"
"SNRPB2","chr2_227340380_227355676",344.409547664633,"+"
"MCM3AP","chr12_53034709_53037408",344.387551367011,"+"
"HNRNPR","chr19_16646800_16647095",344.360678481712,"+"
"EIF2S1","chr10_90894891_90895879",344.342609388814,"-"
"CIRBP","chr2_38748653_38749528",344.332794569939,"+"
"U2AF2","chr16_2752846_2756333",344.328260925833,"-"
"THUMPD2","chr9_35074216_35074370",344.313164542515,"+"
"SETD1A","chr10_80155912_80157966",344.285643590534,"-"
"SAFB","chr14_22830254_22830963",344.28105939786,"-"
"G3BP2","chr9_108942871_108942960",344.231815029157,"-"
"NIP7","chr18_36787079_36798448",344.228371095112,"+"
"PUM1","chr19_12676142_12677290",344.223349516911,"+"
"HNRNPH2","chr16_634956_635280",344.204069641968,"-"
"RALY","chr10_90894891_90895879",344.197988438105,"-"
"PNO1","chr19_10177367_10180186",344.175694005535,"+"
"FXR2","chr6_132815088_132815218",344.155050806823,"-"
"FUS","chr19_43652053_43652224",344.125136732488,"-"
"HNRNPAB","chr14_90397233_90400064",344.104881392676,"+"
"HNRNPA3","chr6_167864746_167870385",344.093911949058,"+"
"RBM12B","chr17_38850214_38852603",344.092301772062,"-"
"SNRPB","chr16_10761859_10767948",344.090254028348,"+"
"DKC1","chr14_22565137_22588946",344.074983265261,"-"
"NIP7","chr16_635340_636093",344.064452182437,"+"
"DUS3L","chr15_75339344_75339701",344.054659909986,"-"
"SLTM","chr10_14530515_14553321",344.052355471713,"+"
"FXR1","chr3_196296069_196306942",344.039053522809,"+"
"ZC3H3","chr11_88326399_88334936",343.99015921405,"-"
"SAFB2","chr10_38017386_38054374",343.980412934434,"+"
"HNRNPAB","chr3_108047292_108049618",343.975909001292,"+"
"UNK","chr1_1402256_1402358",343.959148809083,"-"
"UNK","chr14_103912694_103915065",343.94929339855,"-"
"RBM23","chr10_130175089_130180112",343.942863382794,"-"
"HNRNPK","chr3_127695190_127710575",343.937534612471,"+"
"SNRPB","chr17_7856843_7857014",343.926575396246,"+"
"NIP7","chr5_135335141_135343259",343.917976353126,"+"
"PUM1","chr15_74920442_74929115",343.893456953444,"-"
"ZFP36L1","chr4_39774933_39777681",343.850681328288,"+"
"ZC3H4","chr19_41864899_41869030",343.840658857648,"-"
"SLBP","chr16_80976179_80981805",343.835723017884,"+"
"HELZ","chr14_70329236_70342657",343.829270829636,"+"
"YTHDF1","chr11_61789235_61789784",343.822678407007,"+"
"CIRBP","chr2_74527363_74527470",343.819975316937,"+"
"RNPS1","chr15_80979477_80981949",343.804967830958,"+"
"PARP12","chr21_44856364_44865394",343.797562117003,"-"
"EIF3B","chr5_96662497_96675538",343.796759119941,"+"
"LARP7","chr17_75148671_75154341",343.795999989454,"+"
"TIPARP","chr3_40461661_40461940",343.759815979475,"-"
"RBMXL1","chr15_80981827_80981949",343.751805931125,"-"
"THUMPD2","chr9_93110721_93111878",343.723388190694,"+"
"SETD1A","chr19_35500029_35500377",343.720376435761,"-"
"SRBD1","chr19_8316645_8319300",343.709318392104,"-"
"SNRPE","chr17_48930612_48933204",343.695387175398,"-"
"RALY","chr17_82392534_82394330",343.694415286716,"-"
"LSM7","chr16_75294042_75305023",343.684738140385,"+"
"RBM43","chr16_722083_722308",343.677828288455,"+"
"ZC3H15","chr2_197501549_197503038",343.674095459056,"-"
"YTHDF1","chr2_197501549_197503038",343.670127301956,"-"
"CSDE1","chr4_82371584_82373445",343.669277615632,"+"
"ACIN1","chr19_35508240_35509910",343.657240511232,"+"
"RBM47","chr7_66993417_66994219",343.656296861024,"-"
"RBM15B","chr8_144099199_144099276",343.640301556822,"-"
"SF3B4","chr6_26124749_26138053",343.631958238491,"-"
"RBM27","chr19_35497681_35498715",343.618584215589,"-"
"KIN","chr6_12290693_12292343",343.602056716797,"-"
"ZC3H4","chr15_78880579_78886140",343.594041194844,"+"
"IGF2BP2","chr1_77967098_77967626",343.585702501062,"+"
"ZC3H15","chr14_64924126_64926009",343.563218628379,"+"
"DGKQ","chr2_241584725_241601814",343.56151776409,"-"
"RBM39","chr1_159961405_159976643",343.540105995851,"-"
"SAFB2","chr7_16859631_16861383",343.530492538339,"-"
"RALY","chr22_24557800_24571915",343.526186583588,"-"
"UPF3B","chr7_16792957_16794850",343.525368759528,"-"
"AKAP1","chr19_35505986_35509910",343.495511918086,"-"
"RBM4","chr22_37878171_37888425",343.450299755992,"-"
"ZNF638","chr19_42297365_42300041",343.446990045766,"-"
"RBM23","chr10_100986572_100986686",343.421445944881,"+"
"PABPC1","chr19_16646800_16647095",343.405555837771,"-"
"MKRN1","chr4_48894053_48897153",343.401032742191,"-"
"PARP14","chr12_76059878_76060137",343.390795860104,"+"
"RBM42","chr8_144098989_144099080",343.386935605854,"-"
"SRRM1","chr10_101608937_101609366",343.381680470247,"+"
"TRA2A","chr19_54206462_54207397",343.322562888249,"-"
"CSDE1","chr12_53297924_53298018",343.305226985187,"-"
"PCBP2","chr3_196316231_196318035",343.302027627239,"-"
"FMR1","chr17_6641227_6641752",343.278889308282,"-"
"PNPT1","chr19_38632463_38632600",343.256859815462,"-"
"HNRNPH1","chr6_170535421_170537233",343.210090271886,"-"
"HNRNPK","chr5_178150993_178153490",343.193245761845,"+"
"MSI2","chr1_6186816_6192946",343.179895193931,"-"
"YTHDC1","chr8_73956054_73972076",343.165495067069,"-"
"TNRC6A","chr11_6611452_6611534",343.135849787516,"-"
"UPF1","chr16_23587319_23596122",343.130465574023,"+"
"RBM15B","chr10_32953809_32958144",343.128527133468,"-"
"DKC1","chr6_10755232_10756466",343.11931958675,"+"
"RBMX","chr5_62352710_62353274",343.110901453222,"+"
"RBM14","chr1_153982600_153983218",343.101137936201,"-"
"ZC3HAV1L","chr10_68956748_68959805",343.094072312637,"+"
"SNRPF","chr19_35546808_35547118",343.090355077649,"-"
"ZCRB1","chr19_48616202_48616740",343.073264978476,"-"
"CARHSP1","chr22_40951476_40964046",343.071870603406,"-"
"MATR3","chr1_6186816_6192946",343.066751885615,"-"
"PNO1","chr1_165652035_165654285",343.020611200939,"-"
"HNRNPH1","chr1_156744348_156745007",343.007009957255,"+"
"SUPT6H","chr11_406059_406141",342.999382985181,"-"
"HNRNPA2B1","chr20_49279208_49295402",342.983269440956,"-"
"ZC3H15","chr9_33998864_34017049",342.933880655703,"+"
"KHSRP","chr7_21908507_21911616",342.921932218071,"+"
"PABPC4","chr12_76450988_76459858",342.892303776676,"-"
"ZCRB1","chr9_98005153_98007501",342.875830475865,"-"
"ASCC1","chr16_88810148_88811549",342.864844023223,"-"
"RBM43","chr3_187121328_187139212",342.846349839318,"-"
"ZCRB1","chr10_133352113_133352246",342.818996692993,"-"
"SNRPF","chr9_35813519_35813643",342.806351225567,"-"
"ZFP36L2","chr12_117046838_117049018",342.794561366778,"+"
"HNRNPA2B1","chr14_54415930_54417847",342.761839613818,"+"
"RBM47","chr15_84670782_84680712",342.75640110333,"+"
"FUBP3","chr8_97699852_97706625",342.755436224203,"+"
"HNRNPA2B1","chr17_42951894_42954875",342.754455844262,"+"
"RBM38","chr14_22565137_22571878",342.722821759642,"-"
"LENG9","chr4_38688186_38688584",342.717544466921,"-"
"CCAR1","chr6_10755232_10756466",342.717131809917,"+"
"SNRPE","chr11_57742227_57742862",342.711579529556,"-"
"PABPN1","chr17_42953778_42954875",342.707924153041,"-"
"HNRNPA3","chr1_173864304_173865509",342.6954188188,"-"
"ACIN1","chr11_114443933_114444585",342.670483201317,"-"
"RBM42","chr20_38421098_38422091",342.649036436746,"+"
"CNOT4","chr10_32935558_32957010",342.637741412665,"-"
"PTBP1","chr3_197149796_197194424",342.630049181087,"+"
"PUM2","chr12_94971620_95002738",342.5947998586,"-"
"DKC1","chr3_158600173_158602806",342.558374506286,"+"
"RBPMS","chr5_178209447_178210552",342.543661833476,"+"
"SETD1B","chr12_65951415_65952355",342.532444791589,"+"
"SF1","chr15_88639594_88652109",342.527622637341,"-"
"EIF4B","chr12_56724523_56725262",342.5233062146,"+"
"TAF15","chr6_31836517_31837235",342.520525899543,"-"
"CSTF2","chr19_34209051_34215123",342.508192244343,"+"
"THUMPD3","chr5_163464802_163469640",342.507214505034,"-"
"HNRNPH1","chr11_33698514_33700244",342.495773751736,"+"
"SNRPN","chr3_108188230_108191520",342.492544625869,"-"
"SLBP","chr15_60386086_60390212",342.491614987957,"-"
"LARP4B","chr9_133360129_133360264",342.48937522692,"-"
"TTC14","chr8_99887618_99893638",342.488275839493,"-"
"PRPF3","chr2_231710584_231711347",342.454687146307,"-"
"KHSRP","chr9_98005153_98007501",342.4394434511,"-"
"TRMT1","chr12_69362907_69370705",342.43136462592,"-"
"TEP1","chr18_9195698_9204475",342.380452518952,"+"
"ZFR","chr16_2243224_2243317",342.365942648404,"+"
"RBMS2","chr12_53027919_53028014",342.343283334159,"+"
"HNRNPK","chr9_133360129_133360264",342.332625631546,"-"
"SNRPD3","chr8_15757855_15764202",342.326481182466,"-"
"EIF3G","chr13_75809183_75817160",342.321153463047,"+"
"SYNJ2","chr5_176384283_176385220",342.285335999402,"+"
"THUMPD2","chr1_153561591_153565505",342.277475786367,"-"
"PDCD11","chr7_96694891_96708147",342.254395166149,"-"
"RBM4","chr5_96730860_96736171",342.253202359676,"+"
"RBM33","chr13_31141259_31143791",342.242020355022,"+"
"SPEN","chr19_35505986_35507457",342.238926590092,"+"
"G3BP2","chr4_108620600_108621950",342.220701129865,"+"
"DKC1","chr16_722083_722308",342.219142118423,"-"
"THUMPD3","chr5_69175537_69177523",342.19337410543,"-"
"EIF3G","chr17_81510329_81510478",342.182445792679,"-"
"IREB2","chr7_26197732_26197830",342.176193235509,"+"
"PNO1","chr16_18789118_18790309",342.167863187687,"-"
"SAFB2","chr6_31731003_31732009",342.138565842389,"-"
"RBM26","chr5_131162676_131165059",342.089434534475,"-"
"EIF4B","chr2_73927052_73958145",342.076772232788,"+"
"CCAR1","chr5_140300582_140303040",342.069824307856,"+"
"ZC3H13","chr4_151103079_151104176",342.043735761714,"+"
"CSTF2T","chr11_111882598_111883770",342.038822735605,"-"
"RBMXL1","chr11_93739331_93740843",342.004063400579,"-"
"SSB","chr3_112991335_112996891",341.954601171816,"-"
"GTF3A","chr10_118336423_118342269",341.954228176755,"+"
"RBPMS","chr10_119500259_119526031",341.952205329341,"-"
"YTHDF3","chr20_49278738_49279103",341.944763975069,"-"
"CIRBP","chr10_12170770_12170899",341.942071695854,"+"
"RNPS1","chr12_6849198_6849322",341.931266627983,"+"
"EIF3G","chr8_109339390_109340490",341.915691390664,"-"
"RBM12B","chr19_46838799_46839464",341.911802993259,"+"
"MKRN2","chr6_75621625_75623899",341.899310900069,"+"
"ZC3HAV1","chr2_91618154_91655367",341.897575577418,"+"
"HNRNPD","chr17_44212454_44212818",341.843092297275,"+"
"UPF1","chr19_38626102_38634992",341.814165617719,"-"
"PABPC4","chr9_129634221_129635207",341.781923569751,"-"
"RBM15","chr18_9124983_9126833",341.755128451545,"-"
"RALY","chr5_150447735_150449491",341.750143825816,"-"
"EIF3B","chr19_35505986_35509910",341.738098364781,"-"
"UHMK1","chr2_187478803_187484123",341.72845663339,"-"
"PCBP2","chr1_119737266_119743885",341.727424727295,"-"
"KHDRBS1","chr4_189952287_189953067",341.704259001525,"+"
"SLBP","chr19_12676142_12677107",341.703694548849,"-"
"RBM23","chr21_25729801_25735314",341.693435668271,"-"
"RBM23","chr1_24646789_24648858",341.69187916647,"+"
"PRR3","chr1_212442625_212445829",341.676976985233,"-"
"SNRPG","chr4_151103079_151104168",341.67609517264,"-"
"TMEM63A","chr14_22830254_22833417",341.672582675048,"-"
"SETD1A","chr16_69711281_69714963",341.671480157159,"+"
"TRMT1","chr19_6730384_6730986",341.669243897524,"+"
"THUMPD3","chr19_2324196_2328386",341.658673450985,"-"
"TAF15","chr8_61644632_61646749",341.64269089661,"+"
"RBM47","chr16_635340_635611",341.630108791136,"-"
"ACO1","chr7_96688991_96694797",341.60340490991,"-"
"CIRBP","chr19_41861212_41869039",341.59240276682,"-"
"THUMPD3","chr18_9475176_9512990",341.581097613758,"+"
"PNO1","chr17_78113624_78117268",341.568300783262,"+"
"TRMT1","chr21_44967181_44976679",341.561586511138,"-"
"DHX8","chr16_88859972_88860892",341.537182231109,"-"
"POLDIP3","chr3_98881767_98892496",341.480108826169,"-"
"LARP1","chr11_18245515_18245909",341.47697163478,"+"
"PRPF3","chr19_29942664_29942822",341.470664533512,"-"
"PPIL4","chr13_110641608_110642314",341.445968530517,"+"
"ZFP36L2","chr2_42169636_42245504",341.445116140794,"+"
"ASCC1","chr10_96133648_96155325",341.438852903489,"+"
"GTF3A","chr15_74923770_74929115",341.436503429073,"+"
"RBM25","chr20_35740597_35740823",341.43345868603,"-"
"TTC14","chr8_143575093_143575422",341.418788407467,"-"
"RBM39","chr18_9475691_9512990",341.411706778191,"+"
"RBM39","chr19_44793620_44794106",341.394630965442,"-"
"TARDBP","chr1_53228954_53235576",341.388798266629,"+"
"NONO","chr1_153563887_153566701",341.386711918811,"-"
"MBNL3","chr11_72755753_72758529",341.385330032334,"-"
"HNRNPM","chr17_17505848_17509433",341.371537331147,"-"
"ZC3H3","chr20_50098981_50113106",341.368703402578,"-"
"RBM25","chr10_100983817_100986748",341.361985097529,"+"
"SF1","chr20_45471417_45479941",341.360498419142,"-"
"RBM33","chr16_66552793_66563071",341.316250453724,"-"
"TRA2A","chr2_174079090_174081151",341.289571078846,"+"
"KHDRBS3","chr12_122508450_122511108",341.283749209102,"-"
"NIP7","chr5_178149838_178153490",341.27454177177,"+"
"SF1","chr1_212442625_212444338",341.268674523058,"+"
"FUBP1","chr19_35122839_35123270",341.245738400332,"-"
"CIRBP","chr11_47625741_47627079",341.239620782932,"-"
"PARN","chr20_408779_410411",341.23893030248,"+"
"FXR1","chr12_111840003_111840332",341.23283694986,"+"
"EIF3G","chr19_4324197_4325215",341.213625702529,"-"
"RBMXL1","chr1_224365991_224370897",341.17378169124,"-"
"RBM22","chr3_111920419_111939474",341.162862676982,"+"
"PABPN1","chr7_66994282_66995289",341.16039295425,"-"
"RBM22","chr14_58263770_58267473",341.158351936464,"+"
"RBM8A","chr8_67045960_67051229",341.155604707998,"+"
"ACO1","chr7_22818048_22822153",341.14411637059,"-"
"PUM1","chr3_98822361_98825315",341.140279487054,"-"
"ZFP36L2","chr2_27774530_27779432",341.137825541524,"+"
"SPEN","chr16_88810148_88811549",341.104588256194,"-"
"PSPC1","chr11_34651610_34656907",341.092979274409,"-"
"RDM1","chr3_59749579_59752220",341.089731959998,"+"
"ZC3H18","chr6_34421807_34422236",341.082142123661,"-"
"TIA1","chr3_197951241_197954002",341.071245775272,"-"
"SLBP","chr19_4409759_4418019",341.069868173451,"+"
"GRSF1","chr7_92244149_92244901",341.04780364818,"+"
"UPF3B","chr5_134374463_134388324",341.011419585348,"-"
"HNRNPC","chr17_38450723_38451625",341.004884096798,"-"
"LARP1","chr9_129634306_129635207",340.99616972856,"-"
"HNRNPA1","chr5_61099032_61152703",340.995403207016,"+"
"HTATSF1","chr8_54000050_54010429",340.987306430703,"+"
"SNRNP35","chr20_18567596_18569238",340.985725233762,"+"
"LENG9","chr2_169812506_169819560",340.977160909737,"-"
"ASCC1","chr1_2189781_2192844",340.967364657206,"-"
"RBM14","chr10_32935558_32953592",340.961858423394,"-"
"MSI2","chr12_53669291_53669870",340.923952595358,"-"
"ZRSR2","chr5_32591685_32601004",340.922169718245,"-"
"CSTF2T","chr14_22831037_22833417",340.905737450337,"+"
"SRBD1","chr2_9408201_9412268",340.888807744458,"-"
"SSB","chr3_98881767_98901121",340.882540662275,"+"
"SETD1A","chr9_104096103_104098445",340.877906073605,"-"
"RBM22","chr1_19597109_19622099",340.870896751151,"+"
"SNRPE","chr1_161158211_161158411",340.830030359486,"+"
"TRMT2A","chr7_73303529_73303599",340.829279039672,"+"
"RBM38","chr3_196307012_196318039",340.820398556676,"-"
"HNRNPA2B1","chr7_139035985_139036652",340.7792486385,"+"
"RBMXL1","chr17_75147653_75154341",340.760404458376,"-"
"EIF3G","chr5_181238239_181239066",340.73980736187,"+"
"RBM43","chr4_55609179_55630401",340.725195963635,"-"
"FMR1","chr8_73959818_73972244",340.719859688348,"+"
"CPEB4","chr17_40818482_40818819",340.719336752987,"-"
"ZFP36L2","chr3_156549003_156553654",340.706401485724,"+"
"LARP1","chr16_85780473_85781210",340.702697398927,"+"
"CSTF2","chr12_49324037_49324230",340.700760319284,"+"
"TIA1","chr4_56452052_56459371",340.69623513341,"-"
"SF3B4","chr11_18081503_18083534",340.671203607866,"+"
"ZRANB2","chr11_85654256_85655593",340.670394164994,"-"
"CPSF6","chr2_218228796_218245419",340.666076792587,"-"
"SNRPB2","chr16_4795449_4795714",340.641591059566,"+"
"GTF3A","chr12_6492972_6493458",340.634554847217,"-"
"ZC3H13","chr2_85596649_85597103",340.614808998702,"-"
"ZNF638","chr18_49491584_49492274",340.612726341015,"-"
"FUBP3","chr22_37878171_37888425",340.599616666042,"-"
"SAFB","chr20_56388202_56392167",340.592405940579,"-"
"SETD1B","chr2_131492024_131492991",340.574712725885,"-"
"FXR2","chr20_36607818_36609600",340.569254724149,"+"
"NONO","chr16_81087664_81090600",340.56828479778,"+"
"HNRNPM","chr1_42667440_42676583",340.563084252796,"+"
"DNAJC17","chr12_57715970_57716088",340.534998211725,"+"
"RBM7","chr11_17077473_17077618",340.531103169615,"-"
"YTHDC1","chr11_65538324_65538441",340.512027646461,"+"
"CSDE1","chr18_21622801_21623747",340.506584512904,"-"
"CSTF2","chr16_80976179_80980769",340.501598108167,"-"
"ZC3H12A","chr1_36456378_36460691",340.494115139433,"-"
"ZC3H13","chr2_85596649_85597103",340.482793252783,"-"
"ZC3H4","chr9_15510326_15510816",340.4787287291,"-"
"ZC3H13","chr16_66558348_66565885",340.477493827008,"-"
"CPSF4","chr5_149517877_149520289",340.466514453823,"-"
"PARP10","chr1_153976775_153976975",340.454538843549,"+"
"UPF1","chr8_56074159_56074253",340.444610714111,"-"
"SNRPG","chr16_56434829_56439656",340.444114985492,"+"
"SNRPE","chr11_86326676_86337378",340.425666729102,"-"
"FUS","chr15_34228589_34229752",340.420424504277,"+"
"PARP14","chr4_153358622_153408970",340.400133007839,"-"
"IGF2BP3","chr11_134248959_134249166",340.394122860492,"+"
"RBM12B","chr17_42953778_42954875",340.386929455579,"+"
"GTF3A","chr7_44114945_44115294",340.386756249531,"+"
"TIAL1","chr13_75569507_75594914",340.372862969413,"+"
"RBM43","chr20_35739017_35740823",340.369532424734,"-"
"SAFB","chr2_3575888_3576558",340.36482842636,"-"
"LARP6","chr14_35402663_35402770",340.357803039083,"+"
"LARP1","chr3_186784696_186785882",340.355322531891,"+"
"LSM7","chr10_103394394_103396408",340.331606280114,"-"
"RBM12B","chr9_7798637_7799460",340.324524400173,"+"
"TMEM63A","chr6_26124749_26138053",340.315538253861,"-"
"HNRNPL","chr6_26124749_26127697",340.30229998497,"+"
"PARN","chr8_73959818_73972244",340.287455726939,"+"
"ZC3H13","chr9_35726534_35732074",340.270888849553,"-"
"RDM1","chr7_87878133_87884978",340.268205203788,"-"
"RBM14","chr1_154157721_154170399",340.264000388528,"+"
"CIRBP","chr17_8377692_8379795",340.262235025871,"+"
"RBM28","chr19_17859974_17862093",340.254879825958,"-"
"RBMS2","chr10_63594854_63599169",340.199913960116,"-"
"UPF3B","chr15_74448600_74449185",340.187365888892,"+"
"HNRNPA0","chr17_44212454_44212818",340.143836791073,"+"
"ZFR","chr19_17517389_17517709",340.094809125551,"+"
"KRR1","chr3_28316423_28319508",340.094121749138,"+"
"CSTF2","chr19_35510252_35510378",340.074769268892,"+"
"FMR1","chr7_22813185_22822676",340.07141853952,"-"
"YTHDC1","chr19_35497538_35498597",340.03857436375,"-"
"RBM6","chr19_12951589_12952688",340.018410401534,"-"
"SETD1B","chr5_131162676_131165059",340.006221036474,"-"
"CPSF4","chr3_197142768_197194424",340.004859624455,"+"
"NIP7","chr21_25729801_25734852",339.99493462016,"+"
"SF1","chr3_183829709_183833491",339.980038251302,"+"
"SF1","chr6_36598983_36599820",339.972968573808,"-"
"LARP4B","chr12_112408656_112409405",339.962562480588,"-"
"LSM7","chr19_17517389_17520943",339.948715830315,"-"
"HNRNPM","chr3_28263380_28316332",339.946942532177,"+"
"ZC3H3","chr17_7016685_7017260",339.889923533226,"-"
"UPF1","chr20_31566295_31569119",339.871079715311,"+"
"CSTF2","chr3_187121328_187139212",339.870991024413,"-"
"MBNL2","chr14_103915189_103920939",339.859822915457,"-"
"SRRM1","chr17_48930612_48933204",339.836722851887,"-"
"TEP1","chr10_68958579_68959805",339.832479312404,"-"
"MEX3D","chr12_109088512_109092506",339.81791074097,"+"
"SNRPE","chr1_173864304_173865228",339.814246461071,"-"
"THUMPD1","chr12_123389182_123390629",339.794918145681,"-"
"SRBD1","chr14_94110797_94114850",339.764497430667,"-"
"RBM22","chr2_24068459_24074075",339.744681771383,"+"
"UPF1","chr8_109339390_109340490",339.730129805244,"-"
"EIF4H","chr11_83274740_83278725",339.727527915539,"+"
"RBM43","chr20_35739017_35740524",339.723941184748,"+"
"PSPC1","chr14_90397233_90400064",339.704570567377,"+"
"HNRNPA0","chr19_38382237_38383252",339.703841192263,"-"
"IGF2BP3","chr9_127714189_127714378",339.69278242149,"-"
"RBM42","chr8_100703359_100704279",339.692686433263,"-"
"SNRPD1","chr12_110492122_110496011",339.660939540926,"-"
"DHX8","chr20_36609758_36612009",339.649503330742,"-"
"PARN","chr3_180985996_180986997",339.642506599902,"-"
"LARP4","chr17_7016685_7017256",339.624229128188,"+"
"HNRNPD","chr20_62139197_62139695",339.623513365044,"-"
"SNRPF","chr16_81017834_81020099",339.620389276278,"+"
"PCBP2","chr18_10526158_10539761",339.614945641146,"-"
"ZC3HAV1","chr19_39433761_39435606",339.593451006083,"-"
"IREB2","chr20_17570211_17600737",339.574992979212,"+"
"YTHDF3","chr3_183829709_183840569",339.567505463721,"-"
"FXR1","chr5_177441053_177441736",339.547290483588,"+"
"YTHDF3","chr18_9476286_9512990",339.525808563607,"-"
"EIF3G","chr3_179588995_179593764",339.502527055931,"-"
"TOE1","chr5_163464802_163469640",339.480685983692,"-"
"FXR1","chr6_85677492_85677794",339.475560470951,"+"
"PARP10","chr1_63446856_63453917",339.447102270738,"+"
"RBM42","chr5_96740783_96741265",339.44610649945,"-"
"DNAJC17","chr2_237708630_237748363",339.435579237373,"-"
"YTHDC1","chr7_44799480_44801286",339.393989984487,"-"
"PNPT1","chr12_112446398_112450317",339.356629074952,"+"
"DNAJC17","chr19_1106266_1106399",339.353002889889,"+"
"ZNF638","chr17_6641100_6641752",339.352120682256,"-"
"ZFR","chr6_33272726_33275964",339.351623271711,"-"
"DUS3L","chr12_4543911_4548091",339.342553033134,"-"
"LARP1","chr20_45814470_45815389",339.33572756822,"-"
"ZCCHC17","chr19_55386693_55387934",339.329969830515,"-"
"KHSRP","chr3_197951311_197953487",339.303706112051,"-"
"HNRNPA0","chr12_56666266_56670274",339.275688976076,"+"
"THUMPD1","chr13_27445156_27450141",339.27236707493,"+"
"RBM10","chr12_54182623_54183655",339.258876610854,"+"
"RBM7","chr3_179588995_179592643",339.255372524036,"+"
"TRMT1","chr2_27442901_27443397",339.246722909172,"-"
"ZCCHC17","chr17_42570183_42571546",339.238967364759,"+"
"ZC3HAV1L","chr18_13671973_13681604",339.227646019849,"+"
"HNRNPH2","chr16_18788155_18788980",339.199164481839,"-"
"IGF2BP3","chr1_159961405_159976643",339.191248313156,"+"
"ALKBH8","chr9_124384656_124412351",339.176190776738,"-"
"ZRSR2","chr15_60386086_60397257",339.15415002879,"-"
"PUF60","chr3_197142768_197194424",339.150592179287,"+"
"CPEB4","chr1_203862226_203863662",339.150506979261,"-"
"GTF3A","chr3_186790064_186790141",339.097585725654,"+"
"GTF3A","chr4_55600575_55607436",339.082487253672,"-"
"FUBP3","chr5_96740118_96741265",339.081489574706,"-"
"RBM8A","chr16_634797_636093",339.047855493144,"-"
"ZFP36L2","chr8_15757855_15764202",339.040585307602,"+"
"EIF4H","chr7_6400188_6402315",339.038226870506,"-"
"PUM1","chr7_22813185_22822676",339.033491314678,"-"
"DKC1","chr19_40775833_40776968",339.024436582636,"-"
"SSB","chr7_73694050_73697604",339.023953310725,"+"
"RBPMS","chr1_67424977_67425082",339.019043678793,"-"
"MEX3D","chr19_41957119_41958735",339.01775663362,"-"
"FUBP1","chr2_218228850_218245419",339.009039919982,"-"
"TMEM63A","chr7_16799817_16804952",338.999269509934,"-"
"ZRSR2","chr11_130110661_130117796",338.999104298659,"-"
"FUBP1","chr20_45253147_45253574",338.97240596527,"-"
"PABPC4","chr17_7577916_7578341",338.951998673031,"-"
"PABPN1","chr3_98881767_98892496",338.926321899099,"-"
"EIF3G","chr19_1438892_1440025",338.91852968515,"-"
"SRRM1","chr15_74926887_74937914",338.914449999602,"-"
"SRRM2","chr12_117041994_117049018",338.903771361403,"-"
"TTC14","chr19_1105790_1106241",338.899331716963,"-"
"ZCCHC17","chr3_108050598_108051938",338.874284370033,"-"
"MBNL2","chr1_153626533_153632033",338.856976311171,"-"
"KHDRBS1","chr6_136383781_136388392",338.856718977032,"+"
"PARP12","chr1_228148284_228148370",338.854101457056,"-"
"ZC3H15","chr19_38290280_38290536",338.847966092799,"+"
"TIPARP","chr2_200306601_200329430",338.84120387509,"-"
"PUF60","chr12_66138165_66138723",338.834214576512,"-"
"HNRNPA3","chr13_30463694_30465795",338.833047128766,"+"
"LSM7","chr9_137615000_137615096",338.824176985171,"-"
"SAMD4B","chr5_142137858_142140562",338.810942728037,"+"
"HNRNPA0","chr15_58894193_58894432",338.803734093182,"+"
"LSM7","chr7_99359738_99365890",338.803245551942,"-"
"ZFP36L2","chr19_18250466_18252063",338.78871952433,"-"
"U2AF2","chr20_508660_543671",338.784764983273,"+"
"LARP6","chr6_18263996_18264384",338.781675871142,"+"
"PDCD11","chr2_169819643_169821942",338.770339411428,"-"
"RBM45","chr12_120198634_120198853",338.758208285003,"-"
"LARP7","chr9_19379599_19380189",338.719178768651,"-"
"TNRC6A","chr12_109088512_109090008",338.717947927104,"+"
"SNRPD2","chr20_31739621_31742540",338.709439537293,"-"
"RBM8A","chr14_21372044_21373337",338.672487214424,"+"
"TMEM63A","chr12_117039210_117041887",338.662553433871,"-"
"PABPN1","chr17_5426299_5432541",338.658387851932,"-"
"RBPMS","chr2_131492024_131492719",338.655030481467,"-"
"NIP7","chr5_96729725_96730779",338.6216934703,"+"
"CSDE1","chr6_116571655_116580294",338.613500273557,"+"
"DUS3L","chr2_186502552_186504031",338.611739513769,"-"
"SNRPB2","chr7_73835002_73840030",338.592363177293,"+"
"LARP6","chr17_82236872_82260898",338.581140435443,"-"
"ZFP36L2","chr16_66552793_66565885",338.564166440539,"-"
"G3BP2","chr1_53228954_53233541",338.554098977301,"+"
"MBNL1","chr19_38290575_38304374",338.551901022082,"-"
"ZC3H14","chr5_149513209_149520289",338.546013984183,"-"
"HNRNPA3","chr11_66055315_66055534",338.539935323043,"+"
"LARP4B","chr2_216500031_216529269",338.537727171743,"-"
"SETD1B","chr11_18081503_18086865",338.523030167792,"-"
"SAFB","chr3_119669665_119675144",338.521201594468,"+"
"RBM43","chr6_33416969_33417105",338.52044917973,"-"
"TUT1","chr17_36578192_36579244",338.489190346273,"+"
"ZC3H18","chr10_118336423_118342269",338.448790829096,"+"
"YTHDC2","chr19_17859974_17862093",338.444292069334,"-"
"ZC3H4","chr19_44794281_44800178",338.443215932231,"-"
"CPSF6","chr4_107825253_107858471",338.433938797811,"+"
"SNRPC","chr10_94546498_94554125",338.433766474996,"+"
"CARHSP1","chr6_132816563_132816959",338.408588836471,"+"
"RBM6","chr7_100871721_100873171",338.38202417539,"-"
"NONO","chr15_74926887_74937914",338.349914409316,"-"
"SNRNP70","chr12_54182623_54183655",338.348653349093,"+"
"G3BP1","chr14_94114880_94115789",338.32539083186,"-"
"PABPN1","chr9_35813367_35813444",338.324606001353,"-"
"LENG9","chr5_177332269_177334283",338.310938461515,"+"
"ZC3HAV1L","chr1_53228954_53233541",338.296595955054,"-"
"KHDRBS1","chr9_35725727_35732074",338.26804355426,"+"
"ZFP36L1","chr6_43054486_43058064",338.248966530982,"-"
"HELZ","chr5_69175537_69177238",338.238095750901,"+"
"POLDIP3","chr5_77705634_77708241",338.228409412719,"-"
"TMEM63A","chr12_76060279_76074202",338.209538367399,"-"
"THUMPD1","chr8_51820718_51831443",338.204389460021,"+"
"SNRPE","chr5_82277852_82278319",338.164295298097,"+"
"CSDE1","chr2_130181797_130182626",338.136521654968,"-"
"LARP1","chr12_56160320_56162263",338.135518181603,"-"
"TARDBP","chr5_171400210_171405301",338.127380166902,"-"
"HNRNPA1","chr19_40775669_40776968",338.09894908318,"-"
"MEX3D","chr1_153561591_153565505",338.086532729944,"-"
"ZC3H4","chr19_1272051_1274306",338.083032147826,"+"
"RBM39","chr5_157817547_157858929",338.078357153251,"+"
"RBM38","chr12_76053110_76053832",338.000999241683,"-"
"DUS3L","chr7_44800543_44801286",337.99058585017,"-"
"AKAP1","chr10_80155912_80157966",337.938648571285,"-"
"RBM42","chr4_2930876_2931060",337.931663423852,"-"
"SPEN","chr8_100948900_100953268",337.92899994704,"-"
"ZRSR2","chr1_42667440_42675366",337.919720803322,"-"
"HNRNPA0","chr5_96727530_96729611",337.90698049348,"+"
"LARP1","chr13_72781003_72781604",337.896784104752,"+"
"RBM4B","chr19_14565290_14565743",337.887182764334,"-"
"RBM4B","chr3_157150381_157152176",337.887017713323,"-"
"FUBP1","chr11_61965105_61965368",337.88171870737,"-"
"PTBP2","chr6_149802416_149810615",337.817935422043,"+"
"SUPT6H","chr6_43055618_43055896",337.816753469823,"+"
"RBM12","chr7_99458355_99460085",337.757369239723,"-"
"CSDE1","chr6_10751234_10755141",337.730109979467,"+"
"RBM6","chr9_93110721_93112217",337.713854559919,"+"
"CSDE1","chr3_127695190_127721052",337.704828955257,"+"
"GRSF1","chr7_92244149_92244901",337.695933387367,"+"
"TRA2A","chr2_237720822_237748363",337.679415023152,"+"
"ZCRB1","chr8_61643433_61644599",337.642001898861,"-"
"PRPF3","chr12_55726260_55726699",337.626752683996,"-"
"FXR1","chr10_104259798_104266083",337.600591047215,"-"
"RBM45","chr17_6641227_6642248",337.575226588005,"-"
"RBM27","chr2_206161132_206161345",337.560164715009,"-"
"YTHDF3","chr15_84655404_84657175",337.546256801646,"-"
"TMEM63A","chr20_17570211_17600737",337.516980137193,"+"
"EWSR1","chr17_5426082_5426235",337.509091925719,"+"
"HNRNPM","chr11_102520804_102524935",337.487724143292,"+"
"ZFR","chr19_58388245_58392975",337.476076112987,"+"
"MEX3D","chr14_24143671_24144191",337.454219282642,"-"
"RBM43","chr2_237527516_237540347",337.451841662576,"-"
"RBM28","chr17_47151936_47154671",337.451832893482,"+"
"RBM14","chr7_27817038_27827737",337.422414516728,"+"
"HNRNPM","chr19_36114066_36114176",337.419272524207,"+"
"ZFP36L2","chr11_72755142_72755700",337.365917715427,"+"
"RNPC3","chr1_46309127_46316551",337.342441597307,"-"
"TARDBP","chr3_180985996_180988022",337.313981464803,"+"
"ZCRB1","chr11_532755_533452",337.302363785127,"+"
"EIF3B","chr5_96727530_96729611",337.279629596699,"-"
"CSTF2","chr3_158704927_158710737",337.273862792406,"-"
"HNRNPM","chr1_153543922_153544653",337.249683393134,"-"
"EIF3G","chr4_48899925_48904483",337.234515311386,"+"
"RBM10","chr11_2979237_2992253",337.232149217272,"+"
"SF1","chr12_117039210_117049018",337.230013968734,"-"
"CPSF6","chr11_34651805_34656910",337.200652792821,"-"
"G3BP2","chr11_63583102_63590099",337.199322860149,"-"
"TRA2A","chr12_4546418_4548091",337.172848611272,"+"
"ZC3H12C","chr15_50707874_50722123",337.100557471927,"-"
"RNPS1","chr11_16744684_16752784",337.090925064655,"-"
"ZFR","chr8_66922114_66922613",337.086719643073,"-"
"ZC3H15","chr10_130179420_130180112",337.078071127207,"+"
"CARHSP1","chr16_2240145_2246858",337.073798769933,"-"
"KHSRP","chr7_74189918_74194740",337.027871101393,"+"
"MKRN2","chr12_110492122_110496011",337.025271392878,"-"
"CARHSP1","chr2_27772692_27774423",337.020753052322,"+"
"RBM4B","chr7_73697516_73697604",337.014019233849,"-"
"ZC3H12A","chr9_128268524_128273849",337.007832371229,"-"
"EIF4B","chr12_53034724_53037408",336.957536424878,"-"
"SLTM","chr16_634797_635280",336.951715024155,"+"
"PARP10","chr6_27138681_27146015",336.950928250002,"-"
"KRR1","chr19_1272051_1274306",336.942605189356,"-"
"RBM8A","chr5_69177349_69177523",336.940786729842,"+"
"SLTM","chr3_98822361_98849461",336.898909188438,"-"
"RC3H2","chr6_159797549_159798051",336.887117671108,"-"
"RBM43","chr2_187478803_187484123",336.864463907394,"-"
"RBM15B","chr12_52243137_52248176",336.855665894139,"+"
"MYEF2","chr9_93110721_93112217",336.839151848241,"-"
"RBM12","chr16_18788159_18788980",336.826875482342,"-"
"AKAP1","chr22_15788931_15790660",336.818689618562,"-"
"RNPS1","chr19_35505765_35505938",336.803689128542,"-"
"LARP4","chr1_203862222_203863662",336.799174586218,"-"
"ZCRB1","chr17_49701510_49702857",336.795256219861,"+"
"SRBD1","chr2_237749324_237751199",336.724853310124,"-"
"NIP7","chr18_36787079_36798448",336.720303517188,"+"
"CSTF2T","chr1_53928435_53930038",336.706740355934,"-"
"CPSF7","chr17_41689069_41690087",336.704550803404,"-"
"NCL","chr10_100983817_100986748",336.700700715983,"+"
"SRRM2","chr11_62833131_62833791",336.673778081646,"-"
"TNRC6A","chr2_237708630_237719522",336.639138187641,"-"
"HNRNPA3","chr2_3545840_3547930",336.634869040296,"-"
"TIA1","chr19_10110866_10110944",336.610984791726,"+"
"TRA2A","chr20_50084254_50113106",336.598327465497,"-"
"SSB","chr5_140300582_140303040",336.581743506407,"+"
"ASCC1","chr17_9378653_9491828",336.54610501815,"+"
"SF1","chr20_17570211_17600737",336.537476669538,"+"
"LARP6","chr19_15831356_15835217",336.53722834043,"+"
"G3BP1","chr5_149520388_149525044",336.524478059701,"+"
"RBM26","chr3_180985996_180988022",336.508866911918,"-"
"MATR3","chr1_153990802_153990913",336.486764014371,"-"
"PUF60","chr1_183633152_183635516",336.447599251901,"-"
"IREB2","chr10_71822007_71825836",336.426814594813,"+"
"LSM7","chr19_18250466_18252063",336.426681879079,"-"
"ZC3HAV1","chr8_144099199_144099276",336.390207545474,"-"
"A1CF","chr10_128119319_128122880",336.366496410047,"+"
"HNRNPA0","chr15_63042943_63043705",336.347131911701,"-"
"LARP6","chr9_128268524_128273849",336.346770767855,"+"
"SPEN","chr8_61661926_61680967",336.276507751191,"+"
"SNRPD2","chr7_44799874_44801286",336.272153618557,"+"
"CPSF6","chr7_140697391_140702865",336.263154251197,"-"
"RBM38","chr11_5233092_5233990",336.250170430369,"+"
"SNRNP70","chr15_60347580_60349074",336.227945432251,"-"
"SF3A1","chr11_31453092_31456259",336.225872281224,"-"
"G3BP1","chr12_102013192_102025973",336.207351369045,"+"
"THUMPD2","chr11_88326443_88334936",336.167408428606,"-"
"RBMX","chr2_218239484_218249363",336.156290020032,"-"
"TRNAU1AP","chr9_98005153_98011273",336.150374512974,"-"
"KHDRBS1","chr3_98820288_98822668",336.147044031777,"-"
"PPARGC1B","chr8_33041743_33044366",336.140686072484,"-"
"MEX3D","chr19_47781388_47784405",336.134885113167,"-"
"PRR3","chr15_58901287_58916934",336.116600933115,"-"
"MSI2","chr3_12836223_12839348",336.111143417242,"+"
"LARP4B","chr7_30500681_30504568",336.108022480093,"+"
"RBMXL1","chr2_152694622_152714549",336.076855570892,"-"
"THUMPD3","chr8_144412946_144413512",336.067992279973,"-"
"SF1","chr3_196296069_196306942",336.059991124215,"+"
"YTHDF1","chr19_41864267_41869030",336.049594491511,"-"
"SSB","chr1_92837633_92840550",336.024276123664,"+"
"RBM42","chr1_119743044_119743885",336.004043252596,"+"
"PABPC1","chr8_144790470_144791439",335.994126969962,"-"
"RBM42","chr19_35509961_35510183",335.992688705593,"+"
"TRNAU1AP","chr19_35500029_35500532",335.991412938656,"+"
"IREB2","chr15_63048707_63056984",335.966778576906,"-"
"PDCD11","chr2_3545871_3547930",335.94227978778,"+"
"RBM8A","chr15_84680832_84687624",335.931786144994,"-"
"RBM14","chr6_3264325_3267590",335.907192649144,"-"
"PCBP4","chr17_42950728_42954875",335.899866327636,"-"
"DHX8","chr20_62387088_62387320",335.879974716869,"-"
"SRRM1","chr1_228148284_228148370",335.84302182569,"-"
"SSB","chr11_62833131_62833791",335.832816395742,"-"
"L3MBTL3","chr9_124861555_124862126",335.824871282495,"-"
"IGF2BP3","chr19_29942664_29971192",335.747731580548,"+"
"PNPT1","chr1_159965645_159976643",335.739977428591,"+"
"HNRNPA2B1","chr19_44172952_44174983",335.727092299125,"+"
"NSUN6","chr8_109339390_109340490",335.724462112288,"-"
"DHX8","chr18_2954599_2956015",335.716964194096,"-"
"ZCRB1","chr8_101199239_101201606",335.691477727696,"-"
"TRNAU1AP","chr1_155319688_155320408",335.684609760566,"-"
"ZFP36L2","chr12_57748617_57749181",335.684395061391,"+"
"HNRNPA2B1","chr20_49280020_49280484",335.678180617956,"-"
"PARN","chr15_63042943_63044026",335.678128544884,"+"
"PABPC4","chr11_102520804_102523353",335.668511122499,"-"
"HNRNPK","chr19_18571909_18573292",335.616994248047,"-"
"RBM12","chr2_86207327_86210479",335.616034557759,"+"
"DNAJC17","chr6_29725306_29725446",335.606781093935,"+"
"PPIL4","chr6_2837999_2840418",335.591054111291,"-"
"DNAJC17","chr19_43508864_43526514",335.572766655357,"-"
"HNRNPA3","chr2_177212871_177215538",335.571425130054,"+"
"CIRBP","chr6_79201726_79202316",335.560380022005,"+"
"DHX8","chr8_38264604_38266140",335.53561055064,"+"
"SF1","chr5_65542848_65551105",335.522951379782,"-"
"GRSF1","chr2_47379054_47379149",335.503750515414,"-"
"SNRPD2","chr6_18258062_18263842",335.50252595599,"-"
"PNPT1","chr19_5896650_5896904",335.501840379526,"-"
"CIRBP","chr20_35739017_35740823",335.495384086321,"-"
"SLTM","chr12_122511188_122515104",335.473213864383,"+"
"SRRM1","chr2_165770808_165794014",335.472170638775,"+"
"CPSF4","chr12_53027919_53028014",335.45888624531,"-"
"MEX3D","chr11_2979237_2989128",335.451499379726,"-"
"TIPARP","chr3_73064146_73064851",335.450819557764,"+"
"RBM12","chr10_104062329_104063746",335.450184992861,"+"
"SNRPF","chr4_55605349_55607436",335.44884878496,"-"
"ZRANB2","chr2_73957240_73958145",335.446824650713,"-"
"CSTF2T","chr14_90398488_90400064",335.445601079392,"-"
"RBM28","chr22_41677132_41680243",335.431571504828,"-"
"HNRNPA1","chr14_64926080_64932137",335.41680490818,"+"
"TIA1","chr19_41861212_41864173",335.412123732605,"-"
"RBM12","chr15_29800702_29820526",335.378204550793,"-"
"FUS","chr5_181237719_181239486",335.374866499441,"-"
"YTHDC1","chr17_82058416_82058780",335.347763791407,"+"
"POLDIP3","chr6_159797369_159798051",335.340668682071,"+"
"SF1","chr14_35402663_35402770",335.327577864491,"+"
"FUS","chr18_79968183_79970439",335.302192811133,"+"
"ZFP36L2","chr1_23693913_23695797",335.29893339468,"-"
"POLDIP3","chr12_56159622_56159974",335.285849595731,"-"
"SRRM2","chr12_104988253_104994477",335.276282494937,"-"
"CARHSP1","chr4_55605349_55607436",335.276032281198,"-"
"ZFR","chr13_27445156_27450141",335.274137565178,"+"
"TRMT1","chr4_48897857_48904483",335.251005041015,"+"
"PARN","chr9_136993664_136993765",335.250449821782,"-"
"NOL8","chr19_17517389_17520943",335.217041952016,"-"
"SNRNP70","chr20_13808902_13816462",335.154029982456,"+"
"LARP7","chr10_38017386_38054377",335.147918407653,"+"
"LARP4B","chr19_3453916_3456549",335.146215270164,"-"
"SSB","chr3_187121328_187127998",335.142840242418,"+"
"IGF2BP2","chr7_44834562_44835642",335.119555466858,"-"
"PCBP2","chr4_39323417_39326562",335.117389075543,"+"
"PUM2","chr5_139600435_139623367",335.102589032793,"-"
"FUS","chr6_138406033_138412879",335.065306078652,"-"
"ZC3H14","chr9_19378514_19378824",335.058086290321,"-"
"HTATSF1","chr15_34227846_34228428",335.056788719508,"+"
"RBM22","chr6_31835451_31837235",335.008097645938,"-"
"SART3","chr11_1836861_1836956",335.007871302633,"+"
"SNRPB2","chr4_82355401_82356795",334.998563582771,"+"
"LARP4","chr3_111920419_111939474",334.991461865998,"-"
"THUMPD3","chr12_53665428_53666820",334.97438883602,"-"
"SRRM2","chr20_18567596_18569238",334.97367078876,"+"
"TOE1","chr4_55609179_55630401",334.963412448726,"-"
"RBM6","chr1_155521618_155562778",334.953712795892,"+"
"POLDIP3","chr3_98867438_98881539",334.933272637366,"-"
"PDCD11","chr1_212608930_212615017",334.928165679601,"+"
"MEX3D","chr19_2271954_2272804",334.922559964407,"-"
"LSM7","chr8_144098989_144099080",334.892154056426,"-"
"PPIL4","chr1_154990528_154992712",334.880509801489,"+"
"NIP7","chr1_151986251_151993751",334.870811203941,"+"
"HNRNPAB","chr5_61161227_61162216",334.856902057146,"+"
"L3MBTL3","chr11_62833131_62833617",334.84597078392,"-"
"RBMX","chr9_93110721_93112217",334.833881636664,"-"
"RBM25","chr2_3545871_3547930",334.817091390749,"+"
"TRNAU1AP","chr12_6849198_6849322",334.776860448031,"+"
"THUMPD1","chr12_52237717_52238679",334.77266984338,"-"
"THUMPD1","chr4_153397333_153408970",334.770693390557,"+"
"HNRNPM","chr12_27724186_27735446",334.770489897881,"+"
"SETD1A","chr10_63215455_63215548",334.726803164847,"-"
"THUMPD1","chr2_111429620_111494884",334.712317382288,"+"
"ZC3H13","chr19_3452666_3456549",334.711107403141,"+"
"FXR1","chr7_26192338_26192494",334.700742195081,"-"
"FUBP3","chr18_13671973_13681604",334.683554207581,"+"
"HNRNPH2","chr2_177217845_177219036",334.623381907482,"+"
"RBM38","chr12_132701369_132704618",334.60018752058,"+"
"RBM39","chr15_58894193_58894432",334.596417003311,"+"
"GRSF1","chr19_36114713_36114797",334.588371816309,"+"
"RBM42","chr9_136850137_136850505",334.587779086198,"+"
"SETD1A","chr16_66932550_66932779",334.583376393933,"-"
"ZFP36L1","chr12_76049250_76049755",334.577907665942,"+"
"TNRC6A","chr19_35500029_35500532",334.573712781689,"+"
"SF1","chr6_143165183_143284109",334.553411230332,"+"
"HNRNPA3","chr7_150803832_150804361",334.549081114022,"+"
"CSTF2","chr11_31433570_31456259",334.546502268129,"+"
"RNPS1","chr4_2930876_2931060",334.545403035878,"+"
"TTC14","chr2_46591925_46592474",334.537510229945,"-"
"DKC1","chr14_24217223_24218058",334.535553789055,"-"
"PPIL4","chr15_59272449_59372497",334.515265786351,"+"
"CSDE1","chr12_102019371_102025973",334.510190207721,"-"
"HTATSF1","chr12_124913092_124913320",334.505925993876,"-"
"CPSF6","chr1_173864304_173865470",334.487877444253,"+"
"HNRNPA3","chr8_98042775_98045346",334.486644235725,"-"
"CHERP","chr12_120497894_120498072",334.457781284874,"-"
"SAMD4A","chr14_55601880_55612018",334.45274439312,"-"
"SNRPD1","chr16_4343291_4351231",334.441421645896,"+"
"G3BP1","chr19_35505986_35508204",334.439534926949,"-"
"LARP6","chr4_78604399_78610055",334.391854063957,"+"
"CPSF4","chr3_157150381_157152176",334.390227991249,"-"
"RBM6","chr3_49022768_49022877",334.379071023741,"+"
"SF3A1","chr19_16076697_16081912",334.346322122507,"+"
"SRBD1","chr12_53295941_53296218",334.318706430304,"-"
"ZRANB2","chr5_135343434_135345967",334.306364200672,"+"
"HNRNPH2","chr3_149375588_149375679",334.271175573326,"+"
"TNRC6A","chr19_35509961_35510183",334.26432737424,"+"
"ZRANB2","chr20_45471417_45479941",334.2233228839,"-"
"DNAJC17","chr8_144098994_144099276",334.205210384016,"-"
"RBM45","chr19_32581700_32582194",334.19231264341,"-"
"EIF3B","chr3_158602939_158605096",334.188038776288,"+"
"HNRNPK","chr2_86170844_86171207",334.182050586808,"+"
"KHSRP","chr9_136862496_136862905",334.175987591432,"+"
"RBM27","chr2_147845207_147896300",334.175315554062,"-"
"TIAL1","chr21_44967181_44976679",334.169128591215,"+"
"RC3H2","chr20_37236709_37241307",334.166117319312,"-"
"GRSF1","chr1_44776714_44777613",334.153585925724,"-"
"ZRSR2","chr11_31433570_31456259",334.143759875812,"-"
"EIF3G","chr6_33276066_33276175",334.137456155248,"+"
"HNRNPC","chr7_23301017_23309355",334.098692182582,"-"
"SSB","chr9_124858067_124858457",334.070050208194,"-"
"TIAL1","chr11_75402446_75404671",334.052233746396,"-"
"ZC3H4","chr2_197500439_197503038",334.020053897086,"-"
"KHSRP","chr9_37588932_37592411",333.962824786526,"+"
"TRA2A","chr20_16044639_16049829",333.94297231965,"+"
"KRR1","chr9_97675587_97684922",333.913938040707,"+"
"PARP10","chr2_26034735_26093590",333.893904423174,"+"
"EIF3G","chr8_79919148_80030035",333.878686180424,"-"
"ZRANB2","chr10_101608937_101609366",333.877315425516,"+"
"PTBP2","chr9_73165209_73166096",333.87145388308,"+"
"LENG9","chr9_137615000_137615053",333.85537771766,"-"
"SNRPC","chr3_149375588_149375679",333.841381422448,"-"
"TRMT1","chr17_68255876_68256813",333.840644885794,"+"
"THUMPD1","chr4_55600575_55607436",333.834149054558,"-"
"EIF3B","chr12_52245632_52251776",333.829265553786,"-"
"CPSF6","chr1_203862222_203865040",333.813666287914,"-"
"ZC3H7B","chr8_73959818_73972076",333.810350634043,"+"
"ZCRB1","chr1_153626533_153627482",333.807653888967,"+"
"FMR1","chr19_10180234_10180349",333.807150288763,"-"
"IGF2BP3","chr4_184429070_184474378",333.79093595198,"+"
"RBM4B","chr1_32627544_32631826",333.78540644418,"+"
"ZC3H7A","chr11_65538182_65538269",333.766826870553,"+"
"G3BP2","chr10_100983817_100986748",333.753197124313,"+"
"NCL","chr7_56054503_56055623",333.752310730651,"+"
"SNRPD1","chr17_51170049_51171504",333.737613645721,"-"
"PRPF3","chr5_134374463_134388324",333.709878448056,"-"
"NONO","chr8_143580632_143581053",333.707186616137,"-"
"EIF3B","chr17_7857198_7857382",333.703637857824,"-"
"SNRPG","chr2_231708751_231711347",333.685361828919,"+"
"KHSRP","chr13_75604827_75605728",333.682375694384,"+"
"PARP12","chr10_29658068_29658938",333.673238536231,"-"
"HNRNPA1","chr8_56216531_56217330",333.650281287704,"+"
"LARP4B","chr6_43055618_43055896",333.649317192305,"+"
"ZC3H13","chr7_103324562_103326542",333.646386997878,"+"
"ZC3H18","chr5_73499147_73504346",333.592117516321,"-"
"HNRNPA3","chr11_59853321_59854651",333.588735253193,"+"
"CSTF2","chr5_122827459_122827574",333.565864863881,"+"
"MEX3C","chr1_153619038_153620520",333.53368998783,"-"
"DHX57","chr19_43508060_43511436",333.508924410109,"-"
"IGF2BP2","chr2_169805839_169806788",333.502201473405,"-"
"SNRPD2","chr1_7970963_7977651",333.490465220263,"+"
"PABPC1L","chr14_94114880_94115858",333.476211069756,"-"
"YTHDC1","chr13_72778380_72780845",333.471630244395,"+"
"PABPC1","chr7_99458355_99460085",333.471459838285,"-"
"DUS3L","chr8_56304084_56305596",333.434710567218,"-"
"SNRPD2","chr6_26124749_26138053",333.42845720874,"+"
"HNRNPK","chr20_62387088_62387320",333.39156068144,"-"
"SFPQ","chr15_41349241_41351032",333.359724099694,"+"
"RBM39","chr5_112887183_112902379",333.356740031441,"-"
"RNPC3","chr5_69372217_69373829",333.341515665991,"+"
"TOE1","chr7_141010660_141014910",333.333079194698,"-"
"LENG9","chr8_73964625_73972244",333.30667069663,"-"
"MBNL1","chr13_31143923_31145562",333.292145150745,"+"
"HELZ","chr17_7017014_7017260",333.276909229835,"-"
"CCAR1","chr21_32601973_32602271",333.270321804852,"+"
"CHERP","chr17_44212006_44212818",333.266577802473,"-"
"CSDE1","chr2_84906117_84906270",333.266030283227,"-"
"RBMX","chr2_231711419_231712442",333.264727631655,"-"
"PTBP1","chr17_44212006_44212818",333.206963916185,"+"
"NCL","chr11_62433891_62535002",333.206553690403,"-"
"SNRPB2","chr2_223765350_223775900",333.197619458489,"+"
"ZC3H6","chr15_50707874_50722123",333.188243760542,"-"
"TRA2A","chr4_82359639_82371527",333.176838557642,"+"
"CIRBP","chr16_89873859_89883350",333.176016093202,"+"
"PRPF3","chr3_172755374_172756982",333.173084525238,"+"
"TRMT1","chr11_64245287_64245669",333.170809209904,"-"
"PTBP1","chr17_42998831_43002672",333.168723412501,"-"
"HNRNPM","chr8_56301573_56305596",333.163838940085,"+"
"EIF3G","chr14_22833482_22834171",333.144594161147,"+"
"CIRBP","chr2_171712826_171715327",333.134032817299,"-"
"SETD1B","chr1_224365991_224371329",333.133921131033,"-"
"HNRNPA3","chr11_93736751_93737063",333.132235920515,"+"
"PABPN1","chr5_32591685_32601004",333.120219006503,"-"
"TOE1","chr9_93110721_93112217",333.118318272304,"+"
"CSDE1","chr1_165649964_165651977",333.106777626857,"-"
"RBM43","chr2_231710584_231711347",333.089321931213,"-"
"HDLBP","chr19_35497681_35498715",333.068804443368,"+"
"NOL8","chr1_53228954_53235576",333.050200384139,"+"
"HNRNPAB","chr13_19633961_19642114",333.029627893307,"+"
"EIF4B","chr2_175179135_175180097",333.015530863932,"-"
"G3BP2","chr16_18788142_18788980",333.01187821342,"+"
"PCBP4","chr17_7016685_7017256",332.992592238865,"-"
"ZCRB1","chr19_1106459_1106539",332.988489571058,"+"
"NSUN6","chr14_105479493_105488165",332.977179783223,"-"
"DUS3L","chr19_44793620_44794106",332.963765623031,"-"
"G3BP2","chr3_158704927_158713796",332.962850122752,"-"
"TRNAU1AP","chr16_56434829_56439656",332.959327891659,"+"
"HNRNPH2","chr2_73927052_73958145",332.943379279219,"-"
"ALKBH8","chr13_60112186_60163586",332.874471905124,"-"
"LARP4","chr10_90894891_90895453",332.868030202764,"+"
"ZCRB1","chr17_51170049_51171504",332.838511585443,"-"
"SNRPE","chr19_35505986_35508204",332.835883662644,"+"
"MKRN2","chr19_58388245_58393358",332.801918034856,"-"
"UPF1","chr5_133993018_134004646",332.788269238347,"+"
"LARP4","chr12_101726404_101728900",332.780107014033,"-"
"PABPC1L","chr20_56388202_56391942",332.776432484527,"-"
"TRA2A","chr10_118311313_118326153",332.775302581098,"+"
"FUS","chr2_200306922_200329430",332.735104704271,"+"
"A1CF","chr5_74770810_74773867",332.732699448959,"+"
"TEP1","chr8_100948900_100951455",332.702712734448,"-"
"TRA2A","chr18_9937066_9944923",332.70236927754,"-"
"IREB2","chr12_53295639_53296453",332.677756712578,"-"
"ALKBH8","chr19_35119251_35119362",332.671564918914,"-"
"RBM39","chr20_49094963_49096348",332.668406051495,"+"
"MBNL1","chr16_25175034_25178000",332.632472255335,"+"
"TRMT1","chr1_54212658_54216140",332.632130218167,"+"
"TIA1","chr6_109370467_109376073",332.616150466731,"+"
"DHX57","chr17_75574260_75574452",332.615977666583,"-"
"RBM10","chr19_45413745_45414860",332.601821423253,"-"
"ASCC1","chr8_85217502_85219235",332.59558797847,"+"
"GTF3A","chr2_169819643_169821942",332.592967930035,"-"
"PCBP1","chr17_73209768_73227164",332.586797075099,"-"
"SFPQ","chr4_48897857_48904483",332.561081413488,"+"
"PABPC1L","chr12_121903107_121915858",332.558572173789,"-"
"KHDRBS1","chr19_49687019_49688161",332.521187059936,"-"
"EIF4B","chr2_69788141_69825455",332.49990075676,"-"
"SART3","chr12_76068994_76074202",332.492949103329,"+"
"ZFP36L1","chr13_110641608_110642314",332.492485149943,"+"
"SF3B4","chr8_100948900_100953268",332.49173551326,"-"
"HNRNPM","chr17_42950728_42951799",332.484472186213,"+"
"RBM4","chr14_22565137_22567087",332.474290530453,"-"
"L3MBTL3","chr16_4796048_4796189",332.46885659635,"-"
"TNRC6A","chr19_41956890_41957017",332.442037173331,"-"
"DHX8","chr2_53787372_53794344",332.411203706227,"+"
"RBM26","chr17_75039271_75042180",332.361393936613,"-"
"HNRNPA3","chr10_32935558_32957237",332.324239542649,"-"
"PCBP2","chr12_79621207_79689728",332.322792825781,"+"
"EIF3G","chr19_38632463_38632600",332.28298187518,"-"
"EIF3G","chr3_114076942_114079905",332.278235220717,"+"
"TAF15","chr11_2989197_2992253",332.2683853615,"+"
"RBM42","chr11_62833131_62833791",332.264914371044,"-"
"ASCC1","chr18_9476286_9512990",332.26018684809,"-"
"DNAJC17","chr17_47151918_47154671",332.209797025158,"+"
"TRNAU1AP","chr1_31910112_31911695",332.206926652023,"+"
"CIRBP","chr6_35469529_35470178",332.13911461018,"+"
"RBM41","chr20_508660_543671",332.106934679915,"+"
"SNRPD2","chr16_18789118_18790309",332.103898241961,"+"
"ZC3H7A","chr16_11898035_11915368",332.094518199298,"+"
"ASCC1","chr5_96722718_96727488",332.081125184779,"-"
"PABPC1","chr12_56116799_56117197",332.075046911938,"-"
"CPEB3","chr20_35740597_35740823",332.05741624252,"+"
"PNPT1","chr17_42998831_43002672",332.046899302397,"-"
"PABPC4","chr15_92901299_92924320",332.037640774078,"+"
"RBM7","chr1_173864304_173865509",332.020633164086,"-"
"ZC3H14","chr10_94545907_94546376",331.982120305646,"-"
"DUS3L","chr5_176384283_176385220",331.978644770433,"+"
"PARP14","chr3_28263380_28316332",331.95130754516,"+"
"ZC3H3","chr2_46591925_46592474",331.944632370573,"-"
"TNRC6A","chr5_149513209_149520289",331.925276280098,"+"
"YTHDF1","chr9_137111754_137111872",331.913011835199,"-"
"PABPC1","chr3_160412084_160412325",331.901074874562,"+"
"DKC1","chr2_70288192_70289349",331.898354691368,"+"
"KHSRP","chr12_66138734_66145840",331.864445311565,"+"
"SNRPD3","chr15_69453020_69453333",331.863945933567,"-"
"SPEN","chr19_4324529_4325215",331.861980472304,"+"
"YTHDF1","chr10_29658068_29686552",331.830551980476,"+"
"ZC3H3","chr7_73692646_73697604",331.815381357367,"-"
"SF3A1","chr1_23694790_23695797",331.81472753957,"-"
"RBM39","chr1_156593555_156593944",331.807675557226,"-"
"TRMT1","chr8_96231621_96231773",331.794575024565,"-"
"CPEB3","chr1_6785575_6825091",331.788269759311,"+"
"NONO","chr1_159961405_159976643",331.769797097429,"+"
"G3BP2","chr7_27758133_27765833",331.718682747254,"+"
"SPEN","chr2_200378119_200389222",331.70816634992,"-"
"RBM7","chr11_64317132_64317263",331.699051697926,"-"
"CSTF2","chr2_27772692_27779432",331.671809653866,"+"
"GTF3A","chr11_134248484_134249166",331.66909052011,"+"
"PCBP2","chr2_210018221_210019668",331.658577339415,"-"
"RBM4B","chr4_55605349_55607436",331.656786433562,"-"
"PARP14","chr1_173864304_173865228",331.644732568777,"-"
"HNRNPK","chr7_6400188_6402315",331.629858586682,"-"
"RBM43","chr11_125626833_125629231",331.62624694869,"-"
"RBM12","chr9_108992819_109013301",331.625893833053,"-"
"CARHSP1","chr15_78880579_78886140",331.613236831412,"+"
"CPSF6","chr6_70395043_70395229",331.610581207226,"-"
"ZC3H12C","chr1_2588625_2588953",331.601416829615,"+"
"TMEM63A","chr12_71138230_71139710",331.543259199595,"+"
"THUMPD1","chr17_51170041_51171486",331.515377780724,"-"
"TTC14","chr17_82036308_82036413",331.514721370706,"-"
"LARP1","chr2_26034735_26098661",331.513742054954,"+"
"ZNF239","chr11_3001248_3001969",331.500515358322,"-"
"RBM39","chr8_97691188_97699753",331.481726257668,"+"
"PABPC1","chr5_49601272_49602112",331.4505670861,"-"
"PTBP1","chr15_84655404_84657175",331.443749524663,"-"
"PUM1","chr19_12676142_12677107",331.442915682849,"+"
"TMEM63A","chr1_154992786_154992901",331.434340198815,"+"
"SNRPD2","chr5_150447735_150449702",331.412338631013,"+"
"KHDRBS1","chr17_41525273_41527920",331.39007115862,"-"
"KHSRP","chr8_73959818_73972244",331.376914299392,"-"
"SNRPE","chr19_44793620_44794106",331.347026946089,"-"
"RBM27","chr17_81239943_81240986",331.329708985487,"-"
"ZC3H7B","chr4_82356683_82356795",331.319424086598,"+"
"ANKHD1","chr3_98849598_98901121",331.312879416404,"-"
"HNRNPA1","chr10_128113602_128116490",331.292386331179,"-"
"ZC3H4","chr11_134248484_134249166",331.289444685397,"+"
"EIF2S1","chr6_36598983_36601151",331.287650968066,"+"
"RBM5","chr8_79919148_80002998",331.280699260746,"-"
"TMEM63A","chr2_74135658_74145188",331.274918404541,"-"
"PPARGC1B","chr3_143012373_143014310",331.274418968329,"-"
"FMR1","chr17_41525273_41527920",331.267843997346,"-"
"HNRNPA0","chr5_135335141_135343259",331.165923968236,"+"
"CPSF7","chr11_111882598_111883770",331.162658430043,"+"
"CPSF6","chr17_81893614_81894466",331.157778801958,"+"
"HNRNPD","chr7_141010660_141014910",331.150531628895,"-"
"PUM1","chr1_171512200_171513000",331.12635071934,"-"
"ASCC1","chr11_66436909_66437103",331.121381197422,"-"
"RBM5","chr1_155186209_155186729",331.119609147245,"-"
"EIF3G","chr19_55388048_55391553",331.116559639938,"-"
"RBM15B","chr5_131159611_131162063",331.115459226139,"-"
"RBM43","chr1_35605308_35609245",331.113429882516,"-"
"PTBP1","chr15_74923725_74926765",331.091424973268,"-"
"PPRC1","chr7_16795019_16799743",331.091370670934,"-"
"ZC3H7A","chr4_82355401_82356795",331.084602567332,"+"
"RBM6","chr6_26124749_26127697",331.045880102248,"+"
"HNRNPF","chr8_100705673_100706650",331.033373229637,"+"
"RBM7","chr2_200309090_200329430",331.029384109063,"-"
"TTC14","chr8_73955757_73955910",331.006296564035,"-"
"PTBP2","chr8_60558923_60584207",330.987884160871,"-"
"TIAL1","chr4_82425667_82426036",330.983936784438,"-"
"PABPC1","chr8_67045960_67051229",330.973417726407,"+"
"NOL8","chr8_144098994_144099276",330.968868060601,"-"
"SNRPF","chr6_26124749_26138053",330.93400916902,"+"
"HNRNPD","chr10_73053590_73068845",330.889031838947,"+"
"GTF3A","chr19_2324912_2328386",330.883708828937,"-"
"SNRPD2","chr1_46309143_46310154",330.852299479964,"-"
"YTHDF3","chr19_9828064_9828326",330.84863899216,"+"
"FXR1","chr3_149371867_149375679",330.77919628339,"-"
"TRA2A","chr11_64224213_64224284",330.775685056473,"-"
"YTHDC2","chr15_78545764_78548789",330.746677165798,"-"
"SNRPD1","chr7_99458355_99459146",330.737744157372,"+"
"MBNL3","chr2_27071463_27071605",330.731779256802,"-"
"G3BP2","chr10_1005907_1007017",330.730052108503,"+"
"RBM41","chr19_38290575_38304374",330.728526367158,"-"
"TIPARP","chr17_75039271_75042180",330.725224576544,"-"
"SRRM1","chr1_165649964_165654278",330.676576869141,"-"
"CPSF7","chr2_200309090_200329430",330.675954600545,"-"
"TUT1","chr2_86170841_86171207",330.659271147251,"+"
"ZC3H13","chr17_17042971_17057635",330.63397979583,"-"
"SRRM1","chr8_61682483_61684038",330.625547084119,"-"
"SNRPD2","chr19_41860845_41861111",330.625176842424,"+"
"HNRNPM","chr10_21920963_21928505",330.621228994941,"+"
"HDLBP","chr10_29686651_29735754",330.616824233889,"-"
"RBM38","chr11_64320903_64321009",330.612026630073,"-"
"SART3","chr6_18258062_18258303",330.563548038925,"+"
"PARP14","chr15_74920442_74926765",330.532654023089,"-"
"HNRNPF","chr14_55601880_55612018",330.519619175509,"+"
"PABPN1","chr3_129171277_129171445",330.514273099041,"+"
"TOE1","chr11_319990_320112",330.503860593905,"-"
"CIRBP","chr16_634956_635280",330.495465644784,"-"
"KHSRP","chr19_18900449_18904770",330.488682747007,"+"
"RAVER2","chr3_193617285_193618868",330.487001549351,"-"
"SF3A1","chr16_89561598_89561717",330.447511436484,"-"
"SNRPC","chr1_154990528_154992712",330.41375231072,"+"
"TRNAU1AP","chr21_31659841_31666448",330.408232584313,"-"
"RBM42","chr1_153975905_153976692",330.389962561176,"+"
"TIPARP","chr11_532755_533452",330.38343661835,"+"
"CARHSP1","chr13_114282943_114286518",330.378696066834,"+"
"LARP7","chr6_43055618_43055896",330.371843834729,"+"
"LARP7","chr21_25729801_25735486",330.320666930827,"-"
"TIPARP","chr1_45591270_45602254",330.320317710661,"+"
"HNRNPK","chr18_21623089_21623747",330.311051975099,"-"
"YTHDF3","chr15_74929232_74937914",330.30931742734,"+"
"SNRPE","chr15_58898852_58899468",330.300342235617,"+"
"SNRPD1","chr2_73927052_73958145",330.264061500072,"+"
"ZFP36L2","chr11_72755142_72755700",330.262573106715,"+"
"LSM7","chr19_39433545_39433664",330.220087574428,"-"
"RBM39","chr11_2979237_2988076",330.219039959722,"+"
"RBMX","chr8_56301573_56305596",330.176112210369,"+"
"ZC3H4","chr1_53228954_53235576",330.159539716034,"-"
"HTATSF1","chr7_105063580_105066726",330.153083149657,"+"
"RBM28","chr16_1962656_1962735",330.147778723925,"+"
"PCBP2","chr17_82392534_82394330",330.135443700904,"-"
"SNRPG","chr2_131484218_131491465",330.109124021157,"-"
"PUM2","chr2_197501238_197501483",330.078468726091,"-"
"LENG9","chr20_38421098_38422086",330.074580971902,"-"
"THUMPD3","chr17_50737026_50740305",330.047693280648,"+"
"ALKBH8","chr6_3263759_3264208",330.040524678533,"-"
"MBNL2","chr3_108049651_108050577",329.999437564142,"-"
"RBM39","chr22_46297479_46308149",329.999321096943,"+"
"LEMD3","chr7_92131872_92134665",329.990015599421,"-"
"DGKQ","chr9_128152274_128153099",329.988573338634,"-"
"PARP14","chr8_100288267_100309866",329.979021866777,"+"
"MEX3A","chr12_49324037_49324230",329.955162444679,"+"
"TUT1","chr9_35684807_35685063",329.951350016715,"+"
"HNRNPF","chr18_49491445_49491531",329.944425970279,"+"
"G3BP2","chr20_50084254_50113106",329.941250265794,"+"
"TNRC6A","chr19_36114066_36114176",329.937634953164,"+"
"DAZAP1","chr19_4409759_4422565",329.930828937739,"+"
"HNRNPC","chr19_45413745_45413962",329.920636761475,"-"
"CSTF2","chr15_58898852_58899468",329.911554826502,"+"
"HNRNPF","chr10_32935558_32957010",329.894714799826,"-"
"IGF2BP2","chr5_74770810_74776603",329.841460132505,"-"
"RBM42","chr13_31143923_31145562",329.825347634454,"+"
"TIPARP","chr17_82392534_82394330",329.812642627452,"+"
"ZC3H14","chr12_10704148_10713210",329.80882384794,"+"
"RBM42","chr6_85619417_85622481",329.736185810666,"+"
"G3BP1","chr12_120694269_120694823",329.696138721557,"+"
"SF1","chr5_163464802_163469640",329.666537364877,"+"
"KRR1","chr12_27735556_27737538",329.661105877504,"+"
"ZC3H7B","chr14_35046628_35053277",329.642952399898,"-"
"SF1","chr5_163464802_163469640",329.641982272856,"+"
"SRRM2","chr19_54206462_54206611",329.635452700878,"-"
"HNRNPC","chr5_96722698_96726793",329.629935623654,"-"
"SNRPN","chr2_231710584_231711347",329.628109243693,"-"
"TDRKH","chr1_22086866_22089942",329.609190883733,"-"
"HNRNPK","chr19_44172952_44174983",329.607350979939,"+"
"EIF3G","chr18_79973856_79977597",329.590317788566,"+"
"RBM10","chr16_88858789_88859892",329.532725761361,"-"
"RBM28","chr2_237692521_237708543",329.479649699142,"+"
"THUMPD1","chr9_33998864_34011626",329.423676515228,"-"
"TOE1","chr20_16041278_16049832",329.418888555246,"-"
"SNRPC","chr11_17523267_17523418",329.412692507948,"+"
"RBM42","chr8_97699852_97706625",329.403547872837,"+"
"TRMT1","chr1_173864098_173864256",329.396259413611,"-"
"GTF3A","chr19_38815717_38815851",329.389843267306,"-"
"CSTF2T","chr8_38404506_38407361",329.377686836096,"-"
"ZC3H18","chr17_7857198_7857382",329.340472833602,"-"
"FXR1","chr3_108049651_108050577",329.335673656021,"-"
"HNRNPA1","chr7_26197732_26200571",329.329453194163,"+"
"RBM7","chr6_166934451_166938894",329.312643089293,"-"
"HNRNPA1","chr20_45471281_45479941",329.29983457309,"-"
"RBM6","chr3_133575115_133584001",329.277510904118,"+"
"ZNF74","chr6_34237317_34239292",329.257612240265,"-"
"NCL","chr1_205729621_205749956",329.243678185897,"-"
"RBM25","chr19_35121245_35123270",329.240830904193,"-"
"SNRPE","chr3_120596646_120601110",329.221454913513,"-"
"TTC14","chr2_130182452_130190468",329.190213792713,"-"
"CPEB2","chr6_27126462_27127263",329.187984160219,"-"
"HNRNPM","chr7_74664576_74689123",329.181012502729,"-"
"SNRPD1","chr2_55234962_55235412",329.175968055764,"-"
"RBM27","chr3_143021385_143021472",329.15994767756,"-"
"HNRNPA2B1","chr17_76735158_76735771",329.157394011963,"-"
"GRSF1","chr12_53306320_53306679",329.153653311392,"+"
"RNPS1","chr2_200419496_200439121",329.10328053231,"+"
"SRRM1","chr12_52898519_52898672",329.08943574015,"-"
"U2AF1L4","chr7_36419467_36420168",329.079815339357,"-"
"ZFP36L2","chr5_150446963_150447673",329.075741790894,"-"
"PUM2","chr13_110641603_110642314",329.055138613145,"+"
"NONO","chr9_19378511_19378707",329.039568909887,"-"
"DHX8","chr11_532755_533452",329.038015392069,"+"
"KHDRBS1","chr12_6944565_6945770",329.028990983285,"+"
"UPF1","chr16_88859972_88860910",329.008099880587,"-"
"CHERP","chr2_227340380_227352513",328.995975466111,"-"
"TARDBP","chr12_76059878_76060137",328.978154842311,"+"
"SNRPD3","chr8_73959818_73972076",328.969789646013,"-"
"LSM7","chr12_6975378_6983001",328.96304095179,"-"
"IGF2BP3","chr7_27758133_27769675",328.958319670903,"-"
"IGF2BP3","chr16_69711281_69714963",328.947280721839,"+"
"HNRNPC","chr5_149513209_149520289",328.944536419041,"+"
"EIF3G","chr19_35497681_35498715",328.90979699677,"-"
"TIPARP","chr12_52897618_52898678",328.902934196977,"-"
"THUMPD1","chr5_96730860_96736171",328.87772364347,"+"
"RBM5","chr1_67424959_67425082",328.861289386981,"+"
"NONO","chr2_73946906_73958145",328.818643266382,"+"
"TNRC6A","chr2_84906117_84906365",328.786589401717,"-"
"IGF2BP3","chr2_172498100_172501771",328.782506598608,"+"
"FUS","chr9_35684746_35685063",328.767403952823,"-"
"RBM43","chr13_49661208_49663056",328.762191355955,"+"
"RBM15","chr15_60386086_60396372",328.744959987195,"-"
"HELZ","chr8_144790763_144791276",328.742466282011,"-"
"RC3H2","chr2_169819643_169821942",328.740823376957,"-"
"CSTF2T","chr8_98042775_98044942",328.726643205691,"-"
"ZC3H11A","chr16_15867516_15873490",328.713928634198,"-"
"LENG9","chr12_102039975_102044104",328.713128368944,"-"
"PABPC1","chr7_92131872_92134172",328.710727855249,"+"
"ZC3H7B","chr9_35684746_35685063",328.686960952706,"-"
"HNRNPAB","chr13_27445156_27450141",328.685084152991,"+"
"RBM14","chr8_143575093_143575422",328.647057275771,"-"
"SNRPF","chr8_144790470_144791276",328.645533663295,"+"
"EIF3G","chr18_12712760_12724498",328.624002153125,"-"
"ZC3H7A","chr16_27225236_27226719",328.61786717546,"-"
"SNRPB2","chr11_47625741_47627079",328.600570094888,"+"
"SNRPG","chr8_144098989_144099080",328.582836178899,"-"
"NOL8","chr19_35505986_35507457",328.578960435333,"+"
"ZNF638","chr10_118336423_118342269",328.553788507191,"+"
"CARHSP1","chr15_84655404_84657175",328.550323088814,"-"
"TOE1","chr1_64867208_64869310",328.546309091996,"-"
"RBM43","chr9_19378514_19378824",328.523676961324,"-"
"CIRBP","chr20_45470532_45471152",328.493221680835,"-"
"SNRPC","chr2_70289372_70293617",328.473042658764,"+"
"TRMT1","chr19_12949159_12949277",328.462286740752,"-"
"MBNL3","chr8_15748465_15757790",328.447393479268,"+"
"RBM5","chr15_63044152_63056984",328.424849394951,"+"
"ZC3HAV1","chr19_1105790_1106241",328.361884954785,"-"
"FUBP1","chr8_6870826_6877796",328.347642870183,"+"
"NCL","chr12_56116799_56117481",328.32319920615,"-"
"RBM6","chr4_82359639_82373445",328.322898332927,"+"
"RNPS1","chr3_98812482_98817768",328.304649497499,"+"
"ZC3HAV1","chr2_9408205_9412268",328.295188937439,"+"
"RBM28","chr1_156598121_156598226",328.286334545438,"+"
"RBM15B","chr21_46287123_46296161",328.239098069259,"+"
"PABPC1","chr11_64242558_64243450",328.204708457526,"-"
"RBM41","chr12_117039210_117056805",328.192171829461,"-"
"LARP7","chr2_237527516_237540347",328.183999746311,"-"
"PNPT1","chr12_110493231_110496011",328.165865848369,"+"
"SRRM1","chr20_38421098_38422086",328.160716331543,"-"
"ASCC1","chr2_131492024_131492719",328.142952170457,"-"
"ZRANB2","chr19_19199234_19201648",328.141545572361,"+"
"PTBP2","chr8_127187884_127188044",328.123382727663,"+"
"SNRPG","chr2_74135658_74145188",328.09610027028,"-"
"RBM45","chr11_532522_532651",328.095792771615,"-"
"HDLBP","chr9_32571052_32572880",328.09391584311,"+"
"CSTF2T","chr3_40457474_40457889",328.089529011621,"-"
"HNRNPK","chr3_158710921_158713796",328.07359609723,"-"
"SNRPF","chr19_3453916_3456549",328.010542659852,"+"
"PARP12","chr16_635340_635611",328.003307103022,"-"
"SNRPD2","chr19_6366363_6368537",327.993422962304,"+"
"HNRNPC","chr17_81510329_81510478",327.955891356583,"-"
"SF3A1","chr1_24646789_24648858",327.939559956942,"+"
"NCL","chr7_66993417_66994211",327.888378834079,"+"
"KRR1","chr10_104297684_104299127",327.885529593086,"+"
"UPF1","chr8_67043317_67051229",327.882684706248,"-"
"DUS3L","chr8_73959818_73972244",327.87827020089,"-"
"RC3H2","chr5_69175537_69177290",327.874079539126,"-"
"RBM5","chr4_108620712_108621950",327.856314173367,"+"
"PCBP2","chr5_134389052_134390224",327.852271713056,"-"
"TARDBP","chr11_68892993_68893321",327.837315323191,"-"
"HNRNPA2B1","chr3_197951311_197953487",327.827809145845,"-"
"FUBP3","chr7_150792175_150793087",327.827773994602,"+"
"LSM11","chr1_173865300_173865470",327.804175432776,"-"
"SF1","chr14_104753319_104756603",327.798255206597,"-"
"CPSF7","chr10_32935558_32957010",327.783042151279,"-"
"ZFP36L2","chr1_153535353_153535948",327.742748559016,"-"
"ZC3H4","chr6_31639226_31639499",327.738375108404,"-"
"RBM27","chr1_150230693_150235732",327.730369005301,"-"
"KHDRBS3","chr17_7017014_7017256",327.72778284165,"+"
"TTC14","chr17_75039271_75042180",327.726088523216,"-"
"CPSF4","chr6_166931118_166938894",327.720234305007,"-"
"RBM45","chr1_154990528_154992712",327.698626502951,"+"
"LARP6","chr6_27126462_27132524",327.690819475365,"-"
"ZC3H14","chr22_19516645_19516813",327.658296979337,"-"
"EIF3B","chr11_111882598_111883770",327.655571761224,"-"
"AKAP1","chr9_35684746_35685063",327.637394028614,"-"
"RBM6","chr1_212442625_212444338",327.615706572193,"+"
"YTHDF3","chr5_131159611_131162028",327.613149845184,"-"
"AKAP1","chr8_100948900_100951928",327.559513864454,"-"
"KRR1","chr4_673401_673911",327.544742885354,"+"
"RBM38","chr12_53295639_53296453",327.535412088611,"-"
"RBM38","chr20_50098981_50113106",327.490220608084,"-"
"RBM15B","chr11_47420727_47422573",327.488035361917,"+"
"LSM7","chr22_41667009_41680243",327.416553643415,"-"
"EIF4B","chr13_27254281_27256183",327.416450364686,"-"
"RBMX","chr9_136850137_136850505",327.415999233396,"-"
"HNRNPA3","chr15_64366075_64376742",327.414472050592,"+"
"GTF3A","chr16_88858789_88859892",327.414082047707,"-"
"RBM45","chr7_7639144_7640722",327.388282069645,"-"
"FUBP1","chr19_3452666_3456549",327.385014786253,"+"
"HNRNPA0","chr11_65120806_65121499",327.381784339733,"-"
"CPSF6","chr18_21612443_21623747",327.379660594692,"-"
"GTF3A","chr20_37236709_37241307",327.319049310454,"-"
"SF3B4","chr4_82424883_82425562",327.308875184088,"+"
"THUMPD3","chr11_63999000_63999330",327.275501845218,"-"
"IGF2BP3","chr3_126914750_126957415",327.246368105309,"+"
"PTBP1","chr19_1438892_1440025",327.23938538614,"-"
"ZFP36L2","chr8_61682483_61684038",327.234710883679,"-"
"ALKBH8","chr17_7016525_7016909",327.221645272324,"-"
"RBMX","chr19_40448046_40458154",327.213005324588,"-"
"FXR1","chr14_104756760_104759433",327.21286786361,"-"
"SNRPC","chr2_74135658_74145188",327.174828341022,"-"
"SAMD4B","chr1_53233652_53235576",327.165384067576,"+"
"ZFP36L2","chr1_155521618_155562778",327.141662216375,"+"
"RBM41","chr19_4324667_4325215",327.130993414143,"+"
"HNRNPA1","chr3_111126335_111133634",327.121609348563,"+"
"FUBP1","chr3_52096712_52122378",327.087890754698,"+"
"NONO","chr3_156543269_156544293",327.074938804742,"-"
"SNRPC","chr16_57173869_57185824",327.043961390983,"+"
"PABPC1","chr16_88859972_88860910",327.029720997825,"+"
"LSM7","chr5_131162676_131165059",327.014784784932,"-"
"GRSF1","chr10_130179420_130180112",326.99952908051,"+"
"TNRC6A","chr2_73927052_73958145",326.991963452786,"-"
"IGF2BP3","chr3_11558827_11559331",326.971444403669,"+"
"HNRNPH2","chr19_12676142_12677290",326.934359749593,"+"
"MATR3","chr17_38450723_38451625",326.933468430448,"+"
"CSDE1","chr11_64224210_64224284",326.907186152299,"+"
"RBM6","chr12_6537189_6538100",326.876662609734,"-"
"YTHDC2","chr4_189952287_189953067",326.824252292794,"+"
"PCBP2","chr5_178150993_178153490",326.801704147966,"+"
"RBM27","chr2_240134005_240136221",326.731437907306,"+"
"YTHDC2","chr1_154157721_154170399",326.719149378785,"+"
"HNRNPF","chr18_21622801_21623870",326.71497861499,"-"
"G3BP1","chr1_153561591_153565505",326.707992773031,"-"
"PCBP4","chr5_139600435_139623367",326.690434966163,"-"
"UPF1","chr6_109370467_109376073",326.675213470362,"-"
"THUMPD3","chr17_7016685_7017256",326.656198750325,"-"
"SRRM1","chr2_227340380_227355676",326.648104825783,"+"
"G3BP2","chr9_136849539_136862905",326.644432456324,"-"
"SNRPD2","chr14_22830254_22833417",326.643146857911,"+"
"POLDIP3","chr11_17077477_17077618",326.635880117294,"+"
"FUBP1","chr4_39774933_39777681",326.622844074972,"+"
"GRSF1","chr19_35505986_35506125",326.617842806552,"-"
"HNRNPA2B1","chr12_55716717_55719090",326.607575623672,"+"
"LSM1","chr19_16646800_16647119",326.599209086074,"-"
"PDCD11","chr1_53228954_53235576",326.598075864906,"+"
"HNRNPK","chr2_84906121_84906388",326.597786777367,"-"
"PARP12","chr2_200309090_200329430",326.557104291749,"-"
"G3BP1","chr20_50084254_50096671",326.549640736796,"-"
"THUMPD3","chr11_134248484_134248808",326.530464693504,"+"
"POLDIP3","chr17_28720890_28722698",326.507426804438,"-"
"TUT1","chr2_229859574_229879981",326.50404058004,"-"
"PUF60","chr17_50737026_50740305",326.500965131787,"+"
"ZC3H18","chr4_186709845_186723663",326.473694552156,"-"
"RBM7","chr17_75168401_75181056",326.450000430651,"-"
"EIF2S1","chr6_36598983_36601151",326.437188408418,"+"
"CSTF2T","chr3_196740157_196765920",326.434335853586,"-"
"PTBP1","chr11_83265979_83273646",326.430533616965,"+"
"FXR1","chr9_136994839_136994929",326.410042680203,"+"
"TRA2A","chr10_32932600_32935491",326.36912866701,"+"
"RBM14","chr13_75527851_75530113",326.36221270279,"-"
"TMEM63A","chr6_126340399_126346204",326.361092472868,"-"
"RBM45","chr11_62833131_62833791",326.349867098981,"-"
"ASCC1","chr6_10755232_10756466",326.327694075683,"+"
"SNRPF","chr19_35122917_35123270",326.283111273733,"-"
"TEP1","chr5_140647391_140647482",326.283000444682,"-"
"IGF2BP3","chr7_66993417_66994211",326.278258490729,"+"
"PCBP2","chr19_35505765_35510183",326.268523418573,"-"
"IGF2BP2","chr14_35046628_35053277",326.263452062376,"-"
"HDLBP","chr9_35725727_35732074",326.236760834721,"+"
"TUT1","chr10_71823896_71825836",326.216149697809,"+"
"ZFP36L2","chr15_74920442_74929115",326.18913259558,"-"
"HNRNPA1","chr14_24138568_24138735",326.142451718985,"-"
"FMR1","chr19_49489912_49490231",326.140805218939,"-"
"ZC3HAV1","chr2_55234561_55234830",326.134095767338,"-"
"FUS","chr12_120695000_120695094",326.130063001932,"+"
"HNRNPAB","chr19_32581700_32582194",326.079526774803,"-"
"THUMPD3","chr12_56724523_56724961",326.072364128404,"-"
"DUS3L","chr1_212442625_212445829",326.069328560851,"-"
"SRRM1","chr9_36191273_36204067",326.065037700601,"-"
"HNRNPC","chr10_12035441_12042754",326.055560870492,"+"
"RBM4","chr20_49124605_49135832",326.039601242818,"-"
"GTF3A","chr3_73063747_73064002",326.034129449299,"+"
"PTBP1","chr5_140645725_140647255",325.981598074216,"-"
"DHX8","chr8_15748465_15764202",325.958979707522,"+"
"EIF3G","chr3_108167864_108191520",325.956098019609,"+"
"RBM39","chr18_9475176_9512990",325.950178948561,"-"
"TRA2A","chr15_60361054_60364428",325.938232279047,"+"
"RBM6","chr1_204544684_204546796",325.930556292905,"+"
"SETD1A","chr20_49094963_49096175",325.907094866339,"-"
"LARP6","chr12_117041994_117049018",325.881873929858,"-"
"RBM26","chr20_45841956_45843526",325.87521662994,"+"
"RBM12","chr9_15510329_15510816",325.871759313413,"+"
"GTF3A","chr7_140702121_140702865",325.85086080231,"-"
"RBMXL1","chr7_72829783_72831601",325.835373873164,"+"
"SNRPF","chr22_37677065_37678482",325.828484158459,"+"
"U2AF1L4","chr1_36457981_36463805",325.821778135006,"-"
"CNOT4","chr9_127449521_127449609",325.772413635719,"-"
"LSM11","chr6_3263759_3267590",325.76998323856,"+"
"RBM22","chr20_31566295_31569119",325.756239048857,"+"
"MEX3D","chr17_44212006_44212818",325.706612692214,"+"
"GTF3A","chr19_35506185_35507457",325.695673290008,"+"
"RNPS1","chr11_34651610_34651736",325.6828573646,"+"
"ZC3H13","chr19_45413745_45413962",325.678742977736,"-"
"MKRN2","chr11_57742204_57742862",325.643436708253,"-"
"PARP12","chr14_105479493_105488165",325.60431820923,"-"
"ZC3H13","chr7_26197732_26197830",325.567290460369,"+"
"RBM26","chr3_186784696_186784961",325.559526163493,"+"
"FUBP1","chr5_74770810_74773867",325.536903741957,"+"
"IGF2BP3","chr19_6730384_6730986",325.531122052821,"+"
"RBM39","chr14_21372044_21373337",325.511075538187,"-"
"POLDIP3","chr8_54000050_54010429",325.489964533682,"+"
"ZC3H3","chr19_1599560_1602330",325.478359408883,"-"
"SNRPD2","chr19_41860845_41861111",325.469736255216,"+"
"CNOT4","chr5_142137858_142140562",325.455150609439,"+"
"TAF15","chr1_54210131_54216140",325.444597632044,"-"
"HNRNPK","chr1_31908960_31915894",325.423239323724,"-"
"RBM28","chr16_81090680_81096130",325.401854028485,"+"
"RBM27","chr10_32935558_32936241",325.397118069762,"-"
"EIF3G","chr1_152032817_152033647",325.389857742117,"-"
"RBM6","chr1_31910112_31911695",325.375279334108,"+"
"DUS3L","chr14_105479493_105488165",325.369323520669,"-"
"HNRNPA2B1","chr12_53297924_53298048",325.337073245327,"-"
"LARP6","chr7_99968430_99971745",325.336231535458,"+"
"SNRPB2","chr17_7017014_7017256",325.327099561509,"+"
"EIF3B","chr4_82426129_82427189",325.323789545723,"-"
"NOL8","chr16_89562445_89562883",325.305720127975,"-"
"ZC3H13","chr5_139600435_139623367",325.299807642697,"-"
"G3BP2","chr16_634956_635280",325.294561410653,"+"
"RBM22","chr12_76450988_76487509",325.282342771668,"-"
"EIF3G","chr1_154990528_154992712",325.252228846116,"+"
"CPSF6","chr2_84906117_84906270",325.232640254224,"-"
"ZRANB2","chr12_69365884_69370705",325.211999911061,"+"
"KHDRBS3","chr4_673401_686531",325.20890155484,"-"
"RC3H2","chr5_53484293_53484996",325.199315344818,"+"
"HNRNPA2B1","chr9_104095552_104096147",325.188117683197,"+"
"HNRNPA1","chr7_6398677_6400125",325.150093224056,"-"
"CPSF6","chr10_86968605_86970475",325.138507700565,"-"
"SNRPC","chr5_150446963_150447473",325.117705755989,"-"
"PARP14","chr5_178150993_178153490",325.117519870831,"+"
"SRRM2","chr19_49660844_49661947",325.116161915654,"-"
"FUBP3","chr1_53228954_53235576",325.106002629783,"+"
"RBM14","chr11_63753708_63756111",325.093950938478,"+"
"SNRPC","chr5_74774060_74776603",325.05364562694,"+"
"ZNF638","chr13_27251656_27253764",325.050692723567,"-"
"THUMPD3","chr17_75320553_75321658",325.034125574151,"+"
"PPIL4","chr1_15721388_15725316",325.031634420808,"-"
"RBM14","chr6_30577913_30578072",324.99519337974,"+"
"CHERP","chr12_122982045_122982468",324.995056007067,"-"
"HDLBP","chr1_161038075_161038550",324.966107544595,"-"
"PTBP1","chr5_112887183_112902379",324.950096362424,"+"
"SAMD4B","chr19_1272051_1274306",324.93183483014,"+"
"ZRSR2","chr17_78214789_78216663",324.924795987937,"-"
"ZNF74","chr11_5225657_5226929",324.920096432609,"-"
"CSDE1","chr12_124913092_124913320",324.890467618218,"-"
"RBM12B","chr10_128116007_128116490",324.887826065405,"+"
"HNRNPC","chr19_40775669_40776968",324.879732920491,"-"
"IGF2BP3","chr10_118336423_118341726",324.830290394299,"-"
"ZFP36L1","chr12_10702134_10704050",324.828794381115,"-"
"RBMXL1","chr17_32479376_32480145",324.82063378587,"-"
"LARP4B","chr2_74135658_74142271",324.799238169395,"-"
"NONO","chr15_60396427_60397942",324.78505002881,"+"
"SF3A1","chr2_118107189_118108280",324.781945809043,"+"
"PARP12","chr8_99887618_99893638",324.769411059124,"-"
"EIF3B","chr8_55773719_55782747",324.765653207215,"+"
"THUMPD3","chr3_121730017_121730847",324.754480596297,"-"
"NOL8","chr17_44212006_44212818",324.746869806397,"+"
"PPIL4","chr3_139373412_139374488",324.746094127886,"-"
"RBM6","chr3_108049651_108050577",324.729643006219,"+"
"ZC3H18","chr16_10768032_10769046",324.714705915039,"+"
"ZC3H7A","chr2_202297906_202300233",324.714686550661,"+"
"SNRPB2","chr6_26124749_26127697",324.712429889417,"+"
"ZRANB2","chr9_137615000_137615053",324.702712363763,"-"
"L3MBTL3","chr3_180985996_180988022",324.698287645333,"+"
"PUM1","chr20_35740887_35741940",324.697564953375,"+"
"ZRANB2","chr7_27817038_27827737",324.641984198542,"+"
"SNRPB2","chr1_24646789_24647078",324.624746682019,"+"
"SSB","chr2_55234962_55235412",324.52185983567,"-"
"LSM11","chr2_27445449_27445744",324.460432181855,"+"
"TOE1","chr22_39313729_39314106",324.451011921819,"+"
"PARP10","chr2_200329480_200378140",324.446967953888,"-"
"HNRNPA0","chr22_23894568_23894771",324.418885102139,"-"
"DUS3L","chr10_32935558_32936349",324.402182075239,"-"
"RBM12B","chr8_61681036_61682438",324.401179580776,"-"
"RC3H2","chr17_59112345_59131280",324.350286772781,"-"
"RBM27","chr17_6641227_6641752",324.343030190933,"-"
"FXR2","chr12_66138152_66145840",324.334188363159,"-"
"ZC3H7B","chr19_35506049_35509910",324.331546586518,"-"
"TARDBP","chr19_45522581_45522717",324.330544115327,"+"
"SYNJ1","chr12_103951630_103956630",324.329159861716,"+"
"KHDRBS1","chr12_110492122_110492995",324.305577550394,"+"
"SSB","chr3_28316423_28319508",324.301941140015,"+"
"ZC3H14","chr12_112408656_112409405",324.301803033094,"-"
"ZC3HAV1","chr15_60363022_60364428",324.298334068689,"-"
"ZRANB2","chr8_61653660_61680967",324.298114733385,"+"
"GTF3A","chr2_172498100_172501771",324.288664573605,"+"
"HNRNPH2","chr1_36457981_36460691",324.283948105832,"+"
"L3MBTL3","chr3_183833589_183833723",324.269074283813,"+"
"CPEB3","chr13_110642521_110644064",324.23963660927,"-"
"EIF3G","chr18_13671973_13681604",324.214366394314,"+"
"RBM14","chr12_101726404_101728900",324.204349042318,"-"
"YTHDC1","chr5_96729725_96736171",324.187152185898,"-"
"IGF2BP3","chr16_11896782_11897839",324.162370883097,"+"
"SF3A1","chr3_98849598_98867290",324.157496672295,"-"
"LEMD3","chr9_37780880_37781985",324.11913060182,"+"
"SRRM2","chr1_153563866_153565505",324.114545558437,"-"
"CIRBP","chr12_110493231_110496011",324.051136199887,"+"
"DUS3L","chr17_4945997_4946811",324.027765437221,"-"
"PABPC1","chr11_64227132_64229246",323.997047520255,"+"
"LARP1","chr10_71822007_71825836",323.984530673326,"+"
"TRA2A","chr2_227340380_227355676",323.970909413933,"+"
"SNRPB2","chr7_44834562_44835642",323.899341717729,"-"
"LENG9","chr4_139666077_139695196",323.887221535441,"-"
"HDLBP","chr3_156543269_156544293",323.84677949437,"-"
"EIF3G","chr11_64317132_64317263",323.843722656667,"-"
"PARP10","chr12_76450988_76487509",323.83469978798,"+"
"ZC3H12A","chr1_45591270_45602254",323.832380560183,"-"
"PCBP2","chr12_6492972_6493458",323.813689086696,"-"
"PPIL4","chr10_63594854_63599169",323.780263055714,"-"
"RBM33","chr9_7798637_7799460",323.751411148253,"+"
"SNRPD2","chr1_173864704_173865509",323.721413420618,"-"
"GTF3A","chr6_43054486_43055896",323.719979071823,"+"
"MSI2","chr11_68050664_68050740",323.710409921746,"-"
"PABPN1","chr3_172752436_172754508",323.647359436074,"-"
"NONO","chr19_9828064_9828326",323.623534312108,"-"
"CARHSP1","chr16_2752846_2756333",323.610789983179,"+"
"SRBD1","chr20_13783183_13784879",323.590957467608,"+"
"SNRPC","chr5_40834037_40834180",323.590001423257,"-"
"GTF3A","chr1_153535360_153535948",323.564389323341,"-"
"G3BP2","chr3_172755374_172756982",323.545629134891,"+"
"EIF3G","chr10_1005907_1007017",323.536408285029,"+"
"PDCD11","chr7_44579628_44581092",323.526453965497,"+"
"SAMD4A","chr6_26124633_26127697",323.520911877755,"-"
"ZC3HAV1","chr11_64224210_64224284",323.512161856117,"-"
"G3BP1","chr13_49661208_49663056",323.509511942941,"+"
"YTHDC2","chr1_23971626_23971849",323.500722621847,"-"
"POLDIP3","chr10_32305931_32378490",323.491572202206,"-"
"CPSF7","chr1_203861713_203862195",323.490357781979,"+"
"SNRPC","chr4_108620600_108621950",323.482758294375,"+"
"MKRN2","chr3_57577387_57583897",323.480160988151,"+"
"SNRPD3","chr17_82058416_82058780",323.465526884335,"+"
"RBM12B","chr20_31739621_31757406",323.463360930225,"-"
"THUMPD3","chr20_34105545_34112095",323.427587968338,"+"
"KHDRBS3","chr7_100435533_100435847",323.395566914546,"+"
"HNRNPC","chr14_22831037_22833417",323.387422487,"-"
"RBM10","chr10_32935558_32954458",323.35796744655,"-"
"TARDBP","chr1_153390557_153391040",323.352051277039,"+"
"TIPARP","chr16_69713129_69718122",323.345477988428,"-"
"U2AF1L4","chr15_40836282_40844178",323.31272591913,"-"
"NSUN6","chr17_7016685_7017256",323.306003623769,"-"
"EIF3B","chr22_19516645_19516816",323.296286321495,"+"
"CSTF2","chr11_67611569_67612119",323.280717144804,"-"
"HNRNPA1","chr12_102039975_102044104",323.274610559826,"+"
"PRPF3","chr19_35497538_35498597",323.256346681971,"+"
"ZFP36L1","chr11_85654256_85655593",323.194859314816,"-"
"G3BP2","chr15_83164075_83207330",323.17472965512,"+"
"HNRNPK","chr5_134741523_134750758",323.162601695003,"-"
"CSDE1","chr17_40628993_40630713",323.122491712897,"+"
"PUM1","chr2_73732285_73734428",323.120180581273,"+"
"FUBP1","chr11_47625741_47627079",323.10409282253,"-"
"LARP4B","chr2_47162662_47170733",323.098570008534,"+"
"PTBP2","chr14_22830254_22830963",323.050414183646,"-"
"KHDRBS1","chr5_86619496_86620667",323.020258173647,"+"
"CPSF7","chr4_39456478_39457585",323.012404553371,"-"
"HNRNPK","chr19_48325610_48329351",322.995226757335,"-"
"DUS3L","chr13_36952599_36971976",322.987232270227,"-"
"RBM38","chr12_54182623_54183764",322.96012340574,"-"
"CARHSP1","chr3_170866524_170866626",322.94853908019,"-"
"NONO","chr16_634956_635280",322.932740138325,"+"
"NONO","chr10_71822007_71823887",322.926726508536,"-"
"TMEM63A","chr15_69453721_69455169",322.902007001741,"-"
"TUT1","chr17_58720812_58732483",322.862777432551,"-"
"GTF3A","chr22_46297479_46308318",322.853249162018,"-"
"LSM11","chr1_36456378_36460691",322.822082214492,"-"
"TTC14","chr4_82356683_82356795",322.794521154552,"-"
"YTHDF3","chr4_55616385_55630401",322.794117832161,"+"
"RBM6","chr5_171407161_171407699",322.791502424018,"-"
"HTATSF1","chr1_173864304_173865470",322.768939680761,"-"
"LARP1","chr5_96727530_96729611",322.765952110697,"+"
"PTBP1","chr3_98822361_98849461",322.764588903662,"-"
"EIF3B","chr5_134738792_134743986",322.752958892047,"+"
"HNRNPH2","chr12_76056161_76059797",322.752472236958,"+"
"MEX3D","chr17_4945997_4948262",322.737096865774,"-"
"TIPARP","chr19_45522581_45522717",322.732298731008,"+"
"CSDE1","chr13_75569507_75594914",322.720161013354,"+"
"G3BP1","chr5_34933908_34935709",322.714307381645,"+"
"CIRBP","chr18_691276_693881",322.698380146757,"+"
"A1CF","chr6_31639226_31640198",322.677897713674,"+"
"HNRNPD","chr11_93730712_93731149",322.659146061136,"+"
"ZC3H7B","chr3_197953660_197954002",322.655176456352,"-"
"EIF3B","chr20_17660528_17679994",322.639314381854,"-"
"SNRPC","chr9_19376651_19378367",322.577495278253,"+"
"RBM39","chr7_39690590_39696684",322.565335833201,"+"
"SNRPF","chr20_49278738_49279103",322.550449263262,"-"
"MBNL1","chr5_96722698_96729152",322.524433735149,"-"
"PCBP4","chr14_22565137_22588946",322.484958698032,"-"
"TARDBP","chr11_17522926_17523210",322.479126024196,"+"
"SNRPD2","chr5_40834265_40834470",322.446457720314,"+"
"EIF3G","chr22_39313310_39313633",322.406202577711,"+"
"FMR1","chr7_16799817_16804952",322.405110480302,"-"
"PDCD11","chr15_63048707_63056984",322.403502907535,"-"
"HTATSF1","chr1_53928440_53930038",322.378690477496,"+"
"RBM25","chr2_9406905_9407448",322.371638128507,"+"
"POLDIP3","chr7_103324562_103326542",322.349960700762,"+"
"SNRPC","chr14_22565137_22588946",322.337070404135,"-"
"ZC3H14","chr21_33904021_33912288",322.32892812576,"-"
"NONO","chr20_45469860_45479941",322.322591079266,"-"
"MATR3","chr19_35505765_35510183",322.307591916393,"-"
"RBM26","chr20_35279206_35279941",322.306106502075,"-"
"TEP1","chr16_18784823_18788062",322.24170822058,"-"
"SNRPB2","chr19_48965916_48966283",322.237798155869,"-"
"POLDIP3","chr17_6644659_6649981",322.233784744539,"+"
"MBNL2","chr15_88639594_88652169",322.211009724533,"+"
"LARP6","chr22_40953633_40955286",322.20703284398,"-"
"PABPN1","chr19_58388245_58392975",322.205551919796,"-"
"EIF3G","chr5_82276516_82277692",322.177987622638,"-"
"KHDRBS1","chr5_86619496_86620667",322.167521099566,"+"
"TDRKH","chr4_183651327_183655880",322.132208277054,"+"
"ZC3H13","chr17_38451393_38451625",322.092760732137,"-"
"PUF60","chr11_134248484_134249166",322.08405875212,"-"
"RBM45","chr8_73956054_73964486",322.073829052033,"-"
"HNRNPH2","chr1_173864704_173865509",322.050014554739,"-"
"YTHDF1","chr22_24557800_24567983",321.991601215277,"+"
"MEX3C","chr20_49124605_49135832",321.989825845616,"-"
"TUT1","chr1_156593555_156593944",321.985592498674,"-"
"KHDRBS3","chr15_59639165_59642135",321.972066159833,"-"
"PUM1","chr3_121730017_121730875",321.967561683196,"+"
"HNRNPA3","chr3_197149796_197194424",321.96717295781,"-"
"G3BP1","chr12_29341816_29343119",321.94916889574,"+"
"SNRPD2","chr17_73209768_73227164",321.945841097352,"+"
"ZC3H14","chr19_32581700_32582194",321.943095027598,"+"
"RBM22","chr11_112085462_112086639",321.92892783229,"+"
"PARP12","chr17_6641100_6641752",321.917987934556,"-"
"RNPS1","chr19_29942664_29971192",321.89259669763,"+"
"TOE1","chr13_110642521_110644064",321.877840247632,"-"
"YTHDF1","chr13_75804541_75809153",321.864133672881,"-"
"IGF2BP2","chr6_7581569_7582641",321.848893081961,"+"
"ZNF638","chr19_45413745_45414860",321.846353153176,"-"
"SNRPF","chr12_104991848_104994477",321.838302310735,"+"
"DHX57","chr11_532522_532651",321.828978864802,"-"
"PRPF3","chr9_36191273_36198978",321.819560321866,"-"
"MCM3AP","chr14_55661612_55667240",321.818484118811,"+"
"SRRM2","chr3_112993124_112995134",321.800273915514,"+"
"EIF3B","chr1_203861713_203862195",321.787081716583,"+"
"TOE1","chr1_63478833_63490082",321.785150224061,"-"
"EIF3G","chr12_52897618_52898678",321.785110050098,"-"
"ZC3HAV1","chr2_111429620_111469786",321.752033507171,"-"
"ZC3H4","chr12_112446398_112450317",321.742653244062,"+"
"IGF2BP2","chr10_29569312_29657968",321.721123336521,"+"
"ZNF638","chr8_144791307_144791839",321.720249824349,"-"
"RBM41","chr20_45841956_45843526",321.713101798817,"+"
"NSUN6","chr5_134388413_134388976",321.711380455642,"-"
"ZRSR2","chr9_33998864_34048824",321.697192925417,"-"
"EIF3G","chr2_98616533_98618167",321.646880379631,"+"
"SNRPD3","chr5_177306176_177306362",321.636407477585,"-"
"RNPS1","chr2_70289372_70293617",321.62836260263,"+"
"FUBP3","chr6_132815088_132815218",321.607948506488,"-"
"RBM39","chr11_1836861_1836956",321.598677480335,"+"
"HNRNPA0","chr6_85677492_85677794",321.579337490002,"+"
"CSTF2","chr8_56212889_56214597",321.56191838825,"-"
"ZNF638","chr5_177306176_177306454",321.549101086692,"-"
"PARP10","chr19_1599560_1602330",321.546203091123,"-"
"ZC3H14","chr7_150803832_150804826",321.537358942331,"-"
"ZC3H12A","chr5_132271466_132272024",321.523305583445,"-"
"TARDBP","chr3_195392147_195442794",321.514228080033,"+"
"LARP6","chr16_66558348_66563071",321.509385895838,"-"
"GTF3A","chr16_4848210_4857989",321.487324455127,"-"
"SSB","chr2_55233417_55234118",321.458973567149,"+"
"ZC3H7A","chr12_76053110_76053204",321.429732599048,"+"
"LARP7","chr17_59112345_59131280",321.406932519397,"-"
"PPIL4","chr16_19418092_19430412",321.406597563001,"+"
"YTHDC2","chr2_224920_229965",321.400130383751,"+"
"IGF2BP2","chr12_56666266_56671748",321.347384816484,"-"
"KHDRBS3","chr16_57173869_57186030",321.343260770884,"-"
"NCL","chr17_42998831_43002672",321.339073624778,"-"
"RBM14","chr1_15426018_15428592",321.324802822511,"-"
"MEX3D","chr11_88326443_88328111",321.305812620016,"+"
"IREB2","chr11_68050254_68050486",321.301189528406,"+"
"SAMD4A","chr7_151355950_151356127",321.272701809007,"+"
"RBM26","chr1_193023946_193028084",321.259922688794,"+"
"PARP10","chr9_36191273_36204067",321.253762083217,"-"
"KHDRBS1","chr4_55600575_55607297",321.222704050742,"-"
"CPSF4","chr9_34613893_34614041",321.185534268205,"-"
"SART3","chr4_83456958_83459739",321.17628982595,"+"
"NSUN6","chr1_19597109_19623473",321.167584123514,"-"
"CARHSP1","chr20_45841956_45844262",321.165831054726,"+"
"SNRPD2","chr19_12799989_12800176",321.159687957973,"+"
"DUS3L","chr6_43054486_43055544",321.149785623045,"+"
"ZNF638","chr17_36104642_36105224",321.092447574836,"+"
"RBM25","chr12_76047718_76048420",321.089184963474,"+"
"TIAL1","chr12_94971620_95002738",321.057982574828,"-"
"YTHDC1","chr7_21908507_21911616",321.057544714806,"+"
"SF1","chr17_76735158_76736153",321.034459582532,"+"
"SFPQ","chr1_20779911_20780344",321.026999584197,"+"
"ZRANB2","chr1_23693913_23695797",320.988952763486,"-"
"SRBD1","chr8_85214631_85214920",320.972255987186,"+"
"DHX8","chr11_63753708_63756111",320.971395379051,"+"
"HNRNPK","chr17_28319365_28325502",320.965913169168,"+"
"SFPQ","chr6_10751234_10755141",320.93561173777,"+"
"TTC14","chr5_178150993_178153490",320.915606583708,"+"
"G3BP1","chr11_64245287_64246415",320.895973995229,"+"
"RBM39","chr1_45568684_45568926",320.877987555186,"-"
"FMR1","chr19_12676142_12677290",320.877816211906,"+"
"HNRNPD","chr17_36578192_36579244",320.844330867734,"-"
"CARHSP1","chr22_35746561_35756104",320.838976507269,"+"
"PABPN1","chr22_23894568_23894771",320.822338927562,"-"
"ZC3H3","chr20_17680075_17682027",320.770655224267,"+"
"MBNL2","chr10_32935558_32953592",320.770632794253,"+"
"TIA1","chr7_92131872_92134665",320.756715260377,"-"
"SNRPB2","chr19_35651349_35658593",320.753238173863,"-"
"HNRNPA1","chr15_25405502_25409087",320.750210172887,"-"
"PDCD11","chr4_145111064_145112238",320.718017132668,"+"
"LSM1","chr10_90894891_90895879",320.712624867799,"+"
"HNRNPA3","chr17_5426082_5426235",320.701960227144,"+"
"PARP12","chr3_101678102_101682428",320.691643742673,"-"
"RNPS1","chr1_173864502_173864674",320.627364282515,"-"
"ZC3H7A","chr11_72755753_72757766",320.620505415351,"+"
"SAMD4B","chr4_139678642_139703454",320.617645323343,"-"
"YTHDC1","chr5_134376694_134380718",320.611423944664,"+"
"RBMXL1","chr4_82359639_82373445",320.608678889197,"-"
"RC3H2","chr3_172755374_172755482",320.60071650299,"-"
"EIF3G","chr17_41689941_41690087",320.59192858906,"+"
"ZC3H6","chr19_1599560_1602330",320.584539033472,"-"
"EIF3B","chr20_16044639_16049829",320.575932250319,"+"
"PTBP2","chr10_12170770_12172764",320.575857433298,"-"
"YTHDF3","chr15_74926887_74937914",320.564323781923,"-"
"ZRANB2","chr1_109411113_109411876",320.531703640115,"+"
"CIRBP","chr22_15788931_15790660",320.522182416865,"-"
"SPEN","chr22_24557800_24571915",320.520068041362,"-"
"KHDRBS1","chr5_134388413_134390224",320.510175645132,"+"
"ZC3H13","chr19_1440241_1440348",320.491190963441,"-"
"HDLBP","chr3_127695190_127710575",320.489197224497,"-"
"PUM1","chr11_47625741_47627079",320.47793258742,"+"
"HDLBP","chr15_75854487_75859877",320.439140018653,"+"
"RBM14","chr17_28720890_28722698",320.43706756126,"-"
"RBM14","chr4_55600575_55609119",320.412743387222,"-"
"TIA1","chr7_44799480_44801286",320.409034580809,"-"
"RNPC3","chr6_170578656_170578856",320.395276493753,"-"
"LEMD3","chr14_55661612_55667240",320.37673872486,"-"
"G3BP1","chr5_151751779_151758545",320.373320016813,"+"
"ZC3H3","chr12_121347005_121352133",320.366998333912,"-"
"DHX57","chr8_73955757_73955910",320.360646496622,"-"
"CHERP","chr2_229859574_229879981",320.317640035821,"-"
"FUBP3","chr7_498574_501115",320.275138928741,"+"
"SFPQ","chr2_130182452_130190468",320.268047044724,"-"
"MBNL1","chr1_150577491_150578243",320.243181197201,"+"
"ZC3H7A","chr1_159965645_159976643",320.229115046099,"-"
"YTHDF1","chr2_200378371_200389222",320.208332367127,"+"
"ZC3H4","chr18_12718635_12724498",320.189236898384,"-"
"SNRPG","chr19_35505986_35510183",320.164818803861,"-"
"SF1","chr19_16646800_16647095",320.141696159994,"+"
"TTC14","chr3_180985996_180988022",320.115951803965,"+"
"PTBP1","chr16_2772102_2776992",320.090439426314,"-"
"RBM45","chr15_40037018_40037308",320.079723098512,"-"
"MEX3C","chr5_151746449_151758545",320.022923627298,"+"
"PABPN1","chr19_12797166_12800176",320.014674755486,"-"
"ZC3H14","chr3_139373808_139374488",320.004458947779,"+"
"GTF3A","chr11_34651610_34651736",319.99549871057,"+"
"RBM28","chr10_102402159_102402251",319.994891409844,"+"
"RBMX","chr7_26190460_26192494",319.959491142843,"+"
"PTBP1","chr12_54246212_54252040",319.951840394034,"+"
"ZC3H13","chr1_35609408_35631273",319.940632255258,"+"
"CPSF6","chr12_76450979_76487509",319.917955718153,"-"
"PABPC1","chr5_133000173_133006758",319.917900491945,"+"
"RBM15","chr3_179593895_179601729",319.91239870121,"-"
"ZC3H13","chr3_187121328_187127998",319.907588441233,"+"
"CPSF4","chr15_88639594_88652169",319.904400041908,"-"
"ZRSR2","chr2_202300137_202300233",319.9031870857,"+"
"HNRNPC","chr9_32558954_32570959",319.901231529862,"+"
"NCL","chr11_61789477_61789784",319.898502286419,"-"
"ZC3H7A","chr2_177212871_177215538",319.886319770979,"+"
"PTBP1","chr1_155172489_155172564",319.878598031772,"-"
"MATR3","chr12_120694269_120694823",319.852840148245,"+"
"SRBD1","chr11_114440739_114445978",319.83176699629,"-"
"CARHSP1","chr8_109339390_109340490",319.821091864786,"-"
"CPSF7","chr10_21928552_21929039",319.776524244545,"+"
"TTC14","chr20_49094963_49096175",319.756845382417,"-"
"ZC3H7A","chr7_105063580_105066726",319.749001806796,"+"
"SNRPG","chr5_177306176_177306384",319.729373217875,"-"
"TIAL1","chr18_79976787_79977597",319.702860596916,"-"
"MATR3","chr5_69177349_69177523",319.667375742832,"+"
"ZC3H4","chr16_1349952_1350057",319.664308818367,"+"
"RBM14","chr12_53667666_53669147",319.661831539739,"-"
"DHX57","chr12_54182623_54183764",319.653559698305,"-"
"CPSF4","chr3_146525647_146528613",319.638496098386,"-"
"CSTF2","chr16_85779867_85780378",319.607677577335,"+"
"SNRPD2","chr7_150804485_150804826",319.602867923733,"+"
"SRRM2","chr4_55605349_55607436",319.567990246421,"-"
"ZC3H7B","chr5_139600435_139623367",319.549174008135,"-"
"UNKL","chr16_88643571_88646115",319.539881598657,"-"
"FUBP1","chr2_9406905_9408112",319.538575721261,"-"
"HNRNPC","chr17_4946820_4948262",319.516578902556,"+"
"CSDE1","chr16_19418092_19430412",319.514615915973,"+"
"CPSF7","chr17_75039271_75042180",319.514217767596,"-"
"PABPC1L","chr1_224365991_224370897",319.497537370714,"-"
"CPSF4","chr11_68892993_68893321",319.478073189228,"-"
"RNPC3","chr6_109369017_109376073",319.477533397011,"-"
"HNRNPM","chr10_110130486_110132304",319.457563909787,"+"
"CARHSP1","chr5_151746449_151758545",319.452922429659,"-"
"A1CF","chr4_48899925_48904483",319.438761449538,"-"
"HNRNPA3","chr6_116571655_116580294",319.407158226061,"+"
"ZC3H10","chr1_84501970_84563256",319.40156609156,"-"
"PARP12","chr19_48960914_48961531",319.364479527363,"+"
"MATR3","chr6_34421807_34424668",319.35415946043,"+"
"TDRKH","chr14_55661612_55667240",319.331581643815,"-"
"HNRNPA0","chr15_74923770_74937914",319.318841382085,"-"
"FUS","chr3_195392147_195442794",319.311539340321,"+"
"NSUN6","chr16_25170805_25178000",319.289419860278,"-"
"RBM15","chr9_137614898_137615073",319.28507177392,"-"
"TRA2A","chr6_29725563_29830377",319.181941918429,"-"
"ZNF638","chr5_82276518_82277694",319.140440606509,"-"
"RBM5","chr13_110893263_110906032",319.124149980606,"+"
"EIF3G","chr19_16076172_16081912",319.11337903298,"+"
"G3BP1","chr11_111882598_111883770",319.083026967098,"-"
"PABPC1L","chr5_65542848_65561462",319.069513622349,"-"
"PTBP1","chr16_4853166_4857989",319.009550396481,"+"
"TNRC6A","chr2_9407598_9408112",319.000288960615,"+"
"G3BP1","chr12_54182623_54183655",318.965586599894,"+"
"RBM10","chr3_98825366_98849460",318.963416550271,"+"
"DUS3L","chr5_151751776_151758545",318.936668518371,"-"
"HDLBP","chr8_6870826_6877796",318.932171878653,"+"
"YTHDC1","chr9_35679342_35679904",318.905815641463,"-"
"RBM25","chr5_82276518_82277694",318.90281115293,"-"
"A1CF","chr17_17042971_17075709",318.864847471589,"+"
"SNRPF","chr16_2775625_2776992",318.837687946955,"-"
"SSB","chr17_38450723_38451305",318.820699803989,"+"
"RBM15B","chr16_66552793_66563071",318.815345573222,"-"
"HNRNPK","chr8_73959818_73972244",318.792233501344,"+"
"HNRNPC","chr7_105063580_105066726",318.791880130675,"+"
"CPSF7","chr1_53233652_53235576",318.783241484101,"+"
"TRA2A","chr16_88643581_88646115",318.780545121036,"-"
"MKRN2","chr11_406059_406141",318.768039291883,"+"
"RNPC3","chr2_26034735_26098661",318.767210136602,"+"
"RBM39","chr11_810321_811596",318.735582477408,"-"
"NOL8","chr15_29820674_29822001",318.727412000481,"-"
"AKAP1","chr2_174081248_174081923",318.719924086631,"+"
"ZC3H13","chr7_103324562_103326542",318.717087700378,"+"
"ZC3H6","chr8_97691188_97706625",318.709349209055,"+"
"SETD1A","chr12_122511188_122513766",318.699912436831,"-"
"ZC3H4","chr9_137111754_137111872",318.687112615182,"+"
"PDCD11","chr2_231707228_231711347",318.678927763736,"-"
"FUBP3","chr16_29847271_29847761",318.6666399582,"-"
"EIF3G","chr12_122511188_122515104",318.65119367165,"+"
"ZC3H11A","chr11_63753708_63758155",318.637893803979,"-"
"SAMD4B","chr17_44212006_44212818",318.629950592548,"+"
"ZC3H7A","chr2_9407598_9408112",318.625383256366,"+"
"HNRNPA0","chr20_2656214_2656400",318.602438459554,"-"
"PABPC4","chr2_216500031_216529269",318.601077983763,"-"
"PARP12","chr2_130182452_130190468",318.586409621694,"-"
"ZC3H4","chr5_53646405_53683117",318.581645773237,"-"
"SRRM2","chr9_128149663_128151637",318.560115143926,"-"
"LARP4","chr11_67611569_67611896",318.497691003134,"+"
"FXR2","chr1_32634110_32634767",318.422484354232,"-"
"POLDIP3","chr7_105063580_105066726",318.400439343117,"+"
"DUS3L","chr2_201136107_201136197",318.346368391952,"-"
"PPARGC1B","chr3_196316231_196318035",318.332469538042,"-"
"YTHDC1","chr3_101682907_101685817",318.314476361128,"+"
"A1CF","chr20_36609730_36611991",318.296127752601,"-"
"RC3H2","chr3_172755374_172756982",318.286016319302,"+"
"ZC3HAV1","chr5_74770810_74773867",318.282898717852,"+"
"TIA1","chr2_27071463_27071605",318.282360147666,"-"
"YTHDC2","chr10_133311841_133312787",318.248413537075,"+"
"ZC3H12A","chr16_2528559_2528993",318.220508464442,"-"
"YTHDF1","chr2_200329480_200372108",318.194603893837,"-"
"LARP7","chr3_52075985_52122378",318.184023618315,"+"
"ASCC1","chr11_73718718_73720845",318.182610136952,"+"
"ANKHD1","chr8_85217502_85218706",318.16958823443,"-"
"ZC3H12A","chr1_32231019_32231259",318.142234788945,"-"
"SNRPD2","chr2_218228796_218239390",318.132232773418,"-"
"YTHDC1","chr16_18784853_18788062",318.098692152475,"-"
"PABPC1","chr20_35632234_35632310",318.097358782952,"-"
"ZMAT5","chr14_22565137_22588946",318.088655011242,"-"
"ZC3H13","chr19_45522581_45522717",318.078466193312,"+"
"PRPF3","chr17_28720030_28720706",318.058777663607,"+"
"NOL8","chr10_70884048_70885151",318.029666851303,"+"
"ANKHD1","chr14_103123951_103126309",318.024922411577,"+"
"HDLBP","chr7_6046151_6046991",318.009780691429,"+"
"G3BP1","chr19_38304490_38304627",317.996335598431,"-"
"RBMX","chr19_1272051_1274306",317.994083049501,"+"
"RBM39","chr2_69788141_69825455",317.971441807887,"+"
"SSB","chr1_224365991_224375794",317.968719994996,"-"
"ZC3H7B","chr13_45337388_45337466",317.954674199495,"+"
"TTC14","chr4_56452052_56459371",317.919708032447,"+"
"PABPC1","chr19_35502886_35505717",317.898228917857,"-"
"YTHDF3","chr4_48892889_48904483",317.877153692282,"-"
"HNRNPC","chr15_60361054_60364428",317.876453159542,"+"
"LARP4","chr9_34614132_34614709",317.857069985422,"-"
"RBMX","chr3_120596646_120601110",317.850079791336,"-"
"SF1","chr15_63048707_63056984",317.771230914439,"-"
"TIPARP","chr3_167720273_167734431",317.770994780682,"-"
"KHDRBS1","chr12_6537390_6537583",317.750906363461,"+"
"G3BP1","chr12_131764686_131766117",317.733253199368,"+"
"HNRNPH2","chr5_146480094_146482591",317.723659907007,"+"
"FMR1","chr1_171512200_171512994",317.715779838834,"-"
"FXR1","chr19_6364639_6366257",317.708207796202,"+"
"SNRPG","chr19_11449685_11450645",317.693591032511,"-"
"HNRNPA3","chr19_35651349_35658593",317.680968503094,"-"
"RBM38","chr18_9476286_9512990",317.671447633558,"-"
"IREB2","chr15_83164075_83207330",317.639872379289,"+"
"SETD1A","chr12_101726404_101728900",317.635393328401,"+"
"SLTM","chr2_73946906_73958145",317.634029350342,"+"
"RBM28","chr14_24217223_24218058",317.576960284609,"-"
"PARP10","chr12_49324037_49324154",317.576626481117,"+"
"GRSF1","chr3_157150381_157152176",317.57617116168,"+"
"LSM11","chr7_500499_501115",317.545931331659,"+"
"MCM3AP","chr3_139373412_139374488",317.54388764786,"-"
"ZNF638","chr10_128116007_128116490",317.539905001641,"+"
"LSM1","chr8_109339390_109340443",317.530915001305,"-"
"MCM3AP","chr1_173864506_173865228",317.51617566487,"-"
"RNPS1","chr9_35679342_35680752",317.490326442314,"-"
"HDLBP","chr19_42297365_42300008",317.423712655026,"-"
"CSTF2","chr8_61619019_61633682",317.417625903086,"-"
"DHX57","chr12_132690376_132704618",317.33697455523,"-"
"KHDRBS1","chr8_144790469_144791276",317.334140543447,"-"
"RBM5","chr14_55661612_55667240",317.323602398276,"+"
"IREB2","chr11_118405709_118406936",317.305826786346,"-"
"NONO","chr3_180985996_180988022",317.299539551271,"+"
"SRBD1","chr2_222900780_222908732",317.270425991786,"-"
"RBM25","chr9_98007702_98011270",317.251889045117,"-"
"HNRNPA1","chr19_29971227_29985222",317.202310494436,"-"
"DHX8","chr16_4340405_4340919",317.195623795798,"+"
"CPSF4","chr5_171392978_171405301",317.176866165481,"-"
"CIRBP","chr19_55386693_55387934",317.15842673489,"-"
"RBM15B","chr16_89561751_89562334",317.15749587277,"+"
"PCBP4","chr3_196629775_196782625",317.150833886287,"-"
"LARP6","chr4_163514158_163517433",317.123832967237,"-"
"RBM38","chr9_127449708_127451049",317.118412378907,"-"
"SSB","chr19_38626102_38634992",317.106645387814,"-"
"RBM28","chr19_38304490_38304627",317.05217937376,"-"
"TIPARP","chr10_100983817_100984033",317.039123601102,"-"
"NCL","chr20_50084254_50096671",317.034962097012,"+"
"POLDIP3","chr7_150803832_150804361",317.021299859134,"-"
"U2AF2","chr3_180985996_180988022",316.982078421793,"-"
"PRR3","chr13_45337388_45337466",316.956929147276,"+"
"SNRPB2","chr5_151753894_151758545",316.899918084945,"-"
"EWSR1","chr4_82425667_82426036",316.886702750505,"-"
"PUF60","chr18_697355_706469",316.882812916674,"+"
"FMR1","chr7_100435767_100435847",316.880538910302,"+"
"CNOT4","chr5_134376694_134380718",316.871265663266,"+"
"CIRBP","chr20_35740887_35741940",316.86019279597,"+"
"EIF4B","chr4_48885565_48904483",316.824049895941,"-"
"HNRNPK","chr19_35166171_35169565",316.813773078788,"-"
"FXR1","chr19_49490576_49491072",316.805816735422,"-"
"RBM41","chr1_244842058_244842194",316.783068494022,"+"
"FXR1","chr5_53646405_53683117",316.779032682871,"-"
"CNOT4","chr4_39774933_39777681",316.708524835925,"+"
"SF3B4","chr11_62789426_62789885",316.695076242717,"-"
"MCM3AP","chr8_67043317_67051229",316.65022209619,"-"
"RBM26","chr17_38850466_38852603",316.606329629161,"-"
"RBM39","chr16_4461959_4463419",316.605524543199,"-"
"LARP7","chr20_34105545_34112095",316.605238113672,"+"
"TOE1","chr5_90488129_90490592",316.586946022258,"-"
"KHDRBS1","chr4_151103079_151104471",316.576779569554,"-"
"CPSF6","chr7_99363633_99365911",316.56022867232,"-"
"HNRNPH2","chr17_47151918_47154671",316.55124093621,"+"
"AKAP1","chr17_7017014_7017256",316.520345390579,"-"
"PABPC1L","chr2_98616533_98618145",316.506538721208,"-"
"FUBP3","chr9_124861554_124861909",316.436721673916,"-"
"SNRPD2","chr12_53641704_53669147",316.425004635609,"-"
"PRPF3","chr5_74772421_74776603",316.421339404785,"-"
"SYNJ1","chr19_10569786_10574416",316.39932344692,"-"
"TIAL1","chr1_161100853_161102047",316.38121788941,"-"
"NCL","chr7_75987285_75987359",316.376360794066,"+"
"FMR1","chr17_47151918_47154671",316.35344039587,"+"
"ZC3H6","chr12_131764686_131766117",316.331968769123,"+"
"ZC3H13","chr2_169821273_169821942",316.324236370992,"+"
"IREB2","chr10_121959410_121959500",316.319004181704,"+"
"HDLBP","chr1_153563866_153565505",316.291968869567,"-"
"PCBP1","chr15_29773357_29822001",316.278605190785,"-"
"SSB","chr19_41860845_41861111",316.263186050632,"+"
"RBM25","chr1_212608930_212615017",316.257988111584,"+"
"RBM25","chr7_73835002_73841069",316.235151525067,"-"
"ZC3H14","chr8_85217502_85219322",316.197339176153,"+"
"ZC3H14","chr11_64245054_64245203",316.165677237844,"-"
"SETD1A","chr7_76064953_76066279",316.152869340506,"-"
"HNRNPH2","chr1_161100853_161102047",316.142535644472,"-"
"SETD1A","chr3_143016371_143016844",316.109251737074,"-"
"RBM39","chr1_173864304_173865509",316.096195128178,"-"
"LARP6","chr19_36121718_36125450",316.054241715872,"-"
"KHDRBS1","chr19_55386674_55387929",316.049417126248,"-"
"HNRNPA1","chr1_46310044_46310154",316.042801512379,"-"
"PCBP2","chr6_10749698_10751132",316.031226383101,"+"
"PABPC1","chr11_67586271_67586388",316.021904629416,"-"
"YTHDF3","chr17_81891863_81894466",315.981668496023,"+"
"ZC3H4","chr1_23971623_23971849",315.979984967866,"-"
"NONO","chr13_75590129_75594914",315.964638180189,"-"
"TIA1","chr8_61661926_61680967",315.951568955695,"-"
"TDRKH","chr19_992121_994212",315.947364691441,"-"
"HNRNPK","chr17_81894860_81899919",315.740191600295,"-"
"FXR1","chr3_98881767_98901121",315.734195511678,"+"
"ALKBH8","chr8_73959818_73972076",315.726549917156,"-"
"SSB","chr2_131484218_131485944",315.726085144152,"-"
"RBM27","chr7_10973634_10974834",315.700965433471,"-"
"NOL8","chr9_104096297_104098445",315.700223051883,"+"
"SNRPG","chr7_27758133_27765833",315.695394004264,"+"
"CIRBP","chr19_8321574_8321655",315.69509363754,"-"
"NCL","chr1_53228954_53235576",315.659407806499,"+"
"HNRNPL","chr9_136850560_136850754",315.654504257787,"+"
"SETD1A","chr19_38290280_38290517",315.641530072501,"-"
"PRR3","chr10_104259798_104266083",315.591266546346,"-"
"SF1","chr15_64156142_64156724",315.574198116323,"-"
"SRRM2","chr10_29569312_29657968",315.525724642957,"+"
"RNPS1","chr12_117041994_117049018",315.4885977934,"-"
"MBNL1","chr15_45689217_45690972",315.485242139271,"+"
"ZC3H3","chr7_76064953_76066279",315.483877609049,"-"
"RBM45","chr12_76450988_76459858",315.467773736211,"+"
"G3BP1","chr1_153544809_153545469",315.455583642986,"-"
"PUM1","chr11_47419197_47422573",315.426659310998,"-"
"RBM45","chr17_75320550_75321658",315.377915891501,"-"
"NONO","chr10_31852597_31861394",315.26727434025,"+"
"ZRSR2","chr10_12167811_12170899",315.259453402246,"-"
"SNRPD2","chr15_80979477_80981949",315.254854552268,"+"
"U2AF1L4","chr17_36578186_36579244",315.190722382962,"-"
"SNRPD2","chr3_196307012_196316097",315.143811231964,"+"
"HNRNPA2B1","chr20_56388202_56392167",315.131843224061,"-"
"CIRBP","chr12_6492972_6493716",315.085620595089,"-"
"HDLBP","chr4_2042068_2042326",315.064651906786,"-"
"SSB","chr18_9476286_9512990",315.026800534584,"+"
"EIF3B","chr6_30062017_30062223",315.015896274652,"+"
"DUS3L","chr10_100984074_100986748",314.985077046412,"-"
"CSTF2","chr19_15831356_15835217",314.881508129335,"+"
"TAF15","chr1_205729621_205749956",314.863733699361,"+"
"MATR3","chr2_181900904_181901765",314.863520126411,"+"
"ZC3H7B","chr2_73946906_73958145",314.862035677938,"+"
"IREB2","chr5_96727530_96729611",314.831867414658,"-"
"PUF60","chr3_197149796_197194424",314.781402824746,"+"
"LARP4","chr4_145111064_145112238",314.726886968123,"-"
"CIRBP","chr2_187467932_187484123",314.715095159555,"+"
"FXR2","chr16_89561598_89561717",314.692739123973,"-"
"PABPC1","chr7_100435767_100435847",314.685002407298,"+"
"G3BP1","chr10_13132197_13136744",314.653374360011,"-"
"HNRNPC","chr8_56301573_56303188",314.645615412598,"-"
"ZC3H3","chr5_65529199_65541354",314.618877492829,"-"
"PPIL4","chr11_134248959_134249166",314.615172922732,"+"
"ANKHD1","chr1_153626533_153627278",314.6133800715,"-"
"SNRPF","chr6_85677492_85677794",314.591139941451,"+"
"CSDE1","chr2_85596931_85597103",314.518941551043,"+"
"RBM12","chr5_135335141_135343259",314.488094939626,"+"
"MBNL2","chr1_244842058_244842194",314.468189484694,"+"
"PTBP1","chr1_20780540_20786648",314.450566619314,"+"
"SNRPG","chr2_70288192_70293617",314.438217822329,"-"
"TAF15","chr19_35509961_35510183",314.413403364677,"+"
"RBM45","chr21_42350030_42350878",314.391138414468,"+"
"SETD1A","chr11_117328208_117338565",314.366036410772,"-"
"PRPF3","chr1_6197755_6199561",314.360577809524,"-"
"MATR3","chr6_34421807_34424668",314.326418698938,"+"
"HNRNPA0","chr1_74736622_74738689",314.320424344433,"+"
"HNRNPA1","chr11_130120818_130121231",314.316052384116,"-"
"SF1","chr1_154992786_154992901",314.301246334193,"+"
"CSDE1","chr9_127447989_127449280",314.291434454403,"-"
"MBNL2","chr1_42667440_42676583",314.290791517676,"+"
"NCL","chr11_59853321_59854651",314.253220085664,"+"
"HDLBP","chr11_126267712_126268002",314.249017293279,"+"
"PABPC1","chr6_33276066_33276390",314.227030893239,"-"
"YTHDC2","chr20_45815745_45815853",314.203009240397,"-"
"HNRNPH2","chr19_18433932_18434216",314.200605367887,"-"
"HNRNPAB","chr11_65920462_65920568",314.190663071425,"+"
"RNPS1","chr8_73959818_73972244",314.179975657055,"+"
"ZC3HAV1","chr12_53295639_53295838",314.158752989116,"+"
"HELZ","chr5_177441053_177441736",314.149440541247,"+"
"ZC3H6","chr17_47151918_47154671",314.132483149119,"+"
"CPSF7","chr15_84655404_84657175",314.118277006312,"-"
"HNRNPAB","chr20_35279206_35279941",314.020226864081,"-"
"SNRPD2","chr11_66056955_66057268",313.976186496223,"+"
"SRBD1","chr10_80155912_80157966",313.973564472446,"-"
"CSDE1","chr2_74142360_74145188",313.97283822231,"-"
"TDRKH","chr5_73128531_73131537",313.951349798638,"-"
"LARP4","chr15_78546698_78548789",313.948866281445,"+"
"EIF4B","chr20_35739017_35740524",313.939467536875,"+"
"EIF4B","chr6_85677875_85677953",313.936533640582,"+"
"TOE1","chr19_18900449_18904770",313.928699408207,"-"
"PARP12","chr12_52248211_52251776",313.921227369692,"-"
"CIRBP","chr19_35503447_35505717",313.913458918319,"+"
"SNRPG","chr8_70598255_70600018",313.881455719627,"+"
"RC3H2","chr18_79973856_79988239",313.866848273904,"-"
"EIF4B","chr17_44212006_44212818",313.853048940985,"-"
"ZC3H4","chr3_160412084_160412325",313.847094488493,"+"
"MBNL1","chr1_153561591_153565505",313.81294231513,"-"
"LARP6","chr19_38815717_38815851",313.795652129946,"-"
"SAMD4B","chr20_31566295_31569119",313.795235296716,"+"
"RBM45","chr19_40775669_40776968",313.764061313015,"-"
"RBM27","chr2_147871512_147896300",313.759914745482,"+"
"HNRNPC","chr1_203861713_203862189",313.731763882568,"-"
"ALKBH8","chr5_146177665_146182621",313.700531990972,"-"
"SSB","chr19_41860845_41861111",313.666553343405,"+"
"HNRNPC","chr1_23967723_23971572",313.665381366088,"+"
"RBMX","chr22_46308207_46308318",313.655658712258,"+"
"YTHDF1","chr12_53296551_53297849",313.639748696854,"-"
"PTBP1","chr17_38850466_38852603",313.638796048135,"-"
"PABPC1L","chr8_73959818_73972244",313.623343659726,"-"
"SYNJ1","chr2_223758750_223775900",313.57743068457,"-"
"SRBD1","chr3_157150381_157151916",313.568399278697,"+"
"HNRNPK","chr9_124858537_124860182",313.535415622588,"-"
"ZFP36L1","chr1_155729122_155729207",313.512194775457,"+"
"HNRNPA1","chr7_150792175_150793087",313.472543579255,"+"
"PPARGC1B","chr19_10682704_10683136",313.43779098142,"-"
"IREB2","chr15_59639165_59642135",313.420245315392,"-"
"PDCD11","chr1_156596478_156598034",313.375821347831,"+"
"IREB2","chr1_224967583_224967679",313.362781620253,"+"
"HNRNPAB","chr12_10607936_10609830",313.34149858229,"+"
"RBM39","chr8_98045409_98045507",313.263152419284,"-"
"DUS3L","chr20_16044639_16049832",313.244076527469,"+"
"EIF4B","chr15_40037018_40038281",313.227435340976,"+"
"CIRBP","chr19_41860845_41861104",313.212056424546,"-"
"MATR3","chr3_196291374_196296005",313.189343745283,"+"
"MBNL2","chr7_16801803_16804952",313.093199136045,"+"
"SYNJ1","chr12_103951630_103953413",313.066982228424,"-"
"RBM4","chr3_172754660_172755294",313.047857013406,"+"
"FUBP3","chr8_85217502_85219235",313.03430617767,"+"
"RBM33","chr17_31983104_31988319",312.98735978701,"+"
"RBM33","chr7_6400188_6402315",312.975161010523,"-"
"HNRNPC","chr17_38755990_38760507",312.940488968692,"-"
"ZC3H14","chr1_67424977_67425082",312.921577288001,"-"
"SRRM2","chr5_146164471_146168127",312.899509493954,"+"
"LARP6","chr9_32553944_32570959",312.872615118681,"-"
"FMR1","chr17_41689941_41690090",312.817368156989,"-"
"HDLBP","chr19_55386693_55387934",312.799396772724,"-"
"RBM5","chr16_56625879_56626879",312.797869678235,"-"
"FXR1","chr1_23693913_23695797",312.786271538381,"-"
"RBM26","chr1_156744348_156745007",312.778049038168,"+"
"RBM22","chr2_200378371_200389222",312.773051543217,"-"
"FXR1","chr1_153535353_153535948",312.76435580196,"-"
"MBNL1","chr12_112446398_112450317",312.710685500808,"+"
"EWSR1","chr1_53228954_53235576",312.708543933795,"+"
"RBM5","chr20_45841956_45844262",312.695260800661,"+"
"TAF15","chr1_44775600_44776033",312.669162150233,"+"
"CSDE1","chr18_9475691_9512990",312.651745544385,"+"
"YTHDC2","chr18_694334_706469",312.631442994866,"-"
"RBM38","chr2_219001_224863",312.56976233634,"-"
"RBM38","chr17_51170049_51171486",312.525308476673,"-"
"RBMX","chr4_82426129_82426462",312.50231395847,"-"
"HNRNPH2","chr19_35505986_35510183",312.470188797547,"-"
"EIF3B","chr2_197500439_197501073",312.461112732452,"+"
"MATR3","chr14_54417951_54418213",312.454447371434,"-"
"CHERP","chr2_218228796_218245419",312.424525468119,"-"
"CPSF4","chr17_49703011_49703187",312.362016346526,"+"
"FUBP1","chr7_93887431_93889034",312.353275430705,"+"
"FUBP3","chr12_123618837_123619431",312.336224683895,"+"
"PCBP4","chr17_59112345_59131280",312.307641109387,"+"
"AKAP1","chr16_4853166_4857989",312.304677297782,"+"
"RBMX","chr17_42998831_43002672",312.294692002706,"-"
"ZFP36L1","chr12_53038411_53039237",312.285346005061,"+"
"HDLBP","chr15_74920442_74926765",312.278498639978,"-"
"ZC3H6","chr11_61790599_61792555",312.26996848228,"-"
"SAMD4B","chr2_218239484_218249363",312.221505016805,"-"
"ZC3H13","chr7_87341684_87345042",312.202662529558,"+"
"CPSF6","chr19_35505765_35509910",312.180413487177,"-"
"PUM1","chr7_6398677_6400125",312.156919173122,"-"
"PARP12","chr16_66934066_66934222",312.134267004793,"+"
"CHERP","chr16_634935_635280",312.12167078047,"-"
"YTHDF1","chr2_237720822_237748363",312.117649963122,"-"
"HNRNPH2","chr19_38290575_38291839",312.109453354227,"+"
"YTHDF1","chr19_35651349_35658593",312.104713065986,"-"
"PUM1","chr3_196740157_196749846",312.102273452454,"-"
"LSM1","chr20_41061490_41077581",312.099065616737,"-"
"RBM39","chr15_34228589_34229752",312.088410553244,"+"
"RBMX","chr19_38382228_38383256",312.086468792472,"-"
"TUT1","chr20_56388784_56390555",312.068114268038,"-"
"ZC3H3","chr12_50192561_50195829",312.003355259698,"+"
"CPSF6","chr1_228147544_228147620",311.994384050527,"-"
"SF1","chr3_112993124_112995134",311.964928816951,"+"
"FXR1","chr2_227340380_227355676",311.944521870849,"+"
"YTHDF1","chr11_93730447_93731149",311.930881212313,"-"
"LSM1","chr2_197500439_197503038",311.899799995533,"-"
"HNRNPH2","chr12_76056161_76059797",311.876625997016,"+"
"SNRPG","chr1_173864704_173865470",311.850511369835,"-"
"ZC3H12A","chr3_180985996_180988022",311.842374134952,"+"
"RBM15","chr15_59358429_59372497",311.835660022223,"-"
"EIF4B","chr11_67586271_67586388",311.772654645884,"-"
"ZC3H12A","chr13_114282943_114286518",311.673709030885,"+"
"YTHDC1","chr1_205719673_205720500",311.665840128389,"-"
"RBM39","chr6_27138681_27146015",311.662332317636,"-"
"MEX3C","chr5_145765000_145796441",311.642202817275,"+"
"ZFP36L1","chr17_7857198_7883234",311.619819470548,"-"
"TTC14","chr16_3022998_3023232",311.606377235154,"+"
"FXR1","chr22_19516645_19516816",311.595721736064,"+"
"RNPS1","chr4_56452052_56459371",311.588331203151,"+"
"SF1","chr3_196296069_196306942",311.570941269514,"+"
"LARP1","chr1_156596478_156598034",311.529989465064,"+"
"PNPT1","chr8_100288267_100309866",311.515401024127,"+"
"ZFP36L1","chr15_64366075_64376742",311.496069591744,"+"
"HNRNPA1","chr11_5225726_5233990",311.456021521511,"-"
"PABPC1","chr2_69788141_69825455",311.45300933935,"-"
"RBM4","chr7_26191128_26192494",311.451605405488,"-"
"HNRNPH2","chr19_1244185_1244318",311.451378212783,"-"
"CNOT4","chr20_35739547_35740524",311.437206106832,"+"
"ZC3H12A","chr7_100435533_100435847",311.419417337192,"+"
"MBNL1","chr5_146177665_146182487",311.40720928668,"+"
"CNOT4","chr4_83456958_83458345",311.369158083541,"+"
"PABPC1","chr5_177332269_177334283",311.253781681598,"+"
"SF1","chr18_49491833_49492457",311.224425712008,"-"
"ZC3H8","chr20_56388202_56390555",311.205420165695,"-"
"ZNF74","chr17_5426299_5428070",311.200537971033,"-"
"ZC3H13","chr10_32935558_32953592",311.183006617375,"+"
"ZC3H13","chr17_75148671_75154341",311.143334837166,"+"
"SNRPB2","chr5_123512570_123545416",311.120415078288,"+"
"RBMXL1","chr20_63521593_63521667",311.115024310315,"-"
"RBMXL1","chr14_54418306_54419991",311.111156635897,"-"
"PPIL4","chr11_134248484_134248808",311.109489471742,"+"
"PDCD11","chr10_80155912_80157966",311.092654802281,"-"
"ZFP36L1","chr3_197951311_197954002",311.081902123821,"-"
"RBM26","chr6_159797347_159798051",311.064954244385,"-"
"KHDRBS3","chr11_66285536_66285700",311.063404694284,"-"
"YTHDF1","chr2_73957240_73958145",311.040798073094,"+"
"MATR3","chr3_186784696_186785882",311.028015878366,"-"
"PCBP2","chr12_56158711_56159974",310.982394781381,"-"
"EIF3B","chr5_96740118_96741265",310.966888813774,"+"
"RBM26","chr6_150885734_150887841",310.921975976992,"+"
"HNRNPC","chr10_104259798_104266083",310.836592955515,"-"
"MATR3","chr7_100091330_100091419",310.706504061726,"+"
"HNRNPC","chr20_16041278_16044570",310.688097617636,"+"
"NSUN6","chr3_98881767_98901121",310.673186701225,"+"
"MBNL1","chr19_18571909_18573292",310.66708937105,"-"
"PTBP2","chr7_22817548_22817999",310.64643759319,"-"
"SF1","chr1_2189781_2192844",310.611707255004,"-"
"CNOT4","chr6_109370467_109376073",310.588992541949,"+"
"RBMXL1","chr15_84655404_84657175",310.56429499387,"-"
"SNRPD2","chr19_45413745_45413962",310.55242855681,"-"
"PPARGC1B","chr2_27444061_27444188",310.549814723297,"-"
"TUT1","chr13_30463694_30465795",310.531991834996,"-"
"PPIL4","chr8_144792140_144792365",310.423316304377,"+"
"ZFP36L1","chr7_16792957_16794850",310.298220221081,"-"
"SETD1A","chr14_64924126_64926006",310.238932890671,"+"
"SETD1A","chr17_16441130_16441367",310.224293403426,"+"
"HNRNPK","chr19_49490576_49491072",310.21611675466,"-"
"FMR1","chr2_200309090_200329430",310.191256168717,"-"
"HNRNPC","chr1_156598121_156598226",310.189234979439,"+"
"MBNL2","chr1_28571338_28571866",310.181387945831,"+"
"RBM33","chr5_96740783_96741265",310.16772724171,"+"
"HNRNPH2","chr17_41523996_41524142",310.163664816927,"-"
"FXR1","chr20_16041278_16044570",310.150400219711,"+"
"SNRPG","chr3_179588995_179593764",310.122645603766,"-"
"MBNL2","chr1_155737063_155738156",310.099185945917,"+"
"SFPQ","chr5_82276280_82276397",310.098817124262,"-"
"ZC3H12A","chr17_49701510_49703187",310.031058883092,"-"
"ZC3H7A","chr1_44775600_44776033",310.019552938709,"+"
"ZC3H7A","chr5_139600435_139623367",310.015335474047,"-"
"CPSF4","chr16_88647181_88648044",309.978082418132,"-"
"RNPC3","chr10_86968605_86970475",309.968691534457,"+"
"EIF4B","chr19_35497538_35498597",309.928935621293,"-"
"FUS","chr19_44172952_44174983",309.920293577222,"-"
"SETD1A","chr8_708116_715860",309.872235764603,"-"
"CPSF7","chr1_23323732_23333517",309.852885417997,"+"
"TIA1","chr4_55582237_55599141",309.850271482358,"-"
"EIF3B","chr16_4848210_4857989",309.824270315514,"-"
"CPSF6","chr19_18433932_18434216",309.799305315744,"-"
"LEMD3","chr9_104095552_104096147",309.720026804836,"+"
"HNRNPAB","chr19_45414960_45416820",309.706737291145,"+"
"PABPC1","chr3_37096660_37129062",309.683926738526,"-"
"ZC3H7B","chr12_53295639_53297849",309.638624938709,"-"
"DGKQ","chr3_196488683_196502872",309.573039486062,"+"
"SNRPG","chr1_53233652_53235576",309.568165924004,"+"
"SLBP","chr5_178209447_178210131",309.557766851558,"+"
"SNRPD2","chr19_5679763_5680457",309.504702854986,"+"
"CPSF4","chr10_133355505_133355737",309.498395869456,"+"
"HNRNPA0","chr19_18903423_18904770",309.480045961033,"-"
"FUBP1","chr16_56625879_56626879",309.473500124828,"-"
"RBMX","chr20_44887742_44901530",309.452243486811,"-"
"PABPC1","chr3_108049651_108050577",309.432842679383,"+"
"SNRPG","chr14_58261020_58263704",309.422329474182,"+"
"HNRNPAB","chr18_180339_192841",309.391257271767,"+"
"SNRPG","chr8_66922725_66926377",309.360778099018,"-"
"HELZ","chr19_992121_994019",309.356395054967,"+"
"SF3B4","chr10_7807010_7807658",309.310838552862,"+"
"ZC3HAV1","chr12_71125387_71128823",309.28692929092,"-"
"MBNL2","chr17_6641152_6641752",309.284810585865,"-"
"TDRKH","chr22_37956842_37959345",309.252045319487,"-"
"EIF4B","chr15_49137437_49139527",309.250035052525,"+"
"NONO","chr1_44777737_44777999",309.225298977874,"-"
"SAFB2","chr1_110950123_110963620",309.203088035761,"+"
"CPSF6","chr15_58917020_58932355",309.159960851348,"-"
"SNRPD2","chr12_15621430_15623157",309.146817132492,"+"
"RBMX","chr8_56301573_56305596",309.076383115834,"+"
"ZC3H3","chr14_58261020_58267473",309.073460352733,"+"
"RBM27","chr13_27251656_27253764",309.068783374454,"-"
"PARP12","chr6_151325885_151348710",309.058442033313,"+"
"TDRKH","chr6_18237516_18244507",308.998266904442,"-"
"RBM41","chr19_16076697_16081912",308.987241139701,"+"
"U2AF2","chr6_10749698_10755141",308.901416273691,"-"
"YTHDC1","chr8_100705673_100706650",308.865531980934,"+"
"CPSF7","chr11_75402446_75404671",308.863989532248,"-"
"LARP1","chr12_52243137_52245411",308.862844982134,"+"
"TDRKH","chr3_47277379_47280951",308.830058716127,"-"
"RBM39","chr7_150803832_150804361",308.826507009203,"-"
"TUT1","chr16_18784823_18788062",308.812312482865,"-"
"ZNF638","chr22_37958471_37959345",308.771959242378,"-"
"RNPC3","chr16_81090680_81096130",308.747832454715,"+"
"TAF15","chr17_35820239_35820331",308.664249718676,"-"
"TTC14","chr7_26190460_26192494",308.641666481406,"+"
"PARP10","chr19_1438428_1438810",308.613243181271,"-"
"CSDE1","chr9_127450804_127451049",308.504520207957,"+"
"RBM12","chr6_31835451_31837235",308.499152889659,"+"
"FXR1","chr15_60386086_60402768",308.46689040973,"-"
"LARP1","chr6_33275883_33275964",308.414043604069,"+"
"YTHDC2","chr1_183633154_183635516",308.387275658576,"+"
"SNRPD2","chr5_150444353_150445608",308.35307358719,"+"
"HELZ","chr18_49491584_49492257",308.338980482293,"-"
"SF1","chr11_47569891_47571470",308.336940848933,"-"
"TTC14","chr10_80155912_80157671",308.285993384548,"-"
"ZC3H12A","chr7_99365738_99365890",308.263439737715,"-"
"PUM1","chr17_82036448_82036543",308.236780375398,"+"
"MBNL1","chr19_1272051_1272426",308.22001828175,"-"
"HNRNPA0","chr7_1153224_1155452",308.208049073901,"+"
"RBMXL1","chr20_31739621_31757406",308.195485516853,"-"
"YTHDF1","chr1_235119406_235119817",308.192274525185,"-"
"FUBP1","chr19_36114066_36114176",308.150513945271,"+"
"FXR1","chr12_52237569_52238679",308.149284423229,"+"
"TUT1","chr6_167870498_167875334",308.129479155889,"+"
"SNRPD2","chr12_96003064_96003837",308.078909377047,"+"
"ALKBH8","chr10_12172866_12177792",308.05214252573,"-"
"CPSF6","chr9_32558954_32570959",308.047445317333,"+"
"HNRNPA0","chr3_98867438_98881539",308.037737614458,"-"
"FUS","chr19_35505765_35510183",308.03741132937,"-"
"PABPN1","chr11_62534074_62535002",308.023983214179,"+"
"MKRN2","chr19_48960914_48961482",307.965148409207,"-"
"RBM33","chr4_48899925_48904483",307.949812506838,"-"
"CPSF4","chr17_75574668_75574870",307.921504087093,"-"
"CSDE1","chr2_218228850_218245419",307.907584803912,"-"
"G3BP1","chr2_131472182_131491875",307.891755331664,"-"
"ZFP36L1","chr11_85654234_85655593",307.878212269286,"+"
"YTHDF1","chr1_15426018_15428592",307.788296433724,"+"
"ZC3HAV1","chr3_142596509_142664201",307.764682054719,"+"
"PABPC4","chr6_26127761_26138053",307.738007672647,"+"
"FUS","chr8_61661926_61680967",307.69566045119,"-"
"RNPC3","chr1_11055084_11056010",307.604541223369,"-"
"HNRNPC","chr12_52243137_52248176",307.522047821781,"-"
"ANKHD1","chr16_4796033_4796189",307.458350359244,"-"
"SLTM","chr20_35740597_35740823",307.44849791421,"-"
"PDCD11","chr7_54757594_54759037",307.391928418935,"-"
"RBM33","chr22_40951476_40964046",307.374316786807,"-"
"PPARGC1B","chr19_55401762_55404060",307.345224616157,"-"
"ZNF638","chr11_119017552_119017957",307.323566571753,"-"
"FUBP3","chr12_122511188_122515104",307.308686083829,"+"
"ZC3H14","chr3_197142768_197194424",307.281133830624,"-"
"CSDE1","chr2_237727935_237748363",307.277906155584,"-"
"ZC3HAV1","chr19_1599560_1602330",307.223355819916,"-"
"SNRPG","chr16_85805864_85806826",307.179467363092,"-"
"PARP10","chr2_232567214_232574262",307.17376610954,"-"
"SPEN","chr15_80979477_80981949",307.142073189321,"+"
"TEP1","chr8_61644632_61651049",307.133493844829,"-"
"FUBP1","chr13_36952599_36971976",307.092122192127,"-"
"ZC3HAV1","chr2_46581591_46592474",307.081375689097,"-"
"ZFP36L1","chr3_184366800_184368176",307.069213549068,"+"
"FUBP1","chr9_35684315_35685475",307.066374888976,"-"
"MEX3C","chr22_35263874_35264647",307.041453540566,"+"
"RBM5","chr13_27255354_27256183",306.990541869899,"+"
"CPSF6","chr4_82424883_82425562",306.98233096331,"-"
"MEX3D","chr6_109369017_109376073",306.941220534054,"-"
"SFPQ","chr17_76735158_76736153",306.918803212455,"+"
"HNRNPK","chr1_173864704_173865470",306.890794002399,"-"
"MEX3D","chr7_22818048_22822153",306.880559400634,"-"
"SNRPG","chr2_241166441_241169780",306.773089855935,"+"
"NCL","chr12_56724523_56725262",306.735093420501,"+"
"RBMX","chr5_69175537_69177290",306.713251139606,"-"
"TIA1","chr19_44172952_44175497",306.634850639762,"+"
"FUBP1","chr7_107613432_107621629",306.610538264761,"+"
"MEX3C","chr1_20776005_20776596",306.606678728519,"+"
"SSB","chr6_79201726_79202275",306.593179676896,"+"
"ZC3H4","chr3_40458736_40461938",306.501641028714,"-"
"CSDE1","chr15_29800702_29820526",306.433266458571,"-"
"RBM34","chr5_10263259_10264655",306.40035480197,"-"
"LARP1","chr10_21920963_21928505",306.393501576001,"+"
"U2AF1L4","chr16_56439496_56439656",306.305761950497,"+"
"IREB2","chr4_48894053_48899828",306.29072949449,"-"
"PUM1","chr12_19265850_19269769",306.268378668184,"+"
"YTHDC2","chr15_78542645_78544868",306.256801156086,"-"
"FXR2","chr19_35119251_35119362",306.230064716378,"-"
"LARP6","chr20_13586814_13784879",306.201893828204,"-"
"FUS","chr9_34614768_34616029",306.178868647935,"+"
"TUT1","chr10_14530515_14604239",306.11608182747,"-"
"TUT1","chr10_14553387_14604239",306.11608182747,"+"
"PCBP2","chr19_12949159_12949274",306.097786134569,"+"
"HDLBP","chr19_41860844_41861111",306.034980256244,"-"
"ZFP36L1","chr19_36114412_36114797",305.951942984836,"-"
"RBM38","chr5_160094065_160118804",305.932159350361,"+"
"DGKQ","chr19_11343120_11371687",305.910787788172,"-"
"RBM15","chr2_200309090_200329430",305.900476697422,"+"
"RBM41","chr6_166929791_166938894",305.858506917998,"-"
"TIA1","chr4_55605349_55609119",305.825615797946,"-"
"HDLBP","chr1_161038075_161038879",305.784758402607,"+"
"MSI2","chr3_146525647_146528613",305.690271022595,"-"
"MKRN2","chr6_35469285_35469380",305.689404718323,"-"
"TAF15","chr4_189952287_189953067",305.659952744797,"+"
"PUM1","chr1_6186816_6197651",305.642158185072,"-"
"KHSRP","chr17_50737026_50740305",305.607947545388,"+"
"SNRPG","chr17_73212740_73227164",305.568384904567,"-"
"HNRNPC","chr11_93738440_93739236",305.552701981164,"-"
"ZC3H7B","chr8_127162084_127168897",305.552071154383,"+"
"TDRKH","chr8_119208604_119240164",305.472821130637,"-"
"HNRNPH2","chr13_27254281_27256183",305.435240645322,"-"
"RBM33","chr7_6400188_6402315",305.383636195784,"-"
"TIAL1","chr11_67490449_67490787",305.369163706735,"-"
"ZC3H12C","chr19_43652371_43656478",305.358839447398,"-"
"RBM5","chr17_51168250_51171486",305.316704818337,"-"
"TDRKH","chr3_187042771_187127998",305.316195990985,"-"
"RBM26","chr17_44212006_44212818",305.312368634342,"+"
"FXR1","chr11_72755142_72755700",305.287139561311,"+"
"RBM28","chr3_149375588_149375679",305.248006311764,"+"
"IREB2","chr16_634797_635611",305.241017142148,"+"
"RBM26","chr16_4341504_4343206",305.228227420573,"+"
"ZC3H14","chr6_70395043_70395229",305.214574149218,"+"
"TAF15","chr12_53295639_53296243",305.202981010222,"-"
"SETD1A","chr6_30061669_30062223",305.169950340896,"-"
"PTBP1","chr3_180985996_180988022",305.038198278693,"+"
"MATR3","chr15_60386086_60397257",305.004725236657,"-"
"RBM39","chr8_96231132_96231773",304.988410795631,"-"
"SRRM2","chr17_7017014_7017260",304.854021841533,"+"
"EIF2S1","chr17_7857198_7883234",304.82912301955,"-"
"PCBP1","chr10_32951758_32953592",304.77767074161,"-"
"ZNF74","chr22_39313310_39313633",304.736047773372,"-"
"FXR2","chr10_118341927_118342269",304.732564004405,"-"
"KHDRBS3","chr11_62833131_62833791",304.725442587916,"-"
"CPEB3","chr11_68050254_68050740",304.703532441763,"+"
"SF1","chr2_206162104_206162524",304.702048770701,"-"
"LARP4","chr3_167720273_167725400",304.695465939877,"+"
"HNRNPH2","chr17_16000382_16001914",304.680408087139,"+"
"FUS","chr1_19597109_19623473",304.670871333278,"-"
"FMR1","chr1_205719676_205720500",304.665315934691,"+"
"RBM12","chr19_35122095_35122764",304.664502451826,"-"
"MBNL1","chr1_20483719_20484366",304.630018111305,"-"
"ZC3H12A","chr1_183623471_183630460",304.612018910758,"-"
"HELZ","chr1_45616703_45617462",304.606967092397,"+"
"SRRM2","chr13_27445156_27450141",304.541213602194,"+"
"YTHDC1","chr12_57303217_57305639",304.501428342671,"-"
"SYNJ1","chr3_126914750_126957424",304.478551118086,"-"
"TIAL1","chr17_59112345_59119318",304.477179406835,"+"
"TIAL1","chr12_6944565_6945770",304.451475259944,"+"
"PABPC1L","chr18_9119590_9126830",304.379939868897,"-"
"RNPS1","chr5_77693352_77705565",304.375314341517,"-"
"LENG9","chr7_27617688_27627222",304.310351377363,"+"
"TAF15","chr6_29724448_29725446",304.305870719008,"+"
"ZC3H12A","chr22_24557800_24567983",304.243063172543,"-"
"EIF3B","chr7_21908507_21911616",304.190420353664,"+"
"SRRM2","chr7_44834562_44840898",304.189314498158,"-"
"TRA2A","chr17_44212454_44212818",304.169187019833,"+"
"LARP6","chr17_41689941_41690087",304.097787224142,"+"
"G3BP1","chr5_132867035_132867487",304.087922004872,"+"
"TAF15","chr4_82358820_82359470",304.072919407252,"+"
"RBM26","chr16_80976179_80980769",304.025817411139,"-"
"ZFP36L1","chr2_9406905_9408112",304.005801687691,"-"
"PUF60","chr7_26192338_26192494",303.934005295948,"-"
"ZC3H12A","chr8_144412946_144413512",303.925957401533,"-"
"ZC3HAV1","chr1_153545518_153545752",303.907118841151,"-"
"LEMD3","chr1_42457567_42459602",303.86514393573,"-"
"RBM28","chr18_49491833_49492457",303.854203648517,"-"
"FMR1","chr12_76047718_76048420",303.843631787807,"+"
"NONO","chr3_44926847_44929305",303.780546343188,"+"
"NONO","chr11_62559827_62560068",303.778302234947,"-"
"MKRN2","chr14_21372044_21373337",303.758694471002,"+"
"RBM5","chr21_33904021_33912288",303.696016336974,"-"
"EIF4B","chr17_44212006_44212343",303.677897845419,"+"
"LARP6","chr1_63446856_63453917",303.624597462953,"-"
"RNPS1","chr5_173020367_173034398",303.615420209926,"+"
"FUBP1","chr2_200378371_200389222",303.4940645158,"-"
"TUT1","chr11_47565986_47569699",303.43382444489,"+"
"ZC3H4","chr11_88326443_88328111",303.4296776507,"-"
"RNPS1","chr8_97691188_97699753",303.421325966824,"+"
"MEX3D","chr11_134248484_134249166",303.416427032699,"+"
"MBNL2","chr11_66055315_66055534",303.411120755351,"-"
"RBM39","chr1_70228555_70232267",303.402506800455,"+"
"ALKBH8","chr13_43069003_43085767",303.380837129338,"-"
"PDCD11","chr4_39456538_39457518",303.367947211887,"-"
"CPEB2","chr3_179604939_179616982",303.344730855113,"-"
"LEMD3","chr6_85612923_85614980",303.305429628339,"+"
"ZC3H14","chr1_92833660_92840550",303.304598782182,"-"
"FXR2","chr17_78214789_78215965",303.254889921323,"-"
"NONO","chr19_6364639_6368537",303.240428345736,"-"
"RBMX","chr10_73053590_73068845",303.225920899404,"+"
"G3BP1","chr14_103123951_103126309",303.220820183792,"+"
"SF1","chr1_45591270_45602254",303.211964003161,"+"
"SAMD4B","chr12_56116799_56117481",303.18918073204,"-"
"ALKBH8","chr7_105064116_105066726",303.128318984468,"-"
"LARP4","chr5_32591685_32598960",303.036341978931,"-"
"RBM4","chr2_227340380_227355676",303.014503743246,"+"
"RBMX","chr11_67490449_67490787",302.963750609475,"-"
"ZC3H3","chr2_111429620_111447211",302.941476108124,"+"
"HNRNPM","chr9_136862496_136862905",302.850621001824,"+"
"LSM1","chr12_4543904_4548091",302.811153305515,"-"
"ZC3HAV1","chr3_49016086_49016157",302.732727412284,"-"
"SETD1A","chr12_96003064_96006313",302.643426686604,"-"
"LARP6","chr4_108620945_108621950",302.598847830497,"-"
"TIAL1","chr12_32747363_32749936",302.598742545617,"+"
"MEX3C","chr7_26197732_26200571",302.522777908346,"-"
"LEMD3","chr8_54000050_54010429",302.499671674869,"+"
"MBNL2","chr14_55661612_55667240",302.482964940034,"-"
"CHERP","chr16_634797_636093",302.478993269995,"+"
"EIF4B","chr2_169819643_169821942",302.452001299962,"-"
"TAF15","chr2_187467932_187484123",302.393456477823,"+"
"TAF15","chr6_85678188_85678697",302.392221581357,"+"
"RBM33","chr4_55609179_55630401",302.337936141472,"-"
"EWSR1","chr11_47565986_47571470",302.31460367083,"+"
"LARP4","chr5_96727530_96729611",302.252076711561,"-"
"FXR1","chr3_172754660_172755294",302.245283236823,"+"
"RBMX","chr18_56603056_56610992",302.197635180249,"+"
"RBM4","chr16_67228657_67228796",302.188507363133,"-"
"ANKHD1","chr5_65529199_65541354",302.148328091428,"-"
"FXR2","chr12_120695000_120696315",302.146974548057,"-"
"LARP6","chr15_74448587_74449185",302.134837963672,"-"
"PDCD11","chr7_151355950_151356127",302.10393636696,"+"
"MKRN2","chr1_153643364_153645063",302.097777253623,"+"
"SAMD4B","chr19_45413745_45413962",302.084388589417,"-"
"PUF60","chr11_31433570_31463171",302.081943486045,"+"
"PABPN1","chr19_582582_582749",302.038620603149,"+"
"LSM11","chr6_13793947_13798832",302.026850737807,"+"
"MYEF2","chr1_20780540_20786648",302.026184256755,"+"
"DUS3L","chr12_57303217_57310263",301.94735199204,"+"
"ZC3HAV1","chr17_35824099_35833906",301.922873717485,"-"
"RBM28","chr5_56914966_56916814",301.895499591355,"+"
"MBNL2","chr17_76735158_76736153",301.692821005161,"+"
"DUS3L","chr17_32479886_32480145",301.662840481623,"+"
"TUT1","chr16_634797_635611",301.6163380307,"-"
"ZC3HAV1","chr1_45616703_45617462",301.613711941793,"+"
"FUS","chr6_43054486_43055544",301.560555777398,"+"
"ZC3H12A","chr6_30346564_30346712",301.516687456667,"-"
"EIF4B","chr9_127450804_127451049",301.516484632037,"+"
"MEX3C","chr17_44036300_44037423",301.44997380762,"-"
"NONO","chr17_73209768_73212677",301.382793727189,"+"
"MBNL1","chr17_81891863_81894466",301.311967134836,"-"
"PDCD11","chr3_196740157_196765920",301.288299579049,"-"
"PTBP2","chr12_76060279_76074202",301.283793586255,"-"
"RBM38","chr4_48885565_48904483",301.231617128591,"-"
"FXR1","chr8_56073272_56074059",301.203942498495,"-"
"NONO","chr20_44887742_44901530",301.201316649622,"+"
"FMR1","chr5_150447735_150449485",301.173300404925,"-"
"YTHDC1","chr8_61644632_61651049",301.159952483734,"+"
"RBM33","chr17_43013882_43014107",301.14442812521,"+"
"LARP4","chr19_2324196_2328386",300.961243256294,"-"
"RNPS1","chr1_53228954_53235576",300.928595647695,"-"
"RBM27","chr10_63215455_63215552",300.883609028708,"+"
"RBM33","chr4_2042175_2042326",300.865200475957,"+"
"CCAR1","chr3_172755374_172756982",300.68788062001,"-"
"RBM39","chr5_139600435_139614585",300.674599192521,"+"
"MBNL1","chr10_133311841_133312787",300.670329595914,"+"
"MKRN2","chr1_28579587_28579941",300.59283352024,"-"
"TIAL1","chr16_19418092_19430412",300.562904138474,"+"
"EIF3B","chr7_151077027_151077100",300.424955527597,"+"
"PCBP4","chr15_34227846_34228428",300.397965614522,"-"
"PUM1","chr12_117041994_117049018",300.315289583897,"+"
"YTHDC1","chr2_46581591_46592474",300.19097375097,"+"
"RBM33","chr5_139600435_139623367",300.18423924753,"-"
"SRRM2","chr14_92118966_92121641",300.175644719491,"+"
"SRRM2","chr18_79973856_79988239",300.127218008481,"-"
"SRRM2","chr2_73957240_73958145",300.118089935386,"+"
"RBM26","chr5_69371171_69373829",300.109112225874,"+"
"MKRN2","chr18_79973856_79988239",300.090032831826,"+"
"TAF15","chr22_46297479_46308149",300.038741760913,"+"
"RBM5","chr9_129634306_129635207",299.98622817758,"+"
"SRRM2","chr14_94114880_94115789",299.945420121734,"+"
"SRRM2","chr18_59155807_59157607",299.937703349628,"+"
"RNPC3","chr11_119017545_119018281",299.903573381457,"-"
"ZC3H7B","chr7_20198670_20217298",299.820614328831,"-"
"DUS3L","chr19_54106011_54106352",299.818468442139,"-"
"U2AF2","chr19_45414034_45414860",299.755870809981,"-"
"LSM1","chr16_85779867_85781210",299.742371721361,"-"
"SAMD4B","chr20_49124605_49135832",299.687865269574,"-"
"RBM27","chr3_108188230_108191520",299.648276919589,"-"
"ZC3H3","chr3_49022768_49022875",299.594336202238,"-"
"MBNL1","chr11_10807381_10808704",299.546887985585,"+"
"RNPS1","chr19_35503447_35505717",299.487311133383,"+"
"ZFP36L1","chr19_35505986_35508204",299.457847463766,"-"
"HNRNPC","chr6_109369017_109370410",299.42330474671,"+"
"RBM26","chr12_53666752_53669147",299.389467542205,"-"
"RNPS1","chr1_161100853_161102047",299.352453172431,"-"
"YTHDC1","chr20_63521363_63521511",299.245845786477,"+"
"RBM22","chr13_72778380_72780845",299.240678834942,"+"
"SFPQ","chr11_63756170_63758155",299.219867955409,"+"
"PDCD11","chr12_32747363_32749936",299.198853072473,"+"
"FUS","chr5_96730860_96736171",299.19180074182,"+"
"EIF3G","chr5_87394484_87395043",299.156861483036,"+"
"GRSF1","chr19_18589077_18590853",299.11562424028,"-"
"MBNL1","chr9_36199096_36204067",299.092079093542,"+"
"EIF3B","chr5_40834638_40835182",299.047061846336,"-"
"MKRN2","chr1_156744570_156745007",299.046469406395,"-"
"YTHDC1","chr10_29569312_29657968",299.005386933939,"+"
"PUM1","chr7_150804719_150804826",298.993845947403,"-"
"MBNL2","chr7_44800543_44801286",298.951523696128,"-"
"DUS3L","chr8_70598255_70600018",298.924827714689,"+"
"PABPN1","chr2_3545840_3547930",298.881976342721,"-"
"RBM27","chr19_2324192_2328386",298.820968316094,"+"
"TEP1","chr15_51829836_51862810",298.814943698739,"-"
"RBM41","chr14_54417951_54418213",298.752623635097,"-"
"EIF2S1","chr17_82392534_82394330",298.53804384041,"+"
"SF3B4","chr9_108992819_109013301",298.517133677273,"-"
"ZC3H7B","chr1_212442625_212445829",298.461795404185,"-"
"FXR2","chr12_57305663_57310263",298.348483947414,"-"
"RBM17","chr6_116571655_116580294",298.335168258621,"+"
"TEP1","chr19_35505986_35507457",298.169339568929,"-"
"SRRM2","chr19_5896650_5896904",298.141452992962,"-"
"ANKHD1","chr9_15478552_15486005",298.11926400269,"-"
"LSM11","chr2_27444061_27444188",298.048168107381,"-"
"LSM1","chr1_52083541_52086111",297.994430594976,"+"
"EIF3B","chr18_9476286_9512990",297.963337372986,"-"
"CCAR1","chr15_83004972_83008547",297.897671833871,"-"
"RNPC3","chr3_119676966_119677203",297.858746090564,"-"
"CPEB2","chr8_119208604_119240164",297.80054935133,"-"
"RBM38","chr11_66285536_66285700",297.761577068272,"-"
"PTBP2","chr20_45469860_45479941",297.74695528151,"-"
"PPARGC1B","chr15_63533918_63537024",297.714567334368,"-"
"RBM5","chr10_94546498_94554125",297.685686318472,"+"
"SART3","chr2_101860986_101864929",297.665681013456,"+"
"FXR2","chr19_55386674_55387929",297.646149893838,"-"
"NSUN6","chr6_166858259_166938894",297.640811092515,"-"
"HNRNPF","chr1_24646789_24648858",297.622402150294,"+"
"PPIL4","chr3_193617285_193618868",297.580153189953,"+"
"ZC3H10","chr12_6975148_6975228",297.468341752946,"+"
"LSM1","chr9_108992819_109013301",297.449502289382,"+"
"DUS3L","chr8_144412946_144413236",297.439752765159,"+"
"ZC3H3","chr18_2667031_2688393",297.383059135262,"-"
"TIA1","chr3_69044595_69047357",297.255733317449,"+"
"PABPC1L","chr15_64366075_64376742",297.249762229727,"+"
"MBNL2","chr17_48930612_48933204",297.215400056699,"-"
"PABPN1","chr11_93730447_93731149",297.215011448513,"-"
"PCBP2","chr19_32581327_32582194",297.189642874584,"+"
"PDCD11","chr22_49824331_49827496",297.065308443385,"+"
"RBM38","chr4_56452052_56453602",296.983743929971,"+"
"SAMD4B","chr17_50368298_50370031",296.958719124381,"+"
"DUS3L","chr12_6975148_6975695",296.925236874344,"-"
"SFPQ","chr5_56914966_56916814",296.922113442345,"+"
"RBM27","chr10_100983817_100983947",296.837404739166,"-"
"PPARGC1B","chr19_49497372_49497519",296.835734570208,"-"
"TARDBP","chr3_197149796_197194424",296.705042469643,"+"
"DHX57","chr17_51168342_51169936",296.599956357606,"-"
"ZNF239","chr19_17424067_17424930",296.50294565457,"-"
"MBNL2","chr13_19675653_19677723",296.501514540543,"+"
"SRRM2","chr12_93398855_93399176",296.488500732332,"+"
"PABPN1","chr9_111570209_111574733",296.481774759905,"+"
"PTBP2","chr2_213297357_213310058",296.472993008694,"+"
"G3BP2","chr1_23967723_23971572",296.46303704461,"+"
"ZC3H12A","chr3_172509321_172514860",296.396250632434,"-"
"MEX3C","chr19_54106011_54106810",296.168291341498,"+"
"EIF2S1","chr5_96727530_96729611",296.116544790672,"-"
"MBNL1","chr9_36204179_36265420",295.956033889194,"-"
"RBM39","chr14_54418306_54419991",295.916821494608,"+"
"MSI2","chr1_1390865_1393395",295.65421497784,"+"
"RBM39","chr19_6730384_6730986",295.638707195701,"+"
"RBM5","chr16_18788142_18788980",295.548241761228,"+"
"RDM1","chr5_139600435_139623367",295.330179461794,"-"
"LENG9","chr13_75530266_75537580",295.266155733376,"-"
"PTBP2","chr14_34605717_34609637",295.217304094908,"-"
"RBM41","chr9_108999256_109013301",295.217132402267,"+"
"FMR1","chr12_57303217_57310263",295.194269171941,"+"
"RBM26","chr12_56686917_56687997",295.132737495605,"-"
"SRRM2","chr5_112878835_112902379",295.122645316156,"-"
"ZC3H12C","chr10_119515652_119526031",295.117913493815,"+"
"PNPT1","chr17_7017014_7017256",295.000535310514,"+"
"TIAL1","chr4_38680682_38688584",294.931828209926,"+"
"SF1","chr12_54282874_54283811",294.834718395889,"+"
"RBM39","chr1_52083541_52086111",294.798856959659,"+"
"NSUN6","chr1_7970963_7984893",294.766228488249,"-"
"MEX3C","chr4_151099714_151102870",294.754425914072,"-"
"HNRNPA2B1","chr5_134741523_134743986",294.732564246256,"+"
"NSUN6","chr6_7579772_7582641",294.714211417734,"-"
"SYNJ1","chr14_55580354_55601756",294.695704838635,"+"
"FXR2","chr1_150302524_150308047",294.6167187501,"-"
"SAMD4B","chr5_133993018_134004646",294.404405265522,"+"
"FMR1","chr12_120695152_120696315",294.337637883463,"+"
"KHDRBS3","chr12_53100872_53101040",294.230728966357,"-"
"RNPS1","chr12_52243137_52245411",294.171462902922,"-"
"QKI","chr16_634956_635280",294.126006198536,"-"
"RBM5","chr19_29942664_29985222",294.119187771901,"-"
"SRRM2","chr13_36952599_36971976",293.982913093227,"-"
"PTBP1","chr3_180987022_180988022",293.963029713439,"+"
"TLR2","chr13_31141259_31145562",293.935853265282,"-"
"ZC3H12B","chr1_116519302_116521905",293.878870342289,"-"
"SSB","chr15_34227846_34229752",293.869368542878,"-"
"SFPQ","chr6_167827932_167864550",293.80021292523,"-"
"SAMD4B","chr17_60083766_60085102",293.680752655474,"+"
"PABPC1L","chr16_634956_635611",293.654813137182,"-"
"ZC3H12C","chr12_109088512_109092506",293.583761025441,"-"
"ZC3H7B","chr13_45337388_45338659",293.576666234419,"-"
"ZC3H7B","chr19_58246427_58246710",293.574317110031,"+"
"TEP1","chr9_93447697_93450478",293.554533687125,"+"
"MBNL2","chr10_63594854_63598023",293.487563305097,"+"
"DHX57","chr9_136993243_136993348",293.485059829696,"-"
"RNPS1","chr19_1105809_1106180",293.398727519839,"-"
"YTHDC1","chr1_1405886_1406908",293.349935614474,"+"
"RBM15","chr16_4848210_4857989",293.28645983143,"-"
"SPEN","chr12_53295639_53295838",293.236697692758,"+"
"FMR1","chr1_153535360_153535948",293.231340963466,"-"
"CHERP","chr1_19357563_19378539",293.15799583393,"+"
"SLTM","chr9_34017189_34048824",293.147099963031,"-"
"EIF3G","chr1_70228555_70232267",293.129609573315,"+"
"RBM33","chr1_173864304_173865470",292.599308076749,"-"
"RBM41","chr17_75574668_75574873",292.532117902299,"+"
"SF3B4","chr6_109369017_109370410",292.485136402588,"-"
"HNRNPA1","chr11_86306482_86337378",292.35992353172,"+"
"KHDRBS3","chr4_38688186_38688584",292.333231447718,"-"
"LSM1","chr5_154959175_154959979",292.298654581681,"-"
"ZC3H12C","chr10_63215455_63215552",292.173799212606,"+"
"RBM4","chr2_9406905_9408112",291.978854534863,"+"
"CHERP","chr8_56216531_56216679",291.96900883191,"-"
"PPARGC1B","chr22_35263874_35263981",291.787277153018,"-"
"PUM2","chr2_9406905_9407448",291.774207014996,"-"
"YTHDC1","chr12_32747363_32749936",291.773334828297,"+"
"PNPT1","chr11_134248484_134249166",291.701567793894,"-"
"LARP4","chr17_81891863_81894466",291.687482293019,"-"
"MBNL1","chr17_16441130_16441367",291.67136086765,"+"
"SPEN","chr19_35507511_35508204",291.606205376476,"+"
"TAF15","chr20_49278738_49279103",291.573645909007,"+"
"TAF15","chr7_87341684_87345042",291.513169823249,"-"
"RBM33","chr16_2772102_2776992",291.449494878907,"-"
"ZC3H12C","chr17_75320550_75321658",291.448633236737,"-"
"RBM33","chr9_136724939_136725054",291.425197511559,"+"
"ZNF74","chr18_79977701_79988239",291.284804922774,"+"
"HNRNPC","chr12_10702134_10704050",291.27483155793,"+"
"ZC3H12C","chr12_4546418_4548091",291.202123064309,"-"
"FXR1","chr3_172755374_172756982",291.132972793966,"-"
"RBM4","chr8_85217502_85219235",291.12509217497,"-"
"PDCD11","chr20_36607818_36612009",291.070207926367,"-"
"HNRNPC","chr1_24646789_24648858",290.992187221902,"+"
"PPARGC1B","chr19_992121_994212",290.882103960976,"+"
"CHERP","chr8_674047_690969",290.87397445569,"+"
"MEX3C","chr3_49015707_49015803",290.846027195033,"-"
"RDM1","chr5_135360604_135369405",290.820228278163,"-"
"YTHDC1","chr19_42297365_42300008",290.819562710158,"-"
"RBM15","chr10_102402159_102402251",290.812441169819,"-"
"PABPC1L","chr13_36952599_36985626",290.605992081416,"-"
"NSUN6","chr3_98881767_98901121",290.539039038356,"+"
"DKC1","chr6_116571655_116580294",290.498320800738,"+"
"ZC3H12C","chr3_146528831_146533469",290.422813017769,"-"
"TIAL1","chr11_62833131_62833617",290.361645344965,"+"
"PPARGC1B","chr16_18784823_18788062",290.26943553535,"-"
"RBM26","chr17_7017014_7017260",290.268004579096,"+"
"FUS","chr2_216500031_216529269",290.085786026201,"-"
"FUS","chr5_131162676_131165059",290.025561003923,"-"
"RBM17","chr17_78214789_78215965",289.907242781096,"-"
"PDCD11","chr15_63044152_63056984",289.872870081493,"+"
"PCBP4","chr15_41387580_41388447",289.86003664309,"-"
"PTBP2","chr3_195382022_195442794",289.799821448254,"-"
"PCBP1","chr17_75320550_75321658",289.765552247236,"-"
"SPEN","chr15_60396427_60397942",289.742366960005,"-"
"FXR2","chr16_4343291_4351231",289.721481174947,"+"
"SAMD4B","chr9_124858067_124858457",289.702747374086,"-"
"TDRKH","chr3_98876711_98881539",289.695698846013,"-"
"TEP1","chr3_158710921_158713796",289.689812801276,"-"
"YTHDC1","chr12_53295639_53295838",289.618329591278,"-"
"KHDRBS3","chr21_42347632_42350878",289.596227062371,"-"
"SAMD4B","chr15_51829836_51834993",289.476898144197,"-"
"HNRNPA1","chr2_227340380_227355676",289.476692508314,"+"
"RBM41","chr12_19265850_19269769",289.475971776974,"+"
"TAF15","chr18_9119590_9122512",289.34359760783,"+"
"ZC3H7B","chr19_35505986_35509910",289.311805500844,"+"
"SPEN","chr13_43078688_43085767",289.179435815886,"+"
"RBM26","chr11_85654256_85655593",289.142494335806,"-"
"SFPQ","chr10_96132670_96133582",289.102175642489,"+"
"FUS","chr6_132816151_132816460",289.10200412274,"-"
"SAMD4B","chr19_42297365_42300008",288.780580553798,"-"
"RBM4","chr8_86474953_86477293",288.725313461976,"+"
"CIRBP","chr5_150447735_150449702",288.577312590005,"+"
"ZNF239","chr17_40628993_40630713",288.509806932833,"-"
"LARP7","chr2_227340380_227355676",288.45235696132,"+"
"TIA1","chr14_24217223_24218058",288.402836228158,"-"
"PABPC1L","chr1_63441103_63453917",288.369608991932,"-"
"PABPC4","chr11_64224210_64224284",288.326122672845,"-"
"RBM26","chr13_45339546_45339993",288.29021462156,"-"
"RBM4","chr19_58393185_58393370",288.182898836124,"-"
"HNRNPC","chr3_186784696_186785882",288.150451039805,"-"
"RBM22","chr20_35739547_35740524",288.130381226138,"+"
"PUF60","chr9_97689639_97693648",288.048477041549,"+"
"NSUN6","chr17_81239682_81240986",287.976558492877,"-"
"RBM17","chr13_114282943_114286518",287.811251160738,"+"
"PDCD11","chr7_106091939_106092948",287.783524263697,"+"
"LENG9","chr16_18788105_18788980",287.758442202425,"-"
"TAF15","chr8_143580632_143581053",287.75310856448,"-"
"PUF60","chr12_122519029_122521384",287.433159843926,"+"
"FXR1","chr5_163464802_163467700",287.409729440267,"-"
"LARP4","chr8_60584815_60618579",287.343633226753,"-"
"TDRKH","chr3_98849598_98876666",287.24274734686,"-"
"HNRNPK","chr8_85214631_85214920",287.233202636598,"-"
"MBNL1","chr4_82424883_82425562",287.219530081604,"+"
"MBNL1","chr7_44579628_44581092",286.981413728791,"+"
"TDRKH","chr2_27444061_27446300",286.813760188734,"-"
"ZC3H3","chr18_59155807_59158631",286.782525033969,"-"
"TAF15","chr7_26197732_26200571",286.767097790796,"+"
"PCBP4","chr4_38688186_38688584",286.725781051437,"-"
"TDRKH","chr13_21140995_21146804",286.691266419483,"-"
"BOLL","chr11_68050254_68050740",286.687430855084,"+"
"KRR1","chr6_31836517_31837235",286.631839665833,"-"
"RAVER2","chr1_155613766_155614061",286.560797266753,"-"
"SUPT6H","chr17_44212006_44212818",286.545339098073,"-"
"EIF2S1","chr17_76735158_76735771",286.383441484436,"-"
"FXR2","chr3_167725473_167734805",286.30065650923,"+"
"RAVER2","chr2_237527516_237540347",286.252594089271,"-"
"TIAL1","chr21_44967181_44976679",286.226904757056,"+"
"NONO","chr19_36121718_36125450",286.132358370017,"+"
"SLBP","chr10_118336423_118341726",286.051092558065,"+"
"LSM1","chr11_10801087_10802048",286.025654911456,"+"
"CCAR1","chr3_146525647_146528613",285.900533712709,"+"
"SFPQ","chr10_29658068_29686552",285.816201859894,"+"
"TIAL1","chr12_117041994_117049018",285.798685415453,"-"
"FMR1","chr19_3453916_3456549",285.757669643012,"+"
"LSM1","chr12_53295639_53295838",285.739986777951,"+"
"RBM4","chr21_31663886_31667257",285.709479548957,"-"
"TDRKH","chr12_104992408_104994477",285.695470574729,"-"
"PUF60","chr16_89873859_89883350",285.668666474617,"+"
"SAMD4B","chr12_76450988_76487509",285.643979529211,"+"
"TIAL1","chr16_18788159_18788980",285.642657022997,"-"
"DHX57","chr5_142137858_142140562",285.640667800321,"+"
"PTBP1","chr3_197149796_197194424",285.626115131604,"+"
"RBM26","chr21_46291462_46296161",285.585474288915,"+"
"LSM1","chr20_37230059_37234019",285.471532275085,"-"
"PTBP2","chr15_69453721_69455169",285.433818216695,"-"
"SAMD4B","chr3_172755575_172756982",285.391563368598,"+"
"UPF1","chr19_29942664_29985222",285.304748166213,"-"
"MBNL1","chr19_4325308_4325395",285.244139728964,"+"
"RBM25","chr11_112085462_112085977",285.200925010179,"+"
"TIAL1","chr2_231463316_231464335",285.131892592951,"+"
"RBM39","chr2_111429620_111494884",284.926684909646,"+"
"RBM26","chr1_28579981_28580559",284.81903029275,"+"
"SPEN","chr15_29773357_29800645",284.785330651397,"+"
"LENG9","chr2_119369176_119370739",284.723894275023,"-"
"HNRNPA2B1","chr5_163467748_163469640",284.664705118754,"-"
"TIAL1","chr19_55386693_55387934",284.360452113118,"-"
"RBM39","chr14_55664041_55667240",284.250290004374,"+"
"TIAL1","chr22_40964117_40972475",284.221046705742,"-"
"KHDRBS1","chr22_41680364_41688793",284.121428207181,"+"
"MBNL1","chr2_85395626_85395979",284.111442174736,"-"
"RBM4","chr15_75339344_75339964",283.998447657976,"+"
"SAMD4B","chr1_31908960_31911695",283.987119598525,"-"
"PCBP4","chr1_155727738_155729207",283.942003874089,"-"
"PPARGC1B","chr1_31007099_31028795",283.793561714784,"-"
"PCBP2","chr9_93447697_93448368",283.696060621756,"+"
"NSUN6","chr17_28319365_28325507",283.625252743766,"-"
"RBM41","chr15_63532707_63537024",283.597700630441,"+"
"KHSRP","chr17_50737026_50740305",283.438102206276,"+"
"TIAL1","chr19_38382228_38383256",283.273969045165,"-"
"IGF2BP3","chr20_2656034_2656400",283.225874229157,"+"
"TIAL1","chr14_58261020_58263704",283.149483494829,"+"
"SAMD4B","chr2_69788141_69804532",283.038543094561,"-"
"MBNL1","chr1_32231019_32231114",282.958269666,"+"
"LENG9","chr6_10749698_10770076",282.91416566111,"-"
"RBM5","chr4_154536744_154537285",282.865625462308,"+"
"SF1","chr16_88859972_88860913",282.841944261227,"-"
"TIAL1","chr11_72755142_72755700",282.599144259156,"+"
"DGKQ","chr12_76450979_76459858",282.467019628776,"-"
"SPEN","chr12_103966060_103976917",282.29137856291,"+"
"RBM4","chr5_142137858_142140562",282.253644083324,"+"
"PCBP2","chr12_53295639_53297849",282.115887231392,"-"
"TARDBP","chr7_76001002_76003757",282.059495292667,"+"
"PTBP2","chr10_32935558_32953592",281.575563831253,"+"
"PTBP2","chr4_55609179_55630401",281.558173127972,"+"
"RBM26","chr16_4341504_4343206",281.526513277509,"+"
"RBM39","chr11_3360565_3370974",281.518189710632,"+"
"CHERP","chr3_52075985_52122378",281.505373224766,"+"
"DGKQ","chr13_75569507_75604768",281.45118015052,"-"
"RBM39","chr16_66558348_66565885",281.305093629011,"-"
"PUF60","chr17_42951894_42954875",281.292623341635,"+"
"FMR1","chr19_17424067_17424620",281.196560000454,"+"
"RBM26","chr12_121347005_121347801",281.192857155622,"+"
"PCBP4","chr12_10702134_10702411",281.120850986947,"-"
"PUM2","chr1_15426018_15428592",280.959927901572,"-"
"LSM11","chr16_29971578_29972949",280.900948649532,"-"
"RAVER2","chr19_18900449_18904770",280.861508377787,"+"
"PTBP2","chr15_29773357_29822001",280.781291711956,"-"
"CHERP","chr14_94110797_94114850",280.739974857069,"-"
"PTBP2","chr2_172498100_172504090",280.635948444313,"-"
"RBM17","chr10_128116007_128116490",280.499555134103,"+"
"RBM41","chr10_122849439_122850423",280.258050733216,"+"
"DHX57","chr2_98616533_98618167",280.139828159738,"+"
"DHX57","chr1_153982600_153983218",279.947322861916,"-"
"PCBP4","chr1_90005092_90010087",279.870926717725,"-"
"RBM26","chr1_23967723_23971572",279.850122003671,"+"
"ZC3H11A","chr3_37096660_37121491",279.715970031533,"+"
"RBM26","chr16_88859972_88860913",279.416823881051,"-"
"EWSR1","chr8_61643433_61644599",279.357990928511,"+"
"SART3","chr11_134248484_134248808",279.353464307372,"+"
"HNRNPC","chr5_151746449_151758545",279.169791761517,"-"
"LENG9","chr8_38827375_38831124",278.89880020809,"+"
"NONO","chr3_193617285_193618868",278.807561113624,"+"
"HNRNPA2B1","chr5_134741523_134743986",278.794119201193,"+"
"TIAL1","chr4_168990328_169002070",278.764770622597,"+"
"NSUN6","chr3_197149796_197194424",278.709924429607,"+"
"RBM5","chr9_35683241_35684245",278.689228282387,"-"
"PTBP2","chr19_38632496_38634992",278.682678035245,"+"
"SART3","chr2_27772692_27774423",278.231471287206,"+"
"SF1","chr14_64924126_64926009",278.20358657477,"-"
"ZMAT5","chr12_122513874_122515104",278.027845138251,"-"
"QKI","chr17_7857198_7857382",278.000847201337,"-"
"LENG9","chr10_68956748_68959805",277.955169954505,"-"
"GRSF1","chr8_100948900_100953268",277.913801599992,"-"
"SFPQ","chr19_49497372_49497519",277.845285590712,"-"
"SFPQ","chr12_55716196_55716932",277.523033184994,"+"
"KHDRBS1","chr3_193617285_193617783",277.509518229503,"+"
"ZC3H3","chr7_150803832_150804826",277.405516759702,"+"
"ZNF74","chr3_126914750_126957424",277.292176665859,"-"
"CIRBP","chr17_30118173_30172541",277.257961710809,"+"
"EIF2S1","chr1_110950123_110963620",277.154562466778,"+"
"HNRNPK","chr6_10751234_10755141",277.048849835352,"+"
"PTBP1","chr16_635340_635611",276.778150497697,"+"
"ZC3H3","chr1_153619038_153620520",276.674326375734,"-"
"G3BP2","chr16_66552793_66563121",276.476663091351,"-"
"ZC3H3","chr3_157150381_157151916",276.379041726903,"-"
"TIAL1","chr3_167720273_167734213",276.248814550861,"-"
"ZC3H3","chr5_134374463_134390224",276.150049068951,"-"
"RBM5","chr17_38850466_38852603",276.082926573355,"-"
"PCBP1","chr12_55716717_55716932",276.015718212073,"+"
"ZMAT5","chr19_13144403_13144576",275.733571468469,"-"
"PCBP1","chr1_28579587_28579911",275.646948307144,"-"
"ZC3H3","chr20_18567596_18569238",275.499335255022,"-"
"HNRNPA0","chr6_31836517_31837235",275.477731301884,"+"
"EWSR1","chr1_2189781_2193638",275.461129954432,"+"
"MYEF2","chr2_174079090_174081923",275.430144232629,"-"
"HNRNPA0","chr3_157150381_157152176",275.357849263168,"+"
"HNRNPF","chr16_67228657_67228796",274.96296068199,"+"
"RAVER2","chr12_57748617_57750655",274.950118238564,"-"
"RBM5","chr12_10702134_10704050",274.757912347321,"+"
"SFPQ","chr3_167720273_167734431",274.67008739728,"-"
"PUF60","chr8_61643433_61644599",274.541071839753,"-"
"SFMBT2","chr17_7016525_7016909",274.414014049078,"+"
"CIRBP","chr6_149802369_149810615",274.345536845371,"+"
"SSB","chr8_61643433_61643944",274.228291239392,"+"
"ZC3H3","chr1_207339417_207359545",274.205728454177,"+"
"HNRNPA2B1","chr17_17042971_17057635",274.031436867899,"+"
"U2AF2","chr1_15426018_15428592",273.858710103372,"-"
"GRSF1","chr17_50737026_50740305",273.856441349323,"+"
"UPF1","chr12_76047718_76048392",273.840639534184,"+"
"ZC3H3","chr1_74736622_74738689",273.832664873187,"+"
"KHSRP","chr8_85219363_85220305",273.714389498569,"-"
"RBM5","chr16_56625879_56626879",273.560143650925,"-"
"PCBP4","chr17_7857198_7866490",273.513564250089,"-"
"PUF60","chr17_6644659_6650355",273.496843307781,"-"
"NONO","chr17_81893614_81894466",273.264471801229,"-"
"ZC3H3","chr17_48894449_48895182",273.186817276538,"-"
"LARP7","chr2_222887888_222908732",272.903290414915,"+"
"SNRPN","chr5_134376694_134388324",272.76309779146,"-"
"EWSR1","chr6_26124749_26127697",272.713487381283,"+"
"RAVER2","chr12_15621425_15623157",272.488919221154,"-"
"ZC3H12B","chr9_19376589_19378392",272.488464521483,"-"
"PUF60","chr2_73946906_73958145",272.439004772538,"+"
"RBM39","chr1_2189781_2193638",272.379355169256,"+"
"CSTF2","chr19_12676142_12677107",271.898709828018,"+"
"DGKQ","chr9_136850560_136850754",271.813288081834,"-"
"PCBP4","chr17_59112345_59119318",271.667154745209,"-"
"PCBP2","chr11_111882598_111883770",271.527119492027,"-"
"ASCC1","chr6_31639226_31639499",271.368512754451,"+"
"BOLL","chr14_55664041_55667240",271.184707077238,"+"
"IGF2BP2","chr7_141010617_141014910",270.98213724992,"-"
"BOLL","chr2_214781509_214797060",270.944567915298,"-"
"EIF2S1","chr6_116571655_116580294",270.870495549016,"+"
"AKAP1","chr19_44172952_44174983",270.806034408829,"-"
"RDM1","chr7_92577676_92578149",270.560941190008,"+"
"HNRNPM","chr16_635340_635611",270.516956141858,"+"
"CPEB3","chr1_212608930_212615040",270.487698026755,"-"
"RBM34","chr7_6002636_6003971",270.329873112423,"-"
"DGKQ","chr19_12676105_12677107",270.305244822165,"-"
"ZMAT5","chr11_93730712_93731149",270.156614954837,"-"
"CPEB3","chr11_76361063_76365851",270.110926517885,"+"
"RBM17","chr15_41349241_41350987",270.073034993233,"-"
"UNKL","chr3_98881767_98892496",270.016686587847,"-"
"HNRNPAB","chr17_76735158_76736153",269.736480295408,"+"
"PCBP2","chr5_140300582_140303040",269.731901178165,"+"
"PPIL4","chr17_44212006_44212343",269.607544065858,"+"
"ZC3H11A","chr14_35310895_35314360",269.260334230275,"-"
"CPEB3","chr1_23323732_23337753",269.259723473186,"-"
"QKI","chr12_133192003_133202143",269.236397333404,"+"
"DKC1","chr1_23971439_23971572",269.194380910883,"-"
"SF3B4","chr1_161157693_161158411",269.163796431645,"-"
"HNRNPC","chr12_10702134_10704050",269.072551258399,"+"
"PUF60","chr10_7802854_7806973",268.86634005228,"+"
"ZRANB2","chr3_146525647_146528613",268.854020813673,"-"
"HNRNPK","chr8_96231132_96231378",268.838312087482,"-"
"CSTF2","chr19_12676142_12677107",268.834819974476,"+"
"CPEB2","chr13_77591460_77593513",268.754917406183,"+"
"HNRNPA1","chr11_47565986_47571470",268.728809376842,"+"
"HNRNPA1","chr20_17660528_17682027",268.649003315494,"-"
"PTBP1","chr11_134248484_134249166",268.544186841022,"+"
"CIRBP","chr1_90007750_90010087",268.076677020823,"+"
"NONO","chr19_12949159_12949277",267.796975967578,"+"
"ZC3H8","chr11_47565986_47571470",267.761973389623,"-"
"FUS","chr19_1272051_1274306",267.682770100852,"+"
"RAVER2","chr7_99650232_99652552",267.403828381739,"-"
"LARP4","chr4_38680682_38688584",267.394543351705,"+"
"MYEF2","chr20_56388202_56392167",267.364978349801,"-"
"ZNF74","chr5_32591685_32601004",267.36070914983,"-"
"ZC3H12C","chr2_219001_229965",267.054174118387,"-"
"ZNF239","chr17_76735158_76735771",266.959459250128,"-"
"SAFB2","chr6_26124749_26127697",266.94888753243,"+"
"RBM24","chr12_132701369_132704618",266.705151782594,"-"
"PUF60","chr11_64224210_64224284",266.539110441435,"+"
"RBM25","chr19_29971227_29985222",266.177357778167,"-"
"TRA2A","chr2_70288192_70293617",266.152953859917,"-"
"PCBP2","chr18_79973856_79988239",266.041995999387,"-"
"ZNF239","chr2_200419496_200439121",265.975971395482,"+"
"CPEB3","chr14_55580354_55601756",265.922381958574,"-"
"QKI","chr16_69715077_69718122",265.919622428617,"+"
"SLBP","chr2_70288192_70293617",265.869243211109,"-"
"RNF113B","chr13_72778380_72781288",265.799805035388,"-"
"KHSRP","chr20_13808902_13816462",265.700400008088,"+"
"PUF60","chr6_149802369_149810615",265.60699477663,"+"
"HNRNPK","chr17_7857198_7883234",265.506073282075,"-"
"MATR3","chr19_10177367_10180186",265.353881523973,"-"
"SLTM","chr4_82425667_82426036",264.997487077306,"+"
"HNRNPF","chr13_110893263_110906032",264.937101966289,"+"
"QKI","chr1_23967723_23971572",264.585069817553,"+"
"ZC3H12C","chr6_79201726_79202275",264.296493190144,"+"
"CPEB3","chr15_63504830_63529013",264.025562434879,"-"
"CPEB3","chr11_70420510_70422939",264.000842579382,"-"
"DGKQ","chr17_38450723_38451625",263.857516971185,"-"
"CPSF6","chr16_88859972_88860910",263.789154984436,"+"
"PCBP1","chr16_18784823_18788062",263.492872217457,"-"
"CCAR1","chr19_29971227_29985222",263.237626519004,"+"
"IGF2BP1","chr2_237527516_237540347",263.196965851593,"-"
"PARN","chr1_24646789_24648858",263.144540299346,"+"
"RDM1","chr19_39433418_39433521",263.090691418611,"-"
"TIAL1","chr16_80976179_80981805",262.954550304115,"+"
"EIF2S1","chr4_168990328_169002070",262.900394173272,"+"
"ZNF74","chr5_150447735_150449702",262.756804945035,"-"
"BOLL","chr12_69362907_69370705",262.739548438094,"+"
"RBM34","chr1_222712942_222713587",262.730883161996,"-"
"RDM1","chr12_57748617_57750655",262.700787426964,"-"
"PUF60","chr3_180985996_180988022",262.365563509319,"-"
"BOLL","chr10_110130486_110133325",262.301987241319,"-"
"ZC3H12C","chr1_20605039_20618451",262.231526213073,"-"
"ZNF74","chr10_29686651_29735754",262.119295258712,"+"
"G3BP2","chr3_186784696_186785882",262.09537910533,"-"
"ZNF74","chr10_14530515_14604239",261.941953424868,"+"
"SLBP","chr12_56724549_56725262",261.893992727434,"-"
"RBM24","chr7_498574_501115",261.893279293409,"-"
"DGKQ","chr1_153620558_153626319",261.77025578173,"-"
"FUS","chr19_1272051_1274306",261.581908767665,"+"
"PPARGC1A","chr3_179576852_179592643",261.511584324725,"-"
"IGF2BP1","chr2_237527516_237534563",261.490810814503,"+"
"RBM34","chr11_63998687_63998954",261.344732068673,"-"
"PPARGC1B","chr14_55664041_55667240",261.251184001156,"+"
"U2AF2","chr3_186784696_186784961",261.127556378441,"+"
"PPARGC1B","chr12_65951415_65963244",261.114193360969,"-"
"HNRNPA2B1","chr6_166931118_166938894",260.817682892883,"-"
"SYNJ1","chr4_108620801_108621950",260.798904620041,"-"
"ZNF74","chr16_81084594_81090600",260.706637101522,"-"
"DDX43","chr10_71823896_71825836",260.62387164522,"-"
"RBM22","chr15_63504830_63532646",260.592346429723,"+"
"ASCC1","chr4_118278792_118279388",260.468888367129,"-"
"HNRNPK","chr17_30118173_30172541",260.164429283689,"+"
"HNRNPK","chr7_103327378_103327655",260.151758024126,"-"
"G3BP1","chr6_26124633_26127697",259.935217516622,"-"
"ASCC1","chr1_52083541_52086111",259.931915390143,"+"
"SSB","chr3_167720273_167734805",259.913253201433,"+"
"PPARGC1B","chr6_109369017_109376073",259.803106026957,"-"
"LARP4","chr14_64924126_64932137",259.648536296251,"-"
"SLTM","chr4_82424883_82426036",259.534886336861,"-"
"SUPT6H","chr6_149802369_149810615",259.521870355618,"+"
"RBM34","chr2_187503770_187513615",259.322478435921,"+"
"PUM2","chr19_45413745_45414860",259.251200933984,"-"
"DKC1","chr11_64224210_64224284",259.248017304403,"+"
"RBM24","chr18_9478395_9512990",259.201848334042,"-"
"PPARGC1B","chr16_88810148_88811549",259.041908112382,"-"
"CPEB3","chr3_52096712_52122378",259.038507492153,"-"
"CPEB2","chr8_15757855_15758029",258.893401092496,"+"
"ZC3H10","chr8_56212889_56214597",258.75312794931,"-"
"CPEB2","chr5_96722698_96729152",258.674372257065,"-"
"ZNF74","chr17_78113624_78122604",258.649722179693,"-"
"TIA1","chr17_50737026_50740305",258.646760894969,"+"
"DAZAP1","chr6_75621625_75623899",258.529638806497,"+"
"PABPC4","chr3_193617285_193618868",258.370497235089,"+"
"UPF1","chr4_118278792_118279388",258.362687593815,"-"
"ZC3H12B","chr9_128634325_128634688",258.14069419561,"-"
"SLBP","chr2_73957240_73958145",258.096479826038,"-"
"RBM39","chr20_35740597_35740823",257.926897403736,"+"
"UPF1","chr19_2324192_2328386",257.797064311435,"-"
"TIA1","chr7_107613432_107618327",257.612413307167,"+"
"HNRNPL","chr11_111882598_111883135",257.531998079093,"+"
"ZC3H10","chr11_68688100_68688852",257.163038596304,"-"
"HNRNPC","chr17_7016685_7017256",256.762241821674,"+"
"TRA2A","chr2_61533903_61537561",256.39239817585,"+"
"RAVER2","chr1_193027955_193028084",256.228613390422,"-"
"KHSRP","chr19_10177367_10180186",256.22406883299,"-"
"GRSF1","chr11_134248484_134249166",256.205913235329,"+"
"RBM25","chr1_155827028_155853275",256.203920234568,"+"
"RAVER2","chr2_237527516_237534563",256.126056840163,"+"
"MYEF2","chr1_110950123_110952531",256.031036798573,"-"
"DGKQ","chr12_27724186_27737538",255.933315921562,"-"
"SSB","chr3_108047292_108057476",255.560893788742,"+"
"MATR3","chr8_85214631_85214920",255.551171880093,"+"
"PPIL4","chr17_78214789_78215965",255.505907317464,"+"
"SNRPN","chr1_32231019_32231114",255.49616204671,"-"
"HNRNPA2B1","chr8_56211837_56214597",255.446857953884,"-"
"PPIL4","chr6_26124633_26127697",255.256614732236,"+"
"RAVER2","chr8_54000050_54022062",255.152724507931,"-"
"CIRBP","chr5_150447735_150449702",255.129269540723,"+"
"UNKL","chr2_177212871_177215538",254.932146887853,"-"
"SF3B4","chr3_157150381_157152176",254.929671656424,"+"
"ZNF239","chr5_132271466_132272024",254.891593850882,"-"
"ZNF74","chr5_133006920_133026496",254.890012337971,"+"
"RAVER2","chr16_4848210_4857989",254.620084108117,"-"
"KHDRBS1","chr8_100948900_100951928",254.515496641584,"+"
"DGKQ","chr1_39753052_39763688",254.498117906118,"+"
"MATR3","chr3_157150381_157152176",254.492917518868,"+"
"ZC3H11A","chr7_103327378_103327655",254.216360474474,"-"
"RDM1","chr8_127890998_127989161",254.203060963489,"+"
"TRA2A","chr14_64924126_64932137",253.992495466991,"-"
"TLR2","chr17_37031685_37056600",253.837632109963,"-"
"SNRPN","chr18_691276_693881",253.672141337287,"+"
"PPARGC1B","chr16_4461959_4463419",253.63923748325,"-"
"HNRNPA0","chr6_31639226_31639499",253.493738746681,"+"
"MYEF2","chr1_20780540_20787194",253.420621888269,"-"
"TRA2A","chr3_183833589_183833723",253.174405031843,"+"
"HNRNPM","chr7_100435533_100435847",253.075301351103,"-"
"SSB","chr1_24646789_24648858",252.909281553522,"+"
"EWSR1","chr11_47569891_47571470",252.614219236082,"-"
"SF3B4","chr2_46581591_46592474",252.282398113205,"-"
"DKC1","chr11_47565986_47571470",252.126164446062,"+"
"SART3","chr3_157150381_157152176",252.106824438833,"-"
"NONO","chr18_10534496_10539761",252.076467857705,"+"
"ZC3H8","chr3_157150381_157152176",252.030989360548,"+"
"PUF60","chr8_73964625_73972244",251.958355243372,"-"
"ZC3H12B","chr11_62789426_62789600",251.940156816793,"-"
"ASCC1","chr7_141010660_141014910",251.776147617999,"+"
"MYEF2","chr11_68050254_68050486",251.71453539018,"-"
"EIF4B","chr16_57173869_57185820",251.456361965236,"-"
"PABPC4","chr3_193617285_193618868",251.452147191585,"+"
"HNRNPK","chr8_73959818_73972244",251.364674804767,"+"
"RAVER1","chr16_4343291_4343482",251.02807746595,"-"
"PPIL4","chr6_31835451_31837235",250.998996232933,"+"
"SNRPN","chr8_73959818_73970578",250.530668958649,"-"
"RBM25","chr17_81893614_81894466",250.308907475959,"+"
"RBM17","chr17_42951894_42953723",250.219887010135,"+"
"DKC1","chr13_114286400_114286518",250.20648588438,"-"
"PNPT1","chr19_12949159_12949277",249.673420751967,"+"
"CPSF6","chr14_55661612_55667240",249.522497502453,"-"
"CPSF6","chr19_18571909_18573292",249.417851198401,"+"
"SUPT6H","chr5_96726859_96727488",249.391377279286,"-"
"SF3B4","chr20_62308178_62308654",249.301472448834,"-"
"ZNF74","chr5_146463793_146468340",249.116181654416,"-"
"CCAR1","chr1_15719920_15721328",249.106944137891,"+"
"BOLL","chr14_22830254_22834171",248.889367619551,"+"
"HNRNPA0","chr8_73959818_73972244",248.75586040653,"-"
"QKI","chr17_73209768_73227164",248.537033934094,"+"
"PTBP1","chr2_73957240_73958145",248.498590126332,"+"
"HNRNPA0","chr12_122511188_122515104",248.496652518745,"+"
"QKI","chr1_90007750_90010087",248.467658160982,"+"
"DGKQ","chr8_127162084_127164437",248.38793201141,"-"
"RAVER2","chr12_10704148_10709907",248.054422708781,"+"
"ZC3H10","chr11_34651805_34656907",248.023953293912,"-"
"TRA2A","chr6_31639226_31639499",247.970564869112,"+"
"GRSF1","chr1_2189781_2193638",247.871091834328,"+"
"ZMAT5","chr5_150447735_150449702",247.608619357921,"-"
"HNRNPA1","chr6_166931118_166934090",247.515796459207,"+"
"ZNF239","chr16_634956_635611",247.328402440727,"+"
"RAVER2","chr16_88643571_88646115",247.250049777063,"-"
"CPSF7","chr19_18571887_18573292",247.136085626554,"-"
"PCBP1","chr3_57577387_57597073",247.073545192592,"-"
"ZC3H10","chr14_94111773_94115780",247.024173050175,"-"
"ZNF74","chr11_108046369_108052659",246.987928930034,"-"
"PABPC1","chr12_103966060_103976917",246.686223254021,"+"
"PCBP2","chr12_76450988_76459858",246.439390332661,"-"
"HNRNPA2B1","chr5_134741523_134750758",246.437451539644,"-"
"ZC3H10","chr2_70289372_70291280",246.429693841886,"-"
"TLR2","chr3_59749579_59752220",246.399275163464,"+"
"PUF60","chr3_122363027_122368175",246.364106860472,"+"
"TLR2","chr12_122753807_122754410",246.277763452567,"-"
"KRR1","chr19_2324196_2328386",246.226732955898,"+"
"SUPT6H","chr10_102402159_102402251",246.052844976977,"+"
"FUS","chr3_167725473_167734805",245.834520411539,"+"
"HNRNPL","chr9_19376651_19378392",245.785874083588,"-"
"PUF60","chr8_109339390_109340488",245.745966202317,"+"
"ZNF74","chr11_66644140_66646026",245.692439289054,"-"
"MATR3","chr1_28738338_28768928",245.562812409551,"-"
"ZNF74","chr20_45814470_45815853",245.430258145197,"+"
"TARDBP","chr19_29942664_29985222",245.325822622809,"-"
"RBM25","chr5_140300582_140303040",245.275381946339,"-"
"ZNF239","chr3_160404504_160406413",245.007138989742,"-"
"U2AF2","chr6_26124633_26127697",244.976893667727,"+"
"HNRNPA2B1","chr16_635340_636093",244.907050132058,"+"
"HNRNPM","chr4_82425667_82426036",244.762163028977,"+"
"RDM1","chr1_2189781_2193638",244.630076672913,"-"
"MYEF2","chr16_10761859_10767948",244.621466888143,"-"
"RAVER2","chr15_74929232_74937914",244.501918200172,"+"
"SF3B4","chr2_61533903_61537561",244.389109115379,"+"
"DGKQ","chr16_81084594_81090600",244.175317921697,"-"
"TRA2A","chr6_85536924_85541984",244.048549354902,"+"
"U2AF2","chr5_176396532_176397606",243.879497788849,"-"
"RAVER1","chr22_20122421_20122579",243.787709058553,"-"
"KHSRP","chr16_89873859_89883350",243.575065444111,"+"
"PUF60","chr4_82355401_82356536",243.460329797299,"-"
"HNRNPC","chr1_23967723_23971572",243.434458384392,"+"
"ZNF239","chr1_32634110_32634767",243.415005929295,"+"
"TLR2","chr1_28579981_28580559",243.289567572989,"-"
"UNKL","chr2_177212805_177215538",243.235003849933,"+"
"UNKL","chr21_46287123_46296161",243.207351244767,"-"
"HNRNPA1","chr2_68047319_68062957",243.175766295161,"+"
"TLR2","chr1_35605308_35609245",243.095551713579,"-"
"IGF2BP1","chr1_156735909_156736618",242.919368164213,"+"
"SFPQ","chr1_85258722_85259357",242.817874539495,"+"
"ZMAT5","chr8_144412946_144413512",242.776596280111,"+"
"SLTM","chr11_88328196_88334936",242.718946590782,"-"
"FXR1","chr3_172755374_172756982",242.634897208033,"+"
"RDM1","chr7_30135298_30146176",242.468066944928,"-"
"RDM1","chr7_30135298_30157437",242.468066944928,"+"
"TLR2","chr5_61073214_61152703",242.425154229725,"+"
"BOLL","chr11_68050664_68050740",242.35442721765,"-"
"FMR1","chr9_136862496_136862905",242.211160452377,"+"
"ZC3H12B","chr2_218238850_218245419",242.053746567326,"-"
"HNRNPAB","chr5_65542848_65551563",241.889997024396,"+"
"MYEF2","chr5_146481200_146482591",241.695100932331,"-"
"ZNF239","chr2_73939022_73958145",241.66342414153,"-"
"SFPQ","chr6_31639226_31639499",241.613809438012,"-"
"NONO","chr21_44967181_44976679",241.505162154359,"-"
"U2AF2","chr11_47565986_47571470",241.483196522993,"-"
"FMR1","chr16_4340405_4340919",241.393860548505,"+"
"U2AF2","chr11_83265979_83273646",241.319809437475,"+"
"TARDBP","chr17_6641152_6641752",241.170741169397,"-"
"QKI","chr11_111882598_111883135",241.054585241042,"+"
"ZNF239","chr4_108620600_108621950",240.968902402254,"+"
"PUM1","chr12_122519029_122521384",240.812737885922,"-"
"ZNF239","chr10_103889144_103890224",240.805071743394,"-"
"G3BP2","chr8_73959818_73972244",240.723880650249,"+"
"RBM15","chr11_70420510_70421469",240.682781072395,"+"
"HNRNPK","chr16_66552793_66563121",240.580487998192,"-"
"RBM34","chr12_98614340_98644522",240.28146757333,"+"
"RBM39","chr2_111429620_111494884",240.006892716457,"+"
"U2AF2","chr3_37096660_37129062",239.764951619348,"+"
"SNRPN","chr11_8684081_8684717",239.585927035588,"-"
"HNRNPAB","chr3_180985996_180988022",239.527230755918,"+"
"KHSRP","chr2_74135658_74145188",239.51222591016,"-"
"GRSF1","chr1_2189781_2192844",239.29796982606,"-"
"RBM25","chr8_85219363_85220305",239.292098318416,"+"
"ZC3H10","chr7_99650232_99652552",239.115809338851,"-"
"DDX43","chr3_126914750_126957424",239.102667644684,"+"
"HNRNPA2B1","chr7_92131872_92134172",239.07791478271,"+"
"CIRBP","chr14_35046628_35050032",239.033783326601,"-"
"SF1","chr2_187503770_187554199",238.902433066269,"+"
"ZC3H10","chr7_27616795_27627222",238.625420237583,"-"
"PUM1","chr20_56388202_56392167",238.602250991221,"-"
"IGF2BP1","chr11_62833131_62833791",238.501383376558,"+"
"PUM1","chr16_634956_635280",238.392982918383,"-"
"HNRNPA0","chr2_74135658_74145188",238.355791310703,"-"
"SART3","chr8_100948900_100953268",238.336778874637,"-"
"CIRBP","chr2_200329480_200389222",238.317981215843,"+"
"SLBP","chr17_44212006_44212818",238.258259864795,"+"
"KHDRBS1","chr13_110893263_110906032",238.162870353714,"-"
"PUF60","chr8_61638363_61642887",237.605776063246,"+"
"QKI","chr8_61619019_61633682",237.463230915343,"+"
"QKI","chr17_81893614_81894466",237.255019272171,"+"
"ZNF74","chr14_52001866_52004239",237.18372528808,"-"
"SART3","chr4_83456958_83459739",236.81685555572,"+"
"ZNF239","chr19_55386693_55387929",236.615317093745,"-"
"ZC3H12B","chr20_38421098_38426418",236.595317531226,"+"
"ZC3H11A","chr1_207091820_207096521",236.526560036862,"+"
"SART3","chr11_47565986_47571470",236.442302592746,"-"
"TIA1","chr8_85217502_85220305",236.40063320513,"-"
"IGF2BP1","chr4_183651323_183655880",236.400302070835,"-"
"G3BP1","chr15_41349241_41351032",236.377307535971,"+"
"RAVER1","chr5_61073214_61152703",236.20541784273,"-"
"MEX3A","chr5_177441053_177441736",236.194300043839,"-"
"RAVER1","chr15_74448558_74449185",236.026518611518,"+"
"RBM34","chr3_125313656_125323387",235.92822601916,"-"
"PPARGC1A","chr12_10710788_10713210",235.92010148243,"+"
"IGF2BP1","chr8_119208604_119240164",235.778028086687,"+"
"IGF2BP1","chr17_5426071_5428070",235.777743448295,"-"
"FXR1","chr20_62308178_62308654",235.7212101187,"-"
"ASCC1","chr10_118336423_118342269",235.537059060721,"+"
"RBM17","chr17_50737026_50740305",235.486988054199,"+"
"PABPC1","chr14_22829940_22830049",235.458605126936,"+"
"IGF2BP1","chr10_96132670_96133582",235.272633366338,"-"
"RAVER1","chr16_55537632_55545734",235.227716875819,"-"
"ZC3H11A","chr7_74650796_74689123",235.049571559499,"-"
"CCAR1","chr18_49491833_49492457",234.991420049832,"-"
"HNRNPC","chr3_108047292_108057476",234.923627542508,"-"
"PUF60","chr10_123162828_123165046",234.840879013155,"+"
"RBM24","chr12_131932312_131943538",234.731378154804,"+"
"TAF15","chr12_54283234_54283811",234.631941357639,"-"
"HNRNPC","chr6_109369017_109376073",234.628921145692,"-"
"IGF2BP1","chr1_35184593_35187000",234.61223561577,"+"
"RAVER2","chr17_16439414_16440184",234.543447963555,"-"
"PABPC1","chr2_73946906_73958145",234.542145290824,"+"
"RAVER1","chr16_14644609_14649803",234.359819018368,"+"
"RAVER1","chr15_74448600_74449185",234.359819018368,"-"
"IGF2BP3","chr16_66552793_66563121",234.252636529914,"-"
"EWSR1","chr17_5426082_5426235",234.123272549548,"+"
"DDX43","chr10_71822007_71823887",234.082289974256,"-"
"TIAL1","chr6_34425221_34425795",233.739736132325,"-"
"FUS","chr3_180987022_180988022",233.599231802926,"+"
"RAVER1","chr2_9234444_9279316",233.361911038294,"-"
"TIAL1","chr12_117046838_117049018",233.3423998473,"-"
"CPSF6","chr19_10680443_10681018",233.316266059121,"+"
"PUF60","chr8_61644632_61651049",233.113564913002,"-"
"EIF4B","chr3_143021382_143021472",233.027512083363,"+"
"ZMAT5","chr17_37031685_37056600",233.020488391235,"-"
"EIF2S1","chr11_532755_533452",232.943430923376,"+"
"ASCC1","chr2_222887888_222908732",232.879936747772,"+"
"PPARGC1A","chr18_36787079_36798448",232.87762811388,"-"
"ZC3H12D","chr5_122826193_122827574",232.847844287922,"-"
"ZC3H12D","chr1_228146938_228147405",232.847844287922,"-"
"ZC3H12D","chr7_139035985_139051242",232.395476727806,"-"
"RDM1","chr17_7017014_7017260",232.324791271804,"-"
"RBM17","chr8_85217502_85220305",232.265461292363,"+"
"ZC3H11A","chr16_4848210_4857989",232.26241886882,"-"
"PPARGC1A","chr2_26034735_26098661",232.219807776988,"-"
"CIRBP","chr1_171512200_171513000",232.17829487598,"+"
"TAF15","chr19_10177367_10180349",232.163586221242,"+"
"CPSF7","chr11_112085462_112086639",232.136451522857,"-"
"ZC3H12B","chr5_150447735_150449702",232.097359578326,"-"
"DDX43","chr17_28319365_28325502",232.08648158402,"-"
"RBM22","chr11_66285536_66285700",232.077592345667,"+"
"TRA2A","chr2_227340380_227355676",231.88291372911,"+"
"MYEF2","chr11_34651805_34656910",231.877659085726,"-"
"RDM1","chr19_18433932_18434216",231.859712675954,"+"
"ZC3H12D","chr6_136261477_136268161",231.756149180726,"-"
"PPARGC1A","chr15_60396427_60397942",231.641457147292,"+"
"LSM11","chr20_56388202_56392167",231.5266324802,"+"
"SFMBT2","chr5_150447735_150449702",231.465965280553,"-"
"MEX3A","chr5_150447735_150449702",231.415069817376,"-"
"RBM22","chr5_87394484_87395043",231.398557907792,"+"
"DDX43","chr17_28319365_28325507",231.074504407057,"+"
"PUF60","chr3_146525647_146533469",231.064876289922,"+"
"RDM1","chr16_88643571_88646115",230.981908649329,"-"
"RAVER1","chr17_41523993_41524142",230.880077007648,"+"
"PCBP2","chr2_227340380_227355676",230.665111283416,"-"
"SART3","chr3_197142768_197149742",230.579961362135,"+"
"UNKL","chr9_92324209_92325317",230.52841421158,"-"
"MYEF2","chr15_78545764_78548789",230.422798928055,"-"
"GRSF1","chr5_96702915_96722638",230.394750674191,"-"
"MYEF2","chr1_20779911_20780344",230.262164081082,"-"
"PUM1","chr7_92244149_92244901",230.204536146612,"+"
"ZMAT5","chr7_128865203_128865376",230.033891959131,"-"
"SNRPN","chr11_10807319_10808704",229.976147625428,"-"
"SFMBT2","chr1_25351693_25356792",229.958939157497,"+"
"DDX43","chr3_184304391_184305767",229.944362281305,"-"
"GRSF1","chr8_144098994_144099276",229.890430096655,"+"
"HNRNPF","chr1_24646789_24648858",229.738773157783,"+"
"SFMBT2","chr5_150447735_150449485",229.736612006502,"+"
"PCBP2","chr1_45568684_45568926",229.643240649772,"-"
"PABPC4","chr6_116571655_116580294",229.629152457845,"+"
"CIRBP","chr12_112408656_112409586",229.54049746071,"+"
"SF3B4","chr8_61643433_61644599",229.386621034951,"-"
"EIF3G","chr19_18571887_18573292",229.316618129414,"-"
"PNPT1","chr16_80976179_80981805",229.255009053033,"+"
"RAVER1","chr1_222712942_222718924",229.231019907314,"+"
"SFMBT2","chr3_180970358_180976121",229.220766847773,"+"
"RBM24","chr19_11343120_11371687",229.057613039352,"-"
"PCBP2","chr17_5428211_5432541",228.994675478484,"-"
"SFMBT2","chr19_41956934_41958285",228.779811900593,"+"
"HNRNPA2B1","chr17_30118173_30172541",228.747900632992,"+"
"PABPC4","chr7_129858941_129879567",228.730859927806,"+"
"DDX43","chr19_13075671_13081679",228.730377777784,"+"
"DDX43","chr3_184304391_184305848",228.730377777784,"+"
"EWSR1","chr7_99458355_99460085",228.661488000865,"-"
"RBM17","chr2_227340380_227355676",228.644585984802,"+"
"PTBP1","chr6_31639646_31640198",228.589791179583,"+"
"CIRBP","chr6_149802416_149810615",228.537456162901,"-"
"RBM24","chr12_131941983_131943538",228.531141098271,"-"
"CPSF6","chr19_45413745_45414860",228.518210519497,"+"
"SFMBT2","chr14_55580354_55612018",228.509980247577,"-"
"RDM1","chr14_54418306_54419991",228.241250566974,"-"
"SFMBT2","chr19_49858653_49860093",228.216468536627,"-"
"SART3","chr6_167864746_167870382",228.163180302582,"-"
"SSB","chr11_47565986_47571470",228.138299067456,"+"
"PTBP1","chr3_108047292_108057476",228.004533674455,"-"
"ZC3H12D","chr3_165460632_165491195",227.803132468564,"-"
"RBM39","chr2_87455645_87521206",227.745236882191,"+"
"ASCC1","chr5_176384374_176385220",227.715453678193,"+"
"RBM25","chr17_7857198_7883234",227.714527680969,"+"
"PCBP2","chr12_57303217_57305639",227.466397241887,"-"
"RAVER1","chr11_1836861_1837191",227.326738009345,"-"
"RAVER1","chr2_152694622_152715994",227.31414756775,"-"
"ZGPAT","chr13_75530266_75537663",227.309170961945,"-"
"PUM1","chr17_42953778_42954875",227.294153975257,"+"
"KHDRBS1","chr17_81891863_81894466",226.95765172776,"-"
"TLR2","chr1_20779911_20786648",226.844117229989,"+"
"RBM25","chr17_7016685_7017256",226.841365893737,"+"
"TRA2A","chr6_85536924_85541984",226.488421302516,"+"
"HNRNPK","chr2_111429620_111494884",226.438805903058,"+"
"RBM24","chr10_110130486_110133325",226.431188037682,"-"
"CSTF2T","chr10_118336423_118342269",226.251816065124,"-"
"HNRNPM","chr2_70289372_70293617",226.229419061705,"+"
"ZGPAT","chr6_166934136_166938894",226.206852427138,"-"
"PUM1","chr19_29942664_29985222",225.970154901279,"-"
"MATR3","chr1_15721388_15725316",225.928996734846,"+"
"MYEF2","chr8_109339390_109340490",225.644492788756,"+"
"HNRNPM","chr16_635340_636093",225.632662864211,"+"
"TAF15","chr2_200378371_200389222",225.431600259371,"-"
"ZC3H12B","chr2_165770808_165794324",225.40305396154,"-"
"CPSF6","chr16_634797_636093",225.361112124551,"-"
"PABPC4","chr9_136862496_136862905",225.347947766994,"+"
"TRA2A","chr1_23967723_23971572",225.248078966851,"+"
"HNRNPAB","chr5_90488129_90495676",225.063412707567,"+"
"RAVER1","chr11_62534074_62535002",224.966335556843,"-"
"MYEF2","chr2_181900904_181901301",224.854113632526,"-"
"RAVER1","chr5_96730860_96736171",224.850812841852,"-"
"ZMAT5","chr2_86171312_86173649",224.759511215392,"+"
"RBM24","chr4_107858553_107895309",224.53161424673,"-"
"RBM34","chr19_43508864_43511436",224.425200598776,"-"
"SART3","chr20_17660528_17682027",224.393176430013,"+"
"RBM46","chr9_35726534_35732074",224.392459919878,"-"
"G3BP1","chr7_141010660_141014910",224.370556479241,"-"
"CCAR1","chr2_111429620_111494884",224.189448918998,"+"
"PUF60","chr12_122519029_122521384",224.004028386696,"+"
"PCBP1","chr11_47565986_47569699",223.926401363272,"+"
"CSTF2T","chr5_163464802_163469640",223.885380813801,"-"
"U2AF2","chr11_62833131_62833791",223.822362486553,"-"
"ZGPAT","chr13_75530266_75537381",223.821874106877,"+"
"PCBP1","chr15_25405502_25409087",223.783556882691,"-"
"ZGPAT","chr6_166858259_166938894",223.625249431592,"+"
"ZGPAT","chr6_85536924_85541984",223.522939983882,"-"
"KHDRBS1","chr15_49137458_49139527",223.452778585659,"+"
"ZGPAT","chr11_31433570_31463171",223.426041506551,"-"
"FXR1","chr12_76450979_76487509",223.390549051508,"+"
"DAZAP1","chr17_78214789_78216663",223.266327067289,"+"
"PABPC1","chr4_82424883_82425562",223.228187720651,"+"
"ZC3H11A","chr1_203862222_203865040",223.124377569236,"-"
"RBM17","chr1_15721388_15725316",223.082995122472,"-"
"CCAR1","chr12_69362907_69370705",222.812369544378,"-"
"RBM11","chr8_144412946_144413512",222.770360580594,"+"
"KRR1","chr2_74142360_74145188",222.628309397356,"+"
"ZGPAT","chr1_28579981_28580559",222.565400217211,"-"
"QKI","chr6_116571655_116580294",222.53481570434,"+"
"SF3B4","chr14_22830254_22833417",222.457187701105,"+"
"LSM11","chr20_56388202_56392167",222.357891139929,"+"
"FUBP3","chr1_52083541_52086111",222.038067179903,"+"
"MEX3A","chr1_19614594_19622099",222.02271370035,"-"
"DDX43","chr5_146463793_146469543",221.995818556455,"-"
"RBM24","chr14_23324052_23324160",221.901854140531,"+"
"RDM1","chr19_6730384_6730988",221.896305348261,"-"
"RDM1","chr16_81082963_81084462",221.798239922144,"-"
"RBM11","chr11_93730712_93734624",221.773221498259,"+"
"RBM39","chr17_81893614_81894466",221.757489216143,"+"
"SLBP","chr18_36787079_36798448",221.614433104569,"+"
"DDX43","chr17_7012757_7013665",221.333874986326,"+"
"EWSR1","chr19_12676142_12677290",221.240080199782,"-"
"NONO","chr9_128820848_128822327",221.151415891441,"+"
"RBM11","chr11_93730712_93731149",221.145873885638,"-"
"ZC3H11A","chr19_35507511_35510183",221.126273672909,"-"
"TLR2","chr19_48326922_48329351",221.113536428233,"-"
"IGF2BP2","chr5_96740118_96741265",221.091328076963,"-"
"RBM17","chr11_47565986_47571470",220.51339427405,"-"
"RBM11","chr17_9378651_9491828",220.48966720105,"-"
"ZC3H8","chr17_7857198_7857382",220.417202891076,"+"
"G3BP1","chr2_200306601_200329430",220.343357252113,"-"
"RDM1","chr14_54417951_54419991",220.09774040509,"+"
"MYEF2","chr5_146480094_146481149",220.090340367931,"-"
"LARP7","chr17_81893614_81894466",219.672382050169,"-"
"SUPT6H","chr11_88328196_88334936",219.577613124553,"+"
"RBM24","chr17_75320553_75325897",219.571996707823,"+"
"EIF4B","chr3_197149796_197194424",219.451241613677,"+"
"DAZAP1","chr2_227347384_227355676",219.288630777284,"+"
"PABPC1","chr1_32631879_32633644",219.23688198186,"+"
"SART3","chr15_41349241_41350112",218.845111004686,"-"
"CIRBP","chr19_45414034_45414860",218.672789524618,"+"
"DDX43","chr7_72829783_72830691",218.668392955918,"+"
"HNRNPA2B1","chr1_28579587_28579911",218.552679445683,"+"
"RDM1","chr20_45471417_45479941",218.347964197018,"+"
"PUM1","chr20_2656214_2656400",218.210562901564,"-"
"RAVER1","chr10_133311841_133312787",218.189842937023,"-"
"RBM22","chr3_172755575_172756982",218.039300624542,"-"
"HNRNPAB","chr19_3453916_3456549",217.821250534218,"-"
"SF3B4","chr1_15426018_15428592",217.7106381853,"-"
"PARN","chr1_24646789_24648858",217.581478708855,"+"
"RDM1","chr12_98537572_98544229",217.533526066462,"-"
"PUF60","chr17_6644659_6649981",217.381745272405,"+"
"RBM39","chr8_97699852_97706625",217.347577155582,"+"
"CPSF7","chr1_212433120_212444338",217.338478404141,"-"
"PCBP2","chr11_134248959_134249166",217.203735103053,"-"
"GRSF1","chr4_83456958_83458345",217.04162609387,"+"
"RBM24","chr17_75320553_75325897",217.007152639851,"+"
"RBM46","chr19_12799989_12800176",216.998734355411,"-"
"TAF15","chr12_109561329_109561419",216.89313959328,"+"
"GRSF1","chr1_42667440_42676583",216.87756285173,"+"
"RNF113B","chr19_45468712_45470628",216.812415772854,"-"
"PABPC4","chr6_31639646_31640198",216.800997025854,"+"
"RBM24","chr17_75320553_75321658",216.779350296768,"-"
"RBM46","chr19_12676105_12677107",216.559147847003,"+"
"SSB","chr19_29942664_29985222",216.502894517853,"+"
"PUF60","chr20_13808902_13816462",216.473688235178,"+"
"TRA2A","chr20_408779_410411",216.347306952805,"-"
"PUF60","chr8_61643433_61644599",216.339856169192,"-"
"U2AF2","chr16_27225236_27226719",216.325645271254,"-"
"RBM11","chr1_155140271_155140490",216.285141188479,"+"
"EIF2S1","chr16_634956_635280",216.143474682296,"+"
"RBM24","chr19_39433418_39433521",216.140250275481,"-"
"SSB","chr5_87394484_87395043",216.066281533214,"+"
"FMR1","chr16_635340_635611",215.942341198207,"+"
"ASCC1","chr18_13666713_13671861",215.939018114848,"+"
"RBM46","chr16_66552793_66563071",215.90021268309,"+"
"QKI","chr13_72778380_72780845",215.725154673851,"+"
"SSB","chr19_29942664_29985222",215.649189045668,"+"
"RBM39","chr19_4409759_4418019",215.642926062123,"+"
"AKAP1","chr16_57173869_57185820",215.619886536926,"+"
"CCAR1","chr14_64924126_64932137",215.540902697958,"-"
"RBM15","chr8_38827375_38831124",215.526014584621,"+"
"FXR1","chr11_134248484_134249166",215.439406228624,"+"
"HNRNPM","chr2_70289372_70293617",215.413573741059,"+"
"HNRNPAB","chr10_68332216_68337198",215.233728026932,"+"
"PNPT1","chr2_187467932_187484123",215.107225185367,"+"
"SLTM","chr17_5428211_5432541",214.953153205958,"-"
"ASCC1","chr7_75987285_75987359",214.946342495889,"+"
"RAVER1","chr10_133311816_133312787",214.918953708493,"+"
"SF3B4","chr2_74527059_74527247",214.658645712342,"+"
"RBM46","chr10_24908685_24937183",214.620920204647,"-"
"HNRNPM","chr2_68047319_68062957",214.471224604614,"+"
"RBM25","chr11_112085462_112086639",214.454799852826,"-"
"MEX3A","chr17_5426299_5432541",214.256033587714,"-"
"SSB","chr11_47569891_47571470",214.120806451194,"-"
"PABPC1","chr11_47565986_47569699",213.842346202362,"+"
"HNRNPA0","chr1_39570002_39571233",213.841036237568,"+"
"KRR1","chr1_24646789_24648858",213.69205593019,"-"
"HNRNPM","chr6_166931118_166934090",213.678262549668,"+"
"EIF4B","chr6_10749698_10751132",213.641117051508,"+"
"HNRNPL","chr5_65542848_65551563",213.569094525213,"+"
"PCBP2","chr17_6641152_6641752",213.470691063145,"-"
"ZMAT5","chr19_44800274_44800380",213.464734055434,"-"
"MEX3A","chr1_193027955_193028084",213.441892124007,"+"
"G3BP1","chr17_7857198_7883234",213.385632113223,"+"
"HNRNPL","chr14_64924126_64932137",212.930814088395,"-"
"RBM11","chr12_55716717_55719090",212.857085892573,"+"
"RBM46","chr16_85780473_85781210",212.849584967922,"-"
"KHSRP","chr12_101726404_101728900",212.83874142023,"+"
"PABPC4","chr11_112085462_112085977",212.836155690637,"+"
"RBM46","chr3_98822741_98849460",212.824431266991,"+"
"EIF2S1","chr11_532755_533452",212.723912375793,"+"
"KRR1","chr1_2192975_2193638",212.708481361088,"-"
"RBM46","chr6_10755232_10770076",212.657086189557,"-"
"PUF60","chr3_44926847_44929305",212.571953070853,"+"
"KHSRP","chr19_29942664_29985222",212.190922836111,"-"
"RBM46","chr13_45976265_45979812",212.187302983161,"-"
"MATR3","chr3_157150381_157152176",212.153416067318,"+"
"EWSR1","chr17_44212006_44212343",212.123686211638,"+"
"RBM46","chr8_61638003_61642887",212.077055731226,"-"
"RBM46","chr12_53022627_53028014",211.996287503213,"-"
"CCAR1","chr4_75648741_75655065",211.910353681888,"+"
"PCBP2","chr12_82357269_82358678",211.694245258117,"-"
"ZGPAT","chr15_89750227_89750508",211.393136912125,"-"
"ZMAT5","chr14_54415930_54417847",211.12074193697,"-"
"FUS","chr10_31852597_31861394",211.085115574237,"-"
"PABPC1","chr14_34605717_34609637",210.752426061794,"-"
"PUF60","chr19_3456635_3462751",210.619060773822,"+"
"PCBP2","chr7_92131872_92134172",210.476697292855,"+"
"SF3B4","chr6_26158559_26170974",210.378042070025,"+"
"ZMAT5","chr1_183623471_183630460",210.320775625117,"+"
"HNRNPC","chr1_244835756_244842194",210.185902333118,"-"
"TAF15","chr20_35740597_35740823",210.152421508589,"+"
"G3BP2","chr17_36578186_36579244",210.051800945915,"+"
"ASCC1","chr20_13783183_13784879",210.027670444622,"+"
"ZGPAT","chr10_100986572_100986748",209.924795306133,"-"
"RBM11","chr13_52456607_52460898",209.87622308281,"-"
"MEX3A","chr7_150792172_150793087",209.72110983449,"-"
"ZGPAT","chr8_15757855_15758029",209.714818488292,"-"
"G3BP2","chr15_58898852_58899468",209.70697574939,"+"
"LSM11","chr1_110950123_110951287",209.673080580861,"+"
"SFPQ","chr14_64924126_64932137",209.571706520238,"-"
"UPF1","chr3_108047292_108057476",209.543753001289,"+"
"U2AF2","chr12_26957743_26960514",209.070968456026,"+"
"HNRNPA0","chr8_37870528_37874514",209.065993360735,"+"
"ZMAT5","chr1_205729621_205749956",209.013357831738,"-"
"HNRNPC","chr17_5428211_5432541",208.707974229255,"+"
"RBMS3","chr14_55661612_55663954",208.648123948623,"+"
"SSB","chr10_128116007_128116490",208.621085916267,"+"
"CSTF2T","chr1_23967723_23971572",208.561494945754,"+"
"IGF2BP2","chr12_122519029_122521384",208.51903685103,"-"
"SF1","chr19_12949159_12949274",208.514586453225,"+"
"HNRNPK","chr11_134248484_134249166",208.499686427291,"-"
"RBM11","chr22_23971623_23973767",208.214298350034,"-"
"HNRNPM","chr3_143021385_143021472",208.046639370757,"+"
"HNRNPA2B1","chr5_163464802_163467700",207.952762518498,"-"
"IGF2BP2","chr4_83456958_83459739",207.883840717651,"+"
"TIAL1","chr2_222900780_222908732",207.753940300514,"+"
"TIAL1","chr16_67228657_67228796",207.724164635808,"+"
"ZGPAT","chr1_90005092_90010087",207.672859903928,"-"
"SF3B4","chr8_97699852_97706625",207.622224571962,"+"
"SF1","chr7_92131872_92134172",207.595684186398,"+"
"KRR1","chr7_141010660_141014910",207.567585984328,"+"
"ZMAT5","chr11_93730712_93734624",207.547594099243,"+"
"PABPC4","chr1_53228954_53235576",207.449769033393,"-"
"PABPC4","chr11_112085462_112086639",207.397596223528,"+"
"G3BP2","chr6_31835451_31837235",207.379251070391,"+"
"EIF4B","chr16_66552793_66558189",207.365673151094,"-"
"CSTF2","chr21_42897047_42908863",207.211213687869,"-"
"AKAP1","chr2_74135658_74142271",207.137442321338,"+"
"SUPT6H","chr7_5229705_5230834",207.078340490014,"-"
"KHDRBS1","chr2_227340380_227355676",207.056465660579,"+"
"HNRNPF","chr12_56724523_56725262",206.868755888848,"-"
"RBM39","chr4_139678642_139695196",206.814109930921,"+"
"U2AF2","chr12_31298224_31304981",206.797242102917,"+"
"PCBP2","chr1_63446856_63453917",206.561558379,"+"
"EIF3G","chr20_62308178_62308654",206.468588651818,"-"
"GRSF1","chr12_26957743_26960514",206.405937125714,"+"
"CPSF6","chr2_111429620_111494884",206.396368176154,"+"
"MEX3A","chr11_76361063_76365851",206.313058200892,"+"
"SART3","chr13_72778380_72780845",206.27474216881,"+"
"PUF60","chr5_96722698_96729152",206.188033038391,"-"
"HNRNPA0","chr3_157150381_157152176",206.158914260935,"+"
"SF3B4","chr11_134248484_134249166",205.988353166597,"-"
"PUM2","chr14_64924126_64932137",205.960426794971,"-"
"HNRNPL","chr1_15426018_15428592",205.900754772761,"+"
"PCBP2","chr17_59112345_59131280",205.853305827375,"-"
"RBM11","chr9_104096103_104098445",205.820960660202,"-"
"PUM1","chr12_10704148_10713210",205.791089040844,"+"
"SART3","chr6_36598983_36601151",205.691659280354,"+"
"TARDBP","chr17_82036448_82036543",205.193745025657,"+"
"HNRNPF","chr1_244862730_244863673",205.187377762953,"+"
"HNRNPA0","chr16_634797_636093",205.006333219554,"-"
"LARP7","chr12_26957743_26960514",204.918201165811,"+"
"SART3","chr12_76450988_76487509",204.881693119518,"+"
"RBM22","chr17_31976614_31982998",204.814588049611,"+"
"SFPQ","chr19_1272051_1274306",204.642415895223,"+"
"RNF113B","chr16_29447026_29454015",204.559399423353,"+"
"RNF113B","chr6_30345398_30345490",204.490739101589,"-"
"TIA1","chr2_70289372_70293617",204.307904012345,"+"
"RNF113B","chr11_47622776_47625673",204.202250802546,"-"
"QKI","chr3_197149796_197194424",204.16618052747,"+"
"FXR1","chr2_227340380_227355676",204.044113351104,"+"
"HNRNPK","chr9_33998864_34017049",203.772361733474,"+"
"RBM22","chr11_68892993_68893321",203.519940700336,"-"
"RBM39","chr16_635340_636093",203.452824196723,"-"
"CIRBP","chr2_74135658_74142271",203.101773128293,"+"
"SLTM","chr12_96003064_96006313",203.089638070341,"-"
"PABPC4","chr11_111882598_111883770",203.034000287304,"-"
"PPIL4","chr20_35740597_35740823",202.841575152118,"+"
"SUPT6H","chr1_15426018_15428592",202.67091348165,"-"
"SFPQ","chr20_56388202_56392167",202.471156043283,"+"
"MEX3A","chr8_73959818_73970578",202.46286365077,"-"
"HNRNPA2B1","chr3_180985996_180988022",202.339987604007,"-"
"GRSF1","chr17_50737026_50740305",202.28426713991,"+"
"PCBP1","chr1_15719920_15725316",202.114892580874,"-"
"PABPC1","chr8_85214631_85214920",202.012273091805,"+"
"RBM17","chr1_2189781_2193638",201.856401137681,"+"
"RBM39","chr12_75506399_75506483",201.591981444035,"+"
"HNRNPK","chr10_38017386_38054374",201.512560965171,"+"
"RBMS3","chr1_150294449_150308047",201.43947514559,"-"
"PUF60","chr1_45568684_45568926",201.254464022716,"+"
"RBM22","chr17_7856843_7857014",200.951795663333,"+"
"RBM15","chr13_31141259_31145562",200.860587138782,"-"
"PUF60","chr2_200329480_200389222",200.778132352264,"+"
"DKC1","chr1_90007750_90010087",200.764236013376,"+"
"SF3B4","chr17_59112345_59119318",200.735503916841,"+"
"HNRNPC","chr19_2324192_2328386",200.629797054582,"+"
"SART3","chr16_66552793_66558189",200.62503931848,"+"
"AKAP1","chr2_241166441_241169780",200.625028252241,"+"
"EWSR1","chr17_78113624_78117268",200.548772863757,"+"
"IGF2BP2","chr7_26197732_26200571",200.497163061583,"-"
"KHDRBS1","chr2_73946906_73958145",200.481652027298,"+"
"HNRNPK","chr2_200378371_200389222",200.430233252862,"-"
"TARDBP","chr11_64227132_64229246",200.19727264335,"+"
"RBMS3","chr13_27251850_27253764",200.190452743541,"+"
"NONO","chr6_116574171_116580294",200.069610572316,"-"
"AKAP1","chr2_187503770_187529363",200.011448443513,"+"
"SSB","chr19_1272051_1272426",199.934449283249,"+"
"TIA1","chr19_6730384_6730986",199.853582681966,"+"
"RBM25","chr17_50737026_50740305",199.486147904603,"+"
"RBMS3","chr21_44032172_44037791",199.397728801284,"-"
"SFPQ","chr4_82424883_82426036",199.387959832989,"+"
"SART3","chr1_244842058_244842194",199.177102354556,"+"
"MATR3","chr9_128820848_128822327",199.072946794502,"-"
"HNRNPL","chr17_7017014_7017256",199.027431971003,"+"
"TARDBP","chr7_26190460_26192494",198.928508784879,"+"
"HNRNPC","chr8_85214631_85217385",198.771474210756,"-"
"EIF3G","chr19_1272051_1272426",198.762413529313,"-"
"PTBP1","chr8_100288267_100309866",198.326543338079,"+"
"RBM39","chr6_166931118_166934090",198.142716616415,"+"
"MSI2","chr2_70289372_70293617",198.130984852243,"+"
"U2AF2","chr8_37870528_37874514",197.967606113113,"+"
"HNRNPAB","chr19_16647261_16654034",197.863744928569,"-"
"RNF113B","chr5_154754758_154790324",197.638055355317,"-"
"MSI2","chr8_85219363_85220305",197.450743076962,"-"
"TIAL1","chr15_49137458_49139527",197.42513615934,"+"
"SLBP","chr18_36787079_36798448",197.389322756447,"+"
"SF1","chr11_93730447_93730676",197.37665989276,"+"
"LARP7","chr9_136850560_136850754",197.351819604165,"-"
"TAF15","chr12_54282874_54283078",197.138101755503,"-"
"U2AF2","chr2_169812506_169815476",196.885323017118,"+"
"TIAL1","chr20_35632025_35632162",196.872342155975,"-"
"HNRNPA2B1","chr10_102402159_102402254",196.637345864198,"+"
"MEX3B","chr10_133355436_133355737",196.40963841966,"-"
"MEX3B","chr8_674047_692477",196.391145534831,"-"
"RBM22","chr17_36578186_36579244",196.329132581837,"+"
"DKC1","chr16_635340_636093",196.259863240865,"-"
"HNRNPM","chr13_114282943_114286301",196.047869190514,"+"
"KRR1","chr6_36598983_36601151",196.04568292382,"+"
"IGF2BP3","chr17_7857198_7857382",195.919681720662,"+"
"HNRNPK","chr3_28241812_28316332",195.820600706682,"-"
"KHSRP","chr7_5229738_5230834",195.778980298945,"+"
"FUBP3","chr5_96727530_96729611",195.75847305145,"-"
"PABPC1","chr1_15426018_15428592",195.721258794678,"-"
"SF3B4","chr10_118336423_118342269",195.275022562417,"+"
"SUPT6H","chr2_111367575_111494884",195.26263983185,"-"
"MSI2","chr20_35740597_35740823",195.114050595323,"-"
"SF3B4","chr4_39774933_39777681",195.098620341405,"+"
"KHDRBS1","chr19_1273715_1274306",195.045802508372,"-"
"PABPC4","chr15_64366075_64376742",195.015218887265,"+"
"KHDRBS1","chr8_61643433_61644599",194.946509149689,"+"
"ZRANB2","chr6_31639226_31640198",194.918791502717,"-"
"SSB","chr3_157150381_157152176",194.871048168955,"+"
"PCBP2","chr12_69362907_69370705",194.760620796804,"-"
"U2AF2","chr8_85214631_85217385",194.645634053793,"-"
"HNRNPC","chr6_116571655_116580294",194.551595570008,"+"
"EWSR1","chr6_26124749_26127697",194.473255307487,"+"
"EIF4B","chr6_31639226_31639499",194.312414454825,"+"
"RBM39","chr3_180985996_180988022",194.311636208876,"-"
"TAF15","chr6_34240915_34242711",194.218215784526,"+"
"HNRNPA0","chr12_101726404_101728900",194.147075734006,"+"
"ASCC1","chr11_532755_533452",194.009636287022,"+"
"SF3B4","chr9_32553944_32558909",193.994675638825,"+"
"FUS","chr19_36121718_36125450",193.983154253711,"+"
"HNRNPK","chr2_111429620_111494884",193.899503027325,"+"
"CPSF6","chr2_74142360_74145188",193.88088349406,"+"
"GRSF1","chr2_73957240_73958145",193.796176909519,"+"
"TRA2A","chr5_146463793_146469543",193.730424856838,"+"
"FUBP3","chr2_74135658_74142271",193.683828619696,"+"
"ZC3H8","chr2_227340380_227355676",193.648058846748,"+"
"CSTF2","chr11_76361063_76365851",193.596936807501,"-"
"EIF4B","chr5_134738792_134743986",193.483937055242,"+"
"SF3B4","chr2_74527059_74527247",193.362140518199,"+"
"FUS","chr16_80976179_80981805",193.185425268723,"-"
"G3BP1","chr11_134248484_134248808",193.075622469632,"+"
"TIAL1","chr16_80976179_80981805",192.964378577835,"+"
"RBM39","chr11_134248484_134248808",192.806607107388,"+"
"HNRNPL","chr6_26124749_26127697",192.72566091764,"+"
"MATR3","chr2_187503770_187554199",192.640977710097,"+"
"RBM39","chr11_83274740_83278725",192.413173364675,"+"
"HNRNPC","chr13_110893263_110906032",192.346798102036,"-"
"KHDRBS1","chr2_70289372_70293617",192.286303648883,"+"
"AKAP1","chr5_133006920_133026496",192.237340459819,"-"
"PABPC4","chr3_186784696_186784961",192.197518039844,"-"
"KRR1","chr3_44926847_44929305",192.122068762488,"+"
"CIRBP","chr5_96702915_96722638",191.975780110419,"-"
"ZC3H8","chr12_76047718_76048420",191.544167239477,"-"
"RBM25","chr8_85217502_85220305",191.490211355059,"-"
"HNRNPF","chr9_35684807_35685063",191.490205285141,"-"
"PUM2","chr3_197149796_197194424",191.452174743192,"+"
"TARDBP","chr6_26124633_26127697",191.443086744323,"+"
"U2AF2","chr17_6641227_6641752",191.353779514442,"+"
"TIAL1","chr19_32581327_32582194",191.344643283408,"+"
"EIF4B","chr6_31639226_31640198",191.23851253097,"-"
"PTBP1","chr17_36578186_36579244",190.879436191711,"+"
"EWSR1","chr20_17660528_17679998",190.823089981995,"+"
"HNRNPAB","chr4_82424883_82426036",190.765628013123,"+"
"SAFB2","chr6_79201726_79202275",190.744819589165,"+"
"EWSR1","chr1_53228954_53233541",190.721411070035,"+"
"RBM17","chr17_50737026_50740305",190.606459898339,"+"
"HNRNPL","chr19_45413745_45414860",190.438228944144,"-"
"PCBP2","chr6_116571655_116580294",190.406827513468,"+"
"FXR1","chr11_47565986_47571470",190.155814060197,"+"
"RBM17","chr20_56388202_56392153",190.046981861482,"-"
"FXR1","chr5_146463793_146469543",190.015852885757,"+"
"PCBP2","chr2_27774530_27779432",189.950674847481,"+"
"SART3","chr11_112085462_112085977",189.844924743354,"-"
"PABPC1","chr20_35699456_35699632",189.793040436092,"+"
"RBM39","chr11_134248484_134249166",189.769338478544,"-"
"RBM25","chr6_5186980_5216617",189.684634558583,"-"
"RBM17","chr4_82425667_82426036",189.557210747116,"-"
"FUS","chr2_74135658_74145188",189.49595231727,"-"
"PTBP1","chr2_74135658_74145188",189.492607456764,"-"
"PABPC4","chr6_116571655_116580294",189.440277151972,"+"
"EIF2S1","chr6_3015643_3016883",189.371592312058,"+"
"HNRNPA2B1","chr5_134744052_134750758",189.324414324483,"+"
"KHDRBS1","chr1_39570002_39571233",189.301906946505,"+"
"SF3B4","chr8_85214631_85214920",189.19057213415,"+"
"RBM15","chr3_122363027_122365335",189.05493073729,"-"
"SFPQ","chr16_66552793_66563121",188.853709948785,"+"
"LARP4","chr20_35740597_35740823",188.805577383303,"+"
"CSTF2","chr16_66552793_66558189",188.76367180194,"+"
"SART3","chr8_85219363_85220305",188.689398026464,"+"
"SF1","chr4_82425667_82426036",188.613432347552,"-"
"U2AF2","chr1_32634072_32634767",188.375295404363,"+"
"HNRNPA0","chr17_42953778_42954875",188.151627144812,"+"
"NONO","chr2_200378371_200389222",188.078543127675,"-"
"FUBP3","chr5_140436257_140438460",187.988876011479,"+"
"RBM39","chr4_139678642_139695196",187.951560896439,"+"
"GRSF1","chr20_31566295_31569119",187.850418442517,"+"
"TARDBP","chr6_116571655_116580294",187.795851688937,"+"
"U2AF2","chr3_157150381_157152176",187.762775319079,"+"
"QKI","chr8_61643433_61644599",187.664563776858,"-"
"PUM1","chr1_23967723_23971572",187.446410334095,"+"
"RBM39","chr11_10801087_10802048",187.037847542332,"-"
"PUM1","chr8_124495542_124504270",186.961290164043,"+"
"FXR1","chr12_56724523_56725262",186.836955252077,"+"
"TRA2A","chr1_2189781_2192844",186.807464204728,"-"
"ZC3H8","chr17_81893614_81894466",186.766456213974,"-"
"FXR1","chr3_197149796_197194424",186.675696326702,"+"
"NONO","chr9_33998864_34017049",186.588308621933,"+"
"CIRBP","chr9_136850560_136850754",186.556707426174,"-"
"CSTF2","chr19_10177367_10180349",186.547177018697,"-"
"SF3B4","chr7_92577717_92578149",186.538910161733,"+"
"PUF60","chr12_103966060_103976917",186.390677709651,"+"
"PCBP2","chr12_101726497_101728900",186.378840845481,"-"
"EIF3G","chr16_80976179_80981805",186.351372759431,"+"
"HNRNPAB","chr19_16647261_16659394",186.172723986741,"+"
"U2AF2","chr18_9937066_9950394",186.058379896066,"+"
"KRR1","chr16_89873859_89883350",186.045138952649,"+"
"RBM15","chr8_38827288_38831124",185.961038071677,"-"
"EWSR1","chr19_4324529_4325215",185.957853987538,"+"
"FUBP3","chr5_96740118_96740744",185.751182580497,"+"
"SFPQ","chr6_36970694_36972702",185.707375092503,"+"
"DKC1","chr9_136850560_136850754",185.530097065638,"-"
"KHDRBS1","chr9_19200582_19378367",185.475241487673,"-"
"PUF60","chr3_183829709_183840569",185.239067603476,"-"
"TIA1","chr2_70289372_70293617",185.1358909774,"+"
"ASCC1","chr7_141010660_141014910",185.041594547713,"+"
"TAF15","chr17_59112345_59119318",184.957693059673,"-"
"FXR1","chr3_186784696_186785882",184.911990107736,"-"
"EIF3G","chr6_116571655_116580294",184.868006389656,"+"
"TIAL1","chr6_170577717_170578856",184.785746346014,"+"
"GRSF1","chr18_49491833_49492457",184.299671433472,"-"
"RBM17","chr5_96740118_96741265",184.279572713073,"+"
"FXR1","chr5_163464802_163469640",184.269076269502,"+"
"PUF60","chr10_7807010_7807658",184.119747558254,"+"
"LARP4","chr1_161157693_161158411",183.762753955946,"-"
"SF3B4","chr2_73957240_73958145",183.724694387291,"-"
"PUF60","chr9_108942834_108942960",183.613192421,"+"
"DKC1","chr5_140645725_140647255",183.57583049396,"-"
"HNRNPA2B1","chr4_82424883_82425562",183.215956387048,"+"
"TRA2A","chr11_134248484_134249166",183.153470337984,"-"
"PABPC4","chr5_163464802_163469640",183.119323526595,"-"
"CIRBP","chr1_32634072_32634767",183.051709514096,"+"
"HNRNPL","chr18_10534496_10539761",182.932950084991,"+"
"TIA1","chr6_136267175_136268161",182.879423419767,"+"
"PTBP1","chr6_26124749_26138053",182.823978605762,"-"
"SLBP","chr2_232567214_232568944",182.553939227798,"+"
"SF1","chr6_166934136_166938894",182.410973052139,"-"
"PARN","chr4_83458429_83459739",182.278832273391,"+"
"QKI","chr16_66552793_66558189",182.200321377159,"-"
"CCAR1","chr17_81891841_81894466",181.999057550129,"-"
"PABPC1","chr10_123162828_123163819",181.690897106726,"+"
"HNRNPL","chr1_74736622_74738689",181.677371603126,"+"
"EIF3G","chr14_64924126_64926009",181.484658933887,"+"
"SART3","chr7_73694050_73697604",181.476761648644,"+"
"SF3B4","chr1_53228954_53235576",181.466096338436,"-"
"PPIL4","chr6_31835451_31837235",181.289575414552,"+"
"IGF2BP3","chr3_197161738_197194424",181.28468829729,"+"
"SF3B4","chr11_134248484_134248808",181.266069218547,"+"
"EIF3G","chr5_96695907_96722638",181.264492044988,"+"
"RBM39","chr19_3452666_3462751",181.261687024414,"-"
"RBM22","chr1_70228555_70232267",180.972240719204,"+"
"KHDRBS1","chr11_83274740_83278725",180.966948936291,"+"
"NONO","chr19_1438428_1438806",180.930499217585,"+"
"KRR1","chr7_26197732_26197830",180.835348742874,"-"
"KHDRBS1","chr7_103326684_103327655",180.718329696724,"+"
"LARP4","chr12_10704148_10713210",180.689693961641,"+"
"SF1","chr6_167864746_167870382",180.66683634823,"+"
"SART3","chr7_73694050_73697604",180.448088066169,"+"
"SF1","chr11_134248484_134249166",180.401356502575,"-"
"QKI","chr13_27251585_27253764",180.29397571355,"+"
"PCBP2","chr1_155827028_155853275",180.273202479786,"+"
"FXR1","chr2_9406905_9407448",180.268674586747,"-"
"PABPC1","chr16_189339_189967",180.26264057196,"+"
"CSTF2","chr12_101726404_101728900",180.177238784799,"+"
"CCAR1","chr2_187503770_187554199",179.964795300762,"-"
"HNRNPK","chr17_7013516_7013665",179.946205845075,"-"
"U2AF2","chr3_157150381_157152176",179.651820627781,"+"
"RBM22","chr1_244842058_244842194",179.613046847396,"+"
"EIF3G","chr20_35739017_35740524",179.589385112413,"+"
"QKI","chr6_31835451_31837235",179.560339001138,"-"
"EWSR1","chr17_82392534_82398195",179.476747427041,"+"
"RBM22","chr19_12949159_12949274",179.424617820279,"-"
"CIRBP","chr3_126914750_126957415",179.387292168062,"+"
"FUS","chr17_28319365_28325502",179.263502824698,"+"
"G3BP2","chr6_26124749_26127697",179.052039891139,"+"
"SART3","chr11_112085462_112086639",178.991264971291,"+"
"ZRANB2","chr1_42667440_42676583",178.778313466694,"+"
"AKAP1","chr2_169812506_169815476",178.755455360009,"+"
"TAF15","chr17_81891833_81894466",178.633331174745,"+"
"DAZAP1","chr6_143335119_143339638",178.42190117957,"-"
"PCBP2","chr19_34209051_34215123",178.366747199795,"+"
"G3BP2","chr17_76735158_76736153",178.332310110281,"+"
"PCBP1","chr16_2759661_2759746",178.2698907351,"+"
"TRA2A","chr7_105014535_105040838",178.115705502574,"+"
"DKC1","chr7_6003792_6003971",178.081770110426,"+"
"PUF60","chr6_41789332_41789567",177.86632685503,"-"
"SUPT6H","chr4_82355401_82356536",177.847922593011,"-"
"KHDRBS1","chr7_103326684_103327655",177.816465366114,"+"
"PABPC1","chr16_80976179_80981805",177.7838704226,"+"
"HNRNPL","chr5_65542848_65551563",177.756791549215,"+"
"PNPT1","chr4_83458429_83459739",177.700243035607,"+"
"RBM39","chr2_74135658_74142271",177.083820975661,"+"
"PUF60","chr9_128820848_128822327",177.060964244068,"+"
"HNRNPK","chr17_31976614_31982998",176.880304267185,"+"
"DKC1","chr6_26124749_26127697",176.829504272406,"+"
"U2AF2","chr14_35046628_35050032",176.790172395413,"-"
"RBM25","chr3_167720273_167734805",176.57437137739,"-"
"EIF3G","chr20_31566295_31569119",176.470848988646,"+"
"QKI","chr3_146525647_146528613",176.352880715405,"+"
"LARP7","chr20_35740597_35740823",176.287114438543,"+"
"UPF1","chr8_144792140_144792365",176.281185046098,"+"
"SFPQ","chr8_61644632_61651049",176.24299563915,"-"
"PPIL4","chr6_150885734_150887844",176.147720103307,"+"
"SF3B4","chr12_31298224_31304981",176.106348521052,"+"
"HNRNPAB","chr2_190205232_190212955",175.864817289919,"-"
"SAFB2","chr16_635340_636093",175.860284361072,"+"
"LARP4","chr20_62308178_62308654",175.740415188623,"-"
"SART3","chr6_26127761_26138053",175.655136363852,"-"
"UPF1","chr8_144792140_144792365",175.583210627057,"+"
"DAZAP1","chr13_114282943_114286518",175.437327425103,"+"
"DAZAP1","chr7_26190460_26192494",175.408590387232,"-"
"IGF2BP3","chr16_66558348_66565885",175.383657417364,"+"
"HNRNPA2B1","chr17_58724100_58732483",175.331316985075,"+"
"HNRNPK","chr19_4501317_4501910",175.330127057514,"+"
"EWSR1","chr5_96727530_96729611",175.311005032304,"+"
"SLBP","chr2_73946906_73958145",175.30208067087,"-"
"SF1","chr17_82392534_82398195",175.063002378862,"+"
"HNRNPA2B1","chr5_177441053_177441734",175.001010388063,"+"
"HNRNPA2B1","chr19_3453916_3456549",174.701334726279,"-"
"PTBP1","chr6_170582265_170583056",174.674185312653,"-"
"PUM2","chr3_197149796_197161639",174.589894449842,"+"
"SF1","chr4_82356683_82356795",174.582039516373,"-"
"HNRNPAB","chr17_76735158_76736153",174.543953763384,"+"
"PTBP1","chr16_635340_635611",174.517480632081,"+"
"RBM25","chr4_82359639_82371527",174.387293629801,"+"
"RBM39","chr16_27225236_27225725",174.349479405428,"+"
"SF3B4","chr16_69715077_69718122",174.297568790826,"+"
"SSB","chr2_229859574_229879981",174.18559899983,"+"
"SF1","chr12_94994257_95002738",174.109374019111,"+"
"ZRANB2","chr11_112085462_112086639",174.095048945154,"+"
"PUF60","chr5_133022906_133026496",174.085398939665,"+"
"PUF60","chr1_155172892_155173220",173.890454498592,"+"
"FUS","chr8_100948900_100953268",173.795703523553,"-"
"TIA1","chr12_79805768_79806165",173.727514192859,"+"
"EIF3G","chr9_35684807_35685063",173.699060712514,"-"
"MATR3","chr20_35739017_35740524",173.689694574274,"+"
"PCBP1","chr11_76361063_76365851",173.587855850703,"-"
"PABPC4","chr17_6641152_6641752",173.540449284604,"-"
"UPF1","chr22_15788931_15790660",173.51019108367,"+"
"PUF60","chr3_122363027_122368175",173.39168124526,"+"
"AKAP1","chr5_96727530_96729611",173.286412466991,"+"
"G3BP2","chr3_157150381_157152176",173.177509367273,"-"
"FUS","chr6_26124633_26138053",173.092768974662,"-"
"NONO","chr2_200329480_200389222",173.061020905151,"+"
"EWSR1","chr9_136850560_136850754",173.019758685748,"+"
"CIRBP","chr7_26190460_26190992",172.993366032907,"+"
"SLTM","chr2_227352573_227355676",172.988919577522,"+"
"CPSF6","chr2_111429620_111494884",172.944704780129,"+"
"RBM22","chr6_149802369_149810615",172.790998696652,"+"
"PNPT1","chr3_157150381_157152176",172.713143823594,"+"
"SFPQ","chr14_34608140_34609637",172.629836492244,"+"
"NONO","chr2_229859574_229879981",172.577443921318,"-"
"SUPT6H","chr1_2189781_2193638",172.411161100498,"+"
"G3BP2","chr5_96695907_96722638",172.379273272373,"+"
"PUM2","chr20_17660528_17682027",172.356647924604,"+"
"G3BP2","chr3_142005544_142093060",172.316016813467,"-"
"RBM39","chr3_157150381_157152176",172.278431575172,"+"
"LARP4","chr16_89291183_89305205",172.244609604925,"+"
"UPF1","chr20_17660528_17682027",172.220496483874,"-"
"MATR3","chr12_76459895_76487509",172.210915505337,"-"
"CPSF6","chr14_35046628_35050032",172.179080581353,"-"
"GRSF1","chr17_5426082_5426235",172.132533062156,"+"
"CIRBP","chr8_100948900_100953268",172.115606963742,"+"
"PUF60","chr2_169812506_169815476",171.97921344175,"+"
"PUF60","chr2_169812506_169815476",171.900103086768,"+"
"HNRNPA1","chr7_92131872_92134172",171.823318933361,"+"
"RBM17","chr13_114282943_114286518",171.776367193827,"+"
"UPF1","chr19_16647261_16654034",171.759346403827,"+"
"UPF1","chr2_227340380_227355676",171.66910356453,"+"
"LARP4","chr14_55661612_55667240",171.63082269234,"-"
"HNRNPA2B1","chr18_13730755_13731475",171.577823109286,"+"
"PCBP1","chr12_79805768_79806165",171.540933252784,"-"
"RBM15","chr9_83978452_83980502",171.525398816978,"+"
"KHDRBS1","chr9_83978452_83980502",171.47162608344,"-"
"RAVER1","chr17_63775178_63787033",171.445628991233,"+"
"CPSF6","chr17_59112345_59131280",171.41334346078,"-"
"U2AF2","chr17_50737026_50740305",171.308147541518,"+"
"HNRNPC","chr20_2656034_2656400",171.252066231474,"-"
"NONO","chr19_1438428_1438806",171.186120000854,"+"
"GRSF1","chr2_9407598_9408112",171.07221617968,"-"
"EWSR1","chr1_90007750_90010087",170.937486174155,"+"
"HNRNPAB","chr9_35725727_35732074",170.859924644062,"+"
"DAZAP1","chr2_101859864_101864929",170.704215144295,"+"
"SLTM","chr11_134248484_134249166",170.632374507766,"-"
"KRR1","chr1_85258722_85258934",170.516733589992,"+"
"FUBP3","chr17_50737026_50740305",170.503769379773,"+"
"HNRNPC","chr19_54206462_54207397",170.442849360569,"-"
"SUPT6H","chr16_66558348_66565885",170.433632822579,"-"
"PNPT1","chr5_150447735_150449485",170.423331878175,"-"
"LARP4","chr8_61626280_61633682",170.415310712721,"+"
"RBM25","chr1_244842058_244842194",170.385228747055,"+"
"LSM11","chr1_23967723_23971572",170.312042878829,"+"
"TAF15","chr19_18571909_18573292",170.305052362153,"-"
"TIAL1","chr20_56388202_56388686",170.218050846291,"-"
"SFPQ","chr3_49022768_49022875",170.093158037674,"-"
"PUM1","chr11_47565986_47571470",169.961424082968,"-"
"SF1","chr8_73959818_73972076",169.893405929302,"+"
"CCAR1","chr11_112085462_112085977",169.872479868147,"+"
"RBM17","chr1_15426018_15427149",169.727803299776,"+"
"SF1","chr3_172755374_172756982",169.578347375519,"-"
"EIF2S1","chr9_128268524_128272784",169.365204902949,"+"
"PABPC4","chr1_70228555_70232267",169.358769797786,"+"
"LSM11","chr5_90488129_90490592",169.175229649311,"-"
"SART3","chr1_244842058_244842194",169.130248999717,"+"
"HNRNPC","chr5_151746449_151751703",169.029378023746,"-"
"HNRNPF","chr1_244842058_244842194",168.992222754522,"+"
"PABPC4","chr8_85214631_85214920",168.856760634025,"+"
"RBM22","chr1_244862730_244863673",168.812008024959,"+"
"IGF2BP3","chr17_82392534_82398195",168.784439437107,"+"
"U2AF2","chr8_674047_692477",168.780317107347,"+"
"G3BP1","chr2_46581591_46592474",168.754883919563,"+"
"SFPQ","chr17_82392534_82398195",168.68388752842,"+"
"KHDRBS1","chr8_100948900_100953268",168.651451308487,"-"
"RBM17","chr6_116571655_116580294",168.521819170973,"+"
"LARP7","chr13_114282943_114286518",168.450908193123,"-"
"PUM1","chr20_44887742_44901530",168.411017564702,"-"
"HNRNPAB","chr18_694334_706469",168.366152622411,"-"
"RBM25","chr17_50737026_50740305",168.323937147357,"+"
"GRSF1","chr20_56388202_56392167",168.292944542525,"-"
"CSTF2","chr1_24646789_24647078",168.170700358592,"-"
"RBM22","chr17_7016685_7016909",168.158902629659,"+"
"FXR1","chr5_163467748_163469640",168.117348625513,"-"
"MSI2","chr8_85217502_85220305",168.007419945007,"+"
"SFPQ","chr12_76459895_76487509",167.759526022161,"+"
"MATR3","chr2_232567214_232568944",167.730036572077,"+"
"HNRNPK","chr7_75996599_76000889",167.704789136958,"+"
"PARN","chr6_79201726_79202316",167.615101841537,"-"
"EIF4B","chr6_31835451_31837235",167.565044045693,"+"
"CCAR1","chr8_97691188_97706625",167.412235552952,"+"
"CPSF6","chr19_45413745_45413962",167.372788734413,"-"
"TAF15","chr5_140436257_140438502",167.291216398669,"-"
"RBM39","chr17_81893614_81894466",167.268266291823,"+"
"U2AF2","chr14_35046628_35053277",167.118547293648,"+"
"RAVER1","chr10_68338687_68339139",167.109509055702,"-"
"RBM17","chr19_29971227_29985222",167.005190184346,"+"
"HNRNPA2B1","chr6_166931118_166938894",166.95921322143,"-"
"PUF60","chr3_193615770_193617177",166.905357809392,"+"
"SAFB2","chr12_76047718_76048420",166.863345300282,"-"
"SF3B4","chr3_157150381_157152176",166.847436730852,"+"
"UPF1","chr1_24646789_24647078",166.817811254992,"+"
"GRSF1","chr8_61643433_61644599",166.756707936262,"-"
"SF3B4","chr11_93730712_93731149",166.545097926948,"+"
"RBM17","chr5_96740118_96740744",166.497015401996,"-"
"RBM17","chr19_10180234_10180349",166.487644859227,"-"
"HNRNPM","chr11_134248484_134248808",166.230389279414,"+"
"PUM2","chr17_44212006_44212818",166.136381434109,"+"
"HNRNPL","chr17_81891841_81894466",166.127269019196,"-"
"GRSF1","chr19_18589683_18590853",166.015366186886,"+"
"RBM39","chr6_150885734_150887844",165.950966497411,"+"
"CIRBP","chr17_50737026_50740305",165.880970161829,"+"
"IGF2BP2","chr6_26124749_26138053",165.804695087964,"+"
"QKI","chr2_74142360_74145188",165.78351850285,"+"
"TIA1","chr12_79805768_79807225",165.768884493806,"-"
"CIRBP","chr3_126914750_126957415",165.726821452498,"+"
"PABPC1","chr17_44212006_44212818",165.611259055772,"+"
"EIF2S1","chr19_29971227_29985222",165.51819398945,"-"
"TIAL1","chr1_42457073_42457246",165.471308380283,"+"
"CPSF6","chr1_32631879_32633644",165.395745814849,"+"
"HNRNPA0","chr12_122511188_122515104",165.350605588355,"+"
"HNRNPM","chr6_170578656_170578856",165.278128958441,"-"
"CIRBP","chr4_82371584_82373445",165.275446288515,"-"
"DAZAP1","chr3_186784696_186784961",165.240733413895,"+"
"SART3","chr8_144099205_144099276",165.220364271098,"+"
"PUF60","chr17_5426299_5428070",165.091571510825,"-"
"SSB","chr13_114282943_114286518",165.088701501708,"+"
"PTBP1","chr1_67424322_67424887",165.056843677828,"+"
"KHSRP","chr12_10704148_10709907",164.928977863296,"+"
"EWSR1","chr11_532755_533452",164.738453448122,"+"
"RAVER1","chr8_38404506_38407361",164.67574057719,"+"
"PCBP2","chr17_50737026_50740305",164.607007020367,"+"
"AKAP1","chr12_109088512_109090008",164.543575490902,"+"
"RBM25","chr8_61644632_61651049",164.532808489839,"+"
"RBM39","chr6_31639646_31640198",164.478450853879,"+"
"U2AF2","chr2_201136107_201136197",164.35499286142,"-"
"IGF2BP2","chr1_45568684_45568926",164.294451255953,"+"
"KHSRP","chr16_89873859_89883350",164.23837074061,"+"
"SF1","chr6_3263759_3267590",164.226181101402,"+"
"PABPC1","chr2_237692521_237708543",164.006113154299,"+"
"DKC1","chr3_167720273_167734805",163.825516514923,"+"
"G3BP1","chr5_133006920_133026496",163.712286050945,"-"
"HNRNPK","chr19_12676142_12677107",163.630246942968,"-"
"SSB","chr17_78214789_78215965",163.596362791502,"+"
"PUF60","chr16_89873859_89883350",163.364690734202,"+"
"PUM1","chr12_10704148_10713210",163.226230149273,"+"
"RBM15","chr7_5229705_5230834",163.092039114829,"+"
"RAVER1","chr10_118341927_118342269",162.874892001808,"-"
"KHSRP","chr6_116571655_116580294",162.82480354069,"+"
"RBM17","chr6_149802416_149810615",162.823119238205,"+"
"MSI2","chr1_42457073_42457246",162.746213459032,"+"
"RBM25","chr12_79805768_79807225",162.73667957643,"+"
"HNRNPK","chr20_44885886_44901530",162.669469791554,"+"
"RBM39","chr16_66558348_66565885",162.567967086351,"-"
"RBM39","chr5_133006920_133026496",162.555534069021,"-"
"DAZAP1","chr1_32627544_32633644",162.547690567062,"-"
"PNPT1","chr14_55601880_55612018",162.539209814832,"+"
"RBM17","chr16_634797_635611",162.072570749996,"-"
"HNRNPM","chr16_635340_635611",162.022730129854,"+"
"HNRNPK","chr2_200329480_200389222",161.98044680113,"+"
"SART3","chr2_227352573_227355676",161.977284960279,"+"
"HNRNPAB","chr12_46243314_46268864",161.864690652247,"-"
"EIF4B","chr12_56116863_56117188",161.847486663822,"-"
"DAZAP1","chr1_32627544_32631826",161.771237077763,"+"
"HNRNPA1","chr6_166934136_166938894",161.736350730556,"+"
"KRR1","chr1_85258722_85259357",161.69726656923,"+"
"PCBP2","chr17_50737026_50740305",161.690265318865,"+"
"TRA2A","chr3_186784696_186785882",161.511516737977,"-"
"PCBP2","chr12_69365884_69370705",161.463182546742,"-"
"CPSF6","chr4_673401_673911",161.387660519218,"+"
"HNRNPA2B1","chr12_54282874_54283078",161.328336601568,"-"
"U2AF2","chr2_131140275_131146636",161.301554979877,"+"
"PTBP1","chr9_33998864_34017049",161.301337665667,"+"
"FMR1","chr1_67424959_67425082",161.27248450462,"-"
"RBM17","chr1_155060832_155062244",161.272378682126,"-"
"KHDRBS1","chr6_143165183_143284109",161.144237720705,"+"
"GRSF1","chr11_47569891_47571470",161.123207471616,"+"
"HNRNPA2B1","chr5_163464802_163469640",160.900547645468,"+"
"FXR1","chr7_76001002_76003757",160.896521402371,"+"
"KHDRBS1","chr3_157150381_157152176",160.818755532355,"+"
"PCBP1","chr11_47565986_47571470",160.811686308595,"-"
"PABPC4","chr2_61533903_61537561",160.776080671342,"+"
"ZRANB2","chr10_118336423_118342269",160.760564395839,"+"
"TARDBP","chr2_74135658_74145188",160.622480978046,"+"
"RBM22","chr12_76450988_76459858",160.563166586523,"-"
"QKI","chr14_55664041_55667240",160.555025007326,"+"
"G3BP1","chr6_166934136_166938894",160.538538120987,"+"
"EIF4B","chr20_56388202_56392167",160.439439715711,"-"
"RBM17","chr1_2189781_2193638",160.438515592899,"+"
"HNRNPA2B1","chr7_105014535_105040838",160.340941192222,"+"
"EIF2S1","chr3_28263380_28316332",160.157083283965,"+"
"G3BP1","chr14_55661612_55667240",159.930648263415,"+"
"RAVER1","chr7_74189918_74194740",159.867123349073,"-"
"PUF60","chr7_151076832_151076912",159.812373847145,"+"
"TARDBP","chr20_50084254_50113106",159.756372202656,"-"
"HNRNPA1","chr8_61644632_61646749",159.627583154921,"+"
"AKAP1","chr17_5422829_5432541",159.624299081011,"-"
"EIF2S1","chr1_244862730_244863616",159.480199138568,"-"
"HNRNPK","chr7_30500681_30504568",159.469086160191,"+"
"PPIL4","chr14_64924126_64932137",159.353788586886,"-"
"PTBP1","chr12_76060279_76074202",159.270409567207,"-"
"U2AF2","chr3_37096660_37129062",159.210995740343,"+"
"HNRNPK","chr2_169812506_169815476",159.189114328335,"+"
"PCBP2","chr20_35632025_35632310",159.06061549356,"+"
"PNPT1","chr8_61643433_61644599",159.045033416176,"-"
"CSTF2","chr2_9406905_9408112",159.04472645411,"-"
"HNRNPAB","chr1_212433120_212444338",158.99353850649,"-"
"PUM1","chr19_29942664_29971192",158.962176076606,"+"
"IGF2BP3","chr10_42594699_42631928",158.935221413837,"+"
"SART3","chr16_634797_636093",158.935139230989,"+"
"G3BP2","chr6_31836517_31837235",158.906339561622,"-"
"CCAR1","chr4_82354154_82355303",158.899189921908,"+"
"G3BP2","chr16_634797_635611",158.763570340457,"-"
"PCBP2","chr12_82357269_82358222",158.652303374649,"+"
"KHSRP","chr5_133006920_133026496",158.642273489394,"-"
"TARDBP","chr19_29942664_29985222",158.371539137767,"-"
"HNRNPM","chr1_90007750_90010087",158.35127029216,"+"
"G3BP1","chr7_26191128_26192494",158.319949853591,"-"
"SFPQ","chr3_180985996_180988022",158.319807027565,"+"
"RBM17","chr17_81239943_81240986",158.266478888476,"-"
"FMR1","chr16_634956_635280",158.180888775402,"-"
"QKI","chr1_24646789_24647078",157.84901403966,"+"
"HNRNPK","chr5_96695907_96722638",157.840403550249,"+"
"PTBP1","chr2_74142360_74145188",157.839280768627,"-"
"CSTF2","chr17_36578186_36579244",157.81267750927,"+"
"HNRNPA2B1","chr16_66558348_66565885",157.656259025821,"+"
"CSTF2","chr16_66552793_66563121",157.650235819965,"-"
"RBM25","chr10_118336423_118342269",157.619656290628,"+"
"CIRBP","chr6_26124749_26127697",157.616877055923,"+"
"RBM22","chr5_62352710_62353274",157.580405531826,"+"
"PNPT1","chr17_81891841_81894466",157.510610954191,"-"
"CSTF2","chr1_23971439_23971572",157.449106189011,"-"
"RBM22","chr3_122363027_122368175",157.372494411462,"+"
"SUPT6H","chr1_28580646_28581110",157.304350022355,"-"
"IGF2BP2","chr7_26197866_26200571",157.218571656772,"+"
"HNRNPL","chr3_146528831_146533469",157.209498744072,"+"
"HNRNPC","chr1_1405886_1406908",157.126996744825,"+"
"PABPC4","chr1_32634072_32634767",157.048724787549,"+"
"SART3","chr3_167720273_167734805",156.992229560891,"-"
"HNRNPC","chr11_93736751_93737063",156.979831131691,"+"
"FUBP3","chr20_17680075_17682027",156.814450164231,"+"
"SUPT6H","chr17_73209768_73227164",156.808455056034,"+"
"PTBP1","chr3_108047292_108057476",156.752377138335,"-"
"ZRANB2","chr17_6641152_6641752",156.6828695409,"-"
"U2AF2","chr20_2656034_2656400",156.593154228723,"+"
"UPF1","chr2_227352573_227355676",156.268734758418,"+"
"UPF1","chr13_27251585_27253764",156.075938197111,"+"
"CSTF2","chr2_9406905_9408112",156.07549034258,"-"
"U2AF2","chr2_222887888_222908732",156.056530753928,"-"
"PABPC1","chr20_2656034_2656400",156.024792938668,"-"
"PCBP2","chr19_34209051_34215595",155.989060210834,"-"
"DAZAP1","chr1_28579587_28579911",155.964650987856,"+"
"LARP4","chr20_56388202_56391942",155.807930245742,"-"
"AKAP1","chr14_55664041_55667240",155.663964689363,"+"
"PUM1","chr12_57303217_57310263",155.538044619182,"+"
"EWSR1","chr21_44973265_44976679",155.405824172948,"-"
"SF3B4","chr15_58894193_58897114",155.384022474598,"-"
"SF3B4","chr3_167725473_167734805",155.355960692617,"-"
"TAF15","chr7_26190460_26190992",155.343406918309,"+"
"RBM39","chr4_139678642_139703454",155.243957905628,"-"
"SSB","chr2_227340380_227355676",155.183258202973,"+"
"EWSR1","chr19_36121718_36125450",155.150490471748,"+"
"SLTM","chr16_57173869_57185820",155.081163709668,"+"
"ZC3H8","chr8_73959818_73972244",155.063371127942,"+"
"HNRNPC","chr1_212433120_212444338",155.008720108065,"-"
"PCBP1","chr9_89332986_89334521",155.006662197038,"-"
"SF1","chr3_186784696_186785882",154.964471305843,"-"
"PABPC1","chr17_44212006_44212818",154.931717243315,"+"
"MATR3","chr16_635340_636093",154.692363327294,"+"
"NONO","chr20_50096820_50113106",154.531783000277,"+"
"LARP4","chr17_5422829_5432541",154.452955667485,"-"
"EIF3G","chr16_80976179_80981805",154.411962987728,"+"
"SLBP","chr2_73946906_73958145",154.39938751913,"+"
"EIF2S1","chr2_74135658_74145188",154.345052830433,"-"
"PABPC1","chr17_50737026_50740305",154.286815905855,"+"
"KHSRP","chr5_136147906_136153591",154.158031409869,"+"
"CSTF2","chr2_27772692_27779432",154.057258596695,"+"
"DAZAP1","chr13_114282943_114286518",154.022348988192,"+"
"ZRANB2","chr10_63215455_63215548",153.929583459273,"-"
"KHSRP","chr19_29942664_29985222",153.903170987602,"+"
"PUF60","chr4_183651327_183655880",153.835520279723,"+"
"KRR1","chr7_141010660_141014910",153.732816013034,"+"
"QKI","chr11_88312554_88334936",153.702356245577,"-"
"SART3","chr12_76047718_76048420",153.675868698348,"-"
"PABPC4","chr16_69713129_69718122",153.51160210118,"-"
"KHSRP","chr5_96702915_96722638",153.470828340148,"-"
"HNRNPAB","chr1_212433120_212444338",153.449254999307,"-"
"PUF60","chr7_72829783_72831601",153.376035496478,"+"
"RBM39","chr3_157150381_157152176",153.371646303449,"+"
"CPSF6","chr1_212442625_212444338",153.330734748157,"+"
"KHDRBS1","chr2_74135658_74145188",153.269707665487,"-"
"QKI","chr15_92901299_92924320",153.236420846309,"+"
"HNRNPK","chr1_45568684_45568926",153.097823567577,"+"
"HNRNPK","chr10_118336423_118342269",153.090132062326,"+"
"PNPT1","chr1_244862730_244863673",153.023634864167,"+"
"KRR1","chr9_129634306_129635207",152.983604398273,"+"
"NONO","chr2_200329480_200389222",152.835901271988,"+"
"PTBP1","chr16_80976179_80981805",152.722841906144,"+"
"ZC3H8","chr14_23081836_23090521",152.477217285178,"+"
"PABPC1","chr19_2324196_2328386",152.465090793563,"+"
"CIRBP","chr17_5422829_5432541",152.460959048757,"-"
"TARDBP","chr11_64227666_64229246",152.342963173673,"-"
"EIF4B","chr13_114282943_114286518",152.299644342884,"+"
"EIF4B","chr6_116574171_116580294",152.190145905466,"+"
"CIRBP","chr8_61644632_61651049",152.13552710569,"-"
"NONO","chr14_35046628_35053277",152.062244742452,"-"
"TIAL1","chr17_5428211_5432541",151.940148162449,"+"
"HNRNPA0","chr16_189339_189930",151.785281101578,"+"
"KRR1","chr6_31835451_31837235",151.743687337364,"+"
"TARDBP","chr1_77967098_77967626",151.710152104021,"+"
"PABPC1","chr4_82371584_82373445",151.678631023814,"+"
"HNRNPAB","chr10_102159338_102159432",151.633296274308,"-"
"AKAP1","chr4_118278792_118279388",151.554405186438,"-"
"HNRNPC","chr11_66640123_66646026",151.504464267314,"+"
"SART3","chr1_53228954_53235576",151.486808818375,"-"
"PUF60","chr11_47569891_47571470",151.465083438206,"+"
"PNPT1","chr14_55580354_55612018",151.442115449196,"-"
"G3BP1","chr1_53228954_53235576",151.429805137935,"+"
"UPF1","chr20_17660528_17682027",151.419175048806,"-"
"PCBP2","chr12_56159622_56159974",151.269137984376,"-"
"HNRNPA0","chr19_2324192_2328386",151.192475532715,"+"
"HNRNPM","chr17_36578186_36579244",151.139044951918,"+"
"CIRBP","chr3_108047292_108057476",151.110293536416,"-"
"FXR1","chr4_139678642_139703454",151.036546072748,"-"
"AKAP1","chr11_64224210_64224284",150.935796435011,"+"
"PARN","chr17_81893614_81894466",150.869572345699,"-"
"G3BP2","chr17_44212006_44212818",150.853910775244,"+"
"PCBP2","chr7_103326684_103327655",150.785258113323,"+"
"LARP4","chr1_24646789_24648858",150.776560728858,"+"
"CIRBP","chr7_107613432_107618327",150.737350682427,"+"
"CPSF6","chr1_244842058_244842194",150.732600483169,"+"
"CIRBP","chr6_26124749_26127697",150.714519590691,"+"
"RBM22","chr3_28263380_28316332",150.613138305213,"+"
"EIF2S1","chr3_197149796_197194424",150.608963186509,"-"
"FUS","chr12_79805768_79806165",150.473969150113,"+"
"TAF15","chr20_17680075_17682027",150.337271189075,"-"
"HNRNPA0","chr16_189339_189967",150.327129998321,"-"
"CIRBP","chr8_61644632_61651049",150.160104472529,"+"
"UPF1","chr2_200306601_200329430",150.131167228983,"-"
"UPF1","chr19_29971227_29985222",150.090058491474,"+"
"U2AF2","chr2_200419496_200439121",149.967171975617,"+"
"U2AF2","chr2_131140275_131146636",149.905510330241,"+"
"PABPC1","chr16_66552793_66563121",149.866209189538,"-"
"PPIL4","chr6_149802369_149810615",149.859082077912,"-"
"TARDBP","chr5_163464802_163469640",149.856030868674,"+"
"PUF60","chr2_74532714_74532819",149.709913736101,"+"
"TIA1","chr19_6730384_6730986",149.708953303606,"+"
"SFPQ","chr6_5109491_5216617",149.659333427311,"+"
"HNRNPK","chr16_635063_635280",149.611814810156,"-"
"PTBP1","chr11_134248959_134249166",149.611674763177,"-"
"PABPC1","chr12_76450979_76487509",149.578858004006,"-"
"PUF60","chr11_870499_883147",149.559250444199,"+"
"MSI2","chr3_193617285_193618868",149.552684271121,"+"
"G3BP2","chr2_61533903_61534557",149.522494739322,"-"
"LARP7","chr8_37870528_37874514",149.441476379996,"+"
"CCAR1","chr11_134248959_134249166",149.384357766046,"+"
"HNRNPL","chr8_61619019_61633682",149.370173011114,"+"
"PTBP1","chr13_75526639_75530310",149.339142638017,"-"
"RBM22","chr6_143333445_143339638",149.314569960691,"+"
"HNRNPK","chr3_180985996_180988022",149.265360247727,"-"
"HNRNPA0","chr17_36578186_36579244",149.240256982606,"+"
"PABPC4","chr2_169812506_169815476",148.875834375623,"+"
"HNRNPA2B1","chr5_96727530_96729611",148.719550623201,"+"
"SFPQ","chr12_102013192_102025973",148.469761676237,"+"
"HNRNPF","chr19_1105809_1106241",148.469072736176,"+"
"G3BP1","chr8_99892052_99893442",148.467018710672,"-"
"CPSF6","chr6_31639226_31640198",148.360964784962,"-"
"EWSR1","chr6_26124633_26127697",148.281352571984,"-"
"SF1","chr10_7802854_7806973",148.220509601832,"+"
"SF1","chr5_96727530_96729611",148.138511907021,"-"
"G3BP2","chr18_36787079_36798448",147.965446944644,"+"
"FMR1","chr12_76450988_76487509",147.914416492755,"+"
"PABPC1","chr3_28263380_28316332",147.912968413116,"+"
"KHSRP","chr11_2979237_2992253",147.893114514949,"-"
"PUF60","chr12_79805768_79806165",147.865776236822,"+"
"U2AF2","chr10_12172866_12177792",147.858414078701,"-"
"PABPC1","chr17_50737026_50740305",147.768038345114,"+"
"SSB","chr12_6492972_6493057",147.755945087438,"-"
"HNRNPM","chr6_143165183_143284109",147.742526187799,"+"
"KHDRBS1","chr6_166934136_166938894",147.544505504981,"+"
"EIF2S1","chr17_5422829_5432541",147.505209533406,"-"
"GRSF1","chr6_116571655_116580294",147.4887671482,"+"
"G3BP2","chr8_99892052_99893442",147.4736984436,"-"
"PABPC1","chr12_6566324_6566528",147.469354788757,"-"
"FXR1","chr3_197149796_197194424",147.394072129466,"+"
"PUM1","chr20_62308178_62308654",147.367968609391,"-"
"EIF2S1","chr6_10749698_10755141",147.265695101387,"+"
"SSB","chr19_18571887_18573292",147.235561037229,"+"
"HNRNPK","chr17_42951894_42953723",147.147770068912,"+"
"RBM22","chr11_134248484_134249166",147.055301247934,"-"
"ASCC1","chr9_35684807_35685063",146.96774797479,"-"
"SSB","chr12_46243314_46268525",146.918673241688,"-"
"U2AF2","chr11_93736751_93737063",146.914122297296,"+"
"TIA1","chr2_187467932_187484123",146.89975632012,"+"
"CSTF2","chr10_123162828_123163819",146.815457459594,"-"
"CPSF6","chr20_32369123_32428127",146.773384878188,"+"
"PCBP2","chr7_5229705_5230834",146.758612418184,"-"
"PABPC1","chr9_92324209_92325305",146.71933147187,"+"
"HNRNPK","chr17_78214789_78215965",146.678984871121,"-"
"EIF4B","chr13_52661570_52662648",146.621843713651,"+"
"QKI","chr1_15721388_15725316",146.565406615126,"-"
"RBM39","chr4_82355401_82356795",146.554845749899,"+"
"SUPT6H","chr1_85258722_85259357",146.554102516999,"+"
"HNRNPA0","chr19_2324196_2328386",146.521491927486,"+"
"FUS","chr19_10177367_10180349",146.511552436622,"+"
"ASCC1","chr19_45413745_45414860",146.408317418836,"-"
"U2AF2","chr2_70288192_70293617",146.311653500083,"-"
"KHSRP","chr7_74189918_74194740",146.283669617885,"+"
"RAVER1","chr5_134741523_134750758",146.159054691493,"-"
"EIF3G","chr7_74189918_74194740",146.103665998928,"+"
"PABPC1","chr6_43054486_43055896",146.050495563565,"+"
"PARN","chr9_128268524_128272784",146.025184244047,"+"
"KHSRP","chr6_116571655_116580294",146.02384601568,"+"
"CSTF2T","chr2_68047319_68062944",145.901562053564,"-"
"RBM39","chr11_114440739_114443855",145.874942110211,"+"
"U2AF2","chr19_48326922_48329351",145.819198154886,"+"
"HNRNPAB","chr17_81239943_81240986",145.724741494822,"-"
"U2AF2","chr4_39774933_39777681",145.673492094808,"+"
"SLTM","chr19_18571909_18573292",145.618920898845,"+"
"SSB","chr13_110893263_110906032",145.61051359399,"+"
"IGF2BP3","chr17_7017014_7017260",145.595576068932,"-"
"FXR1","chr19_12676142_12677107",145.595063152941,"+"
"RBM39","chr4_139678642_139703454",145.590373681737,"-"
"SF3B4","chr3_101681215_101682770",145.520106566648,"-"
"MSI2","chr2_70289372_70293617",145.515220121788,"+"
"TIAL1","chr20_35632025_35632310",145.505020191768,"+"
"PCBP2","chr7_5229738_5230834",145.502852432547,"+"
"EWSR1","chr14_35046628_35050032",145.467015818807,"+"
"PCBP2","chr6_149802369_149810615",145.373820954045,"+"
"ZC3H8","chr14_23081836_23089981",145.297733765632,"-"
"RBM25","chr17_7016685_7017256",145.245842813385,"+"
"GRSF1","chr8_61643433_61643944",145.225526455218,"+"
"IGF2BP3","chr2_227340380_227355676",145.168680630739,"-"
"SF1","chr11_73718890_73720845",145.090404783973,"+"
"SF3B4","chr1_23967723_23971572",145.089590184224,"+"
"TRA2A","chr5_146463793_146469543",144.993856071865,"+"
"MATR3","chr1_67424977_67425082",144.965456735649,"+"
"CPSF6","chr3_37083806_37094791",144.916714235877,"+"
"TIAL1","chr4_83458429_83459739",144.904867007953,"+"
"PABPC4","chr17_81893614_81894466",144.841209766998,"+"
"QKI","chr8_85217502_85219322",144.729943669215,"-"
"AKAP1","chr2_98616533_98618145",144.62022188876,"-"
"ZC3H8","chr9_128820848_128822327",144.591834728344,"+"
"CPSF6","chr19_45413745_45414860",144.524934560402,"+"
"KHDRBS1","chr1_90005092_90010087",144.488771437253,"+"
"SSB","chr8_56211837_56214597",144.41734193239,"+"
"TIAL1","chr17_73209768_73227164",144.369473014635,"+"
"HNRNPL","chr1_67424959_67425082",144.343288364065,"-"
"SUPT6H","chr3_28263380_28316332",144.336870507741,"+"
"SF1","chr3_197149796_197194424",144.237019712767,"+"
"LARP7","chr6_30345398_30345490",144.22012021343,"+"
"EIF2S1","chr14_23081836_23090521",144.192818764855,"+"
"LARP4","chr11_47565986_47571470",144.118382648653,"-"
"TARDBP","chr11_112085462_112086639",144.053530405512,"-"
"HNRNPK","chr16_89873859_89883350",143.985957289907,"+"
"SART3","chr19_29971227_29985222",143.896179058795,"+"
"PUM1","chr1_2189781_2193638",143.87247421187,"-"
"SF3B4","chr4_83458429_83459739",143.824421347181,"+"
"HNRNPL","chr6_26124633_26127697",143.606545898399,"+"
"PUM1","chr12_79805768_79806165",143.473259901779,"+"
"RBM25","chr14_54417951_54418213",143.452837530247,"-"
"SSB","chr13_114286400_114286518",143.428443095444,"-"
"HNRNPC","chr19_54206462_54207397",143.420793331455,"+"
"HNRNPA2B1","chr7_105014535_105040838",143.402211230866,"+"
"HNRNPK","chr16_635340_636093",143.39543790723,"-"
"PABPC4","chr6_3263759_3267590",143.354047780535,"+"
"PCBP2","chr6_116571655_116580294",143.31630885368,"+"
"LARP4","chr1_110950123_110963620",143.305868509113,"+"
"U2AF2","chr19_48326922_48329351",143.278164658541,"+"
"HNRNPC","chr14_103913984_103915065",143.261909566357,"+"
"SUPT6H","chr10_102402159_102402254",143.224607897857,"+"
"SF1","chr16_69713129_69714963",143.110730883241,"+"
"AKAP1","chr2_200419496_200440648",143.033895497294,"-"
"G3BP2","chr13_110893263_110906032",142.990262035762,"+"
"QKI","chr14_64926080_64932137",142.934550073283,"+"
"RBM25","chr5_65542848_65551563",142.815373763019,"+"
"GRSF1","chr3_126914750_126957415",142.762103221881,"+"
"HNRNPAB","chr14_55661612_55667240",142.694740123546,"+"
"EWSR1","chr12_79805768_79807225",142.684712401619,"-"
"HNRNPA0","chr21_44973265_44976679",142.643003745185,"-"
"SFPQ","chr16_634797_636093",142.537816890786,"+"
"SLTM","chr13_52456607_52460895",142.528486377482,"-"
"PUF60","chr13_114282943_114286518",142.523539122338,"+"
"CPSF6","chr20_35699456_35699632",142.518417210714,"-"
"SART3","chr13_110893263_110906032",142.471709149733,"+"
"G3BP1","chr3_146525647_146528613",142.467234866143,"+"
"SAFB2","chr6_79201726_79202316",142.42766138476,"-"
"SLBP","chr12_54282874_54283078",142.387522649156,"+"
"TIAL1","chr4_82359639_82371527",142.24418433537,"+"
"IGF2BP3","chr16_89907322_89910590",142.22061220082,"+"
"RAVER1","chr2_70289372_70293617",142.196701944017,"-"
"SF1","chr5_163464802_163467700",142.083089597613,"-"
"RBM25","chr19_12676142_12677290",141.847837174085,"-"
"SART3","chr12_6492972_6493458",141.830505272564,"-"
"LARP7","chr19_4409759_4422565",141.815664747299,"+"
"RBM25","chr11_111882598_111883770",141.813317487298,"-"
"TRA2A","chr17_50737026_50740305",141.800311368691,"+"
"SLTM","chr16_66558348_66565885",141.703326901568,"+"
"CPSF6","chr3_37083806_37094791",141.697867696885,"+"
"G3BP2","chr17_7857198_7883234",141.663325042311,"+"
"SUPT6H","chr17_73209768_73227164",141.582359939899,"+"
"EIF3G","chr16_69715077_69718122",141.53566420105,"+"
"CPSF6","chr5_96702915_96722638",141.443623496832,"-"
"PCBP2","chr5_96727530_96729611",141.367806809229,"+"
"SF1","chr19_29971227_29985222",141.363738269883,"-"
"HNRNPK","chr1_67424977_67425082",141.326592003024,"-"
"SART3","chr20_17660528_17679998",141.315596706107,"+"
"MSI2","chr19_3452666_3462751",141.211932646503,"-"
"EIF3G","chr6_18263996_18264384",141.125477016626,"+"
"AKAP1","chr8_127890998_127932464",141.119029017484,"-"
"FUBP3","chr3_197149796_197161639",141.09248206763,"-"
"HNRNPK","chr7_103326684_103327331",141.055016199099,"-"
"HNRNPK","chr2_73957240_73958145",141.006417141138,"-"
"G3BP2","chr6_26124749_26138053",140.928761951545,"-"
"CCAR1","chr4_82354154_82355303",140.855317838501,"+"
"DKC1","chr6_116571655_116580294",140.700429122022,"+"
"EIF2S1","chr6_143165183_143284109",140.65933097367,"+"
"GRSF1","chr19_45522581_45522717",140.654498712716,"+"
"CCAR1","chr2_229860531_229879981",140.51596960088,"+"
"SFPQ","chr17_82392534_82394330",140.510253237824,"+"
"HNRNPC","chr17_82392534_82398195",140.503413948979,"+"
"FMR1","chr3_183833589_183840569",140.48029555655,"+"
"HNRNPAB","chr3_42619708_42620015",140.462798413492,"+"
"HNRNPM","chr8_67045960_67051229",140.433908691402,"+"
"SFPQ","chr2_73957240_73958145",140.280089373115,"+"
"AKAP1","chr16_66558348_66565885",140.17409916249,"-"
"HNRNPA0","chr16_635774_636093",140.126557348795,"-"
"SUPT6H","chr19_45413745_45414860",140.073268352458,"-"
"FUS","chr11_112085462_112085977",140.067112710855,"-"
"ASCC1","chr14_35046628_35050032",140.004325180591,"+"
"GRSF1","chr7_5229705_5230834",139.996213362453,"+"
"KHDRBS1","chr1_28579587_28579911",139.880168100755,"+"
"U2AF2","chr15_49137437_49139527",139.860473359474,"-"
"PUM2","chr17_81239943_81240986",139.772010170538,"-"
"TIAL1","chr17_73209768_73227164",139.746219825714,"+"
"HNRNPA0","chr12_54282874_54283811",139.591898069993,"+"
"SSB","chr19_6730384_6730986",139.572016557493,"+"
"MATR3","chr11_112085462_112085977",139.528238204308,"+"
"G3BP1","chr6_85536924_85541984",139.410359565216,"+"
"EWSR1","chr2_169815528_169819560",139.392241196888,"+"
"TAF15","chr10_118336423_118342269",139.341592245359,"-"
"HNRNPA2B1","chr6_166931118_166934090",139.151205635549,"+"
"SART3","chr4_82425667_82426036",139.134435518365,"-"
"RBM22","chr17_82392534_82398195",139.115236565486,"+"
"U2AF2","chr1_15426018_15428592",139.059373267913,"+"
"HNRNPM","chr3_146525647_146533469",139.036812823543,"+"
"EIF4B","chr19_10177367_10180186",139.017695596769,"+"
"TARDBP","chr5_163464802_163469640",139.016903278676,"+"
"RBM25","chr19_12676142_12677107",138.966482414476,"+"
"TRA2A","chr12_82357269_82358222",138.943939905544,"+"
"PPIL4","chr11_134248484_134249166",138.938658049445,"-"
"SF3B4","chr4_39777810_39778359",138.896056658416,"+"
"U2AF2","chr9_36191273_36204067",138.847405287354,"-"
"SART3","chr3_172755575_172756982",138.845885169096,"-"
"HNRNPAB","chr2_73732285_73734428",138.792063885258,"+"
"CPSF7","chr3_197161738_197194424",138.782315452315,"-"
"FUS","chr19_36121718_36125450",138.668402824946,"+"
"HNRNPA0","chr11_112085462_112086639",138.51672436117,"+"
"CSTF2T","chr1_15426018_15427149",138.455767910528,"+"
"HNRNPA1","chr1_110950123_110963620",138.440348751779,"+"
"RBM39","chr12_117049158_117056805",138.37017052262,"+"
"FUBP3","chr19_18571909_18573292",138.282353523852,"+"
"FXR1","chr16_66552793_66563121",138.211783764231,"+"
"AKAP1","chr18_10534496_10539761",138.119546697722,"+"
"CIRBP","chr2_27774530_27779432",138.076744892974,"+"
"HNRNPF","chr10_118336423_118341726",138.053371611263,"+"
"GRSF1","chr1_42457350_42459602",138.027825733257,"+"
"TARDBP","chr13_27253843_27256183",138.004698711417,"-"
"CPSF7","chr1_24647208_24648858",137.972593825301,"-"
"TIA1","chr6_26124633_26127697",137.96408746673,"-"
"GRSF1","chr1_42457350_42459602",137.941052525869,"+"
"QKI","chr1_23967723_23971572",137.750989615862,"+"
"TARDBP","chr20_408779_410411",137.723682844528,"-"
"CPSF7","chr3_183833589_183840569",137.581696158244,"+"
"SUPT6H","chr2_169815528_169819560",137.439125091677,"+"
"HNRNPA0","chr1_85258722_85259357",137.395546312205,"+"
"FUS","chr14_22830254_22833417",137.370511846131,"+"
"LARP4","chr21_42904276_42908863",137.328637455445,"+"
"SF3B4","chr14_22830254_22833417",137.261234802042,"+"
"FMR1","chr1_110950123_110963620",137.089881224487,"+"
"SUPT6H","chr8_100948900_100951928",137.082752106913,"+"
"PABPC1","chr10_123162828_123165046",136.8806916774,"-"
"QKI","chr8_85219363_85220305",136.865143029933,"-"
"EIF4B","chr3_197149796_197194424",136.864016617962,"+"
"MSI2","chr8_73959818_73972076",136.768220561846,"-"
"HNRNPM","chr19_3452666_3462751",136.730973474448,"+"
"CPSF6","chr5_96726859_96727488",136.724717180755,"-"
"SF3B4","chr11_112085462_112085977",136.645948264212,"+"
"PPIL4","chr2_27774530_27779432",136.635669505319,"+"
"PPIL4","chr16_80976179_80981805",136.608123517222,"+"
"G3BP1","chr4_82359639_82373445",136.51513943062,"-"
"KRR1","chr1_23971439_23971572",136.510932973819,"+"
"HNRNPK","chr17_50737026_50740305",136.493209744154,"+"
"HNRNPA2B1","chr19_29942664_29985222",136.460861351604,"+"
"FMR1","chr16_634956_635280",136.45520962443,"+"
"EIF3G","chr1_110950123_110951287",136.426325483903,"-"
"SSB","chr18_694334_706469",136.424773568155,"-"
"RBM17","chr16_635340_635611",136.334362247662,"-"
"RBM39","chr11_114440739_114449845",136.293862868345,"-"
"HNRNPM","chr1_45568684_45568926",136.27210487884,"+"
"PCBP2","chr10_123162828_123165046",136.26067359667,"+"
"FUBP3","chr6_26124749_26127697",136.209639693881,"+"
"SFPQ","chr8_100948900_100953268",136.188935335728,"-"
"SUPT6H","chr3_180985996_180988022",136.138097992519,"-"
"AKAP1","chr11_64227132_64229246",135.922228530313,"+"
"SF1","chr6_167864746_167870385",135.912433322578,"-"
"SF3B4","chr8_61643433_61644599",135.861410015043,"-"
"RBM25","chr3_197161738_197194424",135.821124039738,"-"
"HNRNPK","chr5_145765000_145796441",135.788226204461,"+"
"KHDRBS1","chr3_141995141_142005440",135.727095651351,"+"
"SF1","chr2_27774530_27779432",135.625611510443,"+"
"KHDRBS1","chr7_72829783_72831601",135.519385836505,"+"
"RBM25","chr5_65542848_65551563",135.476328939276,"+"
"EWSR1","chr17_81239943_81240986",135.32319911099,"-"
"HNRNPM","chr12_54283234_54283811",135.300538943763,"-"
"PTBP1","chr16_634956_635280",135.201374255836,"-"
"DKC1","chr3_197149796_197194424",135.170822222102,"+"
"LARP4","chr17_44212006_44212818",135.150667228241,"+"
"RBM25","chr8_61643433_61644599",135.132817322875,"-"
"TIAL1","chr4_108620712_108621950",135.124768204518,"-"
"FUS","chr12_101726404_101728900",135.093609701868,"+"
"SF3B4","chr1_161100859_161117951",135.078908199289,"-"
"PABPC1","chr6_166931118_166934090",135.03850456562,"+"
"FXR1","chr20_35632025_35632162",134.943868621627,"+"
"HNRNPK","chr2_46581591_46592474",134.752544871282,"+"
"TIAL1","chr17_5422829_5432541",134.69639091357,"-"
"ASCC1","chr1_1402601_1405808",134.667189457085,"-"
"U2AF2","chr4_108620712_108621950",134.649981020283,"-"
"SF1","chr1_244842058_244842194",134.592256138253,"+"
"SF3B4","chr1_53228954_53233541",134.537672943015,"-"
"RBM17","chr2_74135658_74145188",134.378439175832,"+"
"SFPQ","chr1_90007750_90010087",134.365135265582,"+"
"PPIL4","chr19_32581700_32582194",134.322549976059,"-"
"RBM39","chr1_2189781_2193638",134.300854554614,"+"
"CIRBP","chr17_50737026_50740305",134.299934370087,"+"
"ASCC1","chr1_23967723_23971572",134.185327451045,"+"
"G3BP1","chr6_31835451_31837235",134.156266427812,"+"
"CCAR1","chr2_111429620_111494884",134.068423357276,"+"
"SFPQ","chr1_155827028_155853275",134.063091927593,"+"
"EWSR1","chr7_99458355_99460085",134.060570634312,"-"
"ASCC1","chr9_15490124_15506560",134.035431888268,"+"
"EIF3G","chr14_23090101_23090521",134.00682772078,"+"
"PABPC1","chr19_45413745_45414860",133.975272069703,"+"
"HNRNPK","chr2_227352573_227355676",133.95752217673,"+"
"SSB","chr3_37096660_37129062",133.913510397762,"+"
"CIRBP","chr5_154756193_154790324",133.773661739146,"+"
"HNRNPC","chr1_212442625_212444338",133.75335352735,"+"
"SSB","chr16_66558348_66565885",133.69068310217,"+"
"PTBP1","chr12_76060279_76074202",133.686110361663,"-"
"PUF60","chr8_61643433_61643944",133.600610763135,"+"
"LARP7","chr12_10607936_10609830",133.569601606195,"+"
"SLTM","chr16_66558348_66565885",133.5025823808,"-"
"MATR3","chr6_149802369_149810615",133.478119827855,"+"
"RBM17","chr3_180985996_180988022",133.465214359885,"-"
"KRR1","chr11_10801087_10802048",133.451986328661,"-"
"RBM39","chr16_88859972_88860913",133.411956325011,"-"
"LARP4","chr7_30498938_30504568",133.408692665471,"-"
"RBM17","chr2_111367575_111494884",133.393289534765,"-"
"EIF4B","chr1_1392803_1393395",133.324678568347,"+"
"HNRNPF","chr11_111883202_111883770",133.324033137771,"+"
"HNRNPA1","chr4_83456958_83458345",133.266922383765,"+"
"RBM39","chr6_31639226_31640198",133.142771691674,"-"
"CCAR1","chr8_97699852_97706625",133.080254913183,"-"
"LARP4","chr3_197149796_197194424",132.972763318457,"+"
"SAFB2","chr20_35739017_35740524",132.969689806014,"+"
"PCBP2","chr14_55661612_55667240",132.961157275509,"-"
"SF3B4","chr13_110893263_110906032",132.949370646174,"+"
"EWSR1","chr5_163464802_163469640",132.912269552675,"+"
"IGF2BP2","chr5_96702915_96722638",132.905253066935,"-"
"KHDRBS1","chr12_101726404_101728900",132.826358668262,"+"
"HNRNPA0","chr2_187467932_187484123",132.808561268707,"+"
"FUBP3","chr2_46581591_46592474",132.753638892632,"-"
"RBM17","chr3_167720273_167734805",132.687484408773,"+"
"PCBP2","chr19_29942664_29985222",132.658000055632,"+"
"SF1","chr4_83456958_83459739",132.642073260276,"+"
"PUF60","chr11_47565986_47571470",132.618908884748,"+"
"HNRNPAB","chr1_15721388_15725316",132.499976515638,"-"
"PABPC4","chr4_139695267_139703454",132.480888811327,"+"
"PABPC1","chr14_64924126_64926009",132.417539377143,"+"
"PABPC1","chr20_50084254_50113106",132.355661194079,"-"
"SF3B4","chr20_35632025_35632162",132.339665329377,"+"
"G3BP2","chr8_73959818_73972244",132.183143088646,"+"
"HNRNPC","chr6_2838686_2840418",132.079204542145,"+"
"TIA1","chr17_59112345_59131280",132.061118395822,"+"
"CSTF2","chr2_74142360_74145188",132.060338896795,"+"
"U2AF2","chr16_89873859_89883350",132.012155977864,"+"
"PNPT1","chr8_85219363_85220305",132.010996566338,"+"
"RBM39","chr20_35739547_35740524",131.966860903338,"+"
"EIF2S1","chr14_23081836_23090521",131.901879588225,"+"
"ASCC1","chr9_136862496_136862905",131.876617423431,"+"
"EWSR1","chr16_635340_636093",131.833846035195,"-"
"RBM17","chr17_81891833_81894466",131.785075330451,"-"
"KHDRBS1","chr3_157150381_157152176",131.772877189971,"+"
"RBM39","chr1_23967723_23971572",131.771266911262,"+"
"PUF60","chr12_122520581_122521384",131.619393983664,"-"
"RBM39","chr2_200329480_200389222",131.518585137077,"+"
"RBM17","chr12_94971620_95002738",131.502796958472,"-"
"IGF2BP2","chr2_74135658_74142271",131.494901509534,"+"
"LARP7","chr3_197149796_197194424",131.477060704565,"+"
"CIRBP","chr16_4341504_4343206",131.432170393053,"+"
"HNRNPC","chr3_186784696_186785882",131.383566887491,"+"
"PPIL4","chr3_193617285_193618868",131.382460182102,"+"
"HNRNPL","chr7_5229738_5230834",131.362240056467,"+"
"TIA1","chr6_26127761_26138053",131.224153751521,"-"
"U2AF2","chr1_42667440_42676583",131.199192089891,"+"
"PTBP1","chr5_163467748_163469640",131.198668722296,"+"
"TIAL1","chr6_116571655_116580294",131.170555010004,"+"
"QKI","chr6_31836517_31837235",131.166651034683,"+"
"RBM39","chr2_200329480_200389222",131.08607527914,"+"
"HNRNPA2B1","chr19_29971227_29985222",131.056717004684,"+"
"SFPQ","chr2_73946906_73958145",131.017500583524,"+"
"SF3B4","chr5_96727530_96729611",130.985344787816,"-"
"U2AF2","chr19_55386693_55387929",130.890472000848,"+"
"DKC1","chr7_100435533_100435847",130.818581381164,"-"
"SF1","chr19_1272051_1272426",130.800084347339,"+"
"HNRNPA2B1","chr5_163464802_163469640",130.753008035171,"+"
"HNRNPK","chr11_111882598_111883135",130.652940119954,"+"
"SSB","chr2_200306922_200329430",130.628597684523,"-"
"AKAP1","chr16_634797_635280",130.604204725717,"-"
"EIF2S1","chr12_54283234_54283811",130.493472262774,"-"
"RBM17","chr2_73946906_73958145",130.49194419257,"+"
"RBM25","chr19_45413745_45414860",130.470118812496,"+"
"HNRNPC","chr6_2838686_2840418",130.464070764051,"+"
"GRSF1","chr6_26124749_26127697",130.402758046193,"-"
"FMR1","chr12_79805768_79807225",130.338920774038,"+"
"SART3","chr2_74135658_74145188",130.31243432913,"-"
"RBM25","chr6_31835451_31837235",130.234928920356,"+"
"HNRNPAB","chr1_46309127_46309896",130.225108700644,"-"
"EWSR1","chr2_232567214_232568944",130.215181505974,"+"
"SF1","chr19_10177367_10180349",130.209739965322,"-"
"HNRNPF","chr18_694334_697239",130.191212073083,"+"
"RBM25","chr19_29942664_29985222",130.127123411557,"+"
"RBM25","chr10_21928552_21929039",130.120147223805,"+"
"GRSF1","chr11_64224210_64224284",130.101732089062,"+"
"PCBP1","chr9_35684807_35685268",130.101274198177,"-"
"EIF4B","chr6_31639646_31640198",130.04140439053,"+"
"HNRNPAB","chr17_5422829_5425970",130.036153446367,"+"
"TARDBP","chr7_99458355_99460085",130.020526547439,"-"
"G3BP1","chr6_31639226_31640198",129.990845534306,"-"
"PCBP2","chr11_31433570_31463171",129.802578611551,"-"
"PABPC1","chr5_96727530_96729611",129.795479697395,"+"
"RBM39","chr2_61533903_61534557",129.779302612502,"-"
"HNRNPA1","chr2_227340380_227355676",129.719660117123,"+"
"G3BP2","chr12_56724549_56725262",129.625890153932,"-"
"PTBP1","chr7_30135298_30157437",129.623022267513,"+"
"U2AF2","chr11_64319868_64320864",129.61861518135,"-"
"HNRNPA2B1","chr1_171512200_171512994",129.547051019331,"-"
"PABPC1","chr7_26191128_26192494",129.517407592087,"+"
"FUBP3","chr16_89907322_89910590",129.492772911076,"+"
"LARP4","chr1_70228555_70232267",129.417964465297,"+"
"PTBP1","chr1_1390865_1393395",129.336911589355,"-"
"CIRBP","chr8_61646878_61651049",129.326346472434,"+"
"DAZAP1","chr1_155827028_155853275",129.324633782082,"+"
"RBM15","chr17_82392534_82398195",129.297760278113,"+"
"HNRNPC","chr11_47565986_47571470",129.245471321832,"+"
"HNRNPA0","chr2_38748653_38749528",129.237516122504,"+"
"PABPC1","chr6_26124749_26127697",129.188166729319,"-"
"HNRNPAB","chr4_82359639_82373445",129.184221803922,"-"
"PUM2","chr13_27251585_27253764",129.164422959821,"+"
"ZRANB2","chr14_64924126_64932137",129.110822882673,"-"
"EIF2S1","chr12_10704148_10713210",129.081470291552,"+"
"PCBP2","chr17_81893614_81894466",129.019487112242,"+"
"SF3B4","chr17_31983104_31988319",129.017427956256,"+"
"PCBP1","chr21_34073745_34125340",128.945836522626,"+"
"SF3B4","chr6_30345398_30345490",128.90482332732,"+"
"EWSR1","chr19_36121718_36125450",128.901718441687,"+"
"U2AF2","chr12_56666266_56670274",128.640323956153,"+"
"SLTM","chr2_70288192_70293617",128.596142839268,"-"
"HNRNPAB","chr17_82392534_82394330",128.518855388335,"+"
"RBM17","chr19_34215300_34215595",128.471507349132,"+"
"U2AF2","chr17_50737026_50740305",128.353528051673,"+"
"RBM25","chr18_36787079_36798448",128.331137520833,"+"
"HNRNPK","chr17_81891833_81894466",128.2292648319,"-"
"EWSR1","chr8_100948900_100951928",128.143641283679,"+"
"TARDBP","chr6_26124633_26127697",128.141879453209,"+"
"SF3B4","chr14_54415930_54417847",128.127882778917,"+"
"RBM25","chr16_89873859_89883350",128.079805788821,"+"
"HNRNPA1","chr2_187503770_187554199",128.065578342573,"+"
"RBM25","chr12_10607936_10609097",128.062226456715,"-"
"GRSF1","chr4_83458429_83459739",127.986584170208,"+"
"SSB","chr14_64924126_64932137",127.934503983015,"-"
"SF3B4","chr14_54415930_54417847",127.854688883825,"+"
"DAZAP1","chr7_26190460_26192494",127.835667501937,"+"
"RBM39","chr17_59112345_59155130",127.763691899559,"-"
"PUF60","chr6_143333445_143339638",127.759056642686,"+"
"U2AF2","chr15_58913696_58916934",127.62986868534,"+"
"LARP4","chr2_111429620_111494884",127.598819106651,"+"
"HNRNPAB","chr19_12949159_12949274",127.595977699386,"-"
"DAZAP1","chr20_63931022_63931464",127.550373901705,"+"
"KHSRP","chr14_22830254_22833417",127.517690732906,"+"
"UPF1","chr20_17660528_17679998",127.497518428415,"+"
"KHDRBS1","chr9_83978452_83980152",127.469539886213,"+"
"EWSR1","chr16_635340_635611",127.444177434096,"-"
"ASCC1","chr16_635340_636093",127.429760212604,"+"
"HNRNPC","chr7_44799874_44801286",127.421107851548,"+"
"SUPT6H","chr2_169812506_169815476",127.285577411156,"+"
"HNRNPL","chr11_134248484_134249166",127.27628461731,"-"
"TAF15","chr17_59112345_59131280",127.241443846713,"-"
"U2AF2","chr1_244842058_244842194",127.19511076911,"+"
"IGF2BP2","chr3_28263380_28316332",127.184367612776,"-"
"EIF3G","chr4_82424883_82426036",127.145164928586,"+"
"FXR1","chr8_144099205_144099276",127.119647841851,"+"
"TRA2A","chr1_23967723_23971572",127.047097106722,"+"
"PUF60","chr2_232567214_232574262",127.035955609232,"-"
"SUPT6H","chr4_82424883_82426036",126.962127894962,"-"
"HNRNPC","chr4_108657647_108667246",126.89655618248,"+"
"HNRNPA1","chr20_32430053_32431320",126.805420911811,"+"
"HNRNPL","chr11_134248484_134248808",126.793814532141,"+"
"TRA2A","chr11_64227666_64229246",126.78541425019,"+"
"PNPT1","chr4_82424883_82426036",126.622507981143,"-"
"EIF4B","chr16_66552793_66563121",126.612453612932,"+"
"HNRNPA0","chr12_54282874_54283811",126.541353754159,"+"
"SFPQ","chr2_61533903_61537561",126.518445517645,"+"
"PABPC4","chr1_32634072_32634767",126.505799312887,"+"
"RBM17","chr17_73209768_73227164",126.464229527467,"+"
"PABPC4","chr13_72778380_72780845",126.420827417453,"+"
"CSTF2","chr20_17660528_17682027",126.416919920692,"-"
"CPSF7","chr16_89873859_89883350",126.2986411361,"-"
"ZC3H8","chr19_36121718_36125450",126.297196129729,"+"
"TRA2A","chr12_112408656_112409410",126.280672057235,"-"
"U2AF2","chr1_53228954_53235576",126.26106235241,"-"
"PABPC1","chr11_64227666_64229246",126.260021137611,"+"
"PABPC4","chr9_136850560_136850754",126.095714686675,"+"
"LARP4","chr12_96003064_96003837",126.093406553523,"+"
"HNRNPK","chr11_810039_811596",125.978212779625,"-"
"SF3B4","chr18_13730755_13731475",125.934453244447,"+"
"RBM17","chr6_149802369_149810615",125.916726992724,"+"
"CPSF7","chr19_3452666_3456549",125.838566978156,"+"
"PTBP1","chr8_144098994_144099276",125.813913424769,"-"
"FXR1","chr6_31639226_31640198",125.784312056386,"+"
"SF3B4","chr13_31141259_31145562",125.78214940611,"-"
"PUM1","chr16_66552793_66563121",125.743753126374,"+"
"LARP7","chr7_26190460_26192494",125.712295832869,"+"
"RBM17","chr3_108047292_108057476",125.688210369132,"+"
"KRR1","chr2_187503770_187554199",125.686664114749,"+"
"AKAP1","chr1_23967723_23971572",125.503053111026,"+"
"HNRNPA1","chr2_46581591_46592474",125.447940633364,"+"
"PCBP2","chr18_79973856_79988239",125.430133452299,"+"
"RBM17","chr14_30653588_30658082",125.404919210218,"-"
"RBM39","chr12_56666266_56671748",125.399768223638,"-"
"SSB","chr16_89907322_89910590",125.373288063504,"+"
"KHDRBS1","chr2_70288192_70293617",125.220494466239,"+"
"EIF2S1","chr1_155827028_155853275",125.06343861384,"+"
"IGF2BP3","chr19_16647261_16654034",125.043281499933,"+"
"RBM39","chr19_1272051_1274306",125.036355076645,"+"
"SLTM","chr16_66552793_66558189",125.009831194252,"+"
"HNRNPAB","chr3_146525647_146528613",125.000811810966,"+"
"RBM17","chr1_24646789_24648858",124.971279195866,"+"
"CPSF7","chr17_6644659_6649981",124.938459309169,"+"
"HNRNPC","chr14_103913984_103915065",124.916496038327,"+"
"QKI","chr17_5428211_5432541",124.698008157003,"-"
"KRR1","chr9_133360129_133360264",124.577988322667,"-"
"HNRNPM","chr16_634956_635280",124.517822788275,"-"
"HNRNPAB","chr17_78214789_78216663",124.208980352356,"-"
"TARDBP","chr19_29942664_29971192",124.207882343841,"+"
"SF1","chr16_88859972_88860910",124.203764198035,"-"
"PUM1","chr16_19715037_19718157",124.195994721785,"+"
"EIF4B","chr4_83458429_83459739",124.168022401327,"+"
"EIF4B","chr17_7857198_7857382",124.159057639301,"+"
"HNRNPM","chr17_76735158_76736153",124.098534714707,"+"
"SF1","chr20_35740597_35740823",124.098025057408,"+"
"SFPQ","chr20_56388202_56390555",124.080566197206,"-"
"HNRNPL","chr5_96740118_96741265",123.995757040662,"-"
"FMR1","chr8_73959818_73972244",123.99028514778,"+"
"SSB","chr1_15719920_15721328",123.935494029857,"+"
"MATR3","chr19_3452666_3456549",123.856183060586,"+"
"RBM39","chr1_23323732_23333517",123.675175923226,"+"
"RBM17","chr17_35820248_35820331",123.632963698653,"+"
"HNRNPA2B1","chr17_5422829_5425970",123.622261448763,"+"
"PUF60","chr9_136850560_136850754",123.590132119728,"-"
"G3BP2","chr16_69713129_69714963",123.57037540721,"+"
"NONO","chr9_129634306_129635207",123.521510788728,"+"
"PABPC4","chr16_89873859_89883350",123.452051815488,"+"
"CPSF6","chr1_244842058_244842194",123.438573385899,"+"
"SF1","chr19_11449428_11450645",123.410308840106,"+"
"SF1","chr12_54282874_54283811",123.37039213837,"+"
"HNRNPC","chr2_73957240_73958145",123.300626186363,"+"
"SLBP","chr17_44212006_44212818",123.250487343579,"+"
"PTBP1","chr14_35046628_35053277",123.249600352698,"-"
"RBM39","chr1_67424977_67425082",123.1785145268,"+"
"EIF2S1","chr11_64227132_64229246",123.168833703286,"+"
"ASCC1","chr18_13666713_13671861",122.89101288907,"+"
"SF1","chr11_65115598_65115892",122.853332561303,"+"
"PPIL4","chr1_171512200_171513000",122.805354346565,"-"
"GRSF1","chr15_75339344_75339964",122.801461262699,"-"
"SF1","chr1_32627544_32631826",122.783467855254,"+"
"TIAL1","chr16_634797_635611",122.774926420539,"+"
"HNRNPC","chr2_201136107_201136197",122.760334388365,"-"
"ASCC1","chr2_70289372_70293617",122.739476692145,"+"
"HNRNPM","chr4_83458429_83459739",122.736178165749,"+"
"RBM17","chr17_59112345_59131280",122.708179128846,"+"
"SF3B4","chr6_116571655_116574057",122.663531791524,"+"
"EIF2S1","chr20_44885886_44901530",122.642159226642,"+"
"RBM22","chr16_4343291_4351231",122.604464619862,"+"
"PTBP1","chr7_107613432_107618327",122.570132008466,"-"
"HNRNPK","chr13_27251656_27253764",122.569240000774,"-"
"HNRNPK","chr11_810039_811596",122.564889238932,"-"
"FUBP3","chr1_39570002_39571233",122.533759869661,"+"
"U2AF2","chr19_2324196_2328386",122.478196779182,"-"
"RBM17","chr19_10177367_10180186",122.260227655383,"-"
"PTBP1","chr19_34215300_34215595",122.240213621612,"+"
"RBM17","chr2_27772692_27779432",122.20447931405,"-"
"MSI2","chr1_28580646_28581093",122.036205174423,"-"
"PCBP2","chr7_26190460_26190992",122.000330344705,"-"
"ZC3H8","chr5_151751779_151758545",121.949457454066,"-"
"EIF3G","chr12_6492972_6493057",121.938839761701,"+"
"CCAR1","chr7_141010617_141014910",121.923728369725,"+"
"RBM39","chr15_64376905_64380957",121.892859247921,"+"
"SAFB2","chr2_74135658_74145188",121.837522536465,"-"
"HNRNPC","chr18_49491833_49492457",121.741535325882,"-"
"CCAR1","chr6_3263759_3267590",121.727782829256,"-"
"HNRNPA0","chr19_12949159_12949277",121.722670934183,"+"
"CIRBP","chr3_108047292_108057476",121.709940924593,"-"
"GRSF1","chr7_151077027_151077100",121.708447410013,"+"
"PNPT1","chr11_47565986_47571470",121.65816703257,"+"
"HNRNPAB","chr7_26191128_26192494",121.62104593698,"+"
"HNRNPA2B1","chr11_76364432_76365851",121.615313285942,"+"
"ZC3H8","chr7_141010660_141014910",121.613024467604,"+"
"HNRNPK","chr2_46581591_46592474",121.595357689085,"+"
"SSB","chr2_68047319_68062957",121.524985996497,"+"
"RBM39","chr18_49491584_49492274",121.511204299113,"-"
"EIF2S1","chr12_122520581_122521384",121.468069683079,"+"
"RBM22","chr1_20773610_20776596",121.460737563946,"+"
"U2AF2","chr17_16000245_16001914",121.450040722911,"+"
"LARP7","chr17_36578192_36579244",121.356738000119,"-"
"SUPT6H","chr6_116571655_116580294",121.347126282911,"+"
"PCBP2","chr12_26957743_26960514",121.316183608959,"+"
"RBM22","chr12_101726497_101728900",121.298630634327,"-"
"HNRNPC","chr20_62308178_62308654",121.26602220714,"-"
"HNRNPM","chr15_49137458_49139527",121.16065975123,"+"
"RBM22","chr11_112085462_112085977",121.100511549755,"+"
"TIAL1","chr5_163467748_163469640",121.038720685664,"+"
"HNRNPA1","chr19_45413745_45414860",121.025061876158,"+"
"EIF2S1","chr17_50737026_50740305",121.024831361871,"+"
"PUF60","chr1_23967723_23971572",121.015093987592,"+"
"HNRNPC","chr17_5422829_5425970",121.00199055362,"+"
"LARP4","chr9_129634306_129635207",120.99686231776,"-"
"FMR1","chr2_227340380_227355676",120.993258142928,"+"
"HNRNPK","chr17_59119495_59131280",120.960159259662,"-"
"PABPC4","chr4_83456958_83458345",120.953638708111,"+"
"HNRNPC","chr17_81891841_81894466",120.932055557004,"-"
"PABPC1","chr12_101726404_101728900",120.910636124867,"+"
"PUF60","chr6_143165183_143284109",120.897368268358,"+"
"PCBP1","chr3_49022768_49022877",120.886495667637,"+"
"RBM17","chr8_73959818_73972076",120.880748837098,"+"
"SART3","chr2_111429620_111494884",120.87705078463,"+"
"U2AF2","chr11_112085462_112085977",120.861939672105,"-"
"IGF2BP2","chr7_74658068_74689123",120.845766715488,"+"
"DAZAP1","chr7_74189918_74194740",120.793987376084,"-"
"EIF4B","chr6_36970694_36972702",120.763217724685,"+"
"SUPT6H","chr3_52075985_52122378",120.74286066105,"+"
"ASCC1","chr10_118336423_118342269",120.72835779057,"+"
"SF3B4","chr7_141010660_141014910",120.71905095334,"+"
"SAFB2","chr1_244842058_244842194",120.70068566352,"+"
"SF3B4","chr12_56159622_56159974",120.691390223699,"-"
"U2AF2","chr3_184366800_184368176",120.671136356386,"+"
"CPSF7","chr21_44973265_44976679",120.656311676294,"+"
"RBM39","chr2_227340380_227355676",120.651997387494,"+"
"QKI","chr6_30345398_30345490",120.647760057885,"+"
"HNRNPC","chr4_82425667_82426036",120.640219769274,"+"
"CIRBP","chr18_13730755_13731475",120.63592994752,"+"
"PCBP1","chr22_35263874_35263981",120.627522336444,"+"
"HNRNPA0","chr1_20773610_20776596",120.595092671706,"+"
"HNRNPA2B1","chr2_61533903_61537561",120.554533417537,"+"
"PTBP1","chr9_33998864_34017049",120.474071315582,"+"
"TAF15","chr12_10607936_10609830",120.444107861301,"+"
"HNRNPA2B1","chr3_146525647_146528613",120.384980284547,"+"
"UPF1","chr17_81239678_81240986",120.339859444966,"+"
"FUBP3","chr17_81891841_81894466",120.204815400222,"-"
"EIF2S1","chr14_55661612_55663954",120.194340065632,"+"
"HNRNPM","chr2_9406905_9408112",120.12306056051,"-"
"SAFB2","chr1_244862730_244863673",120.116011056675,"-"
"TRA2A","chr7_92244149_92244901",120.10242226414,"+"
"PTBP1","chr16_634956_635280",120.093887914273,"-"
"SF1","chr12_132701369_132704618",120.061153908878,"+"
"PUF60","chr3_186784696_186785882",120.051390965239,"+"
"TRA2A","chr17_81893614_81894466",120.050142634761,"+"
"EIF3G","chr13_27251585_27253764",119.993866511003,"+"
"KHDRBS1","chr5_133022906_133026496",119.993444731887,"+"
"G3BP1","chr8_61626280_61633682",119.966307246603,"+"
"MATR3","chr6_26124749_26138053",119.95953225707,"+"
"RBM39","chr2_227340380_227355676",119.887273823875,"+"
"HNRNPK","chr2_187503770_187554199",119.876396857974,"+"
"PUF60","chr11_88326443_88328111",119.859159384612,"+"
"HNRNPAB","chr11_112085462_112086639",119.84602481818,"+"
"IGF2BP2","chr2_190205232_190208879",119.832980044776,"+"
"HNRNPL","chr17_7017014_7017256",119.74826673639,"-"
"AKAP1","chr4_82359639_82373445",119.740349238788,"-"
"TRA2A","chr3_186784696_186784961",119.692229207463,"+"
"SUPT6H","chr2_169812506_169815476",119.602392718729,"+"
"RBM15","chr2_61533903_61534557",119.574543991829,"-"
"PTBP1","chr3_167720273_167734213",119.512155051698,"+"
"HNRNPC","chr4_82424883_82425562",119.417231169041,"+"
"SF1","chr14_64924126_64932137",119.400132159311,"-"
"PPIL4","chr11_64227132_64229246",119.381156132592,"-"
"U2AF2","chr1_32634072_32634767",119.342419343337,"+"
"HNRNPC","chr7_106091939_106092948",119.29062436495,"+"
"FXR1","chr17_59112345_59131280",119.286784686989,"-"
"EIF3G","chr1_15719920_15725316",119.214093176621,"+"
"EIF3G","chr6_18263996_18264097",119.204531740104,"-"
"MATR3","chr16_4343291_4351231",119.131049369271,"-"
"HNRNPC","chr19_3452666_3462751",119.095671861545,"-"
"MATR3","chr2_222887888_222900673",119.057133642054,"-"
"DKC1","chr20_2656214_2656400",119.024862317658,"-"
"SF3B4","chr5_134374463_134376668",119.024520389386,"+"
"PNPT1","chr11_532755_533452",119.001213144178,"+"
"HNRNPA0","chr4_83456958_83458345",118.965832610138,"+"
"RBM17","chr6_26124749_26138053",118.903994436551,"-"
"PABPC1","chr18_13666713_13671861",118.786676712124,"-"
"U2AF2","chr11_93738499_93739236",118.775235056591,"+"
"CSTF2","chr2_229859574_229879981",118.739843451325,"-"
"TRA2A","chr8_80003180_80030035",118.717458093711,"+"
"SF1","chr17_44212006_44212343",118.715741358611,"-"
"CIRBP","chr11_47565986_47571470",118.684355174422,"+"
"RBM22","chr11_134248484_134248808",118.659371426878,"+"
"LARP4","chr4_183651327_183655880",118.568729415935,"+"
"PABPC1","chr8_100288267_100309866",118.56867884808,"+"
"U2AF2","chr6_79201726_79202316",118.52762803891,"+"
"CIRBP","chr6_36598983_36601151",118.517529899531,"+"
"PUF60","chr16_66552793_66563121",118.515135230897,"+"
"TIAL1","chr5_163464802_163469640",118.40430381664,"-"
"SFPQ","chr5_163464802_163469640",118.367873060923,"+"
"HNRNPA2B1","chr12_101726404_101728900",118.279229223677,"+"
"PABPC1","chr3_179588995_179592643",118.275338069116,"+"
"HNRNPA0","chr8_85219363_85220305",118.269321252656,"-"
"PUF60","chr14_22830254_22833417",118.240673372426,"+"
"GRSF1","chr4_82424883_82426036",118.21763374643,"+"
"FMR1","chr20_62308178_62308654",118.19249653303,"-"
"RBM17","chr1_2189781_2192844",118.162461997654,"-"
"SSB","chr3_142005544_142093060",118.123837988941,"+"
"RBM39","chr20_35739017_35740823",118.04348086604,"-"
"GRSF1","chr18_2960849_3013086",118.03702565808,"+"
"RAVER1","chr1_244835756_244842194",118.015588401796,"-"
"PNPT1","chr2_70288192_70293617",117.988004196809,"-"
"LSM11","chr1_23967723_23971572",117.975387641121,"+"
"PABPC4","chr2_169812506_169815476",117.966213788505,"+"
"PUM1","chr5_163464802_163469640",117.804139134043,"+"
"PNPT1","chr2_241166441_241167044",117.802866616305,"-"
"EIF2S1","chr1_24646789_24648858",117.75011649773,"+"
"PUF60","chr19_3452666_3456549",117.620440781951,"+"
"RBM39","chr19_1272051_1274306",117.596892078091,"+"
"QKI","chr16_66558348_66565885",117.573624281041,"-"
"TAF15","chr2_74135658_74145188",117.511398851886,"-"
"PUF60","chr15_34227846_34229752",117.510511941775,"-"
"HNRNPA2B1","chr2_101860986_101864929",117.480308571875,"+"
"EIF4B","chr19_10177367_10180349",117.480196085757,"+"
"SF3B4","chr4_83456958_83458345",117.439251574845,"+"
"SF3B4","chr4_108620712_108621950",117.321655141097,"-"
"G3BP1","chr17_78214789_78216663",117.159214795445,"+"
"U2AF2","chr9_35684807_35685063",117.136258553483,"-"
"TIAL1","chr7_5229738_5230834",117.12532369961,"+"
"CPSF6","chr3_180985996_180988022",117.047614305146,"-"
"SF1","chr8_51820718_51831443",117.047103138277,"+"
"TARDBP","chr2_70288192_70293617",117.037264617599,"-"
"EIF3G","chr11_870499_883147",117.028456194793,"+"
"CCAR1","chr12_56724523_56725262",117.020566910338,"+"
"DKC1","chr15_60386086_60397257",117.015306557511,"-"
"SUPT6H","chr4_83458429_83459739",116.988981465773,"+"
"CIRBP","chr9_129634306_129635207",116.938951586787,"-"
"U2AF2","chr6_26124749_26127697",116.909361041864,"-"
"IGF2BP3","chr2_74135658_74142271",116.838116909483,"+"
"HNRNPF","chr11_111882598_111883135",116.812681440817,"+"
"PCBP1","chr11_2979237_2989128",116.778038693724,"-"
"GRSF1","chr19_12676142_12677107",116.773383055807,"+"
"PPIL4","chr4_108620712_108621950",116.756909697201,"-"
"TAF15","chr6_116571655_116574057",116.64113115538,"-"
"FUBP3","chr5_96740783_96741265",116.541688677996,"+"
"HNRNPA2B1","chr12_122511188_122515104",116.51808058583,"+"
"HNRNPC","chr5_151746449_151758545",116.510198430297,"-"
"HNRNPK","chr8_61643433_61644599",116.503250940754,"-"
"TARDBP","chr3_197149796_197194424",116.452830095805,"+"
"CCAR1","chr17_50737026_50740305",116.451782223633,"+"
"FMR1","chr2_38748653_38749528",116.443594308728,"+"
"EIF4B","chr16_635340_636093",116.382498198105,"-"
"AKAP1","chr15_75854487_75859877",116.338022144519,"+"
"SAFB2","chr3_167720273_167734805",116.316779779678,"-"
"EWSR1","chr1_244842058_244842194",116.156304734223,"+"
"HNRNPM","chr16_634956_635280",116.114771904824,"-"
"QKI","chr14_34608140_34609637",116.10981711807,"+"
"CSTF2T","chr2_46581591_46592474",116.10716293353,"+"
"SSB","chr19_1272051_1274306",116.094951410798,"+"
"HNRNPA1","chr15_34227846_34228428",116.049816182008,"-"
"HNRNPK","chr17_5422829_5426235",116.049547952239,"-"
"RBM22","chr12_76459895_76487509",115.962349892496,"-"
"FMR1","chr5_62352710_62353274",115.922701136181,"-"
"LARP4","chr4_82354154_82355303",115.9128585553,"+"
"HNRNPF","chr19_1105809_1106241",115.903344985028,"+"
"HNRNPA1","chr11_66640123_66646026",115.890660122367,"+"
"SSB","chr3_157150381_157152176",115.844483949659,"+"
"LARP4","chr12_101726497_101728900",115.82943417041,"-"
"HNRNPA2B1","chr4_82359639_82371527",115.705213682276,"+"
"MATR3","chr2_229859574_229879981",115.632227096862,"-"
"CIRBP","chr20_35740597_35740823",115.62528445122,"+"
"RBM22","chr16_635340_636093",115.604423396469,"-"
"SF1","chr22_40964117_40972475",115.56743191198,"-"
"HNRNPA1","chr11_88328196_88334936",115.552133755327,"+"
"HNRNPK","chr6_31639646_31640198",115.486771699789,"+"
"LARP7","chr6_116571655_116580294",115.479603525906,"+"
"SLTM","chr10_68338642_68339139",115.455324809662,"+"
"U2AF2","chr2_169812506_169815476",115.436198583645,"+"
"HNRNPAB","chr11_47569891_47571470",115.373101968549,"-"
"SF1","chr12_94971620_95002738",115.281920284371,"-"
"NONO","chr6_31835451_31836423",115.270302190532,"-"
"DAZAP1","chr6_143165183_143284109",115.26311136265,"+"
"PABPC4","chr18_13666713_13681604",115.237792087926,"-"
"PABPC1","chr17_82392534_82398195",115.221525925168,"+"
"IGF2BP2","chr20_408779_409880",115.184481364831,"+"
"HNRNPA0","chr9_34614768_34616029",115.17726601651,"+"
"NONO","chr17_59131367_59155130",115.158201940037,"+"
"SLBP","chr1_2192975_2193638",115.118221627659,"+"
"PUM1","chr19_29942664_29985222",115.112794164316,"-"
"FXR1","chr2_73946906_73958145",114.982023093579,"-"
"SUPT6H","chr9_136862496_136862905",114.96446389471,"+"
"LARP4","chr2_27772692_27779432",114.940497588709,"-"
"SF3B4","chr2_200419496_200440648",114.928049092034,"+"
"TARDBP","chr2_70288192_70293617",114.851186534123,"-"
"SSB","chr19_6730384_6730986",114.833885521445,"+"
"DAZAP1","chr1_155827028_155853275",114.752059561933,"+"
"PUM2","chr1_70228555_70232267",114.727311374,"+"
"PARN","chr9_136862496_136862905",114.717077190445,"+"
"PPIL4","chr3_197161738_197194424",114.709209780508,"-"
"FUS","chr3_28263380_28316332",114.7055098563,"+"
"FMR1","chr8_56216531_56217330",114.682435335651,"+"
"G3BP2","chr3_157151930_157152176",114.678163606194,"+"
"FMR1","chr1_70228555_70232267",114.676455488697,"+"
"IGF2BP2","chr20_2656034_2656400",114.631779838784,"+"
"U2AF2","chr20_35632025_35632310",114.60680089253,"-"
"HNRNPA1","chr2_46581591_46592474",114.5469034056,"+"
"FXR1","chr3_167720273_167734805",114.51834840092,"+"
"PUM1","chr20_56388202_56390555",114.493435654492,"-"
"TARDBP","chr17_50737026_50740305",114.457903490883,"+"
"HNRNPA2B1","chr17_6641152_6641752",114.455219121064,"-"
"SUPT6H","chr17_44212006_44212343",114.405073337613,"+"
"FUBP3","chr5_96702915_96722638",114.358898754652,"+"
"HNRNPAB","chr4_189952287_189953067",114.329217251186,"+"
"PUM2","chr19_29942664_29985222",114.327862210811,"-"
"HNRNPK","chr8_85214631_85217385",114.308061530863,"-"
"PUM1","chr14_55601880_55612018",114.30462138153,"-"
"EIF3G","chr21_25729801_25734852",114.298299175743,"+"
"RBM39","chr19_4409759_4418019",114.255419459645,"+"
"HNRNPA0","chr17_76735158_76736153",114.192992428248,"+"
"PUM1","chr21_46287123_46291333",114.114487252965,"+"
"HNRNPL","chr12_79805768_79806165",114.109369845736,"+"
"U2AF2","chr2_222887888_222900673",114.074009160564,"-"
"AKAP1","chr13_114282943_114286518",114.016150152717,"-"
"HNRNPC","chr2_200419496_200440648",113.992641580697,"+"
"EIF3G","chr16_69713129_69718122",113.922878508215,"+"
"SLTM","chr17_6641152_6641752",113.913643518124,"-"
"PUF60","chr7_26190460_26192494",113.859765270436,"-"
"CPSF6","chr17_50737026_50740305",113.825042910789,"+"
"SF3B4","chr7_30500681_30504568",113.779628072337,"+"
"TRA2A","chr17_42951894_42953723",113.706859149297,"+"
"FMR1","chr16_635340_636093",113.699952687287,"+"
"RBM17","chr17_59112345_59131280",113.678432970332,"+"
"RBM22","chr1_244842058_244842194",113.608105780536,"+"
"RBM17","chr2_27774530_27779432",113.57576847921,"+"
"RBM22","chr1_153535360_153535948",113.541580964853,"+"
"PUM1","chr1_90007750_90010087",113.531802207564,"+"
"PPIL4","chr14_64924126_64932137",113.42947829412,"-"
"TIA1","chr6_26124749_26127697",113.333421046759,"+"
"LARP4","chr19_29942664_29985222",113.314545115814,"-"
"GRSF1","chr1_39570002_39571233",113.281091524273,"+"
"CPSF7","chr4_83458429_83459739",113.226619496264,"-"
"HNRNPC","chr17_82036308_82036383",113.193444851362,"+"
"KRR1","chr16_66552793_66558189",113.143406062989,"-"
"PTBP1","chr2_111429620_111494884",113.1285218793,"+"
"HNRNPM","chr1_28580646_28581093",113.10053697275,"-"
"PUF60","chr7_107613432_107618327",112.94512831069,"-"
"SFPQ","chr1_20779911_20780344",112.93495451058,"+"
"SART3","chr20_17660528_17682027",112.931537071563,"-"
"U2AF2","chr17_35824198_35833906",112.89574698313,"+"
"AKAP1","chr19_12949159_12949274",112.763438553104,"-"
"HNRNPM","chr16_634797_635280",112.736310672235,"+"
"FXR1","chr3_146528831_146533469",112.698539675497,"-"
"MATR3","chr2_227340380_227355676",112.696243333769,"+"
"MSI2","chr3_193617285_193618868",112.693420642201,"+"
"HNRNPA0","chr3_157151930_157152176",112.655221046322,"-"
"EIF2S1","chr1_244862730_244863673",112.653627107041,"+"
"G3BP1","chr14_64924126_64926009",112.63957938323,"+"
"PUM2","chr14_35046628_35053277",112.617130813986,"-"
"ASCC1","chr12_79805768_79807225",112.551923640863,"+"
"PUF60","chr5_90488129_90490592",112.545011508941,"-"
"U2AF2","chr3_183833589_183833723",112.486143008302,"+"
"PUF60","chr13_114282943_114286518",112.476590546391,"+"
"ASCC1","chr4_83458429_83459739",112.461500451292,"+"
"CIRBP","chr6_26124749_26138053",112.455378422919,"-"
"PUF60","chr6_10751234_10755141",112.373774048331,"+"
"LARP7","chr4_83456958_83458345",112.347497048413,"+"
"SART3","chr1_45568177_45568926",112.278181800846,"-"
"PUM1","chr3_157150381_157152176",112.271809393463,"+"
"PNPT1","chr7_103326684_103327655",112.233478448516,"-"
"FXR1","chr13_114282943_114286518",112.205870217434,"+"
"PABPC1","chr11_86306482_86337378",112.155684877047,"+"
"SUPT6H","chr17_42953778_42954875",112.144163033228,"+"
"SFPQ","chr5_96727530_96729611",112.109701338479,"+"
"PCBP2","chr11_112085462_112085977",112.10864981781,"-"
"HNRNPA2B1","chr12_103966060_103976917",111.988487407875,"+"
"KHSRP","chr6_136261477_136268161",111.946407238986,"-"
"EIF4B","chr5_163464802_163467700",111.933878582209,"+"
"PABPC1","chr19_10177367_10180186",111.929065793954,"-"
"FMR1","chr19_2324196_2328386",111.928811688119,"-"
"EIF2S1","chr19_29942664_29985222",111.898198360505,"-"
"QKI","chr12_133192003_133202143",111.876071706044,"+"
"PUF60","chr1_53228954_53235576",111.844905841922,"-"
"ASCC1","chr1_228107869_228108234",111.750623136563,"+"
"KRR1","chr9_133357814_133360264",111.739809764106,"-"
"ASCC1","chr6_26124749_26138053",111.714388978572,"-"
"PTBP1","chr6_26124749_26138053",111.699195843115,"+"
"FMR1","chr14_64924126_64926009",111.698367979366,"+"
"RBM22","chr19_18571887_18573292",111.63928844467,"+"
"HNRNPAB","chr16_66552793_66563121",111.625944046449,"+"
"RBM22","chr2_227340380_227355676",111.625070467705,"+"
"G3BP1","chr20_56388202_56392153",111.613544240116,"-"
"SUPT6H","chr3_183833589_183833723",111.580135342846,"+"
"PABPC1","chr6_43055618_43055896",111.572717772575,"+"
"TARDBP","chr6_149802369_149810615",111.335650251936,"+"
"SUPT6H","chr10_93496923_93500039",111.324685673612,"+"
"FMR1","chr17_7017014_7017260",111.311600873562,"+"
"G3BP1","chr13_52659249_52662648",111.291938953122,"-"
"RBM39","chr10_133311841_133312787",111.287062231317,"+"
"IGF2BP2","chr12_122520581_122521384",111.281516107406,"+"
"EIF3G","chr7_74189918_74194740",111.265940516865,"+"
"HNRNPK","chr8_66922114_66922613",111.244643756833,"-"
"ASCC1","chr6_34237317_34240736",111.234535474261,"-"
"FUBP3","chr20_17660528_17679998",111.158954891713,"-"
"PCBP2","chr18_49491833_49492457",111.136900255459,"-"
"SF3B4","chr17_44212006_44212818",111.12448496271,"+"
"SLTM","chr19_4409759_4418019",111.090180804913,"+"
"U2AF2","chr14_64924126_64926009",111.040270660279,"-"
"U2AF2","chr16_89873859_89883350",111.03232830066,"+"
"MSI2","chr20_35739017_35740524",110.984490278398,"+"
"SFPQ","chr19_55401762_55404287",110.962454337722,"+"
"SUPT6H","chr5_163467748_163469640",110.925982477268,"-"
"SF3B4","chr14_49583675_49585949",110.922711134009,"+"
"SF3B4","chr3_101681215_101682770",110.868464534199,"-"
"SAFB2","chr6_26124749_26127697",110.80631625606,"+"
"SFPQ","chr10_31852597_31854065",110.786491540668,"-"
"PABPC4","chr4_83456958_83459739",110.777532891773,"+"
"HNRNPC","chr1_20776005_20776596",110.769503805224,"+"
"KHSRP","chr3_146525647_146528613",110.746602717301,"+"
"PNPT1","chr12_101726404_101728900",110.716771667467,"+"
"DAZAP1","chr2_73946906_73958145",110.623354112252,"+"
"SART3","chr11_64224210_64224284",110.571924196561,"+"
"LARP4","chr14_55664041_55667240",110.52683306294,"+"
"LARP7","chr5_65542848_65551563",110.474221143959,"+"
"PUM1","chr12_101726497_101728900",110.466860374851,"-"
"QKI","chr3_122363027_122368175",110.43047186826,"+"
"RBM15","chr15_60386086_60397257",110.415747758991,"+"
"PCBP2","chr3_197142768_197194424",110.414043448666,"-"
"GRSF1","chr4_82425667_82426036",110.413791054063,"-"
"MATR3","chr6_116574171_116580294",110.408339690834,"-"
"RBM39","chr1_67424959_67425082",110.391308630754,"-"
"PCBP2","chr16_89873859_89883350",110.319032332904,"+"
"KHDRBS1","chr2_227340380_227355676",110.233440537242,"+"
"SF3B4","chr2_169812506_169815476",110.225000780537,"+"
"RBM39","chr18_2960849_3013086",110.169009267811,"+"
"SLTM","chr17_42810928_42811654",110.151429936726,"+"
"SSB","chr12_112408656_112409586",110.133939386148,"+"
"FUS","chr15_49137458_49139527",110.103679348334,"+"
"SFPQ","chr11_66640123_66646026",110.097427330613,"+"
"HNRNPK","chr5_151746449_151758545",110.041579025118,"-"
"RBM15","chr4_83456958_83459739",110.013905610674,"-"
"RBM17","chr8_73959818_73972244",110.01351534963,"-"
"FUBP3","chr17_76735158_76736153",109.984000885617,"+"
"AKAP1","chr17_59112345_59119318",109.947209467487,"+"
"CSTF2","chr2_46581591_46592474",109.937844489628,"+"
"HNRNPK","chr21_44967181_44976679",109.919272054273,"-"
"FXR1","chr12_6566336_6566528",109.846610312447,"+"
"RBM39","chr8_97691188_97699753",109.83928159658,"+"
"FMR1","chr17_7017014_7017256",109.829211748637,"+"
"HNRNPF","chr12_56724549_56725262",109.813059708778,"-"
"CPSF7","chr1_171512200_171512994",109.77214748665,"-"
"SART3","chr1_74736622_74738689",109.756980737287,"+"
"TARDBP","chr17_75039271_75042180",109.708042526314,"-"
"SFPQ","chr10_118336423_118342269",109.693217607938,"+"
"ASCC1","chr2_74142360_74145188",109.689734098411,"+"
"NONO","chr17_81893614_81894466",109.648081178631,"+"
"GRSF1","chr8_144099205_144099276",109.628719897205,"-"
"PABPC4","chr1_193023946_193028084",109.545195700247,"+"
"U2AF2","chr5_177332269_177334283",109.494733559391,"-"
"PUF60","chr8_61644632_61651049",109.460914891344,"-"
"HNRNPF","chr1_244842058_244842194",109.444432466025,"+"
"G3BP1","chr2_73946906_73958145",109.398957472743,"+"
"AKAP1","chr8_56212909_56214597",109.378602112648,"-"
"SF3B4","chr3_167720273_167734213",109.226359027753,"+"
"FMR1","chr11_112085462_112085977",109.212333706438,"+"
"PCBP2","chr4_139695267_139703454",109.18573451131,"+"
"NONO","chr1_20780540_20787194",109.173786415176,"+"
"FXR1","chr11_66285536_66285700",109.147429375511,"+"
"ZC3H8","chr14_23081836_23090521",109.135612274146,"+"
"FUBP3","chr5_87394484_87395043",109.117849611048,"+"
"FUBP3","chr6_31639646_31640198",109.111511475313,"+"
"HNRNPK","chr3_28263380_28316332",109.111033263595,"+"
"RBM22","chr6_31639646_31640198",109.041367594972,"+"
"EIF3G","chr16_634797_635611",109.003075289475,"-"
"SSB","chr1_42667440_42676583",108.982410162411,"+"
"HNRNPA1","chr11_134248484_134248808",108.95612955759,"+"
"U2AF2","chr8_66922114_66922613",108.953932705259,"-"
"SFPQ","chr18_697355_706469",108.947728473505,"+"
"PNPT1","chr17_7017014_7017260",108.914872342041,"+"
"SSB","chr14_22830254_22833417",108.906966465034,"+"
"HNRNPA2B1","chr7_36419479_36420168",108.885717961493,"+"
"EIF4B","chr3_37083806_37094791",108.823210321397,"+"
"G3BP2","chr5_163464802_163469640",108.780135285538,"+"
"CIRBP","chr7_141010660_141014910",108.770301365947,"+"
"KHDRBS1","chr8_61644632_61651049",108.759516057919,"+"
"FXR1","chr5_96702915_96722638",108.68504905209,"+"
"ZC3H8","chr8_144412946_144413512",108.674411163,"-"
"IGF2BP3","chr18_10534496_10539761",108.643311075811,"+"
"PTBP1","chr15_41349241_41351032",108.621277808875,"-"
"PPIL4","chr12_54283234_54283811",108.605351155724,"-"
"LARP7","chr2_74135658_74145188",108.58554750245,"-"
"EWSR1","chr2_68047319_68062957",108.541367824422,"+"
"PABPC4","chr10_7802854_7806973",108.470696389997,"+"
"HNRNPK","chr1_63441103_63446805",108.465145131787,"+"
"HNRNPA0","chr13_114286400_114286518",108.427613192799,"-"
"KHSRP","chr2_227352573_227355676",108.409355855819,"+"
"EIF3G","chr20_38421098_38422086",108.381942336135,"-"
"DKC1","chr11_47565986_47571470",108.380920352677,"-"
"HNRNPC","chr11_134248484_134249166",108.316241614651,"-"
"GRSF1","chr19_18589683_18590853",108.264340721953,"+"
"RBM15","chr6_36598983_36599820",108.188788729023,"-"
"PABPC4","chr2_227340380_227355676",108.187441397839,"+"
"PUF60","chr1_92837633_92840550",108.159210844219,"+"
"PCBP1","chr6_116571655_116580294",108.122847592605,"-"
"U2AF2","chr9_89332986_89334521",108.08447716419,"+"
"SART3","chr3_197950299_197950935",107.943954475595,"-"
"TARDBP","chr7_99458355_99460085",107.891633755318,"-"
"LARP4","chr2_229859574_229860405",107.886732779386,"-"
"EIF3G","chr2_9407598_9408112",107.872663850222,"+"
"PTBP1","chr7_74189918_74194740",107.860086245253,"+"
"EIF3G","chr3_167720273_167725400",107.739319901937,"+"
"RBM39","chr1_224360563_224365878",107.717922998083,"+"
"EIF2S1","chr6_116571655_116580294",107.617462040963,"+"
"UPF1","chr21_44973265_44976679",107.590000323447,"+"
"RBM39","chr19_36121718_36125450",107.539716493906,"+"
"CPSF6","chr16_635774_636093",107.515701868335,"-"
"IGF2BP2","chr5_96740118_96740744",107.515663047087,"+"
"KHDRBS1","chr4_82425667_82426036",107.51561124563,"-"
"GRSF1","chr8_674047_692477",107.509698411068,"+"
"PNPT1","chr1_244862730_244863616",107.4843838636,"-"
"TIAL1","chr4_82371584_82373445",107.480621234968,"+"
"ASCC1","chr16_88859972_88860913",107.464546558187,"-"
"CIRBP","chr3_183833589_183840569",107.463916718049,"+"
"TIA1","chr3_28241812_28316332",107.422592666306,"-"
"HNRNPF","chr3_143021382_143021472",107.335796498417,"+"
"HNRNPA0","chr6_166931118_166938894",107.273158625764,"-"
"PPIL4","chr11_112085462_112086639",107.227858221627,"-"
"SF3B4","chr1_70228555_70232267",107.201714721158,"+"
"PUF60","chr17_5426082_5426235",107.183886660738,"+"
"GRSF1","chr12_82357269_82358678",107.144539128928,"-"
"EIF2S1","chr20_62308178_62308654",107.115103214477,"-"
"PABPC4","chr10_7807010_7807658",107.04840966251,"+"
"MSI2","chr12_54282874_54283078",107.001021819838,"-"
"SUPT6H","chr19_1272051_1274306",106.970688971318,"+"
"RBM17","chr3_197149796_197194424",106.934735319516,"+"
"RBM34","chr9_35725727_35732074",106.897671071492,"-"
"HNRNPK","chr4_108620712_108621950",106.854913922612,"-"
"TARDBP","chr6_43055618_43055896",106.853938517487,"+"
"SSB","chr20_17660528_17679998",106.844062357811,"+"
"TRA2A","chr3_197149796_197194424",106.817824664085,"+"
"SF1","chr16_634956_635280",106.7819747007,"-"
"FUBP3","chr17_42951894_42953723",106.711060711356,"+"
"HNRNPA1","chr6_170578656_170578856",106.6217698319,"-"
"SF1","chr12_56666266_56671748",106.547767837928,"-"
"U2AF2","chr17_82392534_82398195",106.515613109398,"-"
"SLTM","chr20_35739017_35740823",106.493530731027,"+"
"RBM39","chr15_58898852_58899468",106.410624688992,"+"
"U2AF2","chr5_176392945_176396478",106.390671553638,"-"
"GRSF1","chr2_70288192_70293617",106.373963814989,"-"
"HNRNPK","chr7_72830813_72831601",106.35634438082,"+"
"LARP4","chr4_82354154_82355303",106.339399345395,"+"
"PABPC1","chr6_31639226_31639499",106.316880589262,"+"
"U2AF2","chr11_64319868_64320864",106.30179950257,"-"
"PABPC1","chr1_39570002_39571233",106.286208122112,"+"
"G3BP2","chr19_1272051_1272426",106.274171221428,"-"
"TIA1","chr1_15426018_15428592",106.143946467871,"-"
"SF1","chr9_128268524_128272784",106.129636309695,"+"
"HNRNPL","chr11_47565986_47571470",106.126342296179,"-"
"EIF3G","chr6_31639226_31640198",106.12110315335,"+"
"EWSR1","chr5_87394484_87395043",106.109897792823,"+"
"TIAL1","chr1_244842058_244842194",106.094307748991,"+"
"SF3B4","chr10_123162828_123165046",106.033783930569,"+"
"KRR1","chr6_79201726_79202275",105.985405484775,"-"
"PNPT1","chr2_70289372_70293617",105.961624181764,"+"
"RBM39","chr1_45568177_45568926",105.932510949088,"+"
"AKAP1","chr2_187478803_187484123",105.92151824982,"-"
"SF1","chr16_66552793_66558189",105.859563414674,"-"
"EIF4B","chr12_109090207_109092506",105.846793641031,"-"
"SSB","chr12_76450988_76459858",105.810589225527,"-"
"PUM1","chr6_18263996_18264384",105.78653273691,"+"
"FXR1","chr19_12676142_12677107",105.775244709439,"+"
"SLBP","chr5_140645725_140647255",105.722227071143,"-"
"HNRNPA2B1","chr2_46581591_46592474",105.709151509417,"+"
"KRR1","chr2_85596649_85597103",105.69660884143,"-"
"CPSF6","chr12_122508447_122511108",105.68221069726,"+"
"SF1","chr17_6641227_6641752",105.680251794847,"-"
"HNRNPC","chr5_154957212_154959979",105.590858697172,"+"
"TARDBP","chr7_75987285_75987359",105.54703687331,"+"
"EIF3G","chr4_118278792_118279388",105.51908350837,"-"
"PABPC4","chr1_90007750_90010087",105.488045389841,"+"
"HNRNPM","chr20_2656034_2656400",105.459898584128,"+"
"SLBP","chr12_122519029_122521384",105.441887387105,"+"
"RBM22","chr3_122363027_122368175",105.425889930521,"+"
"UPF1","chr2_73946906_73958145",105.417707016718,"+"
"HNRNPA1","chr16_2752846_2757471",105.404308519752,"+"
"TAF15","chr6_43054486_43055544",105.392576799275,"+"
"SART3","chr6_167864746_167870385",105.364341035533,"+"
"U2AF2","chr11_93730447_93730676",105.339299180858,"+"
"UPF1","chr1_45568684_45568926",105.314859675978,"+"
"RBM17","chr16_66552793_66563121",105.286045543683,"-"
"FUS","chr16_89291183_89305205",105.227665956378,"+"
"TIAL1","chr13_45976265_45979812",105.183724578482,"+"
"CIRBP","chr17_82392534_82394330",105.178419406204,"+"
"LARP7","chr1_67424959_67425082",105.165866348452,"+"
"TARDBP","chr14_90397233_90400064",105.147360544011,"+"
"HNRNPA2B1","chr3_108047292_108057476",105.079524556641,"+"
"HNRNPA0","chr3_126914750_126957415",105.078252387208,"+"
"ASCC1","chr3_197161738_197194424",105.045636802547,"-"
"TRA2A","chr11_64227132_64229246",105.020453088304,"+"
"PUM2","chr16_89291183_89305205",105.016837268312,"-"
"SF3B4","chr15_58894193_58894432",105.014886296697,"+"
"KRR1","chr5_140645725_140647255",104.992534143179,"-"
"IGF2BP2","chr2_74142360_74145188",104.957996175055,"-"
"CIRBP","chr16_4341504_4343206",104.920710992234,"+"
"PUF60","chr1_23971626_23971849",104.855765158062,"+"
"SFPQ","chr2_27772692_27774423",104.82281914345,"+"
"SART3","chr2_190205232_190208879",104.811473601398,"+"
"U2AF2","chr13_114282943_114286301",104.795443054072,"+"
"CSTF2T","chr2_200419496_200440648",104.79452959956,"+"
"CSTF2T","chr7_87341684_87345042",104.793220212423,"-"
"CCAR1","chr16_634956_635280",104.74263896669,"-"
"EIF3G","chr16_66558348_66565885",104.71506508184,"-"
"IGF2BP3","chr12_79805768_79806165",104.712406877783,"+"
"U2AF2","chr16_27225236_27226719",104.68517792772,"-"
"SF3B4","chr12_56666266_56671748",104.677653175962,"-"
"RBM39","chr3_121730017_121730875",104.656010675901,"+"
"EIF3G","chr6_26124633_26138053",104.600296138909,"-"
"SF1","chr4_39774933_39777681",104.589555080168,"+"
"TAF15","chr2_74135658_74142271",104.563740105994,"+"
"CIRBP","chr14_64924126_64932137",104.536231213568,"-"
"HNRNPK","chr2_87455645_87521206",104.503595355221,"+"
