RBP,AS_Site,Contribution,Direction
LSM2,chr6_31798507_31806754,510.1583068,-
SNRPN,chr15_24962209_24967931,485.1810696,+
POLR2G,chr11_62761904_62762866,464.5599724,+
U2AF1L4,chr19_35745187_35745347,457.4349944,+
SNRPD3,chr22_24568176_24571915,446.2338268,+
SNRPD3,chr22_24557800_24567983,440.7288641,+
SCMH1,chr1_41028726_41037361,434.8934709,+
SCMH1,chr1_41028726_41037361,427.6446606,+
GTF3A,chr13_27427192_27429869,418.0706878,+
POLR2G,chr2_97202230_97209799,393.8263253,+
SSB,chr2_169805577_169805664,381.9012303,+
GTF3A,chr13_27430621_27432730,380.2538392,+
CNOT4,chr6_135492291_135495813,379.9584653,+
U2AF1L4,chr7_107901817_107903477,359.9497,-
U2AF1L4,chr19_35745212_35745347,358.0453462,+
ZMAT5,chr22_29748571_29766871,357.5106411,+
SFPQ,chr3_138187599_138188400,350.2012301,+
SYNCRIP,chr6_85637143_85640220,349.9311636,-
MBNL2,chr13_97356849_97357481,340.2985843,+
PRR3,chr3_167734345_167734805,334.0742178,-
BICC1,chr5_88823927_88882954,331.1700705,+
SAMD4A,chr2_30147062_30156627,326.3872584,+
RNPC3,chr10_73819645_73821681,325.8595784,+
SAMD8,chr10_75111722_75150513,325.3904851,+
SAMD8,chr10_75111778_75150513,318.3072284,+
THUMPD3,chr1_117929924_117933287,317.713814,+
GTF3A,chr1_19597109_19617257,317.2315144,-
ZC3H12C,chr6_20535199_20535350,316.8307254,+
MCTS1,chr5_43307824_43313355,314.4596149,+
RBM4B,chr8_80003120_80030035,312.4558599,-
PRR3,chr6_30561508_30561833,312.2998791,+
PAN3,chr12_104019676_104049894,309.5414241,+
RNPS1,chr6_36494637_36496710,308.9527687,+
SYNCRIP,chr6_85640564_85642796,305.310205,-
GTF3A,chr13_27432804_27434138,304.4003381,+
LSM3,chr1_75724817_75732643,303.5254696,-
LSM3,chr8_63017630_63023906,303.4484034,+
LSM3,chr8_63017630_63023906,301.1500726,+
RBM28,chr13_31141259_31145562,299.525743,-
APTX,chr19_11345628_11346007,297.0495194,+
LSM3,chr8_63023997_63024079,296.5010246,+
TIPARP,chr17_17254945_17261965,296.121491,-
RBM14,chr4_173332995_173333117,293.8879193,-
HTATSF1,chr7_151491014_151498088,293.7992678,-
ZC3H13,chr13_46045516_46051931,293.5778033,+
NOL8,chr8_124523002_124538927,292.7763122,-
U2AF1L4,chr7_107901817_107903477,292.4020318,-
SART3,chr8_73688813_73746782,291.3995799,-
NONO,chr22_35262421_35263077,289.64784,+
ZC3H4,chr11_57742227_57742862,288.6869689,-
ZNF638,chr19_36005437_36008553,288.3175167,+
LSM5,chr4_55609179_55630401,288.3169249,-
CNOT4,chr7_135363186_135393917,287.2394089,+
CNKSR1,chr9_90865097_90867130,286.8814952,+
PRR3,chr6_30557450_30561833,286.6134438,+
CIRBP,chr8_100270013_100287500,286.2419267,-
SAFB,chr13_49110406_49114654,285.2734544,+
CSTF2,chr19_47169923_47203670,283.6161068,-
ZC3H13,chr13_46045516_46051931,283.3625993,+
GRSF1,chr2_58046821_58048826,283.2558242,+
RBM15,chr1_113905775_113908008,282.0362112,+
TIA1,chr7_20332023_20363636,281.5441377,+
TARDBP,chr17_75286802_75288501,281.4831304,+
ELAVL1,chr1_6234511_6234885,280.8132875,-
ZCCHC17,chr1_100888864_100894632,280.6320201,+
ESRP1,chr2_173363895_173363999,278.9028706,-
ELAVL1,chr7_6392041_6398661,278.0884241,-
CASKIN2,chr1_161157017_161157616,277.959557,-
CCAR1,chr1_26924166_26934248,277.2014848,-
PNPT1,chr1_39463686_39468614,276.1609974,+
HNRNPK,chr1_159781000_159781098,275.0047299,+
SCMH1,chr1_41034048_41037361,274.6184802,+
MBNL2,chr7_100887859_100888041,274.5183185,+
GTF3A,chr12_52237569_52238679,273.9542671,+
SNRNP70,chr19_49101471_49102113,273.4450296,+
ARAP1,chr19_6731314_6731472,273.1712594,-
GTF3A,chr12_52243137_52245411,272.1870851,+
LSM2,chr6_31798507_31806754,271.8720891,-
PCBP1,chr6_122633367_122717786,271.464451,-
CSDE1,chr2_113931396_113969410,270.8417404,-
PAN3,chr12_104019676_104049894,270.3380013,+
EPHA2,chr14_58215284_58223621,269.8932629,+
SAMD4B,chr17_36486785_36492812,268.9714011,+
BICC1,chr1_182388750_182390496,268.7485052,-
THUMPD2,chr4_73113311_73113791,268.0449666,+
ZC3H13,chr13_46045513_46051931,267.9978858,+
RBM25,chr8_144099199_144099276,267.0598388,-
ZNF638,chr2_71331865_71348752,267.0195325,+
SNRPD3,chr22_24556071_24557656,266.9120237,+
ZC3H11A,chr14_71735391_71738240,266.8265612,+
GRSF1,chr8_73964629_73972244,266.804822,-
EIF4H,chr17_76726879_76729689,266.3982044,+
PABPC1,chr1_91021201_91021989,265.3884164,+
RBM28,chr13_31141259_31145562,265.1847048,-
THUMPD1,chr1_25351693_25356792,264.8267822,-
CNOT4,chr1_147268878_147272170,263.8593318,-
PNPT1,chr1_39463686_39468614,263.768775,+
ZGPAT,chr15_88464873_88465586,263.1692867,-
SNRPN,chr22_31105965_31107376,262.5552883,+
HNRNPR,chr1_23321663_23333517,262.4121351,-
TNRC6A,chr4_26321048_26386352,262.0801534,+
LSM3,chr1_31261176_31261528,261.8809415,-
IGF2BP2,chr5_31531525_31531989,261.7120989,+
DGKH,chr7_77002321_77003288,261.186777,+
MCTS1,chr5_70401668_70420248,261.0137492,+
ZC3H15,chr6_53294491_53295641,260.533483,+
FUBP1,chr20_2658522_2659524,259.9520116,-
YTHDC1,chr3_150544498_150545702,259.3263089,+
RBM47,chr11_63756170_63758155,259.2209712,+
EPHA2,chr7_28570537_28718752,258.9649751,+
LARP6,chr4_157803701_157805250,258.9280822,+
PABPC4,chr8_103415516_103426055,258.7615568,-
TRNAU1AP,chr2_9473899_9475986,258.7361265,+
PRR3,chr6_30557450_30561833,258.7153415,+
SF3A1,chr18_9102797_9103091,258.3614026,-
CARHSP1,chr14_104753319_104756603,257.4739043,-
CPEB4,chr13_79481521_79520809,257.109171,+
LSM3,chr11_20363798_20364236,257.0911986,+
NOL8,chr3_94063138_94063811,256.7093231,+
RBM28,chr1_153608177_153608273,256.2747792,-
NUPL2,chr3_49015707_49015818,255.9435976,+
LSM7,chr7_107749047_107753413,255.2499149,+
TMEM63A,chr2_209700338_209704449,254.8591867,+
MBNL3,chr13_52456607_52461057,254.3351862,-
DHX57,chr9_92240691_92240855,254.0536026,-
DNAJC17,chr2_95956816_95958590,253.9627893,+
SYNCRIP,chr6_85640564_85642796,253.7445952,-
FUS,chr7_134965386_134968553,253.4338573,-
BFAR,chr16_69711281_69714963,252.6483578,+
TROVE2,chr1_41028726_41037361,252.5074722,+
TRA2B,chr2_85398152_85398689,252.0668078,+
ZC3H15,chr14_88841514_88843805,251.861905,+
EIF4B,chr6_31158722_31159142,251.5234963,+
LSM3,chr16_80976179_81006733,251.2706794,-
PTBP2,chr8_61681036_61684038,251.1935968,+
ZCCHC17,chr10_12215835_12217360,251.0346738,+
PARN,chr5_170808752_170809567,250.9056833,+
TUT1,chr7_99476480_99478273,250.5390053,+
PABPN1,chr11_35190065_35214851,250.4257362,-
SNRPE,chr14_49602468_49603551,249.8583307,+
PRR3,chr3_158588924_158592433,249.605727,-
TRA2B,chr16_53208347_53209481,249.4890334,+
FUBP1,chr2_156326207_156326311,249.4729996,+
CNOT4,chr7_135388894_135393917,249.211584,+
SAMD8,chr3_99675721_99744896,249.0171219,+
HNRNPAB,chr11_46617890_46644278,248.7029135,+
RBM10,chr16_89687815_89689251,248.6691289,+
CARHSP1,chr19_10136287_10137075,248.0513426,+
MBNL2,chr11_47476959_47477296,247.5778379,+
PNPT1,chr3_167720273_167734458,247.5445925,-
RBM28,chr12_53504815_53505134,246.917839,+
SRRM2,chr7_91980958_91992157,246.5092306,-
ANKRD17,chr7_2235564_2238014,246.3054052,+
CPSF6,chr8_143614453_143614786,246.111839,-
SLBP,chr7_151036649_151037240,246.0857819,+
EIF4B,chr1_27897121_27906927,246.0848149,-
ZC3H11A,chr1_174800500_174811831,245.9179062,+
SAMD4B,chr2_159762993_159767283,245.835635,-
NCL,chr7_73697516_73697604,245.7452843,-
RBM39,chr3_101855902_101857291,245.6502367,-
UNK,chr3_155704264_155704535,245.4260591,+
TRA2B,chr16_71923380_71924810,245.1653839,+
RC3H1,chr6_30346564_30346712,245.0046168,-
LSM5,chr4_55609179_55630401,244.7691479,-
PPIL4,chr20_56392713_56395520,244.6330959,+
PAPSS1,chr22_41584058_41584526,244.4010136,+
SRRM2,chr11_64319868_64320660,243.6724559,+
RBM39,chr10_73911612_73912214,243.2357348,-
CNKSR1,chr17_59700189_59707370,243.1427284,-
RBM18,chr3_29897475_29936085,243.0410315,+
EPHB4,chr18_63981838_63985092,242.801178,-
KIAA0430,chr7_73686900_73686998,242.4410035,+
EPHB4,chr18_63981838_63985092,242.2960426,-
CSDE1,chr13_75804541_75809153,242.2196595,+
ZFP36L2,chr16_84700111_84733052,242.0511026,-
HNRNPA3,chr18_55279656_55321669,241.9951047,+
EWSR1,chr19_14563528_14563657,241.9877584,-
LSM5,chr6_79202155_79202275,241.7401507,-
ZFP36L1,chr11_3001248_3001961,241.7126028,+
SNRPD3,chr11_66002570_66003625,241.276205,-
KRR1,chr10_13109015_13109096,240.8192436,+
CASKIN2,chr1_161157017_161157616,240.5399509,-
MSI1,chr19_40617020_40619346,240.294115,+
U2AF1,chr1_94530596_94533089,239.8480737,-
SCML1,chr7_27800090_27827737,239.7478234,+
SCMH1,chr1_41028726_41033982,239.4512795,+
DGKH,chr11_95826215_95827785,239.4348833,+
HDLBP,chr2_241268541_241272760,239.2920101,+
LARP4,chr14_55129300_55138044,238.9437751,-
FUBP3,chr6_112081207_112086555,238.8319702,+
RBMXL1,chr1_155060832_155061903,238.6932853,+
NUFIP1,chr2_169812506_169819560,238.4928909,-
TRNAU1AP,chr10_30434748_30438915,237.9810586,+
MEX3D,chr6_126340444_126346204,237.6658208,-
CPSF7,chr1_86863605_86868052,237.6329406,+
LSM7,chr1_44635588_44636029,237.5283309,+
PAPSS1,chr8_53970463_53984362,237.20739,-
RBMS3,chr3_29897475_29936085,237.0983129,+
ANKS1A,chr17_58692685_58694930,236.4661479,-
CPSF6,chr8_143614453_143614786,236.302678,-
SAMD8,chr6_20548705_20599368,235.6508365,-
PHC3,chr12_54183959_54188950,235.3433899,+
TUT1,chr3_15795306_15797048,235.0939052,+
LSM1,chr22_32475124_32479132,234.2767783,-
MCM3AP,chr9_69065043_69072611,234.209501,+
CPSF6,chr13_19852190_19863449,234.0122633,+
SNRPD2,chr15_50726126_50726320,233.7984841,+
RBM8A,chr11_119056167_119057152,233.5116769,-
CPSF7,chr11_61416519_61419921,232.929435,+
HNRNPL,chr1_155085942_155086412,232.7792323,+
MKRN2,chr16_89651646_89657581,232.7404177,-
U2AF1L4,chr19_35744421_35745124,232.5878533,+
NONO,chr1_19374455_19378539,232.3025794,-
HNRNPH3,chr15_90935375_90935543,231.2306141,+
TIA1,chr6_112087720_112099269,231.1895564,+
HNRNPL,chr7_110663721_110963499,231.0875269,+
ZNF638,chr4_185690611_185775226,230.9420197,+
ZC3H4,chr19_844034_846146,230.4882015,-
LSM2,chr1_155067440_155069018,229.9714536,+
RPS3,chr19_14396473_14397657,229.8531427,+
HNRNPD,chr4_82354154_82354894,229.665288,-
G3BP1,chr2_61868706_61872081,229.3490632,-
LARP4B,chr8_10765916_10826151,229.3415245,+
RBM8A,chr13_52456607_52461057,229.1682397,-
FUBP1,chr14_94081449_94096855,229.1097352,+
RRP7A,chr1_99970644_99993536,229.0441924,+
EIF3B,chr1_28579587_28579941,228.5336703,+
RNPS1,chr15_50355545_50356099,228.4925215,+
LSM1,chr1_161001353_161038879,228.1858389,-
ZC3H4,chr14_49626048_49633286,228.0393353,+
HNRNPF,chr3_38129388_38131925,227.8938756,+
CSTF2,chr5_151772032_151786571,227.8543386,-
BICC1,chr6_99526109_99531631,227.704989,+
ANKS1A,chr19_35497538_35498597,227.5978223,-
PPFIA1,chr14_73058705_73064971,227.4702676,-
SRRM2,chr6_10755232_10756466,227.1546961,+
LSM7,chr12_121652808_121659190,227.1006866,+
RBM22,chr2_20256170_20258236,226.8542702,+
ESRP1,chr6_99526109_99531631,226.6677245,+
RBM12,chr15_74923770_74929115,226.447541,-
YTHDC1,chr17_30984760_30997241,226.1259076,+
KHDRBS1,chr17_42316851_42317181,225.9924878,+
NIP7,chr6_30640422_30642175,225.9357668,+
EEF1G,chr20_18041723_18058889,225.887388,+
FMR1,chr1_28560732_28561112,225.8811484,-
PRR3,chr11_76453388_76458182,225.8383214,+
ACO1,chr1_16367308_16391374,225.8330449,+
TROVE2,chr19_35507511_35510183,225.7909821,+
KIN,chr15_78546698_78548789,225.7583983,+
PABPC4,chr13_37022317_37024034,225.4872198,+
PRPF3,chr3_20171232_20176600,225.3974981,+
RBMS1,chr17_74773688_74775621,225.3371383,+
TTC14,chr12_52070071_52070353,224.9757758,-
RBMS3,chr3_29281756_29434742,224.5524281,+
SF1,chr8_144425772_144425921,224.5104729,-
LSM5,chr8_47939697_47943208,224.4865517,+
CPSF7,chr3_52688206_52689073,224.4563147,-
HNRNPA2B1,chr4_70836314_70839227,224.3830354,-
SRRM2,chr14_67662535_67663028,224.3743096,-
ZC3H13,chr21_33450863_33460412,224.1530813,+
CSTF2,chr10_12172866_12177792,224.0561495,-
ACIN1,chr15_78880579_78884966,223.9515371,-
HNRNPR,chr1_23321663_23333517,223.8218964,-
CSTF2,chr19_47169923_47203670,223.7507688,-
PPP1R10,chr7_151409382_151411227,223.725175,+
SNRNP70,chr6_30741333_30741791,223.5933929,+
ELAVL1,chr12_51269316_51269536,223.4950112,-
ZGPAT,chr4_15971082_15979880,223.3832243,+
RBM12,chr15_74923770_74929115,223.3554481,-
LSM3,chr16_80981877_81006733,223.1926526,-
ZCCHC17,chr10_12210322_12215739,223.1410025,+
ZCCHC14,chr14_55031991_55042951,222.6713121,+
TRMT1,chr1_28230252_28232920,222.6419898,+
PPP1R10,chr11_76458358_76463820,222.6248452,+
SART3,chr12_76074239_76083832,222.4433499,-
SGMS1,chr11_8956298_8964208,222.3796339,+
UHMK1,chr14_23561635_23562287,222.3436631,+
IREB2,chr8_85114355_85115099,222.2996521,+
HNRNPA3,chr2_95876512_95880426,222.2336035,+
RBMS1,chr7_73693669_73693991,222.2070692,+
DDHD2,chr2_113465173_113482176,221.9655194,-
MCTS1,chr20_50942126_50945846,221.8510445,-
ZCRB1,chr2_164950133_164959054,221.689245,+
MKRN3,chr11_112229486_112230207,221.6758597,-
CPSF7,chr2_87480423_87521206,221.4730755,+
CPSF6,chr13_19852190_19863449,221.4685148,+
CSDE1,chr5_34911812_34914694,221.3638356,+
LSM5,chr14_77715879_77717495,221.2363447,+
ELAVL1,chr1_28407463_28438272,221.0968434,-
KIN,chr8_61619019_61637946,221.0000307,-
LARP7,chr15_78295793_78299561,220.4569587,+
LSM2,chr20_408779_410411,220.4508133,+
APTX,chr1_45342643_45342734,220.1824245,+
MBNL1,chr4_103057971_103066326,219.8785683,+
MCM3AP,chr1_6233643_6234404,219.7516162,+
KIN,chr1_161042217_161042554,219.6889654,+
RBMS3,chr3_29897475_29899704,219.6658668,+
HDLBP,chr7_128739432_128747552,219.5878607,-
TOE1,chr17_49414333_49414834,219.5777682,-
UPF1,chr5_127052669_127056396,219.4771728,+
ZC3H11A,chr1_32634110_32634767,219.402148,+
RBMS3,chr3_29899755_29936085,218.831427,+
ZFP36L2,chr4_76251820_76263703,218.7552317,+
ZCRB1,chr7_105508520_105522051,218.7149903,+
SNRPN,chr2_95876512_95880426,218.497669,+
MKRN2,chr15_80059809_80098415,218.4641951,+
PRPF3,chr8_60232379_60232484,218.3843754,-
PUF60,chr11_119011283_119011938,218.1578377,+
THUMPD2,chr1_154984066_154992712,217.6584422,-
STARD13,chr10_73911612_73912214,217.2254551,-
CNOT4,chr7_135398226_135410514,217.208741,+
PAPSS2,chr7_128455909_128457200,217.0733533,-
LARP4B,chr8_10765916_10826151,216.9753485,+
PCBP1,chr11_93754037_93757315,216.9210529,+
CARHSP1,chr14_104753319_104756603,216.9138134,-
CHERP,chr12_48142066_48143752,216.8769733,-
HNRNPAB,chr4_78930325_78939039,216.7314826,+
SFPQ,chr1_35178036_35181134,216.6140549,+
MSI1,chr22_15777336_15778009,216.5957918,+
PARP10,chr6_134170435_134171022,216.5847597,+
NIP7,chr4_184678394_184682247,216.28105,+
PNPT1,chr12_130872629_130872835,216.1906009,+
RBMS1,chr8_81718224_81721248,215.995405,+
SF3B4,chr16_74298209_74300114,215.7977782,-
ZC3H15,chr2_95912435_95914107,215.7834657,+
HNRNPD,chr17_27306882_27307743,215.6596698,-
CHERP,chr15_90969120_90969523,215.6403252,+
SLBP,chr15_22839174_22839654,215.598292,+
RBM38,chr7_17882943_17890362,215.5701875,+
ANKRD17,chr1_155850884_155853275,215.3609697,+
PCBP2,chr12_53471807_53474868,215.2803479,-
APTX,chr9_32987731_32989758,215.1862463,+
PCBP1,chr14_51701135_51702511,214.9669793,+
PDCD11,chr3_197622330_197623219,214.8397281,+
PNPT1,chr7_23106146_23117833,214.8075033,-
RC3H1,chr11_102607452_102607709,214.6844936,-
TNRC6A,chr8_63168814_63169386,214.5351493,+
PABPN1,chr12_48815728_48816872,214.1735926,+
SF3A1,chr12_48681641_48681857,214.1322453,+
ZCCHC17,chr4_70836314_70839176,214.097825,+
PABPN1,chr9_112276013_112297840,214.0468219,+
ZC3H4,chr5_81301670_81304740,213.9812495,+
YTHDF3,chr15_74923770_74926765,213.9309372,+
RBM39,chr11_119019317_119021759,213.8757054,-
NAA38,chr11_47639051_47642400,213.8491041,-
PUM2,chr1_20779911_20780349,213.7297969,+
LARP4,chr14_55129300_55138044,213.7172825,-
ZRANB2,chr3_15582989_15589539,213.6751276,+
PPFIA3,chr4_77907210_77909265,213.6389591,-
PNO1,chr7_74037739_74042613,213.6256259,+
ZFP36L2,chr5_88823930_88882954,213.3869975,+
SSB,chr2_169801026_169805664,213.2640059,-
LRSAM1,chr20_56513428_56517105,213.2028981,-
PPFIA1,chr19_18436479_18437859,212.9967768,-
EIF3G,chr11_35190065_35214851,212.9246961,-
EPHA2,chr14_58215284_58223621,212.8478098,+
ZC3H4,chr3_97950012_97950785,212.2913305,+
CPSF7,chr11_61416519_61419948,212.2760412,+
SF3B4,chr3_47912421_47914816,212.2616123,+
UPF1,chr1_114397860_114399456,212.1980516,+
ESRP1,chr11_67400919_67401727,212.0866713,-
U2AF1L4,chr17_64514358_64516722,212.0481109,+
ACIN1,chr14_23081836_23090521,212.0310094,+
ANKHD1,chr4_168654812_168668189,211.9684485,+
SCMH1,chr5_75354697_75355364,211.9536958,-
DHX57,chr1_94530596_94533089,211.8419534,+
PDCD11,chr2_156326207_156326311,211.5831409,-
U2AF1L4,chr14_91473370_91475849,211.5622032,+
ZCCHC14,chr22_42808890_42817141,211.5289366,+
BFAR,chr10_95633049_95633496,211.4370471,-
MCTS1,chr2_169801026_169805664,211.395757,-
UPF1,chr19_36114412_36114797,211.1711466,-
FUS,chr19_16185765_16190886,211.0074028,+
ASCC1,chr4_169742107_169750535,210.7096077,+
KIAA0020,chr8_143739503_143739858,210.6448441,+
NUFIP1,chr3_9363312_9365015,210.5705261,+
CPSF4,chr7_48101982_48106872,210.5699108,+
SF3A1,chr17_27306882_27307743,210.5588893,+
SNRPC,chr19_48993923_48994775,210.5335926,-
NONO,chr2_130182452_130190468,210.5231101,-
KIAA0020,chr8_103427252_103430611,210.48423,+
DKC1,chr15_90088747_90090478,210.3715074,+
NOL8,chr9_129338917_129341349,209.911596,-
SF3B4,chr5_69560242_69562672,209.8315865,+
HNRNPA0,chr19_5896650_5896904,209.7147908,-
TARDBP,chr6_79003858_79004372,209.7089223,+
UHMK1,chr3_29281756_29434742,209.66914,+
KRR1,chr12_95474330_95476073,209.5540128,+
CPSF6,chr17_72428298_72592202,209.5072734,+
SF1,chr1_35178036_35187000,209.3616668,+
SNRPD1,chr18_21622801_21623747,209.3285379,+
RBM18,chr11_406538_407061,209.2207858,+
RBM25,chr12_124913111_124913339,209.1664462,+
LARP1,chr2_201140439_201145377,209.1518357,+
RBMXL1,chr21_29064836_29064967,209.1081543,-
TIPARP,chr17_17254945_17261965,208.7852886,-
HELZ,chr1_70228555_70231858,208.5932264,+
ZNF638,chr4_119214222_119217549,208.577159,+
LSM4,chr11_67583844_67584133,208.4469075,+
YBX1,chr4_26321048_26386352,208.289116,+
SNRPG,chr2_32866812_32866889,208.2011754,-
PPIE,chr1_39738923_39740164,208.1999143,-
LSM2,chr11_64317132_64317263,208.0050789,-
PNO1,chr2_73732700_73734428,207.919737,+
ZGPAT,chr1_39743924_39745413,207.8534707,-
RBM17,chr5_53646405_53683117,207.7160166,-
RBMS3,chr17_76089320_76090328,207.649456,+
PABPC3,chr16_80981877_81006733,207.5750221,-
CIRBP,chr16_4466402_4469503,207.5425018,+
RBM42,chr21_43755476_43755697,207.4871382,-
TIAL1,chr21_33410892_33414887,207.3400922,+
POLR2G,chr2_37344851_37352788,207.2616767,+
SEC23IP,chr11_95795559_95799231,206.974645,-
SNRPE,chr6_30741333_30742146,206.9137861,+
CIRBP,chr2_101859864_101864929,206.912744,+
TRMT2A,chr7_100098290_100098566,206.7799789,-
PARP12,chr18_59900714_59902646,206.7172832,-
TRNAU1AP,chr7_45109243_45111642,206.557259,-
RRP7A,chr8_63017630_63024079,206.5417778,-
NCL,chr8_54051188_54055059,206.5033701,-
GRSF1,chr1_23030634_23044426,206.4846715,+
RBMX,chr14_21211566_21211809,206.4806429,+
RBM39,chr3_101855902_101857291,206.4581536,-
MKRN1,chr6_27127401_27132524,206.45622,+
RBM15,chr1_113905775_113908008,206.0222326,+
ASCC1,chr13_37004561_37005956,205.98371,-
RNPC3,chr2_70214491_70215370,205.9190662,+
ZFR,chr8_47939697_47943208,205.9031087,+
CARHSP1,chr17_17247151_17248925,205.8673817,+
KHDRBS3,chr19_4327385_4329960,205.8007309,-
YTHDC1,chr17_30984760_30997241,205.7876937,+
DDHD2,chr10_15097766_15102217,205.773746,+
LARP1,chr7_103086764_103097276,205.6767602,+
SNRPD1,chr18_21612443_21622724,205.4953709,+
TAF15,chr20_20026919_20033101,205.4624736,-
SART3,chr1_954082_954463,205.3912822,-
LSM3,chr19_41958948_41959236,205.33131,+
HNRNPD,chr6_80022472_80026380,204.9599202,+
DKC1,chr19_35744421_35745124,204.6682544,+
PUF60,chr1_45551155_45566568,204.6528188,+
AKAP1,chr15_50424654_50439008,204.4736021,+
SNRPN,chr3_9390497_9391488,204.4166809,+
SCMH1,chr18_11886778_11886916,204.2879724,+
SRRM2,chr19_45079279_45079906,204.0972976,+
LSM3,chr15_90984140_90994406,204.0281662,-
SLBP,chr12_47965345_47966682,203.5927034,-
NIP7,chr4_56505693_56511184,203.5824457,+
SNRPE,chr1_161340655_161362328,203.5057284,-
RBMS2,chr18_12311053_12329145,203.3495179,-
BFAR,chr12_96297332_96297626,203.230535,+
NAA38,chr10_80172869_80205342,203.1625412,-
DNAJC17,chr2_27381721_27382125,203.1146694,-
EWSR1,chr12_45964188_45974189,202.9969338,-
CIRBP,chr16_87305905_87314970,202.9753368,+
RBM26,chr16_189339_189930,202.570566,+
LSM4,chr1_2400935_2402206,202.5051856,+
PHC3,chr1_151895194_151907320,202.4635251,+
SLBP,chr14_104756760_104759218,202.46314,-
LSM3,chr1_75724817_75732643,202.3639835,-
ZCCHC17,chr17_7626793_7627142,202.3052595,+
RBMS1,chr1_28574718_28577499,202.1676807,-
TMEM63A,chr11_36610239_36648015,202.1059091,+
ZC3H13,chr11_62794398_62794934,201.8904993,+
PNPT1,chr8_144791307_144791839,201.8758978,+
RBMX2,chr6_637861_693018,201.8031432,+
KIAA0020,chr1_46303820_46309100,201.6857035,+
SFMBT1,chr5_88270585_88436272,201.65685,+
NCBP2,chr2_210016257_210016506,201.6009734,+
ELAVL1,chr15_80098578_80120327,201.5904979,-
ZFP36L1,chr17_17271008_17281131,201.3858082,-
SNRPG,chr19_11345628_11346007,201.3000141,-
HNRNPC,chr14_21263336_21269297,201.115836,+
RRP7A,chr1_1308720_1309085,201.0195489,+
RRP7A,chr8_63017630_63024079,200.9474878,-
ANKRD17,chr6_30640422_30640534,200.9284766,+
ZFP36L2,chr10_103392466_103394198,200.8399554,-
PABPC3,chr13_27427192_27429171,200.8348479,-
RBMS3,chr15_43800784_43801517,200.7381988,-
ZC3H15,chr14_88841196_88841424,200.7379111,+
ZC3H11A,chr10_103106706_103111744,200.7179858,+
NUFIP1,chr20_49154071_49188115,200.7176947,+
CSDE1,chr19_35154809_35155550,200.698985,+
PABPC4,chr1_39563922_39564470,200.4880124,+
TIA1,chr13_30461533_30462537,200.3257542,+
DDHD2,chr6_13321095_13326786,200.1579389,-
MCM3AP,chr17_17271008_17281131,200.0490377,+
UNK,chr15_41349241_41350990,199.8773564,-
TIAL1,chr21_39181878_39183063,199.6938281,+
LSM6,chr3_9689082_9697710,199.6735071,+
PNPT1,chr8_125005705_125007390,199.5708241,+
SNRPD2,chr2_39757368_39761330,199.3179557,+
PCBP2,chr17_59112345_59155130,199.3016184,+
NUFIP1,chr2_169812506_169819560,199.3015994,-
PCBP2,chr3_9833273_9834680,199.2314337,+
LARP7,chr20_1125650_1135120,199.1867669,+
RBMS2,chr10_80172869_80205342,199.0507864,+
DUS3L,chr8_47727293_47735306,198.9963974,+
THUMPD3,chr13_49661208_49669776,198.9448527,+
PCBP1,chr6_122633367_122717786,198.6200717,-
NSUN6,chr3_152269407_152299404,198.565167,-
LSM3,chr15_90984140_90994406,198.5490394,-
DGKH,chr10_60785787_60791889,198.3240745,-
RBM27,chr14_35110629_35121901,198.2839226,+
ZFP36L1,chr8_73422702_73458676,197.9389477,+
ZC3H13,chr15_29701689_29704221,197.8952327,+
EIF3B,chr22_43151604_43159209,197.7116812,+
SNRPN,chr9_36573198_36581643,197.6220907,+
MCTS1,chr16_4450497_4454810,197.5462596,+
TNKS2,chr2_105384941_105386360,197.4984059,-
FXR1,chr19_35744421_35745124,197.4358293,+
CPSF6,chr8_120425366_120432029,197.4355493,+
THUMPD3,chr3_9363312_9365015,197.3479515,-
PSPC1,chr12_96295122_96297269,197.0980575,+
ESRP1,chr8_17991676_17993482,197.087834,+
ZC3H11A,chr5_179811682_179812406,197.0091445,+
PCBP1,chr1_52911790_52913894,196.9888455,+
UPF1,chr6_30741333_30741791,196.8635459,-
SSB,chr8_66667701_66677641,196.83349,-
SF3A1,chr3_49362626_49368427,196.8193858,+
SNRPE,chr8_102265275_102266946,196.817321,+
LARP7,chr9_129338917_129341831,196.8038723,+
SNRNP35,chr3_37146627_37148893,196.802556,-
GTF3A,chr19_48936195_48939448,196.8020316,+
SASH1,chr6_87520252_87521463,196.7563901,-
RBM17,chr4_75917773_75918760,196.742855,-
RBM47,chr2_95938901_95938986,196.7190005,+
FUBP3,chr6_112081207_112086555,196.7175318,+
PNPT1,chr3_37251484_37281957,196.6121539,+
HNRNPAB,chr7_103327378_103327655,196.5836626,-
SRBD1,chr15_69421752_69422325,196.3892104,+
PUF60,chr1_228108474_228108954,196.2423477,-
NCL,chr13_46045513_46052697,196.188683,+
SNRNP70,chr2_61017851_61018188,196.0336142,-
HNRNPA0,chr2_127848185_127858027,195.8968525,+
NUPL2,chr14_64924126_64943298,195.8909693,-
BFAR,chr16_75640349_75641563,195.8786039,+
TRNAU1AP,chr1_28574718_28577499,195.8654046,-
PTBP1,chr17_7013516_7013665,195.7859434,-
PSPC1,chr3_4303526_4316211,195.7827003,+
SSB,chr16_70656679_70656962,195.7372657,+
HNRNPL,chr20_50942126_50945846,195.7157735,-
EWSR1,chr4_82861708_82863317,195.652253,+
KIN,chr7_74041251_74043117,195.6027027,-
EEF1G,chr8_94432656_94436494,195.5695704,+
SNRPD1,chr16_28538209_28538795,195.4455015,-
TIA1,chr7_116210734_116249019,195.4355874,-
NONO,chr17_78202751_78206910,195.4345064,-
ZC3H4,chr15_50309798_50346371,195.3277933,+
CSDE1,chr5_34911812_34914694,195.3170054,+
NIP7,chr2_95106457_95108253,195.2794744,-
BICC1,chr12_69362907_69370705,195.2172035,+
ZC3H15,chr19_45079279_45090106,195.1237971,+
GRSF1,chr11_66284966_66285700,194.9248353,-
SF3A1,chr10_103174982_103193235,194.7852393,+
ANKHD1,chr6_30741333_30742146,194.7723019,+
POLR2G,chr17_81892106_81893551,194.4422429,-
SNRPD3,chr2_65089070_65097970,194.3579399,-
IREB2,chr2_102764427_102775129,194.239811,+
DNAJC17,chr3_143053794_143056311,194.1882031,-
KHSRP,chr12_123267282_123272156,194.1801177,+
ZFP36L1,chr22_35781746_35809779,194.1743021,+
ZC3HAV1,chr9_33026990_33029884,194.1458612,+
RBM10,chr17_49706309_49707729,194.1076797,+
RBM33,chr18_34978541_35005491,194.0448994,+
ELAVL1,chr11_46084302_46090454,194.0351263,+
HNRNPH2,chr2_101859864_101860824,193.961541,+
ZC3H15,chr9_87726398_87727593,193.9406831,+
ZCRB1,chr13_27251850_27253764,193.850899,-
ZFP36,chr11_35190065_35201081,193.7079423,-
SF3A1,chr11_60939638_60942034,193.6379133,+
RBM26,chr9_175784_177722,193.6127246,+
RBM10,chr7_44115354_44115765,193.4829814,-
CSTF2T,chr6_139028875_139034158,193.2550736,-
ZFP36,chr4_76136412_76144389,193.2470606,+
RBM10,chr5_115870128_115902884,193.2398017,-
PTBP1,chr17_7224393_7224483,193.2298485,-
TIA1,chr6_112087720_112099269,193.2278687,+
SNRPD1,chr5_75354697_75355364,193.1940556,-
HNRNPAB,chr20_36545068_36549076,193.0432593,+
RBM18,chr8_54063375_54100907,192.7866445,-
UHMK1,chr8_79958435_80002998,192.7016608,+
PPP1R9A,chr12_54274309_54280007,192.7000702,+
TARDBP,chr13_75590129_75594914,192.6067665,+
RBM34,chr15_84670782_84687624,192.4797502,-
MBNL1,chr7_99459263_99460085,192.4795297,+
RBM42,chr7_73737110_73737561,192.4377741,-
RBPMS,chr19_50007826_50016023,192.4071565,+
ZC3H4,chr3_9843601_9844501,192.3672862,-
RBM5,chr1_241849027_241850408,192.3543001,-
RALY,chr20_48963898_48965874,192.3374172,+
NONO,chr10_7780307_7787819,192.3121331,+
ZFP36,chr5_272772_276011,192.2394011,+
CCAR1,chr16_50025340_50026395,192.0584195,+
PPFIBP1,chr2_215372300_215373321,191.9180058,-
NONO,chr11_64317147_64317263,191.8689949,+
RBM14,chr11_86302478_86337378,191.7586865,-
PCBP4,chr3_195968385_195971322,191.693518,+
YTHDF2,chr2_97194754_97200452,191.5434435,-
PCBP1,chr14_103335932_103336676,191.396082,-
RBM6,chr7_107580301_107583881,191.1980612,+
TIPARP,chr16_75636547_75641563,191.1832711,-
CNOT4,chr1_220074071_220089685,191.075342,+
RRP7A,chr1_155172892_155173220,190.9206592,+
U2AF1,chr8_140925749_140948665,190.8691367,+
PUF60,chr1_25904738_25906388,190.8307944,+
RBM17,chr16_89686797_89690552,190.7938524,+
ZC3H13,chr12_4543904_4545781,190.7730294,+
PNPT1,chr5_132866687_132866868,190.6548635,+
CNKSR3,chr10_32048551_32050309,190.6378802,-
RBM15,chr5_65662150_65664233,190.5825839,+
RBM8A,chr11_6604360_6608393,190.538686,+
PPP1R9A,chr1_11676140_11676808,190.5150061,+
SAMD4B,chr1_151167414_151168148,190.4952939,-
CPSF6,chr8_120432123_120443184,190.4763867,+
ZFP36L1,chr16_89949638_89954242,190.3275877,+
SNRPB,chr12_110492122_110496011,190.2926032,-
ZC3H12A,chr19_36548322_36554669,190.2898881,+
LRSAM1,chr6_35468439_35468801,190.2037047,-
RBM15B,chr8_54132413_54136510,189.9955646,-
FUS,chr2_37376302_37378272,189.9786605,+
ZC3H13,chr13_46045516_46052403,189.9778527,+
DLC1,chr7_100321084_100328835,189.8755269,-
SAFB,chr8_128096654_128099369,189.7390391,+
ZC3H14,chr14_55129300_55138044,189.6976359,-
RBM23,chr1_33031661_33036735,189.6480999,-
SAMD12,chr13_75526639_75527812,189.6388879,-
CARHSP1,chr8_53801896_53814661,189.6125036,+
PAPSS2,chr17_75148671_75149090,189.557371,-
SFPQ,chr1_75791571_75794083,189.4941019,-
NCBP2,chr8_69466950_69501873,189.3982752,+
HNRNPH1,chr9_75069102_75069894,189.3634813,+
HNRNPH3,chr7_133081048_133081856,189.0560268,+
ASCC1,chr6_150887981_150905649,189.0543741,+
SAFB,chr18_21659343_21702315,189.047928,+
PAPSS2,chr1_28560732_28561112,189.0432033,+
IGF2BP2,chr2_61009015_61011764,189.0162455,-
BFAR,chr5_139314736_139316075,188.9724257,-
ELAVL1,chr2_159712606_159729008,188.9609699,-
RBM18,chr4_183445665_183446087,188.9003653,+
ZNF638,chr2_135639074_135645378,188.8651273,+
CSTF2T,chr4_184681015_184682247,188.7528865,+
PTBP1,chr1_154984066_154992712,188.4883676,+
PARP12,chr8_47701864_47712661,188.3745192,+
KHSRP,chr7_72831798_72836576,188.3680736,-
TIA1,chr3_172816837_172818547,188.3104308,-
EPHA2,chr11_2979237_2989128,188.2801985,+
NAA38,chr4_70836314_70839176,188.0423068,-
PCBP4,chr7_64993414_65006540,188.0074394,+
RBM17,chr11_18266443_18266883,187.9865177,+
NOL8,chr3_52075985_52122378,187.9759431,+
PPP1R9A,chr16_87951515_87975047,187.8847513,+
RBM3,chr22_19475100_19475495,187.7701301,+
ZFR,chr1_32228816_32230926,187.7552581,+
SNRPN,chr13_48515741_48533027,187.7269088,+
HNRNPC,chr11_66002570_66003625,187.6917359,-
AKAP1,chr3_33072713_33077093,187.6456474,-
UPF3B,chr9_113273410_113275381,187.6423776,+
RBM5,chr8_108203503_108214606,187.6145123,+
NAA38,chr16_88811656_88812033,187.5904602,-
RBM4,chr2_27428731_27433253,187.5805564,+
NIP7,chr6_30640422_30642175,187.5460225,+
RBM10,chr6_85637143_85640220,187.481771,-
LARP7,chr5_77489572_77491192,187.4793116,+
TRNAU1AP,chr10_30434748_30438915,187.4107901,+
RNPS1,chr20_36607818_36612009,187.3986459,+
KHDRBS1,chr1_86880725_86887155,187.3585597,-
SRRM2,chr7_107901817_107903477,187.1468776,-
RBM22,chr2_127850685_127858027,187.1441317,-
SRRM1,chr3_15242253_15246731,186.9336867,+
RBM4,chr8_63172798_63175330,186.8934629,+
CPSF6,chr13_27251656_27253764,186.8831977,-
LSM7,chr5_172994822_173034398,186.8532278,-
NOL8,chr15_90966653_90969523,186.7895375,-
YTHDF3,chr2_231463316_231464335,186.7886176,+
NUFIP1,chr14_45247377_45250030,186.7246903,+
U2AF2,chr8_144375637_144379386,186.7146119,-
CARHSP1,chr19_43656640_43665315,186.7049161,+
RBM17,chr16_89701233_89701490,186.6865315,+
ZFR,chr12_48142066_48143752,186.686063,-
TRA2A,chr15_52557222_52569115,186.6844356,-
SART3,chr5_88270585_88436272,186.6245351,+
HNRNPH2,chr22_40400813_40402138,186.6173924,+
SRRM2,chr1_16595013_16608507,186.5898655,+
TROVE2,chr6_112087720_112097043,186.4743079,+
NONO,chr18_9937066_9944923,186.4609011,-
RNPC3,chr8_127796071_127890588,186.4342146,-
RNPS1,chr1_182854178_182855576,186.3391605,+
RBM22,chr14_74942733_74946212,186.2838659,+
GTF3A,chr1_161202480_161206406,186.1543704,-
EIF2S1,chr4_78595809_78597318,186.0262698,-
HDLBP,chr20_45416343_45419294,185.9996066,+
RNF113A,chr8_94432656_94436494,185.9949885,+
HNRNPH2,chr12_46254936_46268525,185.9938462,+
GTF3A,chr13_52659249_52661477,185.9735786,-
PPRC1,chr8_54132413_54136510,185.917508,-
RBM7,chr12_102039975_102044104,185.9161075,-
LSM5,chr3_191375589_191380158,185.8974282,-
PNPT1,chr18_55279656_55321669,185.8950205,+
INPPL1,chr1_30966197_30967166,185.8074332,+
HDLBP,chr14_75707707_75709178,185.7647789,+
MATR3,chr8_100259246_100261541,185.7520844,-
TOE1,chr1_45342643_45342734,185.744632,+
TRNAU1AP,chr1_243293219_243293398,185.7133689,+
MKRN1,chr3_20171232_20176600,185.6936095,-
IREB2,chr12_124912408_124912636,185.6499926,+
RBM25,chr14_75053659_75061683,185.5195864,-
POLDIP3,chr2_110178935_110179623,185.4999513,+
GRSF1,chr5_176352748_176359810,185.3329501,-
PTBP2,chr7_48101982_48106872,185.2574565,-
DNAJC17,chr2_127848185_127858027,185.2013451,-
HNRNPH3,chr1_193059776_193075819,185.1882161,+
RBM22,chr11_62705617_62706258,185.1207789,+
HNRNPD,chr5_163457610_163459691,185.0605447,-
SRRM1,chr3_15242253_15246731,184.9563939,+
PABPC4,chr8_103415516_103426055,184.9427581,-
ZMAT5,chr17_81892106_81893551,184.8343183,-
RBM8A,chr8_51839638_51845660,184.8331799,-
APTX,chr20_35632025_35632310,184.7802438,+
APTX,chr22_21629407_21629601,184.7638054,+
PDCD11,chr20_17954223_17955364,184.7338592,+
CPSF7,chr3_58138529_58142649,184.6932677,+
BICC1,chr6_99526109_99531631,184.510248,+
RBM23,chr8_102652397_102653469,184.4945456,-
CCAR1,chr12_32737161_32740063,184.3730089,+
ZFP36,chr19_10677310_10679096,184.3585116,+
ZC3H18,chr22_40951476_40964046,184.3349188,-
GTF3A,chr19_45079279_45090106,184.2441008,-
DHX8,chr15_41397140_41402446,184.235658,+
EEF1G,chr4_163157454_163164216,184.1963396,+
PRR3,chr11_76453388_76458182,184.1516535,+
PCBP1,chr6_37377033_37390741,184.1453217,+
PABPC3,chr8_66460090_66460307,184.0154138,+
RBMS3,chr11_66438259_66438709,183.8714346,+
SFMBT1,chr22_42808890_42817141,183.8338763,+
ZC3H15,chr10_119168533_119169176,183.8158681,+
MEX3D,chr9_21971208_21995300,183.8151744,-
PNO1,chr8_47727293_47735306,183.7070364,-
TIPARP,chr4_13368650_13369870,183.6489146,+
RBM4B,chr3_87227556_87245713,183.6393956,+
U2AF1,chr8_140948723_141001124,183.6184082,+
HNRNPH1,chr3_134486202_134495295,183.4127897,+
CARHSP1,chr8_53801896_53814661,183.4054509,+
RBM26,chr19_1276103_1277182,183.3979298,+
RNPS1,chr20_36607818_36612009,183.3857725,+
TROVE2,chr8_144200541_144214005,183.3071999,+
HNRNPA1,chr9_111563231_111564156,183.2790866,-
TDRKH,chr3_9430051_9433844,183.1392985,+
FXR1,chr19_53867943_53869689,183.0493872,-
MCTS1,chr8_66667701_66676744,183.0373679,+
ZC3H4,chr8_63169411_63186146,183.0092062,+
EIF3G,chr10_72216072_72220053,182.8665838,+
HNRNPH3,chr16_28489386_28491713,182.8653166,+
APTX,chr7_74041251_74043117,182.8272729,-
ESRP1,chr6_99526109_99531631,182.8143133,+
SF3B4,chr6_159727703_159736257,182.8078053,+
HNRNPK,chr5_39390575_39392203,182.7350481,-
PPFIA1,chr1_154272776_154273479,182.7304823,-
PSPC1,chr11_77842628_77872174,182.6611517,-
APTX,chr17_17247151_17248925,182.6112913,+
RALY,chr3_138163494_138167080,182.5966803,+
RC3H2,chr1_108696337_108697809,182.4953865,-
LARP6,chr14_91870385_91873496,182.4924776,-
SGMS1,chr19_43511566_43527096,182.4144335,+
SAMD4B,chr10_87170974_87180074,182.4062011,+
PNPT1,chr4_75973391_75975743,182.3429749,-
RBM15,chr1_44750564_44753732,182.2356925,+
SFPQ,chr1_154974045_154974247,182.2354279,+
SF1,chr14_55031991_55042951,182.1610866,+
CIRBP,chr8_100270013_100287500,182.1093003,-
SNRPD3,chr13_60112186_60163586,182.0881389,+
PAN3,chr1_25340579_25342960,182.0540078,+
ELAVL2,chr21_17559131_17565427,182.0500442,-
HNRNPK,chr13_30618056_30621763,182.0439288,+
EPHB4,chr10_38017020_38017290,181.9930453,-
EPHA2,chr8_140948723_141001124,181.9299746,+
LARP4B,chr14_94102059_94102476,181.8840915,+
MSI2,chr10_68737048_68740628,181.8610757,+
RBM4,chr5_170788668_170794230,181.8562201,+
SF3B4,chr20_44943579_44951832,181.7974459,+
PHC3,chr1_153627598_153631010,181.7824416,+
SRRM2,chr1_155308965_155309788,181.6964726,-
ZC3H14,chr8_53970463_53984362,181.6929248,-
SNRPD1,chr18_21612443_21623747,181.6892629,-
QKI,chr1_160224549_160225590,181.6490579,+
CNKSR1,chr19_41422370_41422631,181.6214649,-
RBM34,chr7_87900878_87907187,181.5838921,+
ZNF239,chr2_113465173_113482176,181.5643894,-
SLBP,chr13_31141259_31145562,181.5086158,-
RBM26,chr11_106059109_106077311,181.4665503,+
PUF60,chr20_62303045_62303567,181.3289376,-
SSB,chr6_43054486_43055896,181.2451614,+
KRR1,chr16_30985297_30985483,181.2259501,-
SNRPD3,chr7_116210734_116249019,181.2168548,+
ARAP2,chr5_69509819_69534693,181.2049665,-
YTHDF2,chr6_112087720_112097043,181.1923083,+
KIN,chr8_144774605_144778037,181.1727896,+
UNK,chr4_155667419_155668089,181.0337585,+
PPIL4,chr11_66284966_66285700,180.9379491,+
SRRM2,chr14_53953400_53956758,180.9308355,+
LSM5,chr20_45814470_45815853,180.9001565,-
PNO1,chr7_100114268_100118879,180.8627863,+
TROVE2,chr2_96335848_96341641,180.8494934,+
RNPC3,chr1_153642429_153645063,180.8474964,+
TRA2B,chr12_53471807_53474868,180.8158811,-
NAA38,chr17_7241679_7241767,180.7960463,-
PUM1,chr7_42927459_42932117,180.7379438,+
HNRNPH2,chr7_88209452_88217121,180.696655,-
RBM27,chr14_35110629_35121901,180.6372465,+
RBM39,chr1_46558800_46561477,180.550976,+
TRA2B,chr8_106726309_106739457,180.5267202,+
RALY,chr4_184638468_184649394,180.4636601,+
ZC3H13,chr19_52778907_52786594,180.4487992,+
HNRNPL,chr3_52075985_52122378,180.4063088,+
RBM23,chr17_3663885_3664678,180.4022025,+
SAFB,chr1_75724817_75732643,180.3313545,-
MATR3,chr1_9997331_10008172,180.1861409,-
SNRPD1,chr18_21622801_21623747,180.1723628,+
SART3,chr1_153642429_153645063,180.1423219,-
DHX8,chr3_129288997_129298353,180.0741567,+
MATR3,chr3_9918075_9918499,179.9256296,+
LSM2,chr18_22934078_22936753,179.8940087,+
STIM1,chr22_37956842_37959345,179.8384904,+
BFAR,chr15_89871546_89877305,179.8308332,+
SNRPD3,chr12_52055022_52056029,179.7505442,-
HNRNPA0,chr19_47169923_47176214,179.7446109,+
SFMBT1,chr5_88270585_88436272,179.7185098,+
SRRM1,chr1_155880620_155881197,179.6467892,+
GRSF1,chr1_23044486_23050386,179.6248988,+
ZFP36,chr12_49186833_49188976,179.6149404,+
RBM33,chr12_122209858_122216487,179.5866411,-
HDLBP,chr20_45416343_45419294,179.5304001,+
RBPMS2,chr2_55922447_55922898,179.5154867,-
LSM10,chr18_22934159_22936753,179.4441391,+
MBNL2,chr3_123944990_123947279,179.3959087,+
SNRPD3,chr6_20548705_20558541,179.3529112,+
RBM23,chr19_19034238_19042710,179.3269444,+
CNOT4,chr12_124912180_124912864,179.3159695,-
HNRNPK,chr1_222815171_222835118,179.3071748,+
PABPC3,chr3_9363767_9365015,179.2587884,-
SAMD8,chr8_47727293_47735306,179.2538634,+
SFPQ,chr3_152445539_152447619,179.2534535,-
ZNF638,chr12_50441643_50454313,179.2134672,+
RBM42,chr22_29531110_29531830,179.0328474,-
YTHDC1,chr1_156591986_156592104,178.9689094,+
RNPS1,chr8_47893387_47900372,178.9562162,+
PCBP2,chr2_97194754_97200452,178.9460098,-
PABPN1,chr19_35506185_35507457,178.8446047,-
DUS3L,chr1_155309076_155310042,178.830193,+
LARP4B,chr1_27897121_27906927,178.786864,-
LSM10,chr8_67045960_67051229,178.6577923,+
TRNAU1AP,chr3_170145521_170171372,178.6371879,+
ZGPAT,chr6_8097467_8101764,178.5706157,-
SAMD8,chr7_107613732_107618327,178.565252,+
RALY,chr3_138163494_138167080,178.4418479,+
SLBP,chr13_36336358_36346581,178.4079291,+
SNRNP70,chr5_139476454_139478269,178.3493324,+
LARP4B,chr7_852667_852812,178.3429518,+
THUMPD3,chr3_196939432_196942159,178.3405821,-
PPFIBP1,chr12_6724818_6728222,178.1906519,+
EEF1G,chr1_46560277_46561477,178.1390122,+
HNRNPM,chr3_4362254_4410864,178.1336999,+
ZGPAT,chr18_9945058_9950394,178.1060936,-
EIF3B,chr2_68053137_68062957,178.0944494,+
PPIE,chr19_48936195_48939448,178.0272734,+
RBM34,chr1_235135767_235136033,177.9655203,-
MBNL1,chr8_54063375_54100907,177.9574744,-
SSB,chr3_39406764_39407620,177.952564,+
PCBP2,chr11_111882598_111883770,177.9496844,+
EIF2S1,chr8_123226418_123226499,177.8807753,-
NOL8,chr19_36694876_36712385,177.8026032,+
SNRPN,chr7_94629841_94639340,177.7285567,-
KHDRBS3,chr19_18589077_18590853,177.7202894,-
CARHSP1,chr2_38343512_38378021,177.7170713,+
SAFB2,chr6_31950403_31951143,177.6431518,-
NUFIP1,chr8_144375637_144379386,177.6277748,+
NUPL2,chr7_91980333_91980872,177.5941193,+
NOL8,chr2_95938901_95938986,177.5580968,+
PCBP2,chr11_61416519_61419948,177.5382038,+
PPRC1,chr4_103057971_103066326,177.5087473,+
THUMPD3,chr7_107580301_107583881,177.2475216,+
RBM34,chr12_871348_878211,177.0031436,+
BFAR,chr16_69711281_69714963,176.9088866,+
NUPL2,chr11_85982003_85983865,176.877792,+
UHMK1,chr14_19331948_19333701,176.8725864,+
EIF3B,chr20_56513428_56517105,176.8650024,-
RBM23,chr7_26203022_26206367,176.8583769,+
RNPS1,chr19_41956934_41958285,176.7889005,-
RNPC3,chr5_154858816_154863206,176.6844923,+
THUMPD3,chr2_95956816_95960472,176.6607488,+
CNKSR1,chr20_284081_290258,176.6466285,+
EPHB4,chr14_92030776_92033191,176.5582248,+
HNRNPF,chr3_38129388_38131925,176.4945409,+
PCBP2,chr9_83665145_83669184,176.222038,-
RBMX2,chr6_107040230_107040380,176.2204073,+
HNRNPL,chr9_36083562_36087693,176.1874302,+
ZCCHC17,chr19_35507511_35509910,176.087848,+
ANKHD1,chr7_116210734_116249019,176.0284411,+
MKRN1,chr10_121959410_121960357,175.9744665,+
RBM8A,chr1_54047372_54052999,175.9652475,+
PRPF3,chr5_98869277_98869753,175.9345525,+
TIPARP,chr1_43365623_43366267,175.9270962,-
SNRPN,chr8_69495926_69501873,175.9061736,-
PPIE,chr1_39743924_39745413,175.702747,-
NUFIP1,chr6_107040230_107040380,175.641865,-
ESRP1,chr3_38139028_38140387,175.6393058,-
LARP7,chr1_1402256_1402461,175.6256776,-
MKRN1,chr1_222815171_222823883,175.5470948,+
RBM23,chr12_52237389_52237508,175.4840551,-
RBM27,chr3_133046020_133229269,175.4689197,+
SAMD4B,chr7_130399039_130400706,175.4393127,+
DKC1,chr15_89244033_89247628,175.4245542,+
SAFB,chr10_56358687_56358804,175.4235095,-
DHX8,chr5_43555999_43556818,175.423236,+
RBM47,chr5_127052669_127058881,175.3334189,+
SNRPN,chr11_64245287_64245669,175.2342826,+
TRA2B,chr3_184001251_184014263,175.2176811,+
PSPC1,chr16_2020312_2020534,175.20391,-
TRNAU1AP,chr1_1503661_1509204,175.1011906,+
EIF4B,chr2_119367060_119368187,175.0643705,+
SNRPD3,chr1_42457567_42459602,175.044879,+
CCAR1,chr11_31433570_31456259,174.9860687,+
ANKHD1,chr10_56358705_56358908,174.977951,-
TROVE2,chr17_78419725_78424060,174.9432618,+
KRR1,chr3_179601790_179604526,174.9063326,-
HNRNPH1,chr3_9944095_9944364,174.8304134,+
LARP7,chr8_144099199_144099276,174.7823129,-
SNRPF,chr6_149598350_149603267,174.6967499,+
PSPC1,chr3_37154656_37174538,174.6853801,-
DHX8,chr11_5680238_5937400,174.5541068,+
TMEM63A,chr11_36610239_36648015,174.5358144,+
CARHSP1,chr1_54043525_54045691,174.5352772,+
RC3H2,chr2_202292903_202297378,174.4516876,-
SLTM,chr5_78421960_78459244,174.4135836,+
RBMXL1,chr18_31068212_31068298,174.2678799,+
RBM6,chr1_154234792_154235195,174.1998787,-
TNKS,chr22_41584058_41584526,174.1586207,-
CCAR1,chr12_32737161_32740063,174.1437489,+
TNRC6A,chr18_74155224_74155305,174.1433897,-
RBMXL1,chr1_52905090_52906518,174.1394145,+
TRA2B,chr1_155318332_155318855,174.0541562,-
TRMT1,chr8_63169411_63186146,174.0469317,+
LSM10,chr12_55728352_55728952,174.0402177,+
SNRPD1,chr5_176385327_176386839,174.0225084,+
SRRT,chr14_61744813_61746933,174.0162926,+
ELAVL1,chr1_9997331_10008172,173.9899861,-
HNRNPR,chr4_169742107_169750535,173.9392587,-
ZC3H11A,chr4_673401_673911,173.9201292,+
TRA2B,chr1_84498548_84506010,173.8617909,-
ZC3H18,chr1_246999440_246999947,173.849416,+
GTF3A,chr12_52235366_52237508,173.8297145,+
FUS,chr17_68515119_68515393,173.8248636,+
NIP7,chr16_46663162_46671704,173.8175361,-
ZFP36L1,chr3_4980408_4981391,173.8011018,+
PHC3,chr12_54183959_54188950,173.69253,+
RBM39,chr11_5680238_5937400,173.6251277,+
MBNL1,chr5_179825226_179833031,173.6149617,+
TRA2A,chr7_139036388_139036652,173.5654653,+
SLTM,chr15_90091644_90102275,173.4736917,+
SLBP,chr5_1798947_1799770,173.4542272,+
SRRT,chr7_100887859_100888041,173.4310785,+
RBMX,chr8_54087496_54100907,173.3263335,+
ZFP36L1,chr7_141006535_141014910,173.2983163,-
THUMPD2,chr11_47476956_47477296,173.2787737,+
SNRPF,chr10_95684624_95686494,173.1939462,+
ZC3H18,chr3_150544498_150545702,173.1570962,+
SAMD4B,chr3_4362254_4410864,173.1486232,-
MYEF2,chr12_4612718_4613514,173.1217183,+
RBM25,chr20_2840827_2843133,173.1120641,+
KHSRP,chr11_20363749_20364236,173.0492467,+
PRPF3,chr16_30076100_30076314,173.0289593,+
ZC3H3,chr6_85637143_85640220,172.9821557,-
RC3H2,chr1_32634110_32634767,172.9735637,-
RBM17,chr16_89686797_89690552,172.9649645,+
SNRPB,chr9_95080780_95086681,172.9625276,-
RBM10,chr17_30481263_30484213,172.827497,+
RNF113A,chr20_56388784_56390555,172.7919433,+
POLR2G,chr2_97202230_97209799,172.7900805,+
HNRNPA3,chr3_113014032_113019541,172.774005,+
U2AF1L4,chr18_62161385_62162252,172.7176173,+
LSM2,chr16_56935312_56936686,172.7051244,+
ZNF638,chr11_119123684_119126934,172.6571864,+
KRR1,chr11_850367_864436,172.6561691,+
ZC3H15,chr6_85558060_85572136,172.5820651,+
TIPARP,chr3_139350322_139351030,172.560926,-
SRRM1,chr2_97118517_97142639,172.5360434,+
PHC3,chr1_19374455_19378539,172.5251029,-
DHX8,chr3_159765138_159866162,172.4439741,+
DGKD,chr16_29994843_29995102,172.3866376,+
GTF3A,chr8_103421082_103426055,172.3515101,+
SGMS1,chr22_31945678_31956138,172.3451498,+
DHX8,chr19_52814426_52817943,172.3357442,+
HNRNPF,chr8_73688813_73746782,172.2466052,+
TRMT1,chr2_44390305_44391884,172.2447388,+
KIAA0020,chr3_129451998_129463559,172.1958123,+
CCAR1,chr1_173800519_173807266,172.1235,-
CARHSP1,chr1_201153959_201171489,172.0606341,-
KRR1,chr3_15096288_15096551,172.0245939,+
PCBP2,chr1_53946549_53951985,171.9881561,+
ZRANB2,chr1_117929782_117933287,171.9186118,+
NONO,chr10_26751783_26765217,171.9104445,+
HNRNPK,chr8_47935900_47936352,171.9030354,+
RBM22,chr3_150603686_150622384,171.8452123,-
RBM10,chr6_3155055_3155624,171.8162008,-
SNRNP70,chr12_124911899_124912811,171.7640914,-
EPHB4,chr3_50349828_50349930,171.7595747,+
ZCCHC17,chr7_91980333_91980872,171.6396925,-
EIF4H,chr3_10312730_10315320,171.5263427,+
ZC3H3,chr3_15585342_15589539,171.5243392,+
PPFIA1,chr7_6392041_6398661,171.4869413,+
KRR1,chr9_65693473_65698514,171.4459388,-
TIAL1,chr3_138163494_138167080,171.4217901,+
PPIL4,chr12_42161765_42210354,171.3293016,+
SAFB,chr9_33262246_33262701,171.3240624,+
ELAVL1,chr15_80059809_80098415,171.2560458,-
LARP4,chr1_150276632_150279642,171.1496354,+
TRA2A,chr8_17972687_17980590,171.1191822,+
YTHDF1,chr1_37689883_37690001,171.1070756,+
CPSF6,chr7_74246763_74249738,170.9944784,-
PAPSS2,chr8_11802910_11808793,170.9919242,-
G3BP2,chr8_67095732_67118247,170.8411228,+
APTX,chr4_55600575_55607297,170.818821,-
GRSF1,chr19_18900449_18904770,170.7757932,-
BICC1,chr3_167735812_167789110,170.7457683,-
FUS,chr1_150220761_150226607,170.6882118,-
APTX,chr9_32987731_32989758,170.6292762,+
SF1,chr8_94885558_94890414,170.6189304,+
ZC3H18,chr2_10775071_10778571,170.6038535,+
NAA38,chr14_92704707_92709671,170.4944345,-
ZCCHC17,chr12_46254936_46268525,170.3801918,+
BFAR,chr20_37289686_37301207,170.380092,+
SNRPB,chr12_110492122_110496011,170.3389507,-
SAMD12,chr2_113625729_113626477,170.3361301,+
TIPARP,chr9_14088326_14112998,170.1650318,+
GTF3A,chr19_48935111_48936031,170.1308948,+
ZC3H12A,chr12_52056159_52056493,170.0980518,+
APTX,chr14_30653588_30658082,170.0910911,-
UHMK1,chr7_45109243_45111642,170.0369802,-
RPS3,chr9_33262246_33262701,170.0036857,+
YTHDF2,chr3_53852997_53856843,169.9500315,+
RBM47,chr7_74246763_74249738,169.8807657,-
HNRNPH1,chr9_75069102_75069894,169.8411745,+
STIM1,chr2_27583142_27598066,169.8314652,+
ESRP1,chr11_35190065_35214851,169.820954,-
SETD1A,chr20_2656214_2656773,169.8054294,-
CNOT4,chr16_29994843_29995102,169.7507082,+
RBM26,chr10_73911612_73912214,169.715879,+
HNRNPH1,chr1_154157721_154170399,169.6820189,+
THUMPD2,chr10_97453663_97454713,169.5219642,+
HDLBP,chr5_138166727_138167933,169.5077295,+
PPP1R10,chr3_140967036_140970926,169.4833335,+
TRMT2A,chr21_29009692_29019210,169.440924,-
U2AF1,chr15_34225658_34227692,169.3849827,-
EIF3G,chr4_77907210_77909265,169.326213,+
MATR3,chr1_160207237_160211542,169.2755523,+
ZC3H15,chr20_2658522_2659524,169.2485384,-
RBM18,chr20_50151315_50153516,169.1743967,+
SLBP,chr19_11447618_11447692,169.1263487,+
RBM22,chr8_104509074_104588818,169.080871,+
DKC1,chr15_41365863_41371526,169.0698908,-
SNRNP35,chr21_37072310_37072433,169.0677113,+
MEX3D,chr1_53889463_53889712,169.0048979,-
PRR3,chr3_180985996_180986997,168.986784,+
RBM14,chr10_12215835_12217360,168.9233896,+
PPIE,chr7_100049841_100056910,168.8191171,+
RBM23,chr1_241849027_241850408,168.7992841,-
EIF4H,chr17_76726879_76729689,168.7009302,+
SFPQ,chr8_81681584_81685762,168.687882,+
QKI,chr17_44320749_44321057,168.6565765,+
YTHDF2,chr3_53852997_53856843,168.528525,+
SNRPA,chr1_160283109_160285054,168.493897,+
MCTS1,chr12_11047188_11171421,168.4575686,+
FUBP3,chr3_150603686_150622384,168.4278762,-
TOE1,chr4_139678642_139703454,168.3694937,-
ZC3H4,chr11_72190641_72192165,168.3450523,+
RBM27,chr15_42218375_42219580,168.2974345,-
SFPQ,chr17_51153662_51155650,168.2824665,+
TEP1,chr2_61145196_61157861,168.2533147,-
NIP7,chr18_23466276_23473428,168.1842316,+
PPRC1,chr12_122940284_122940806,168.1503868,+
ZNF638,chr10_103174982_103193235,168.1234146,+
GTF3A,chr14_75680767_75681544,168.1227155,+
CSDE1,chr22_42599793_42602769,168.0805773,+
ZC3H3,chr8_120425366_120443184,168.077789,-
SAMD4A,chr22_46337944_46346421,168.0454356,+
HNRNPH1,chr13_49255913_49259485,168.0084106,+
SF3A1,chr7_44841012_44847968,167.9668837,-
EWSR1,chr20_1125650_1135120,167.956941,-
POLDIP3,chr19_35507511_35510183,167.9335048,-
ZC3HAV1L,chr11_77619695_77624962,167.919601,-
ZFP36,chr7_66769025_66770322,167.8248532,+
SNRNP35,chr2_61017851_61018350,167.7317227,-
DGKD,chr16_88811656_88811819,167.6983872,+
SNRPB2,chr3_42553448_42555929,167.6371221,+
ZFR,chr8_144520054_144520241,167.6210119,+
CPSF7,chr3_58138529_58142649,167.6190027,+
KHSRP,chr1_210239608_210245799,167.5874824,+
FXR1,chr7_148757150_148759547,167.5419859,+
RBM17,chr15_41365863_41371526,167.5307851,+
NIP7,chr3_179601790_179604526,167.5088847,+
HNRNPH2,chr3_87227556_87245713,167.5017967,-
MCTS1,chr20_50942126_50945846,167.4794344,-
MKRN1,chr5_31530924_31531449,167.4763229,+
HNRNPAB,chr1_174999689_175004613,167.36115,-
DAZAP1,chr1_224356993_224364108,167.3427672,-
RBM15,chr17_75168401_75181056,167.2955989,-
RBM7,chr6_8430157_8435342,167.1915834,+
ARAP2,chr7_87900878_87907187,167.1914871,+
FUBP3,chr13_27251850_27253764,167.1110105,+
RBM15,chr17_75168401_75181056,167.0620773,-
SFPQ,chr10_7796155_7797046,166.9863798,+
SNRPA,chr20_58891544_58891718,166.9459756,+
ZC3H4,chr8_56216531_56216679,166.8794618,-
ZFP36L1,chr8_140948723_141001124,166.8452591,+
ZNF638,chr1_160305598_160305687,166.7996272,+
ZC3H8,chr8_141141324_141142299,166.7958298,+
SPEN,chr12_62325933_62349220,166.7815385,+
THUMPD3,chr19_35500580_35505717,166.7569363,+
SAFB,chr8_73738349_73746782,166.6918309,+
CSTF2,chr1_46594280_46604226,166.6882104,-
PPFIA1,chr16_29446922_29454015,166.6807725,+
RBM14,chr16_1772534_1772603,166.6451328,+
SF3A1,chr6_33710851_33711548,166.6350908,+
SAMD4B,chr16_30985297_30985483,166.6091968,-
SAFB,chr19_54115797_54118240,166.5975355,+
SNRPD3,chr19_48838129_48841148,166.59282,+
SRRM1,chr12_113159109_113161269,166.5920996,+
ANKHD1,chr10_80079307_80081840,166.5304487,+
PPP1R9A,chr19_49560692_49576758,166.517055,-
TDRKH,chr8_80003180_80029904,166.5075904,-
RBM17,chr6_26124749_26127697,166.5074601,-
RNPC3,chr7_94629841_94639340,166.4898414,+
PAPSS2,chr1_151262301_151263913,166.481677,+
SRRM2,chr9_136993664_136993769,166.4685744,-
MSI1,chr10_95684624_95686494,166.4579831,+
FUBP3,chr7_44579628_44581448,166.4571835,-
CSDE1,chr9_129338917_129341831,166.4455161,-
RBM12B,chr21_29009692_29019210,166.227089,-
UPF1,chr19_36114412_36114797,166.2169224,-
LSM1,chr12_56116799_56117481,166.171422,-
SAMD4B,chr11_8956298_8964208,166.1420384,-
PAN3,chr8_47294030_47394977,166.0676584,-
MKRN2,chr3_49278451_49280743,165.9875813,+
THUMPD1,chr17_28715901_28717212,165.9838651,+
PAPSS2,chr14_75060261_75061683,165.9586976,+
U2AF2,chr19_5562211_5567664,165.9447356,-
HNRNPD,chr9_32987731_32988082,165.9156964,+
RBM5,chr7_107613432_107613653,165.8911848,-
ZC3H12A,chr6_33294066_33294976,165.8090777,-
CPSF7,chr17_75265964_75266192,165.8018471,+
RBM12,chr4_157805342_157823801,165.7903505,+
ZC3H12A,chr19_43463287_43463598,165.78544,+
HNRNPH2,chr5_77441898_77449759,165.7728111,+
NUFIP1,chr17_3720402_3723287,165.7507355,+
PRPF3,chr17_72431224_72592202,165.7284169,+
RBM14,chr3_99791010_99794226,165.711348,+
RBM47,chr1_28438430_28457831,165.6323686,+
PTBP2,chr12_111889006_111890039,165.6228436,+
ZC3HAV1,chr20_56388202_56392167,165.6220707,+
GTF3A,chr1_161172064_161172226,165.6214833,-
G3BP1,chr17_76726879_76732977,165.6178938,-
PCBP2,chr3_130850928_130930415,165.6115655,+
SF3B4,chr19_36226073_36228747,165.5965734,+
TRMT2A,chr10_15097766_15103304,165.5491406,-
SRRM1,chr4_75724176_75724275,165.4041265,+
RBM28,chr3_113014032_113017447,165.3846882,+
GTF3A,chr13_100449305_100527674,165.342693,+
ZNF638,chr3_75673238_75675763,165.3418475,+
PARN,chr6_31980548_32013391,165.3141802,+
SAMD8,chr2_27892448_27894532,165.1334912,+
PNO1,chr7_74037739_74042613,165.0493784,+
GRSF1,chr4_70836314_70839227,165.0421091,-
SNRNP70,chr4_55364271_55369831,165.0297454,+
KIN,chr5_71062796_71067654,165.0179444,-
TIA1,chr18_31068212_31068298,165.0142298,+
SUPT6H,chr16_3023361_3023846,165.0040833,+
HDLBP,chr2_177216940_177219036,164.9492078,+
PSPC1,chr8_143990199_143991691,164.9450425,+
LSM6,chr21_33616603_33616705,164.9447264,+
ZC3H3,chr16_89651646_89657581,164.9431917,-
RC3H1,chr19_16185765_16190886,164.820981,+
SNRPE,chr1_161340655_161362328,164.7525148,-
DHX8,chr7_107169027_107179878,164.7367621,-
SAMD4B,chr15_89877424_89888520,164.6286906,+
PCBP4,chr5_170808752_170811955,164.6245187,+
NUPL2,chr1_153627598_153631010,164.580442,+
PCBP2,chr3_197149796_197194424,164.4810292,+
LSM5,chr9_32558954_32570959,164.4756161,+
LARP7,chr2_113493994_113495636,164.4214155,-
SNRPB,chr5_272772_276011,164.4132137,-
ZC3H15,chr12_106957149_106967110,164.3747933,+
CIRBP,chr9_16580148_16582982,164.3460642,+
MSI1,chr3_57577387_57583897,164.3344774,+
SLTM,chr4_55609179_55630401,164.3137208,-
LSM5,chr16_80981877_81006733,164.2844291,-
RBM23,chr1_160305598_160305687,164.2760592,-
NOL8,chr4_76136412_76144389,164.250508,+
MKRN1,chr4_82359639_82373445,164.1505828,+
SNRPD3,chr1_52905090_52906518,164.1334712,+
RBM47,chr7_74246763_74249738,164.1322858,-
CCAR1,chr20_36462599_36496704,164.1248988,+
G3BP2,chr6_85640564_85642796,164.1045653,+
LSM1,chr1_84498548_84506010,164.0932853,-
CPSF6,chr7_66076093_66082367,164.0870349,-
SNRPD2,chr1_19374455_19378539,164.0763125,+
RC3H1,chr18_46818447_46820932,164.0562454,+
ZCCHC17,chr12_48655060_48660467,164.0403544,-
RRP7A,chr8_127890998_127989161,164.0358547,+
RBMXL1,chr12_55968948_55971043,164.0220291,+
HNRNPL,chr3_37251484_37281957,164.0143512,+
RBM5,chr2_27661601_27662178,163.9979915,+
SFPQ,chr1_75791571_75794083,163.9412968,-
CPSF6,chr17_72428298_72592202,163.9369534,+
FUBP3,chr8_55743620_55750963,163.9342441,+
HNRNPA0,chr19_49680238_49680486,163.9089676,-
RBM5,chr12_25215560_25225613,163.9003265,+
ZFP36L1,chr10_124498128_124498327,163.884169,+
TRNAU1AP,chr4_55364271_55369831,163.8745978,-
CIRBP,chr13_21140995_21145091,163.8372398,-
HNRNPA3,chr4_76256523_76263703,163.8275742,+
STIM1,chr2_27583142_27598066,163.8253124,+
SCMH1,chr11_72189759_72192165,163.7738998,+
FUBP3,chr1_16595013_16608507,163.7732452,+
PUM1,chr1_151762500_151763326,163.6797987,-
RBM25,chr12_9857637_9869204,163.6306805,-
SNRPN,chr21_34525608_34526662,163.6270759,-
DNAJC17,chr11_68050254_68050740,163.5461235,+
CPSF7,chr19_2997955_3002352,163.4458846,+
EPHB4,chr2_74491666_74492003,163.4426097,+
CIRBP,chr7_124928996_124929793,163.4188701,+
SNRPA,chr16_57620136_57650252,163.3832541,+
PPFIA1,chr6_12290693_12292343,163.3480049,-
HNRNPL,chr1_86704971_86719506,163.3084786,+
CARHSP1,chr17_17247151_17248925,163.2991687,+
RBM24,chr6_125915480_125920942,163.295496,-
ELAVL2,chr3_193251500_193255650,163.2647914,+
RBM15B,chr16_635063_635280,163.2598176,-
SAMD8,chr3_138187599_138188400,163.2445774,+
DKC1,chr6_42884750_42886255,163.229845,+
ZCCHC14,chr1_28369825_28392841,163.2064067,-
MSI1,chr1_179133374_179142932,163.1729426,+
LSM10,chr14_23941158_23954747,163.1124051,+
DLC1,chr2_44390305_44391884,163.037185,-
BFAR,chr2_43889876_43890222,163.0370862,-
TRMT2A,chr8_144518041_144518748,162.9974047,+
RBM42,chr7_73736691_73737561,162.9426041,-
PAN3,chr14_75680767_75681544,162.8934062,+
HNRNPA3,chr19_3456635_3462751,162.8848601,+
EPHA2,chr9_127936655_127937817,162.8798126,+
HNRNPA0,chr7_102195603_102196633,162.8647611,+
SYNCRIP,chr6_85637143_85640220,162.8515475,-
CARHSP1,chr9_129338917_129341831,162.7954737,+
G3BP1,chr2_61868706_61872081,162.7297505,-
NUFIP1,chr2_113454778_113457064,162.6445399,-
PABPC1,chr3_169773462_169774030,162.628573,+
SAMD4A,chr8_144105149_144105639,162.5755878,-
U2AF1L4,chr19_56398048_56398276,162.5217332,+
DDHD2,chr17_31021162_31021909,162.5080081,+
NCBP2,chr3_14946154_14948012,162.4701419,+
KIAA0020,chr7_151409382_151411669,162.3948025,+
CSTF2,chr17_28717291_28718121,162.3175469,+
ACIN1,chr14_24232788_24233218,162.2663424,-
RBM47,chr2_95876509_95880426,162.2638183,+
RNF113A,chr6_78990982_78997413,162.2050803,-
GTF3A,chr2_99327653_99332983,162.1820554,-
PPIL4,chr2_159712606_159729008,162.1579961,+
ZCRB1,chr13_27648453_27650041,162.1272963,+
GTF3A,chr12_9857637_9869204,162.1059708,+
RBM4,chr9_36589652_36597221,162.0766109,+
KRR1,chr12_124913495_124913723,162.0674954,-
SAFB2,chr1_151365846_151366721,162.0665523,+
ZC3H13,chr10_124774782_124789038,161.9931981,+
EIF4B,chr8_54062324_54063327,161.9787008,+
ESRP1,chr22_31945678_31956138,161.9673717,-
HNRNPC,chr8_102829936_102834188,161.961314,-
ZFR,chr8_10765916_10826151,161.9330572,+
RBM25,chr18_12949907_12951854,161.8087035,+
EPHB4,chr22_40364365_40366435,161.7463769,+
RAVER1,chr1_36457981_36461263,161.7394907,-
SNRPC,chr6_30061669_30062223,161.7341748,-
HNRNPL,chr1_156283065_156285183,161.7121829,+
HNRNPL,chr20_50942126_50945846,161.7106512,-
SNRPN,chr3_155704264_155704535,161.6304218,+
DGKH,chr7_94628359_94655989,161.6132499,-
ZRANB2,chr9_128461010_128469182,161.5878661,+
ZC3H13,chr12_32737161_32740063,161.568295,+
PCBP2,chr5_115870128_115902884,161.5436351,-
RBM6,chr13_72778380_72781288,161.5292521,+
PHC1,chr13_72778380_72781288,161.5240189,+
SFPQ,chr2_95912435_95914107,161.5230404,+
ZCCHC17,chr8_73959818_73970578,161.5063694,-
MCTS1,chr3_152445539_152447619,161.5024238,-
SF1,chr1_165631293_165649840,161.4531867,+
RRP7A,chr22_42599793_42602769,161.4425864,+
RBM24,chr1_156293209_156294017,161.3673537,+
RBM39,chr8_95032098_95034007,161.3627133,-
CPSF6,chr9_96641886_96651389,161.3238595,+
LSM4,chr3_4303526_4316211,161.1865568,+
LARP1B,chr17_7241460_7242240,161.1754448,-
RBPMS,chr19_50007826_50016023,161.1626447,+
MCM3AP,chr1_149646785_149647380,161.0726265,+
ARAP2,chr3_193615770_193618868,161.0667718,+
TOE1,chr1_243172846_243186258,160.9840681,+
ZGPAT,chr1_108696337_108697809,160.9816729,+
HELZ,chr7_92536474_92536850,160.9657918,+
HELZ,chr5_139314736_139316075,160.9139445,-
UPF3B,chr12_48142066_48143752,160.8434755,+
RBMS1,chr1_28571900_28574588,160.7950861,-
THUMPD3,chr10_38034400_38054374,160.7518708,+
MSI1,chr5_43307824_43313355,160.7105416,-
RBM39,chr11_111910449_111910633,160.6961242,-
PPP1R9A,chr8_94726441_94734629,160.6876584,+
RBM34,chr7_74065732_74068656,160.6766356,-
HELZ,chr7_76510737_76510902,160.6375963,+
PPFIA1,chr4_76124756_76144389,160.60806,-
SRRM1,chr14_67269783_67279249,160.5985385,+
LARP7,chr2_169799516_169800951,160.5913974,-
MCM3AP,chr5_170788668_170794230,160.5231124,-
ZRANB2,chr1_2397220_2400856,160.4956624,+
SNRNP35,chr11_111910449_111910904,160.4787055,-
ZFP36,chr21_33530884_33532344,160.4543013,+
RBM4,chr5_69560242_69565099,160.4410121,+
ZFP36L2,chr22_19432859_19433264,160.4343076,+
PCBP1,chr14_91465419_91466260,160.4118198,+
CARHSP1,chr19_45409725_45416820,160.3986123,-
THUMPD3,chr6_108223045_108260825,160.3892104,-
HNRNPH2,chr2_201140439_201145377,160.359658,-
ZFR,chr1_212807848_212812247,160.3243697,+
LSM1,chr8_143586852_143597347,160.2684068,+
POLR2G,chr19_13112817_13112908,160.2455402,+
RBM22,chr11_68050254_68050740,160.2119629,+
YBX2,chr4_55418164_55424537,160.185724,-
RALY,chr10_56358687_56358804,160.1854688,-
SEC23IP,chr7_48089418_48090249,160.1559207,+
SFPQ,chr16_30741908_30748157,160.1496932,+
RBM10,chr3_14125205_14128854,160.1488374,-
HNRNPH2,chr1_1308720_1309085,160.124249,+
NONO,chr22_42808890_42817141,160.1225622,-
POLDIP3,chr5_132867035_132867487,160.1089238,+
RBM3,chr16_80997429_80998284,160.0250417,-
RBM5,chr15_52557222_52569115,160.0154684,+
ZFR,chr3_123915289_123931101,159.9177185,+
RBM17,chr2_97164469_97167576,159.9150042,+
CPSF4,chr1_1402256_1405808,159.7804828,+
RBMS3,chr3_47912421_47914816,159.7734356,-
MCM3AP,chr5_170788668_170794230,159.7625548,-
THUMPD2,chr10_97453663_97454713,159.7185353,+
LSM4,chr1_25904738_25905851,159.7047252,-
LSM6,chr9_133348388_133348921,159.6820739,-
STIM1,chr8_144103225_144104024,159.6758917,-
ZFP36,chr1_182602481_182603228,159.6587082,-
TRMT2A,chr1_6233643_6234404,159.6030109,-
ZC3H15,chr8_81681584_81685762,159.581895,+
EPHB4,chr9_33262246_33262701,159.5682394,+
EIF4H,chr1_20780540_20786648,159.4631356,+
FUS,chr11_62856381_62881018,159.4298713,+
MCM3AP,chr10_103174982_103193235,159.4239125,+
CHERP,chr10_32048551_32050309,159.4223336,-
HNRNPH2,chr6_31158722_31158896,159.4129125,+
TRA2A,chr3_158650061_158652095,159.4074979,-
PHC1,chr1_2397220_2400856,159.3825095,-
RNPC3,chr11_65018733_65021720,159.3725768,+
TOE1,chr22_24557800_24571915,159.358796,-
ZC3H14,chr2_65089070_65097970,159.335658,-
KRR1,chr11_35190065_35201081,159.3004703,-
RBM5,chr7_44841012_44847968,159.2917113,+
ASCC1,chr3_4362254_4410864,159.288545,+
ZFR,chr16_28845055_28845911,159.240484,-
RBM27,chr11_119011311_119011938,159.2022154,+
ZFR,chr11_86302478_86303356,159.1995019,-
EIF3B,chr13_113539507_113548302,159.1668505,+
ESRP2,chr16_75636547_75641563,159.1026541,-
UPF3B,chr16_80976179_81006733,159.0834382,-
G3BP1,chr1_161157317_161157616,159.0470881,+
LARP7,chr5_71037546_71038428,159.0364299,+
PAPSS2,chr3_185925626_185937824,159.0143303,-
MKRN1,chr9_127450804_127451280,159.0083081,+
KHDRBS1,chr4_56810184_56820535,159.0047671,+
ZCCHC17,chr19_27771989_27792999,158.9882182,+
UHMK1,chr7_27800090_27827737,158.9402428,-
RALY,chr1_16888785_16889547,158.9023824,+
YTHDF1,chr19_36689497_36694801,158.8706686,-
ELAVL1,chr4_76124756_76144389,158.8655825,-
ZNF638,chr5_70946176_70952438,158.8325699,+
ZC3H7A,chr7_27800090_27827737,158.7941652,-
HNRNPA0,chr16_56609057_56683957,158.7940718,-
HNRNPL,chr3_142005544_142093060,158.7814594,+
EIF2S1,chr3_42619708_42621428,158.7640052,+
HNRNPH2,chr3_87227556_87245713,158.7265841,-
ANKRD17,chr12_52902072_52904657,158.5781402,+
SNRPN,chr16_3065494_3065780,158.5406269,-
ELAVL1,chr15_50726126_50726320,158.5374711,-
G3BP2,chr1_151199081_151224244,158.5115708,-
PPFIBP1,chr2_27691867_27693684,158.4754445,-
CHERP,chr1_155054506_155055931,158.4229711,-
PAN3,chr8_144827609_144837390,158.3790675,-
ZFP36L1,chr4_76124756_76144389,158.3590852,+
SAMD4B,chr8_124523002_124538927,158.3562073,-
PUM1,chr16_1309773_1312346,158.3072554,+
LSM5,chr22_46337944_46346421,158.2287714,+
GTF3A,chr8_132799172_132803818,158.2134968,+
RBM7,chr1_161340655_161362328,158.1839933,-
SNRPN,chr8_142727700_142735325,158.1761344,-
GTF3A,chr19_54103188_54105933,158.0773824,+
DDHD2,chr10_15097766_15102217,158.0524674,+
EIF4B,chr7_128739432_128747552,158.0404171,-
SNRPD3,chr11_67584772_67585037,158.0384732,-
ZC3H4,chr1_86384801_86386914,158.0264737,-
RBM6,chr22_35746561_35759887,158.0091554,-
PABPC4,chr5_139476454_139478269,157.8944183,-
LSM2,chr13_48976177_49006151,157.8462083,+
RBM22,chr8_11802910_11808793,157.8455375,-
ZNF638,chr18_23466276_23473428,157.8414418,-
MBNL1,chr3_150545778_150546051,157.7890661,+
PARP14,chr17_73209768_73232085,157.7525623,-
RBM5,chr2_169799516_169800951,157.7318298,-
FUS,chr8_141141324_141144147,157.6998994,+
CCAR1,chr9_129128068_129128984,157.6936217,-
SNRPG,chr1_39480009_39484600,157.6896004,+
RRP7A,chr6_159685033_159692660,157.6410966,+
RNPS1,chr19_41956934_41958285,157.6400338,-
RALY,chr7_103326684_103327331,157.6141148,-
KIF24,chr10_56358687_56358804,157.5781661,-
SYNCRIP,chr12_45975734_45990352,157.5725758,+
TOE1,chr5_170808752_170811955,157.5588126,+
PABPC1,chr8_17980755_17985446,157.556534,+
SNRNP70,chr4_55364271_55369831,157.5501922,+
KHDRBS1,chr19_48939701_48944823,157.5227143,+
NUPL2,chr9_75069102_75069894,157.4944369,+
CHERP,chr16_75451839_75464231,157.4699575,-
RNPS1,chr17_17254945_17261965,157.3875352,-
SNRPA,chr1_156293209_156294017,157.3008263,-
CHERP,chr8_63169411_63186146,157.2347621,-
ACIN1,chr14_23069617_23071426,157.2225312,+
THUMPD3,chr3_139350322_139351030,157.2184933,-
ZC3HAV1L,chr11_66284966_66285700,157.1983928,-
TLR2,chr18_226901_244301,157.1953078,-
MKRN2,chr12_25209911_25215436,157.1932627,+
RRP7A,chr17_75267630_75268082,157.1400377,+
LARP4,chr19_52781055_52781316,157.1248976,+
UNK,chr1_161159678_161160619,157.0821935,+
SART3,chr4_82898062_82899712,157.0551543,-
SCMH1,chr3_141738516_141745158,157.03156,-
SRRM2,chr8_51899846_51913056,156.9957486,-
DUS3L,chr6_43054486_43055896,156.9936734,+
SNRPN,chr8_100948732_100951928,156.9899265,-
SNRPN,chr22_15787282_15788584,156.9885566,+
MCM3AP,chr15_22839174_22839654,156.970607,+
MKRN2,chr3_28294529_28316332,156.9595719,-
PABPC4,chr10_87170974_87180074,156.9531657,+
MEX3C,chr17_59891041_59892696,156.9319898,+
LARP4B,chr16_89686797_89690552,156.9160468,+
LSM1,chr11_62853833_62854518,156.885549,+
HNRNPK,chr1_19617336_19622099,156.8689007,-
SSB,chr10_72216072_72220053,156.8635742,-
PPFIA1,chr4_51843267_51848204,156.8365427,-
NAA38,chr14_22833489_22834171,156.7796649,-
PCBP2,chr3_197149796_197194424,156.739613,+
SGMS1,chr9_92323351_92323440,156.7070149,+
MCTS1,chr8_127890998_127989161,156.6989082,+
TRMT1,chr5_39383271_39388798,156.6845399,+
THUMPD1,chr19_42297365_42300008,156.654763,-
PAPSS2,chr18_226901_244301,156.6065994,+
SAFB2,chr20_31550121_31559610,156.5988471,-
SAFB2,chr2_97204096_97207933,156.5948829,-
ARAP1,chr7_66086662_66087333,156.5880928,-
G3BP1,chr10_35196142_35206894,156.5526139,+
PABPC4,chr8_58434504_58445906,156.5321801,+
APTX,chr1_171728082_171728523,156.4662058,+
RPS3,chr9_87726253_87727593,156.4582242,+
PPIL4,chr5_180467364_180483114,156.4149887,+
MATR3,chr3_48694824_48695089,156.4149486,+
THUMPD2,chr7_73736691_73737561,156.4005074,-
PABPC3,chr10_73911612_73912214,156.3421067,-
PPRC1,chr1_155060832_155061903,156.3223142,+
PPIL4,chr19_43656640_43665315,156.3166658,+
RBM3,chr1_42816605_42817189,156.2022541,+
PNO1,chr21_46649739_46664294,156.1982578,+
PUM2,chr18_62161385_62186843,156.1767636,+
ZFR,chr2_205766803_205792234,156.147129,+
YTHDF1,chr5_39390575_39392203,156.1359311,+
RBM34,chr2_130426263_130427703,156.1313775,+
PNPT1,chr9_133054809_133054943,156.1171208,-
EIF3G,chr12_122209858_122216487,156.0836012,+
PPFIA1,chr8_53841725_53842870,156.0333935,+
ASCC1,chr1_154266568_154268759,156.0325002,-
CSTF2,chr5_136132962_136153591,156.0195417,+
RBM3,chr5_163457610_163459691,156.0172022,-
DHX57,chr2_134919891_134946100,156.0108529,-
GTF3A,chr12_9857637_9869204,155.9918298,+
SF3B4,chr5_134738792_134743986,155.990849,-
TMEM63A,chr6_31536683_31540321,155.9615553,-
DDHD2,chr1_155324809_155325101,155.948842,+
ZNF638,chr1_86384801_86386914,155.8948635,+
PPIE,chr12_52070044_52070353,155.8772406,+
CPSF7,chr9_65731867_65733509,155.8706821,+
LEMD3,chr17_76720498_76721262,155.8578257,-
GRSF1,chr22_19178240_19178579,155.8462199,+
NAA38,chr19_39480961_39482884,155.8200543,+
PPFIBP2,chr17_81108509_81108967,155.8066793,+
EIF4B,chr1_20780540_20786513,155.7674378,+
RBM34,chr7_5741815_5752845,155.6901189,+
DLC1,chr1_179131481_179142932,155.6297897,+
RBM12,chr9_112276013_112297840,155.6124722,+
NAA38,chr3_15052633_15059368,155.6081591,-
BICC1,chr15_29701689_29704161,155.6041324,-
RBPMS,chr22_50784072_50785172,155.5942634,-
SNRPB2,chr14_101912473_101917830,155.5940166,+
RBMX2,chr4_81456788_81459331,155.5879413,+
RBM26,chr19_11123344_11129512,155.5574214,+
UPF1,chr5_127056506_127058881,155.5417274,+
YTHDF3,chr8_63168814_63169386,155.5096659,-
RRP7A,chr17_28717291_28718121,155.469819,+
PPP1R10,chr19_18436479_18437859,155.4433823,+
CPSF6,chr19_35507511_35509910,155.4232391,+
EIF4B,chr11_406538_407061,155.3835132,+
POLR2G,chr12_96295122_96297269,155.3625853,+
SAMD4A,chr22_46337944_46346421,155.3601127,+
DHX57,chr3_51970184_51973964,155.3318015,-
MCTS1,chr8_61633727_61637959,155.3274297,-
THUMPD2,chr6_4999904_5002100,155.2958591,-
HELZ,chr2_190683827_190685478,155.2894239,+
SLBP,chr8_103421082_103430611,155.2837381,-
NUPL2,chr19_39480961_39482884,155.27587,-
LSM4,chr17_51161272_51161727,155.2139388,+
ACO1,chr21_46636547_46636895,155.1938531,+
PPFIBP1,chr19_8980957_8985550,155.1877809,+
PPFIBP2,chr8_54000050_54002891,155.1795843,-
DGKH,chr12_46254936_46268864,155.068783,+
ZC3HAV1L,chr8_55773719_55785718,155.0640264,+
HNRNPA3,chr8_55773719_55785718,155.0402024,-
TRA2B,chr8_47396626_47440322,154.9937619,+
LARP7,chr11_93754037_93757315,154.9687805,+
TROVE2,chr11_66055315_66055537,154.9613962,+
RBM10,chr4_15681968_15686235,154.9590773,-
RBM39,chr22_43159336_43161051,154.8512848,-
RBM5,chr12_124913495_124913723,154.8332354,-
ZC3H15,chr6_85558060_85572136,154.8278215,+
DGKH,chr9_14088326_14112998,154.8180543,-
CNKSR3,chr5_139562407_139600371,154.8158518,+
BFAR,chr1_29216685_29220837,154.8149718,+
NCL,chr13_46045513_46052697,154.811379,+
SAFB,chr1_42457567_42459602,154.7966138,-
THUMPD1,chr16_54925213_54928493,154.6940214,-
RBM22,chr2_38343512_38378021,154.6929475,-
LARP7,chr6_96896847_96897658,154.6881425,-
SNRPD3,chr3_47869327_47870857,154.6812306,+
NAA38,chr4_673401_674211,154.6295204,-
MKRN3,chr6_31798507_31806754,154.6067655,+
TRNAU1AP,chr12_49129722_49188976,154.5305964,-
CPSF6,chr1_235380149_235414432,154.5184227,+
TRA2B,chr17_81108509_81108967,154.4807673,+
RNF113A,chr7_64522500_64562924,154.4780227,+
MCM3AP,chr2_85603081_85619219,154.4452359,+
SLBP,chr17_59112345_59155130,154.389998,+
MBNL2,chr3_9813345_9816073,154.3749814,+
SETD1B,chr12_871348_878211,154.3376265,+
SLTM,chr5_78421960_78459244,154.3375095,+
ZCCHC17,chr1_153619038_153625303,154.3162762,-
DHX57,chr3_4303526_4316211,154.3118145,+
RBMS1,chr10_110130486_110133325,154.3047642,+
THUMPD2,chr10_35196099_35206894,154.2464632,-
DHX57,chr1_94530596_94533089,154.2310014,+
SRRM1,chr8_23566336_23568321,154.2218373,+
POLR2G,chr6_5002245_5003585,154.2195299,-
ZFP36L2,chr6_53294491_53295641,154.1903226,-
PUM2,chr1_44750564_44753732,154.1884219,+
PPFIA1,chr1_40074183_40078559,154.1572998,-
LARP7,chr14_58209107_58215204,154.1446471,-
MSI1,chr21_39345274_39348291,154.0872715,+
RC3H1,chr14_90317820_90318004,154.0821594,+
HNRNPL,chr16_766490_766697,154.0555795,-
LSM1,chr1_148937864_148960653,154.0076033,+
YTHDF3,chr7_151036649_151040267,153.9936342,+
TROVE2,chr14_73888364_73892026,153.9790432,+
RBM4,chr9_83665145_83669184,153.9771815,+
TNKS2,chr1_153990802_153990913,153.8814912,-
NIP7,chr19_43655573_43656478,153.8588035,+
BICC1,chr7_99392876_99394028,153.8320904,+
MKRN2,chr4_82845293_82848803,153.7607288,-
DKC1,chr3_50288937_50289711,153.7581834,+
LSM10,chr8_123226418_123226499,153.6675334,-
RBMS3,chr5_57176400_57230845,153.5723137,+
MKRN1,chr16_4466402_4469503,153.5664031,-
CIRBP,chr20_45814470_45815853,153.5646203,-
ZCCHC17,chr1_42746852_42747252,153.553882,+
CIRBP,chr16_46663162_46671704,153.5247455,-
RBM7,chr4_102826636_102827591,153.5179864,+
CPSF7,chr1_241867055_241872034,153.5030888,-
SFMBT1,chr2_95912435_95917854,153.485288,-
RNPS1,chr17_17254945_17261965,153.446359,-
SNRPG,chr7_123546817_123550469,153.4377421,+
U2AF1L4,chr15_28299516_28321361,153.4117308,+
MBNL1,chr11_57762119_57794009,153.4086141,+
RBM18,chr3_9677387_9683177,153.3801309,-
MKRN2,chr9_92108069_92108739,153.3786627,+
ZC3H15,chr17_82449292_82449430,153.3564707,+
SUPT6H,chr19_14410334_14410547,153.3446553,-
FXR1,chr19_35745212_35745347,153.3359199,+
SRBD1,chr1_228108474_228108954,153.3282679,-
TIAL1,chr3_48715527_48717156,153.32252,+
ZC3H4,chr14_49626048_49633286,153.317212,+
SASH1,chr2_27428731_27433253,153.3029323,-
RBM6,chr21_43755476_43755697,153.2729018,+
ANKS1A,chr19_48838129_48839204,153.270642,+
PPFIBP2,chr4_103057971_103066326,153.2299142,+
ZFP36L1,chr19_35500580_35505717,153.2074328,-
ZCCHC14,chr3_9918075_9918499,153.1904012,+
THUMPD1,chr2_202214434_202220031,153.1702107,+
SPEN,chr8_144103225_144104024,153.1529257,+
SRRM2,chr13_37001801_37002272,153.1297601,-
ZC3H12A,chr2_218661520_218661758,153.1057361,+
RRP7A,chr14_104756760_104759218,153.1001628,-
ACIN1,chr19_36551977_36554669,153.0983539,+
RBM39,chr11_119019317_119021759,153.0914722,-
PPP1R10,chr10_114173265_114174014,153.0482286,+
MBNL2,chr14_58346505_58347646,153.0353,+
PAN3,chr1_173864704_173865228,153.0179893,+
IREB2,chr3_15240853_15242177,153.0112125,+
HNRNPA3,chr20_45253151_45253574,153.0003232,+
CARHSP1,chr4_41261800_41263224,152.9985891,-
HNRNPR,chr5_171392978_171405301,152.9808279,-
PNO1,chr6_30688942_30690841,152.9558737,+
PAPSS2,chr4_103096274_103098643,152.9341808,-
CPSF7,chr12_11121180_11171421,152.9271494,+
BFAR,chr11_94497964_94498070,152.924595,+
SNRPG,chr12_56673065_56687249,152.9165244,+
PNPT1,chr12_50441643_50454313,152.8934166,-
SAFB2,chr22_41584058_41584526,152.8896639,+
PPFIA1,chr8_80003120_80030035,152.8802763,-
PUF60,chr9_33026990_33029884,152.8569793,+
ACIN1,chr6_28272339_28272669,152.8518335,+
SEC23IP,chr8_56216531_56217330,152.8422986,+
RBM14,chr13_95560463_95577230,152.8118453,+
SNRPF,chr2_60541925_60545970,152.8058742,+
THUMPD3,chr18_9195698_9204475,152.8021446,-
PPP1R9A,chr2_101860986_101864929,152.7962681,+
PHC3,chr14_102233789_102250811,152.7753636,+
SNRPE,chr14_58215284_58223621,152.7747176,+
EIF4B,chr5_127056506_127058881,152.738255,+
DDHD2,chr6_13321095_13326786,152.7063855,-
ZRANB2,chr3_141738516_141742643,152.6879163,-
U2AF1,chr8_80003180_80028694,152.6813607,+
TIPARP,chr6_33701420_33710694,152.6576734,+
RRP7A,chr8_70713576_70733795,152.6523247,+
IREB2,chr1_28027926_28035543,152.647532,+
EPHB4,chr1_23030634_23044426,152.6309373,+
HNRNPD,chr6_78990982_78997413,152.6212839,+
MKRN2,chr2_169805577_169805664,152.6175374,+
RBMS2,chr10_80172869_80205342,152.5994905,+
TEP1,chr7_66775393_66795510,152.5249411,-
INPPL1,chr11_126256852_126261427,152.5194963,+
UHMK1,chr8_53801896_53814661,152.497869,+
SRRM2,chr17_76726879_76729689,152.4865827,+
HNRNPM,chr8_128070361_128096517,152.4793459,+
LARP7,chr1_156130773_156134402,152.4696873,+
MCM3AP,chr1_70205780_70221611,152.371485,+
SNRPE,chr1_86354859_86358786,152.3228509,+
YTHDF1,chr1_1399685_1400157,152.3193807,+
UPF1,chr17_82621799_82643948,152.3048484,-
ZC3H4,chr19_48619689_48620401,152.2160739,+
RBM15B,chr15_69421752_69422325,152.2109871,+
ZC3H12C,chr2_61017851_61018350,152.0233529,-
PNO1,chr12_124782811_124786440,151.9858064,-
ANKS3,chr16_2020312_2020534,151.91516,+
THUMPD2,chr1_161001353_161038879,151.8945303,-
KHDRBS1,chr6_89080973_89083752,151.8731952,+
SRRT,chr8_144518041_144518748,151.854837,+
MCTS1,chr5_71065222_71067493,151.8364737,+
ZC3H13,chr17_58692685_58694930,151.8151241,+
LSM7,chr22_37678654_37679602,151.7517398,+
RBM6,chr17_3663885_3664678,151.7265841,+
QKI,chr2_169812506_169819560,151.7247854,+
ZC3H15,chr3_9344548_9390289,151.6904605,-
LSM2,chr12_124912890_124913118,151.6004999,+
RBM3,chr8_144465096_144465409,151.5808725,+
LSM7,chr15_50482065_50484274,151.5711255,+
NAA38,chr3_14946154_14947113,151.4237117,+
SRRM2,chr16_3023361_3023846,151.4047009,-
SRBD1,chr10_101782597_101783272,151.3980718,-
ASCC1,chr3_48694240_48694693,151.3468212,+
ZC3H11A,chr6_10726008_10730614,151.3431319,-
PNPT1,chr13_106557131_106557558,151.325409,+
PAN3,chr20_49231115_49233305,151.2503369,+
RBM15B,chr2_27583142_27583657,151.2427276,+
NUPL2,chr1_31261176_31261528,151.2343779,-
DNAJC17,chr4_76251820_76263703,151.2164102,+
RBM28,chr11_64245287_64245669,151.2159851,-
CPSF6,chr11_66003373_66003625,151.2124125,+
MATR3,chr14_103335932_103336676,151.1384568,+
CHERP,chr1_155060832_155061903,151.0811324,-
ZC3H7A,chr3_138188530_138221925,151.0777513,+
HNRNPH3,chr16_28845480_28845911,150.9768965,+
MBNL1,chr7_45101614_45101852,150.9754468,+
KIN,chr17_81108509_81115769,150.9336018,+
PHC3,chr16_58624794_58629727,150.9332309,+
LSM10,chr22_19471808_19479082,150.9321513,-
RBM22,chr20_13788652_13793159,150.8973698,+
RBM25,chr16_18784823_18788062,150.8850642,+
PCBP2,chr6_116571655_116572857,150.8757503,+
LSM7,chr6_159748369_159753459,150.855815,+
RBM47,chr8_61619019_61637946,150.8413531,-
PABPN1,chr16_88658720_88660519,150.8122819,-
LARP4,chr18_662320_670691,150.7744492,+
LARP7,chr17_64500773_64502009,150.7340524,+
ANKS6,chr17_44321558_44322418,150.7175238,-
PUM2,chr8_144358900_144359183,150.7052354,+
TRMT2A,chr19_48151336_48153871,150.6831203,-
ZC3H4,chr1_243304777_243305011,150.6659214,+
KIAA0020,chr5_71065222_71067493,150.6369822,+
SASH1,chr2_97206135_97211545,150.6261887,+
BFAR,chr20_35632025_35632310,150.5959256,+
DGKH,chr1_27897121_27906927,150.5384452,-
UPF3B,chr12_52244611_52245489,150.5024192,-
MBNL2,chr10_31461237_31466426,150.4871426,-
ZC3H14,chr3_53852997_53856843,150.4865173,+
HNRNPL,chr22_29748571_29766871,150.4857316,+
MATR3,chr19_42512479_42521266,150.4652267,-
LSM1,chr15_43800784_43801517,150.4581831,-
CNOT4,chr12_123973303_123973885,150.4193975,+
SRRM2,chr12_104019676_104049894,150.4009373,-
LSM10,chr13_113636700_113640119,150.3712744,+
TRMT1,chr5_134206131_134225208,150.2998838,+
LARP4B,chr7_106091939_106092948,150.2963588,+
UNK,chr12_21456095_21456864,150.2476465,+
RBM47,chr5_163513669_163516517,150.2442861,-
LSM7,chr21_33410892_33414887,150.1849049,-
SCML2,chr9_136992704_136993052,150.1747846,+
EIF3B,chr11_68050254_68050740,150.1610745,+
TRA2B,chr15_49631058_49632158,150.150447,-
MEX3C,chr4_51843267_51848204,150.1149305,-
LSM4,chr16_18789118_18789896,150.103069,-
SETD1B,chr15_90966653_90969523,150.0958558,-
DGKD,chr8_80003120_80030035,150.0939656,+
G3BP2,chr5_180468269_180483114,150.0825266,+
RBM25,chr7_64815044_64831450,150.0598309,+
PAPSS2,chr22_42808890_42817141,150.0563076,+
HNRNPM,chr14_103335932_103336676,150.0323987,+
CSDE1,chr13_75526639_75530113,150.0296074,+
FMR1,chr15_60390317_60397942,149.9999764,-
ELAVL1,chr19_35158400_35164155,149.961311,-
EEF1G,chr2_97206135_97211545,149.9383781,-
RBM45,chr12_101617243_101629433,149.928932,+
PUM2,chr9_111597432_111599338,149.913789,-
EIF4B,chr11_62856381_62881018,149.9085564,+
LSM1,chr2_32866812_32866889,149.8806002,+
FXR1,chr22_38474623_38481211,149.8486492,-
LSM5,chr20_45814470_45815853,149.821814,-
CCAR1,chr8_54051188_54055059,149.7958768,-
PCBP2,chr11_111910449_111910633,149.7919638,+
RBMS2,chr19_35546808_35546944,149.7893304,+
QKI,chr9_92240691_92240855,149.7788009,+
SAMD4A,chr7_72831798_72836576,149.7754668,-
CSTF2T,chr1_85267949_85270617,149.7374213,+
ANKS1A,chr19_18560550_18562035,149.7036534,+
PSPC1,chr20_35658982_35664759,149.5893484,-
SF3B4,chr2_131682988_131684708,149.586522,+
RNPS1,chr19_35497681_35498715,149.581677,+
DNAJC17,chr14_58274135_58291634,149.5162614,-
RBM33,chr2_128091382_128097428,149.5059509,+
MATR3,chr15_67519102_67521518,149.4913431,+
PPRC1,chr10_30434748_30438915,149.4789568,+
PPRC1,chr14_64449622_64454722,149.4686005,-
TNRC6A,chr4_105424322_105446382,149.4609174,+
PPFIA1,chr14_23561635_23562287,149.3871977,-
ANKRD17,chr14_58285756_58291634,149.3650742,+
SEC23IP,chr3_9464672_9468518,149.3311231,+
HNRNPA0,chr7_48089418_48090249,149.3119412,-
NAA38,chr3_15052633_15059368,149.3076474,-
PUM2,chr8_102652397_102653469,149.2703835,-
RRP7A,chr7_97869813_97871718,149.2411705,-
U2AF1L4,chr18_21659343_21663677,149.2214705,+
CIRBP,chr12_31116469_31118962,149.2058029,+
RBM3,chr13_37024442_37026203,149.1841934,+
UNK,chr1_224371423_224379068,149.1003315,-
ACIN1,chr7_140351969_140352061,149.071955,-
UHMK1,chr8_53801896_53814661,149.0548125,+
SLBP,chr6_26459828_26462796,149.0526628,+
TIA1,chr2_73732285_73732583,149.0508334,+
SEC23IP,chr3_9433950_9434276,149.0066248,+
PCBP1,chr7_87181341_87182055,148.9921,+
LSM3,chr19_10133701_10135735,148.9770633,-
TRMT1,chr17_58999459_59012327,148.9680941,+
ZC3H11A,chr8_74823467_74825256,148.9136677,+
NCL,chr6_34757954_34762594,148.9116634,+
RALY,chr16_1963256_1964448,148.8273394,-
HNRNPH3,chr14_64926080_64943298,148.8148905,+
PABPC4,chr10_87170974_87180074,148.785488,+
PNO1,chr19_43649143_43656478,148.741684,-
PPIE,chr7_72950196_72952151,148.7388575,+
UPF1,chr1_114397860_114399456,148.7333714,+
TOE1,chr1_241867055_241872034,148.7255153,+
RBM12,chr7_38179145_38207446,148.7084474,+
NCL,chr2_231463316_231464335,148.6600979,+
PUM1,chr2_97206135_97211545,148.6492636,+
HNRNPH2,chr22_24220584_24224995,148.6393444,+
GTF3A,chr1_155850884_155853275,148.6246024,+
PABPN1,chr6_43013389_43013785,148.5875414,+
SYNCRIP,chr20_35735081_35738967,148.5863144,-
RBMX,chr1_44750564_44753732,148.5699671,-
CSTF2,chr17_28716058_28717212,148.5478169,-
NSUN6,chr4_77894250_77906945,148.5373758,-
RBM22,chr3_168036994_168041391,148.4557493,+
KHSRP,chr6_30296237_30326353,148.4375037,+
SNRPD3,chr3_48295235_48296726,148.3907446,+
RBM6,chr3_9433950_9434276,148.3571256,-
RBMS2,chr12_121652808_121659190,148.3491517,+
ELAVL1,chr1_70228555_70231858,148.3275446,-
SNRPB2,chr1_156787174_156794664,148.2973508,+
RRP7A,chr2_99147122_99147401,148.2871842,+
RPS3,chr13_45340785_45341041,148.275374,+
EPHB4,chr14_93210708_93214928,148.2632048,-
HNRNPA1L2,chr4_103065768_103066326,148.2460919,-
SFPQ,chr10_7788263_7796120,148.1812237,+
ZC3H11A,chr12_56645353_56645836,148.1575542,+
RBM34,chr1_44753833_44755928,148.1516257,+
DGKH,chr3_159765138_159866162,148.1415932,+
PPFIBP2,chr6_134170435_134171022,148.1402264,-
BICC1,chr3_20171232_20176600,148.1310783,-
ZGPAT,chr4_15971082_15979880,148.1135771,+
SFPQ,chr7_66993417_66994219,148.1053036,-
ZFP36,chr1_86376418_86382930,148.0210848,+
TIA1,chr13_30461533_30462537,147.9944029,+
ZC3H18,chr1_40074183_40078559,147.9852035,-
PPIE,chr17_28715901_28717212,147.9160113,-
SEC23IP,chr6_30741333_30742146,147.8926836,-
SNRPD3,chr5_140695845_140696520,147.8871255,+
MCTS1,chr8_124495542_124504274,147.8754146,+
FUBP1,chr2_58046821_58048826,147.8334238,+
CIRBP,chr1_155308965_155312254,147.8302871,-
G3BP1,chr8_66712833_66714800,147.7746236,+
SNRPD3,chr5_39390575_39392203,147.6858128,+
QKI,chr5_134174022_134174461,147.6813257,-
ZNF638,chr6_31651776_31652399,147.6367405,+
SGMS1,chr11_8956298_8964208,147.5958517,+
SRRM2,chr4_103065768_103066326,147.5790891,+
MCTS1,chr3_187121328_187139212,147.5790788,-
ARAP1,chr10_49942300_49952125,147.5737276,+
U2AF1,chr16_74296988_74300114,147.5686543,+
BICC1,chr12_69362907_69370705,147.5464171,+
UNK,chr12_124913111_124913339,147.5332579,+
RBMX,chr1_44753833_44755928,147.5086757,-
EIF3G,chr7_22813185_22817999,147.5031531,+
PABPC1L,chr1_220069432_220073966,147.487463,-
RNF113A,chr6_42881082_42883450,147.4787095,+
TRA2A,chr3_159765138_159866162,147.4782559,+
UPF1,chr4_15668040_15681352,147.4480927,+
PPFIA3,chr2_27445449_27445744,147.4410658,+
UHMK1,chr6_37377033_37390741,147.4399424,+
PABPC4,chr4_76130749_76132522,147.3908294,-
TNKS2,chr6_311962_345853,147.3469951,+
PPIL4,chr10_72216072_72220053,147.3464989,-
CPSF6,chr17_51161272_51166826,147.2541279,-
RBM8A,chr3_51970184_51973964,147.2405997,+
ACIN1,chr19_844034_846146,147.2401125,-
PPFIA1,chr4_15971082_15980421,147.1546891,+
GTF3A,chr8_55743620_55750963,147.12424,-
PRPF3,chr8_51899846_51911419,147.0935391,+
MCM3AP,chr3_130894337_130894707,147.0461896,+
SCMH1,chr20_35729362_35729461,147.0391141,-
KHDRBS3,chr20_20026919_20032507,147.0199842,+
ZFP36L1,chr7_141006535_141014910,147.0198416,-
PAN3,chr7_43665722_43729428,146.9957259,+
ZRANB2,chr6_27126462_27132524,146.9879593,+
MSI1,chr1_44753833_44755928,146.9252525,-
TRNAU1AP,chr12_51010766_51026309,146.9233643,+
ZC3H12C,chr11_112229486_112230207,146.8967279,-
PUM1,chr19_2997955_3002352,146.8854762,+
RBM47,chr13_31141259_31145562,146.8844466,+
RPS3,chr5_170788668_170794230,146.8740459,-
SAMD8,chr19_19202398_19202790,146.8559585,+
HDLBP,chr3_15585342_15589539,146.8393307,+
SF1,chr3_143053794_143056311,146.815477,+
MKRN1,chr3_158649157_158650004,146.8066744,+
TROVE2,chr13_106557131_106557558,146.797052,+
G3BP1,chr10_7799194_7799771,146.7968953,+
HNRNPL,chr3_52075985_52122378,146.7827556,+
CSDE1,chr12_55716717_55716932,146.7695825,+
ZFP36L1,chr8_54051146_54052654,146.7671991,-
MKRN2,chr5_57176400_57230845,146.7583782,-
CCAR1,chr14_102232671_102233687,146.681001,+
EPHB4,chr6_97269992_97270106,146.6217067,+
MSI1,chr9_21971208_21995300,146.6056662,-
RC3H2,chr13_51751415_51752862,146.5655897,+
ANKRD17,chr3_52198848_52199209,146.5327339,+
NUPL2,chr8_125083258_125091614,146.5021439,+
SNRPC,chr19_52300484_52373110,146.489496,-
NAA38,chr17_51161272_51166826,146.4808382,-
IGF2BP2,chr19_14396473_14397657,146.4247446,-
IGF2BP2,chr14_39319291_39320927,146.4207632,+
LSM3,chr3_193615770_193618868,146.4115037,+
PTBP2,chr12_56314966_56315820,146.3920399,+
THUMPD3,chr3_141738516_141742643,146.3865864,-
RBM15B,chr2_65089070_65097970,146.3821893,-
YTHDF3,chr12_51049185_51052091,146.3144311,+
RBMX,chr12_113159109_113161269,146.2882305,+
LARP1,chr8_61619019_61637946,146.2670469,-
U2AF2,chr7_75364756_75365254,146.2409438,+
PHC1,chr3_105550259_105552467,146.1805986,-
ANKRD17,chr3_38139028_38140387,146.1639404,-
EPHB3,chr15_22839790_22851638,146.1519211,-
NAA38,chr8_144095228_144095832,146.1490168,+
G3BP1,chr5_151772032_151786571,146.1475141,-
THUMPD1,chr7_128754455_128754528,146.1089622,-
SAMD4A,chr3_15052633_15059368,146.0910243,+
ZGPAT,chr1_154963931_154965638,146.081594,+
SCMH1,chr1_94530596_94533089,146.0294498,+
KRR1,chr17_7586838_7587160,146.0146791,+
NOL8,chr3_14122086_14124654,145.9973695,-
TRA2A,chr1_151027327_151033805,145.9729518,+
DGKH,chr18_21659343_21663677,145.963569,-
MKRN2,chr6_10749268_10749621,145.9477086,+
TIA1,chr13_31141259_31145562,145.9130529,+
UHMK1,chr8_93795221_93795408,145.9086579,+
NCBP2,chr19_53375896_53380721,145.9052747,+
RBM28,chr7_22976305_22977340,145.8419317,+
RC3H1,chr9_128461067_128469182,145.7945253,+
PTBP2,chr7_139036371_139036652,145.7763599,+
FUBP1,chr16_763276_763644,145.7669262,-
RBM47,chr2_102764427_102775129,145.7430568,-
PUM2,chr1_111441604_111442024,145.7269156,-
HDLBP,chr20_36545068_36549076,145.6944626,+
RBM15B,chr6_85558060_85572136,145.6849611,-
RBM18,chr1_46594280_46604226,145.6781234,-
RC3H1,chr19_18900449_18904770,145.6661506,-
SUPT6H,chr14_73136579_73147794,145.6651283,+
PRR3,chr17_38809765_38810275,145.6104511,+
GTF3A,chr15_90088747_90090478,145.5902773,+
TARDBP,chr19_1615520_1615685,145.560028,+
TNKS2,chr17_7586078_7586655,145.5407988,+
HNRNPM,chr5_179616218_179617020,145.5079897,-
PAN3,chr7_99415266_99416137,145.5061251,-
LARP4B,chr10_119104197_119107947,145.4659931,+
MBNL2,chr6_31651776_31652399,145.4559789,+
BICC1,chr2_227340380_227352513,145.4459577,+
PPFIBP1,chr9_90613863_90642751,145.4257805,+
RBM12B,chr3_38125881_38126509,145.4116779,-
CNOT4,chr8_73688813_73746782,145.3896051,+
ZCCHC14,chr12_6672532_6673215,145.3650238,+
SNRPA,chr8_124539287_124543119,145.3642681,-
TOE1,chr12_49566841_49567646,145.3542316,-
SPEN,chr19_49101471_49102113,145.3103236,+
STARD13,chr22_19471808_19479082,145.3085059,-
ANKHD1,chr6_105323111_105323664,145.2983371,+
HNRNPA3,chr11_65893296_65896808,145.2856142,+
TIA1,chr7_6042990_6044561,145.2856048,+
ZC3H13,chr12_32737161_32740063,145.2839762,+
TROVE2,chr6_96896847_96897658,145.2838517,-
SF3B4,chr13_30461688_30462537,145.2831486,+
PAPSS1,chr17_49413291_49414241,145.268014,-
PRPF3,chr4_82861708_82863317,145.2585654,-
TRNAU1AP,chr6_2959342_2971247,145.2350424,-
G3BP1,chr19_1104127_1105129,145.2309964,-
SRRM2,chr7_107901817_107903477,145.2246723,-
TRMT2A,chr1_161202480_161206406,145.2190181,-
DKC1,chr5_39383271_39388798,145.2164025,-
MATR3,chr5_139314736_139316075,145.1376114,-
IGF2BP2,chr7_106277179_106284347,145.1255136,+
MCTS1,chr12_56673065_56687249,145.078814,-
ZFP36L1,chr1_150714121_150714614,145.0531428,+
PRPF3,chr2_95876512_95880426,145.0437415,+
RNF113A,chr9_32558954_32572880,145.013343,-
RNPS1,chr20_56388202_56392167,145.0122878,+
KRR1,chr4_673966_674211,145.0081078,+
ZC3HAV1,chr3_197069260_197076585,144.9947432,+
MKRN1,chr12_9857637_9869204,144.9130022,-
EWSR1,chr3_37121691_37129062,144.8896269,+
ZC3H4,chr6_689212_693018,144.8877139,+
HTATSF1,chr19_19202398_19202790,144.8740573,+
PABPC4L,chr6_85558060_85572136,144.8488382,-
POLR2G,chr17_75702571_75703807,144.8453667,-
YTHDF1,chr22_35781746_35809779,144.836947,+
CPSF6,chr6_4996420_4999808,144.800167,-
LSM4,chr3_140967036_140970926,144.7970105,+
EIF2S1,chr2_102387000_102390058,144.7934448,+
POLR2G,chr4_157805342_157823801,144.7869264,+
BICC1,chr9_65693473_65698514,144.7836034,+
SYNCRIP,chr5_170808752_170811955,144.7608249,-
FUBP1,chr3_15795306_15797048,144.7275906,-
HNRNPA2B1,chr7_155302846_155303824,144.7183027,+
ZMAT5,chr2_112652947_112657121,144.7084686,+
DKC1,chr9_175784_177722,144.6933297,+
STIM2,chr6_36678939_36684096,144.6819742,-
TRA2A,chr2_55303152_55308808,144.6746281,+
KHSRP,chr7_72831798_72836576,144.6698353,-
PABPC3,chr14_73058705_73064971,144.6591154,-
FXR1,chr16_56609057_56609307,144.6580935,-
HNRNPL,chr18_35290391_35305975,144.637629,+
NUPL2,chr17_81684891_81685604,144.6314175,+
TIPARP,chr7_66076093_66082367,144.6161636,-
POLR2G,chr2_130182775_130202324,144.6128207,-
RBM34,chr20_62303045_62303567,144.5875886,+
TNKS2,chr10_98429642_98430570,144.5633346,+
RBM4,chr4_56810184_56820535,144.559796,+
CCAR1,chr13_32527532_32537005,144.5269519,-
ZC3H13,chr13_46045513_46052697,144.5152059,+
DNAJC17,chr15_48331726_48332267,144.4924576,-
SRRM2,chr19_40348768_40366418,144.472449,-
HELZ,chr18_47111786_47112976,144.4404218,+
APTX,chr6_24716324_24718539,144.4364521,+
ASCC1,chr16_87305905_87314970,144.3777295,+
G3BP1,chr3_9677387_9683177,144.3741502,+
HNRNPH3,chr17_5112101_5113385,144.3350591,+
TROVE2,chr5_88269027_88270525,144.2967819,+
TTC14,chr19_49101471_49102113,144.2731728,+
RBM19,chr2_227340380_227342744,144.2704669,+
IREB2,chr19_9157394_9158825,144.2539357,+
HNRNPL,chr3_130955790_130956103,144.235462,-
HNRNPM,chr8_129760589_129760897,144.2178441,-
EWSR1,chr14_58274135_58291634,144.1850713,+
AKAP1,chr1_179083053_179087910,144.1663409,-
SPEN,chr1_179083053_179087910,144.1596956,+
POLDIP3,chr16_85779867_85781210,144.1395848,+
SNRPG,chr7_102195603_102196633,144.1318849,+
PABPN1,chr1_173864304_173865470,144.1141522,-
PTBP1,chr18_62163656_62186843,144.1069405,+
HDLBP,chr11_20363798_20364236,144.0768909,+
POLR2G,chr1_151895194_151907320,144.0577207,+
TNRC6A,chr4_184697803_184702088,144.0178139,+
DNAJC17,chr11_73825796_73843246,143.9554724,-
NCBP2,chr8_53970463_53984362,143.9332175,-
SAFB,chr20_58891544_58891715,143.88453,+
U2AF1,chr5_140551169_140557146,143.8776625,+
SLTM,chr15_90088747_90090478,143.8451274,+
HNRNPR,chr2_178469785_178478278,143.8383565,+
ZC3H14,chr6_149598350_149603267,143.833625,+
NOL8,chr11_95865676_95882373,143.8247184,+
SFMBT1,chr6_150887981_150898859,143.8240517,+
TIA1,chr19_41860845_41861099,143.816289,-
TARDBP,chr19_52300484_52373110,143.8020568,+
SNRPF,chr6_149598350_149603267,143.7998625,+
PHC1,chr3_105550259_105552467,143.7907938,-
EPHA1,chr20_13793227_13798460,143.7756975,-
YTHDF3,chr1_151540426_151562584,143.7718771,+
LARP1,chr7_6577498_6578565,143.7478485,+
TIAL1,chr16_15119054_15125550,143.7139869,+
DNAJC17,chr2_127848185_127858027,143.6699007,-
PAPSS2,chr1_154176248_154182987,143.6673085,+
ASCC1,chr7_6042990_6044561,143.6597621,+
EWSR1,chr3_50103166_50105076,143.6416652,+
POLDIP3,chr10_6113068_6113507,143.6323428,+
ESRP1,chr1_86348878_86352858,143.6297788,+
SNRPB2,chr10_119168533_119172381,143.6065326,-
TROVE2,chr7_79458999_79470593,143.5862608,+
PHC3,chr17_78202751_78206910,143.5509913,+
ANKHD1,chr16_2205512_2206030,143.4760685,+
SAFB2,chr22_41584058_41584526,143.4731946,+
MATR3,chr4_75981545_75981932,143.4705225,-
UHMK1,chr1_23321663_23333517,143.4561793,-
SAMD4B,chr18_50375194_50375819,143.4496569,+
IREB2,chr15_29719138_29719776,143.4413834,+
HNRNPA1L2,chr3_136542195_136604308,143.4266205,-
SAMD4A,chr1_220074071_220089685,143.4172125,-
RBM24,chr1_2510748_2511337,143.4105049,-
SETD1A,chr7_6398718_6400125,143.409687,-
RBM19,chr3_138188530_138221925,143.3954619,+
CCAR1,chr1_173864704_173865509,143.3800556,-
SCMH1,chr12_69362907_69370705,143.3516158,+
CPSF6,chr7_66076093_66082367,143.3448697,-
ASCC1,chr5_87411346_87412434,143.334159,+
HELZ,chr8_55773719_55785718,143.3215971,-
EIF3G,chr14_91873675_91877486,143.3188578,-
U2AF1,chr1_151027327_151033805,143.2731118,+
CARHSP1,chr5_57236032_57237112,143.2692326,+
QKI,chr2_169812506_169819560,143.2677064,+
NCL,chr16_89949638_89954242,143.2668294,-
THUMPD1,chr1_25351693_25356792,143.2251364,-
EIF4H,chr1_1721711_1722587,143.2190721,-
SF3B4,chr4_55600575_55607297,143.2040224,+
ZFP36,chr15_42548965_42559338,143.1765593,+
ACIN1,chr2_61869553_61872081,143.1510044,+
ZCCHC17,chr8_123025050_123041969,143.1375942,-
SAMD4B,chr16_80980879_80997313,143.1327679,+
SAMD4B,chr17_36486785_36492812,143.1137197,+
RBM14,chr12_21508109_21508382,143.1079893,-
LSM7,chr20_56388202_56390555,143.0752527,+
ZRANB2,chr12_46387972_46470152,143.0751901,+
EIF3G,chr10_72216072_72220053,143.051871,+
LSM2,chr11_111882598_111883770,143.040042,+
RBM3,chr12_124004935_124011380,143.0303172,+
CSTF2T,chr1_204537497_204538208,143.0210955,+
HNRNPH2,chr1_151167414_151168193,143.00393,+
DHX57,chr17_8206639_8206739,142.9975475,-
CHERP,chr13_97356849_97357481,142.9825916,+
RBM22,chr20_45416343_45419294,142.9527134,-
BFAR,chr1_28027926_28035543,142.946219,+
RBM28,chr6_106974754_106975368,142.931542,-
RPS3,chr2_159762993_159767283,142.9222053,-
PNPT1,chr19_10133701_10135735,142.8937338,-
RBM28,chr21_25982477_25997359,142.8871982,+
HNRNPR,chr2_178469785_178478278,142.8575139,+
HNRNPC,chr14_21211566_21211809,142.8535401,+
MYEF2,chr7_64993414_64999120,142.8377593,+
U2AF1,chr16_69749630_69754593,142.8138879,+
ZC3H18,chr4_81456788_81459331,142.7917405,+
ZC3H6,chr11_93807635_93811852,142.7879161,-
PCBP4,chr1_159781000_159781098,142.7639651,-
EIF3G,chr13_97357635_97391321,142.7638886,+
SNRPD2,chr19_40348768_40366418,142.7633479,-
SEC23IP,chr11_57742227_57742862,142.7612904,-
POLR2G,chr13_51791257_51797825,142.7058336,+
EPHB4,chr12_49323752_49325500,142.6881237,-
SNRPB,chr7_64815044_64815571,142.6732527,+
ZNF638,chr12_50441643_50454313,142.6655138,+
RBM10,chr19_53242330_53243743,142.6336495,+
KRR1,chr15_90233703_90233918,142.6320784,-
THUMPD1,chr5_88270585_88410072,142.6279255,+
ANKHD1,chr6_32843089_32843849,142.6245355,+
MCTS1,chr8_103427252_103430611,142.6147513,+
MSI2,chr8_55743620_55750963,142.6146991,+
PTBP2,chr21_37072310_37072433,142.5900916,+
ZC3H8,chr10_30434748_30438915,142.5834435,-
UPF3B,chr3_23917173_23917836,142.5829831,-
RNF113A,chr13_20732121_20757454,142.5703885,+
MATR3,chr4_41257737_41260646,142.5468361,+
EPHA2,chr1_150817433_150823193,142.5163611,-
SUPT6H,chr10_31387266_31461036,142.4767722,+
MCM3AP,chr7_26203022_26206367,142.4625193,+
ZC3H11A,chr1_151540426_151562584,142.461927,+
SAFB2,chr8_144200541_144220599,142.4552866,+
HNRNPF,chr8_69466950_69501873,142.4425065,-
TIA1,chr5_169583889_169587198,142.4046597,-
PCBP2,chr2_130339232_130339559,142.3972339,+
RBM10,chr8_47440542_47483334,142.3469086,+
LSM7,chr19_10133701_10135735,142.3282027,+
EIF3G,chr8_27752587_27762418,142.3190253,+
HNRNPA2B1,chr4_139678642_139703454,142.309779,-
EWSR1,chr1_193059776_193075819,142.2387124,+
PHC3,chr1_28579587_28579941,142.2164604,+
GTF3A,chr6_10728727_10730614,142.1821892,+
ANKHD1,chr14_23069617_23071426,142.1555376,+
TRMT1,chr8_144425772_144426025,142.1335525,+
KHSRP,chr8_103403324_103407633,142.1263159,-
ZFP36L2,chr8_144518815_144519700,142.107109,+
IGF2BP3,chr1_156293209_156294017,142.1062435,-
TIA1,chr3_4362254_4410864,142.0956884,+
BFAR,chr19_1269410_1270866,142.0894693,+
HNRNPH1,chr17_82036308_82036543,142.0866653,-
RBM47,chr7_48089418_48090249,142.0724932,-
UHMK1,chr2_119679225_119680831,142.0707187,+
RBM23,chr8_142727700_142735325,142.0695615,-
RBM6,chr2_20041007_20051409,142.0689747,-
NIP7,chr3_196561491_196566889,142.0539759,+
LSM10,chr20_421153_422126,142.0459559,+
LARP1B,chr17_3663885_3664678,142.0325492,-
ARAP2,chr3_37146627_37148893,142.0324499,-
ZFP36L2,chr2_65344896_65366589,142.0177424,+
ZC3H11A,chr1_156115274_156130616,142.0168987,+
HNRNPH2,chr5_151110644_151117126,142.013456,-
DHX8,chr2_71331875_71348752,141.9796239,+
YTHDC1,chr3_197622330_197623219,141.9700181,+
ANKRD17,chr5_170805853_170811955,141.9662319,+
RBM3,chr3_87227556_87245713,141.9545709,-
UPF3B,chr11_102607452_102677702,141.9521367,+
G3BP2,chr1_161042217_161042585,141.9510041,+
SF3B4,chr11_93754037_93757315,141.9343068,+
PHC3,chr12_57599211_57600323,141.9322604,+
SPEN,chr8_73738349_73746782,141.9282908,+
KRR1,chr12_48816995_48823343,141.9088662,+
TARDBP,chr9_77210675_77212968,141.8963131,+
PTBP2,chr19_48619543_48620401,141.8891043,+
SNRPB,chr12_52245632_52248176,141.8854635,+
CNOT4,chr16_18789118_18789896,141.7936668,-
TNKS2,chr20_49174269_49179121,141.7924223,+
EIF3B,chr11_68050254_68050740,141.7793629,+
CARHSP1,chr1_117929782_117933287,141.7685968,-
ASCC1,chr20_56388202_56391942,141.7405423,-
RBM25,chr3_195662733_195663623,141.7363577,+
ANKHD1,chr11_9474024_9474552,141.7341462,+
LARP4B,chr11_67353077_67353538,141.72945,+
RBM4,chr4_56810184_56820535,141.6889863,+
RPS3,chr5_177087077_177089549,141.6397023,+
HNRNPH3,chr13_75804541_75817160,141.6168638,+
LARP4B,chr4_105424322_105446382,141.5837282,-
PUM2,chr1_28579587_28579941,141.5822225,-
KHDRBS1,chr16_89651646_89657581,141.5747813,+
SF3A1,chr5_179826291_179833031,141.5733682,-
EIF2S1,chr4_13368650_13369870,141.5719038,+
PABPC1,chr16_29453732_29454015,141.5559842,-
PPIL4,chr7_151491014_151519897,141.5016377,-
LSM6,chr4_15480827_15502428,141.4960282,+
EPHB3,chr4_15971082_15979880,141.4909588,+
UPF3B,chr2_222646996_222648739,141.4887066,+
ZGPAT,chr6_37371574_37376925,141.4733407,+
LRSAM1,chr18_63981838_63985092,141.4598397,-
AKAP1,chr8_102265275_102266946,141.4159186,-
NOL8,chr9_92319356_92319942,141.3871623,+
RBMXL1,chr1_86354859_86358786,141.385652,+
SRRM2,chr6_13326963_13328455,141.3766198,+
PUM1,chr11_86270157_86276979,141.3711233,-
DHX8,chr19_45164970_45178134,141.3344148,-
PAPSS2,chr14_30622399_30630476,141.3177918,+
RBM41,chr1_1390865_1393395,141.3075831,+
STARD13,chr12_102039975_102044104,141.2896898,-
SYNCRIP,chr22_29529239_29531077,141.2771206,+
HELZ,chr1_954523_955922,141.271776,-
RBM22,chr1_161100859_161117951,141.2321855,-
UHMK1,chr2_55686440_55687644,141.2194889,-
SEC23IP,chr21_46649739_46664294,141.216238,-
SSB,chr8_66667701_66677641,141.2032482,-
MATR3,chr3_37251484_37281957,141.1519485,+
BFAR,chr1_45616703_45618060,141.145095,-
RBM5,chr19_47169923_47203670,141.1292842,-
ZCCHC17,chr2_37344851_37352788,141.1258701,+
KIN,chr1_151316509_151327270,141.1215961,+
HELZ,chr12_42161765_42210547,141.1128844,+
SSB,chr4_75654081_75655065,141.1039447,-
THUMPD1,chr19_9157394_9157979,141.1027542,+
HNRNPD,chr7_48101982_48106872,141.0918249,-
CASKIN2,chr1_94864899_94867333,141.0844977,-
CPSF7,chr8_74831126_74843980,141.0834491,-
CHERP,chr5_132488025_132490544,141.0606424,+
DHX8,chr8_144103225_144104024,141.0518833,-
PARN,chr1_161323670_161340593,141.0209763,-
ZFP36L2,chr15_90233703_90233918,141.0199473,-
EIF4B,chr5_179617911_179620891,141.0172504,+
ZC3H11A,chr5_57176400_57230845,140.9798572,+
FUS,chr14_92117642_92118848,140.9796916,-
ESRP1,chr17_8206639_8206739,140.9770189,-
MSI2,chr1_220074071_220089685,140.9652477,+
HNRNPH2,chr1_1308720_1309085,140.950781,+
YTHDF1,chr2_112586124_112586199,140.9490782,-
PRPF3,chr17_1365058_1400046,140.9273885,+
EIF3B,chr14_21383769_21383861,140.798333,+
RBM4,chr5_170788668_170794230,140.7888767,+
RBMXL1,chr17_63830501_63830724,140.7735024,-
LSM10,chr17_17247151_17248925,140.7463712,-
DUS3L,chr3_38125881_38126509,140.7428722,-
RBM5,chr2_97118517_97142639,140.7414249,+
SNRPD3,chr3_48295235_48296726,140.7113449,+
RBM12B,chr18_46818447_46820932,140.6968144,+
RBM15B,chr8_103325498_103329654,140.6543971,-
ZC3H3,chr12_46189071_46196724,140.6445355,-
PPP1R10,chr10_114163329_114173140,140.6320403,+
ANKHD1,chr1_153627598_153628120,140.6232663,+
ANKS3,chr7_95406247_95409900,140.5959709,-
MKRN1,chr4_81456788_81459331,140.5930997,-
ZC3HAV1L,chr9_90801893_90843857,140.5793976,+
TRMT2A,chr15_90969120_90969523,140.5532946,-
FMR1,chr7_97022287_97024268,140.5434436,-
RC3H1,chr2_97538363_97540033,140.5398216,+
ARAP1,chr18_35290391_35305975,140.5225583,-
EPHB4,chr3_10081531_10085797,140.5183213,+
SNRNP35,chr4_110621369_110622255,140.5170098,+
PAN3,chr15_72202620_72206727,140.4931441,+
HNRNPA1L2,chr8_66444748_66447263,140.4836239,+
SAMD8,chr19_11123344_11129512,140.4795154,+
SRRT,chr20_24964022_24964374,140.4736173,-
GTF3A,chr2_38876196_38880178,140.4545149,-
SNRNP70,chr5_53646405_53683117,140.4458696,-
NCL,chr15_43800784_43801131,140.4423908,+
SART3,chr8_55773719_55785718,140.4301713,-
KHDRBS1,chr3_180985996_180986997,140.4287015,-
PAPSS1,chr4_185678822_185775226,140.4244748,-
EIF3G,chr5_179811682_179812406,140.4243998,+
TNKS,chr6_37377033_37390741,140.4213967,+
TOE1,chr5_170808752_170811955,140.4185087,+
KHDRBS3,chr4_73113311_73113791,140.4058487,+
CPSF7,chr3_129288997_129298353,140.4036677,+
KHSRP,chr2_55875065_55881611,140.3813822,+
ELAVL2,chr8_116938567_116948513,140.3675968,+
LSM10,chr5_170808752_170809567,140.3587081,+
RNPC3,chr1_160218968_160220458,140.3545805,+
ESRP1,chr4_173332995_173333117,140.3406967,-
DGKH,chr13_75527851_75530113,140.3375786,-
LSM10,chr18_35290391_35305975,140.3055082,+
SNRPE,chr10_7802854_7806973,140.3021642,+
TIA1,chr11_77619695_77624962,140.2905482,-
STARD13,chr17_59886230_59892696,140.2738764,+
PTBP1,chr2_113454778_113457064,140.2407338,-
LSM1,chr16_56608683_56608991,140.2205157,+
KIAA0020,chr7_151409382_151411669,140.2141328,+
ZRANB2,chr8_54063375_54100907,140.1823836,-
ANKHD1,chr7_64993414_64999120,140.175964,+
RBM17,chr7_64947955_64949115,140.1667441,+
PRPF3,chr22_22304114_22306789,140.1621713,+
GRSF1,chr22_37019872_37024191,140.1601437,+
RALY,chr14_67651481_67656415,140.1393073,+
ELAVL2,chr1_32228816_32230926,140.1371104,-
THUMPD3,chr13_37024442_37026203,140.132338,+
ZFP36L1,chr7_66775393_66795510,140.1268265,+
POLR2G,chr19_58388245_58392975,140.1261107,+
SRRM1,chr3_186081175_186105304,140.1194914,+
DAZAP1,chr15_78295793_78299561,140.1164801,-
DKC1,chr20_2659793_2660067,140.1145873,+
SETD1A,chr3_47869327_47870857,140.1128218,+
UHMK1,chr7_110663721_110963499,140.0893681,-
RBM23,chr19_36218195_36225953,140.0806986,+
RBMX,chr9_36589652_36597221,140.0198886,-
POLDIP3,chr6_99531536_99531631,140.01915,+
SNRPB2,chr8_42535335_42541537,139.9809966,+
EIF4H,chr15_72202620_72206727,139.9702227,+
PUM2,chr4_76124756_76148307,139.9589951,+
PUM2,chr7_151036649_151037240,139.9490792,+
DKC1,chr7_139340619_139345500,139.9481301,-
SUPT6H,chr13_37007071_37008061,139.9186539,-
RBM14,chr12_21501948_21512294,139.8914024,-
ELAVL1,chr16_89873859_89878460,139.8787804,+
TDRKH,chr14_90397154_90400064,139.8545007,-
GTF3A,chr19_53866417_53869753,139.8437645,-
MBNL1,chr19_19202047_19202330,139.8335698,+
AKAP1,chr17_44212454_44212818,139.8044077,+
HNRNPH2,chr20_56388202_56392167,139.7942067,-
QKI,chr1_241849027_241850408,139.7683786,+
SNRPN,chr19_10928440_10928584,139.7677703,+
SAMD4A,chr3_15052633_15059368,139.7666577,+
PPFIA1,chr3_75673238_75675763,139.761408,+
FUS,chr1_156787174_156794664,139.7341966,+
ZFP36,chr7_42927459_42932117,139.7146292,+
RBM25,chr19_43774619_43780702,139.6989123,+
DUS3L,chr3_150545778_150546051,139.6988533,+
EIF4H,chr3_133046020_133229269,139.6906116,+
HELZ,chr5_139314736_139316075,139.6607142,-
SNRPN,chr8_94432656_94458267,139.6393649,+
SYNCRIP,chr7_99559017_99560532,139.6235311,+
EIF3G,chr8_27752587_27762418,139.6233593,+
HNRNPAB,chr15_41397140_41402446,139.5888456,-
LARP7,chr6_42884750_42886255,139.569875,+
IREB2,chr12_49323752_49325500,139.5652509,-
LSM7,chr1_150267991_150268697,139.5104053,+
TROVE2,chr7_101240906_101251894,139.4938314,+
ZC3H15,chr8_143379985_143380064,139.4902293,+
TRNAU1AP,chr1_28571900_28574588,139.4857472,-
RNPS1,chr7_107580301_107583881,139.4412218,-
PNO1,chr21_29063530_29064697,139.3467223,-
RBM47,chr5_170808752_170809567,139.3194058,+
PPIE,chr19_49927848_49929325,139.3165825,-
ELAVL1,chr5_173146958_173151565,139.3044333,-
NAA38,chr16_2264760_2267662,139.3017685,-
RBM47,chr5_163513669_163516517,139.2857754,-
EEF1G,chr1_46558800_46560233,139.2717809,+
RNPS1,chr16_80981877_81006733,139.2644944,+
PAN3,chr1_25343073_25351625,139.2456153,+
ZCRB1,chr9_34611332_34611859,139.2257692,+
PUM1,chr1_155910506_155911242,139.2070147,-
ANKS6,chr4_56810184_56820535,139.2041552,-
MKRN1,chr2_99171646_99173413,139.1835737,+
DKC1,chr5_39383271_39388798,139.1672214,-
EPHB3,chr3_152445539_152447619,139.1641989,+
TRA2A,chr16_763276_763626,139.1330108,-
KIAA0430,chr2_130182452_130190468,139.0713696,-
GTF3A,chr17_28716058_28717212,139.0707054,-
PUF60,chr1_44750564_44753732,139.044613,-
U2AF2,chr22_40951476_40964046,139.0338643,-
NIP7,chr12_7060877_7061838,139.0318035,+
RAVER1,chr13_27440449_27441016,139.0314571,-
ZNF638,chr3_152445539_152447619,139.028522,-
LARP1B,chr5_139476454_139478269,139.02618,+
HNRNPD,chr10_35179276_35188199,139.0024473,+
HTATSF1,chr19_5562211_5567664,138.9956922,-
THUMPD2,chr2_39757368_39761330,138.9936724,+
YTHDF3,chr3_9941016_9941110,138.9733823,+
HNRNPAB,chr4_137528820_137529601,138.9580825,-
PDCD11,chr2_61017851_61018161,138.9578206,-
SEC23IP,chr7_74246763_74249738,138.9496503,-
INPPL1,chr7_107186681_107190172,138.9455948,+
SLTM,chr12_120496216_120496415,138.9301314,+
MBNL2,chr8_42535335_42541537,138.9264899,+
RNPC3,chr17_72428298_72431127,138.923032,+
IREB2,chr1_37493814_37501803,138.9196975,+
TIA1,chr11_85983973_85996825,138.8673795,+
PCBP1,chr3_142005544_142093060,138.8650713,-
RBM26,chr4_119217673_119235289,138.8594325,+
ZMAT5,chr4_185678822_185775226,138.8480476,+
ZFR,chr1_184072194_184072826,138.8469203,+
KHDRBS1,chr7_105203785_105388647,138.8442673,+
RBM8A,chr7_23273614_23274053,138.8210071,-
YTHDC1,chr3_197854445_197865422,138.810431,+
TNKS2,chr7_74246763_74249738,138.7870906,+
PHC3,chr6_27126462_27132366,138.7835414,+
SNRPB2,chr6_36678939_36684096,138.777509,+
KIAA0430,chr8_47294030_47394977,138.7119767,+
NOL8,chr6_44223641_44227259,138.7062205,+
LSM1,chr8_103375959_103378026,138.6991649,+
RBM6,chr9_77210675_77211212,138.6805548,+
NCBP2,chr10_48325965_48401611,138.6545663,+
CSTF2,chr1_155136376_155137978,138.6482284,-
RBMS1,chr10_110130486_110133325,138.6460778,+
PPIE,chr1_46340919_46344800,138.6313226,+
ZC3H11A,chr1_151540426_151562584,138.6298367,+
TRMT1,chr3_58306417_58310308,138.5885416,+
ZNF638,chr3_131001314_131016151,138.5028484,+
HDLBP,chr1_155136376_155137978,138.4955618,-
KIN,chr17_81108509_81115769,138.4531481,+
SEC23IP,chr7_99392876_99394032,138.4453476,-
ZGPAT,chr16_80997429_80998284,138.4358245,-
CSTF2T,chr12_108564155_108564278,138.434585,+
SGMS1,chr14_74942733_74946212,138.4268271,+
RC3H1,chr2_97540229_97541910,138.424849,+
MCTS1,chr8_124495542_124504274,138.4133458,-
CNKSR3,chr6_80022472_80026380,138.384176,-
PAPSS1,chr1_156787174_156794664,138.3838534,-
NCBP2,chr8_123025050_123041969,138.3686185,-
SAMD8,chr17_36486785_36492812,138.3126683,+
TRA2B,chr1_203475928_203483168,138.3085952,-
ARAP2,chr4_56810184_56820535,138.3048991,-
NCBP2,chr14_102233789_102234956,138.304814,+
NCL,chr19_36114412_36114658,138.2818809,+
SRRT,chr4_105424322_105446382,138.2713201,+
ZC3H4,chr6_44114209_44127343,138.262533,-
RBM39,chr3_177160988_177197120,138.2624755,+
KIAA0020,chr15_22839790_22851638,138.2427074,+
ACIN1,chr18_30994372_30996790,138.2331259,+
RBM15B,chr7_73737110_73737561,138.2095776,+
DAZAP1,chr11_68688100_68688852,138.2009313,-
AKAP1,chr11_118757287_118759921,138.180041,-
PARP14,chr6_30061669_30062223,138.1622459,-
THUMPD2,chr14_70329236_70342657,138.1418371,+
RBM18,chr16_3065494_3065780,138.1203758,+
CPSF7,chr20_2656214_2656773,138.1042152,-
SNRPD2,chr6_30346564_30346712,138.0954439,-
ACIN1,chr8_143379985_143380064,138.0853888,+
KIAA0430,chr7_73687095_73690915,138.0702796,+
ANKRD17,chr1_37984779_37989547,138.0579632,+
SRRM2,chr5_72848251_72848384,138.0555354,+
KRR1,chr16_89658421_89660539,138.0353355,+
TIPARP,chr7_72831798_72836576,138.0319074,+
HNRNPH3,chr2_176270419_176296859,138.0284893,+
PRPF3,chr1_1642508_1649498,137.9824692,+
NONO,chr2_65344896_65366589,137.9548574,+
KIF24,chr2_202214429_202220031,137.9316983,-
KIAA0430,chr11_93730447_93731149,137.9258994,+
SF3B4,chr8_81718224_81721248,137.9089206,+
RBM3,chr18_36800311_36807846,137.895033,+
CSTF2T,chr11_93807635_93811852,137.8800446,-
SRRM2,chr18_55229076_55232508,137.8642344,+
RBM3,chr14_39321056_39326863,137.8576147,+
SNRPB,chr8_124495542_124504274,137.8450536,-
ZC3HAV1,chr4_145120153_145121332,137.8285643,+
DHX8,chr14_58215284_58223621,137.7956089,-
CNOT4,chr11_57530293_57530657,137.7783732,+
RBM47,chr2_97538363_97540033,137.7609616,+
LARP4B,chr19_3452666_3462751,137.7447758,+
EPHA2,chr19_43774619_43780702,137.7415477,-
TAF15,chr15_90969120_90969523,137.7099076,-
MCTS1,chr10_56358148_56358376,137.7059771,-
YBX1,chr7_76618300_76618496,137.6788854,-
ACO1,chr15_50309798_50346371,137.6751315,-
NIP7,chr8_144099199_144099276,137.6509961,-
SRRM2,chr11_64319868_64320660,137.601729,+
HNRNPA1,chr12_46387972_46652389,137.5971726,+
DKC1,chr19_45164970_45178134,137.5498372,+
TRA2B,chr19_3452666_3462751,137.5458779,+
HNRNPH1,chr2_10785030_10787280,137.5456375,+
GRSF1,chr4_102826636_102827591,137.5423368,-
HNRNPAB,chr7_75364756_75365254,137.5242218,+
ZC3H15,chr5_134632195_134632727,137.5121289,+
PPFIBP2,chr22_42086314_42090605,137.5034969,-
SNRPN,chr8_106726309_106739457,137.4992846,+
ACIN1,chr2_112584486_112585973,137.4909015,-
RALY,chr2_55686440_55687644,137.4900482,+
TIA1,chr17_58999459_59012327,137.473081,+
CCAR1,chr1_173800519_173807266,137.4448734,-
PCBP2,chr2_30155910_30156627,137.4390507,+
ZC3H4,chr11_78571444_78574828,137.4102618,-
ZC3H12A,chr19_35497538_35498597,137.3417935,+
PABPN1,chr12_124912434_124913118,137.3275874,+
ZC3H15,chr5_173020367_173034398,137.3245221,+
SRRT,chr4_75981545_75981932,137.3138453,-
SNRPB,chr16_11556735_11587150,137.2950878,-
ZFR,chr6_17507312_17539268,137.2950774,+
SEC23IP,chr3_184365049_184365132,137.2759104,+
RBM47,chr10_30434748_30438915,137.2581668,-
SAMD4B,chr3_37282272_37289234,137.2454968,+
RBMS1,chr10_101782597_101783272,137.2299172,-
CPSF4,chr4_76124756_76144389,137.1629423,-
RBM26,chr7_64947955_64949115,137.1584351,+
LSM3,chr3_9464672_9468518,137.1570497,+
ZCCHC14,chr1_23321663_23333517,137.1406658,-
ZCCHC17,chr1_243286397_243304712,137.1281284,+
MEX3D,chr3_188208318_188225404,137.1261709,+
ACIN1,chr6_125248383_125257097,137.1252926,+
LSM7,chr4_145120153_145121332,137.1027662,+
U2AF2,chr10_89010600_89011998,137.0991962,+
NUPL2,chr4_70836314_70839176,137.0290731,-
MBNL1,chr11_86270157_86276979,137.0102099,-
ZGPAT,chr10_73053590_73072028,136.9659627,-
ZRANB2,chr1_178300118_178390099,136.9365218,+
PABPC3,chr13_95552973_95560131,136.9167141,+
LSM4,chr11_67584772_67585137,136.8895814,+
RBM42,chr12_9857637_9869204,136.8663239,-
U2AF1L4,chr17_59700189_59707370,136.8484986,-
RBM8A,chr5_272772_276011,136.8410264,-
CCAR1,chr19_48936195_48939448,136.8283931,-
NUPL2,chr19_43656640_43667580,136.8249884,-
ZC3H4,chr3_143053794_143056311,136.8041171,-
PPFIA3,chr8_127890998_127989161,136.7989555,-
HNRNPF,chr8_73688813_73746782,136.7773362,+
FUBP1,chr3_184001251_184014263,136.7561079,+
POLR2G,chr20_36607818_36612009,136.7335312,-
RBM17,chr7_74053309_74056270,136.6752169,-
NUFIP1,chr13_27251850_27253764,136.6660196,+
TOE1,chr7_76618300_76618496,136.6628794,-
NAA38,chr1_16888785_16889547,136.6331634,-
RBM28,chr1_153642429_153645063,136.6242756,-
RRP7A,chr20_58889353_58895611,136.6077769,-
SRRM1,chr2_97118517_97142639,136.5923381,+
HTATSF1,chr7_74555223_74555437,136.5844366,+
RRP7A,chr22_43159420_43161051,136.5679732,+
RBM4,chr5_139476454_139478269,136.5495052,-
ZC3H12C,chr6_27711230_27713003,136.540258,+
CPSF7,chr2_112652947_112657121,136.52985,+
CSTF2T,chr11_57530293_57530657,136.5061845,-
PCBP1,chr12_51010766_51026309,136.4764983,+
SNRPN,chr4_165327946_165333339,136.442219,-
HNRNPA3,chr6_112087720_112097043,136.4275096,-
U2AF1,chr2_201136107_201136197,136.4176445,+
RBM45,chr10_7788263_7797046,136.3989451,-
ZC3H12A,chr17_15260761_15265153,136.3923678,-
SLTM,chr14_23026375_23033367,136.3906557,+
CPSF6,chr1_179131481_179142932,136.3860577,+
LARP4B,chr16_89686797_89690552,136.3785681,+
RBM39,chr1_151199081_151224244,136.3783668,+
NUPL2,chr17_7586078_7586655,136.3503665,-
IREB2,chr14_55679685_55680685,136.3498947,-
UHMK1,chr11_6682402_6683122,136.3419321,-
PHC3,chr11_115399513_115504270,136.3364846,-
SF3B4,chr1_145893635_145895630,136.3356147,+
MKRN2,chr16_31201841_31202416,136.3294811,+
PHC2,chr7_74249220_74249738,136.310753,-
ZC3HAV1L,chr1_44753833_44755928,136.3024829,+
ZNF239,chr2_113465173_113482176,136.2865658,-
KIAA0020,chr12_124912180_124912864,136.2643978,-
SEC23IP,chr6_33269819_33270198,136.261724,+
RBM23,chr15_90984140_90994406,136.2596293,-
RBM7,chr3_50288937_50289711,136.2582357,-
RBM12B,chr6_137875035_137875835,136.2466946,-
POLR2G,chr11_62761904_62762541,136.2258704,-
POLR2G,chr7_55951930_55954908,136.1920561,+
PPP1R9A,chr1_145895711_145896267,136.1754103,+
SRRM1,chr11_83072181_83072622,136.1708122,-
RNPC3,chr16_189339_189930,136.156267,+
EPHB4,chr9_77210675_77212968,136.1557368,+
SART3,chr1_28457859_28459084,136.1447597,-
PAN3,chr22_41622086_41628117,136.1412782,+
RBM12B,chr5_272772_276011,136.134833,+
DUS3L,chr20_53583168_53593755,136.1179709,+
LSM7,chr5_170805853_170809567,136.111431,+
NUFIP1,chr21_17611774_17612698,136.1089491,-
HNRNPH2,chr19_35507511_35510183,136.0881326,-
STARD13,chr10_73911612_73912214,136.0823249,-
FUBP1,chr19_38587817_38595484,136.0814267,+
MCTS1,chr10_73252037_73252469,136.0800875,-
SFPQ,chr9_65731867_65733509,136.0794818,-
CSTF2T,chr4_76251820_76263703,136.0585444,+
ZC3H6,chr7_100321084_100328835,136.0393633,+
PAN3,chr1_150817433_150823193,136.0053986,-
CPSF6,chr19_35507511_35509910,136.0006821,-
RBM18,chr5_180793097_180808647,135.9845953,-
RBM18,chr12_46370627_46370775,135.9694494,-
YTHDF3,chr8_47935058_47936352,135.9548896,-
NOL8,chr9_16580148_16582982,135.9447905,+
ESRP1,chr14_74298069_74300149,135.9082321,+
PUM1,chr1_153975905_153976975,135.9009148,-
PPFIA1,chr11_95865676_95887611,135.8913783,+
RBM12B,chr6_122633367_122717786,135.8799627,+
YTHDF1,chr7_67306083_67308576,135.8656297,-
RBM6,chr17_51161272_51166826,135.8320562,-
SNRPE,chr1_203862222_203863662,135.8156747,+
DUS3L,chr3_15582989_15589539,135.7899904,-
RBM15B,chr6_4999904_5002100,135.7883558,+
SUPT6H,chr1_179083053_179087910,135.7759437,+
YTHDC1,chr21_33557316_33557545,135.7757974,-
RRP7A,chr11_93755386_93759741,135.774866,+
FMR1,chr2_97164311_97167576,135.7508832,+
RBM10,chr19_16652961_16654034,135.7490604,-
SUPT6H,chr16_3023361_3023846,135.7245829,+
UNK,chr9_92229126_92240642,135.7198183,+
CPSF7,chr10_28533007_28533997,135.7038852,+
NOL8,chr7_139036388_139036652,135.6960008,+
APTX,chr10_27171083_27173120,135.6699338,+
LSM6,chr2_95956816_95960472,135.6624499,-
SAMD8,chr17_36486785_36492812,135.6597714,+
PPIE,chr11_20363749_20364236,135.6513505,+
ZNF638,chr6_78990982_78997413,135.629712,-
U2AF1L4,chr2_87455645_87480222,135.6236048,-
EPHA1,chr4_26321048_26386352,135.6184175,-
YTHDC2,chr7_148757150_148759547,135.6182046,-
TAF15,chr3_158649157_158650004,135.6096248,-
ACIN1,chr1_155060832_155061417,135.6044554,+
SGMS1,chr11_65893296_65896808,135.5385815,-
PNPT1,chr17_81892106_81893551,135.5083487,+
RBM39,chr2_113970753_114007018,135.4752348,+
SPEN,chr12_25209911_25215436,135.4650286,+
EPHB4,chr2_61017851_61021049,135.4627196,+
FUBP1,chr17_82019381_82019509,135.4577323,-
MSI1,chr8_108241913_108248612,135.446263,+
PAN3,chr19_54110121_54114437,135.4438207,+
KRR1,chr20_37199225_37200446,135.4077333,-
TRNAU1AP,chr17_82036308_82036543,135.4051592,-
MCTS1,chr11_833026_836062,135.3756132,-
SNRNP70,chr1_155324809_155325101,135.3627752,+
PNO1,chr1_1503661_1509204,135.3360914,+
ANKS3,chr7_95406247_95409900,135.3285271,-
RBM7,chr7_116210734_116249019,135.3206532,+
LARP4B,chr12_21508109_21508382,135.28435,+
TRMT1,chr3_9941206_9943076,135.2529885,-
PDCD11,chr13_49663195_49691253,135.233939,+
MCM3AP,chr19_40348768_40366418,135.2003904,+
THUMPD3,chr3_169774097_169774264,135.1975686,+
PPIE,chr8_15449799_15623079,135.1911085,-
RBM5,chr4_169742107_169750535,135.1676179,+
SGMS1,chr3_172818814_172820147,135.1557402,-
LARP4,chr22_35781746_35809779,135.1520094,+
ZRSR2,chr7_77685328_77696171,135.1482485,-
SAFB,chr18_79977701_79986601,135.1441073,+
YTHDF2,chr5_36177292_36183839,135.1252974,+
FMR1,chr6_3264325_3267590,135.074073,-
ESRP1,chr15_78546698_78548789,135.0638878,-
ESRP1,chr20_56388202_56391942,135.0512536,+
PABPC3,chr10_73911612_73912214,135.0346866,-
ZC3H11A,chr19_52888253_52890240,135.0324222,+
RBM12B,chr14_90397233_90398990,135.0220005,-
PUM2,chr3_190514219_190556129,135.0197183,+
YBX1,chr9_129609178_129632649,134.9758684,+
POLR2G,chr6_99526109_99531362,134.954885,+
SGMS1,chr3_100568967_100570608,134.9204733,+
LSM5,chr5_179833246_179833592,134.9120572,-
THUMPD3,chr8_89971290_89981374,134.9055978,+
SGMS1,chr4_73135265_73141740,134.9048272,+
CSTF2,chr5_140551169_140557146,134.8951919,+
HNRNPC,chr1_156213176_156225556,134.8668535,+
PRPF3,chr16_28487541_28489289,134.8611469,-
ANKHD1,chr1_28530573_28531802,134.8574325,+
SRRM2,chr12_53441800_53442694,134.8483308,-
SLTM,chr9_104094477_104095323,134.8428341,+
EIF3G,chr9_68259434_68264467,134.8388541,+
ZC3H6,chr19_43655573_43656478,134.8210725,-
BICC1,chr17_51168343_51169936,134.8124428,+
HNRNPA0,chr6_17507312_17539268,134.8115448,+
RBM6,chr7_74041251_74043117,134.7973665,-
RBMS1,chr17_76727178_76732977,134.7681647,+
CNKSR3,chr1_16888785_16889547,134.7578928,-
KIN,chr7_48101982_48106872,134.7531926,+
GTF3A,chr8_103427252_103430611,134.749471,+
TIA1,chr3_50109688_50110678,134.7365229,+
STIM1,chr1_53946549_53951985,134.7290096,+
ESRP1,chr2_24074194_24076199,134.7272437,+
HNRNPAB,chr8_53242912_53250780,134.6751578,+
PCBP2,chr1_10431401_10433841,134.67086,-
RBM12,chr12_31298224_31323943,134.6657817,-
RBM23,chr17_31021162_31021909,134.6616952,+
KIN,chr8_144774605_144778037,134.6611634,+
ZMAT5,chr10_98429642_98430570,134.6576019,+
CPSF7,chr13_97357635_97391321,134.6434575,+
IREB2,chr5_140551169_140557146,134.5910163,-
HNRNPM,chr5_139562407_139600371,134.5668629,-
PRR3,chr17_31878327_31880572,134.5518194,-
ENOX2,chr14_58209107_58215204,134.5214861,+
TDRKH,chr2_127850685_127858027,134.51854,-
LSM6,chr3_99638664_99675659,134.510209,-
RBM19,chr14_58247832_58257744,134.5050739,-
LSM7,chr22_42086314_42090605,134.4957968,-
PABPC3,chr13_75636726_75727028,134.4832257,+
PRPF3,chr19_40084798_40090905,134.467639,+
RBM17,chr7_74053309_74056270,134.4566863,-
MKRN2,chr14_64224547_64224995,134.4526162,+
SLTM,chr11_124626609_124626903,134.4465194,+
SCMH1,chr7_120955624_120966625,134.4455894,+
ZNF638,chr7_141006535_141014910,134.4224489,-
MATR3,chr20_31550121_31559610,134.4189771,+
SEC23IP,chr14_64926080_64943298,134.3890808,-
MEX3C,chr1_32224475_32228498,134.3844918,-
ZMAT5,chr1_45551155_45566568,134.3611624,+
CPSF6,chr5_170805853_170809567,134.35979,+
YTHDC1,chr2_95935644_95938986,134.3581211,+
HNRNPM,chr7_22976305_22977340,134.3181705,+
GTF3A,chr20_17954223_17955364,134.3077891,-
RBM17,chr11_850367_864436,134.3034519,-
PUM2,chr2_44390305_44391884,134.2970141,+
ACIN1,chr3_33072713_33077093,134.2956511,+
ZC3H13,chr20_35632025_35632310,134.2795999,-
SFPQ,chr10_73911612_73912214,134.235371,-
NUFIP1,chr12_76459895_76487509,134.2296252,+
PNPT1,chr19_32582232_32584949,134.2257922,+
YTHDF1,chr19_38264723_38283626,134.2014138,-
PAPSS1,chr19_48838129_48841148,134.1944769,+
MKRN3,chr9_128936645_128940368,134.1605012,+
PPFIA1,chr22_19475100_19475495,134.1525382,-
TRA2B,chr17_18333288_18340042,134.1414264,+
TRA2B,chr19_49860336_49860565,134.1303378,+
ZC3H14,chr8_127855319_127890588,134.1259785,+
HDLBP,chr9_5361888_5436568,134.1167474,+
TROVE2,chr2_37148939_37156907,134.1120678,+
CNOT4,chr14_88841196_88841424,134.1073035,+
ZFP36,chr5_181241639_181242169,134.1064527,-
SLTM,chr7_74045293_74046695,134.0963549,-
PTBP1,chr2_202214429_202220031,134.0197122,-
DNAJC17,chr1_150293898_150308047,134.0096137,-
NCL,chr9_68264514_68268933,133.9998319,-
HNRNPA1,chr19_47205129_47209158,133.9859517,-
RBM39,chr8_47727293_47735306,133.9665011,+
POLR2G,chr20_37200494_37203884,133.9577295,-
NONO,chr2_39755960_39757247,133.9519385,+
PCBP4,chr1_220069432_220073966,133.9433446,+
SLBP,chr19_43774619_43780702,133.9104152,+
SNRPF,chr12_117158084_117165484,133.8988944,+
ZNF74,chr3_99675721_99744896,133.8957871,-
LSM2,chr8_100259997_100264033,133.8791794,-
DGKD,chr6_122778574_122780290,133.874484,-
RC3H1,chr17_7931149_7931730,133.8669684,+
HELZ,chr4_82845293_82848803,133.8505335,-
SNRPB,chr1_234373840_234374229,133.8303913,-
RBM8A,chr2_9473899_9475986,133.8263532,+
ZC3H13,chr3_177098541_177196339,133.8150429,+
SNRPE,chr19_32581327_32582194,133.7778575,+
ANKHD1-EIF4EBP3,chr1_222815171_222835118,133.7639359,-
ZFR,chr8_10765916_10826151,133.75644,+
HNRNPA1,chr21_37232451_37238459,133.7431704,+
ZC3H12A,chr2_10785030_10787280,133.7364226,+
APTX,chr20_35632025_35632310,133.7308063,+
TNRC6A,chr2_131682557_131684708,133.7301628,+
ANKRD17,chr4_103050382_103066326,133.7186179,+
U2AF2,chr7_102541662_102566996,133.7151989,+
RNPC3,chr19_36218195_36225953,133.7029218,+
RBM4,chr9_83665145_83669184,133.690994,+
DHX8,chr10_27171083_27173120,133.6826203,+
TRA2A,chr3_179601790_179604526,133.6680982,-
MBNL1,chr4_121677950_121678414,133.6403795,+
EPHA2,chr14_58285756_58291634,133.6242479,+
ELAVL2,chr7_43665722_43729428,133.5913824,+
CPSF7,chr19_53439933_53441795,133.5757765,+
EIF3G,chr3_197858905_197865422,133.5632788,+
MYEF2,chr1_37493814_37501803,133.5332527,-
SYNJ1,chr4_81456788_81459331,133.5294862,-
HNRNPA0,chr3_150545778_150546051,133.5274509,+
SAFB2,chr1_156787174_156794664,133.5164303,+
PTBP2,chr8_123534814_123540898,133.5066474,+
CPEB4,chr1_52911790_52913894,133.4942268,+
LSM3,chr16_80981877_81006733,133.4884595,-
TLR2,chr5_122070768_122074012,133.4871894,-
SRRT,chr4_56505693_56511184,133.4858667,-
ZC3H14,chr20_56513428_56517105,133.4451946,+
SNRPD2,chr5_139293805_139314674,133.4445408,-
RBM47,chr2_97540229_97541910,133.4424293,+
EIF4H,chr5_151110644_151117126,133.4204985,-
ZMAT5,chr16_70316104_70324584,133.4147894,-
PNPT1,chr22_41680364_41688793,133.4140354,+
RBPMS,chr22_41584058_41584526,133.4110817,-
RBMXL1,chr18_63331901_63338799,133.4062008,+
NUPL2,chr10_124408965_124418872,133.4010354,-
PUF60,chr12_130872629_130872835,133.3974234,+
SNRPD3,chr19_10679927_10681018,133.3904343,+
SNRPC,chr2_96335848_96341674,133.3822301,+
SAFB,chr16_87951515_87975047,133.3611279,+
SRRM2,chr10_103174982_103193235,133.3417711,+
NONO,chr16_28538209_28538795,133.3242151,+
ZFP36L2,chr11_35198246_35208104,133.3167721,+
SYNCRIP,chr9_92108069_92108739,133.2985222,-
SLBP,chr3_9800296_9801660,133.2669257,+
RBM22,chr7_35890793_35898214,133.2604079,-
RBM19,chr16_75631855_75635679,133.254576,-
PUM1,chr20_56388784_56390555,133.254034,+
LARP1B,chr2_130182452_130190468,133.2495146,+
RBMS2,chr7_29121071_29146340,133.2468698,+
SNRPB2,chr8_103377308_103378026,133.2382629,-
SCMH1,chr1_40074183_40078559,133.2165978,-
RBM3,chr19_42512479_42521266,133.2155962,-
PNO1,chr3_168036994_168041391,133.199091,+
ANKHD1,chr10_112433281_112433540,133.1933467,+
ZFP36,chr4_184678394_184682247,133.1695231,+
ZC3H4,chr12_112013609_112022149,133.1679732,-
NUPL2,chr11_47639051_47642400,133.1667342,-
RBMS2,chr17_7931149_7931730,133.1623054,-
HNRNPF,chr9_136850560_136850754,133.1618671,-
U2AF1L4,chr16_85779867_85781210,133.1598693,-
SNRPF,chr1_110381795_110382833,133.1084525,+
FXR2,chr18_12311053_12329145,133.0712839,-
KRR1,chr1_110381795_110389236,133.052882,+
ANKS6,chr5_139293805_139314674,133.0334429,-
TRA2B,chr7_66554837_66560578,133.0150182,+
HNRNPL,chr21_37069624_37072144,132.9768567,+
RBM3,chr12_52052645_52053106,132.9640106,-
SAFB2,chr17_3663885_3664678,132.9588742,+
MKRN2,chr11_308438_309017,132.9423314,-
ZC3H4,chr1_161154070_161156949,132.9352558,-
NONO,chr22_35257557_35262322,132.9065104,+
ZFP36,chr6_31575927_31576766,132.9024365,-
ZC3H4,chr1_45334511_45339975,132.9011134,+
LSM6,chr3_129288997_129298353,132.9010629,+
MKRN1,chr1_155308965_155312254,132.8890969,-
STARD13,chr1_234373840_234374229,132.8800812,+
SAFB2,chr1_1405886_1406908,132.8591191,+
RBM23,chr4_105424322_105446382,132.8541155,-
DUS3L,chr14_35402663_35402770,132.8465668,+
RBMS2,chr20_35632923_35664801,132.7536397,+
PABPC1,chr3_149322340_149324879,132.7147106,-
TARDBP,chr2_17540182_17592069,132.712827,+
APTX,chr1_161209931_161210303,132.703532,-
PHC3,chr1_246999440_246999947,132.6652612,+
THUMPD3,chr22_42070366_42070762,132.6566014,+
LSM10,chr13_52659249_52661477,132.6420961,-
HNRNPH2,chr22_40400813_40402138,132.6247621,+
NOL8,chr13_21172681_21176347,132.5991999,+
PPP1R9A,chr15_89877424_89888520,132.5731911,-
UHMK1,chr3_195967990_195968218,132.5431195,+
TTC14,chr2_105384941_105386360,132.5293039,+
MATR3,chr17_44218296_44220739,132.5238808,+
LSM2,chr4_70836314_70839176,132.5165923,+
HTATSF1,chr2_150474984_150487267,132.5135322,-
YTHDC1,chr22_29278216_29286922,132.4241373,-
SAMD8,chr12_53034724_53037408,132.4077829,-
RBMS2,chr8_103375959_103378026,132.389636,+
MKRN1,chr19_54364486_54364770,132.3794288,-
ZC3H12A,chr11_46617890_46644278,132.3729866,-
PUM1,chr7_99411186_99416137,132.3700665,+
MEX3C,chr2_68053137_68062957,132.3443627,+
PPIL4,chr9_17143376_17166817,132.3429133,+
QKI,chr16_2772102_2776992,132.3299142,-
DDHD2,chr3_197142768_197194424,132.3245972,-
DHX57,chr2_101870415_101871493,132.3217257,+
RBM10,chr2_95956816_95960472,132.316332,-
ZCCHC17,chr10_72216138_72220053,132.304286,-
PNPT1,chr4_56453761_56459371,132.284924,+
ELAVL1,chr2_60538549_60545970,132.2818586,+
LSM3,chr6_37170879_37171124,132.2809861,+
TNRC6A,chr16_70316104_70324584,132.2656455,-
MBNL1,chr1_85036868_85041009,132.2651936,+
SSB,chr22_25448284_25455711,132.2602682,+
RBM12,chr7_107749047_107752544,132.2310241,+
SETD1B,chr12_871348_878211,132.2270122,+
RBM34,chr7_99411186_99416137,132.210431,+
EIF2S1,chr14_102086378_102086985,132.2102653,+
UNK,chr12_124782811_124786440,132.209554,+
PUM2,chr1_1308720_1309085,132.2070487,+
PAPSS2,chr19_38619223_38620336,132.1864318,-
RBM12,chr21_37069624_37072144,132.1708138,+
SCMH1,chr14_39265421_39276933,132.1330616,+
ESRP1,chr1_44750564_44753732,132.1257964,-
YTHDC2,chr7_135167807_135168785,132.1199389,-
SNRPA,chr3_14125205_14128854,132.115164,+
FUS,chr1_40074183_40078559,132.1080871,-
TIAL1,chr2_169812506_169819560,132.1007061,+
SAFB2,chr2_38315334_38317238,132.0749446,-
RBM18,chr15_90966653_90969446,132.0706258,+
CNOT4,chr5_179617911_179620891,132.0374274,+
PUM2,chr3_195683865_195685817,132.0337802,+
HDLBP,chr5_132488025_132490544,131.9999146,-
ZFR,chr12_124912180_124913320,131.9947362,-
RBM4,chr12_53467293_53468776,131.9862478,-
SFPQ,chr17_7016525_7016909,131.9791645,+
HNRNPL,chr10_27171083_27173120,131.9674546,-
NUPL2,chr9_75069102_75069894,131.963628,+
ACO1,chr4_165327946_165333339,131.9604879,-
HNRNPH1,chr14_63625033_63641803,131.9475462,+
MKRN2,chr17_58692685_58694930,131.9396527,+
U2AF1L4,chr7_22976305_22977340,131.9387859,-
CNKSR1,chr15_76292700_76311349,131.9387562,-
CSTF2T,chr3_184363565_184365132,131.9328175,-
PPIL4,chr8_10765916_10826151,131.9259962,+
RC3H1,chr6_4999904_5002100,131.9106619,-
SART3,chr11_86264263_86276979,131.9099521,-
MYEF2,chr9_3293258_3330258,131.8977456,+
SNRPN,chr9_133348388_133348921,131.8926865,-
SEC23IP,chr7_94629841_94639340,131.8881825,-
FXR1,chr7_27800090_27827737,131.8541298,+
YTHDF3,chr21_33403616_33410835,131.8479169,+
ZFP36L1,chr3_12609335_12618514,131.8406213,-
PPP1R10,chr3_193615770_193618868,131.8213833,+
SAFB,chr20_52098587_52105131,131.8186806,+
MKRN1,chr18_13726729_13731475,131.7908533,+
SNRNP35,chr17_28716058_28717212,131.76126,+
ELAVL1,chr16_89878627_89883350,131.7444594,+
TNKS2,chr2_95106457_95108253,131.7415758,-
HNRNPA1,chr14_49626048_49628011,131.7066108,+
GTF3A,chr1_161202480_161206406,131.7053014,-
PABPN1,chr19_48696079_48696378,131.7010572,+
DNAJC17,chr11_111882598_111883770,131.694699,-
SRRM1,chr1_245863886_245927930,131.6725279,+
HNRNPA3,chr15_90984140_90994406,131.6719537,-
EPHB3,chr22_38656750_38656955,131.6649441,+
TNKS,chr15_22839790_22851638,131.6573745,-
LARP4,chr11_119011311_119011938,131.6570849,+
LSM4,chr13_49661208_49691253,131.6538448,-
TRA2B,chr2_38315334_38317238,131.6526868,+
CPSF6,chr2_201140439_201145377,131.6288522,+
KHDRBS3,chr1_36457981_36461263,131.6082171,-
U2AF1,chr15_59642262_59657405,131.603,-
PSPC1,chr10_27147668_27148905,131.5964431,+
AKAP1,chr21_44427111_44435130,131.5734021,+
RNPS1,chr8_96585013_96593479,131.5504756,-
KHDRBS1,chr6_30741333_30742146,131.5347096,-
RBM27,chr10_97453663_97454713,131.531032,+
HELZ,chr4_103050382_103066326,131.5297494,+
RBM4,chr11_60939638_60941121,131.5115891,+
ZCRB1,chr17_72428298_72431127,131.511555,+
SLTM,chr6_13321095_13326786,131.5034268,-
NCBP2,chr12_56724523_56725262,131.4992971,+
TIPARP,chr8_47279980_47284027,131.4939475,-
DHX8,chr17_63830501_63830724,131.4550596,-
LSM4,chr1_1405886_1406908,131.4490725,+
ZC3H18,chr12_124911952_124913548,131.4338237,-
KIAA0020,chr10_72102967_72128081,131.4225752,+
TRMT2A,chr1_241849027_241850408,131.4195241,+
YTHDF3,chr3_184365049_184365132,131.4184346,+
PUM1,chr7_140696842_140702865,131.4113312,+
DKC1,chr15_73563257_73563378,131.4076507,-
NCL,chr19_288171_291325,131.3934872,-
PRPF3,chr22_42808890_42817141,131.3754042,-
ACIN1,chr1_39480009_39484600,131.3678858,+
PNPT1,chr12_53471807_53474868,131.3585119,-
LSM2,chr19_10679927_10681018,131.3583904,+
RBMXL1,chr3_180985996_180986997,131.3527205,+
CNKSR1,chr19_3575660_3576263,131.3119848,-
TOE1,chr4_139072039_139073453,131.2985614,+
SART3,chr1_155832950_155853275,131.2968933,-
SAMD4B,chr10_87170974_87180074,131.2960957,+
TRNAU1AP,chr3_170145521_170171372,131.2742163,+
ZC3H15,chr10_119169342_119172381,131.2638387,+
MBNL1,chr1_161072885_161073719,131.260366,+
ANKS1A,chr10_38017020_38017290,131.2457246,-
CSTF2T,chr8_53235111_53250780,131.2239449,+
HNRNPH3,chr6_13321095_13326786,131.208338,+
PTBP1,chr3_9689082_9697710,131.2047663,-
RBM34,chr7_74249829_74252428,131.2044311,+
CPSF7,chr8_144791496_144791839,131.1970764,+
HNRNPA3,chr3_51970184_51973964,131.1700509,-
SRRM1,chr4_56810184_56820535,131.1638258,+
RBM18,chr14_75053659_75061683,131.1548748,+
TNKS2,chr10_98429642_98430570,131.1541189,+
LSM3,chr5_70725287_70749576,131.1427579,+
ZGPAT,chr1_86704971_86719506,131.1374034,-
RBM3,chr1_204532246_204537429,131.1359804,+
STIM2,chr2_200811727_200813207,131.1226986,-
CIRBP,chr16_3023361_3023846,131.1048953,+
PPFIBP2,chr1_954523_955922,131.0890604,-
KIN,chr17_44321558_44322418,131.0868247,-
TARDBP,chr2_60541925_60545970,131.0783102,-
EWSR1,chr8_58553303_58565018,131.0523601,+
MYEF2,chr9_75077580_75078325,131.0461125,-
PPIE,chr9_36083562_36087693,131.010749,+
CNKSR1,chr10_27147668_27148905,131.002749,-
RBM22,chr9_26913947_26919309,130.9885663,+
G3BP2,chr11_62853833_62854518,130.9833904,+
BICC1,chr14_55680741_55684098,130.9820134,-
HNRNPD,chr19_5896997_5903611,130.9412881,+
ACO1,chr8_70583324_70586894,130.9141413,-
UNK,chr8_66460090_66460307,130.9058608,+
ARAP1,chr1_161072885_161073719,130.9043875,+
PUM1,chr10_35196142_35206894,130.8828097,+
ZC3H13,chr11_102320006_102321836,130.8825183,-
RBM5,chr10_94545907_94546376,130.8506045,+
SART3,chr8_103325498_103329654,130.8385813,-
PCBP1,chr7_73737110_73737561,130.8384254,+
SUPT6H,chr19_49560692_49576758,130.8383642,+
RBMS1,chr2_96547517_96549752,130.8367359,+
ZC3H12C,chr19_52300484_52373110,130.8208013,+
ZC3H4,chr3_149009402_149026759,130.7899454,-
SAFB2,chr22_41622086_41628117,130.7846436,+
SAMD4A,chr8_89971290_89981374,130.7591708,-
KRR1,chr10_119168533_119169176,130.7563866,+
RBM39,chr19_40348768_40366418,130.7527676,+
EEF1G,chr2_218661520_218661758,130.7477007,+
TIPARP,chr8_108229195_108248612,130.7273374,-
TOE1,chr1_155324809_155325101,130.7143072,-
LSM4,chr22_42086314_42087059,130.701275,+
SART3,chr2_99171646_99173413,130.7009406,-
HDLBP,chr7_74238988_74243145,130.6979519,-
STIM2,chr6_105323111_105323664,130.6955909,-
ZFP36L1,chr6_132815088_132816460,130.6906049,+
UHMK1,chr1_86704971_86719506,130.6743969,-
SEC23IP,chr14_23561635_23562287,130.6718077,+
ELAVL1,chr3_9941206_9943076,130.6715642,+
SF3A1,chr3_47912421_47914816,130.6124948,+
TRNAU1AP,chr18_21659343_21702315,130.6079934,+
HNRNPD,chr12_6331993_6333068,130.5968828,+
PPP1R10,chr3_15585342_15589539,130.5736096,+
U2AF2,chr12_54187905_54188950,130.5621959,+
DNAJC17,chr15_76292700_76311349,130.5579456,-
RC3H2,chr11_66438259_66438781,130.5579377,-
ZC3H7A,chr8_140948723_141001124,130.5503846,-
TRNAU1AP,chr1_28560732_28561112,130.5408765,-
PABPC4,chr14_103335932_103336676,130.4871982,+
PPFIBP1,chr10_7788263_7797046,130.4801242,-
ZC3H13,chr15_90982745_90984017,130.4785189,-
PTBP1,chr19_3575660_3576263,130.465308,-
RBM7,chr6_150887981_150898859,130.462854,+
UHMK1,chr12_75482079_75495576,130.4512371,+
ANKHD1,chr11_67240369_67243008,130.4375985,+
NAA38,chr19_7629860_7630822,130.4373889,-
KHDRBS1,chr4_70836314_70839227,130.4004426,+
SNRNP70,chr16_3023361_3023846,130.3817938,-
SFPQ,chr10_73911612_73912214,130.3560972,-
RBM7,chr15_90966653_90969446,130.3543021,+
SNRPD1,chr4_75917773_75919908,130.3211819,-
SGMS1,chr11_106059109_106077311,130.3136929,-
ESRP1,chr7_94628359_94655989,130.3015564,-
PARP12,chr3_9792705_9797658,130.3009432,-
DDHD2,chr17_5112101_5113385,130.2910004,+
EIF2S1,chr4_76124756_76148307,130.2822342,-
TNKS,chr15_50482065_50484274,130.2686079,+
HELZ,chr12_53441800_53442694,130.2580587,+
ZRANB2,chr20_46687231_46689126,130.2518024,-
HNRNPA1,chr16_46663162_46671704,130.2416413,-
UNK,chr7_103086764_103097276,130.2305717,+
LSM3,chr14_95533061_95534592,130.2281146,+
MCTS1,chr12_46387972_46652389,130.2258756,+
CPSF7,chr22_42087175_42090605,130.2214811,+
PTBP2,chr3_185925626_185937824,130.2120778,-
YTHDF1,chr13_31141259_31145562,130.1702598,+
IREB2,chr19_9157394_9158825,130.1686731,+
ZC3H15,chr11_62854551_62855132,130.1568865,+
G3BP2,chr14_58286827_58291634,130.1405987,-
PAPSS2,chr3_51970184_51973964,130.1362213,-
LSM2,chr11_86264263_86276979,130.1338892,-
RRP7A,chr8_98638560_98706466,130.1327293,+
LSM3,chr13_37007071_37008061,130.1298584,-
SEC23IP,chr10_73824084_73837467,130.1245076,+
SART3,chr7_87900878_87907187,130.1129116,-
PNO1,chr1_19374455_19378539,130.1062876,-
RBM17,chr2_61868706_61872081,130.0999185,-
ZC3H11A,chr10_72216138_72220053,130.0889855,+
TIA1,chr17_7224393_7224483,130.0870185,+
HNRNPAB,chr11_46617890_46644278,130.0855335,+
PPIE,chr13_44436095_44437175,130.0804166,-
RBM6,chr3_9977446_9986506,130.0768517,+
CARHSP1,chr8_144099199_144099276,130.0753163,+
FXR1,chr2_207624404_207625264,130.0513332,+
RBM7,chr15_90966653_90969523,130.0472536,+
HNRNPAB,chr17_7241679_7242240,130.0329743,+
RBM17,chr1_151027327_151033805,130.0180628,+
RBM25,chr6_122778574_122780290,129.999872,-
STARD13,chr5_180472661_180483114,129.989511,+
CPSF7,chr19_36007268_36008216,129.9880789,+
LSM3,chr1_207337250_207337328,129.9772268,-
PPIE,chr16_70656679_70656962,129.9706197,-
SAFB,chr3_179601790_179604526,129.9566716,-
TROVE2,chr18_30994372_30994453,129.9431441,+
PCBP4,chr9_36589652_36597221,129.9380223,-
HNRNPR,chr10_110569013_110575335,129.9298358,-
YTHDF2,chr8_143616440_143616566,129.9206045,-
SF1,chr6_13810600_13814014,129.9090471,+
TNKS,chr14_74298069_74300149,129.9083896,+
LARP7,chr8_94432656_94458267,129.8851941,+
LARP7,chr8_66460090_66460307,129.8801909,+
SNRPA,chr10_7788263_7796120,129.872762,+
CHERP,chr5_171910797_172006457,129.8692825,+
STARD13,chr5_169583889_169587198,129.8499969,+
HDLBP,chr8_144425772_144425921,129.789073,-
SAFB2,chr19_47205129_47209158,129.7879614,+
NUFIP1,chr1_28230252_28232920,129.7809082,-
TRMT2A,chr19_42297365_42300041,129.7690192,-
PCBP1,chr1_28574718_28577499,129.7503368,+
EPHB3,chr3_11807895_11808334,129.7432936,+
EPHA2,chr10_100986572_100986748,129.711667,+
ANKS1A,chr11_68050254_68050740,129.7052685,-
PHC3,chr13_49663195_49691253,129.7014036,-
ZFP36L1,chr20_35739547_35740524,129.6990527,-
TIA1,chr3_100568967_100570608,129.6910673,-
SAFB2,chr19_47130858_47143493,129.6745834,-
GTF3A,chr3_48295235_48296726,129.6690453,+
PCBP1,chr5_132488025_132490544,129.6574102,+
SAMHD1,chr3_186081175_186105304,129.6564659,-
SRRT,chr17_44320749_44321057,129.645163,+
PDCD11,chr1_243172846_243186258,129.6444156,+
THUMPD1,chr19_27793609_27797753,129.6433094,+
PCBP2,chr7_140351969_140352061,129.6279743,+
CPSF6,chr19_1615520_1615685,129.6228505,+
ZFP36L1,chr3_129288997_129298353,129.6103554,+
HNRNPA2B1,chr14_35402663_35402770,129.6085072,+
TIAL1,chr2_169812506_169819560,129.6077887,+
RBMS2,chr19_844034_846146,129.5995082,+
RRP7A,chr6_13326963_13328455,129.5968541,+
SCMH1,chr3_141738516_141745158,129.5929358,-
PPIE,chr13_27445156_27450141,129.5690524,+
PDCD11,chr1_75791571_75794083,129.5081315,+
SSB,chr17_51161272_51166826,129.500927,-
NOL8,chr18_79977701_79986601,129.4886185,+
ZFP36L2,chr12_52056159_52056493,129.4709982,+
FUBP1,chr17_28720430_28720706,129.455321,-
YTHDF2,chr5_87411346_87412434,129.4504248,+
LSM10,chr17_44321558_44322418,129.4368752,-
LSM7,chr19_3061257_3062173,129.4300062,+
SNRPD3,chr14_92704707_92709671,129.4219865,+
FXR1,chr7_107901817_107903477,129.4095077,+
ZC3H8,chr14_58291707_58293065,129.3824884,+
RBMX2,chr10_103392283_103392381,129.3407505,-
SNRPA,chr20_56390665_56392167,129.3256086,+
SETD1A,chr12_101617243_101629433,129.3199773,+
HNRNPH2,chr19_49664673_49665630,129.3129982,+
SAFB,chr14_92704707_92709671,129.3061827,-
SNRPE,chr6_89080973_89083752,129.2498275,-
SFPQ,chr2_206160710_206161345,129.2352382,+
MKRN1,chr14_53953400_53956758,129.2291502,+
YTHDF1,chr20_528049_543671,129.2048317,-
SRRM1,chr4_56810184_56820535,129.2048192,+
ZC3H8,chr6_135492291_135495813,129.199162,-
YTHDC1,chr2_68053137_68062944,129.1795072,+
CSTF2T,chr1_153642429_153645063,129.1677334,-
ZNF638,chr15_52557222_52569115,129.162125,-
SNRPC,chr11_67586211_67586388,129.1182527,+
RBM17,chr8_100948732_100951928,129.1149948,-
RBMS1,chr3_131001314_131016151,129.0929441,+
KIN,chr11_57530293_57530657,129.0916035,-
RBM19,chr16_80980879_80997313,129.0850381,-
CHERP,chr19_49860336_49860565,129.0793051,-
AKAP1,chr10_103106706_103111744,129.0787195,+
TOE1,chr17_49413291_49414241,129.0679779,-
SNRNP35,chr9_14088326_14112998,129.0641644,+
SSB,chr6_43054486_43055896,129.0638232,+
RBM42,chr20_56388202_56392167,129.0576583,-
RBM39,chr19_52849213_52890240,129.0504999,-
GRSF1,chr20_58889353_58895611,129.0492185,-
MYEF2,chr1_151762500_151763326,129.046308,-
FUBP1,chr2_173363895_173363999,129.0430963,+
HNRNPH2,chr3_10312730_10315320,129.0280171,+
HELZ,chr8_47939697_47953619,128.9943037,-
LARP7,chr11_33746059_33747129,128.9893167,+
BFAR,chr12_112013609_112022149,128.9866339,+
EWSR1,chr10_56358687_56358804,128.9775341,+
HNRNPA1,chr8_47935058_47935731,128.9688288,+
YTHDF2,chr3_10301374_10304025,128.9642713,+
HNRNPAB,chr20_36545068_36549076,128.960397,+
RBM12,chr5_70421357_70422112,128.9244172,+
SAMD13,chr2_58146474_58154753,128.9222273,-
ZCCHC17,chr1_173864704_173865509,128.9147775,-
U2AF1L4,chr16_56609057_56683957,128.8831313,+
EIF3G,chr12_46383713_46387746,128.8734478,+
RBM19,chr15_82754784_82756729,128.8734158,+
SYNJ2,chr20_34073635_34075873,128.8597809,-
YTHDF1,chr4_82898062_82899712,128.8503117,+
MKRN1,chr18_13726729_13731475,128.821101,+
SNRPA,chr5_66158932_66159218,128.8153989,+
PABPC3,chr2_60541920_60545970,128.8137084,+
ZCRB1,chr15_92883186_92885514,128.807422,+
RBM33,chr1_92832117_92833388,128.7785812,+
PPRC1,chr1_156213176_156225556,128.7722022,-
TRMT1,chr7_151055606_151056579,128.7639802,+
ACIN1,chr11_102607452_102677702,128.7589201,-
EIF3B,chr8_103421082_103430611,128.7582984,+
LARP4,chr6_44223641_44227259,128.736387,+
NIP7,chr15_84670782_84687624,128.6999148,-
PCBP2,chr14_45096758_45096886,128.678626,+
EPHB3,chr19_52888253_52890240,128.6674635,+
HNRNPH1,chr20_58891544_58891715,128.6663006,+
ACO1,chr8_73688813_73746782,128.6537108,-
ASCC1,chr4_169742107_169750535,128.6456066,+
G3BP1,chr3_9677387_9683177,128.6417731,+
ZFP36L1,chr14_96556413_96562818,128.640419,+
UHMK1,chr14_23561635_23562287,128.6344266,+
NUPL2,chr4_76130749_76132522,128.6255457,-
KHSRP,chr11_8956298_8964208,128.6217154,+
SSB,chr2_227340380_227352513,128.6201968,+
HNRNPH2,chr1_151167414_151168148,128.612992,-
RBM25,chr2_87455645_87480222,128.6045877,-
RBM47,chr7_128455909_128457200,128.598112,+
PABPC3,chr7_101218485_101222603,128.5844603,-
UNK,chr5_170805853_170809567,128.5659862,+
EPHB4,chr8_116938567_116948513,128.542016,-
SF1,chr10_35196099_35206894,128.5178991,-
EIF3G,chr12_48142066_48143752,128.5139826,+
SUPT6H,chr10_124498128_124498327,128.5119378,+
ZC3H4,chr18_21612443_21623747,128.483294,-
RBM18,chr2_43942803_43943686,128.4744894,+
MKRN1,chr1_193018820_193021096,128.4524615,-
RBMS1,chr2_135605016_135616667,128.4449384,+
LSM7,chr14_35110629_35121901,128.4447806,+
FXR1,chr1_154984066_154992712,128.4165709,+
NOL8,chr16_11556735_11587150,128.4143278,-
MYEF2,chr1_151166792_151166933,128.4126011,+
SNRPG,chr10_73246799_73247009,128.401349,-
PNO1,chr19_35158400_35160708,128.3774422,+
RBM22,chr8_60232379_60232484,128.3698775,+
CSTF2,chr3_52688206_52689073,128.3438527,-
PNPT1,chr1_154157721_154170399,128.3387998,+
FUS,chr7_44579628_44581448,128.3339323,+
SF3B4,chr11_65713058_65713347,128.3306114,+
TIA1,chr1_24464120_24468985,128.3250524,+
HNRNPM,chr19_45075822_45090106,128.2944664,+
CIRBP,chr17_35587663_35594007,128.2823046,+
SAMD4B,chr1_173864704_173865509,128.2678734,-
KIN,chr7_130400254_130400706,128.208265,+
RBM5,chr14_39321056_39326863,128.2068609,+
TIAL1,chr19_45079279_45079906,128.2001252,+
PHC3,chr1_151907406_151909359,128.1837492,+
PAPSS2,chr19_40617020_40619346,128.176455,+
LSM10,chr1_7962875_7969344,128.1736408,-
RBM47,chr8_61633727_61637959,128.1689688,-
KHDRBS1,chr1_1399689_1400157,128.1532083,+
PRR3,chr7_2235564_2238014,128.127885,+
SNRPE,chr14_104756760_104759218,128.1214738,-
LARP4,chr1_161202480_161206406,128.1177811,-
SETD1A,chr14_23564221_23564332,128.0910932,+
SRBD1,chr1_241867055_241872034,128.0871539,+
IGF2BP2,chr12_122218397_122224644,128.0746275,-
MATR3,chr2_218660421_218660938,128.0540065,+
ZC3HAV1L,chr14_58247832_58257744,128.0004939,-
NAA38,chr19_40348768_40366418,127.9936412,+
MBNL2,chr19_43526316_43526514,127.9708657,+
ZNF638,chr7_95406247_95409900,127.9490064,-
SCMH1,chr2_227325427_227332418,127.9084173,+
RBM33,chr2_39755960_39757247,127.8998416,+
PABPC3,chr11_103081004_103082747,127.8982292,-
TRMT1,chr15_48331726_48332267,127.8957904,-
CHERP,chr7_64815653_64831450,127.8747533,+
TRA2B,chr8_100288267_100313290,127.8456436,-
SART3,chr12_53296551_53297849,127.83551,-
LARP1B,chr4_82946474_82984160,127.8346153,+
PPP1R9A,chr3_131001344_131016151,127.8272941,+
DHX8,chr7_74053309_74056270,127.8246425,-
TUT1,chr3_193251500_193255650,127.8140168,+
ARAP2,chr3_193615770_193618868,127.8057159,+
ELAVL1,chr13_52659249_52661477,127.8054858,-
PCBP1,chr5_71060930_71061687,127.7959386,+
ZRANB2,chr19_44676421_44680287,127.7882866,+
RBM8A,chr20_31722330_31722617,127.7835767,+
FXR1,chr5_31530924_31531449,127.7799796,+
HNRNPR,chr19_5679763_5680054,127.7675256,-
PTBP1,chr7_27800090_27827737,127.7662811,-
EIF4H,chr1_182388750_182390496,127.7514007,-
ZNF638,chr1_86384801_86386914,127.7424273,+
TRNAU1AP,chr17_82036308_82036543,127.7195456,-
THUMPD2,chr3_11807895_11808334,127.7148726,+
RBM17,chr5_53646405_53683117,127.7018317,-
PABPC4,chr21_33450863_33460412,127.697021,-
HELZ,chr16_85779867_85781210,127.6843066,+
PRPF3,chr17_1365058_1400046,127.676741,+
SNRPD3,chr19_7921119_7921422,127.6673649,+
KHDRBS1,chr10_114163329_114173140,127.6459502,+
CNKSR1,chr6_42879951_42883450,127.6458239,+
TIPARP,chr14_21022497_21022863,127.645582,+
APTX,chr9_32987731_32988082,127.6351375,+
MEX3C,chr9_33026616_33029884,127.6341404,-
PARN,chr14_21022497_21022863,127.6259645,-
LEMD3,chr19_52814426_52817943,127.6211573,+
ZC3H12A,chr17_8463354_8466929,127.599656,+
PABPC1,chr1_155060832_155061414,127.5956378,+
SNRPF,chr1_19597109_19617257,127.5698798,-
PCBP1,chr12_55968948_55971043,127.5612656,+
SNRNP70,chr17_64514358_64516722,127.5577078,+
CHERP,chr12_48142066_48143752,127.5467321,-
SLBP,chr7_28570537_28718752,127.5234702,+
ZC3H14,chr3_53852997_53856843,127.5136479,+
SNRPN,chr8_108241913_108242111,127.5001026,-
RBM15,chr19_35497681_35498715,127.4852276,-
TNKS2,chr19_54364486_54364770,127.471905,+
ASCC1,chr2_135605016_135616667,127.4531084,-
MKRN3,chr17_49706309_49707729,127.4478582,+
MKRN1,chr4_56505693_56511184,127.4304938,-
RBM26,chr8_96585013_96593479,127.4298571,-
RBM25,chr10_99747390_99754528,127.4268682,+
RBM4,chr7_101240906_101251894,127.4187799,-
LSM5,chr7_22976305_22977340,127.4153263,-
DNAJC17,chr18_9204544_9208656,127.3921112,-
RC3H1,chr18_63985245_63986962,127.3875317,+
NCBP2,chr5_65554946_65561496,127.368713,+
RBMS1,chr11_95790743_95795515,127.3575101,+
TOE1,chr2_68047319_68062944,127.3337774,-
SF3B4,chr22_22304114_22306789,127.3078983,-
SART3,chr5_180472661_180483114,127.3054982,+
ZC3H13,chr1_16440853_16441165,127.2954229,+
G3BP2,chr7_91980958_91992157,127.285933,+
EIF2S1,chr10_75214070_75219062,127.27391,+
CPSF7,chr22_29296368_29298732,127.2719924,-
KIF24,chr5_69175537_69177290,127.259843,-
EIF4B,chr1_179083053_179087910,127.2438844,+
RBM10,chr2_71124543_71130179,127.2402563,+
BICC1,chr7_42927459_42932117,127.2369085,+
PABPC1,chr7_74045293_74046695,127.2022993,-
TIAL1,chr12_57599211_57600323,127.1964109,+
HNRNPA2B1,chr2_190683827_190685478,127.1917524,-
ZC3H14,chr2_159712606_159729008,127.1758441,+
ZC3H11A,chr1_156055425_156058314,127.1733368,-
RBM19,chr7_105306571_105388647,127.1663728,+
ZC3H13,chr3_37251484_37281957,127.1583156,+
LSM10,chr2_130182452_130190468,127.1317605,-
POLR2G,chr22_38665685_38668016,127.1150259,+
PPP1R10,chr20_25224157_25225161,127.1003103,+
EIF2S1,chr14_74298069_74300149,127.0957273,+
HNRNPA1L2,chr1_151540426_151562090,127.0936658,+
CCAR1,chr20_56388202_56390555,127.0897522,+
ZNF239,chr7_97966977_97969769,127.0759232,+
PNPT1,chr4_75973391_75975743,127.0727379,-
UPF3B,chr14_55679685_55680685,127.067148,-
RBM23,chr4_105424322_105446382,127.0663661,-
POLR2G,chr4_102826636_102827591,127.0528115,-
U2AF1,chr12_48142066_48143752,127.0417327,-
LARP7,chr20_37199225_37200446,127.0411387,-
PCBP4,chr4_74158281_74174505,127.0408373,+
ZFP36L1,chr12_65278865_65308528,127.035775,+
HNRNPA0,chr22_41622086_41636112,127.0200235,-
RBM28,chr1_153626533_153626950,127.0026735,-
PSPC1,chr19_9157394_9158825,127.0000697,+
AKAP1,chr18_12949907_12951854,126.9836461,+
RBM6,chr15_49631058_49632158,126.97697,-
NCL,chr1_154266568_154268759,126.9759043,+
NOL8,chr2_61017851_61018188,126.9681449,+
RBPMS,chr5_179807123_179811573,126.9678656,+
NIP7,chr4_82898062_82899712,126.9443513,+
MBNL1,chr8_54063375_54100907,126.9342137,-
RNPC3,chr2_95935644_95938986,126.9298348,+
YTHDF2,chr12_121652808_121659190,126.9084565,+
ZC3H3,chr16_66552793_66563071,126.9069876,-
PNPT1,chr6_13326963_13328295,126.8943393,+
HNRNPH1,chr13_75636726_75727028,126.8832946,+
RBM3,chr11_833026_836062,126.8829498,+
RBM5,chr19_54364486_54364770,126.8443501,+
APTX,chr7_94598963_94600645,126.8435947,-
SRRT,chr2_47379054_47379768,126.8325784,+
SRRM2,chr2_201118901_201129728,126.8202273,+
TRMT2A,chr4_56810184_56820535,126.813383,-
CIRBP,chr2_101859864_101864929,126.8117689,+
ZCRB1,chr6_30688942_30690841,126.7959614,+
PAPSS1,chr22_41584058_41584526,126.775654,+
RBM39,chr8_100705673_100709132,126.7605606,-
NIP7,chr16_766490_766697,126.7602768,-
ZCRB1,chr12_48681641_48681857,126.7187782,-
THUMPD3,chr11_67400919_67401727,126.6682566,-
ANKS1A,chr2_27350632_27356738,126.6625599,-
G3BP2,chr8_55773719_55785718,126.6589015,-
RRP7A,chr8_51839638_51845660,126.6533923,+
POLR2G,chr3_37251484_37281957,126.6497444,-
PPP1R9A,chr1_10431401_10433841,126.6416011,+
PABPC3,chr15_90966653_90969523,126.6408333,+
SRRM2,chr17_76727178_76732977,126.6329037,+
LSM3,chr20_45814470_45815853,126.6113494,-
SNRPN,chr14_39265421_39276933,126.5790163,+
PTBP1,chr19_49666799_49667021,126.5780369,-
ZMAT5,chr17_75130867_75130964,126.5730899,-
CIRBP,chr2_10785030_10787280,126.5710922,+
ZFP36,chr6_31575927_31576766,126.5627572,-
ZC3H3,chr1_156011887_156014960,126.5445932,+
PNPT1,chr4_183651323_183655880,126.5318306,+
SNRPN,chr3_195662733_195663623,126.5246917,+
MATR3,chr1_9997331_10008172,126.5200845,-
LRSAM1,chr8_106713985_106737519,126.5131941,-
MSI2,chr7_7673453_7801669,126.5077299,+
ZNF638,chr19_852578_852875,126.5019557,-
RBM18,chr1_193016395_193020306,126.4589996,-
RBM17,chr1_161212654_161213379,126.4587245,-
PUM1,chr19_35762146_35762252,126.4433063,+
DAZAP1,chr2_173217250_173229688,126.4376984,+
MKRN1,chr4_673401_674211,126.4331426,-
ZC3HAV1,chr8_47944029_47953619,126.424921,+
HNRNPAB,chr7_128754455_128754528,126.4068202,+
NUFIP1,chr1_234373840_234374229,126.404804,-
PHC3,chr19_53866417_53869753,126.4027779,-
PUM1,chr19_35266738_35266838,126.4002389,-
SART3,chr4_108655657_108667246,126.3942542,-
NIP7,chr11_95788563_95790155,126.3875176,+
NUFIP1,chr1_145893635_145895630,126.3777699,+
MBNL2,chr11_47639051_47642400,126.3749271,-
DGKD,chr1_155309076_155310042,126.3715527,-
INPPL1,chr7_107186681_107190172,126.3671051,+
YTHDC1,chr11_314356_314921,126.3620588,+
SLTM,chr8_54132413_54136510,126.3534463,-
SAFB2,chr20_34073635_34075873,126.3116107,+
NAA38,chr13_27445156_27450141,126.3077602,+
PARP10,chr1_155309076_155310042,126.3063907,+
PABPC4,chr3_9941016_9941110,126.2792389,-
EIF2S1,chr3_42619708_42621428,126.2788969,+
HNRNPR,chr10_110569013_110575335,126.2768974,-
SAFB,chr1_151540426_151562584,126.2722696,+
ZCCHC14,chr3_4453049_4467324,126.2679377,-
SLBP,chr17_67338621_67339404,126.2315629,+
HTATSF1,chr16_70316104_70324584,126.2263423,-
LSM2,chr5_75687328_75689011,126.20958,+
SAMD10,chr1_155060832_155061903,126.2046928,-
PUF60,chr6_73520056_73521506,126.2004255,-
STIM2,chr1_20780540_20786513,126.1989668,+
CASKIN2,chr14_35116737_35121901,126.1861699,+
SF1,chr9_73154342_73158521,126.1831215,-
RBMS2,chr13_27430621_27432730,126.1783471,+
RBM33,chr12_96295122_96297626,126.1609041,+
EEF1G,chr5_43555999_43556818,126.1568676,-
DAZAP1,chr1_86868102_86880661,126.1444242,+
KIAA0020,chr1_6232119_6234885,126.1213991,-
PNPT1,chr1_161209931_161210303,126.1091755,-
SETD1A,chr11_76453388_76458182,126.0933251,+
RBM26,chr10_73911612_73912214,126.0926931,+
RBM6,chr3_197854445_197858833,126.0914631,+
ZFP36,chr7_66770467_66771882,126.0849416,+
RPS3,chr3_37146627_37148893,126.0848758,-
RBM45,chr9_162469_172080,126.0750043,-
NONO,chr18_55279656_55321669,126.0662084,+
ANKS1A,chr4_139678642_139703454,126.0558606,-
PABPC4,chr12_21508109_21508382,126.0549284,+
SCMH1,chr19_42512479_42521266,126.0365387,+
ZGPAT,chr9_128461067_128469182,126.022012,+
RBM15,chr16_66552793_66563071,125.9964959,-
RNF113A,chr9_32558954_32572880,125.987863,-
MYEF2,chr11_314356_314921,125.9742908,+
SSB,chr20_5115572_5118768,125.9513932,-
PSPC1,chr7_151491014_151519459,125.9510284,+
EPHB4,chr21_33557316_33557545,125.9349108,+
SNRNP70,chr6_73520056_73521506,125.9184002,-
SLBP,chr19_49659833_49661947,125.9139678,+
HNRNPR,chr10_38017020_38017290,125.9105305,-
LSM6,chr17_51160081_51161097,125.8951594,-
ZC3H4,chr5_32588584_32591568,125.8945905,-
ANKHD1,chr8_103403324_103407633,125.8766769,+
ZC3H11A,chr14_96556413_96564954,125.8733053,+
FXR1,chr5_122070768_122074012,125.8557484,-
SNRNP70,chr16_3023361_3023846,125.8361787,-
SNRPG,chr6_27126462_27127263,125.82017,+
THUMPD2,chr19_36548322_36554669,125.8180745,+
KHDRBS3,chr2_227325427_227332418,125.8024973,-
TRA2A,chr19_48939701_48944823,125.7994796,+
HNRNPA1L2,chr17_76089320_76090328,125.79741,-
THUMPD1,chr11_102627311_102677702,125.7808536,+
SGMS1,chr6_28086386_28088562,125.771971,+
LSM10,chr20_56388202_56390555,125.7626772,+
EIF4H,chr8_100259997_100264033,125.7601829,-
LARP1B,chr7_110663721_110963499,125.7504275,-
RRP7A,chr2_218661520_218661758,125.7427963,-
RBM10,chr13_48976917_49006151,125.7331347,+
NONO,chr5_180793097_180808647,125.7083333,+
LSM5,chr11_67583844_67584133,125.7043039,+
FUS,chr2_74491666_74492003,125.6909854,+
IGF2BP2,chr5_150392176_150392707,125.6884379,+
AKAP1,chr11_10806047_10807254,125.6784567,-
TROVE2,chr1_41034048_41037361,125.65951,+
DAZAP1,chr2_46591925_46592474,125.64484,+
SRRT,chr1_225505053_225507950,125.6297916,+
ZC3H11A,chr12_6331993_6333068,125.6267535,+
CHERP,chr8_103377308_103378026,125.6257492,-
NONO,chr3_158650061_158652095,125.6216172,+
SF3B4,chr20_59037299_59038465,125.6186874,-
MSI1,chr14_64224547_64224995,125.6108158,+
FMR1,chr6_41067437_41070075,125.6105416,+
ANKHD1,chr21_17601522_17604859,125.60512,-
SAFB2,chr2_202278002_202278211,125.603898,-
THUMPD1,chr14_58293138_58297954,125.5919079,-
TRA2A,chr19_11041560_11058257,125.5861448,+
ZNF239,chr2_37376302_37384167,125.5729747,+
RBM7,chr1_145623160_145623592,125.552152,-
CSDE1,chr12_56158711_56159497,125.544108,-
RBM17,chr3_196496471_196502872,125.5128897,+
GTF3A,chr2_9420100_9422478,125.5054878,-
EWSR1,chr1_87331814_87332012,125.4340378,+
UNK,chr5_176352748_176359810,125.4316333,-
CARHSP1,chr19_42512479_42521266,125.4122775,-
ZC3H15,chr11_10855118_10856143,125.4114631,+
MBNL1,chr6_41789332_41789567,125.382714,-
GTF3A,chr14_92117642_92121641,125.3812832,+
SAMD4B,chr1_149176250_149177157,125.3689583,+
RBM26,chr1_169793897_169794869,125.3685085,+
ZC3H15,chr2_130425158_130425913,125.3397557,+
PAPSS2,chr11_57737668_57737835,125.339718,-
RC3H2,chr1_161073299_161073719,125.3371971,+
HNRNPH3,chr3_196270541_196287531,125.3247165,+
TRNAU1AP,chr17_75286802_75289353,125.3187203,-
ZFP36L1,chr19_44213244_44228445,125.3041728,+
LRSAM1,chr2_65089070_65097970,125.2988618,-
MEX3C,chr7_77002321_77003288,125.2961918,-
EEF1G,chr17_82483304_82483715,125.2901981,-
U2AF1L4,chr5_134174022_134174461,125.283658,-
EIF4H,chr1_84498548_84506010,125.2721913,-
POLDIP3,chr10_133311816_133312787,125.2601102,+
RBMS1,chr5_31531525_31531989,125.2586023,+
ESRP1,chr8_47280017_47291032,125.2576689,-
PABPC1L,chr7_148815954_148816683,125.2506927,+
SF1,chr15_74929232_74937914,125.2467867,+
INPPL1,chr3_57584032_57584383,125.2358268,-
ZCRB1,chr7_100093663_100094172,125.233343,-
ELAVL1,chr7_87860169_87860571,125.2165599,+
PUF60,chr2_182736386_182739544,125.2125454,+
PAPSS2,chr1_150220761_150226607,125.1729147,-
NUFIP1,chr7_148757150_148759547,125.154165,-
UHMK1,chr12_75482079_75495576,125.1463652,+
ZRANB2,chr3_15582989_15589539,125.1337884,+
FUS,chr7_42924797_42932117,125.1266384,-
EPHA2,chr22_37808163_37809948,125.1248075,+
MSI1,chr14_21263336_21269297,125.1246953,+
LSM2,chr22_41682587_41688793,125.1180285,-
MCTS1,chr1_228146938_228147405,125.1120736,+
SNRPG,chr19_7629860_7630822,125.112028,-
HNRNPAB,chr13_95983864_95986332,125.0968733,+
YTHDF2,chr17_76727213_76729689,125.0901779,+
PTBP2,chr19_38290280_38290517,125.0850844,-
PCBP2,chr2_58165874_58198578,125.065513,+
RBM6,chr11_9474024_9474552,125.0645665,+
GTF3A,chr3_48295235_48296726,125.0366396,+
HNRNPH1,chr19_40775669_40775751,125.0362158,+
SNRNP35,chr12_21501948_21512294,125.033552,-
ZFP36L2,chr10_103394394_103396408,125.0264487,-
CNOT4,chr1_220074071_220089685,125.004515,+
ZGPAT,chr8_63169411_63186146,124.990874,-
SNRPA,chr3_48601470_48603563,124.9906022,-
LARP4B,chr2_135742594_135748266,124.9760854,+
RBM39,chr10_73911612_73912214,124.9744362,-
RBM7,chr6_143061066_143061213,124.9737309,+
FXR1,chr14_92704707_92709671,124.9628302,-
ESRP1,chr3_9468575_9470458,124.9600996,+
RNPS1,chr13_49661208_49669776,124.9254238,+
THUMPD3,chr2_100993527_100995399,124.9193831,+
PNO1,chr21_43095743_43101365,124.8952446,+
CSTF2T,chr2_241268541_241315569,124.8664777,+
MBNL1,chr1_156293209_156294017,124.8548763,+
RALY,chr19_1615520_1615685,124.8510571,+
MKRN1,chr10_97453663_97454713,124.848848,+
EPHB3,chr14_64926080_64943298,124.8340621,-
RC3H2,chr7_54757594_54759157,124.831528,+
RBM17,chr9_83665145_83669184,124.8260682,+
DHX8,chr19_44213244_44228445,124.8166933,+
ZFP36L2,chr6_136278770_136279762,124.8146014,+
AKAP1,chr18_662320_670691,124.8123911,+
RBM47,chr1_151199081_151224244,124.8080697,-
RBM6,chr16_31091342_31093311,124.8010339,+
HELZ,chr10_31461237_31466426,124.7966919,+
EIF3G,chr15_73563257_73563378,124.7831825,-
SNRPD2,chr10_95684624_95686494,124.781154,+
RALY,chr11_57737668_57737835,124.7761771,-
SNRPN,chr3_15240853_15242177,124.7658789,+
PPIE,chr5_134738792_134743986,124.7625687,+
INPPL1,chr19_11123344_11129512,124.7546113,-
SFPQ,chr7_73692646_73693328,124.7382648,+
FUBP1,chr19_10679927_10681018,124.7258083,-
ANKS6,chr3_58306417_58310506,124.7187482,-
HTATSF1,chr8_129760589_129760897,124.6997624,-
ZC3H15,chr15_72200655_72202453,124.6921683,+
GTF3A,chr2_9588328_9591391,124.6813985,+
SETD1B,chr12_46387972_46652389,124.6781334,+
DUS3L,chr4_13368650_13369870,124.6752629,+
NSUN6,chr19_1104127_1105129,124.6694575,-
IGF2BP2,chr1_44635588_44636029,124.635995,+
ESRP1,chr2_130425158_130427703,124.6314592,+
CNKSR1,chr12_69362907_69370705,124.6300818,-
RBM6,chr17_76727178_76729689,124.6049226,+
LSM1,chr9_87726253_87727593,124.6048176,+
ZFP36,chr18_12949907_12951854,124.5851355,-
SAMD4B,chr14_103335932_103336676,124.570215,-
ZCRB1,chr11_119056167_119057152,124.5424457,+
HNRNPL,chr5_140695845_140696520,124.5408871,+
SRRM2,chr3_9363312_9365015,124.5359412,-
SAFB2,chr6_4996420_4999808,124.5187946,-
MBNL1,chr3_141738516_141745158,124.5063154,+
POLR2G,chr3_42621516_42630545,124.4877697,+
EIF3B,chr5_178150993_178153490,124.4744594,+
PAPSS1,chr7_120955624_120966625,124.4682682,+
PRR3,chr11_115198438_115209573,124.4637705,+
RBM23,chr16_4454927_4455545,124.4611783,+
EIF4B,chr8_108241913_108248612,124.4348739,+
UPF1,chr7_66086662_66087333,124.4259481,-
ANKRD17,chr22_35262421_35263077,124.4232349,+
PHC3,chr17_63830501_63830724,124.4189877,+
SNRPE,chr8_58434504_58445906,124.4094601,+
PABPC3,chr19_12668617_12669353,124.4057361,-
EIF4B,chr20_56388202_56390555,124.398207,-
ZC3HAV1L,chr7_2239676_2242161,124.3879172,+
UHMK1,chr11_65713058_65713347,124.3787192,+
CARHSP1,chr1_178300118_178390099,124.3713469,+
SNRNP35,chr19_35497681_35498715,124.3676575,+
FUS,chr2_97538363_97541910,124.3664458,+
PPFIBP2,chr20_54157289_54158085,124.3618789,+
PUF60,chr3_37154656_37174538,124.3618293,-
PAPSS1,chr12_124912427_124913567,124.3603077,+
POLR2G,chr3_141738516_141745158,124.350163,-
RBM5,chr15_50482065_50489800,124.3494451,+
PDCD11,chr1_155308965_155309788,124.3337387,-
ZFP36,chr12_21501948_21512294,124.316351,+
GTF3A,chr10_7807010_7807658,124.3114119,+
PUM1,chr3_191375589_191380158,124.3107569,+
PTBP2,chr6_30061669_30062223,124.3000348,+
RBM8A,chr1_155241180_155244505,124.2956072,+
HNRNPK,chr6_122633367_122717786,124.2944173,+
RBMS1,chr7_73686900_73686998,124.272337,+
GTF3A,chr8_101201743_101205434,124.2419464,+
ZC3H11A,chr12_51049185_51052091,124.2322733,+
HNRNPH2,chr8_85109800_85110114,124.2262795,+
PPRC1,chr1_33031661_33036735,124.2258911,+
DKC1,chr6_20548705_20558541,124.1913337,+
G3BP1,chr9_33026616_33026812,124.1804984,+
RBM5,chr17_75286802_75289353,124.175145,-
LSM3,chr2_119679225_119680831,124.1647958,+
PPFIA1,chr1_23418009_23424564,124.1532872,+
SNRPA,chr19_48993923_48994775,124.1328249,-
POLR2G,chr17_7577916_7578164,124.1301704,+
UNK,chr3_12503784_12516610,124.1178472,-
ZC3H12C,chr7_90405612_90412643,124.1128954,-
DHX57,chr15_78546698_78548789,124.0992994,-
ZC3H4,chr11_72189759_72190575,124.0846439,+
MBNL2,chr1_114575751_114581298,124.0802312,-
SAFB2,chr13_49661208_49669776,124.0684633,+
RRP7A,chr20_34516461_34526271,124.0618494,+
HNRNPK,chr12_120563070_120563331,124.0417771,-
PCBP1,chr1_154272776_154273479,124.0312886,-
PCBP4,chr19_35497681_35498715,124.0232992,-
MSI1,chr3_15240853_15242177,124.0025304,+
SSB,chr2_169801026_169805664,123.9972183,-
TIPARP,chr13_110880112_110883552,123.9949573,+
CSTF2T,chr7_27800090_27827737,123.9900414,-
PPIE,chr4_82861708_82863317,123.9877611,-
MSI2,chr19_40365585_40366418,123.953639,+
CSTF2T,chr10_89010600_89011998,123.9516669,+
KIN,chr15_29701689_29704161,123.9483672,-
EIF4H,chr19_12668617_12669353,123.9482754,-
TAF15,chr6_36678939_36684096,123.9337136,+
RBM4,chr10_43644801_43646059,123.93004,+
CPSF4,chr1_6232119_6234885,123.9143225,-
PABPC1,chr18_23466276_23473428,123.9070279,-
LSM3,chr4_55600575_55607297,123.9056702,-
RBM12,chr9_92323351_92323440,123.9025029,+
RBM42,chr9_129609178_129632649,123.8640585,+
POLR2G,chr14_53953400_53956758,123.8494993,-
MKRN2,chr9_90865097_90867130,123.8341876,-
PUM1,chr11_36594641_36610080,123.8323517,+
YTHDF1,chr20_50942126_50945846,123.8243469,-
BICC1,chr15_90969120_90969523,123.8177978,-
PUM2,chr6_26127761_26138053,123.8165273,-
IGF2BP2,chr4_169717867_169719906,123.8115279,+
TRA2B,chr19_6373557_6374202,123.8079215,+
EPHA2,chr8_69495926_69501873,123.8034738,+
SNRPD3,chr14_21263336_21269297,123.7991072,+
RBM26,chr5_171910797_172006457,123.7989688,+
YTHDF3,chr19_55388048_55391553,123.7930557,-
RBM18,chr8_53801896_53814661,123.7837312,-
ZRANB2,chr11_111910449_111910633,123.7813113,+
SNRPF,chr5_179617911_179620891,123.7467913,-
TRA2B,chr6_36540207_36547189,123.7417102,+
FMR1,chr17_44321558_44322418,123.7407709,-
POLR2G,chr17_7241460_7241600,123.7308684,+
PAN3,chr19_45499725_45499948,123.7219099,+
PNO1,chr16_66552793_66563071,123.7211636,-
SNRPD2,chr20_421153_422126,123.712292,+
RNF113A,chr8_127796008_127890588,123.7120413,+
EPHA2,chr12_65278865_65326825,123.703885,+
SAMD4A,chr5_139314736_139316075,123.6975744,+
SAMD4B,chr12_53986686_53989168,123.6924226,+
FUBP1,chr7_55951930_55954908,123.6169584,-
ESRP1,chr2_37148939_37156907,123.6164701,+
HNRNPA3,chr11_95795559_95799231,123.6124814,+
RC3H1,chr19_16185765_16190886,123.5973172,+
HNRNPAB,chr7_20332023_20363636,123.5963348,+
EIF3G,chr10_84139577_84141461,123.5859405,+
HNRNPK,chr1_222815171_222835118,123.5856764,+
BFAR,chr4_103098802_103099782,123.5838511,-
TOE1,chr1_2397220_2400856,123.5780457,-
ZC3H11A,chr6_10726008_10730614,123.5661189,-
TNRC6A,chr11_73825796_73843246,123.5545974,-
HNRNPA0,chr6_17507312_17539268,123.5498366,+
SNRPC,chr12_16354378_16363794,123.5200552,-
NCBP2,chr6_41789332_41789567,123.5096363,-
SF1,chr7_73737110_73737561,123.5031629,+
PPFIA1,chr7_5529733_5530523,123.4923429,-
RBM47,chr5_170805853_170811955,123.4786787,-
STARD13,chr14_95533061_95534592,123.4762798,-
KIN,chr15_78545764_78546574,123.4557271,+
APTX,chr14_101917947_101925140,123.4538844,+
DHX8,chr12_56724523_56725262,123.4336038,+
RBM34,chr8_55773719_55785718,123.4188677,-
PSPC1,chr15_50424654_50439008,123.4107681,+
RNPS1,chr12_110492122_110496011,123.3985086,-
RBM5,chr4_169742107_169750535,123.3980752,+
PAPSS2,chr21_46649739_46664294,123.3675947,-
ZC3H7A,chr12_26914128_26916001,123.3607243,-
SEC23IP,chr17_7013516_7013665,123.3586651,-
SNRPC,chr1_43975974_43976089,123.3328762,-
UNK,chr2_102764427_102775129,123.3126134,-
HNRNPK,chr19_53432028_53441795,123.308298,+
RRP7A,chr7_77685328_77696171,123.305908,+
CHERP,chr3_9816202_9817644,123.2916563,+
MATR3,chr1_110381795_110389236,123.2887197,+
ASCC1,chr1_25243633_25244453,123.2864067,-
RBM47,chr12_109947504_109951166,123.2853385,+
RBM12,chr4_137528820_137529601,123.2776232,+
CNKSR3,chr8_100259246_100261541,123.2769848,-
ACIN1,chr3_27404963_27411641,123.2738039,+
YTHDF2,chr3_177065022_177079826,123.2723404,+
ZFP36L2,chr12_52897618_52898678,123.2615064,-
SNRPC,chr2_102387000_102390055,123.2468299,+
MYEF2,chr8_89971290_89981374,123.2448578,-
HNRNPA2B1,chr10_124498128_124517179,123.2433251,+
LARP4B,chr1_94478315_94478523,123.2339085,+
IGF2BP2,chr14_39321056_39326863,123.2190278,+
PNPT1,chr7_12640517_12644583,123.1982001,+
GRSF1,chr7_74243246_74249738,123.1978304,-
UPF3B,chr7_107749047_107752544,123.1841656,+
FXR1,chr15_69421752_69422325,123.1835951,+
SRRT,chr7_77002321_77004217,123.183233,+
ZC3H12C,chr6_20548705_20558541,123.1746046,+
PPFIA3,chr7_120955624_120966625,123.172398,-
ZFR,chr16_28845055_28845911,123.1688456,-
ANKS1A,chr8_69493125_69495764,123.162828,+
EIF4B,chr1_151166792_151166933,123.1583873,-
PRPF3,chr10_73252037_73252469,123.153409,-
RC3H1,chr11_308438_309017,123.1214484,-
YBX2,chr21_42382234_42382694,123.1133601,-
MCM3AP,chr13_23668082_23673371,123.1093864,+
CIRBP,chr16_46663162_46671704,123.1076814,-
RBM25,chr7_27800090_27827737,123.1040293,+
RPS3,chr2_27691867_27693684,123.0850013,+
CCAR1,chr11_86270157_86276979,123.0838327,+
SFMBT2,chr17_51161272_51166826,123.0717022,+
ZC3H11A,chr20_36545068_36549076,123.0691443,+
ZC3H12A,chr6_28086386_28088562,123.0643654,-
ZFP36,chr1_75791571_75792196,123.0608477,+
PCBP1,chr8_27748279_27752511,123.0540173,+
RC3H1,chr19_36322030_36330252,123.0505527,-
PNPT1,chr5_179617648_179617798,123.0464501,-
RBM27,chr1_145893635_145895630,123.0399665,-
SUPT6H,chr2_73732285_73732583,123.0393011,-
RBM12,chr9_32558954_32570959,122.9915286,+
TDRKH,chr8_143739705_143739858,122.9912241,+
HNRNPM,chr7_92131872_92134665,122.9893595,-
RBM41,chr17_6641100_6641752,122.9669569,+
RBM3,chr5_178149838_178150887,122.964588,+
SAMD10,chr8_63169411_63172652,122.9457167,-
PABPC3,chr7_94628359_94655989,122.9287446,+
PRPF3,chr2_134945975_134946100,122.9287307,-
NCBP2,chr3_160412849_160413472,122.9229685,-
NCBP2,chr1_155308965_155309788,122.9112232,+
ZC3H15,chr7_100051610_100056910,122.9104632,+
ELAVL1,chr8_103421082_103430611,122.9102068,-
LSM7,chr12_49741611_49752463,122.8972578,+
NOL8,chr3_49278451_49280743,122.8900462,+
TRMT1,chr7_151055606_151056579,122.8708223,+
ELAVL1,chr20_54157289_54158085,122.8702007,-
CNOT4,chr2_130426263_130427703,122.8546928,+
HNRNPL,chr18_62161385_62186843,122.8436277,+
PNO1,chr17_28655483_28662045,122.838197,-
ACIN1,chr12_52245632_52248590,122.8373679,-
HNRNPH3,chr5_180467364_180483114,122.7772446,+
SNRPC,chr8_55763980_55773226,122.769026,+
THUMPD1,chr9_129609178_129632649,122.7652892,+
NIP7,chr19_46838799_46839464,122.7474353,+
CNKSR1,chr4_56511347_56518761,122.747063,-
RBM26,chr1_44655209_44660173,122.7433055,+
DGKH,chr17_7015156_7016494,122.7410373,-
PABPC1,chr2_112586124_112586199,122.7304962,-
SRRT,chr3_42621516_42630545,122.7284869,+
PPFIBP2,chr5_71062796_71067654,122.7252141,+
DUS3L,chr12_75482079_75495576,122.7232688,-
EEF1G,chr14_35110629_35121901,122.7207182,+
NCL,chr8_54062324_54063327,122.7141404,+
HNRNPA2B1,chr2_134945975_134946100,122.683167,+
MBNL2,chr14_58346505_58347646,122.6745254,+
RBM15B,chr6_4999904_5002100,122.6633464,+
MKRN1,chr1_70230618_70231094,122.6581267,+
PAPSS1,chr1_150441023_150441880,122.652325,+
RBMXL1,chr18_63331901_63338799,122.6463586,+
POLDIP3,chr6_149598350_149603267,122.6408973,-
RBM5,chr6_126340444_126346204,122.6401976,-
RBM3,chr12_46370627_46370775,122.6274999,+
EPHA2,chr15_92883186_92885514,122.6166317,+
MBNL3,chr2_101870415_101871493,122.6067422,-
RC3H2,chr6_80022472_80026380,122.5813661,-
KRR1,chr9_3301620_3330258,122.5813079,+
RBM14,chr17_7577916_7578341,122.5735373,-
EPHA1,chr4_103050382_103066326,122.5724807,-
YTHDF1,chr1_19374455_19378539,122.5690303,+
MYEF2,chr12_26914128_26916001,122.5060433,-
FUS,chr16_89878627_89883350,122.494438,-
HELZ,chr14_77327552_77329122,122.478189,-
RBMX2,chr3_37355187_37366079,122.4777457,+
RBM33,chr5_71062796_71067493,122.4649465,+
ZC3H15,chr5_39383271_39388798,122.4647814,-
LSM6,chr7_72950196_72953325,122.4581542,+
PAPSS1,chr5_170788668_170794230,122.4568903,-
SAFB2,chr1_153619038_153626319,122.4272517,+
RBM28,chr6_122701500_122717786,122.4249443,-
TNRC6A,chr9_36083562_36087693,122.3972893,+
CARHSP1,chr1_155325910_155326897,122.3876783,+
SAFB,chr12_6567922_6568138,122.380162,+
RBM45,chr11_105041719_105044391,122.3782128,+
RBM4,chr5_132998850_133006758,122.3617791,+
ZC3H4,chr2_97118517_97142639,122.345161,-
ZC3H13,chr14_49626048_49628011,122.3446165,+
PNPT1,chr13_75834387_75835151,122.3407279,+
TIAL1,chr12_57599211_57600323,122.3333662,+
CHERP,chr20_36461510_36496704,122.3173981,+
DHX8,chr11_77813708_77820527,122.3072601,+
EIF4H,chr6_78990982_78997413,122.2962353,-
SNRPA,chr13_113539507_113548302,122.2941546,+
SF3B4,chr3_194406116_194412198,122.2833046,+
SNRPN,chr12_4612718_4613514,122.2760785,+
ZGPAT,chr8_103377308_103378026,122.2697889,-
PABPC3,chr16_80981877_81006733,122.2645946,-
HNRNPH2,chr5_134206131_134225208,122.2553402,+
LSM3,chr10_73246799_73247009,122.2485123,-
SAFB2,chr14_21023321_21025028,122.2384274,+
ACIN1,chr1_150441023_150441880,122.2291317,+
SETD1A,chr19_10177367_10180186,122.2250151,+
ESRP2,chr14_58274010_58274096,122.2227108,-
FUBP3,chr1_42746852_42747252,122.215572,-
QKI,chr8_74823467_74825256,122.2145879,+
PHC2,chr2_39757368_39761330,122.2114195,+
EPHB4,chr11_93734660_93737063,122.2056573,+
SNRPA,chr12_124912506_124913418,122.2006835,-
RRP7A,chr6_10749268_10755141,122.1983084,-
RBM47,chr11_93807635_93811852,122.1829088,+
PNPT1,chr3_10312730_10315320,122.1643946,+
POLR2G,chr8_73688813_73746782,122.1612191,-
TIA1,chr7_12687728_12688168,122.1558933,+
TRA2A,chr19_53867943_53869689,122.1317168,+
ANKRD17,chr18_21622801_21623747,122.1212924,+
RBMS2,chr7_35162094_35179017,122.1172285,+
RBM18,chr9_128461010_128469182,122.0943173,+
U2AF2,chr1_44635666_44636029,122.0902206,+
LSM7,chr19_10133701_10135735,122.0876656,+
FMR1,chr17_7224393_7224483,122.0844577,-
ZC3H3,chr2_209700338_209704449,122.0787517,+
TOE1,chr12_51269316_51269536,122.0750492,-
RBM5,chr9_111597432_111599338,122.0661394,+
DNAJC17,chr7_105306571_105388647,122.0593721,+
SNRPA,chr3_14129085_14129411,122.0593085,+
MYEF2,chr3_28294529_28316332,122.0434896,-
BFAR,chr6_31620858_31622689,122.0363678,+
G3BP1,chr1_24647208_24648858,122.0330436,-
PPFIA3,chr2_27892448_27894532,122.0293413,-
RALY,chr5_75354697_75355364,122.0024663,+
NCBP2,chr17_47142025_47142228,122.0009938,+
ELAVL2,chr9_26913947_26919309,121.9706753,+
PABPC1,chr13_27251656_27253764,121.9503675,-
EIF4H,chr16_763276_763644,121.9490073,-
PRPF3,chr19_45497343_45499948,121.94012,+
LSM5,chr15_69421752_69422325,121.9314096,-
ELAVL1,chr6_18130780_18133803,121.9284568,+
DHX57,chr1_160996540_160998150,121.9067993,+
RBM34,chr8_140925749_140983841,121.8925798,+
RBM34,chr6_106971834_106974577,121.8886286,+
HNRNPH2,chr19_3452666_3456549,121.8870099,+
SSB,chr6_27126462_27127263,121.8828101,-
U2AF1,chr11_93755386_93759741,121.8652691,-
SF1,chr20_25218614_25222837,121.8591653,+
SAFB,chr3_28263380_28294433,121.857878,+
PCBP1,chr5_71060930_71061687,121.8510299,+
HNRNPF,chr12_109948846_109951166,121.8384562,+
LSM2,chr17_37489958_37510676,121.8242384,+
EIF3G,chr20_35632025_35632310,121.8165845,-
LSM7,chr14_75707707_75709178,121.8014639,+
MYEF2,chr6_27126462_27127263,121.7998335,-
POLDIP3,chr1_1390865_1393395,121.7914024,+
KIN,chr20_408779_410411,121.7557023,-
SCML2,chr7_66682258_66712166,121.7487546,+
APTX,chr10_30337031_30340225,121.7410018,+
PABPC1L,chr21_31685174_31685397,121.739699,-
SF3A1,chr13_95560463_95602521,121.7376433,-
KIN,chr20_49231115_49233305,121.7328073,+
PUM2,chr18_13726729_13731475,121.7270316,+
ZC3H13,chr2_135605016_135616667,121.7135573,-
ANKHD1,chr15_42548965_42559338,121.7104855,+
TNRC6A,chr8_129761008_129762625,121.7102405,+
ANKS1A,chr6_30296237_30326353,121.7090645,+
ZFP36L1,chr10_87320199_87326629,121.6804096,+
RRP7A,chr19_45409725_45416820,121.6533325,-
TIAL1,chr10_72216138_72220053,121.6365072,+
LARP4B,chr3_49310737_49324701,121.6318441,+
TRA2A,chr13_48515741_48533027,121.6317221,+
PAN3,chr4_55600575_55607297,121.6297974,-
GTF3A,chr20_31550121_31559610,121.6229799,-
STIM2,chr7_143285445_143286423,121.5953195,+
TRNAU1AP,chr3_183833589_183840569,121.5246842,+
CSTF2T,chr19_53375896_53407697,121.5129362,+
SF3B4,chr20_2461939_2462635,121.502736,+
RBM47,chr16_89948814_89949416,121.5018447,+
MKRN1,chr7_22485060_22492564,121.4909621,+
RBM18,chr9_73154340_73158521,121.4879935,-
LARP4B,chr13_44436095_44437175,121.4781356,-
U2AF1,chr1_151027327_151033805,121.4778407,+
ELAVL2,chr6_80022472_80026380,121.4761589,+
ZCCHC17,chr6_158637894_158644681,121.4734881,-
WDSUB1,chr19_54108395_54114441,121.4681754,+
SLBP,chr10_119842595_119843247,121.4521228,+
PRR3,chr14_92704707_92709671,121.4499453,+
STIM1,chr1_156787174_156794664,121.4152378,-
MEX3A,chr1_224356993_224364108,121.4125953,-
ZC3H11A,chr12_124912278_124912506,121.3974384,+
LSM2,chr4_169713295_169719906,121.3917051,+
HNRNPH2,chr5_163513669_163516517,121.3909085,-
CIRBP,chr2_55875065_55881611,121.3832048,-
MCM3AP,chr18_23466276_23473428,121.3674058,+
SNRPC,chr19_12669233_12669353,121.361324,+
BFAR,chr2_130426038_130427703,121.3420831,+
SRRM2,chr5_179833246_179833592,121.3398449,-
RBM8A,chr8_53979171_53984362,121.3353103,+
EWSR1,chr10_12210322_12217360,121.3207146,-
ANKS6,chr11_47172751_47173425,121.3145693,+
RALY,chr8_140511646_140515125,121.313376,-
RBM8A,chr1_150441958_150443230,121.3053033,+
G3BP2,chr9_129128068_129128984,121.2902915,+
EIF3B,chr7_80905916_80916678,121.2850553,+
YBX1,chr19_52849213_52890240,121.2847478,+
HNRNPH1,chr6_13326963_13328295,121.2842561,+
CCAR1,chr3_195662733_195663623,121.2778283,-
SRRM2,chr17_7015156_7016494,121.2652734,-
ZCCHC14,chr8_66566243_66566683,121.2649032,+
SAMD13,chr22_42599793_42602769,121.261694,-
STARD13,chr2_97206135_97211545,121.2516677,-
MBNL2,chr14_50332432_50334564,121.2315446,+
BFAR,chr10_35196099_35206894,121.2253489,+
ACIN1,chr14_23071186_23071426,121.223174,+
PNPT1,chr2_55686440_55687644,121.21707,-
RBMXL1,chr17_31024426_31032425,121.1786809,+
ANKS6,chr21_37232451_37238459,121.1766908,+
RBM3,chr11_111910449_111910904,121.1720918,+
RBM3,chr8_66922114_66922323,121.1717213,+
HNRNPH1,chr7_102195603_102196633,121.155389,+
YBX1,chr1_23321663_23333517,121.152543,-
NOL8,chr8_125083258_125091614,121.1507497,+
ZFP36L2,chr1_154220975_154225083,121.1482843,+
ZCCHC17,chr20_5106222_5109331,121.122912,-
EWSR1,chr18_36800311_36807846,121.1167736,-
SLBP,chr16_56609057_56609262,121.1103213,+
RBM5,chr3_50109688_50110678,121.1070751,+
YTHDF2,chr14_96556413_96562818,121.1064365,+
ZC3H18,chr3_150544498_150546051,121.1035903,-
RBM25,chr2_173217250_173229688,121.0994619,+
YBX1,chr11_102627311_102677702,121.0816931,+
GRSF1,chr7_75441647_75474703,121.0719763,+
LEMD3,chr4_2932153_2932599,121.0668071,+
MEX3D,chr7_101218217_101218318,121.0505522,-
INPPL1,chr2_209704620_209705579,121.0472489,-
PCBP4,chr16_635063_635280,121.0403103,-
SRRT,chr19_38632496_38632600,121.0227792,+
TNKS2,chr1_33024567_33031543,121.0184596,-
ZCCHC14,chr6_26462897_26463243,121.0116374,+
CSTF2T,chr2_215372300_215373321,121.0071459,-
BICC1,chr7_77002321_77003288,120.9934422,+
PAPSS1,chr2_150474984_150487267,120.9917263,-
PPFIA1,chr11_61430182_61445940,120.9699975,-
ANKHD1,chr9_21971208_21994820,120.9675728,-
KIN,chr19_45079279_45090106,120.9673335,+
UHMK1,chr17_7948619_7949084,120.9658069,+
SNRPD2,chr7_44796793_44801286,120.9600294,-
ZRANB2,chr1_86704971_86719506,120.9366062,-
PABPC3,chr1_154963931_154965638,120.9234767,+
CPSF7,chr12_65278865_65326825,120.9222819,+
KHDRBS1,chr9_129108077_129109178,120.9174977,+
U2AF1L4,chr12_56158415_56158683,120.8842234,-
GRSF1,chr1_228146938_228147405,120.8811118,+
RBM27,chr3_183833589_183840569,120.8326791,-
RBM12B,chr19_12669233_12669353,120.8187483,+
TARDBP,chr1_150492489_150497529,120.7837527,+
SF3A1,chr2_135742594_135748266,120.7735983,-
DGKH,chr19_58230462_58231771,120.7717095,+
FXR1,chr7_133081048_133081856,120.7713909,-
RBMX,chr6_26462897_26463243,120.7709701,+
MSI1,chr8_143739705_143739858,120.7695117,+
NUFIP1,chr19_18538433_18539370,120.7570109,-
RBM4,chr8_143691232_143691599,120.7488958,+
YTHDF3,chr3_11272430_11280993,120.7322865,+
TNRC6A,chr10_72216138_72220053,120.7173773,-
DHX8,chr1_111441604_111442024,120.6778953,+
YBX1,chr1_2400935_2402096,120.6744342,-
DUS3L,chr3_37121691_37129062,120.6740081,-
FUBP3,chr1_154963931_154965638,120.6652976,-
CIRBP,chr20_56390665_56392167,120.6651685,+
SAMD4B,chr3_183833589_183840569,120.6577629,+
CNOT4,chr7_35801270_35863551,120.6576489,-
MATR3,chr19_45409725_45416820,120.6567571,+
UNK,chr16_3065494_3065780,120.6150111,+
SGMS1,chr3_4362254_4410864,120.6019354,-
SRRM2,chr1_150293898_150308047,120.5954741,-
MEX3A,chr9_90865097_90874203,120.5905516,+
PHC3,chr8_63169411_63186146,120.5831486,-
PPRC1,chr1_155067440_155069018,120.5714324,+
LARP6,chr14_58274010_58274096,120.5713913,+
LSM1,chr13_20732121_20757454,120.5550939,+
HNRNPA3,chr3_48694824_48695089,120.5494531,+
NUPL2,chr2_130182452_130190468,120.5472517,+
ZC3H14,chr3_50103166_50105076,120.5451681,+
NOL8,chr1_154984066_154992712,120.5423731,-
RBM3,chr12_62325933_62335165,120.5330366,+
LSM10,chr11_62854551_62855132,120.5281073,+
SNRPF,chr8_103421082_103430611,120.5177988,-
HNRNPH3,chr1_53946549_53951985,120.5110041,+
PAN3,chr9_92229126_92240642,120.5047387,-
RBM47,chr16_89873859_89878460,120.4731966,-
RBMS2,chr1_171781795_171783739,120.4606207,+
HNRNPA2B1,chr18_9195698_9204475,120.4509707,+
ZNF638,chr7_141006535_141014910,120.4476719,-
NIP7,chr22_42087175_42090605,120.4446237,+
SAMD8,chr1_53946549_53947787,120.4406728,+
YTHDF2,chr3_50103166_50105076,120.438722,+
MSI1,chr10_35071339_35089895,120.4293299,-
HNRNPA3,chr5_178211970_178214795,120.4209354,+
RBM18,chr8_54087496_54100907,120.4137296,+
TNKS2,chr4_169713295_169719906,120.4120289,+
ZNF638,chr3_12503784_12516610,120.4110484,+
EPHB4,chr1_150926517_150927703,120.4031044,+
TIA1,chr7_116210734_116249019,120.3902296,-
SSB,chr11_16744684_16752784,120.3875286,-
PAPSS2,chr19_582578_582749,120.3665026,-
PPFIBP1,chr17_37489958_37510676,120.3627775,+
MTHFSD,chr1_46560277_46561477,120.3530391,+
U2AF2,chr12_49129722_49188976,120.3487452,-
TIPARP,chr2_218592707_218593527,120.333378,+
HNRNPA0,chr19_48939701_48944823,120.3299549,-
KRR1,chr11_850367_864436,120.3253788,+
ZFR,chr14_39319291_39326863,120.3177352,+
ANKS6,chr12_6724818_6728222,120.3141637,+
SAMD8,chr2_101859082_101859642,120.3106968,+
RBMS1,chr11_62871669_62876786,120.3051643,+
STARD13,chr22_40967884_40972475,120.3041254,+
CPSF6,chr19_49664673_49665630,120.3033863,+
MEX3A,chr11_119097297_119098402,120.2816743,+
RNPS1,chr7_27800090_27827737,120.2764064,+
CNKSR2,chr1_1716478_1719327,120.2753335,-
NIP7,chr5_57176400_57230845,120.2740438,+
PABPN1,chr15_50424514_50439008,120.2642462,+
SART3,chr2_232567214_232580903,120.2565438,+
FUBP1,chr20_43591029_43594692,120.2537825,+
APTX,chr3_179601790_179604526,120.2487539,+
ZC3H12A,chr19_52778907_52786594,120.2447193,+
PAN3,chr5_170805853_170811955,120.2288893,-
ZCCHC14,chr5_154865385_154871729,120.2175482,-
NCL,chr3_9792705_9797658,120.206763,+
EWSR1,chr10_60778668_60780140,120.1997477,-
ZFP36L1,chr9_35660647_35660770,120.1977415,+
SNRPN,chr8_144518041_144519614,120.1901886,+
TIPARP,chr18_59900235_59900427,120.1770517,-
BFAR,chr19_35157617_35158343,120.1687993,-
SETD1A,chr12_110499546_110502048,120.1679312,-
ARAP1,chr1_28571900_28574588,120.1618478,-
ZFP36L1,chr5_127056506_127058881,120.1501439,+
SFPQ,chr5_134174022_134176854,120.1486501,+
FXR2,chr20_408779_410411,120.1396027,-
RBM10,chr5_139476454_139478269,120.1040029,+
SPEN,chr9_92319356_92319942,120.1025689,+
TRNAU1AP,chr1_108696337_108697809,120.0994599,+
UHMK1,chr2_61158012_61162841,120.0993545,-
HNRNPH2,chr5_163513669_163516517,120.0985511,-
RBMS3,chr1_24647208_24648858,120.0882413,+
TNKS2,chr6_311962_345853,120.0747282,+
FXR1,chr19_16652961_16654034,120.0716139,+
TIAL1,chr13_37001801_37002272,120.0698893,+
PPP1R10,chr2_178469782_178477061,120.0666669,+
SAMD8,chr21_42002961_42010251,120.0578716,+
HNRNPA0,chr8_81718224_81721248,120.0396843,-
SRBD1,chr1_44753833_44755928,120.0394308,-
RBM47,chr17_75574260_75574609,120.0241337,+
ELAVL1,chr1_9997331_10008172,120.018949,-
FXR1,chr16_28487541_28489289,120.0181493,-
UNK,chr10_48306821_48401611,120.0086775,+
CSDE1,chr8_70583793_70586894,120.0080851,+
PTBP1,chr3_38125881_38126509,119.9976091,-
SNRNP35,chr16_74661451_74664623,119.9877681,+
BFAR,chr1_20749975_20757165,119.9786346,+
PRPF3,chr5_169583889_169587198,119.9773039,-
ANKHD1,chr6_78990982_78997413,119.9641754,-
FXR1,chr3_20171232_20176600,119.9641621,-
TNRC6A,chr18_30994372_30996790,119.9641255,+
SGMS1,chr20_44943579_44951832,119.9571922,-
HNRNPF,chr2_97194754_97200452,119.9478854,+
GTF3A,chr19_43511566_43527096,119.9443971,-
PABPC3,chr7_88210925_88217121,119.9369561,+
FUBP1,chr16_87708072_87708349,119.9323031,+
ZMAT5,chr1_112703806_112705052,119.9183061,-
TOE1,chr18_12311053_12324808,119.9163004,-
RBPMS,chr6_108223045_108260825,119.9097804,-
LARP4,chr10_87176095_87180074,119.8988768,+
ANKRD17,chr1_235380149_235414432,119.8917259,+
ACO1,chr10_91959282_91959784,119.8380612,+
SNRPB2,chr3_15582989_15589539,119.8067294,+
SCMH1,chr2_227325427_227332418,119.8017189,+
SART3,chr7_128405865_128409288,119.7846056,+
NIP7,chr1_165635822_165649840,119.7780925,-
RBM22,chr5_139293805_139314674,119.7771878,-
RBM47,chr5_69175537_69177290,119.7740524,-
TNKS,chr9_41166830_41171846,119.7700368,-
GRSF1,chr5_90475020_90485534,119.7565094,+
STARD13,chr2_227342819_227347225,119.7499744,+
TARDBP,chr13_30618056_30621763,119.7126583,+
SF3A1,chr12_124912636_124913092,119.6985689,+
NUFIP1,chr1_161100859_161117951,119.6985639,-
ARAP2,chr10_63264764_63380317,119.6951166,-
PPIL4,chr11_35198246_35208104,119.6944099,+
SFPQ,chr11_111882598_111883770,119.689459,+
EIF4B,chr8_108241913_108248612,119.681148,+
RBM14,chr1_154157721_154170399,119.6747081,+
HNRNPM,chr7_97869813_97871718,119.6681442,+
CCAR1,chr8_47395021_47396375,119.6587806,+
BICC1,chr17_81551203_81551927,119.6433418,+
LARP1,chr2_131492024_131492719,119.6389065,-
SNRPF,chr15_78545764_78548789,119.6366005,-
RNPS1,chr14_23564221_23564332,119.6292947,+
DNAJC17,chr8_73653896_73673106,119.6268503,-
HNRNPH1,chr7_36335178_36336153,119.6258778,+
ZC3H12A,chr16_89948814_89949416,119.6135272,+
ZFP36L2,chr2_97538363_97541910,119.6063715,+
NAA38,chr19_35158400_35160708,119.5966698,+
SF3A1,chr6_44247195_44248616,119.5950441,-
PNPT1,chr15_48331726_48332267,119.5915539,-
RBM15B,chr3_105550259_105552467,119.5896861,-
QKI,chr15_76292700_76311349,119.5889949,+
HNRNPM,chr14_104753319_104756603,119.569361,+
YBX1,chr3_50350984_50351342,119.5685842,+
ZC3HAV1L,chr10_72102967_72128081,119.5621679,-
SFMBT1,chr2_55303152_55308808,119.5589387,+
SNRPN,chr7_74238988_74243145,119.5575295,-
ZFP36,chr6_13326906_13328295,119.5260182,+
ZC3H7A,chr8_51899846_51913056,119.5170551,+
TOE1,chr7_88209452_88217121,119.5149247,-
CPSF7,chr8_58434948_58439632,119.509143,+
TARDBP,chr8_143581328_143586218,119.5001728,+
SART3,chr14_35402534_35402770,119.4954449,-
ESRP1,chr3_177098541_177160870,119.4949999,+
PPIE,chr19_9158075_9158825,119.4912905,+
ZNF638,chr19_42512479_42521266,119.4883236,+
RBMX2,chr19_1104127_1105129,119.4650827,-
SNRPD3,chr14_22833489_22834171,119.4609175,-
YTHDF1,chr6_127327144_127343335,119.4476008,-
ANKHD1,chr2_47369809_47373462,119.4378454,-
RBM14,chr8_143586852_143597347,119.4377122,+
PPFIA1,chr5_75685484_75689011,119.4199689,+
HNRNPH3,chr20_13793227_13798460,119.4092265,-
EPHA2,chr9_127936655_127937817,119.4066499,+
PABPC3,chr19_12668617_12669353,119.4056567,-
SNRPD1,chr2_37376302_37376596,119.4036237,+
SF3A1,chr2_169812506_169819560,119.3801139,-
KIN,chr2_150474984_150487267,119.3799961,+
PUM2,chr7_116210734_116249019,119.3792281,-
ESRP1,chr2_97532384_97536299,119.3638159,+
HNRNPD,chr19_52165385_52168057,119.3572657,+
FMR1,chr7_99411186_99416137,119.3309719,+
PUF60,chr9_33026616_33026812,119.3236339,+
NUPL2,chr6_85558060_85572136,119.3211088,+
LRSAM1,chr20_56390665_56392153,119.3209978,-
ZC3H14,chr4_13369965_13376544,119.3096393,+
KHDRBS1,chr1_70205780_70221611,119.2968281,+
LSM3,chr16_56609057_56609307,119.2886354,-
CSDE1,chr12_53471807_53474868,119.2872054,-
SCML2,chr14_67269783_67279249,119.2746268,+
DGKD,chr17_82246039_82246197,119.2430266,-
DGKH,chr2_27661601_27662178,119.2364204,+
DAZAP1,chr15_78542219_78544189,119.2357158,-
LARP4B,chr1_156333643_156334712,119.2296201,+
ELAVL2,chr4_82900223_82900371,119.212293,-
RBM42,chr7_44800543_44801286,119.2103936,-
IREB2,chr1_161100859_161102047,119.2028888,+
PUM1,chr4_75917773_75919908,119.1695113,+
ANKRD17,chr8_51839638_51845660,119.1555753,+
APTX,chr8_55743620_55750963,119.1467852,-
PHC3,chr2_95935644_95938828,119.1433422,+
MKRN1,chr11_102627311_102677702,119.1371846,+
RBM17,chr19_36573525_36574820,119.133999,+
HNRNPD,chr12_120198631_120198853,119.1168967,-
LSM3,chr7_44841012_44847968,119.1136573,-
PABPC4,chr6_4999904_5002100,119.0936986,-
SLTM,chr19_4327385_4329960,119.0923734,+
SNRPB2,chr19_50475503_50475832,119.0884326,+
LARP1,chr8_61619019_61637946,119.0855235,-
LARP4,chr3_13343303_13351878,119.0796077,+
ZC3H12A,chr7_75441647_75474703,119.078191,+
LSM3,chr6_122675144_122701439,119.0578287,+
FUS,chr1_117929782_117933287,119.0428271,+
ELAVL1,chr8_123019305_123021446,119.0418898,+
DNAJC17,chr16_46681520_46683507,119.0342001,+
LSM7,chr6_110997105_110997182,119.0268903,+
RBM7,chr6_150885734_150887841,119.0264786,+
RBM34,chr3_169773462_169774030,118.9891265,+
SAFB,chr10_119160969_119162339,118.9881984,+
MBNL2,chr19_53241865_53243743,118.9547004,+
RC3H2,chr7_140351969_140352061,118.9530585,-
STARD13,chr2_97204096_97207933,118.9484636,-
CSDE1,chr8_70583324_70583649,118.9471174,+
HNRNPD,chr5_71060930_71061687,118.9345018,-
EPHB4,chr1_23044486_23050386,118.9334942,+
EIF4H,chr17_64500326_64502009,118.9307768,-
RPS3,chr17_64500326_64502009,118.9260917,-
KIAA0430,chr19_6731314_6731472,118.9235491,-
LARP4,chr11_85981988_85983865,118.9171663,+
FXR1,chr9_127936655_127937817,118.9158973,+
PPFIA3,chr2_147975975_148020607,118.8934671,+
NCBP2,chr6_30557450_30561833,118.885942,+
SF3B4,chr12_124911952_124913548,118.883917,-
DGKH,chr8_11826215_11831517,118.8790872,-
CHERP,chr15_90982745_90984017,118.8675008,-
MCTS1,chr15_82754784_82756729,118.8629555,+
LSM7,chr9_32571052_32572880,118.8362967,+
MBNL1,chr20_3974400_3989584,118.8110605,+
RBM18,chr8_55743620_55750963,118.8044676,-
SNRNP35,chr14_24232788_24233218,118.802625,+
G3BP1,chr10_7799194_7799771,118.7782975,+
LSM7,chr2_164950133_164959254,118.77032,+
ZRANB2,chr12_4545832_4546308,118.7646534,+
ZFP36L1,chr17_7626793_7627142,118.7639335,+
DKC1,chr1_52905090_52906518,118.7520784,-
EEF1G,chr9_125207721_125220538,118.7433813,+
PNPT1,chr16_46681520_46683507,118.7299561,-
SAFB,chr12_880999_881691,118.7298752,+
DHX8,chr2_177216940_177219036,118.7260038,+
ZFP36L2,chr6_35468439_35468801,118.7162211,-
SLBP,chr10_99747390_99754528,118.7147944,+
RBM47,chr19_14563528_14563657,118.713618,-
TDRKH,chr20_44582731_44589796,118.7075611,-
PUM1,chr3_38139028_38140387,118.6951939,-
LSM4,chr8_143580632_143581053,118.6916011,-
CCAR1,chr8_66667701_66676744,118.6884334,+
GRSF1,chr9_136850560_136850754,118.6848863,+
FXR1,chr7_158749723_158759485,118.652093,+
PNO1,chr20_58891544_58891715,118.6493554,+
ARAP1,chr7_120955624_120966625,118.630866,+
PRPF3,chr7_6009498_6017813,118.6294643,+
PHC3,chr12_57599211_57600323,118.614087,+
GTF3A,chr15_64691588_64703028,118.6096912,-
PARN,chr22_35746561_35759887,118.5979226,+
SNRPC,chr10_98430670_98433982,118.5903037,+
YBX1,chr22_40953633_40964046,118.5721439,+
APTX,chr2_105384941_105386360,118.5638357,+
SFPQ,chr3_9932703_9932952,118.5587305,+
SAMD8,chr3_197554713_197555780,118.5557962,-
HDLBP,chr14_35110629_35121901,118.550276,-
SSB,chr8_22589741_22593732,118.5288697,-
ANKS1A,chr11_68050254_68050740,118.5152446,-
ELAVL2,chr1_160305598_160305687,118.51292,-
CPEB4,chr2_127850685_127858027,118.5031834,+
RNPS1,chr7_22485060_22492564,118.4891359,-
SLBP,chr12_75482079_75495576,118.4846001,-
EWSR1,chr2_209704620_209705579,118.473196,+
PARP12,chr7_74238988_74243145,118.4701385,-
NUFIP1,chr19_57850561_57888766,118.461016,+
SNRPN,chr8_132799172_132803818,118.4603806,-
RBM3,chr12_6331993_6333068,118.4355749,+
PPFIBP2,chr8_22589741_22593732,118.4312081,-
CIRBP,chr1_117929924_117933287,118.4253537,+
MCTS1,chr17_82244831_82248874,118.4201604,+
RBM12,chr6_41789332_41789567,118.4196606,-
SNRPC,chr7_87900878_87907187,118.4173319,+
CSDE1,chr9_36589652_36597221,118.3964578,+
ZFR,chr14_51701159_51702511,118.3787988,+
POLDIP3,chr19_35500580_35505717,118.3695552,+
TNRC6A,chr6_106974754_106975368,118.3624665,+
SLBP,chr8_98045399_98045511,118.3429489,-
DHX8,chr22_29278216_29286922,118.3323443,-
PCBP2,chr7_66076093_66082367,118.3318439,+
TAF15,chr2_127848185_127858027,118.3239859,-
HNRNPA3,chr9_69065043_69072611,118.3221075,+
HNRNPA1,chr3_101682492_101682770,118.3213159,+
RALY,chr19_57850561_57888766,118.3091441,+
ZFP36,chr3_9804013_9806209,118.3009505,+
LARP1B,chr10_80454371_80468546,118.2971135,+
SF3A1,chr3_15098274_15099034,118.295505,+
RAVER1,chr1_179083053_179087910,118.2937832,-
U2AF2,chr6_134170435_134171022,118.2916982,-
RBM12,chr6_122633367_122717786,118.286835,+
GRSF1,chr17_68515119_68515393,118.281735,+
ZFP36L1,chr9_32558954_32572880,118.2661484,-
RBM33,chr11_6604360_6608393,118.2617963,+
RNPS1,chr14_96556413_96564954,118.2569121,+
PDCD11,chr2_55875065_55881611,118.2562267,+
TRMT1,chr3_139385200_139389547,118.2536201,+
PNPT1,chr16_3065494_3065780,118.2440018,+
RNPC3,chr14_21022905_21023240,118.2427354,+
RBM12,chr14_77327552_77329122,118.2367833,+
RBM23,chr1_77741748_77745420,118.2135708,+
SFMBT2,chr7_94628359_94655989,118.2115068,-
RBM17,chr7_33035988_33062567,118.2112645,+
MYEF2,chr1_23044486_23050386,118.2051494,+
PRPF3,chr8_51899846_51946435,118.2038217,+
NCBP2,chr2_200439328_200440648,118.1758039,+
LARP4,chr12_49129722_49188976,118.1621379,-
LARP1,chr16_3023361_3023846,118.1559375,+
U2AF1,chr4_51908975_51911069,118.1558957,+
RNPS1,chr6_18130780_18133803,118.1540299,+
ZC3H4,chr3_98521703_98522848,118.1538017,+
SAMD13,chr22_42599793_42602769,118.1363907,-
SAFB,chr19_43652371_43655438,118.1268082,+
STARD13,chr3_9829395_9834680,118.1223564,+
PABPN1,chr12_45964188_45974189,118.1191624,-
YBX1,chr19_12954526_12969581,118.1122339,+
FUS,chr7_133081048_133081856,118.1038146,-
PABPN1,chr8_144510015_144510597,118.1030591,+
RBM12,chr12_124912636_124913092,118.1018124,-
RBM4,chr12_54187905_54188950,118.093009,+
ZC3H11A,chr10_63264764_63380317,118.0910556,+
ZFP36,chr3_37121691_37129062,118.0833086,-
RBM5,chr22_29549158_29550727,118.0830378,+
RC3H2,chr1_161072885_161073224,118.064532,+
RC3H2,chr7_157367483_157382248,118.0555394,-
NAA38,chr1_145975436_145977482,118.0251244,+
LARP1,chr1_954082_954463,118.0159628,+
FUBP1,chr12_108562736_108564059,118.0127618,+
ELAVL1,chr17_5434966_5438122,117.9845791,+
CIRBP,chr3_188208318_188225404,117.9845152,+
DGKD,chr3_195662733_195663623,117.9782049,-
NUPL2,chr1_19597109_19617257,117.9754441,-
DDHD2,chr11_308438_309017,117.9655805,-
RBM17,chr8_56216531_56217330,117.9640211,+
SUPT6H,chr14_23081836_23090521,117.9636539,+
MATR3,chr6_44116629_44127254,117.9514003,-
PRPF3,chr8_140984155_141001124,117.9447095,+
TIPARP,chr7_22818048_22822676,117.9166409,+
APTX,chr2_128091415_128097428,117.9107715,+
TOE1,chr14_77327552_77329122,117.9098575,-
NOL8,chr1_243293219_243304712,117.8907811,+
CASKIN2,chr15_90982745_90984017,117.8806644,+
RPS3,chr6_30296237_30314268,117.8799056,+
SNRPD3,chr1_156058067_156058314,117.8768265,+
ZCCHC17,chr15_78545764_78548789,117.8707928,-
PABPC1L,chr20_50151315_50153516,117.8707913,+
NOL8,chr4_56511347_56518761,117.8688217,-
ZGPAT,chr9_21971208_21994820,117.865094,-
SNRPC,chr4_75917773_75918760,117.8530034,+
PARP14,chr8_143575093_143575229,117.8506961,-
HNRNPR,chr18_116920_118296,117.8038905,+
CARHSP1,chr17_78419725_78424060,117.7976138,+
PABPN1,chr11_73876575_73876756,117.792997,+
HNRNPM,chr3_4362254_4410864,117.7656252,+
ZC3H15,chr1_201153959_201171489,117.762311,+
PABPC3,chr13_75636726_75727028,117.7456403,+
UPF3B,chr10_49942300_49952125,117.7389256,+
BICC1,chr19_14396473_14397076,117.7147174,-
QKI,chr3_38139028_38140387,117.7084595,+
RBM8A,chr10_110130486_110133325,117.7014758,+
ZC3H13,chr8_103427252_103430611,117.6986815,+
CPSF7,chr2_87455645_87480222,117.6877195,+
PPRC1,chr5_139476454_139478269,117.6745204,+
FXR1,chr4_15971082_15980421,117.6725946,+
MATR3,chr15_50355545_50356099,117.6554332,+
EWSR1,chr5_88823930_88882954,117.6524892,+
SYNCRIP,chr18_13726729_13731475,117.6519733,+
RBM4,chr13_30461688_30462537,117.6476073,+
POLDIP3,chr8_48050508_48060681,117.6177035,-
HNRNPC,chr8_102829936_102834188,117.6168528,-
NCL,chr12_50441643_50454313,117.6146121,+
SART3,chr15_24962209_24967028,117.6027384,-
RNPC3,chr12_50441643_50454313,117.5993568,-
UNK,chr2_27583142_27583657,117.5923809,+
SF3B4,chr15_78546698_78548789,117.5862635,+
RNF113A,chr8_123226418_123226499,117.5830437,-
KIAA0020,chr8_47935058_47936352,117.5749554,-
LSM7,chr21_33403616_33410835,117.5745829,-
SNRPN,chr5_132488025_132490544,117.5680759,-
RBM17,chr17_81108509_81115769,117.562333,+
TNRC6A,chr12_52244611_52245489,117.5575699,+
EPHA2,chr20_49231115_49233305,117.5559354,-
TROVE2,chr8_127855319_127890588,117.5227931,+
THUMPD2,chr10_91959282_91959784,117.5106071,+
PPP1R10,chr9_129123138_129127963,117.5070115,+
RBM3,chr16_74296988_74300114,117.5011669,+
HNRNPA1,chr5_139314736_139316075,117.4984003,+
U2AF1L4,chr6_125248383_125257097,117.4946498,+
NCL,chr8_103325498_103329654,117.4869402,+
FUBP1,chr15_22839790_22851638,117.4776105,+
SPEN,chr8_22589741_22593732,117.4688048,-
SAMD8,chr10_119104197_119107967,117.4618927,+
ANKS1A,chr14_96556413_96562818,117.459898,-
RBM4,chr1_19597109_19623473,117.4550643,-
SHANK3,chr10_68737048_68740628,117.4133713,+
RBM47,chr5_170805853_170811955,117.3998568,-
UHMK1,chr7_22485060_22492564,117.3977091,-
TTC14,chr19_38898425_38899505,117.3681107,+
YBX1,chr19_54115797_54118240,117.3615785,+
MEX3C,chr1_32224475_32228498,117.3597049,-
U2AF1L4,chr7_95406247_95409900,117.3342405,+
YTHDF3,chr12_6944173_6944379,117.3307842,-
CPEB4,chr9_41166830_41171846,117.3295271,+
TDRKH,chr8_73688813_73746782,117.3051347,-
ZGPAT,chr8_132775645_132777795,117.2779498,+
TIA1,chr3_187121328_187139212,117.2775415,-
SPEN,chr9_19378517_19378708,117.2562345,+
BICC1,chr1_144456805_144459365,117.2237,+
HNRNPH3,chr10_80172869_80205342,117.2223346,+
RBM26,chr3_75673238_75675763,117.2172916,+
ESRP1,chr4_26321048_26386352,117.1961437,-
LSM4,chr21_39181878_39183063,117.1927332,-
PPIE,chr19_36322030_36330252,117.1867906,+
SNRPE,chr1_151017904_151024610,117.1857285,+
CPSF6,chr7_74246763_74249738,117.1795001,-
SF3B4,chr20_56390665_56391942,117.1692775,+
PPRC1,chr4_51843267_51848204,117.1592845,-
RBM39,chr2_97532381_97536299,117.1558991,+
MSI2,chr8_73688813_73746782,117.1379764,+
PSPC1,chr9_33261169_33262104,117.1332543,+
SNRPD1,chr8_128070361_128096517,117.1330143,+
ZRANB2,chr19_18437105_18437859,117.1264862,-
HNRNPA1,chr3_152445539_152447619,117.1145548,+
YTHDC1,chr11_16744684_16752784,117.1013749,-
SNRPD1,chr7_66086662_66087333,117.0915163,+
SAMD4B,chr9_41172749_41174292,117.0833284,+
TARDBP,chr1_154268954_154269361,117.0813039,+
HNRNPR,chr12_52055204_52056493,117.0579367,-
SAMD8,chr2_9420100_9422478,117.0391203,+
LSM4,chr13_30461688_30462537,117.0353302,+
SNRNP70,chr19_53867943_53869689,117.0293373,+
U2AF2,chr3_141742907_141743508,117.0147998,-
SRRM2,chr1_11944662_11947975,116.9941064,-
HNRNPL,chr4_139678642_139703454,116.9911068,+
RBM12,chr13_49661208_49669776,116.984282,+
YTHDF1,chr19_41422370_41422631,116.9815594,+
PABPN1,chr7_96688964_96694797,116.9713128,-
PARP10,chr10_15097766_15103304,116.9679962,-
PSPC1,chr17_7308113_7309614,116.9602493,+
PNPT1,chr22_41628230_41636112,116.9600672,+
CSTF2T,chr10_100986572_100986748,116.9573476,+
CIRBP,chr1_155318332_155318855,116.951252,-
GTF3A,chr16_88810556_88811549,116.9466551,+
EEF1G,chr4_55853797_55858313,116.9454035,+
NSUN6,chr12_69362907_69370705,116.9352394,+
MCM3AP,chr14_74298069_74299547,116.9074038,+
POLDIP3,chr11_68460827_68519500,116.9015252,+
PARN,chr2_164695833_164699404,116.8872852,+
KIAA0430,chr2_178444500_178445425,116.8787329,+
RBM39,chr6_110997105_110997182,116.8729654,-
UPF1,chr19_35762146_35762255,116.8584592,+
ELAVL2,chr5_139293805_139314674,116.855212,-
CCAR1,chr7_73737110_73737561,116.8523284,-
FXR1,chr12_53504815_53505648,116.8500201,+
SPEN,chr1_156293209_156294017,116.8471163,+
NOL8,chr12_46254936_46268525,116.8379088,-
PSPC1,chr20_45813464_45815540,116.8360637,-
QKI,chr2_101859864_101864929,116.8301795,+
SNRPD1,chr2_97164311_97167576,116.8239492,+
DHX8,chr10_68044563_68072882,116.8213613,+
ZNF638,chr1_241849027_241850408,116.8204584,+
NCL,chr17_75148671_75154341,116.8197336,+
ZFR,chr16_74299745_74300114,116.8164738,-
SNRPN,chr13_48515741_48533027,116.8035428,+
ANKRD17,chr12_47965345_47966682,116.8024711,-
PPRC1,chr7_101218217_101218318,116.7959555,+
PABPC1,chr9_90865097_90867130,116.7719938,+
SLTM,chr6_3263759_3264208,116.7703253,+
PPFIA3,chr12_6724818_6728222,116.7656681,-
ZCRB1,chr8_47935900_47936352,116.7610212,+
LSM5,chr22_46337944_46346421,116.7591851,+
PUM2,chr6_34757551_34762594,116.7567744,-
YBX1,chr17_75130867_75130964,116.7537177,+
RBM8A,chr7_103326684_103327331,116.7501346,+
NAA38,chr8_61619019_61637946,116.7385635,+
YTHDF1,chr3_142005544_142093060,116.7343648,+
RBM42,chr14_96556413_96564954,116.7306055,-
PPIE,chr2_97127134_97142639,116.7288835,-
RALY,chr1_210239608_210245799,116.7179088,+
NCL,chr8_54051188_54055059,116.7108535,-
GTF3A,chr6_31620858_31622726,116.7098213,+
LARP7,chr16_56609057_56683957,116.6944241,+
POLR2G,chr17_51165681_51166826,116.6801858,-
PPP1R10,chr17_8174272_8176199,116.6799349,+
ZCRB1,chr3_9436888_9440455,116.6651188,+
TRA2B,chr11_6604360_6608393,116.66396,+
NUFIP1,chr16_85779867_85781210,116.6623061,-
CSTF2T,chr20_18159265_18161819,116.6582213,+
RBM10,chr22_40951476_40953554,116.6354818,+
CSTF2T,chr12_117158084_117165484,116.6336472,-
NUFIP1,chr6_28271934_28272669,116.620649,+
TIAL1,chr15_43800784_43801517,116.6136163,-
SAMD4A,chr19_48325610_48326829,116.5951573,+
RAVER1,chr1_150817433_150823193,116.5881071,-
HNRNPH3,chr17_76727178_76729689,116.5671413,+
SAMD8,chr7_44647534_44666735,116.5619899,+
UHMK1,chr15_40810757_40812698,116.5555844,+
IGF2BP2,chr8_54051188_54055059,116.5359817,-
G3BP2,chr11_66002570_66003625,116.534928,-
PCBP2,chr7_79458999_79470593,116.5284923,+
PNPT1,chr12_102039975_102044104,116.5015355,-
UPF1,chr17_82621799_82643948,116.492753,-
CHERP,chr15_78880579_78884966,116.4830247,-
SAMD4B,chr3_195683865_195685817,116.4317172,+
CHERP,chr19_49680253_49680486,116.3939411,-
FUBP3,chr19_4327385_4329960,116.383677,+
DGKH,chr1_234373840_234374229,116.3829877,-
MATR3,chr1_110381795_110389236,116.3826727,+
TMEM63A,chr2_209704620_209705579,116.3772734,+
ALKBH8,chr1_20749975_20757165,116.3359989,-
RBM47,chr12_16354378_16363794,116.3307349,-
LARP4B,chr8_47727293_47735306,116.3270144,-
MSI1,chr8_47280017_47291032,116.3245633,-
EPHA2,chr19_52778907_52786594,116.3078352,-
U2AF1,chr6_10726008_10730614,116.3071089,-
ZMAT5,chr5_134738792_134743986,116.2831202,-
PABPC3,chr3_37171066_37174538,116.2829139,+
NAA38,chr1_26924166_26934248,116.2815545,-
ZC3H4,chr10_101782597_101783272,116.2712322,+
ESRP1,chr10_27531615_27532506,116.2684802,+
YTHDF2,chr3_50103166_50105076,116.2369173,+
ZCRB1,chr2_97127134_97142639,116.2286342,+
TNKS,chr14_74298069_74300149,116.219548,+
CPSF7,chr3_167720273_167734431,116.2089213,+
STARD13,chr6_126340444_126346204,116.2033934,+
SNRPN,chr18_63331901_63338799,116.1828511,-
PNO1,chr1_86354859_86356443,116.179809,+
ZC3H4,chr14_58247832_58252118,116.1699885,+
RRP7A,chr9_113273438_113275377,116.1444129,+
RBM22,chr14_50330181_50334564,116.1269237,+
RBM8A,chr12_123974020_123988045,116.1193751,+
GTF3A,chr10_119169342_119172381,116.1127699,+
ZFR,chr2_113465173_113482176,116.1123525,+
LSM7,chr8_144827609_144837390,116.1031449,+
PPFIA1,chr7_6398718_6400125,116.1015161,+
KHDRBS1,chr7_128981531_128982247,116.0989519,+
PARN,chr7_155302846_155303824,116.0950276,-
POLR2G,chr7_56103011_56106363,116.0554018,-
TTC14,chr17_3663885_3664678,116.0515428,+
RBM14,chr2_19898035_19901705,116.0235989,+
HTATSF1,chr3_159765138_159866162,116.023016,+
ZC3H15,chr8_123025050_123030604,115.999825,+
PTBP2,chr1_155308965_155312254,115.998957,-
ZMAT5,chr12_133083561_133100986,115.9880946,+
TNKS,chr2_97202230_97209799,115.9738178,-
AKAP1,chr10_99747390_99754528,115.9615469,+
EWSR1,chr11_8956298_8964208,115.9600211,+
TIAL1,chr9_129338917_129341831,115.9573111,+
LSM7,chr17_7626793_7627142,115.9487426,+
TIA1,chr8_101201743_101205434,115.9280833,+
U2AF1,chr4_56453761_56459371,115.899263,+
LSM1,chr18_9475691_9512990,115.8734788,+
SLTM,chr14_92030776_92033191,115.8549633,+
HNRNPK,chr1_114575751_114581298,115.83333,+
RBM26,chr2_95106457_95108253,115.8239292,+
SF3A1,chr22_41682587_41688793,115.8225583,-
PNO1,chr1_45014836_45015336,115.8225516,-
PUM2,chr10_110569013_110575335,115.8189939,+
IREB2,chr15_29720016_29720357,115.8161097,+
RBM19,chr14_58247832_58257744,115.8055868,-
BICC1,chr15_63062645_63064063,115.7979009,+
THUMPD2,chr7_103327378_103327655,115.7958908,+
RRP7A,chr7_151491014_151519459,115.7845759,+
MATR3,chr5_139314736_139316075,115.755566,-
RBMS3,chr5_98869277_98869753,115.7505321,+
MBNL2,chr11_102607452_102611600,115.7462946,+
RBM5,chr14_39267522_39276933,115.7026626,+
SRRM2,chr3_183752253_183754125,115.6893127,+
LSM5,chr15_59642262_59657405,115.6861587,-
DKC1,chr22_41584058_41584526,115.681751,+
ZC3H11A,chr15_74923770_74926765,115.6787955,+
SGMS1,chr19_57390114_57394187,115.6786651,+
CARHSP1,chr10_98445413_98446886,115.6755196,+
DHX8,chr12_53504815_53505648,115.6627575,+
RBMX2,chr3_12503784_12516610,115.6602473,+
CPSF7,chr20_18159265_18161819,115.6172625,+
HNRNPF,chr1_28574718_28577499,115.6162279,+
RBM18,chr7_107169027_107179878,115.6157799,-
HNRNPL,chr3_87227556_87245713,115.614439,+
MYEF2,chr2_182732542_182740298,115.6097838,+
KHDRBS3,chr1_160207237_160211542,115.6023025,-
DNAJC17,chr5_31531525_31531989,115.6019296,+
TNKS,chr20_25218614_25222837,115.600999,+
RBM42,chr8_63017630_63024079,115.5973268,-
ZC3H13,chr17_49413291_49414241,115.566088,+
CNOT4,chr1_153627598_153628120,115.5630438,+
U2AF1L4,chr11_47172333_47173425,115.5585301,+
STIM2,chr20_25218614_25222837,115.5518215,-
KIN,chr5_177087077_177089549,115.5453851,+
ZFR,chr3_194406116_194412198,115.5442603,+
PRPF3,chr8_56216754_56217330,115.5378,-
RNPS1,chr2_159762993_159767283,115.5367441,+
RBMX2,chr4_81456788_81459331,115.5335478,+
ZFR,chr19_47203740_47205103,115.533466,-
LARP1,chr20_5115572_5118768,115.5318939,-
HNRNPAB,chr1_16315435_16352254,115.5257497,+
FXR1,chr17_76726879_76729689,115.5214175,+
HNRNPH3,chr7_64815044_64831450,115.5201398,+
CPSF7,chr3_57577387_57597073,115.514085,-
SNRPB,chr16_635063_635280,115.4866965,+
TRA2A,chr3_195968385_195971322,115.4769459,+
ZNF638,chr14_64516751_64521486,115.461992,+
PPFIBP1,chr3_188154021_188225404,115.4617338,+
RBM8A,chr12_52057259_52058687,115.4524128,-
RBM23,chr6_122701500_122717786,115.4494474,+
APTX,chr19_38619302_38620336,115.4475405,-
RBM12,chr2_156326207_156326311,115.4444041,+
KIN,chr9_90867199_90874203,115.4439282,+
RBM19,chr14_93210708_93214928,115.4372926,-
EIF2S1,chr2_127848185_127858027,115.4225098,+
LSM6,chr2_60541920_60545970,115.4068406,+
PPFIA1,chr9_128936645_128940368,115.3871681,+
DHX8,chr19_44213244_44228445,115.3640014,+
RBM19,chr12_95474330_95476073,115.3544893,+
PNPT1,chr8_140405698_140426614,115.3457262,+
CPSF7,chr19_40348768_40365717,115.338007,-
RC3H1,chr5_151063747_151087084,115.3368476,+
LARP4,chr3_195968385_195971322,115.307237,+
SASH1,chr2_206161132_206161345,115.3067507,-
MEX3D,chr13_49661208_49669776,115.305983,-
RBM5,chr11_66438259_66438709,115.3051352,+
SF3B4,chr19_48935111_48936031,115.2915568,+
HTATSF1,chr8_55743620_55750963,115.28725,-
SRRM1,chr1_28571900_28574588,115.2732688,-
KHDRBS1,chr1_151017904_151024610,115.267747,+
LARP1B,chr19_39480961_39482884,115.2599108,+
SNRPD1,chr3_12503784_12516610,115.2570442,+
CNKSR3,chr19_3456635_3462751,115.2473616,+
FUBP3,chr10_11527567_11597630,115.2308765,+
HNRNPF,chr1_109004718_109010915,115.224707,+
RC3H1,chr19_18900449_18904770,115.2141861,-
HNRNPH2,chr20_52098587_52105131,115.2113708,-
TNKS,chr6_37377033_37390741,115.2102252,+
QKI,chr9_65731867_65733509,115.2082607,-
RBM34,chr7_48089418_48090249,115.2076707,-
PPRC1,chr12_52057259_52057351,115.2018391,+
LSM2,chr5_131162676_131165094,115.2004336,+
UNKL,chr12_11047188_11171421,115.1954167,+
ZC3HAV1,chr19_35160801_35164155,115.1914706,+
LSM2,chr12_52897618_52898678,115.1896688,-
ZCCHC17,chr8_89902837_89909566,115.1894518,+
RBM3,chr8_48043181_48049852,115.188994,+
RBM14,chr19_40348768_40366418,115.186549,+
GTF3A,chr4_82354154_82354894,115.1733643,-
PPRC1,chr2_178469785_178478278,115.1542396,+
TIPARP,chr12_52070071_52070353,115.152076,+
PABPC3,chr1_147932641_147936626,115.1486546,+
ELAVL1,chr18_21659343_21663677,115.1409917,+
ZC3H15,chr17_64514358_64519320,115.1392753,+
RNPC3,chr6_3264325_3267590,115.1248566,+
NUPL2,chr11_72189759_72190575,115.1135999,+
RC3H1,chr12_9857637_9869204,115.1132787,+
RBMS2,chr1_161202480_161206406,115.0939807,-
PABPC3,chr3_105550259_105552467,115.0832944,+
RBM12B,chr6_31728745_31730050,115.0809906,+
ZC3H4,chr16_11556735_11587150,115.0718866,+
PABPC4,chr18_13726729_13730626,115.0507534,+
PCBP1,chr2_113493994_113495636,115.0498893,-
DHX8,chr1_39480009_39484600,115.0440277,+
SART3,chr22_24233018_24233873,115.0430819,+
TIA1,chr19_18903423_18904770,115.0388813,+
LSM4,chr19_844034_846146,115.0381791,-
CSDE1,chr18_30994372_30994453,115.0355788,+
PPIE,chr10_7799194_7799590,115.0296723,-
PAPSS2,chr21_29063530_29064697,115.0275368,-
RAVER2,chr6_127327144_127343335,115.0237286,-
PSPC1,chr8_125151277_125155999,115.0140395,+
LSM1,chr7_87896510_87897296,115.0102236,+
TRNAU1AP,chr4_51908975_51911069,115.0017667,-
ARAP1,chr18_62161385_62186843,114.9982457,+
CPSF6,chr6_13326963_13328295,114.9931304,+
EWSR1,chr10_12210322_12217360,114.990262,-
CNOT4,chr3_42553448_42555929,114.986112,+
SNRPG,chr10_72216138_72220053,114.9704965,+
SNRNP70,chr15_50482065_50489800,114.9643644,+
ESRP1,chr9_129609178_129632649,114.9631495,-
SAFB,chr8_54000050_54002891,114.953128,+
PPP1R10,chr9_133054809_133054943,114.9526468,+
PUM2,chr2_20256170_20258236,114.9350985,+
G3BP1,chr11_85983973_85996825,114.9333659,+
SNRPG,chr19_54360072_54361009,114.9304285,+
HNRNPH2,chr17_7241679_7242240,114.9042541,+
ASCC1,chr20_5111808_5112729,114.9028051,-
GRSF1,chr5_176352748_176359810,114.8945102,-
DUS3L,chr1_147943544_147943976,114.876438,+
SNRPD2,chr17_17247151_17248925,114.8710607,-
ZFP36L2,chr16_4466402_4469503,114.8701356,-
RBMS2,chr6_142302739_142309543,114.8683401,+
MEX3D,chr2_73732700_73734428,114.8624477,-
ZCCHC17,chr3_9434485_9434589,114.8466182,+
LSM2,chr12_124913774_124914004,114.8417424,-
UPF3B,chr19_1269410_1270866,114.8292254,-
SNRPD1,chr12_79806333_79807225,114.8210199,+
PABPC4,chr2_131682988_131684708,114.8203821,+
UNK,chr1_234373840_234374229,114.8196902,-
TNKS2,chr14_58270485_58271850,114.8118887,-
NONO,chr20_49230349_49231022,114.8030646,-
LSM7,chr1_156055425_156058314,114.7970533,-
LSM4,chr8_144291874_144306547,114.7897187,+
ACIN1,chr9_3293258_3330258,114.76842,+
SAFB2,chr3_167734345_167734805,114.7643009,+
RBM33,chr17_67338621_67339404,114.7592875,+
SCMH1,chr11_20363798_20364236,114.7587409,-
RNF113A,chr3_20171232_20176600,114.7567705,+
HTATSF1,chr2_37088440_37091915,114.7547294,+
PTBP2,chr6_112087720_112099269,114.7529886,-
SASH1,chr1_169324469_169367707,114.7455066,-
ACO1,chr12_95474330_95476073,114.7291739,-
EIF4H,chr19_36573555_36574820,114.727368,+
RC3H2,chr12_46367340_46370511,114.7164812,-
PCBP2,chr3_14122086_14124654,114.7066007,+
PPIE,chr14_71735391_71738243,114.7053874,-
MCM3AP,chr7_74246763_74249738,114.6954645,-
SRRM2,chr14_23081836_23090521,114.6945553,+
LARP4,chr5_272772_276011,114.6855264,-
PTBP2,chr8_61633727_61637959,114.6854203,-
ZC3H7A,chr7_27800090_27827737,114.6827338,-
SYNCRIP,chr11_67467563_67468027,114.6790255,+
TRA2B,chr1_244862730_244863616,114.6784221,+
ZC3H11A,chr12_122980812_122981128,114.6781761,+
GTF3A,chr19_41958948_41959236,114.6757747,+
SNRPD2,chr15_78295793_78299561,114.6751556,-
ZC3HAV1L,chr1_44753833_44755928,114.673992,+
NUPL2,chr3_130955790_130956103,114.6690635,-
HNRNPH2,chr11_61393976_61397727,114.6683506,-
RC3H2,chr9_36589652_36597221,114.6562537,-
RBPMS,chr14_23090101_23090521,114.6384645,+
ZCCHC17,chr7_99560695_99563862,114.637227,+
SF3B4,chr17_1365058_1400046,114.6254443,+
NSUN6,chr12_46387609_46387746,114.6215315,+
CARHSP1,chr14_39319291_39326863,114.618718,+
ESRP2,chr2_95956816_95960472,114.6151157,-
ZCRB1,chr17_81108509_81115769,114.6054057,+
RRP7A,chr7_64815044_64815571,114.6051622,+
ANKHD1-EIF4EBP3,chr9_65731867_65733509,114.5972111,-
ESRP2,chr1_52905090_52906518,114.5960274,-
YTHDC1,chr11_102320006_102321836,114.5928018,-
HNRNPA3,chr17_38760608_38762410,114.5925833,+
ZC3H3,chr3_15585342_15589539,114.5898814,+
PABPC4,chr16_89687815_89689251,114.5616324,+
CPSF6,chr22_19475100_19475495,114.5513801,+
ZC3H13,chr19_43463287_43463598,114.5406557,+
FUBP1,chr1_173866567_173866760,114.5180563,+
TARDBP,chr19_38632678_38634992,114.50946,+
ZFP36L1,chr5_127052669_127056396,114.4992101,+
NAA38,chr18_62161385_62186843,114.4819781,+
TRNAU1AP,chr3_47912421_47914816,114.4700192,+
RBMXL1,chr1_37984779_37989547,114.4632003,-
MKRN2,chr4_76136412_76144389,114.4616156,-
RRP7A,chr1_1402256_1405808,114.4569538,+
TROVE2,chr19_40619493_40623603,114.4496673,+
NUFIP1,chr1_151199081_151224244,114.4337177,+
RBM24,chr4_54232171_54258756,114.4298946,-
ZFP36,chr12_52056159_52056456,114.4165129,-
ACIN1,chr1_150441958_150443230,114.405178,+
PAPSS2,chr19_18437105_18437859,114.3988478,-
SRRT,chr1_149177212_149250564,114.3975078,+
TAF15,chr19_54201609_54207397,114.3925086,-
POLR2G,chr3_37282272_37289234,114.386156,+
FUBP3,chr8_55773719_55785718,114.3709212,-
TRA2B,chr3_195967990_195968218,114.3664919,+
POLDIP3,chr11_64246248_64247952,114.3573626,+
HNRNPAB,chr16_80980879_80997313,114.3546626,-
NOL8,chr8_95036494_95041569,114.3543663,-
ZC3HAV1L,chr18_63981838_63985092,114.3254223,+
ESRP1,chr12_46254936_46268525,114.3173015,+
ZFP36,chr2_105384941_105386360,114.2818199,-
U2AF1,chr5_57176400_57230845,114.2751606,-
MKRN2,chr8_144148076_144163770,114.2537764,+
BICC1,chr3_94063138_94063811,114.249346,+
HTATSF1,chr7_87878133_87884978,114.2204128,+
FUS,chr3_10081531_10085797,114.2168511,+
SF1,chr12_56314966_56315820,114.2111858,-
SFMBT1,chr7_27541755_27542966,114.1963541,+
SF1,chr1_86354859_86356443,114.1912519,+
LARP4B,chr9_129632801_129634053,114.1890271,+
LSM10,chr2_46581591_46588074,114.1871386,+
STIM2,chr18_12949907_12951854,114.1688687,-
RALY,chr11_17330983_17349344,114.165731,-
ZC3HAV1,chr4_145120153_145121332,114.1650567,+
ESRP1,chr19_49003334_49004206,114.1509404,-
MCTS1,chr6_87520252_87521463,114.1471434,+
TIPARP,chr10_30434748_30438915,114.1310016,-
SRRM2,chr19_45164970_45178134,114.1229546,-
TIA1,chr18_22178277_22181452,114.1150389,+
NIP7,chr6_33710851_33711548,114.104796,-
PUF60,chr1_179133374_179142932,114.0974124,+
ZC3HAV1,chr8_124523002_124538927,114.0879542,-
LSM10,chr2_55588956_55603977,114.0879534,+
MBNL2,chr12_26914128_26916001,114.060237,+
ELAVL1,chr10_101782597_101783272,114.0576758,-
PNPT1,chr19_38264723_38283626,114.0488975,-
KIAA0020,chr13_27251656_27253764,114.0402574,+
PTBP1,chr7_103086764_103097276,114.03948,-
POLDIP3,chr3_9977446_9986506,114.006636,+
TUT1,chr8_66922392_66926197,113.9960912,-
HTATSF1,chr14_58215284_58223621,113.9946994,-
PTBP1,chr16_85779867_85781210,113.9920441,-
ANKS6,chr5_140551169_140557146,113.9859232,+
RBM7,chr19_54105703_54105933,113.9695298,-
RBM45,chr2_26034735_26093590,113.969048,-
MSI1,chr20_36461510_36496704,113.9686627,+
CSTF2,chr3_47277379_47282139,113.9638988,+
RC3H1,chr17_49414333_49414834,113.9539925,+
MBNL3,chr3_172816837_172818547,113.9511918,-
TARDBP,chr15_85655787_85664562,113.9439972,+
TDRKH,chr4_103096274_103098643,113.9435661,-
RBM10,chr14_59479351_59483808,113.9353426,+
MATR3,chr3_28263380_28294433,113.9331678,-
ZCRB1,chr6_30688942_30690841,113.9264102,+
MEX3A,chr12_124913495_124913723,113.9236473,-
PAN3,chr20_284081_290258,113.9187241,+
UHMK1,chr13_32527532_32537005,113.8932221,+
RBM5,chr7_73736691_73737561,113.891996,-
IREB2,chr15_69421752_69422325,113.8902641,-
CCAR1,chr2_99337589_99354036,113.8828087,-
CCAR1,chr10_87176095_87180074,113.8814352,+
EIF4B,chr2_131682557_131684708,113.8766281,+
INPPL1,chr12_95252071_95256549,113.8501242,-
PPIE,chr12_52055204_52056029,113.849657,+
KIN,chr6_13321095_13326786,113.839978,+
SNRPB2,chr6_31536683_31540321,113.8221634,-
TRA2A,chr20_3209617_3213984,113.8143168,+
EIF4B,chr8_102265275_102266946,113.7875071,-
PPFIBP1,chr5_173146958_173151565,113.7871549,+
CPSF6,chr19_44213244_44217790,113.7768024,+
THUMPD3,chr11_20363749_20364236,113.7547554,-
KIN,chr16_84498111_84504600,113.7512116,+
SLBP,chr20_34516461_34526271,113.750966,-
LSM4,chr3_15052633_15059368,113.7450299,-
PABPC4,chr5_39383271_39388798,113.7397251,+
RC3H1,chr19_11123344_11129512,113.7371612,-
ZC3H4,chr8_81681584_81685762,113.7321606,+
PABPC3,chr1_147268878_147272170,113.6838438,-
SRBD1,chr7_87152555_87163494,113.6828411,+
TRNAU1AP,chr4_55364271_55369831,113.6800236,-
PUM2,chr10_110569013_110575335,113.6604037,+
MYEF2,chr1_25904738_25905935,113.6510163,-
RBM28,chr19_52849213_52890240,113.6366096,+
ACIN1,chr20_49094963_49096175,113.6238138,-
TRA2B,chr21_46636990_46643531,113.6158412,-
RBM17,chr18_21622801_21623747,113.5740297,+
MSI2,chr1_184054863_184095689,113.567542,+
ANKS1A,chr5_140551169_140557146,113.5630649,+
TNKS,chr7_66993417_66994219,113.5624392,-
APTX,chr10_124408965_124418872,113.5415632,-
RBM8A,chr19_13774903_13778051,113.5379585,+
PABPC4,chr6_80022472_80026380,113.5317777,-
EIF2S1,chr6_36540207_36547189,113.5269581,+
RBM41,chr3_141913836_141921976,113.5243112,-
ANKRD17,chr7_65760556_65761645,113.5170296,+
HDLBP,chr13_97357635_97391321,113.5169847,+
PPIE,chr7_102541662_102566996,113.5166237,-
PPFIA3,chr12_50138617_50143073,113.5136001,+
TRA2B,chr16_1309773_1312346,113.5082569,-
RNPC3,chr1_243304777_243307988,113.4943792,+
RBM12,chr18_11886778_11886916,113.4885965,+
SNRPD2,chr5_88410194_88436272,113.4780647,+
RBM33,chr17_82858667_82870223,113.4563063,+
CCAR1,chr12_130872126_130872583,113.4559932,-
PPFIBP2,chr2_113493994_113495636,113.454015,-
UNK,chr8_102652397_102653469,113.4471775,-
RBM33,chr11_66002570_66003625,113.444281,-
SNRNP70,chr6_28281918_28283755,113.441196,+
NUPL2,chr4_51909452_51911069,113.4387534,+
SNRPD2,chr1_39743924_39745413,113.4350772,+
EPHB3,chr20_25218614_25222837,113.4336622,+
ZC3H13,chr3_9932703_9932952,113.4325191,+
STARD13,chr12_65278865_65326825,113.4322063,+
PAPSS2,chr7_21911751_21916753,113.4251731,+
CPSF4,chr2_205766803_205776245,113.4219782,-
DGKD,chr2_97219246_97224808,113.4094187,-
HDLBP,chr7_66086662_66087333,113.4027787,-
LSM1,chr9_36573007_36580072,113.4023411,+
U2AF1L4,chr2_55875065_55881611,113.4001689,-
PNO1,chr15_42218375_42219580,113.3990187,+
EIF4H,chr5_171914405_172006457,113.3837635,+
ZC3HAV1L,chr17_76735158_76735617,113.383321,-
PUM1,chr6_36678939_36684096,113.3809619,+
HNRNPD,chr16_75451839_75464231,113.3761128,+
EPHA2,chr2_27428731_27433253,113.3736014,+
SNRPD3,chr16_88811656_88811819,113.368919,+
MEX3D,chr11_406538_407061,113.3664064,-
PUF60,chr17_82478918_82479937,113.3446008,+
RBM5,chr19_47169923_47203670,113.3445028,-
UNK,chr11_66056955_66057268,113.340445,+
SSB,chr12_122940284_122940806,113.32037,+
CPEB4,chr7_100149579_100153399,113.3158665,+
TIA1,chr10_68737048_68740628,113.3144456,-
ARAP1,chr18_35290391_35305975,113.3103958,-
HNRNPA3,chr6_3263759_3264208,113.3009241,+
ZC3H3,chr7_26201561_26206367,113.2925397,+
DNAJC17,chr12_46383713_46387746,113.2894855,-
PNO1,chr2_37149023_37156907,113.2875141,+
MCTS1,chr6_33701420_33710694,113.2841557,+
CARHSP1,chr1_161154120_161156949,113.2747788,+
ZC3H15,chr2_95956816_95960472,113.2745214,+
SLTM,chr19_19033930_19042710,113.2720219,+
ZC3H15,chr2_113622161_113625608,113.2709748,+
RRP7A,chr13_113539507_113548302,113.2687064,+
MEX3D,chr9_36083562_36087693,113.267144,-
SNRPB2,chr11_61430182_61445940,113.264415,+
SLTM,chr1_151027327_151033805,113.2630428,+
SRRT,chr7_64993414_64999120,113.2598128,+
HNRNPL,chr6_27126462_27132524,113.2389352,-
LSM3,chr19_4327385_4329960,113.238172,+
RBMS3,chr7_74065732_74068656,113.23439,-
ZGPAT,chr1_145975436_145977482,113.2336508,-
THUMPD3,chr7_106277179_106284347,113.2001407,-
KIAA0020,chr8_144518041_144519700,113.1966876,+
GRSF1,chr5_151063747_151064959,113.1811655,+
CCAR1,chr15_49156016_49201161,113.1698336,-
FUS,chr2_227325427_227332418,113.1610238,-
LSM10,chr19_18900449_18904770,113.1579458,-
LSM10,chr1_19597109_19623473,113.1551168,-
HDLBP,chr1_155136376_155137978,113.1425675,-
HNRNPA0,chr19_57390114_57394187,113.1419571,+
RBM15,chr10_56358148_56358376,113.1295918,-
CSDE1,chr7_73736691_73737561,113.1156662,+
STARD13,chr11_85983973_85996825,113.0929776,+
RBM45,chr1_109421926_109426419,113.0926963,-
ZCRB1,chr12_124912427_124913339,113.0923026,+
MKRN2,chr14_103913984_103921469,113.0887752,-
DKC1,chr12_52902072_52904657,113.0816735,+
EIF3B,chr3_179601790_179604526,113.0673357,-
AKAP1,chr16_75451839_75464231,113.0610929,+
TIPARP,chr8_100259997_100264033,113.058326,-
ZRANB2,chr14_49583675_49586284,113.0576525,-
MSI2,chr12_8650589_8654436,113.0542189,+
EIF3G,chr7_141006535_141014910,113.0506018,+
TMEM63A,chr4_169717867_169719906,113.0412199,+
HNRNPD,chr1_45661225_45686411,113.0396787,+
RBMS1,chr6_13326963_13328295,113.0179867,+
LSM1,chr8_17991676_17993482,113.016272,+
UHMK1,chr14_75680767_75681544,113.0147661,-
SF3A1,chr7_48089418_48090249,113.0126618,-
ANKS1A,chr1_53889463_53889712,113.011466,+
HTATSF1,chr19_53375896_53380721,113.003737,+
PPIE,chr3_57577387_57597073,113.0027822,-
GRSF1,chr19_47781000_47781107,112.9980608,-
SNRPC,chr6_34757551_34762594,112.9966712,-
PPP1R10,chr9_10948481_10994187,112.9680821,+
TDRKH,chr2_97194754_97200452,112.9568034,-
EIF4B,chr1_27897121_27906927,112.956582,-
ELAVL1,chr6_31620858_31622726,112.9557622,+
HNRNPA3,chr5_178211970_178214795,112.9502481,+
CIRBP,chr18_74155224_74155305,112.945919,-
THUMPD1,chr11_57762119_57794009,112.9452061,-
PPIE,chr1_241867055_241872034,112.9443234,+
LSM10,chr10_121959410_121960357,112.9420535,+
G3BP2,chr2_200419496_200440648,112.9418845,+
ZC3H6,chr10_26751783_26765217,112.9418285,-
TNKS2,chr11_86268561_86270082,112.9396464,-
EPHB4,chr12_46362638_46363725,112.9392993,-
CSTF2,chr10_102402159_102402251,112.9381386,+
ESRP1,chr3_57577387_57597073,112.9259212,-
KIN,chr2_173217250_173229688,112.9215522,+
SRRT,chr15_84655404_84657175,112.9211013,+
UPF1,chr3_48715527_48717156,112.9205825,+
PPP1R10,chr5_140551169_140557146,112.8928124,+
MKRN1,chr8_142727700_142735325,112.8891195,+
RBM26,chr19_43656640_43660973,112.8869639,-
TIA1,chr10_80454371_80489216,112.8855182,+
TROVE2,chr17_81683126_81683592,112.8737985,+
RBM39,chr4_184638468_184649394,112.8661648,+
DNAJC17,chr1_150817433_150823193,112.8658343,-
PABPC3,chr3_44338319_44354738,112.8569371,+
TROVE2,chr4_56511347_56518761,112.8561676,+
LSM1,chr2_227340380_227352513,112.8498848,-
SCML2,chr22_35746561_35759887,112.848095,-
G3BP1,chr16_67082339_67098709,112.8450042,+
ZGPAT,chr2_85616456_85619219,112.834874,+
LARP6,chr10_27147668_27148905,112.8282009,+
ZC3H4,chr11_93754037_93757315,112.8188751,-
SNRPD3,chr7_56103011_56106363,112.8168832,-
ANKRD17,chr14_96556413_96562818,112.8097259,+
PABPN1,chr16_88806638_88807050,112.8046512,+
ELAVL2,chr8_144518041_144519614,112.7971828,+
ELAVL2,chr2_119339971_119340158,112.7889163,+
UPF1,chr6_37371574_37376925,112.7802245,+
RBM45,chr6_27126462_27132366,112.7739732,-
SNRPD3,chr6_30346564_30346712,112.7693232,-
POLR2G,chr2_159762993_159767283,112.7674477,-
PSPC1,chr11_77842628_77872174,112.7656497,-
LARP7,chr7_94598963_94600645,112.7471608,-
ESRP1,chr10_31387266_31461036,112.7279973,+
SNRPF,chr1_46558800_46561477,112.7259109,+
RBMX2,chr17_59112345_59155130,112.6983703,+
CPSF6,chr19_41956934_41957017,112.6851302,+
PUM1,chr7_66076093_66082367,112.6823412,+
CHERP,chr2_169812506_169819560,112.664889,-
MCTS1,chr15_90982745_90984017,112.657984,+
PAN3,chr16_88806674_88807050,112.6511531,+
RBMS1,chr14_30622399_30630476,112.6425065,-
RRP7A,chr11_35190065_35201081,112.6384609,+
SNRPE,chr17_44212006_44212343,112.6383178,+
SRBD1,chr8_124523002_124538927,112.6339652,+
IREB2,chr6_112087720_112099269,112.6323695,-
SRRM2,chr19_40365585_40366418,112.63137,-
PNO1,chr20_1125650_1135120,112.6293159,-
G3BP2,chr1_16440853_16441165,112.6234001,+
RBMS3,chr9_92240691_92240855,112.6232061,-
SETD1B,chr12_121652808_121659190,112.6180915,-
BICC1,chr4_73135265_73141740,112.6067997,+
ZC3H8,chr8_89971290_89981374,112.6023468,+
RBM47,chr17_75574260_75574609,112.5920508,+
DUS3L,chr6_37377033_37390741,112.5887803,+
SUPT6H,chr18_46815349_46820932,112.58006,+
SCML2,chr3_179601790_179604526,112.555093,+
U2AF2,chr1_75791571_75794083,112.5393686,+
LSM3,chr3_160399749_160404377,112.5392749,-
RBM18,chr9_129632801_129634053,112.5341985,-
CPSF6,chr19_18538433_18539370,112.5163927,+
PAPSS2,chr3_52075985_52122378,112.5135397,-
ELAVL1,chr6_43054486_43055896,112.5021855,-
LARP4B,chr11_61430182_61445940,112.5016532,+
THUMPD3,chr10_72102967_72128081,112.4844223,-
HNRNPF,chr18_224200_224923,112.4816654,+
RBM42,chr1_161323670_161340593,112.4612501,-
SNRPB2,chr1_1721711_1722587,112.4559233,+
HNRNPK,chr6_31575927_31576766,112.453212,-
STIM1,chr4_1212426_1212912,112.4357652,+
MKRN1,chr10_48306821_48401611,112.4339692,+
SNRPD1,chr10_94545907_94546376,112.4267065,+
ELAVL2,chr21_17559131_17565427,112.4256847,-
HNRNPH2,chr8_74823467_74825256,112.4249302,+
SNRPB,chr20_13814515_13816462,112.4243237,+
ACIN1,chr12_52245632_52248590,112.4186636,-
PCBP4,chr11_68688100_68688852,112.4092162,-
TARDBP,chr7_27541755_27542966,112.3971763,+
MCTS1,chr3_187121328_187139212,112.3946488,-
PHC3,chr9_111597432_111599338,112.3930007,+
U2AF1,chr2_97209709_97209799,112.3896118,+
RBM23,chr4_75981545_75981932,112.3843803,+
HDLBP,chr18_36800311_36807846,112.3783405,-
ZC3H4,chr4_56511347_56518761,112.3769564,-
SYNCRIP,chr2_134919891_134946100,112.3723724,+
DGKD,chr11_102607452_102607709,112.3632898,+
ZFP36,chr7_102541662_102566996,112.3575796,-
MBNL1,chr8_55773719_55785718,112.339293,-
MKRN1,chr19_48993902_48999318,112.3317924,+
SF3B4,chr1_228082850_228097077,112.3276665,-
EIF3G,chr2_96547517_96549752,112.3025955,+
APTX,chr19_40619493_40623603,112.3018555,+
ASCC1,chr4_184697803_184702088,112.3010375,-
RBM34,chr9_129632801_129634053,112.2938033,-
SART3,chr4_108655657_108667246,112.2860072,-
SNRPN,chr5_163467748_163469640,112.2736137,+
EIF4B,chr11_33746059_33747129,112.2729923,+
IREB2,chr2_135639074_135645378,112.2653951,+
EIF2S1,chr17_82483304_82483715,112.2548974,-
THUMPD3,chr1_86887196_86903280,112.2506261,-
RALY,chr1_175018576_175023271,112.230273,+
ZC3H14,chr3_50103166_50105076,112.227862,+
RC3H1,chr17_51161272_51166826,112.226389,-
MSI1,chr16_1963256_1964448,112.2243815,-
LSM4,chr8_143739503_143739858,112.2239289,+
RBM23,chr9_83665145_83669184,112.2116651,+
SNRPN,chr12_94412591_94435274,112.2041568,+
GTF3A,chr20_2658522_2659524,112.2019992,+
DAZAP1,chr8_108241913_108248612,112.1975406,+
U2AF1,chr6_43054486_43055896,112.1804565,+
PDCD11,chr20_49154071_49188115,112.1778981,-
ZNF638,chr15_80059809_80098415,112.1766996,+
HNRNPK,chr2_231463316_231464335,112.1720255,+
MCM3AP,chr19_47130858_47143493,112.1542785,+
TIA1,chr1_33024567_33031543,112.1521366,+
HNRNPA0,chr3_38125881_38126509,112.1427021,-
YBX2,chr1_28229023_28230130,112.141911,+
NCBP2,chr2_210016112_210016203,112.1391434,+
EWSR1,chr8_144099199_144099276,112.1390105,+
TRA2A,chr6_112087720_112099269,112.1334205,-
EPHA2,chr3_169773462_169774030,112.1310464,+
CIRBP,chr1_36457981_36461263,112.1212156,-
MYEF2,chr8_73688813_73746782,112.1188377,-
PRPF3,chr1_150220761_150226607,112.1133542,-
ELAVL2,chr6_31798507_31806754,112.1116378,+
HNRNPA0,chr6_30741333_30742146,112.1064426,-
RBM12,chr2_97209709_97211545,112.1004992,+
PPIE,chr3_9813345_9816073,112.0998542,+
CNOT4,chr16_57641708_57650252,112.0985509,+
ARAP1,chr7_66086662_66087333,112.0908629,-
RBM10,chr5_78421960_78459244,112.0887552,-
EIF4B,chr2_105384941_105386360,112.0764807,+
SNRPN,chr7_99392876_99394028,112.0710163,+
RBM39,chr1_109739493_109740239,112.049506,+
RC3H2,chr1_35178036_35187000,112.0451574,-
GRSF1,chr14_35402534_35402770,112.0353279,-
SEC23IP,chr9_32987731_32988082,112.022595,+
DUS3L,chr7_73737110_73737561,112.0204509,+
SEC23IP,chr2_210016257_210016506,112.0200982,+
ARAP1,chr10_84139577_84141461,112.0198087,-
HNRNPH1,chr13_75636726_75727028,111.9992532,+
LARP1B,chr17_82246039_82246197,111.9890568,+
SRRM1,chr1_151890214_151895007,111.9806396,+
ZFP36L2,chr4_55600575_55607297,111.9744642,-
FUBP1,chr1_95234315_95246541,111.9639846,+
NUFIP1,chr14_55680741_55684098,111.9598457,+
G3BP1,chr22_41622086_41636112,111.9535584,-
MATR3,chr5_138166108_138167933,111.9503363,+
KIAA0020,chr17_76727213_76732977,111.9488392,+
ZNF638,chr16_89948814_89949416,111.9466886,+
EWSR1,chr8_66667701_66676744,111.9428682,+
HNRNPA1,chr17_64514358_64516722,111.9385557,+
TRA2B,chr8_127796071_127890588,111.937615,+
RNPC3,chr3_14125205_14128854,111.9223377,+
RBM17,chr14_58346505_58347646,111.9120322,+
RC3H1,chr15_84655404_84657175,111.9093361,+
PNO1,chr19_48993923_48994775,111.8918571,-
DUS3L,chr2_182736386_182739544,111.8831034,+
AKAP1,chr18_662320_670691,111.8830062,+
HELZ,chr1_19374455_19378539,111.873118,-
CPSF6,chr7_64815044_64815571,111.8726571,+
G3BP1,chr19_43511566_43527096,111.8712861,+
ZC3H8,chr1_173800519_173807266,111.8710778,-
LSM10,chr10_5786050_5796762,111.8639038,-
HDLBP,chr1_53946549_53947787,111.8622156,+
MBNL1,chr2_24068459_24074075,111.8601338,+
RBM15B,chr8_103325498_103329654,111.8459938,-
CPSF4,chr13_48515741_48533027,111.8436669,+
MEX3D,chr10_80454371_80489216,111.8355517,+
TIAL1,chr5_172994822_173020237,111.8352794,+
HNRNPA0,chr1_155172892_155173220,111.8344562,+
NIP7,chr10_7799683_7799771,111.8110144,-
PPFIBP2,chr3_196939432_196942159,111.8052321,-
CPSF7,chr1_86868102_86880661,111.8039368,+
RNPS1,chr1_150492489_150497529,111.7983746,-
SNRPF,chr7_103327378_103327655,111.7931296,-
YTHDF1,chr5_151772032_151786571,111.7835087,+
HELZ,chr1_203475928_203483168,111.7832435,+
MKRN1,chr1_45616703_45618060,111.7811364,-
ZC3H12A,chr2_175181483_175181655,111.7555141,-
NUFIP1,chr4_55609179_55630401,111.7463526,-
EPHB4,chr3_37282272_37289234,111.7391052,+
ZC3H12A,chr5_132488025_132490544,111.7348916,-
ZGPAT,chr5_154865385_154871729,111.7308725,-
ZCRB1,chr11_68505271_68519500,111.7157497,+
ZNF239,chr1_10431401_10433841,111.7136707,-
RBM17,chr19_19033930_19042710,111.7027513,+
PSPC1,chr19_35507511_35510183,111.6870492,-
TDRKH,chr3_48694824_48695089,111.6849622,+
THUMPD3,chr1_224356993_224364108,111.6814917,-
TUT1,chr21_17559131_17565427,111.6811916,-
ZC3H14,chr4_152863714_152872451,111.6749633,+
PPP1R10,chr7_100051610_100056910,111.6698693,+
PAPSS1,chr1_23321663_23333517,111.6562842,-
ZC3H15,chr12_45975734_45990352,111.6473088,-
ZC3H14,chr10_12210322_12217360,111.6467074,+
DDHD2,chr11_68050254_68050740,111.6370741,-
MBNL1,chr20_45416343_45419294,111.6360667,-
TAF15,chr19_33388081_33390670,111.6327721,+
RBM25,chr14_73058705_73064971,111.6199035,-
RBM3,chr11_105043545_105044391,111.6109034,+
RBM4,chr18_36800311_36807846,111.6105869,-
LSM1,chr14_73058705_73064971,111.5998725,+
SNRPD3,chr4_103098802_103099782,111.5990257,+
DHX8,chr19_35507511_35509910,111.5777872,+
PUM2,chr10_114173265_114174014,111.5730147,+
RBM4B,chr7_74249829_74252428,111.5678409,-
YTHDF3,chr1_151762500_151763326,111.5612973,-
SRRM2,chr19_14563702_14563834,111.5604318,-
TRA2A,chr12_49066701_49069034,111.558102,-
SETD1B,chr19_10928440_10928584,111.5499897,+
LARP4B,chr7_72831798_72836576,111.5484697,-
TTC14,chr7_33035988_33062567,111.5444612,-
RBMS1,chr12_56639307_56642457,111.5268593,-
RBM10,chr7_148757150_148759547,111.5251139,-
BICC1,chr14_91870385_91873496,111.5226527,-
PPFIBP2,chr13_20732121_20757454,111.5195537,-
TAF15,chr4_103050382_103057800,111.5165436,+
CNOT4,chr16_29993808_29993905,111.5120777,+
ZFR,chr4_26321048_26386352,111.5036361,+
KIAA0430,chr18_63985245_63986962,111.4996462,+
THUMPD3,chr7_92536474_92536850,111.4988389,+
ASCC1,chr1_44655119_44660173,111.4977429,+
LSM7,chr7_74246763_74249738,111.4962791,-
SF1,chr11_119017545_119018281,111.4902004,-
ZC3H11A,chr12_109561329_109561419,111.489589,+
ZC3H14,chr1_45334511_45340218,111.4873263,+
RBM6,chr3_9464672_9468518,111.48145,+
SF3B4,chr4_157803701_157805250,111.4701073,+
TOE1,chr13_113636700_113640119,111.4642407,-
UPF1,chr19_47169923_47176214,111.454432,-
RBM33,chr1_178300118_178390099,111.4531379,+
CCAR1,chr1_77741748_77745420,111.4521181,+
CNOT4,chr15_63062645_63064063,111.4485611,-
DGKH,chr3_167720273_167734431,111.4394941,-
PPP1R9A,chr8_51845763_51860860,111.4310322,-
LSM4,chr2_205766803_205792234,111.4252991,+
PRPF3,chr8_100259246_100261541,111.4212845,-
RBM39,chr16_31201841_31202416,111.4162464,+
KRR1,chr4_55600575_55607297,111.413025,+
THUMPD2,chr7_73687095_73692595,111.4102523,-
NOL8,chr22_40951476_40964046,111.3986891,-
DAZAP1,chr8_143580632_143581053,111.3951073,-
HNRNPD,chr11_20363749_20364236,111.387198,-
RBM39,chr19_18572607_18573292,111.3865452,-
RBM39,chr3_14125205_14128854,111.367926,+
ZC3H18,chr8_115620060_115623614,111.3581574,+
TRA2B,chr18_63985245_63986962,111.353465,-
RBM28,chr11_66845237_66845859,111.35334,-
HNRNPK,chr6_31575927_31576766,111.3520113,-
CNKSR1,chr10_73824084_73837467,111.3376107,+
THUMPD1,chr7_2242975_2244562,111.3280956,+
SNRPN,chr17_38760608_38762410,111.3233167,+
ZC3H18,chr14_21022905_21023240,111.3067511,+
MKRN2,chr3_196316231_196318035,111.2810494,+
SYNCRIP,chr1_243293219_243304712,111.2809155,+
SNRPD2,chr1_150276632_150279642,111.280144,-
CARHSP1,chr2_27350632_27356738,111.2764489,+
SAMD12,chr17_78171649_78171738,111.2731913,+
ZCCHC17,chr7_22947247_22960255,111.2640487,+
RRP7A,chr6_73697572_73697715,111.2556127,+
U2AF1L4,chr19_57850561_57888766,111.2552814,+
MATR3,chr5_177332246_177334283,111.253046,+
RBM25,chr19_49860336_49860565,111.2526773,-
NSUN6,chr2_128091596_128097428,111.2505589,-
RBM19,chr17_82621799_82643948,111.2461097,-
LSM5,chr1_109421926_109426419,111.2443357,-
LARP6,chr8_47294030_47394977,111.2245479,-
HNRNPD,chr1_161209931_161210303,111.2213956,-
NUFIP1,chr7_74065732_74068656,111.2125583,+
SNRPD2,chr6_107264512_107274028,111.2056447,+
TRA2B,chr16_89658421_89660539,111.2033237,+
EIF4B,chr7_74243246_74249738,111.202412,-
HNRNPM,chr3_155704264_155744839,111.2019339,+
SNRPD1,chr17_17247151_17248925,111.2002608,-
PPP1R9A,chr16_87950927_87975047,111.1977999,+
PCBP1,chr11_106059109_106077311,111.1905869,+
EEF1G,chr8_144200541_144214005,111.1857659,-
HNRNPA3,chr1_155060832_155061903,111.1789404,+
ZC3H4,chr18_21612443_21623747,111.1784926,-
PAPSS2,chr3_149895570_149902071,111.1764547,-
ZCCHC17,chr2_37352935_37359579,111.1708527,+
RBM42,chr6_41789332_41789567,111.1695444,-
RBM25,chr2_131500350_131500505,111.1582027,+
RBM14,chr5_57236032_57237112,111.1579194,+
ASCC1,chr3_167720273_167734458,111.1562168,-
SLTM,chr17_82036061_82036190,111.1508883,-
HNRNPH1,chr2_61017851_61021049,111.1395845,-
POLR2G,chr11_66438259_66438781,111.1361914,+
RBM45,chr12_53441800_53442694,111.1323125,-
DLC1,chr1_179131481_179142932,111.1245587,+
ZC3H14,chr8_144425051_144425682,111.1211582,-
SNRPA,chr7_72949102_72949304,111.1151708,+
KIAA0020,chr15_69421752_69422325,111.103088,-
HNRNPK,chr19_52300484_52373110,111.1020281,-
RBM26,chr14_92117642_92121641,111.1015589,+
SAFB2,chr8_144791496_144791839,111.0957739,+
SRBD1,chr7_2242256_2244562,111.0810615,+
CPEB4,chr7_128754455_128754528,111.0609583,-
TARDBP,chr13_75569507_75589937,111.0565582,+
RNPC3,chr7_100153517_100153866,111.0413888,+
TNKS2,chr18_9945058_9950394,111.0360341,-
SAFB2,chr14_94102059_94102476,110.9952895,+
UPF3B,chr11_119019317_119021759,110.9710844,-
SYNCRIP,chr1_23030634_23050386,110.9698301,+
RBM42,chr4_55600575_55607297,110.9634902,-
LARP7,chr6_42211917_42214279,110.9605704,-
EIF2S1,chr15_67519102_67521545,110.9439607,+
SGMS1,chr7_128754455_128754528,110.9345359,+
SRRM2,chr22_24233018_24233873,110.9252874,-
UNK,chr17_81684891_81685604,110.9135087,+
ZFP36,chr15_42548965_42559338,110.9108535,+
SF3B4,chr15_78545764_78546574,110.902584,+
ZC3HAV1,chr3_113017602_113019541,110.8970925,+
LSM3,chr16_88806674_88807050,110.8958163,+
NIP7,chr7_99560695_99563862,110.8914229,+
RBM12,chr7_120955624_120966625,110.8863839,+
HNRNPH2,chr1_173864704_173865228,110.8849574,+
LSM7,chr17_8463354_8466929,110.8816111,+
PPFIBP1,chr19_1615520_1615685,110.8798075,+
PPFIA1,chr4_15971082_15980421,110.8736732,+
APTX,chr6_79202155_79202275,110.8716013,-
CHERP,chr1_155309076_155310042,110.8434496,+
U2AF2,chr11_62761904_62762541,110.815474,-
RBM23,chr12_123973303_123973885,110.8026482,+
STARD13,chr19_10679927_10681018,110.8023527,+
ACO1,chr1_35178036_35187000,110.7941609,+
SAFB,chr2_38746747_38747061,110.790073,-
UPF3B,chr10_49942300_49952125,110.7844325,+
SAFB2,chr3_4453049_4467324,110.7815457,+
RBM33,chr21_29063530_29064697,110.7788268,-
TIPARP,chr10_24466790_24473227,110.7766155,+
DGKH,chr15_67519102_67521545,110.7742636,+
ELAVL1,chr2_182732542_182740298,110.7734286,-
SEC23IP,chr19_5562211_5567664,110.7576884,+
SYNCRIP,chr2_97206135_97211545,110.7542715,-
ZCRB1,chr16_18784823_18788062,110.7409391,+
TUT1,chr19_1089965_1090086,110.7226399,-
SNRNP35,chr9_14088326_14112998,110.721186,+
NSUN6,chr22_32475124_32479132,110.7178707,-
ZFP36L1,chr17_7586838_7587160,110.7164191,-
NIP7,chr16_80978415_80980769,110.7125222,+
KHDRBS1,chr12_57599211_57600323,110.6978529,+
KIAA0020,chr22_31945678_31956138,110.6935771,+
HNRNPH2,chr19_17339599_17341106,110.6893691,+
TIAL1,chr3_138163494_138167080,110.6776861,+
SRRM1,chr8_103403324_103407633,110.6689733,-
PNPT1,chr22_21614665_21621514,110.6675355,-
ZC3H4,chr3_136591549_136604308,110.6655516,+
RBM42,chr22_42087175_42090605,110.6614056,+
MCTS1,chr8_56216754_56217330,110.6584164,-
ANKS1A,chr1_222815171_222835118,110.6521561,-
PAN3,chr4_55853797_55858313,110.6437194,+
PCBP1,chr6_10749268_10755141,110.6353863,-
SRRM1,chr8_116938567_116948513,110.6316747,+
RBM34,chr4_75917773_75918760,110.6231031,+
KRR1,chr15_90966653_90969446,110.6202961,+
RBM27,chr4_2932153_2932599,110.6202741,-
NOL8,chr10_13675044_13693481,110.6000398,+
ZC3H15,chr8_93793296_93795408,110.5947932,+
SLTM,chr8_56216531_56217330,110.5857468,+
HNRNPM,chr2_9587509_9588164,110.5811761,+
HNRNPH2,chr8_47294030_47313134,110.5801963,+
EIF3G,chr15_65607442_65610795,110.5704077,+
TNKS2,chr7_7673453_7747993,110.5544425,+
LSM5,chr10_5786050_5796762,110.5450809,-
ANKHD1,chr19_43774619_43780702,110.5330839,+
HNRNPH3,chr20_49094963_49096175,110.5320478,-
ZC3H12A,chr7_99411186_99416137,110.5188488,+
PABPC4,chr3_129451998_129463559,110.5128996,+
SUPT6H,chr7_107749047_107752544,110.5119249,-
G3BP1,chr3_186081175_186105304,110.5087565,+
BFAR,chr3_58306417_58310506,110.5008083,+
ELAVL1,chr9_65731867_65733509,110.4756313,-
U2AF2,chr6_134170435_134171022,110.4709161,-
RBM15B,chr1_45014836_45015336,110.4670905,+
THUMPD3,chr16_31201841_31202416,110.4587608,+
RBM34,chr5_132488025_132490544,110.4580582,-
CSTF2T,chr1_161042217_161042585,110.4567814,+
SNRPD1,chr8_120425366_120432029,110.4555851,+
HNRNPL,chr7_55981567_55983727,110.4394941,-
SNRPB,chr8_58553303_58565018,110.4366407,+
SRRT,chr1_8015400_8015494,110.4238954,-
SF3A1,chr19_32581327_32582194,110.4226779,+
SNRPN,chr10_6113068_6113507,110.4064345,+
HNRNPH3,chr20_63946640_63956259,110.4047478,+
KRR1,chr9_122286166_122291748,110.3879495,-
PCBP1,chr12_55968948_55971043,110.379333,+
YTHDC2,chr1_235135767_235136033,110.3788633,-
SAMD4A,chr19_18900449_18904770,110.3715051,-
DDHD2,chr8_73738349_73746782,110.3684545,-
CPEB4,chr2_85616456_85619219,110.3435929,-
SYNCRIP,chr13_51791257_51799533,110.3360579,+
ZGPAT,chr7_73737110_73737561,110.3301298,-
PTBP2,chr22_19471808_19479082,110.3273854,-
FUS,chr19_38264998_38283626,110.319611,+
UPF1,chr9_14088326_14112998,110.3170942,-
PRR3,chr8_123025050_123041969,110.3014539,-
KIN,chr5_77441898_77449759,110.2998258,+
CHERP,chr2_97532381_97536299,110.2954319,+
ANKHD1,chr5_134738792_134743986,110.2905802,-
ZC3HAV1L,chr6_36540207_36547189,110.2894934,-
POLDIP3,chr1_145857006_145858966,110.2843867,+
TTC14,chr8_27748279_27752511,110.2835828,-
RBM7,chr1_46309127_46310154,110.2584942,+
MBNL2,chr9_77210675_77212968,110.2582578,+
RBM23,chr1_40766703_40766917,110.2576177,+
SFMBT1,chr2_182732542_182740298,110.2556208,-
ASCC1,chr6_43519905_43520065,110.2461876,+
YTHDF3,chr10_121974081_121974389,110.2317785,+
NIP7,chr7_74065732_74068656,110.2270411,-
HNRNPD,chr16_29993808_29993905,110.222773,+
HNRNPK,chr1_25343073_25351625,110.219586,+
RBM33,chr7_75364756_75365254,110.2119062,+
PPARGC1A,chr1_173864304_173864483,110.2027897,+
LARP4B,chr3_197069260_197076585,110.1992494,+
RBM22,chr1_173800519_173807266,110.1892672,+
ANKS6,chr17_81682149_81682490,110.1767015,-
CPSF7,chr1_109421926_109426419,110.1746706,-
ZCCHC17,chr8_70707153_70713425,110.1689118,+
ZC3H3,chr7_87900878_87907187,110.1593366,-
TOE1,chr2_38343512_38378021,110.1558661,+
LSM2,chr7_103327378_103327655,110.1460238,-
LARP4,chr8_79958435_80002998,110.1423944,-
MCTS1,chr22_40951476_40964046,110.1166605,-
PAPSS1,chr8_53970463_53984362,110.1156695,-
PPFIBP1,chr1_161130847_161132390,110.1156083,+
SNRPA,chr12_62325933_62349220,110.1103892,+
ZFP36L1,chr17_74772395_74772895,110.0875203,+
TNKS2,chr2_218592707_218593527,110.055183,+
LSM3,chr2_96335848_96341641,110.0429406,+
GTF3A,chr6_10726008_10728639,110.0370393,+
DDHD2,chr8_123534814_123540898,110.032825,+
EWSR1,chr10_38017386_38025347,110.0315785,+
SUPT6H,chr13_49661208_49691253,110.0276514,-
EWSR1,chr2_38315334_38317238,110.0254902,-
RC3H2,chr7_2242256_2244562,110.0043449,+
RBMX,chr3_152269407_152299404,109.9948299,+
LARP7,chr19_49560692_49576758,109.9943965,-
SNRPA,chr15_85655787_85664562,109.9828282,+
MKRN2,chr22_21614665_21621514,109.9778613,-
DGKD,chr2_37088440_37091915,109.9712766,+
ZC3H14,chr2_95938901_95938986,109.9698157,+
SPEN,chr11_77855482_77869721,109.9518938,+
DAZAP1,chr16_50025701_50026395,109.9381524,+
PNPT1,chr7_101218485_101222603,109.9378983,-
SAFB2,chr2_97142668_97144517,109.9297598,+
POLR2G,chr11_63756170_63758155,109.9232338,+
SNRPN,chr8_58553303_58565018,109.9097413,+
ANKS3,chr14_67651481_67656415,109.9092829,-
MEX3C,chr8_144827609_144837390,109.9089551,+
LEMD3,chr14_55027471_55042951,109.9056964,+
G3BP2,chr19_46839578_46850133,109.90001,-
RBM5,chr7_107901817_107903477,109.8842156,-
ZC3H12A,chr10_3780229_3781794,109.8804658,-
CARHSP1,chr12_47700164_47701463,109.8802535,-
YBX1,chr3_197142768_197194424,109.8751182,+
GRSF1,chr14_49628155_49633286,109.8725418,+
ZCCHC17,chr14_58247832_58257744,109.8566703,-
LSM5,chr3_57896371_57896510,109.8480277,+
RBM17,chr2_3558998_3559447,109.8340503,+
HNRNPH1,chr2_65089070_65097970,109.8261031,+
BICC1,chr1_144456805_144459365,109.8257747,+
LARP1,chr20_5115572_5118768,109.8199231,-
RC3H1,chr16_75451839_75464231,109.8189413,-
RBM10,chr11_62761904_62762541,109.8183543,-
RBMXL1,chr5_70421357_70422112,109.8176713,+
EIF4B,chr1_179083053_179087910,109.8171087,+
WDSUB1,chr6_14133755_14135110,109.8068927,-
SNRPD3,chr5_180472661_180483114,109.8024107,+
CPSF7,chr10_30337031_30340225,109.7985455,-
NIP7,chr20_37236709_37238401,109.7838098,-
MYEF2,chr3_129451998_129463559,109.7835564,+
RBM22,chr8_33503935_33509745,109.7794271,+
SHANK3,chr12_46254936_46268864,109.7783012,-
QKI,chr13_27445156_27450141,109.773239,+
RBM7,chr11_10855118_10856143,109.7709258,-
RBM39,chr3_149895570_149902071,109.7692739,+
PTBP2,chr22_19471808_19479082,109.7687691,-
ZFP36L1,chr20_25206590_25207078,109.7593112,+
HNRNPH3,chr7_44647534_44666735,109.7566209,-
KIN,chr2_27381721_27382125,109.7548926,-
DGKH,chr14_77327552_77329122,109.7464897,+
U2AF2,chr15_59650764_59652205,109.7443051,-
LSM7,chr14_67651481_67656415,109.7442873,+
SAMD8,chr1_39463686_39468614,109.7406349,-
CNKSR3,chr1_29216685_29220837,109.739956,-
MYEF2,chr10_72216072_72220053,109.7331256,+
RBM18,chr2_130339762_130340907,109.7206825,+
HNRNPAB,chr5_139314736_139316075,109.7206764,+
ARAP1,chr1_161072885_161073719,109.718566,+
NCBP2,chr4_55364271_55369831,109.7038251,+
EPHB4,chr2_222646996_222648739,109.7014261,-
PCBP4,chr3_197554713_197555780,109.6943957,-
RC3H2,chr1_45661225_45686992,109.6854538,+
MEX3A,chr21_33410892_33414887,109.6821328,+
AKAP1,chr11_14498985_14499608,109.6803208,-
RBM25,chr16_85801278_85804940,109.6741958,-
LSM7,chr12_49186833_49188976,109.673403,+
KIAA0020,chr19_2997955_3002352,109.6730847,+
RC3H2,chr1_193059776_193075819,109.6632126,+
SRRT,chr1_155067440_155069018,109.6624291,+
ESRP1,chr2_113465173_113482176,109.6592996,+
SRBD1,chr11_113221325_113231644,109.658317,+
THUMPD2,chr20_528049_543671,109.6392504,+
KIAA0020,chr20_44943579_44951832,109.6267841,+
DUS3L,chr8_47395021_47396375,109.6205129,+
SUPT6H,chr8_51845763_51898929,109.615858,+
UNK,chr1_145975436_145977482,109.6132479,-
PNPT1,chr8_143575093_143575229,109.6101636,-
MATR3,chr1_161202480_161206406,109.6053438,+
RBM38,chr7_139340619_139345500,109.603556,-
YTHDF1,chr7_128455909_128457200,109.5857463,+
HNRNPD,chr4_2932153_2932599,109.5849953,+
NAA38,chr4_673401_674211,109.5783135,-
L3MBTL3,chr17_82036061_82036190,109.5731038,+
RBM7,chr12_46243314_46267224,109.5686422,-
EEF1G,chr12_53034724_53037408,109.5589875,+
LARP4B,chr8_108203503_108214606,109.5546524,+
PCBP1,chr4_110621369_110632342,109.5481656,+
LSM2,chr18_50375239_50375819,109.5336003,+
SGMS1,chr12_25215560_25225613,109.5304038,-
HNRNPA3,chr15_40812902_40813337,109.5209232,+
G3BP1,chr1_149177212_149250564,109.5174037,+
KHDRBS1,chr19_49866528_49867053,109.5123121,+
PUM1,chr4_102826636_102827591,109.5102806,-
SNRNP70,chr9_85941874_85942154,109.5063074,+
PPFIBP2,chr3_9801756_9803842,109.5035633,+
CPSF7,chr14_45096758_45096886,109.5015152,+
HNRNPC,chr12_124912180_124912408,109.4997095,+
YTHDF3,chr7_120955624_120966625,109.4994118,+
RBM47,chr2_55875065_55881611,109.4929867,-
ZC3H14,chr7_73304404_73304746,109.4890396,+
PHC3,chr1_86880725_86887155,109.4885814,-
STIM1,chr20_45333069_45348324,109.4831997,-
SAFB2,chr7_94628359_94655989,109.4816347,+
ELAVL1,chr14_92732815_92741061,109.4802586,-
TNKS,chr1_147932641_147936626,109.4791705,-
PUM2,chr3_101574279_101579841,109.4512301,+
PNO1,chr6_28086386_28088562,109.446348,+
RBM14,chr1_154157721_154170399,109.4361208,+
HNRNPA1,chr12_46387972_46652389,109.420009,+
SNRPD1,chr6_31620858_31622689,109.4186509,+
RBM28,chr22_20568631_20575112,109.4062043,+
SAMD4B,chr15_78545764_78548789,109.3923844,-
DKC1,chr6_127327144_127343335,109.3881277,+
RBM10,chr1_16367308_16391374,109.3784797,-
YTHDF2,chr2_127848185_127858027,109.3734579,-
RBM15B,chr3_105550259_105552467,109.3716842,-
ASCC1,chr6_26124749_26127697,109.3652787,-
LSM3,chr2_89562684_89580557,109.3601996,+
NOL8,chr17_36486785_36492812,109.3596561,-
PPP1R10,chr2_46581591_46588074,109.3556933,+
LARP4,chr17_76727178_76732977,109.348959,-
EIF3G,chr8_95032098_95034007,109.3375511,+
FXR1,chr16_56609057_56683957,109.3236184,-
ANKHD1,chr11_14498985_14499608,109.3140703,-
RBM39,chr15_90982745_90984017,109.3074585,-
RNPS1,chr16_89949638_89954242,109.2946165,+
TARDBP,chr6_30346564_30346712,109.2908812,+
SNRPD1,chr7_66554837_66560578,109.2832303,+
SART3,chr10_38017020_38017290,109.2781948,+
ZCCHC17,chr6_12290693_12292343,109.2718944,-
AKAP1,chr1_149177212_149250564,109.2713465,+
CPEB4,chr1_6232119_6234885,109.2689733,-
LSM6,chr14_64449638_64490360,109.2684479,+
SCMH1,chr12_6869773_6870035,109.2623714,-
HNRNPF,chr8_144510015_144510597,109.2593087,+
CCAR1,chr10_79798027_79804484,109.2449139,+
HNRNPL,chr1_155085942_155086412,109.2431839,+
CPSF6,chr12_31116469_31118962,109.241609,+
MBNL1,chr11_86268561_86270082,109.2406892,-
SEC23IP,chr20_35632923_35664801,109.2259986,+
DHX8,chr2_177216940_177219036,109.2232132,+
HNRNPAB,chr14_93210708_93214928,109.210193,+
RALY,chr19_45079279_45079906,109.1834226,-
HELZ,chr16_54925213_54928493,109.1784432,-
KRR1,chr16_66552793_66563071,109.1771441,+
DDHD2,chr1_153608177_153612016,109.1756913,-
TDRKH,chr2_227329783_227330625,109.1700364,-
SLTM,chr19_44678936_44680287,109.1664987,+
RBMX,chr8_104509074_104588818,109.1648189,+
RBM7,chr2_37082383_37083288,109.1281917,+
SF1,chr10_73911612_73912214,109.114891,+
ZFP36L1,chr4_105424322_105446382,109.1058774,-
PABPC3,chr3_184365226_184366716,109.1027867,+
RBM8A,chr10_119168533_119169176,109.0869723,+
RBM17,chr1_155880620_155881197,109.0840485,+
ZFP36,chr2_58046821_58048826,109.081632,-
CSTF2,chr1_31260121_31260954,109.0813841,-
SNRPC,chr2_215372300_215373321,109.074593,-
RBM23,chr17_60086079_60088196,109.0705841,-
DHX8,chr19_18538433_18539370,109.060967,+
ELAVL1,chr2_37148939_37156907,109.0594236,+
UHMK1,chr4_2932153_2932599,109.0589569,+
SAFB2,chr1_159781000_159781098,109.0581307,-
RBM24,chr19_35266738_35266838,109.0483256,+
RBM4,chr16_4341672_4343206,109.0419619,+
PCBP2,chr5_176386019_176386839,109.0404956,-
ZC3H18,chr14_21022497_21022863,109.037271,+
RBM42,chr12_49323752_49325500,109.0329452,-
HNRNPK,chr9_113273410_113275381,109.0273375,-
SYNJ1,chr17_27306882_27307743,109.0108658,+
CPEB4,chr15_50355545_50356099,109.000718,+
RBM17,chr19_19033930_19042710,108.9992494,+
RBM6,chr8_127890998_127989161,108.986253,+
PCBP2,chr7_128748804_128753817,108.974192,-
RC3H1,chr8_47440542_47483334,108.9739452,+
RBM34,chr7_94628359_94655989,108.9731245,+
FUS,chr19_52781464_52786594,108.9673568,+
SART3,chr8_143824399_143828983,108.9439597,-
ZC3H11A,chr2_27087351_27096728,108.9345834,+
YTHDF3,chr7_100102393_100102674,108.9342587,+
SNRNP35,chr12_46254936_46268864,108.9341386,+
SAMD12,chr5_170808752_170811955,108.9315231,-
STARD13,chr7_99415266_99416137,108.927772,-
CARHSP1,chr10_27526889_27531528,108.9240909,-
CHERP,chr1_151346333_151346481,108.9188705,-
PABPC4,chr4_76130749_76132522,108.9144199,-
PPFIA1,chr8_23566336_23568321,108.9130382,+
SNRPN,chr6_31536683_31540321,108.9112485,-
RC3H1,chr13_49663195_49691253,108.8990309,-
SF1,chr17_7626793_7627142,108.8981847,+
RBM28,chr7_107169027_107179878,108.8964941,-
THUMPD1,chr2_202214434_202238439,108.8927719,-
NUPL2,chr19_45497343_45499948,108.8650329,+
POLR2G,chr2_30155910_30156627,108.8582145,+
KHDRBS3,chr21_43095743_43101365,108.844215,+
LARP1,chr17_7931149_7931730,108.834207,+
TIPARP,chr18_47111786_47112976,108.8306727,+
RBM17,chr11_113214511_113231644,108.830396,+
SGMS1,chr2_177234271_177263402,108.8300018,+
ZC3H13,chr16_2772102_2775450,108.8067851,+
ZGPAT,chr19_43526316_43526514,108.8058126,-
PABPC4,chr19_41422370_41422631,108.7976922,-
SF3B4,chr12_52244611_52245489,108.7965165,+
G3BP2,chr14_73888364_73892026,108.7951103,+
BICC1,chr3_150544498_150546051,108.7949301,-
EIF3B,chr22_32475398_32478980,108.790344,-
SF3B4,chr5_178150993_178153490,108.7893972,+
SNRNP35,chr3_138188530_138221925,108.7845861,+
U2AF2,chr15_40812902_40813337,108.7816488,+
MYEF2,chr20_56390665_56392167,108.7790136,-
HNRNPL,chr1_161154070_161156949,108.7777286,+
SAMD8,chr8_69495926_69501873,108.7578448,+
ZFP36L2,chr12_49066701_49069034,108.7560988,-
RBM15,chr3_168040869_168041391,108.7499099,+
PPFIBP1,chr15_89877424_89888520,108.7499038,+
EIF4B,chr1_41028726_41033982,108.7494924,+
SNRPF,chr4_82861708_82863317,108.7464256,-
ZRANB2,chr2_74491666_74492003,108.7419147,+
ZC3H12A,chr8_73830472_73870268,108.7410485,-
SLBP,chr13_110714285_110719228,108.7366867,+
TRA2A,chr19_36114412_36114658,108.7361928,+
ZNF638,chr11_73876575_73876756,108.7324031,-
SFPQ,chr17_60086079_60088196,108.7156287,-
RBM4,chr3_11807895_11808334,108.710872,+
HNRNPA3,chr11_65893296_65896808,108.7024267,+
SFMBT1,chr22_21629407_21629601,108.6958364,-
RBM4B,chr2_105384941_105386360,108.6955027,-
ZNF239,chr1_147932641_147936626,108.6903342,+
ZGPAT,chr3_13414112_13420059,108.6886533,+
NAA38,chr19_49680253_49680486,108.6872262,-
SPEN,chr1_70230618_70231094,108.6866034,+
LSM4,chr16_635063_635280,108.682007,-
KHDRBS3,chr1_174999689_175004613,108.6724197,-
CNKSR1,chr2_95876509_95880426,108.6650463,+
MKRN1,chr8_94432656_94436494,108.6617495,+
MKRN2,chr17_4942941_4944557,108.6549828,+
PNPT1,chr19_49003334_49004206,108.6456323,-
HNRNPM,chr8_103325498_103329654,108.6447852,+
CPSF6,chr1_235380149_235414432,108.6182773,+
TIA1,chr19_49491547_49491730,108.6125612,-
KIAA0020,chr8_144827609_144837390,108.6097269,+
DDHD2,chr4_145096111_145098130,108.6036352,+
U2AF1L4,chr8_73653896_73673106,108.5992984,+
ZC3H15,chr8_144510015_144510597,108.5950086,+
PTBP2,chr2_65344896_65431961,108.59388,+
SEC23IP,chr6_53294491_53295641,108.593062,-
MSI1,chr8_103421082_103426055,108.5910749,+
HNRNPL,chr22_37019872_37024191,108.580755,+
SSB,chr17_50737479_50740305,108.5737007,+
YTHDF1,chr11_62856381_62881018,108.5658572,-
HNRNPF,chr4_76124756_76144389,108.5648937,+
RC3H1,chr11_35204640_35205784,108.5645879,-
KRR1,chr3_57896371_57896510,108.5613478,+
SLBP,chr13_31141259_31145562,108.5469818,-
RBMS2,chr17_7931149_7931730,108.541794,-
KHDRBS1,chr17_36486785_36492812,108.5404026,+
LARP4,chr12_65278865_65326825,108.5382442,+
GRSF1,chr2_206160710_206160881,108.5378727,-
CCAR1,chr5_31530924_31531449,108.5374267,+
ZMAT5,chr10_3135838_3137542,108.5364241,-
RBM22,chr11_68050254_68050740,108.5331372,+
TNRC6A,chr11_77619695_77624962,108.529586,+
UNK,chr5_71062796_71067654,108.5106453,+
TRA2B,chr19_18903423_18904770,108.5103068,+
GRSF1,chr5_136147906_136153591,108.5037234,+
CHERP,chr6_26459828_26462796,108.4994754,+
LARP7,chr9_129109277_129110482,108.4983294,-
RAVER2,chr10_119104197_119104763,108.4961581,+
ENOX2,chr4_55364271_55369831,108.4925522,-
SNRPF,chr3_187121328_187139212,108.4758769,-
YTHDC1,chr10_7799194_7799771,108.4729738,+
SF3A1,chr16_56935312_56936686,108.4650629,-
MBNL2,chr2_135641790_135645378,108.4613188,+
EWSR1,chr3_50103166_50105076,108.4569204,+
EIF4H,chr16_57620136_57650252,108.450838,+
ESRP2,chr1_32384048_32386778,108.4156686,-
LSM2,chr2_207624404_207625061,108.4065637,+
SNRPB2,chr10_119168533_119172381,108.4028415,-
GTF3A,chr5_170788668_170794230,108.3976486,-
CARHSP1,chr1_32224475_32228498,108.3965209,-
MKRN1,chr8_80003180_80029904,108.3956477,-
RBM8A,chr7_155298027_155298258,108.3944838,-
PABPC3,chr19_40348768_40366418,108.3800615,+
STARD13,chr8_102652397_102655565,108.36807,+
RBMX2,chr9_15267948_15307083,108.3677025,+
NUFIP1,chr20_49094963_49096175,108.3595507,-
LARP7,chr14_58209107_58215204,108.3546835,-
KIF24,chr7_17882943_17890362,108.354489,-
GRSF1,chr21_17559131_17565427,108.3464068,+
IGF2BP2,chr3_139350322_139351030,108.3386868,-
DGKH,chr7_94628359_94655989,108.3200336,-
EIF3B,chr2_89562684_89580557,108.318879,+
ZMAT5,chr7_76618300_76618496,108.3181608,+
G3BP1,chr2_30147062_30156627,108.314074,+
SNRPA,chr17_28716058_28717212,108.3133082,+
TNRC6A,chr9_128936645_128940368,108.3093275,-
STARD13,chr1_37493814_37501803,108.3078898,+
RBM12,chr12_52248211_52248590,108.3066972,+
CHERP,chr5_181192140_181194233,108.3060884,+
YTHDF3,chr6_52265385_52266074,108.2898922,+
YTHDF3,chr11_85628688_85629131,108.2802335,+
SFMBT1,chr8_140511646_140515125,108.2771702,+
LRSAM1,chr2_65089070_65097970,108.2739474,-
RBM18,chr8_66822459_66825995,108.2637249,+
HNRNPA1L2,chr7_128405865_128409288,108.2479942,+
PPP1R10,chr13_100449305_100527674,108.247405,-
RBM15B,chr2_10785030_10787280,108.2347284,+
DAZAP1,chr1_145857006_145858966,108.2218166,+
SFPQ,chr19_3544732_3544808,108.2117345,+
PAPSS2,chr1_193018820_193021096,108.2057924,-
ZC3H7A,chr18_224200_224923,108.202663,-
SYNCRIP,chr19_41956934_41957017,108.197191,+
MSI2,chr5_170805853_170811955,108.1843788,-
RBM47,chr17_39628622_39629169,108.1766391,-
TUT1,chr4_82844509_82845200,108.1743691,-
POLR2G,chr17_75702571_75703807,108.1677024,-
TLR2,chr10_43644801_43646059,108.1668004,-
TROVE2,chr17_28655483_28662045,108.1621961,-
UNK,chr22_38474623_38481211,108.1546262,+
ZFP36L1,chr8_63017630_63024079,108.1501513,-
HDLBP,chr12_68624873_68648698,108.1363513,+
ACIN1,chr3_27404963_27411641,108.1360622,+
ZC3H12A,chr8_53242912_53250780,108.1277778,+
LSM1,chr17_4942941_4944557,108.1242396,+
RBM17,chr4_26321048_26386352,108.1224042,+
PAPSS2,chr11_77855482_77869721,108.1179216,-
SRRT,chr4_105424322_105446382,108.1170909,+
SAFB2,chr14_30622399_30630476,108.1133153,-
PPRC1,chr19_53242330_53243743,108.1127838,+
SRRM2,chr16_4450497_4454810,108.1114123,-
RC3H1,chr20_349363_353209,108.104505,+
ANKS1A,chr6_134170435_134171022,108.0971751,+
ZC3H12A,chr20_36608000_36609600,108.0958258,+
SRRM1,chr6_34757551_34757911,108.0912096,+
HNRNPAB,chr4_15971082_15980421,108.0898925,+
SNRPC,chr2_46588179_46592474,108.0783427,+
DUS3L,chr1_241867055_241872034,108.0655407,-
DGKH,chr1_84671308_84690370,108.0484109,+
RBM25,chr1_35178036_35187000,108.0460122,-
ZC3H18,chr13_114286629_114287312,108.0430975,+
HELZ,chr8_70583324_70583649,108.0421142,+
NUFIP1,chr1_111120693_111122615,108.0346518,+
DGKD,chr5_178211970_178214795,108.0250404,-
QKI,chr20_34516461_34519419,108.0150713,+
SF3A1,chr3_131001344_131016151,108.0085603,+
SSB,chr1_16607691_16608507,107.9982181,+
HNRNPH2,chr10_31461237_31466426,107.9954812,+
QKI,chr1_28457859_28459084,107.990027,-
ZC3H14,chr6_52264786_52265234,107.9786394,+
SF3B4,chr20_56390665_56392167,107.9598536,-
DHX8,chr5_133006920_133022840,107.9559803,+
HNRNPH2,chr1_39480009_39484600,107.9505656,+
HNRNPA1,chr19_45409725_45416820,107.9460233,-
HNRNPF,chr3_52688206_52689073,107.9406054,+
ZCCHC17,chr7_44572437_44572562,107.9393413,-
RBM47,chr1_161073299_161073719,107.9252975,+
TROVE2,chr1_154157721_154170399,107.9214741,+
ALKBH8,chr7_107174745_107179878,107.9211111,+
NAA38,chr18_12311053_12324808,107.9065371,+
ENOX2,chr2_113454778_113457064,107.9002469,-
SYNJ2,chr9_35660647_35660770,107.8946696,-
EEF1G,chr10_79798027_79804484,107.8924591,+
TRMT1,chr14_64924126_64943298,107.886809,+
SF3B4,chr7_5190493_5193117,107.8795668,+
ZC3H8,chr2_55875065_55881611,107.8671262,-
LSM6,chr20_349363_353209,107.8571402,+
RBM28,chr1_24647208_24648858,107.8468055,-
ZFP36L1,chr22_40951476_40964046,107.8455529,-
EIF2S1,chr1_46309127_46310154,107.8447883,+
POLR2G,chr17_81894586_81899919,107.8407512,+
RBM6,chr1_1704146_1704222,107.8333094,+
PPIL4,chr8_10765916_10826151,107.8289042,+
FXR1,chr11_67584772_67585137,107.8209932,+
RBM18,chr5_75687328_75689011,107.8175626,+
RBMS2,chr13_97357635_97391321,107.8157547,-
CSTF2T,chr12_109947504_109951166,107.8077936,+
TNKS,chr7_73737110_73737561,107.8051472,+
UPF3B,chr7_99415266_99416137,107.7973862,-
SNRPN,chr20_20026919_20033101,107.7959836,-
NCL,chr17_64514358_64516722,107.7929139,+
RBM4,chr3_9941016_9941110,107.7866808,+
GRSF1,chr11_67584772_67585037,107.7825826,-
RBM4,chr7_76054998_76057409,107.7589304,+
ZC3H14,chr3_9677387_9683177,107.757737,+
RBM18,chr7_80905916_80916678,107.7458818,-
RBM5,chr17_75168401_75181056,107.7335897,-
SNRPE,chr7_56103011_56106363,107.7329224,-
FXR1,chr4_76124756_76144389,107.7287941,+
LARP7,chr7_22818048_22822676,107.7266303,+
SAMD4A,chr19_18437105_18437859,107.7257954,+
POLDIP3,chr11_85628688_85629131,107.7238194,+
EIF3G,chr16_30741908_30748205,107.7114856,+
ZC3H4,chr8_127796008_127890588,107.7096515,-
HNRNPA2B1,chr5_180468269_180483114,107.6896556,-
RBMS2,chr1_161202480_161206406,107.6811568,-
SGMS1,chr9_87726398_87727593,107.6808731,+
SAMD4A,chr7_43760110_43771137,107.6766329,-
CIRBP,chr7_100049841_100056910,107.6587184,+
SLTM,chr16_75636547_75641563,107.6542336,-
TIA1,chr10_73819645_73821681,107.6464636,+
RBM5,chr8_100158118_100165813,107.6463358,+
KHDRBS3,chr7_151036649_151040267,107.6452242,-
LSM4,chr8_95036494_95041569,107.6447102,-
SNRPC,chr3_9430051_9433844,107.6306928,+
RBM47,chr2_178469785_178478278,107.6278209,+
ZC3H14,chr14_55129300_55138044,107.621231,-
SRRM1,chr20_17596790_17600737,107.6189308,-
LSM4,chr19_53375896_53380721,107.6164317,+
AKAP1,chr11_95865676_95882373,107.612904,+
KHDRBS3,chr13_75526639_75527812,107.6120177,-
IREB2,chr2_111480061_111494884,107.6046051,-
LSM7,chr3_87227556_87245713,107.6034482,-
POLR2G,chr2_19898035_19901705,107.6028242,+
SNRPG,chr12_6724818_6728222,107.5939954,+
ZFR,chr13_75526639_75530310,107.5875836,-
HNRNPAB,chr5_71062796_71067654,107.5871208,+
BICC1,chr6_44223641_44227259,107.5831522,-
PPP1R10,chr19_35507511_35509910,107.5780082,+
RC3H1,chr19_35158400_35164155,107.5734131,-
HNRNPAB,chr22_37675711_37676855,107.5671977,-
ZFP36,chr12_52055204_52056493,107.5654313,-
MCTS1,chr2_209700338_209704449,107.5646027,+
RC3H2,chr3_11833151_11839221,107.5640049,+
KHDRBS3,chr2_207624404_207625264,107.5603824,+
PTBP2,chr17_44321558_44322418,107.5591782,+
CSDE1,chr19_49680253_49680486,107.5589823,-
PNPT1,chr9_133348388_133348921,107.5565902,-
PARN,chr15_63062645_63064063,107.5359002,-
MCTS1,chr19_17339599_17341106,107.529593,+
YTHDC1,chr4_145120153_145121332,107.5283392,+
PUM1,chr8_47294030_47394977,107.5204766,+
SLTM,chr2_65344896_65431961,107.5198516,+
PCBP1,chr8_108217460_108228266,107.517816,+
HNRNPH3,chr20_56390665_56391942,107.5144568,+
ZCCHC14,chr1_151907406_151909359,107.5123106,+
RBM17,chr6_28272339_28272669,107.5116414,+
ASCC1,chr7_100321084_100328835,107.5028788,-
HNRNPD,chr13_49661208_49669776,107.4990949,-
KRR1,chr13_60112186_60163586,107.4951572,-
MATR3,chr1_954082_954463,107.4945406,-
ZC3HAV1L,chr2_135605016_135616667,107.4888992,+
RBMX,chr9_92324209_92325317,107.488599,+
EPHA2,chr4_129040212_129043394,107.4794155,+
ASCC1,chr19_10133701_10135735,107.4725047,-
SRRM2,chr18_9475691_9512990,107.465679,+
LSM2,chr17_82392534_82394330,107.4640016,-
PHC2,chr8_94432656_94458267,107.4620212,+
NAA38,chr2_164959329_164960898,107.4613359,+
MEX3D,chr16_69711281_69714963,107.4589962,-
EIF4H,chr1_161100859_161102047,107.4553935,+
ZFR,chr7_74065732_74068656,107.4508959,+
G3BP1,chr8_54051188_54052654,107.4424872,+
RBM7,chr8_48008470_48049852,107.4350154,-
FUBP3,chr11_67584772_67585037,107.4311701,-
PABPC4L,chr17_50737479_50740305,107.4285181,-
HDLBP,chr11_106059109_106077311,107.4284759,-
SAMD4B,chr15_78545764_78548789,107.4261845,-
RPS3,chr14_64449622_64454722,107.4141759,-
LSM5,chr7_151491014_151519459,107.4024944,+
SRRM1,chr2_27691867_27693684,107.3905359,+
PPFIA1,chr3_51970184_51973964,107.3898754,-
CPSF6,chr12_51269316_51269536,107.387311,+
DAZAP1,chr21_42376686_42380116,107.383047,+
RBPMS,chr1_16595013_16608507,107.3792626,+
FXR1,chr1_45600457_45602254,107.3737754,+
ZFR,chr12_46362638_46363725,107.3728485,-
RBM47,chr5_69560403_69562672,107.3683245,+
EIF4B,chr2_97118517_97142639,107.3564282,+
SART3,chr12_21508109_21508382,107.3516547,-
SAMD4A,chr5_179826291_179833031,107.3440944,-
RBM27,chr10_97453663_97454713,107.3361885,+
AKAP1,chr10_99747390_99754528,107.3188635,+
SNRPD1,chr7_123546817_123550469,107.3188597,-
RBM14,chr7_80905916_80916678,107.3182808,+
RBMS1,chr11_14498985_14499608,107.313279,+
TRNAU1AP,chr12_51095275_51095988,107.3080333,+
CNOT4,chr2_68047319_68062944,107.3052885,+
SF1,chr8_100705673_100709132,107.2914568,-
MEX3A,chr13_27441077_27445087,107.2825834,+
ZC3H12A,chr19_53432028_53441795,107.2814374,+
PABPN1,chr13_75590129_75594914,107.2801323,+
HNRNPF,chr8_54051188_54052654,107.2671067,+
BFAR,chr8_53801896_53814661,107.2646778,-
NCBP2,chr12_34024134_34024877,107.2624437,+
NCBP2,chr19_49659833_49661947,107.2610011,-
EIF3B,chr8_73738349_73746782,107.2594469,+
RBM7,chr8_98638560_98706466,107.2593985,+
SNRPD2,chr3_170868387_170870158,107.254824,-
ZFP36L1,chr11_36610239_36648015,107.247581,-
RBM3,chr1_156334918_156335826,107.2469092,+
LARP1,chr5_151110644_151117126,107.2418761,-
TRMT1,chr7_77002321_77003288,107.2402055,-
RBM14,chr5_163513669_163516517,107.2380304,-
PRR3,chr1_32228816_32230926,107.2372689,-
SEC23IP,chr1_46558800_46561477,107.2345975,+
THUMPD2,chr1_145895711_145896267,107.2221038,+
TRMT1,chr16_87951515_87975047,107.2220022,+
PUF60,chr2_231463316_231464335,107.2182052,+
TRMT1,chr3_52706703_52706796,107.2179164,-
SNRPE,chr12_65278865_65308528,107.2178262,+
RBM28,chr4_82946474_82984160,107.2125667,+
THUMPD3,chr1_151760031_151760815,107.2105295,+
ZRANB2,chr5_170805853_170809567,107.204028,-
RBM19,chr17_82621799_82643948,107.203992,-
TRA2B,chr19_44213244_44217790,107.2023496,+
ESRP2,chr3_53852997_53856843,107.1993289,-
TLR2,chr7_99559017_99560532,107.1933835,+
SNRPD3,chr11_14498985_14499741,107.192122,+
ZFP36L1,chr8_73959818_73970578,107.1698627,-
SNRPD3,chr19_1104127_1105185,107.1598458,+
ZGPAT,chr12_62325933_62349220,107.1532013,-
BFAR,chr12_113159112_113161269,107.1357487,+
FXR1,chr11_85628688_85629131,107.1329971,-
RBM12B,chr8_143691232_143691599,107.1317781,+
CNKSR3,chr1_28574718_28577499,107.130587,-
ZC3H18,chr2_164950133_164959254,107.1305521,+
LSM1,chr7_135398226_135410514,107.1252791,+
SAMD4B,chr2_164950133_164959254,107.1250211,+
RRP7A,chr15_43800784_43801517,107.1194901,-
ARAP1,chr2_95935644_95938986,107.1179523,+
ACIN1,chr1_954523_955922,107.114942,-
EIF4H,chr14_71735391_71738243,107.1075116,+
PPRC1,chr8_54082023_54100907,107.103258,-
RALY,chr7_66770467_66771882,107.0977017,+
DLC1,chr19_45164970_45178134,107.096363,-
IREB2,chr4_168654812_168668189,107.0933476,+
PPRC1,chr3_9941016_9941110,107.091558,+
RBM15B,chr11_85628688_85629131,107.0913519,+
LSM5,chr3_172818814_172820147,107.0894834,-
SNRPF,chr11_68688100_68688852,107.0845658,+
LSM7,chr14_35110629_35121901,107.0820398,+
HELZ,chr4_15971082_15980421,107.0817032,+
ELAVL1,chr8_143614453_143614786,107.0766643,-
RBM5,chr3_50109688_50110678,107.0598549,+
YTHDC1,chr19_1276103_1277182,107.0598053,-
LRSAM1,chr3_9941206_9943076,107.0593552,-
RRP7A,chr7_44579628_44581448,107.0565792,-
SYNCRIP,chr16_2020312_2020534,107.0544341,-
NAA38,chr6_42884750_42886255,107.0543018,+
MKRN3,chr9_128936645_128940368,107.0514467,+
SAMD8,chr2_169801026_169805664,107.0501347,+
STARD13,chr3_108057533_108058336,107.0443087,-
DGKH,chr19_36551977_36554669,107.0397663,+
SNRPD3,chr8_11802910_11808793,107.0392186,-
RBPMS,chr4_15682021_15686235,107.0359299,+
SF1,chr2_113970753_114007018,107.0355578,+
AKAP1,chr14_60092419_60114699,107.0323155,-
SLBP,chr1_169324469_169367707,107.0279707,+
LSM1,chr8_125151277_125155999,107.0268938,-
RC3H1,chr20_3123406_3159765,107.0239981,-
NONO,chr11_102627311_102677702,107.0201701,-
ASCC1,chr22_42070366_42070762,107.0177878,+
ZC3H7A,chr7_45101614_45101852,107.0136503,-
DNAJC17,chr7_72949102_72949304,107.0090691,+
EPHB3,chr11_14498985_14499741,107.0085654,-
BICC1,chr7_56103011_56106363,106.994433,-
ESRP1,chr8_143586290_143586728,106.9921089,+
PABPC4,chr5_71062796_71067493,106.9917564,+
ZFP36L1,chr2_190683827_190685478,106.9909955,+
LSM1,chr12_124912408_124912636,106.9905507,+
ACIN1,chr11_72111281_72111411,106.9820842,+
ZRANB2,chr11_34624317_34642627,106.9772787,+
ZNF638,chr1_1308720_1309085,106.9760071,+
PPFIBP2,chr3_149009402_149026759,106.9738155,-
TUT1,chr17_17247151_17248925,106.9647878,-
PNPT1,chr19_41956934_41958285,106.9644181,-
ZC3H8,chr10_30434748_30438915,106.9554554,-
TRA2A,chr2_112586124_112586199,106.9513091,+
HTATSF1,chr4_82900223_82900371,106.9418993,+
ESRP1,chr6_28281918_28283755,106.939529,+
MSI2,chr4_75973391_75975743,106.9322416,-
HNRNPH1,chr12_6967238_6967891,106.9317947,-
RBPMS2,chr2_113622161_113625608,106.9316428,-
PARN,chr16_670175_670265,106.9279903,+
RBM8A,chr7_103327378_103327655,106.9277656,+
KRR1,chr10_121974081_121974389,106.9260405,+
RBM34,chr1_154157721_154170399,106.9247375,+
FXR2,chr15_43792611_43792974,106.9210779,-
PAN3,chr19_14563702_14563834,106.9207192,-
CSTF2,chr7_44841012_44847968,106.9191148,+
SLTM,chr6_159685033_159692660,106.9099303,-
SNRPG,chr5_88269027_88270525,106.9075759,+
RBM28,chr5_88270585_88436272,106.8938897,+
NCBP2,chr9_125207721_125220538,106.8837407,+
PABPC1,chr18_63331901_63338799,106.8753499,-
DNAJC17,chr19_49680238_49680486,106.8749094,-
RBM18,chr14_39321056_39326863,106.873558,+
HDLBP,chr16_21958599_21959338,106.8728376,-
YTHDF2,chr7_72950196_72952151,106.8602526,+
U2AF1L4,chr3_143053794_143056311,106.8560541,-
TRA2B,chr17_1714014_1714370,106.8551101,+
LSM1,chr1_161159678_161160365,106.8527756,+
PSPC1,chr2_169812506_169819560,106.8510828,-
RNPC3,chr5_136132962_136153591,106.8510407,+
CPSF7,chr12_65278865_65326825,106.8506657,+
SLBP,chr17_44323590_44324710,106.8489319,-
ESRP2,chr5_141973742_141978302,106.8402808,-
ZFP36,chr12_21501948_21512294,106.8360074,+
TEP1,chr2_95956816_95960472,106.8284913,+
CPSF6,chr2_95106457_95108253,106.8264259,-
CCAR1,chr10_124774782_124789038,106.8198523,-
SAFB2,chr4_184638468_184649394,106.8170193,-
PPP1R10,chr7_132974024_132975168,106.8167458,+
PRPF3,chr5_151063747_151087084,106.8163938,+
RBM6,chr14_58247832_58257744,106.8159411,-
HNRNPC,chr12_46387609_46387746,106.8128393,+
TARDBP,chr10_73246799_73247009,106.8113108,+
PUM2,chr9_90867199_90874203,106.8056086,+
NOL8,chr11_95882496_95888155,106.7770257,+
LARP4B,chr2_178469782_178477061,106.7678225,-
RC3H2,chr15_42218375_42219580,106.7617548,-
KIAA0020,chr3_140967036_140970926,106.7605834,-
SF1,chr7_99459263_99460085,106.7572194,+
QKI,chr3_15052633_15059368,106.753919,-
SRRT,chr4_82900223_82900371,106.7431703,+
POLR2G,chr13_75834387_75835232,106.7409979,+
TROVE2,chr8_53970463_53984362,106.7390829,-
HELZ,chr1_151365846_151366721,106.7312324,-
MCM3AP,chr14_92030776_92033191,106.718379,+
CPSF6,chr7_139340619_139345500,106.7171776,+
LARP1B,chr19_35507511_35509910,106.7007623,-
TARDBP,chr2_58165874_58198578,106.699493,-
SUPT6H,chr8_63172798_63175330,106.6944353,+
RBM15,chr8_33503935_33509745,106.6912661,+
EIF3G,chr1_23798730_23799365,106.6720007,-
HNRNPH2,chr1_151017904_151024610,106.666897,+
CPSF7,chr15_74920442_74926765,106.6645571,-
FUBP3,chr17_76726879_76732977,106.6580091,-
RBM42,chr19_55279705_55280034,106.6477901,-
HELZ,chr9_69065043_69072611,106.6409759,+
HNRNPH2,chr20_56388202_56390555,106.6054087,+
SRRM1,chr20_3974400_3989584,106.6053344,+
PNO1,chr8_47727293_47735306,106.6032318,-
RNPS1,chr14_96556413_96564954,106.5977878,+
HNRNPL,chr19_40348768_40366418,106.5974884,-
SRRT,chr7_66770467_66771882,106.5838745,+
HNRNPA0,chr9_65731867_65733509,106.5812259,+
HNRNPA2B1,chr8_51845763_51898929,106.5745827,-
LARP4B,chr1_43365623_43366267,106.5660528,+
TRA2A,chr1_156066085_156068269,106.5605007,-
SFPQ,chr20_13814515_13816462,106.5562765,+
SAMD4B,chr16_3023361_3023846,106.5450027,-
ANKS6,chr18_22934078_22936753,106.5381777,-
RBM23,chr13_23668082_23673371,106.5367726,+
SNRPG,chr14_50330181_50334564,106.5311236,+
SF1,chr19_2269744_2271390,106.5258348,-
PCBP1,chr11_93754037_93757315,106.5238478,+
ACO1,chr9_129108077_129109178,106.5225296,-
CARHSP1,chr2_207624404_207625264,106.5218143,+
ANKRD17,chr17_49706309_49707729,106.5165085,+
SNRPD3,chr19_36114412_36114797,106.5159403,-
RBM3,chr19_14397223_14397657,106.5140842,-
PABPC3,chr11_66436909_66437103,106.5078665,+
EIF2S1,chr8_143990199_143991691,106.4921398,+
SASH1,chr13_49110406_49114654,106.4878327,+
PPIL4,chr4_139072039_139073453,106.4807637,+
DGKH,chr22_15791152_15815475,106.4799323,+
ZC3H10,chr12_46470262_46652389,106.477902,-
RBM28,chr11_47476956_47477296,106.475922,+
FUS,chr11_850367_864436,106.4630746,-
KRR1,chr12_46254936_46256691,106.4581278,-
SNRPB,chr5_180467671_180472613,106.4508733,+
TDRKH,chr1_45661225_45686992,106.4428839,+
HNRNPR,chr7_155298027_155298258,106.4163339,-
TIPARP,chr8_66667701_66677641,106.4132093,+
SFPQ,chr1_120420118_120427705,106.3877591,+
RBM4,chr12_49186833_49188976,106.3872642,+
RBMS2,chr10_73252037_73252469,106.3766678,+
EIF4H,chr12_48682065_48682186,106.3737567,+
RBM3,chr22_25448284_25455711,106.373406,+
PPFIA3,chr11_86268561_86270082,106.3465117,-
DHX8,chr6_97269992_97270106,106.3450235,+
KIAA0430,chr20_63521589_63522006,106.3449008,+
TRA2B,chr22_43151604_43159209,106.3447043,+
MEX3D,chr1_6233643_6234404,106.3369273,-
MYEF2,chr7_74249829_74252428,106.3310764,-
HDLBP,chr1_241849027_241850408,106.3179823,-
ZGPAT,chr16_30741908_30748205,106.3121433,-
YTHDF3,chr1_86880725_86887155,106.3092056,-
SNRPA,chr1_160283109_160285054,106.3086047,+
SF3A1,chr15_28299516_28321361,106.2982903,+
ELAVL1,chr14_90317820_90318004,106.2952273,+
SF1,chr16_189339_189930,106.294916,+
ZC3HAV1,chr7_22813185_22822676,106.2895045,-
SF3A1,chr12_95252071_95256549,106.2880197,+
RC3H1,chr8_66922392_66926197,106.281121,-
NAA38,chr1_145975436_145977482,106.2723189,+
SF1,chr2_210016112_210016203,106.2663086,-
RBM3,chr8_48049978_48060681,106.2599747,+
EEF1G,chr1_153975905_153976975,106.2518761,-
RNF113A,chr13_20732121_20757454,106.2476256,+
LSM3,chr17_39628622_39629169,106.2442637,-
ZRANB2,chr8_100288267_100309297,106.235101,-
RBM39,chr8_27752587_27762418,106.2346989,+
ELAVL1,chr7_101218217_101218318,106.2285453,-
DKC1,chr7_107749047_107752544,106.2252081,-
RBM17,chr10_47551952_47553328,106.2204148,+
LSM4,chr11_67585241_67586103,106.2192207,+
TRMT2A,chr6_33701420_33710694,106.215852,-
NAA38,chr17_76727213_76729689,106.2139071,+
TRNAU1AP,chr1_155324544_155324844,106.2129898,+
RRP7A,chr12_9857637_9869204,106.1981001,-
U2AF1L4,chr9_129338917_129341349,106.1951473,+
PPFIA1,chr5_170808752_170809567,106.1935423,+
PDCD11,chr5_136132962_136147831,106.1832202,+
HNRNPR,chr7_100093663_100094172,106.1776839,-
LSM1,chr7_130399039_130400706,106.1725013,+
NCBP2,chr20_44582731_44589796,106.1647565,+
RBM34,chr12_95252071_95256549,106.1643089,+
SAMD4A,chr1_235829036_235830225,106.1479156,+
ZCRB1,chr10_89010600_89011998,106.1383461,+
RBM4,chr1_19597109_19623473,106.1342803,-
KHDRBS1,chr13_37023044_37024034,106.132247,+
ZNF638,chr8_47279980_47284027,106.1292884,-
SNRPA,chr3_150544498_150545702,106.120531,+
HNRNPH3,chr11_102607452_102677702,106.1167795,+
SNRPB,chr12_16354378_16363794,106.1162112,-
LSM1,chr19_19034013_19042710,106.1148324,+
CPSF7,chr12_46189071_46196724,106.1143565,-
RBM22,chr3_168036994_168041391,106.1093377,+
RBM7,chr21_17559131_17565427,106.1068577,+
YTHDC1,chr1_20780540_20787194,106.1021161,+
UNK,chr9_32558954_32570959,106.1013131,+
CNKSR1,chr5_65625106_65629467,106.1008798,+
ZGPAT,chr19_48935111_48936031,106.0985081,-
HDLBP,chr3_15240853_15242177,106.0934324,+
RPS3,chr5_170788668_170794230,106.0908173,-
CSTF2T,chr7_36335178_36356901,106.0889198,+
RBM4B,chr19_5896997_5903611,106.0881487,-
SLTM,chr2_161160484_161179613,106.0852663,+
RBM47,chr7_88210925_88217121,106.0828127,+
SCML2,chr1_143736123_143736892,106.0806627,+
MCTS1,chr7_73686900_73690915,106.0800688,-
CNKSR1,chr9_68264514_68268933,106.07338,+
SF1,chr12_56314966_56315820,106.0692391,-
PCBP2,chr7_87152555_87163494,106.0680713,+
ZNF638,chr2_71331875_71348752,106.0674669,+
PCBP4,chr12_52237569_52238679,106.0625382,+
RBM3,chr6_143165183_143187628,106.0499182,+
HELZ,chr22_29531110_29531830,106.049497,+
NAA38,chr2_200419496_200439121,106.0461709,+
CSTF2,chr1_150817433_150823193,106.0413461,-
SPEN,chr15_78264895_78265480,106.0378613,+
SART3,chr7_21911751_21916753,106.0357891,+
DGKH,chr4_165327946_165333339,106.0356871,+
SNRPG,chr5_173020367_173034398,106.0291192,+
TARDBP,chr10_89010600_89011998,106.0212405,+
G3BP2,chr22_42599793_42602769,106.0043965,+
SRRM1,chr2_60541920_60545970,106.0015482,+
RBM17,chr5_134174022_134176854,105.9898841,+
ZNF638,chr4_121814047_121816143,105.9889969,+
RBM39,chr1_109739493_109740239,105.9882934,+
TRA2B,chr2_215393203_215394527,105.9745818,+
SNRPN,chr14_36299187_36300784,105.9406109,+
SNRPB,chr6_122675144_122701439,105.9351443,-
PPFIA3,chr18_63970170_63979800,105.9345227,-
YTHDF1,chr12_124912427_124913339,105.932865,+
MATR3,chr5_138166108_138167933,105.9312256,+
HNRNPR,chr12_104019676_104049894,105.9237512,-
HNRNPH1,chr17_81891853_81894466,105.9193379,-
CPSF6,chr11_119019317_119021759,105.9191426,-
RBM12,chr19_10677310_10679096,105.9117117,+
STIM1,chr5_69509819_69534693,105.9078012,-
ZC3H13,chr16_71923380_71924810,105.8970613,+
CNOT4,chr12_52055204_52056493,105.8927014,-
RALY,chr6_34757551_34757911,105.8906188,+
NAA38,chr11_810039_810233,105.8584415,+
RBMXL1,chr6_159748369_159748589,105.8549112,+
RBM6,chr14_64224547_64224998,105.8539131,+
UHMK1,chr3_52706703_52706796,105.8501629,-
TARDBP,chr1_29216812_29230730,105.8252302,-
EPHB4,chr17_5436037_5438122,105.8189077,-
SFMBT1,chr7_100321084_100328835,105.8086697,+
HNRNPA3,chr6_122778574_122780290,105.7966887,-
KRR1,chr20_20026919_20033101,105.7922962,-
POLR2G,chr8_66922392_66926197,105.7835638,-
LSM2,chr13_75526639_75527812,105.7758399,-
SF1,chr1_235829036_235830225,105.7744386,+
ESRP1,chr8_143817782_143817888,105.7701886,-
RBM3,chr2_97142668_97144517,105.7640071,+
HDLBP,chr5_172994822_173020237,105.7600532,+
RBMS2,chr3_9433950_9434276,105.7576946,+
G3BP2,chr9_85941874_85942154,105.7549206,+
RBM10,chr5_78421960_78459244,105.7545502,-
PUM2,chr16_29994843_29995102,105.753428,-
SGMS1,chr3_9838207_9838984,105.7452009,+
DGKD,chr9_111597432_111599338,105.7450505,-
SAFB2,chr11_119045834_119046416,105.7446067,-
G3BP2,chr19_49659833_49661947,105.7384929,+
PUM1,chr12_49741611_49752463,105.7306186,+
KHDRBS1,chr7_26206510_26208392,105.7212822,+
POLR2G,chr1_203862222_203863662,105.7171899,+
ZNF638,chr12_52056159_52056493,105.7160113,+
SNRPD1,chr11_61393976_61397727,105.713894,+
RBM22,chr8_123534814_123540898,105.7106571,+
THUMPD2,chr2_97204096_97207933,105.697518,+
TRA2A,chr3_138188530_138221925,105.6959859,-
LSM4,chr19_49866528_49867053,105.6908572,-
LSM7,chr8_66667701_66677641,105.6904045,+
MKRN1,chr3_184365226_184368176,105.6861375,-
FUBP3,chr17_28716058_28717212,105.6830645,-
BFAR,chr1_112705123_112707077,105.6820067,-
APTX,chr8_144790470_144790677,105.6808392,-
UPF3B,chr14_55129300_55138044,105.6803575,+
SNRNP70,chr18_62163656_62186843,105.6798674,+
LSM5,chr19_50475455_50475832,105.6726777,+
MKRN3,chr9_10948481_10994187,105.6709927,+
ASCC1,chr1_1721711_1722587,105.6692637,-
LSM1,chr3_138163494_138167080,105.6623949,+
ZFR,chr12_46362638_46363725,105.6594024,-
LSM5,chr7_74053309_74056270,105.6557373,-
NIP7,chr3_44338834_44354738,105.6493227,+
YBX1,chr18_31068344_31068893,105.6428428,+
THUMPD1,chr21_46649739_46664294,105.6427723,+
SAFB,chr19_3452666_3456549,105.6382666,+
THUMPD2,chr11_113214511_113231644,105.6374915,+
HNRNPD,chr9_96641886_96645892,105.634946,+
CPSF7,chr21_43755476_43755697,105.6010638,+
RBMX2,chr18_59900235_59900427,105.5988455,-
LSM10,chr2_97538363_97540033,105.5915854,+
RBM6,chr2_241268541_241272760,105.5839668,+
RBM14,chr7_23691596_23698191,105.5692956,+
SNRPB2,chr6_10755209_10756466,105.5453943,-
TNKS,chr7_100887859_100888041,105.5429856,-
THUMPD3,chr4_105703809_105708637,105.5425798,+
PPFIA1,chr9_128936645_128940368,105.5393478,+
RBM18,chr6_33417695_33417870,105.5393088,-
GTF3A,chr3_48601467_48603563,105.5390397,+
ZGPAT,chr11_62761904_62762541,105.5298518,-
RBM18,chr16_1772534_1772603,105.5031863,-
MYEF2,chr7_66993417_66994211,105.497057,+
ZFP36L1,chr12_53442733_53443540,105.4915185,-
RBM38,chr7_151409382_151411227,105.4855885,+
U2AF1,chr3_188208318_188225404,105.4842533,+
THUMPD2,chr4_56810184_56820535,105.4782417,-
SFPQ,chr19_40348768_40366418,105.4772764,-
MCM3AP,chr19_3452666_3462751,105.4706832,+
TRNAU1AP,chr13_113539507_113548302,105.4641264,+
SRRT,chr11_36594641_36610080,105.4627106,+
LARP6,chr19_46839578_46850133,105.4600065,+
KHDRBS3,chr1_36457981_36461263,105.4582491,-
RC3H1,chr7_143285445_143286423,105.4543272,+
LSM6,chr18_46818447_46820932,105.4501807,+
ZC3H4,chr8_51839638_51845660,105.4384141,+
PHC2,chr6_31620858_31622689,105.4306189,+
HNRNPK,chr8_103375959_103378026,105.4246502,+
SAMD8,chr7_141006535_141014910,105.4201827,-
ELAVL1,chr19_35158400_35164155,105.4145614,-
NUPL2,chr19_43656640_43667580,105.4138737,-
BICC1,chr3_99791010_99794226,105.4085788,-
ACO1,chr20_45416343_45419294,105.3940427,-
RBM22,chr19_40348768_40365717,105.3929254,+
SGMS1,chr1_26934419_26941456,105.3894879,-
POLDIP3,chr17_82483304_82483715,105.3785138,-
EEF1G,chr2_130339232_130339559,105.378387,-
SNRPD2,chr5_171910797_172006457,105.3615244,+
U2AF1L4,chr8_144200541_144211792,105.3570469,+
EIF4B,chr14_21383769_21383861,105.3499494,+
ZC3H13,chr17_17247151_17248925,105.3437794,+
SGMS1,chr19_40348768_40365717,105.3358719,+
LSM1,chr7_73693669_73697604,105.3283996,-
MBNL1,chr4_82946474_82984160,105.3222981,-
MKRN1,chr8_128096654_128099369,105.3209128,+
RBM12,chr10_27531615_27532506,105.3200664,-
RBMX2,chr7_26203022_26206367,105.3148716,+
KHSRP,chr7_76618300_76618496,105.3144129,-
ZC3H18,chr1_29216685_29220837,105.3096237,+
PPP1R9A,chr3_14122086_14124654,105.3054498,-
YTHDF2,chr22_41584058_41584526,105.2869954,+
SF1,chr7_99458355_99459146,105.2856518,+
HNRNPAB,chr18_30994372_30996790,105.2842821,+
SAMD4B,chr2_119339971_119340158,105.2781134,+
TARDBP,chr6_44116629_44127382,105.2734764,-
SNRPA,chr9_32987731_32989758,105.2722501,+
RBM3,chr12_52055204_52056493,105.2585186,-
LSM5,chr1_151346333_151346481,105.2470321,-
PSPC1,chr1_143736123_143736892,105.2458248,+
ZRANB2,chr9_21971208_21993881,105.2446438,-
SFMBT1,chr12_104019676_104049894,105.2426549,-
HNRNPL,chr20_37238449_37241302,105.2400724,-
RBM38,chr17_82449292_82449430,105.2359043,-
RBM41,chr4_673401_674211,105.2354318,-
PUM2,chr5_72816752_72848384,105.2333831,+
RBMS1,chr20_35735081_35738967,105.227845,+
NCL,chr1_154268954_154270199,105.2238497,+
PPRC1,chr10_98445413_98446886,105.2199624,+
TRNAU1AP,chr13_27445156_27450063,105.2051413,+
EWSR1,chr11_65893296_65896808,105.1847973,+
MCTS1,chr3_10081531_10083543,105.1767827,+
PABPC1,chr7_74053309_74056270,105.1741214,-
PAPSS1,chr3_191375589_191380158,105.1201117,+
LSM3,chr8_55773719_55785718,105.1137161,+
SLTM,chr8_124539287_124543119,105.1065789,-
TNKS2,chr3_50288937_50289711,105.1023886,-
SRRM1,chr6_30296237_30314268,105.0978586,+
KIAA0020,chr20_5115572_5118768,105.0940484,-
TIA1,chr16_65053928_65125769,105.0772439,+
MEX3D,chr7_21911751_21916753,105.0729544,-
PPRC1,chr6_136278770_136279762,105.0706739,+
POLDIP3,chr19_14410334_14410547,105.0702749,-
LARP1B,chr1_6186816_6197651,105.0670749,-
LSM7,chr17_64500326_64500548,105.0649126,+
KRR1,chr18_22178277_22181452,105.061615,+
APTX,chr11_47425946_47426204,105.0423466,-
PPRC1,chr2_200419496_200440648,105.0325011,+
MATR3,chr15_41349241_41350990,105.0295955,-
YTHDC2,chr13_27440449_27441016,105.024202,-
NONO,chr8_74823467_74825256,105.0240177,+
PPFIA1,chr20_3123406_3159765,105.0206757,+
NAA38,chr6_10749268_10749621,105.018291,+
KIAA0020,chr9_99221137_99221546,104.9987095,+
POLDIP3,chr7_22976305_22977340,104.9986235,+
PAPSS2,chr10_60778668_60780140,104.9957016,-
SAMD4B,chr5_88270585_88410072,104.9908544,+
RPS3,chr13_110714285_110719228,104.9903898,+
SNRPF,chr5_132866687_132866868,104.9880292,+
PAPSS2,chr1_86354859_86356443,104.9866497,+
HDLBP,chr12_49749734_49752463,104.9585427,-
TEP1,chr14_39319291_39326863,104.9503628,+
PABPC1,chr18_63331901_63338799,104.9501967,-
PABPN1,chr17_31008803_31021909,104.9469807,+
ZC3H11A,chr5_138166727_138167933,104.9408916,+
SASH1,chr16_53208347_53209481,104.9342012,-
TDRKH,chr4_75509296_75514240,104.9339716,+
BICC1,chr17_81682149_81682490,104.9219195,+
PPRC1,chr2_38315334_38317238,104.9214968,+
LARP1,chr5_70401668_70420248,104.9200632,+
ANKS6,chr11_93755386_93759741,104.909504,-
CSDE1,chr11_66003373_66003625,104.893108,+
SETD1B,chr12_47700164_47701463,104.8872641,-
LARP7,chr7_44579628_44581448,104.8833139,+
SFMBT1,chr8_143614453_143614786,104.8786777,-
TAF15,chr10_27171083_27173117,104.8777245,+
RBM6,chr10_27526889_27531528,104.8738536,+
PABPC1L,chr17_36486785_36492812,104.8648274,-
THUMPD3,chr7_73737110_73737561,104.8645927,+
RBM45,chr20_17596790_17600737,104.8579027,-
FUBP3,chr17_64500326_64502009,104.8427976,-
ZNF638,chr4_2932153_2932599,104.8409801,-
ALKBH8,chr20_56388202_56390555,104.8238428,-
DGKD,chr7_77002321_77004217,104.8105571,+
PSPC1,chr6_31728745_31730050,104.8055141,-
RBM26,chr11_118757287_118759921,104.8054882,+
FXR1,chr1_155910506_155911242,104.8020088,-
EPHB3,chr11_67240369_67243008,104.7884327,+
RBM33,chr3_101855902_101857291,104.7840023,+
TIA1,chr3_187121328_187139212,104.7809546,-
NIP7,chr22_42087175_42090605,104.7807608,+
RBM34,chr15_42218375_42219580,104.7715058,+
FUS,chr19_39483156_39485687,104.7704205,+
PABPC4,chr1_23030634_23044426,104.7507069,+
ANKHD1,chr6_116702150_116703282,104.7496954,+
ZNF239,chr9_137576167_137576308,104.7307067,+
RBM26,chr6_122778574_122780290,104.7277483,-
RBM14,chr7_6009498_6017813,104.7255595,-
THUMPD3,chr8_56216531_56217330,104.7155442,+
ZFP36,chr3_66221127_66243202,104.7140978,-
ZCCHC17,chr11_65713058_65713347,104.7024886,+
ZGPAT,chr22_35746561_35759887,104.7012078,-
RBM28,chr2_178469785_178478278,104.6965262,+
ELAVL1,chr1_153563887_153566701,104.689721,+
ELAVL2,chr11_319990_320112,104.6823213,-
RAVER2,chr7_66086662_66087333,104.6734728,-
LSM1,chr6_149598350_149603267,104.6724868,+
PABPC1,chr16_48362430_48387053,104.66919,+
TEP1,chr2_95956816_95960472,104.6641244,+
TNRC6A,chr8_89902837_89909566,104.6631759,+
HNRNPH3,chr18_9204544_9208656,104.6620176,+
RNPC3,chr12_120566980_120575630,104.6571044,+
HNRNPR,chr9_95080780_95086681,104.6532574,+
PPFIA3,chr12_6724818_6728222,104.647114,-
TNRC6A,chr4_105424322_105446382,104.6461907,+
ENOX2,chr4_55364271_55369831,104.645723,-
SAMD4A,chr3_10018071_10023529,104.6432753,+
EPHB3,chr1_86704971_86719506,104.6282797,+
ZGPAT,chr1_45600457_45602254,104.624665,-
HNRNPAB,chr4_15971082_15980421,104.6197498,+
RC3H1,chr8_73738349_73746782,104.6150722,+
DGKH,chr6_32843089_32843849,104.6138337,+
HNRNPR,chr4_82881940_82890750,104.6054041,-
ACIN1,chr21_39347478_39348291,104.6020024,-
ZFP36L2,chr19_35154809_35155550,104.5966212,+
LSM4,chr9_162469_172080,104.5950975,+
ZCCHC17,chr1_160283109_160285054,104.5880068,+
SNRPB2,chr1_153975905_153976975,104.587324,-
U2AF1L4,chr9_21971208_21993881,104.5853973,-
HNRNPD,chr18_46815349_46820932,104.585028,+
SEC23IP,chr11_95790743_95795515,104.5763411,-
PCBP2,chr13_46045516_46052403,104.5638827,-
HELZ,chr9_36573007_36580072,104.5554565,+
CSDE1,chr10_73072180_73074807,104.5512652,-
KRR1,chr8_63017630_63023906,104.5475832,+
HNRNPH3,chr14_23081836_23089981,104.546666,+
TROVE2,chr7_55951930_55954908,104.5328273,-
RBMX2,chr17_51160081_51161097,104.5229847,-
RBMX,chr8_47294030_47313134,104.5205808,+
RBM26,chr11_64317147_64317263,104.5137719,+
CPSF4,chr8_95036494_95041569,104.5120864,-
RBMX2,chr8_102265275_102266946,104.4939574,-
MYEF2,chr17_17247151_17248925,104.4932024,-
CIRBP,chr1_155136376_155137978,104.482794,+
G3BP1,chr20_56513428_56517105,104.4825175,-
MCTS1,chr11_119019317_119021759,104.4807524,-
HDLBP,chr9_90613863_90642751,104.4704844,+
MCM3AP,chr2_210016112_210016203,104.4547009,+
TIA1,chr7_117222062_117222860,104.4506644,+
ZC3H12A,chr19_52778907_52786594,104.4371765,+
PHC3,chr7_44579628_44581448,104.4359454,+
ZFP36,chr7_6392041_6398661,104.4206777,-
TAF15,chr4_103057971_103066326,104.4175589,+
LSM7,chr6_36678939_36684096,104.4131605,-
UNK,chr2_27445449_27445744,104.409894,+
RBM39,chr3_50350984_50351408,104.4068357,+
RBM39,chr3_138188530_138221925,104.4021657,+
ASCC1,chr4_139678642_139703454,104.3972423,-
SF3A1,chr7_56052485_56054368,104.3805147,+
LSM7,chr1_70205780_70221611,104.3780169,+
NCL,chr12_50441643_50454313,104.3675165,+
ZRANB2,chr6_44223641_44227259,104.3605725,+
SCML1,chr10_73817554_73819531,104.3522274,-
DDHD2,chr9_136992704_136993052,104.3417298,+
ZC3H14,chr8_109339390_109340443,104.3405734,-
HTATSF1,chr2_150474984_150487267,104.3384766,-
HNRNPA1L2,chr11_65018733_65021720,104.3218162,-
G3BP1,chr15_101651773_101652270,104.3170316,+
YTHDF2,chr19_3456635_3462751,104.3118334,+
U2AF1,chr5_115870128_115902884,104.30456,-
POLDIP3,chr8_129760589_129760897,104.3017679,-
MEX3D,chr17_81683126_81683592,104.2999597,-
EIF3B,chr15_69421752_69422325,104.2926213,+
IGF2BP2,chr19_58246427_58246745,104.2898185,+
PABPC4,chr2_27445843_27445928,104.2858357,+
SAMD8,chr4_73113311_73113791,104.281456,+
HNRNPR,chr22_24233018_24233873,104.2724982,-
STARD13,chr8_132775645_132777791,104.2565106,+
ZC3H4,chr11_67467563_67468027,104.2479271,+
ESRP1,chr19_54115797_54118240,104.2359259,-
PPIE,chr2_108621461_108659604,104.2192332,+
MCM3AP,chr17_28720430_28720706,104.2186973,-
THUMPD1,chr19_35497681_35498715,104.2170921,+
UNK,chr16_50025340_50025650,104.2079774,+
KIN,chr2_97206135_97211545,104.2062383,+
HNRNPK,chr16_28845055_28845313,104.2059585,+
SCML2,chr1_40766703_40766917,104.2049848,+
DNAJC17,chr9_15267948_15307083,104.2023265,+
LSM3,chr4_76124756_76148307,104.1894442,-
RBM4B,chr8_98722969_98749275,104.1867732,-
PCBP1,chr8_42838336_42843023,104.1851961,+
KIN,chr8_103375959_103378026,104.1750894,+
SNRNP35,chr4_173332995_173333117,104.1703184,-
PUM1,chr15_49631058_49632158,104.1690631,+
HNRNPC,chr17_58692685_58694930,104.1555152,+
ESRP1,chr20_45416343_45419294,104.1541713,-
SFPQ,chr11_102607452_102677702,104.1533335,+
LARP4,chr13_110624279_110627438,104.1306897,+
PTBP2,chr14_93210708_93214928,104.122423,+
THUMPD3,chr9_32987731_32988082,104.10553,+
RC3H2,chr3_29899755_29936085,104.1022567,+
FXR1,chr2_201118901_201129728,104.1003909,+
EIF3G,chr7_64561273_64562924,104.0824006,+
RBM8A,chr1_28369825_28392841,104.0780029,-
RC3H2,chr1_163323095_163326031,104.0657319,-
IREB2,chr13_27441077_27445087,104.04978,-
SFPQ,chr15_48331726_48332267,104.0457769,+
PHC3,chr7_64993414_65006540,104.0447541,+
PPP1R10,chr7_130399039_130400706,104.0408631,+
HDLBP,chr11_62854551_62855132,104.0314761,+
EIF3G,chr11_118757287_118759921,104.0287058,-
LSM2,chr8_33503935_33509745,104.0274389,-
HNRNPA1,chr6_2959342_2971247,104.0202114,-
THUMPD2,chr8_115623758_115661569,104.0161679,+
SNRPD1,chr7_101218485_101222603,104.0074759,+
HNRNPA1L2,chr2_182736386_182739544,104.0067331,-
KHDRBS1,chr8_47727293_47735306,104.0044596,+
PTBP1,chr3_9689082_9697710,103.9957634,-
RBM18,chr2_61868706_61869439,103.9938645,+
RBM3,chr7_100149579_100153399,103.9935765,+
ZC3H13,chr13_46045513_46052697,103.9883093,-
PCBP2,chr19_43652371_43655438,103.9868961,+
BFAR,chr13_49663195_49691253,103.9699534,+
KIN,chr9_92229126_92240642,103.9690681,-
THUMPD3,chr19_40619493_40623603,103.9553551,+
RBM25,chr7_29121071_29146340,103.9518638,-
SNRPD3,chr5_176386019_176386839,103.9505857,-
ZCRB1,chr19_36573525_36574820,103.949335,+
RBMX,chr17_58724100_58732480,103.945818,-
NIP7,chr19_41860445_41860774,103.9429716,-
HNRNPH2,chr7_97022287_97024268,103.9324637,-
RBM39,chr6_28272339_28272669,103.9316696,+
LSM3,chr19_288171_291325,103.925227,-
NCBP2,chr7_94629841_94639340,103.9246624,-
CNOT4,chr7_107186681_107190172,103.9236944,-
ARAP1,chr2_61159439_61162841,103.9224626,-
SNRPA,chr13_27441077_27445087,103.9207235,+
NCL,chr6_33417695_33417870,103.9151594,-
PAPSS2,chr10_80454371_80468546,103.9073092,+
HNRNPL,chr19_18589077_18590853,103.9053887,-
ARAP2,chr12_31116469_31118962,103.8980947,-
DKC1,chr15_78545764_78546574,103.8970322,+
CSTF2,chr11_73825796_73843246,103.8870565,+
NAA38,chr6_85637143_85640220,103.8850009,+
ELAVL1,chr19_43511566_43527096,103.8829866,-
SNRPB2,chr9_15306274_15307083,103.8821559,+
UHMK1,chr16_70316104_70324584,103.879986,-
SNRPD1,chr1_202853280_202858881,103.8558751,+
HNRNPA3,chr12_124911952_124912636,103.8481723,+
RBM14,chr10_110569013_110575335,103.844617,-
HNRNPL,chr8_123025050_123041969,103.8445467,-
PABPC1,chr11_66843861_66843959,103.8348163,+
SSB,chr16_28845055_28845911,103.831092,-
RRP7A,chr5_134632195_134632727,103.8305911,+
LSM1,chr1_75724817_75732643,103.8256024,+
CSTF2,chr17_75702571_75703807,103.8247868,-
LEMD3,chr2_61017851_61018188,103.8230534,-
NOL8,chr8_144148076_144163770,103.8188315,+
DLC1,chr5_88270585_88410072,103.8068203,-
HNRNPL,chr16_88810148_88811549,103.8053536,-
ZC3H12C,chr3_63838499_63863771,103.801041,-
PUM1,chr17_81110959_81115769,103.7922269,+
HNRNPA0,chr17_75168401_75181056,103.7907457,-
HNRNPD,chr1_8015400_8015494,103.7875347,-
PABPC3,chr5_154865385_154871729,103.7789617,+
SF1,chr3_57896371_57896510,103.7784109,-
TIA1,chr5_70946176_70952438,103.777054,-
MCM3AP,chr20_31550121_31559610,103.7761663,-
HELZ,chr14_24232977_24233218,103.7470678,+
IGF2BP2,chr19_48813348_48813662,103.7449967,+
DLC1,chr7_66554837_66560578,103.7356994,-
MATR3,chr6_37377033_37390741,103.7340695,-
TNKS2,chr5_71604468_71632120,103.7300348,-
RBM12,chr17_76720498_76721262,103.7220716,+
RNPC3,chr8_144105149_144105639,103.7166149,+
ANKS6,chr1_161072885_161073719,103.708872,+
UNK,chr8_144401673_144402866,103.7084993,+
SSB,chr13_110624279_110627438,103.7039952,+
MYEF2,chr5_180468269_180483114,103.7027303,-
RBM47,chr17_7262343_7263928,103.6877528,+
DGKH,chr1_151890214_151895007,103.6756182,-
RBM7,chr12_124912427_124913339,103.6629686,-
RBM14,chr8_63169411_63186146,103.6624497,+
DUS3L,chr18_21622801_21623747,103.6600008,+
RBM47,chr2_95935644_95938828,103.6599616,+
SNRPF,chr6_41067437_41070075,103.6598898,+
ZCRB1,chr2_130181830_130182626,103.6313942,+
RBM33,chr2_169801026_169805664,103.6275314,+
NOL8,chr3_63838499_63863771,103.6273199,-
CPSF4,chr19_42512479_42521266,103.6267405,+
CPEB2,chr12_42161765_42210354,103.6242739,+
SAMD4B,chr7_107613432_107616260,103.6219507,+
HNRNPF,chr8_66922392_66926197,103.602111,+
ASCC1,chr10_101782597_101783272,103.600603,+
EPHA2,chr8_66822459_66825995,103.5988226,+
UNK,chr5_75685484_75689011,103.5927531,+
ZC3H4,chr8_73959818_73970578,103.5800407,-
RBM42,chr1_156293209_156294017,103.5792416,+
PRPF3,chr22_24220116_24220491,103.5745555,+
NUPL2,chr17_42316851_42317181,103.5612811,+
ANKHD1,chr1_37689883_37690001,103.5550623,+
PHC3,chr9_90613863_90642751,103.5478649,+
RBM7,chr8_53841725_53842870,103.5443698,+
NUFIP1,chr1_28560732_28561112,103.5414364,+
SCMH1,chr1_156787174_156794664,103.533757,-
PUF60,chr8_79919148_80030053,103.5303673,+
EIF4B,chr17_8463354_8466929,103.5281039,+
RBM14,chr13_46045513_46051931,103.5255858,+
PPP1R10,chr21_31685174_31685397,103.5232064,+
U2AF1,chr12_113159109_113161269,103.5147067,+
TROVE2,chr16_88657247_88657435,103.5132607,-
PCBP1,chr8_98032317_98033098,103.5069786,+
RNF113A,chr7_22813185_22822676,103.4880508,-
ZCRB1,chr19_45409725_45416820,103.4834404,+
TOE1,chr6_4999904_5002100,103.4776218,-
LSM6,chr19_18900449_18904770,103.4735582,-
LSM1,chr15_74923770_74929115,103.4720564,-
RNPC3,chr3_177098541_177160870,103.4697058,+
PPP1R9A,chr13_100449305_100527674,103.462731,-
MYEF2,chr10_68070599_68072882,103.4595732,+
DHX57,chr4_55853797_55858313,103.4555507,-
ZC3H13,chr11_17075163_17075453,103.4478145,-
G3BP2,chr3_184243630_184244600,103.4436662,+
CNOT4,chr19_47169923_47176214,103.4435871,+
ZC3H4,chr5_171997051_172006457,103.4416667,+
SNRPG,chr17_74773688_74775621,103.4343381,+
BFAR,chr3_48295235_48296726,103.4340025,+
LSM5,chr19_11041560_11058257,103.4327817,+
TARDBP,chr11_14498985_14499602,103.4301373,-
ZC3HAV1,chr1_35178036_35181134,103.428712,+
PPIL4,chr5_176386019_176386839,103.4252832,-
GTF3A,chr5_170788668_170794230,103.4240162,-
RBM15,chr12_46387972_46470152,103.3994535,+
CPSF4,chr14_23081836_23090521,103.3954283,+
SHANK3,chr19_36325764_36326481,103.3877304,+
CPSF4,chr15_92883778_92885514,103.3855638,+
ANKS1A,chr17_73209768_73232085,103.3716984,-
LARP1,chr15_85655787_85658536,103.3678673,+
SNRPB2,chr9_21971208_21995300,103.3645156,-
UHMK1,chr19_52849213_52890240,103.3502664,+
DGKD,chr8_94885558_94890414,103.3467532,-
TDRKH,chr10_124774782_124789038,103.3445338,+
HNRNPAB,chr4_78930325_78939039,103.3437328,+
RBM18,chr7_74053309_74056270,103.3353341,-
ESRP2,chr11_72111281_72111411,103.3130584,-
YTHDF1,chr5_70421771_70422112,103.3116224,-
THUMPD2,chr2_37082383_37083288,103.3076029,-
SRRM2,chr8_119745036_119746704,103.3021637,-
ZC3H7A,chr10_47551952_47553328,103.2982046,+
NOL8,chr12_49186833_49188976,103.2964417,+
SSB,chr19_13112817_13112908,103.2748602,+
KIAA0020,chr8_103415516_103420263,103.2717629,+
IGF2BP3,chr18_55229076_55232520,103.2706909,+
FMR1,chr4_105424322_105446382,103.2675688,-
DHX8,chr8_100270013_100287500,103.2621339,-
RBM7,chr19_17339599_17341106,103.2601009,+
EIF3G,chr7_80905916_80916678,103.2586478,-
SPEN,chr7_139036388_139036652,103.2567644,+
NOL8,chr3_49278451_49280743,103.256657,+
ZFP36L1,chr7_99478356_99479660,103.249244,+
UNK,chr1_161159678_161160619,103.2482285,+
UNKL,chr9_130444995_130450271,103.2476716,-
PPIE,chr17_28655483_28662045,103.2442831,-
HNRNPA2B1,chr7_134965386_134968553,103.2409111,-
ZRANB2,chr6_4999904_5002100,103.2397384,+
LSM3,chr3_52075985_52122378,103.235967,+
PNPT1,chr8_143824399_143828983,103.235922,-
KIAA0020,chr2_97194754_97200452,103.2347541,-
NCL,chr1_155309076_155310042,103.2264359,-
SRRM2,chr16_46681520_46683507,103.2243359,-
LARP4,chr10_7807010_7807658,103.218853,+
MSI2,chr12_53034724_53037408,103.2128068,+
HNRNPA1L2,chr10_27171083_27173117,103.2127971,+
RBM23,chr6_134170435_134171022,103.2059994,-
HNRNPL,chr17_78202751_78206910,103.2056304,+
CSTF2T,chr22_24557800_24571915,103.2044693,-
SNRPD3,chr14_91473370_91475849,103.1977803,+
DGKH,chr20_284081_290258,103.1921643,+
SAMD4A,chr2_32866812_32866889,103.1883802,+
RBM5,chr1_161212654_161213379,103.1825574,-
CSDE1,chr13_48976177_49006151,103.1766261,+
ANKHD1,chr16_84700111_84733052,103.1762924,-
PTBP2,chr7_155302846_155303824,103.1751498,-
ZRANB2,chr7_107174745_107179878,103.1695118,+
RBM14,chr19_2234061_2235761,103.1637712,+
RBM39,chr2_97209709_97209799,103.1618398,+
CIRBP,chr13_60112186_60163586,103.1588051,+
TOE1,chr3_75675880_75675967,103.1583997,+
HNRNPH3,chr5_31530924_31531989,103.153203,+
ANKHD1,chr18_59155807_59158631,103.1463591,+
POLDIP3,chr8_66822459_66825995,103.1371735,+
PPFIA1,chr6_143165183_143187628,103.1223276,+
PABPC3,chr8_144312244_144312627,103.1213055,-
EIF3G,chr17_3720402_3723287,103.1147157,+
STIM2,chr17_76089320_76090328,103.1013782,-
FUS,chr3_168027837_168029219,103.0938528,+
ZC3H14,chr12_53471807_53474868,103.0851012,-
MSI1,chr1_8014396_8015494,103.0830963,-
CNKSR2,chr2_43942803_43943686,103.0805938,+
CSDE1,chr1_145893635_145895630,103.0730807,+
SCMH1,chr21_39181878_39183063,103.0614017,-
MKRN1,chr11_85981988_85983865,103.0557881,-
ARAP2,chr4_56810184_56820535,103.0557287,-
SYNCRIP,chr2_70281684_70288070,103.0525398,-
CSDE1,chr7_6577498_6578565,103.0431654,+
CSTF2T,chr2_97209709_97211545,103.0400825,-
RBM39,chr2_130341944_130342133,103.0202142,+
RBM47,chr5_151110644_151117126,103.0195347,+
BFAR,chr15_78546698_78548789,103.018586,-
RPS3,chr17_8174272_8176199,103.0145937,+
SEC23IP,chr5_71038481_71041521,103.0031763,+
SPEN,chr6_107040230_107040380,102.9981918,+
SNRPD3,chr22_35746561_35759887,102.9951315,+
STARD13,chr7_101218217_101218318,102.9945217,+
RBPMS2,chr1_151017904_151024610,102.9928484,+
LARP4B,chr1_20780540_20786513,102.9830561,+
CCAR1,chr8_98722969_98749275,102.9692591,-
APTX,chr17_82244831_82248874,102.9500044,-
LSM3,chr7_44841012_44847968,102.9469621,-
PPIE,chr1_153626533_153626950,102.9306083,-
RC3H1,chr13_37004561_37005956,102.9285984,-
CSTF2T,chr1_11944662_11947975,102.9240677,-
LSM10,chr2_85596649_85596856,102.917391,+
KRR1,chr7_105203785_105388647,102.9095887,+
CPSF4,chr12_53441800_53442694,102.9022238,-
HNRNPL,chr16_66552793_66563071,102.8974936,+
PPIE,chr6_5002245_5003585,102.8933679,+
ZC3H4,chr6_33294066_33294976,102.8883182,+
RBM24,chr20_37289686_37301207,102.887117,-
ZC3H4,chr1_149646785_149647380,102.8696003,+
THUMPD3,chr2_19898035_19901475,102.8641137,+
LARP6,chr10_7780307_7787819,102.8625299,-
PPFIBP2,chr7_94629841_94639340,102.8623214,+
ACIN1,chr2_26034735_26093590,102.8555846,+
LARP7,chr16_75451839_75464231,102.8466407,+
KRR1,chr6_122427956_122431429,102.8336852,+
TARDBP,chr17_37489958_37510676,102.8293289,+
NCBP2,chr7_135388894_135393917,102.8291567,+
LARP1,chr12_124911952_124912636,102.8228461,+
HNRNPA2B1,chr6_17513954_17539268,102.8218288,+
PNPT1,chr4_76136412_76144389,102.8177461,-
SRRT,chr8_55773719_55785718,102.8058607,+
ELAVL1,chr17_81683126_81683592,102.8032771,-
LARP7,chr19_36005437_36008553,102.7991768,+
PNO1,chr19_43656640_43660973,102.7927377,-
CSTF2T,chr11_103081004_103082747,102.7926418,-
RBMX2,chr5_180467671_180468110,102.7913048,+
U2AF2,chr17_49413291_49414739,102.7881598,-
RNPC3,chr12_52055204_52056002,102.7877835,-
RBM6,chr9_112276013_112297840,102.7797257,-
SYNCRIP,chr12_124912427_124912655,102.7794295,-
SFMBT1,chr1_86348878_86352858,102.7734973,+
RAVER1,chr20_43591029_43594692,102.7616482,-
SRBD1,chr1_109421926_109426419,102.7580196,+
RNPC3,chr16_84700111_84733052,102.756437,+
NAA38,chr2_38876196_38880178,102.7486153,-
SEC23IP,chr6_42884750_42886255,102.7467615,+
ZC3H12A,chr3_149009402_149026759,102.7426051,-
RBM23,chr2_10784326_10787280,102.7363427,-
LSM10,chr1_19597109_19623473,102.7319456,-
CIRBP,chr6_31950403_31951143,102.7160597,-
PABPC4,chr12_110436204_110436556,102.715724,+
SF3B4,chr3_4303526_4316211,102.7062533,-
SF3A1,chr4_77907210_77909265,102.7019896,+
YTHDC1,chr7_87163332_87163494,102.6944022,+
PARP12,chr11_46617890_46618259,102.6916317,-
LSM7,chr2_68053137_68062957,102.6897546,+
G3BP1,chr17_75181188_75182813,102.6841695,+
SNRPD2,chr3_63838499_63863771,102.6732763,+
HNRNPH3,chr10_80172869_80205342,102.6682578,+
HNRNPM,chr12_56116799_56117481,102.6636546,-
MSI1,chr2_60541925_60545970,102.6462589,+
ACIN1,chr6_12290693_12292343,102.6394834,+
PPP1R9A,chr3_14125205_14128854,102.6367364,+
LSM6,chr15_88464873_88465586,102.634868,+
HNRNPA3,chr1_154176248_154182987,102.6312015,+
CSTF2T,chr1_6232119_6234885,102.6306894,-
ARAP1,chr13_37004561_37005956,102.6262494,-
BFAR,chr1_155325910_155326897,102.6260955,+
GRSF1,chr17_28716058_28717212,102.6141559,+
NONO,chr5_160009190_160010499,102.6128742,+
RBM26,chr8_144425051_144425682,102.6096844,+
RBM19,chr1_162796677_162797827,102.5999945,-
FUS,chr6_122427956_122431429,102.5946627,+
CARHSP1,chr7_6577720_6578565,102.589974,+
EPHB4,chr11_66843861_66843959,102.5782682,+
PAN3,chr7_7673453_7747993,102.5751646,+
ANKRD17,chr3_57577387_57597073,102.5697372,-
EIF3B,chr6_150887981_150898859,102.5676961,+
SF3A1,chr8_70583793_70586894,102.56348,+
RBM15B,chr2_38315334_38317238,102.5610046,-
KIAA0020,chr6_30296237_30326353,102.5592816,+
TRNAU1AP,chr1_165649964_165651013,102.5531726,+
CHERP,chr6_17513954_17539268,102.5435441,+
UHMK1,chr18_21612443_21623747,102.532959,-
STARD13,chr10_79806122_79814612,102.5306563,+
ELAVL1,chr7_100113954_100114083,102.528433,-
U2AF2,chr4_102826636_102827591,102.5194233,-
EIF3B,chr1_51730001_51745535,102.5192199,+
RBM23,chr7_158752843_158759485,102.5133678,+
CHERP,chr1_155054506_155055931,102.503577,-
EIF3G,chr22_35781746_35809779,102.502277,+
TRA2A,chr18_21622801_21623870,102.4972145,-
LRSAM1,chr17_59700189_59707370,102.4891223,+
ELAVL2,chr1_86863605_86868052,102.4837551,-
YTHDC1,chr4_145120153_145121332,102.4816362,+
U2AF1L4,chr3_193615770_193618868,102.4756726,-
HELZ,chr5_140551169_140557146,102.4727169,+
UPF1,chr10_12172866_12177792,102.4671825,-
SF3A1,chr19_35500419_35500532,102.4658417,-
LSM3,chr20_45813464_45815540,102.4619224,-
PTBP2,chr1_45551155_45566568,102.4533174,+
PCBP2,chr15_74926887_74929115,102.4522445,+
HELZ,chr1_203862222_203863662,102.4514423,+
LARP1,chr13_95983864_95986332,102.4487626,+
ESRP1,chr14_60968397_60968558,102.4409498,+
EIF3G,chr6_33294066_33294976,102.4297227,+
NUPL2,chr14_64924126_64943298,102.4257873,+
RPS3,chr18_23466276_23473428,102.4246069,-
RBM25,chr8_73964629_73972244,102.4201509,-
ZFP36,chr2_99337589_99354036,102.41844,-
LSM4,chr6_79003858_79004372,102.4156877,+
STARD13,chr2_113465173_113482176,102.4076158,+
ZC3H12A,chr3_138188530_138221925,102.4071966,+
SNRPC,chr12_6331993_6333068,102.3981648,+
ZC3H15,chr7_74045293_74046695,102.3706923,-
SART3,chr3_14122086_14124654,102.3704741,-
RC3H2,chr1_95234315_95246541,102.3699292,+
CSDE1,chr11_10806047_10807254,102.3280719,-
HNRNPH1,chr17_7586078_7586655,102.3175796,+
RBMX,chr8_33503935_33509745,102.3106875,-
EIF4H,chr2_97209709_97209799,102.302661,+
NUPL2,chr3_38125881_38126509,102.2961827,+
SETD1A,chr6_13810600_13814014,102.2892411,+
RBMX2,chr13_48515741_48533027,102.2888683,+
TRMT1,chr17_5112101_5113385,102.2846146,+
SNRPB,chr19_35507511_35509910,102.281165,-
DHX57,chr13_37004561_37005956,102.2718897,-
CARHSP1,chr8_22589741_22593732,102.2665063,+
PPFIBP2,chr6_89080973_89083752,102.2608841,-
HNRNPM,chr12_862270_878211,102.2437138,+
MBNL1,chr6_10521594_10527473,102.2386947,+
ZFP36,chr1_151167414_151168148,102.236756,-
ZC3H3,chr8_120425366_120443184,102.2320568,-
ZFP36L1,chr3_12609335_12618514,102.2314128,-
KHDRBS1,chr8_132799172_132803818,102.2203981,+
RBM38,chr2_178469785_178478278,102.2170911,+
RBMX,chr3_20184034_20186058,102.2158328,+
HNRNPA1L2,chr3_187121328_187139212,102.2023571,+
CSDE1,chr3_37251484_37281957,102.1961178,-
FXR1,chr2_61017851_61021049,102.1865987,-
UNK,chr1_111120693_111122615,102.1840302,+
PABPC3,chr6_24716324_24718539,102.1709678,+
LSM5,chr10_35196099_35206894,102.169579,+
ZC3H14,chr19_52801702_52808006,102.1674188,+
ESRP1,chr18_74155224_74155305,102.1612307,-
SNRPF,chr20_31550121_31559610,102.159052,-
EIF3B,chr22_39317021_39317460,102.1559437,-
G3BP2,chr4_75648741_75653982,102.1549929,-
RRP7A,chr10_102402159_102402254,102.1495567,+
EPHB3,chr13_113636700_113640119,102.1414427,+
SCMH1,chr19_6731314_6731472,102.1400778,-
TIPARP,chr16_75636547_75641563,102.1246129,-
ZC3H15,chr16_69749630_69754593,102.1172305,+
LARP4B,chr14_23096021_23097657,102.1157857,+
RBM47,chr14_77720828_77730987,102.1126435,+
FXR1,chr1_156011887_156014960,102.1120618,+
HNRNPA3,chr2_227329783_227330625,102.1057993,+
RBM39,chr4_119217673_119239217,102.1052573,+
TIA1,chr3_50109688_50110678,102.1025834,+
NCL,chr5_136132962_136153591,102.0962175,+
PPFIBP1,chr11_93730447_93731149,102.0896962,+
TARDBP,chr8_144148076_144163770,102.0896309,+
HNRNPM,chr14_104753319_104756603,102.0847876,+
RBM27,chr2_135742594_135748266,102.0827388,+
ASCC1,chr2_97207839_97207933,102.0739009,+
STARD13,chr1_155325910_155326897,102.0718971,-
SEC23IP,chr8_90001561_90018908,102.0706345,-
RBM19,chr12_49186833_49188976,102.0657124,+
ZC3H11A,chr1_161209931_161210303,102.0652101,-
ZRANB2,chr12_124913495_124913723,102.0636875,+
CPSF7,chr3_129288997_129298353,102.0626917,+
MBNL2,chr3_99675721_99744896,102.061753,-
SPEN,chr10_48306821_48308094,102.0602023,+
RBM17,chr22_23894578_23894768,102.0475711,+
PPIL4,chr4_73135265_73141740,102.0351488,+
CSTF2T,chr11_68505271_68519500,102.0343395,+
CIRBP,chr11_35190065_35214851,102.0343024,+
YTHDF3,chr19_46839578_46850133,102.0255956,+
SNRPB,chr2_112652947_112657121,102.0224916,-
EPHB4,chr11_85628688_85629131,102.0159645,-
RBM8A,chr4_121814047_121816143,102.0083693,-
DUS3L,chr4_56453761_56459371,101.9989457,+
SLTM,chr3_10115819_10125625,101.9974914,+
TRNAU1AP,chr4_15681968_15686235,101.9951127,+
PNO1,chr18_21659343_21663677,101.9899729,+
LARP1B,chr1_34855982_34859454,101.9890183,+
TRNAU1AP,chr12_96295122_96297626,101.9843605,+
NCBP2,chr7_128748804_128753817,101.9781154,-
SFMBT2,chr1_84498548_84506010,101.9730887,-
TRMT2A,chr11_66845237_66845859,101.9567753,-
ZNF638,chr19_38587817_38595484,101.9563298,-
ZC3H8,chr8_47396626_47440322,101.950828,-
ASCC1,chr7_73737110_73737561,101.9474445,-
ZNF74,chr19_50510445_50511116,101.9460313,-
NUPL2,chr8_47727293_47735306,101.9450713,-
TRA2B,chr8_90001561_90018908,101.9356224,-
RBM15B,chr13_75526639_75530113,101.9293353,+
SNRPC,chr11_77842628_77872174,101.9284119,-
THUMPD1,chr7_116210734_116249019,101.9271225,-
RBM4,chr10_68737048_68740628,101.9259813,+
TOE1,chr12_56158415_56158683,101.9239064,-
RBM5,chr2_164950133_164959054,101.9190329,+
LSM4,chr9_10948481_10958409,101.9010548,+
SPEN,chr8_144375637_144379386,101.9009091,+
HNRNPA1,chr14_102086378_102086985,101.8981451,+
PDCD11,chr1_75791571_75794083,101.8975677,+
SNRPN,chr19_14396473_14397657,101.8856484,+
SRRM1,chr1_204532246_204537429,101.8816154,+
NIP7,chr12_31298224_31323943,101.8753878,-
HNRNPL,chr1_154234792_154235195,101.8707198,-
MCTS1,chr2_130425158_130427703,101.8678044,+
IGF2BP2,chr18_662320_670691,101.867611,+
FMR1,chr19_35500419_35500532,101.8528423,-
RC3H2,chr17_64500773_64502009,101.8496866,+
SNRPN,chr1_151762500_151763326,101.8471886,-
YTHDF1,chr8_144105149_144105639,101.8468311,+
TTC14,chr2_95876509_95880426,101.8438242,+
RBMX2,chr12_94412591_94459556,101.8398055,+
HNRNPM,chr18_22177121_22181452,101.8366582,+
PPFIA3,chr20_35632923_35664801,101.8356744,-
HNRNPA3,chr7_74037739_74042613,101.8339575,-
CPSF4,chr7_87860169_87860571,101.8288021,+
MBNL1,chr1_155054506_155055931,101.8284518,+
PABPC4,chr6_27126462_27132524,101.8066877,+
ZC3H12C,chr6_32129854_32130924,101.7871819,+
RBM28,chr2_227328789_227329605,101.7869431,+
SAMD4B,chr13_27648453_27650041,101.7865905,-
ANKRD17,chr4_82946474_82984160,101.7805395,+
ZC3H12A,chr15_76292700_76311349,101.7794664,+
STIM2,chr20_17570211_17600737,101.7714088,+
HNRNPD,chr11_86268561_86270082,101.7627692,-
ZCRB1,chr8_58434948_58439632,101.7522463,+
ACO1,chr1_145975436_145977482,101.7483796,-
RBMX2,chr1_151540426_151562584,101.7464806,+
PPP1R10,chr16_670175_670265,101.7457603,+
RBM34,chr19_10679927_10681018,101.7425375,-
LSM1,chr3_138163494_138167080,101.7315708,+
SNRPC,chr6_311962_345853,101.7234306,+
THUMPD2,chr10_124774782_124789038,101.7187286,-
HNRNPD,chr1_160283109_160285054,101.7087987,+
RBM47,chr19_48151336_48153871,101.7076275,-
RBM18,chr20_38422241_38425934,101.6993103,+
PUF60,chr1_45551155_45566568,101.6934212,+
TARDBP,chr19_43596743_43597096,101.687332,+
CCAR1,chr7_122081595_122086011,101.6775259,-
NONO,chr19_5896997_5903611,101.6681872,+
CHERP,chr1_161154070_161156949,101.6670268,-
SAMD8,chr7_87896510_87897296,101.6663285,+
PCBP2,chr16_28487541_28489289,101.6653619,+
SNRPE,chr4_51908975_51911069,101.6634786,-
ANKS3,chr8_79958435_80002998,101.6622628,-
NCBP2,chr12_6672532_6673215,101.6600917,+
FUBP3,chr17_67338621_67339394,101.6595722,+
KIN,chr6_63636150_63679999,101.658365,+
HNRNPH2,chr9_111563231_111564156,101.6548239,+
DAZAP1,chr6_106971834_106974577,101.6448777,+
ZC3H3,chr5_176352748_176359810,101.6405151,+
TUT1,chr11_126256852_126261427,101.6395459,+
TNKS,chr5_88823927_88882954,101.6286844,+
ZC3H15,chr17_82478918_82479937,101.6247915,-
SRRM1,chr19_45075822_45090106,101.6235942,+
LSM1,chr20_18159265_18161822,101.6177831,+
SGMS1,chr14_75680767_75681544,101.6155116,-
POLR2G,chr8_73688813_73746782,101.6151892,-
LSM4,chr1_174999689_175004613,101.613623,-
EEF1G,chr7_48101982_48106872,101.6112725,+
KIAA0020,chr7_65761748_65762946,101.6087611,+
SNRPD3,chr10_73252037_73252469,101.5946802,-
SEC23IP,chr19_36694876_36712385,101.5941998,+
U2AF1L4,chr12_65278865_65308528,101.5941089,+
RBM23,chr20_34516461_34526271,101.5917919,-
CIRBP,chr20_36607818_36612009,101.5815711,-
UNK,chr1_147268878_147272170,101.5672329,+
PPIL4,chr11_68688100_68688852,101.5637454,+
SNRPD1,chr3_183833589_183840569,101.5627153,+
YTHDC2,chr13_36336358_36346581,101.5609525,-
PABPC4,chr7_130399039_130400706,101.5585217,-
HDLBP,chr2_101859082_101859642,101.5560098,+
ZC3H13,chr5_16794833_16818008,101.5372876,+
SAFB2,chr18_11885816_11886916,101.5347953,+
NAA38,chr8_47396626_47440322,101.5322856,-
PABPN1,chr15_48331191_48332267,101.531236,-
RBM22,chr16_85779867_85781210,101.5274119,+
G3BP1,chr11_111910449_111910633,101.524268,-
NCL,chr20_45416343_45419294,101.5206829,+
PPRC1,chr7_143285445_143286423,101.5050925,+
ZC3H12C,chr7_151409382_151411669,101.5023968,-
RBM39,chr19_36114066_36114150,101.492158,-
RBM26,chr4_82359639_82373445,101.4916692,+
THUMPD3,chr17_30481263_30484213,101.4867331,+
LSM4,chr3_58306417_58310506,101.4852069,-
SAMD8,chr22_24220116_24220491,101.4606724,+
CNKSR3,chr3_129451998_129463559,101.460479,+
UPF1,chr17_7241460_7241600,101.4603909,+
TROVE2,chr2_27892448_27894532,101.4529979,-
SLTM,chr19_49659833_49661947,101.4496097,-
ZFR,chr5_180472661_180483114,101.4489053,-
RBM4,chr1_32634110_32634767,101.4485746,+
RBMXL1,chr1_37984779_37989547,101.4452666,-
ZRANB2,chr6_112081207_112086555,101.4359892,-
FUBP1,chr1_163323095_163326031,101.4299574,-
SYNJ1,chr5_177136030_177136872,101.4263267,+
EIF3G,chr19_4327385_4329960,101.4172295,-
TDRKH,chr17_30481263_30484213,101.3903703,-
HNRNPD,chr20_3218632_3221419,101.3882889,-
HNRNPA3,chr17_44212006_44212343,101.3875757,+
PHC1,chr2_97118517_97142639,101.3854814,-
ZFP36L1,chr17_17271008_17281131,101.3819324,-
SF1,chr6_5002245_5003585,101.3809736,+
U2AF1,chr5_177087077_177089549,101.3679824,+
ZFP36,chr20_18041723_18058889,101.3574079,+
LARP7,chr2_27087351_27096728,101.3549686,+
PNPT1,chr19_8303953_8305030,101.3533379,+
TRA2A,chr6_107040230_107040380,101.3428999,+
HNRNPR,chr19_18899726_18899872,101.3426689,+
ANKRD17,chr17_75286802_75288501,101.3272027,+
TARDBP,chr9_3293258_3330258,101.324509,+
PUM2,chr2_222646996_222648739,101.3141757,-
ZC3H15,chr12_862270_878211,101.3103731,+
LSM1,chr11_62853833_62854518,101.3096718,+
LSM6,chr1_161130847_161132390,101.3081118,+
ZC3H13,chr13_46045513_46051931,101.3063434,+
NOL8,chr20_45333069_45348324,101.3017504,-
SNRPB,chr7_64831076_64831450,101.3001332,+
RRP7A,chr19_49680253_49680486,101.2958953,-
MCTS1,chr11_93734660_93737063,101.294432,+
RBM28,chr1_41034048_41037361,101.2886611,+
APTX,chr8_144791495_144791781,101.2711592,-
SGMS1,chr4_73135265_73141740,101.2644822,+
RBM8A,chr19_40614446_40617099,101.2611158,+
ZC3H12A,chr7_22947247_22960255,101.24825,+
PCBP2,chr18_22177121_22181452,101.2428716,+
PSPC1,chr7_74243246_74249738,101.2409283,+
SF1,chr1_143736123_143736892,101.2396409,+
NIP7,chr3_197149796_197194424,101.2376768,+
ZFP36L1,chr19_53439933_53441795,101.2260721,+
TNKS,chr9_36589652_36597221,101.2198933,+
CARHSP1,chr2_150474984_150487267,101.2156866,-
LSM3,chr1_31260121_31260954,101.2079762,-
KIN,chr4_15480827_15481196,101.2043791,+
KHDRBS3,chr2_113465173_113482176,101.2017374,-
SRRM1,chr1_147268878_147272170,101.1944482,-
ZC3H15,chr20_49230349_49231022,101.1943622,+
FXR2,chr14_91465419_91466260,101.1895494,+
ARAP2,chr8_100259997_100264033,101.1874828,-
PPP1R10,chr11_33746059_33747129,101.1847783,+
RBM42,chr22_29529239_29531077,101.1796616,-
PAN3,chr18_50375194_50375819,101.1792719,+
SLBP,chr17_50737479_50740305,101.1757966,-
RBM38,chr1_11676140_11676808,101.1690319,-
SYNCRIP,chr1_155128176_155131338,101.1671361,-
SSB,chr22_24557800_24571915,101.1644708,+
PNO1,chr5_72816752_72848384,101.1532963,+
PNO1,chr19_7920549_7921422,101.1492845,+
SRRT,chr2_134919891_134946100,101.147193,-
WDSUB1,chr2_95876512_95880426,101.1462537,-
SPEN,chr2_161161412_161179613,101.1406901,-
EPHB4,chr3_170145521_170171372,101.138764,-
MSI1,chr6_30296237_30314268,101.1385084,+
ZC3H12A,chr4_119217673_119235289,101.1383069,-
SART3,chr8_106713985_106737519,101.1330519,+
SNRNP70,chr17_28716058_28717212,101.130986,+
TRMT1,chr8_103403324_103407633,101.1290641,-
ESRP2,chr21_42376686_42380116,101.1209936,-
YTHDF3,chr2_37376302_37384167,101.1147745,+
ZFP36,chr14_21022497_21022863,101.1147223,+
RBMS2,chr9_112276013_112297840,101.1125886,+
HNRNPH2,chr7_107580301_107583881,101.1076384,+
ZFP36,chr2_85596649_85596856,101.1040066,-
ESRP1,chr1_46558800_46560233,101.0986982,+
TIPARP,chr10_6113068_6113507,101.0940537,+
MKRN1,chr2_89562684_89580557,101.0919863,+
CNKSR2,chr6_13326963_13328455,101.0901057,-
TRMT1,chr5_171910797_172006457,101.0857115,+
SNRPC,chr17_76558600_76558944,101.0796432,+
HNRNPAB,chr2_131492024_131492719,101.0791717,-
PTBP2,chr15_29701689_29704161,101.0762946,+
HNRNPA3,chr19_4327385_4329960,101.0551365,+
PNO1,chr17_17271008_17281131,101.0388786,-
GRSF1,chr22_35746561_35759887,101.0385652,-
UPF3B,chr2_37376302_37384167,101.0369514,+
QKI,chr3_149009402_149026759,101.031863,+
THUMPD3,chr19_45497343_45499948,101.0313289,+
SNRNP70,chr6_122633367_122717786,101.0301992,+
TIA1,chr3_149059804_149060642,101.0184892,+
DAZAP1,chr2_19898035_19901475,101.0161437,+
SNRPD1,chr17_75574495_75574609,101.0135172,+
RBM14,chr3_9792705_9797658,101.0118744,+
FUBP1,chr16_56608683_56608991,101.0113991,+
PPIL4,chr19_54364486_54364770,101.0090702,+
RBM14,chr6_32843089_32844278,101.0064279,+
HNRNPL,chr7_110663721_110963499,101.0037208,+
IREB2,chr2_134919891_134946100,101.0028887,+
HNRNPH3,chr9_129108077_129109178,101.0015991,+
GTF3A,chr6_27126462_27132524,101.0003627,+
NAA38,chr1_91021201_91021989,100.9975329,+
STARD13,chr1_151199081_151224244,100.9933109,+
LSM7,chr18_12949907_12951854,100.9880972,+
HNRNPAB,chr7_74037739_74042613,100.9872429,-
ZC3H4,chr8_103415516_103426055,100.9850909,-
RBM22,chr1_161118178_161118785,100.9844384,+
TIAL1,chr3_50103166_50105076,100.9815147,+
RBM4,chr13_113636700_113640119,100.9798191,-
YTHDF3,chr2_97164311_97164396,100.9781366,+
LSM5,chr15_90984140_90994406,100.9745019,-
UHMK1,chr12_6672532_6673215,100.9668814,+
CPSF6,chr13_20732121_20757454,100.9582799,-
RBM47,chr3_52706703_52706796,100.9559227,-
SRRM1,chr8_127794734_127795893,100.9547421,+
ZC3H18,chr19_14410334_14410420,100.9474261,+
UNK,chr4_76256523_76263703,100.9398266,+
HNRNPA2B1,chr2_26034735_26093590,100.9391519,+
PRPF3,chr16_89544772_89545871,100.9272006,+
RBM22,chr16_89687815_89689251,100.9262825,+
NAA38,chr2_159762993_159767283,100.9223153,+
UHMK1,chr22_29531110_29531830,100.9203237,-
ZFR,chr3_52075985_52122378,100.9198377,+
MKRN2,chr8_143739503_143739858,100.9161726,+
EIF3G,chr4_77894250_77906945,100.9149208,+
SNRPA,chr20_5118677_5118768,100.9100925,+
PPFIBP1,chr4_184638468_184649394,100.9083271,-
ASCC1,chr3_4362254_4410864,100.9064272,+
ZC3H18,chr2_209704620_209705579,100.9031459,+
THUMPD3,chr16_54925213_54928493,100.8978169,+
UHMK1,chr18_21612443_21623747,100.8937371,-
SART3,chr7_112462378_112465614,100.8908994,-
PCBP2,chr5_133006920_133022840,100.888746,+
SF3B4,chr17_39628622_39629169,100.8864519,+
PPP1R9A,chr8_103325498_103329654,100.8812154,-
CPSF7,chr18_11885816_11886916,100.8799902,+
MKRN1,chr20_36607818_36612009,100.8793253,-
CNKSR2,chr9_35660647_35660770,100.8774941,+
SRRT,chr13_27251656_27253764,100.8733366,+
ZC3H4,chr18_50375194_50375819,100.870778,+
CSTF2,chr17_82858667_82870223,100.8677041,+
TRA2A,chr20_13793227_13798460,100.8626347,-
LARP4B,chr17_76727178_76729689,100.8571244,+
ANKHD1-EIF4EBP3,chr1_147932641_147936626,100.8523236,-
RBMXL1,chr18_34977079_35005491,100.8502505,-
ELAVL1,chr16_56609057_56683957,100.8500714,-
CNOT4,chr14_92732815_92741061,100.8469339,+
SLTM,chr13_30461533_30462537,100.8432798,+
PTBP2,chr9_41166830_41171846,100.8252975,+
MKRN1,chr9_92240691_92240855,100.8199406,-
RBM12,chr4_26321048_26386352,100.8194713,+
NUFIP1,chr20_50942126_50945846,100.8194255,+
KIAA0020,chr8_103421082_103426055,100.8165593,+
PPP1R9A,chr1_2397220_2400856,100.8151032,-
PABPC3,chr1_243293219_243304712,100.8117185,+
EEF1G,chr13_49661208_49691253,100.7979986,+
PTBP2,chr19_52842151_52845178,100.7976993,+
TTC14,chr7_22946163_22946951,100.783831,-
ZC3HAV1L,chr4_16076118_16083664,100.7808763,+
THUMPD2,chr19_47130858_47143493,100.7714954,-
SRRM2,chr20_3123406_3159765,100.7589927,-
YTHDF3,chr14_64449622_64454722,100.7560126,-
MCTS1,chr4_75917773_75919908,100.7552998,-
ZC3H11A,chr2_207624404_207625061,100.7522152,+
RBM39,chr1_28369825_28392841,100.7475578,-
SRRT,chr1_161160506_161160619,100.7450888,+
PPFIBP1,chr2_134919891_134946100,100.740987,+
NUFIP1,chr14_75680767_75681544,100.732199,-
DGKH,chr17_41893174_41897748,100.7292295,-
RBMX2,chr8_127796071_127890588,100.7289823,-
RBMS3,chr7_74065732_74068656,100.7255272,-
PPFIBP1,chr17_5488589_5488822,100.7235697,+
UNK,chr8_47939697_47953619,100.7206236,-
PUM2,chr16_31093482_31094556,100.7134817,-
ZCCHC14,chr18_9195698_9204475,100.7074122,-
TIA1,chr6_31536683_31540321,100.7041093,+
MATR3,chr6_36540207_36547189,100.6990181,+
RBMX,chr8_144099199_144099276,100.695933,+
TRNAU1AP,chr3_9941016_9941110,100.6858298,-
PPIL4,chr14_60092419_60114699,100.684953,+
EIF3G,chr15_78542219_78544189,100.6772383,-
ARAP2,chr16_80981877_81006733,100.6753411,+
RBM23,chr8_94432656_94436494,100.6601653,+
MBNL1,chr4_121678494_121681670,100.6538695,+
YTHDF3,chr22_24557800_24571915,100.650884,-
ZRANB2,chr18_63331901_63338799,100.6502468,+
NAA38,chr22_43159420_43161051,100.6469444,+
RBM8A,chr6_143061066_143061213,100.6392817,+
ZCRB1,chr8_10054658_10207832,100.6346596,+
RBM26,chr3_149657309_149657824,100.6208427,-
CPSF6,chr11_119019317_119021759,100.6180521,-
RBM4,chr16_87950927_87975047,100.6171495,+
CPSF6,chr16_88810148_88810422,100.6074574,+
ZC3H4,chr6_42881082_42883450,100.6049683,+
SNRNP70,chr14_55031991_55042951,100.602279,+
ZFP36,chr12_111889000_111890039,100.5999491,+
YTHDF3,chr3_37173194_37174538,100.5953523,-
PUF60,chr1_160211650_160213109,100.5946968,-
RNF113A,chr7_12640517_12644583,100.5946888,+
LARP4B,chr13_27648453_27650041,100.5915281,+
SNRPB,chr12_46254936_46268864,100.5902135,+
SRRM1,chr3_94063138_94064436,100.5883849,+
PUM2,chr9_73154340_73158521,100.5875635,-
PNPT1,chr19_36114066_36114176,100.580875,+
ZNF638,chr6_13810600_13814014,100.5793319,+
TNRC6A,chr11_46617890_46644278,100.5699512,+
RBMS3,chr16_87950927_87975047,100.5445244,+
PPFIA1,chr7_151491014_151498088,100.5376468,-
SETD1A,chr8_129988331_130016369,100.5343317,-
CPEB4,chr6_85572371_85574257,100.5325986,+
U2AF2,chr1_23030634_23044426,100.5275272,+
SETD1A,chr6_87520252_87521463,100.5224814,-
RBMS3,chr7_130400254_130400706,100.5192603,+
SEC23IP,chr11_406538_407061,100.5185486,-
MKRN1,chr8_127796008_127890588,100.5176252,+
LSM7,chr7_80828745_80905828,100.5110047,-
IREB2,chr15_69421752_69422325,100.5052503,-
SCMH1,chr5_171914405_172006457,100.5041247,+
RBM25,chr10_99747390_99754528,100.4991044,+
PRPF3,chr12_124912427_124912883,100.4984213,-
TIAL1,chr8_51850214_51860844,100.4812199,-
PTBP2,chr1_86880725_86903280,100.4778161,+
ZC3H13,chr19_50802614_50804571,100.4737208,-
GTF3A,chr3_49362626_49368427,100.4736694,+
ELAVL1,chr12_98593740_98593974,100.4734174,+
SNRNP70,chr6_30741333_30741791,100.4671198,+
TIPARP,chr5_173146958_173151565,100.4638296,+
TUT1,chr21_42382825_42383032,100.4625766,-
THUMPD1,chr17_81892106_81893551,100.4606167,-
TROVE2,chr12_123974020_123988045,100.4547293,+
MATR3,chr7_120955624_120966625,100.4523126,+
HNRNPC,chr2_178445535_178447504,100.4504906,-
ACIN1,chr9_21324321_21335096,100.4344315,+
CPSF4,chr7_6042990_6044561,100.4325513,-
NIP7,chr7_155298027_155298258,100.4246247,+
RAVER1,chr3_64022523_64022642,100.4226544,-
LSM7,chr22_40364365_40366435,100.4215781,+
UHMK1,chr1_27897121_27906927,100.4153355,+
RBM12,chr19_10677310_10679096,100.406393,+
FUBP3,chr20_36608000_36609600,100.3875706,-
SGMS1,chr1_151760031_151760815,100.3579479,+
RBM47,chr3_50349828_50349930,100.3533849,+
PTBP2,chr16_30741908_30748205,100.3524825,-
ZFP36L1,chr10_91959154_91959784,100.343441,+
SRRM2,chr7_66993417_66994211,100.3430208,+
LARP4,chr5_170805853_170809567,100.336686,-
ACO1,chr14_23069617_23071426,100.3353428,+
SGMS1,chr2_202278002_202278211,100.3306668,-
DAZAP1,chr13_37023044_37024034,100.3266616,+
SF1,chr20_56390665_56392153,100.3205631,-
RBM19,chr8_73830472_73870268,100.3188655,-
PRPF3,chr21_39178647_39180284,100.3169972,-
SPEN,chr1_46686870_46689586,100.316344,-
LSM3,chr8_94885558_94890414,100.3075722,-
YBX1,chr5_170808752_170811955,100.2957722,-
HNRNPH3,chr1_30966197_30967166,100.2949526,-
RBM6,chr1_45661225_45686992,100.2946092,+
TP63,chr11_85628688_85629131,100.2876564,-
SYNCRIP,chr20_37236709_37238401,100.2804693,-
RBM8A,chr8_144426979_144428488,100.264822,+
RBM34,chr7_128455909_128457200,100.2634004,-
RBM4,chr5_70401668_70420248,100.262833,+
RBM25,chr2_60538549_60545970,100.2505622,+
CSTF2T,chr12_121652808_121659190,100.2484914,-
HNRNPD,chr14_58293138_58297954,100.2477292,+
G3BP2,chr1_46686870_46689586,100.236603,+
RBM6,chr8_140948723_141001124,100.2305556,+
ZC3HAV1L,chr12_120566980_120575630,100.2284527,+
HNRNPH1,chr3_141913836_141921976,100.2259526,-
PPFIA3,chr17_7241679_7241767,100.2129053,-
LSM4,chr3_15052633_15059368,100.2127356,-
LSM3,chr1_154173201_154176114,100.2095813,+
CARHSP1,chr19_53241865_53243743,100.2069964,-
DHX8,chr19_27771989_27792999,100.202501,-
SNRPA,chr19_18900449_18903267,100.2017914,+
ZC3H11A,chr14_96556413_96564954,100.1972082,+
DNAJC17,chr20_34516461_34526271,100.1926466,-
HNRNPAB,chr3_193615770_193618868,100.1919133,+
RBM34,chr4_103065768_103066326,100.1897172,+
PNO1,chr12_49566841_49567646,100.1895191,+
MATR3,chr2_200811727_200813207,100.1822426,-
APTX,chr3_197142768_197194424,100.1796119,+
ARAP1,chr16_89873859_89878460,100.1766608,-
UPF3B,chr16_5090565_5093483,100.1711409,+
SAFB2,chr19_35157617_35158343,100.1700078,-
RNPC3,chr9_136791424_136791946,100.1648846,-
SNRPB2,chr17_82244831_82248874,100.1598075,-
UPF1,chr2_55875065_55881611,100.1588166,+
FUBP1,chr3_58138529_58142649,100.1565574,+
RBMXL1,chr1_28230252_28232920,100.1438803,+
SAMD8,chr9_130444995_130450271,100.1415056,+
APTX,chr3_38125881_38126509,100.1408865,+
TROVE2,chr1_154272776_154273479,100.1339814,-
DNAJC17,chr12_133083561_133100986,100.1334695,+
TNKS2,chr3_10313437_10315320,100.1326729,-
SNRPF,chr2_135639074_135645378,100.1198186,-
PHC3,chr20_284081_290258,100.1040758,-
YTHDC1,chr4_68320205_68321371,100.0969021,+
PSPC1,chr4_168631900_168668189,100.093109,+
ELAVL1,chr8_53970463_53984362,100.0908082,-
MEX3C,chr10_27171083_27173120,100.0892523,+
PABPC1,chr2_27661601_27662178,100.0839054,+
PCBP1,chr19_844034_846146,100.0821169,+
SLTM,chr7_128754455_128754528,100.0804529,+
SNRPE,chr16_1772534_1772603,100.0696659,-
PHC3,chr11_406059_406141,100.0668337,+
NCBP2,chr20_35658982_35664759,100.0639546,+
PUM2,chr7_80905916_80916678,100.0603996,+
EIF3B,chr2_68053137_68062957,100.0587404,+
CNKSR3,chr18_63981838_63985092,100.0579624,-
ZC3H3,chr1_37496604_37501803,100.0532797,+
PNO1,chr5_171392978_171405301,100.0483994,-
SRRM1,chr3_9813345_9816073,100.0359046,+
YTHDC1,chr20_37200494_37203884,100.0268559,-
PARN,chr22_35746561_35759887,100.0241701,+
DNAJC17,chr19_35266738_35266838,100.0165203,-
CSTF2,chr3_9430051_9433844,100.0134891,+
SRRM2,chr16_2205875_2206030,100.0083594,+
DHX57,chr6_143061066_143061213,99.98921726,-
ZFP36,chr15_74923770_74929115,99.98296029,-
HNRNPF,chr8_54063375_54100907,99.96969062,-
RBM4,chr9_36573198_36581643,99.96538502,+
CCAR1,chr17_59700189_59707370,99.96252553,+
ACIN1,chr1_75724817_75732643,99.95954061,-
SRRT,chr9_87726253_87727593,99.95677736,+
ARAP1,chr22_41584058_41584526,99.94370257,-
HNRNPK,chr12_106957149_106967110,99.94108085,-
KIAA0020,chr2_32866812_32866889,99.93598314,+
PAPSS1,chr1_150441023_150443230,99.93095879,+
ZNF239,chr7_97966977_97969769,99.93082124,+
APTX,chr4_13369965_13376544,99.92497479,+
NOL8,chr22_25448284_25455711,99.92107594,+
ESRP1,chr16_69711281_69714963,99.92061528,-
PNO1,chr15_52557222_52569115,99.91005863,+
ZC3H4,chr9_16580148_16582982,99.90036917,+
LARP4,chr12_50441643_50454313,99.89022054,-
TRA2B,chr14_63625033_63641298,99.88103119,+
TRMT1,chr3_42619708_42620015,99.87581495,+
RBM15,chr6_41090309_41091545,99.87481834,+
PPP1R10,chr9_10948481_10958409,99.86806965,+
SLBP,chr8_63017630_63023906,99.86612202,+
MCTS1,chr1_16367308_16393227,99.83869851,+
TIA1,chr3_131001344_131016151,99.838177,+
RNPC3,chr2_95935644_95938986,99.83253718,+
RBM8A,chr8_79919148_80030053,99.82859545,-
SNRPG,chr1_41028726_41037361,99.82813225,+
SRRT,chr4_184638468_184649394,99.82448309,-
EIF2S1,chr16_29453732_29454015,99.81484125,-
HNRNPK,chr2_131682557_131684708,99.79800662,-
IGF2BP2,chr5_57236032_57237112,99.79774045,-
RBM47,chr5_170808752_170809567,99.78934043,+
LSM6,chr7_94598963_94600645,99.77845497,-
EIF3G,chr14_91870385_91873496,99.771572,-
ZFP36L1,chr19_49666799_49667021,99.77050343,+
RBM45,chr14_88841196_88841424,99.76817398,+
PABPC1,chr10_7780307_7787819,99.76356922,+
ASCC1,chr1_151316509_151327270,99.76296672,-
NIP7,chr1_32228816_32230926,99.76180282,+
SRRM2,chr19_41956934_41957017,99.76163502,+
YTHDC1,chr1_84501970_84506010,99.75802505,+
ZFP36L1,chr8_115623758_115661569,99.74899715,+
TNKS2,chr2_209700338_209704449,99.74574015,-
EIF4B,chr2_197500439_197503038,99.74542538,-
PNO1,chr16_2772102_2776992,99.74508096,-
EWSR1,chr8_120443308_120444947,99.74369065,-
SAFB,chr10_102402159_102402254,99.73880884,+
SNRPC,chr17_60083766_60088196,99.73795794,-
EIF3G,chr2_9420100_9422478,99.73441277,+
LSM10,chr6_13326963_13328295,99.73327746,+
SCML1,chr1_85582624_85582742,99.72259203,-
YTHDF2,chr22_42599793_42602769,99.71957281,+
RBM7,chr5_170808752_170809567,99.71400828,+
DDHD2,chr1_243286397_243304712,99.70243741,+
ESRP1,chr2_171923117_171925536,99.69853696,+
NCBP2,chr3_177065022_177079826,99.69125122,-
ACIN1,chr7_56054503_56055623,99.68843693,+
SNRPD1,chr7_158701938_158703649,99.67677194,+
SNRPF,chr8_73422702_73458676,99.67676216,+
RRP7A,chr19_45409725_45416820,99.66673696,-
LSM4,chr1_222827601_222835118,99.66210391,+
PABPC4,chr13_19852190_19863449,99.65467893,-
SNRPD3,chr1_154173201_154176114,99.65247651,+
ZC3H15,chr17_17254945_17261965,99.6520418,+
ZC3H4,chr4_82861708_82863317,99.6447187,-
NONO,chr18_9945058_9950394,99.6446458,-
U2AF1L4,chr1_40766974_40769355,99.62600744,+
ZC3H18,chr17_58999459_59012327,99.62189149,+
ZC3HAV1L,chr11_77619695_77624962,99.61750222,-
RBM26,chr14_58293138_58297954,99.61132234,+
UNK,chr11_314809_314921,99.60279808,-
ZRANB2,chr1_161209931_161210303,99.60264687,-
RBM42,chr22_40955446_40964046,99.60254655,-
PUF60,chr3_132578881_132579491,99.58792134,+
ZC3H13,chr18_12311053_12329145,99.57999885,-
NUFIP1,chr1_114575751_114581298,99.5703774,-
MBNL3,chr12_124912434_124913118,99.55021727,-
FUBP3,chr7_105508520_105522051,99.54958565,-
LARP4,chr4_70836314_70839227,99.53480765,+
RNPC3,chr7_66775393_66795510,99.53012731,-
DAZAP1,chr12_53467293_53468776,99.52854734,+
BFAR,chr14_59498908_59503853,99.51936341,-
RBM42,chr8_144096029_144096123,99.51637641,+
HNRNPA3,chr13_60112186_60163586,99.51636416,+
PUM1,chr1_173864304_173865470,99.51249641,-
EIF4B,chr18_59155807_59158631,99.50900547,-
ACIN1,chr10_87176095_87180074,99.5074246,+
RBMX2,chr20_2659793_2660067,99.50722139,-
TRA2B,chr6_35469027_35469380,99.50346117,+
PPFIA1,chr12_124782811_124786440,99.49560175,+
TRA2A,chr1_151027327_151033805,99.49297054,+
ZFP36,chr12_101626910_101629433,99.49195927,+
TROVE2,chr2_110178935_110179623,99.48414326,+
RBM34,chr7_67306083_67308576,99.47790008,+
RC3H1,chr11_504996_506608,99.47696971,+
HELZ,chr18_55229076_55232508,99.47009778,+
PSPC1,chr3_98521703_98522848,99.4662564,-
CSDE1,chr17_44321558_44322418,99.46305021,-
NCL,chr8_47939697_47943208,99.45495833,+
ANKHD1-EIF4EBP3,chr19_40617020_40619346,99.45358131,-
THUMPD1,chr11_77618687_77619605,99.44875655,-
DKC1,chr6_142302331_142309543,99.44792438,+
RRP7A,chr1_29216812_29230730,99.4430964,-
ZCCHC17,chr8_115623758_115668544,99.43875428,+
ZC3H11A,chr8_70583324_70586894,99.42183292,-
TIA1,chr9_136850560_136850754,99.41807671,-
RBM26,chr19_53242330_53243743,99.41681082,+
POLR2G,chr15_43792611_43792974,99.41548746,-
PARP14,chr20_45333069_45348324,99.40138386,-
YTHDC1,chr11_320248_320564,99.39595129,-
U2AF1,chr1_172551626_172555868,99.39513587,+
SLBP,chr8_103421082_103430611,99.39304043,-
PPFIBP1,chr19_53432028_53441795,99.38999217,+
PDCD11,chr9_129128068_129128984,99.38228862,+
ZC3H13,chr19_36573555_36574820,99.37995108,+
SAFB,chr4_39306704_39308635,99.37281024,+
DGKH,chr12_54183959_54188950,99.36989523,+
CSTF2,chr1_153608177_153608273,99.3545935,-
POLR2G,chr20_17570211_17600737,99.3506817,+
SGMS1,chr19_40775669_40775751,99.34343317,-
PABPC4L,chr1_23798730_23799365,99.33507728,-
SNRPB2,chr19_53439933_53441795,99.33032151,+
HNRNPK,chr3_15096710_15099034,99.32337262,+
HNRNPH3,chr14_64926080_64943298,99.31831516,-
TROVE2,chr2_55686440_55687644,99.31245393,+
SGMS1,chr11_47172333_47173425,99.31122497,-
SYNCRIP,chr7_105118022_105125781,99.3049752,+
ELAVL2,chr11_62853833_62854518,99.30122371,+
PTBP1,chr8_144291874_144306547,99.30014503,-
LSM10,chr1_7962875_7969344,99.29664169,-
RBM28,chr7_117222062_117222860,99.29371095,-
RBMS3,chr10_110130486_110133325,99.28689607,+
KIAA0020,chr17_64500326_64500548,99.28505147,+
RBM45,chr2_159762993_159767283,99.28415392,-
RBM47,chr6_73520056_73520361,99.27957551,-
PUM1,chr8_100259997_100264033,99.2682025,-
FMR1,chr7_77685328_77696171,99.2660299,-
PABPC3,chr2_97206135_97211545,99.25178783,-
LSM5,chr4_121677950_121681670,99.25060213,-
AKAP1,chr8_132775645_132777791,99.24997703,+
EPHA2,chr11_406059_406141,99.24619509,+
LSM4,chr19_288171_291325,99.24461641,-
TROVE2,chr10_13172480_13172624,99.23651001,+
POLR2G,chr19_35500580_35505717,99.23606262,+
RBM45,chr1_45600457_45602254,99.23118061,-
SNRPG,chr10_102402159_102402254,99.2308257,+
RNPS1,chr12_46362638_46363725,99.22997709,+
LSM10,chr9_73151924_73154197,99.22811032,-
RBM17,chr1_160996540_160998196,99.22395415,+
SAMD8,chr3_177065022_177079826,99.22214672,-
SASH1,chr2_61145196_61157861,99.21553374,-
RBM22,chr16_21958599_21959338,99.2049305,-
MKRN2,chr7_87181341_87182055,99.20334502,+
RBMXL1,chr10_13109015_13109096,99.19721298,+
SRRM1,chr1_147932641_147936626,99.19365212,+
KIAA0430,chr7_151055606_151056579,99.18649066,-
AKAP1,chr5_69560403_69562672,99.18587148,+
RBMXL1,chr2_61868706_61869439,99.18315789,+
HDLBP,chr19_35157501_35158343,99.17586056,+
SEC23IP,chr14_102232671_102233687,99.17583069,+
DHX8,chr8_69466950_69501873,99.17223102,+
HNRNPA1L2,chr8_80003180_80028694,99.17107055,-
HDLBP,chr15_78542219_78544189,99.1705847,-
SNRPB,chr17_81108509_81115769,99.169823,+
RBM12,chr19_35497538_35498597,99.16562527,-
YTHDF2,chr11_93733419_93734624,99.15094562,-
SF3B4,chr20_17570211_17600737,99.15004058,+
SNRPD1,chr3_58306417_58310308,99.149601,+
PPIE,chr1_9997331_10008172,99.14143401,-
KHDRBS1,chr7_7673453_7801669,99.13892769,+
DAZAP1,chr22_40364365_40366435,99.13883352,+
PCBP4,chr19_40619493_40623603,99.13233225,+
RALY,chr1_84671308_84690370,99.12396631,+
NUPL2,chr7_66554837_66560578,99.12284228,+
FMR1,chr15_90088747_90089618,99.12065214,-
NIP7,chr8_47280017_47291032,99.10123105,-
KIN,chr6_32129854_32130924,99.09291358,+
SNRPF,chr14_93185485_93186259,99.09192585,+
MSI1,chr19_40617020_40619346,99.0912786,+
RBM42,chr7_87860169_87860571,99.08711409,-
DNAJC17,chr1_77581888_77581978,99.08698108,+
HNRNPM,chr2_9588328_9591391,99.08587853,+
PPIE,chr3_9813345_9817644,99.08375455,+
FMR1,chr1_1390865_1393395,99.08372185,-
ANKS1A,chr1_222815171_222835118,99.08220906,-
CSTF2T,chr6_135495898_135497187,99.0735476,+
SART3,chr7_44579628_44581448,99.0597189,-
RC3H1,chr12_9857637_9869204,99.04702541,+
YTHDC1,chr1_161154120_161156949,99.03045415,+
TOE1,chr19_10133701_10135735,99.01665249,-
ACIN1,chr12_46470262_46652389,99.0077506,+
HNRNPH3,chr8_144890074_144890307,99.00623691,+
HNRNPD,chr10_35188388_35206894,99.00532871,+
LSM1,chr2_215393203_215394527,99.00503568,-
YTHDF3,chr1_210239608_210241557,98.99034814,+
RBM12B,chr3_129451998_129463559,98.97909557,+
LSM6,chr15_74926887_74929115,98.97626815,+
PRR3,chr22_15787282_15788584,98.975107,-
KIAA0020,chr3_9436888_9440455,98.97370217,+
SAMHD1,chr7_21911751_21916753,98.97363798,-
CIRBP,chr1_46686870_46689586,98.96938069,+
ANKRD17,chr17_30984760_30997241,98.96908485,+
RBMX,chr1_44753833_44755928,98.96326462,-
HTATSF1,chr17_41689069_41689777,98.96198626,+
MCTS1,chr12_111889000_111890039,98.96182575,+
CARHSP1,chr19_14397223_14397657,98.9554975,+
ZFP36L1,chr8_89971290_89981374,98.94921064,-
ZC3H15,chr7_95406247_95409900,98.94875934,-
ZCCHC14,chr8_69466950_69501873,98.94104759,+
RBM5,chr22_19471808_19479082,98.94021394,-
ANKHD1,chr8_61633727_61637959,98.93903787,-
TRA2B,chr17_31878327_31880572,98.93730252,-
PUF60,chr9_128461067_128469182,98.93537777,+
SLTM,chr1_156055425_156057977,98.92663859,+
RBM39,chr8_125083258_125091614,98.92408091,-
SNRPB2,chr1_75724817_75732643,98.92270473,-
GRSF1,chr3_44338834_44354738,98.9189539,+
ZCRB1,chr13_49663195_49691253,98.91173371,+
ZFR,chr21_37072310_37072433,98.90114848,+
EIF4H,chr1_160207237_160211542,98.8961713,+
PPIE,chr7_140375654_140380281,98.89209779,+
ACIN1,chr16_87402281_87402922,98.89200918,+
YTHDF2,chr17_82244831_82248874,98.88400772,+
LSM1,chr19_6731314_6731472,98.87979009,+
HELZ,chr19_19033930_19042710,98.86630802,+
NCBP2,chr14_23941158_23953773,98.86329181,+
LSM6,chr12_96295122_96297626,98.86314498,+
HDLBP,chr8_51845763_51898929,98.86179089,-
CSDE1,chr10_73824084_73837467,98.86115602,+
POLR2G,chr3_141738516_141745158,98.86047309,-
IGF2BP2,chr3_37282272_37289234,98.84997506,-
RBM22,chr19_49446794_49447023,98.8465566,-
ZC3HAV1,chr1_28571900_28574588,98.84214077,+
PPFIA1,chr19_12829997_12834784,98.83726778,+
TRA2A,chr7_66769025_66770322,98.83628761,+
LSM2,chr15_90089687_90090478,98.83608747,-
CARHSP1,chr19_57850561_57888766,98.83005248,-
PARN,chr8_100259246_100261541,98.82639385,-
ASCC1,chr4_183445634_183446087,98.82406617,+
LARP4,chr19_57850561_57888766,98.81555455,+
ZC3H12A,chr7_12687728_12688168,98.81147292,+
DHX8,chr2_55922447_55922898,98.80463942,+
RBM23,chr9_68264514_68268933,98.79493939,+
APTX,chr4_55600575_55607297,98.79359066,-
HNRNPH1,chr5_176352748_176359810,98.7898919,-
RBM23,chr3_158650061_158652095,98.78842518,-
ZFP36,chr17_51168343_51169936,98.77965082,+
CPSF4,chr16_29994843_29995102,98.77534262,-
MKRN3,chr4_2932153_2932599,98.77061154,+
POLDIP3,chr9_3293258_3330258,98.76671315,+
THUMPD1,chr19_5896997_5903611,98.76291598,-
SSB,chr9_125207721_125220538,98.76223624,+
ZC3H18,chr7_120857988_120858203,98.7613007,+
SYNCRIP,chr12_94412591_94459556,98.74663343,+
RBM45,chr13_37023044_37024034,98.74660977,-
MKRN1,chr4_76136412_76144389,98.73643152,+
ELAVL1,chr3_150544498_150545702,98.73620652,+
RBM28,chr15_49625431_49631000,98.72970097,-
RBM28,chr12_124911952_124912636,98.72774774,-
PSPC1,chr22_40400813_40402138,98.72243355,+
TOE1,chr11_67400919_67401727,98.72182669,-
ELAVL2,chr3_167734345_167734805,98.70784903,-
ALKBH8,chr16_87708072_87708349,98.70783766,-
ZFP36L2,chr5_136147906_136153591,98.70772798,+
TUT1,chr11_62705617_62706258,98.70530196,+
SNRPB,chr10_73817554_73819531,98.69988183,+
SFMBT1,chr13_31141259_31145562,98.68870916,-
BFAR,chr8_63172798_63175330,98.68722141,+
SAMD4B,chr9_5361888_5436568,98.68625889,-
HNRNPH1,chr21_32457720_32467695,98.6823508,+
THUMPD1,chr4_41538350_41598919,98.68149993,-
BFAR,chr2_130182452_130190468,98.68014263,-
EEF1G,chr11_72189759_72192165,98.67805635,+
RALY,chr9_129108077_129109178,98.66146436,-
SNRPN,chr2_215393203_215394527,98.65711011,+
LARP4,chr1_25243633_25244453,98.65708423,+
LARP4B,chr22_38665685_38668016,98.6562195,+
PPARGC1A,chr6_20548705_20558541,98.65462802,-
RC3H1,chr17_42998831_43002672,98.65057009,-
SYNCRIP,chr5_71065222_71067654,98.65050394,+
ZC3H15,chr6_85637143_85640220,98.64470595,-
PPP1R10,chr2_209704620_209705579,98.64403549,-
TROVE2,chr20_5118677_5118768,98.63706459,+
EWSR1,chr3_50109688_50110678,98.6355622,+
SAMD4A,chr6_31950403_31951143,98.6271858,+
RBM23,chr1_86880725_86903280,98.62578144,+
NAA38,chr1_25243633_25244453,98.62458876,+
LSM2,chr7_77002321_77004217,98.62185039,+
PUF60,chr1_25340579_25342960,98.61587171,+
SLTM,chr13_49661208_49691253,98.61383686,+
PHC2,chr7_73304404_73304746,98.60669835,+
RBMX,chr7_148815954_148816683,98.60420502,-
TRMT1,chr3_141916020_141921976,98.60331806,+
CPSF4,chr14_55679685_55680685,98.59546328,-
UHMK1,chr7_122081595_122086011,98.59051815,-
CCAR1,chr1_75790057_75790151,98.5854812,-
PABPC3,chr19_18589077_18590853,98.58477394,+
SNRNP35,chr6_12290693_12292343,98.58318565,+
CPSF7,chr1_161001353_161038879,98.5820504,-
DKC1,chr17_51160081_51161097,98.58022229,-
ZC3H3,chr14_35116737_35121901,98.57556817,+
ZC3H11A,chr12_6534661_6534809,98.57377639,-
RBM42,chr16_1963256_1964448,98.57171339,-
PARP14,chr1_151346333_151346481,98.57028124,+
SNRPE,chr3_133046020_133229265,98.56519783,+
EPHB4,chr5_71604468_71632120,98.56299617,+
PNO1,chr8_125151277_125155999,98.55929779,-
SAMD8,chr19_46839578_46845992,98.5572414,+
EIF4B,chr2_47379054_47379149,98.55588638,-
LARP7,chr15_29701689_29704221,98.55324733,+
EIF3G,chr1_160218968_160220458,98.55226145,+
SRRM1,chr1_245863886_245927930,98.5385431,+
TRA2A,chr7_74884524_74885022,98.53734549,+
DGKD,chr19_48151336_48153871,98.53572011,+
ZRANB2,chr1_32228816_32230926,98.51860342,+
HNRNPD,chr3_183752253_183754122,98.51494618,+
ARAP1,chr19_10928440_10928584,98.508862,+
RBM25,chr11_319990_320564,98.50678645,+
NIP7,chr7_102170550_102178474,98.50526334,+
NCL,chr11_77842628_77872174,98.50482783,+
EIF3B,chr14_64926080_64943298,98.4875147,-
KIN,chr1_45334511_45339975,98.48682107,+
PHC3,chr20_421153_422126,98.48590469,+
SNRPA,chr12_6944173_6944379,98.48549723,-
ZC3HAV1,chr17_76727178_76729689,98.47436955,+
GRSF1,chr3_150603686_150622384,98.47150421,-
LARP4B,chr16_29993808_29993905,98.46608249,+
CNKSR2,chr14_53953400_53956758,98.46421312,-
TRNAU1AP,chr8_144837507_144841818,98.45757184,+
ZC3HAV1,chr15_58899883_58901259,98.45438767,-
ANKS6,chr3_50350984_50351342,98.44480235,+
KHDRBS1,chr2_150474984_150487267,98.4314389,+
CHERP,chr5_140551169_140557146,98.42883232,-
MCTS1,chr1_228108474_228108954,98.42638249,+
BICC1,chr3_177065022_177079826,98.42514366,+
RRP7A,chr5_71065222_71067654,98.42507501,+
RBM28,chr19_36226073_36228747,98.42474812,+
RBM7,chr3_108057533_108058336,98.42363175,-
RBM25,chr2_55588956_55603977,98.42276368,+
PARP10,chr19_16185765_16190886,98.42197957,+
U2AF2,chr1_204532246_204537429,98.4191004,-
HTATSF1,chr4_76136412_76144389,98.41794573,-
PCBP1,chr4_55600575_55607297,98.40746178,+
DKC1,chr13_106557131_106557558,98.4067278,-
FUS,chr19_16185765_16190886,98.40590574,+
CPSF7,chr15_90088747_90089618,98.40349447,-
SNRPB,chr2_118808780_118834346,98.39597139,+
LSM5,chr14_64449638_64490360,98.39044726,-
MCTS1,chr8_42838336_42843023,98.37884318,+
MBNL1,chr1_161157317_161157616,98.37752546,+
FUBP3,chr17_75702571_75703807,98.37482709,+
ASCC1,chr9_136850137_136850505,98.37305039,-
STARD13,chr1_181052510_181053572,98.37264936,+
PABPC1,chr1_108657579_108660962,98.37185004,+
RBM38,chr10_35196099_35206894,98.36666038,-
ZFP36,chr3_168027837_168029219,98.36424014,-
LSM5,chr3_167720273_167734431,98.3628139,+
PCBP2,chr3_184243630_184244600,98.35070463,+
PUF60,chr1_235135767_235136033,98.3504479,-
RBPMS,chr14_51701159_51702511,98.35005287,+
PABPC4,chr11_67353077_67353538,98.34234003,+
LARP1B,chr3_58306417_58310506,98.33912601,+
HNRNPA0,chr10_73911612_73912214,98.33543746,-
PTBP2,chr7_73686900_73690915,98.32779072,-
RBM25,chr8_51850214_51860844,98.32619908,-
MATR3,chr5_139293805_139314674,98.32364743,-
EIF3G,chr9_68264514_68268933,98.32138018,+
PABPC3,chr2_97206135_97211545,98.32104699,+
RBM18,chr1_155054506_155055931,98.31930595,-
ZC3H13,chr3_37251484_37281957,98.31910455,+
THUMPD2,chr7_107186681_107190172,98.31836165,-
PABPC3,chr2_99142401_99147026,98.31611637,+
MSI1,chr16_88658720_88660519,98.31569631,-
ZFP36L1,chr14_58252242_58257744,98.30082941,+
PABPC3,chr2_113622161_113625608,98.29219232,+
HNRNPA0,chr20_13793227_13798460,98.29021926,+
THUMPD1,chr5_53646405_53683117,98.27488429,-
SF1,chr3_9977446_9986506,98.27300137,+
SART3,chr11_86264263_86276979,98.26935457,-
UNK,chr1_151167414_151168193,98.26888987,-
NIP7,chr14_23026375_23033367,98.26085072,+
TRMT1,chr19_10177367_10180186,98.24673302,+
SCML2,chr12_101617243_101629433,98.24367235,+
PAPSS1,chr17_81684891_81685604,98.24222597,-
NOL8,chr3_184366800_184368176,98.24178425,+
TARDBP,chr18_23466276_23473428,98.24064052,-
ASCC1,chr6_89637353_89637724,98.23401396,-
RBM8A,chr2_215391814_215392930,98.23272716,-
MATR3,chr12_50441643_50454313,98.22390326,-
YTHDC1,chr19_35500580_35505717,98.21961209,-
TRMT1,chr19_43656640_43660973,98.21556454,-
ALKBH8,chr2_97164311_97167576,98.21340737,+
DNAJC17,chr15_40812902_40813337,98.20450802,-
SFPQ,chr1_153626533_153626950,98.2036323,-
EIF2S1,chr19_38619302_38620336,98.19920369,-
RBM25,chr11_105043545_105044391,98.1927729,+
RBM25,chr5_69560242_69562672,98.19064524,+
LARP4B,chr19_48839263_48841148,98.18660762,+
ELAVL1,chr2_101859082_101859735,98.18555267,+
IGF2BP2,chr1_156591986_156592104,98.1848501,-
HNRNPF,chr6_85640564_85642796,98.18222416,+
RBM3,chr13_95983864_95986332,98.17951567,+
SEC23IP,chr3_42619708_42620015,98.17599258,+
RBM28,chr7_27800090_27827737,98.16852392,-
SGMS1,chr20_56388202_56390555,98.16526634,+
NIP7,chr1_154234792_154235195,98.16387332,+
LSM7,chr11_46084302_46090454,98.15640466,+
DUS3L,chr6_13326963_13328455,98.14811496,-
RBM4B,chr12_111840477_111841683,98.14745683,+
ANKS1A,chr2_60538549_60545970,98.14367854,-
IGF2BP2,chr17_41893174_41897748,98.13529376,-
MKRN1,chr6_31950403_31951143,98.12870746,-
SETD1A,chr2_37376302_37384167,98.12844389,-
ZC3H7A,chr1_40766974_40769355,98.12789668,-
SNRPD1,chr22_31105965_31107376,98.12737696,+
SNRPB,chr19_54103188_54105933,98.12184382,+
AKAP1,chr2_97202230_97209799,98.12133839,-
HNRNPH3,chr14_77715879_77717479,98.12056475,-
PPFIA3,chr19_16652961_16654034,98.12042254,-
RBMS2,chr18_36800311_36807846,98.1161001,+
MKRN1,chr8_129776285_129777342,98.1127495,+
RBM4B,chr8_66444748_66445217,98.11273937,-
PARN,chr5_170808752_170809567,98.11249175,+
KHDRBS3,chr4_105703809_105708637,98.11127427,+
PPIL4,chr3_57584032_57584383,98.10964491,-
BICC1,chr6_42211917_42214279,98.09975392,-
L3MBTL3,chr9_68264514_68268933,98.09206114,-
STIM1,chr19_35266738_35266838,98.08994522,+
MKRN2,chr3_197854445_197865422,98.08428825,+
BICC1,chr2_97204096_97207933,98.08238742,-
RBM26,chr1_161323670_161340593,98.07577457,-
ASCC1,chr6_28086386_28088562,98.07362859,-
SART3,chr6_37377033_37390741,98.07024028,-
LSM5,chr3_129451998_129463559,98.06736777,+
ZCCHC14,chr7_74246763_74249738,98.06158728,+
RBM47,chr8_129761008_129762625,98.05153132,-
SYNCRIP,chr3_37146627_37148893,98.04911931,-
TNKS,chr2_97202230_97209799,98.04672342,-
ZNF638,chr1_241849027_241850408,98.04504503,+
ACIN1,chr7_101218485_101222603,98.04142326,-
SAMD10,chr1_201153959_201171489,98.02588448,-
BICC1,chr8_55763980_55773226,98.01569048,+
HNRNPH2,chr6_36678939_36684096,98.01402968,+
SNRPA,chr3_57584032_57584383,98.00879729,-
RBM33,chr6_99531536_99531631,98.0036011,+
CSTF2T,chr15_78542645_78544189,98.00074872,+
PDCD11,chr4_139678642_139703454,97.99637532,-
MKRN3,chr6_31798507_31806754,97.99183112,+
ZCRB1,chr8_144148076_144163770,97.98934836,+
RBM39,chr10_103106706_103111744,97.98875269,+
MSI2,chr8_127890998_127989161,97.98577372,+
PTBP1,chr10_74398579_74589281,97.9776255,-
HNRNPL,chr14_75707707_75709178,97.9766413,-
RBM26,chr17_47142022_47142228,97.96900202,+
EIF2S1,chr1_45661225_45686411,97.96820363,+
RBM14,chr20_45333069_45348324,97.96378284,-
RBM17,chr3_75673238_75675763,97.95874832,+
BICC1,chr7_107749047_107753413,97.95816842,-
PNPT1,chr6_27710889_27713003,97.95676955,+
GTF3A,chr8_58434504_58445906,97.95334365,+
EEF1G,chr1_151890214_151895007,97.94949459,+
AKAP1,chr9_33262246_33262701,97.94845427,-
PPIE,chr3_130894337_130894707,97.94798746,+
ZC3H4,chr20_35632025_35632310,97.94690509,+
DHX8,chr12_75482079_75495576,97.93604552,+
POLR2G,chr2_37352935_37359579,97.93215637,+
PPFIBP2,chr13_20732121_20757454,97.928334,-
PTBP1,chr1_169324469_169367707,97.92421465,+
SETD1A,chr11_76453388_76458182,97.92273794,+
SART3,chr4_103050382_103066326,97.92259204,+
SNRPD3,chr11_115198438_115209573,97.92186232,-
TIA1,chr7_35801270_35863551,97.91889972,+
SNRPB,chr14_64449638_64490360,97.91343717,+
FXR2,chr11_93755386_93759741,97.90797154,-
HNRNPA0,chr6_99526109_99531631,97.90775007,+
RBM7,chr3_139350322_139351030,97.90697671,+
EIF4B,chr3_99675721_99744896,97.9053505,+
PHC2,chr12_46254936_46256691,97.9040707,+
SFMBT1,chr8_73709162_73738283,97.89781864,-
HDLBP,chr19_52801702_52805144,97.89311195,+
RBM15B,chr14_63625033_63641298,97.89166584,+
RNPC3,chr1_45600457_45602254,97.88718547,+
PPRC1,chr20_36462599_36496704,97.88572484,+
EIF3B,chr6_27126462_27132366,97.88535795,+
HNRNPK,chr14_75060261_75061683,97.88496701,+
PTBP2,chr5_140551169_140557146,97.8842904,-
HNRNPA1,chr17_1365058_1400046,97.88001526,+
PNPT1,chr5_133006920_133022840,97.8531739,+
SF1,chr22_25448284_25455711,97.84625665,+
CARHSP1,chr12_124912636_124913092,97.8457263,-
LSM4,chr14_102233789_102250811,97.83831153,+
TDRKH,chr17_3720402_3723287,97.83661802,-
UNKL,chr1_28229023_28230130,97.83256607,+
NUPL2,chr13_23668082_23673371,97.83079679,+
ZGPAT,chr14_49626048_49633286,97.82825979,+
DDHD2,chr2_99171646_99173413,97.82345433,-
SF1,chr1_2400935_2402206,97.80795712,+
ESRP1,chr10_38017020_38017290,97.80098629,+
EWSR1,chr5_39390575_39392203,97.80019202,-
PSPC1,chr1_155054506_155055931,97.7981193,-
PAPSS1,chr20_3209617_3213984,97.79726866,-
YBX2,chr9_3301620_3330258,97.79493472,-
RBM15B,chr6_33701420_33710694,97.78879731,-
CSTF2,chr1_23418009_23424564,97.7856162,+
POLDIP3,chr3_129288997_129298353,97.77966825,-
CSTF2T,chr9_41172749_41174292,97.77808118,+
ZFR,chr1_156787174_156794664,97.77193468,-
LSM4,chr8_73956054_73959764,97.76290517,+
CPEB2,chr13_75526639_75530310,97.76199876,-
RBM8A,chr14_55148473_55148593,97.75955339,-
ZC3H14,chr11_102607452_102611600,97.75775186,+
SHANK3,chr8_69495926_69501873,97.75580826,-
TIAL1,chr7_97022287_97024268,97.75241551,-
PHC3,chr10_27531615_27532506,97.74771221,-
EIF3B,chr19_11041560_11058257,97.74763606,+
PUM1,chr2_84906117_84906365,97.74556304,-
RBM19,chr19_55279705_55280034,97.74229667,+
LSM6,chr14_74946275_74946378,97.74010721,+
EWSR1,chr7_134965386_134968553,97.73948536,+
NIP7,chr9_136791424_136791946,97.73599779,-
KIN,chr10_48325965_48401611,97.73422329,+
PAPSS1,chr11_86302478_86303356,97.73218104,-
HNRNPD,chr1_160211650_160213109,97.72392456,+
RBM3,chr11_6682402_6683122,97.72044627,-
CPSF6,chr8_140405698_140426614,97.72031164,+
RBM42,chr11_114439675_114443855,97.7188953,-
SNRPG,chr15_34225658_34227692,97.71142573,-
ZFR,chr8_53979171_53984362,97.70807891,+
ZFP36L2,chr1_150220761_150226607,97.70395865,-
RBM12B,chr10_89010600_89011998,97.70154337,+
PTBP2,chr18_21622801_21623870,97.6908912,-
SNRPD1,chr6_53294491_53295641,97.68772913,+
HNRNPR,chr17_82621799_82643948,97.68317533,-
G3BP2,chr19_49659833_49661947,97.68054099,+
MKRN1,chr7_128455909_128457200,97.67503841,-
MBNL2,chr4_55364271_55369831,97.67136572,+
ASCC1,chr1_243293219_243304712,97.67133568,+
ZC3H3,chr2_161161412_161179613,97.66993632,-
ZC3H15,chr1_34855982_34859454,97.66619766,+
CPSF6,chr18_21612443_21623747,97.66481004,-
CARHSP1,chr6_116571655_116572857,97.66353842,+
LSM7,chr19_18538433_18539370,97.66121102,+
KIN,chr7_130399039_130400038,97.6574943,+
CIRBP,chr5_141973742_141978302,97.65684261,+
SNRPA,chr3_134486202_134495295,97.65517659,+
EIF2S1,chr8_54082023_54100907,97.65355214,-
HNRNPAB,chr19_49927848_49929325,97.64583513,+
ANKRD17,chr1_108657579_108660962,97.64531255,+
SUPT6H,chr11_85990399_85996825,97.63351628,+
SNRPN,chr11_94473461_94476288,97.63124184,+
RRP7A,chr8_95032098_95034007,97.62445622,+
AKAP1,chr17_31008803_31021909,97.62038471,+
PAPSS1,chr15_67519102_67521518,97.61609192,+
SCMH1,chr8_144148076_144163770,97.61496191,-
LSM2,chr13_51791257_51799533,97.61320855,+
GTF3A,chr19_5679763_5680054,97.61204361,-
EPHB4,chr5_71604468_71632120,97.61142858,+
PUM2,chr22_38656750_38656955,97.60996969,+
RBMXL1,chr22_40953633_40964046,97.60621524,+
RNF113A,chr3_20171232_20176600,97.59754008,+
SNRPG,chr3_64022523_64022642,97.58976669,+
PHC3,chr3_170145521_170171372,97.58793696,-
SAMD8,chr1_46558800_46561477,97.58398786,+
BFAR,chr17_64500773_64501056,97.58355957,-
THUMPD1,chr3_132578881_132579491,97.5827079,+
LSM1,chr16_67082308_67098709,97.56973003,+
ZFR,chr17_76727213_76732977,97.56302951,-
EIF4B,chr22_19178240_19178579,97.56245854,+
PRPF3,chr3_44338834_44354738,97.561862,+
RBM3,chr7_23691596_23698191,97.55923181,+
RBMS3,chr1_235829036_235830225,97.55751957,+
RBM4,chr8_73688813_73746782,97.5509947,+
CSTF2T,chr5_71060930_71061687,97.55034648,-
PCBP1,chr3_39406764_39407620,97.54281903,+
CPSF7,chr14_51701159_51702511,97.54087452,+
RBM4,chr18_21659343_21702315,97.53758418,+
STIM1,chr16_88810556_88811549,97.53366462,+
MBNL2,chr14_64516751_64521486,97.52366041,+
EIF3B,chr7_44116209_44116429,97.5176673,+
PABPC1,chr11_102607452_102677702,97.5166414,+
LSM2,chr9_128323147_128323282,97.51411325,-
RNPS1,chr12_46362638_46363725,97.51252497,+
DHX57,chr1_77581888_77581978,97.51052404,-
LARP1B,chr2_55303152_55308808,97.5092225,+
YTHDC1,chr8_76984193_76986186,97.50690478,+
SAMD4A,chr17_72428298_72431127,97.50662677,+
PABPN1,chr18_36800311_36807846,97.50475332,-
UNKL,chr12_49323752_49325500,97.50202691,-
ELAVL1,chr20_34516461_34526271,97.49954808,-
RC3H1,chr7_100113954_100114083,97.48127379,+
RAVER1,chr19_53866417_53869753,97.48068531,-
KHDRBS1,chr15_49625431_49631000,97.47707097,+
SRRM1,chr12_49186833_49188976,97.47185902,+
RC3H2,chr1_161159678_161160365,97.47051956,+
ZFP36L2,chr12_16354378_16363794,97.46036975,-
TOE1,chr10_68070599_68072882,97.45856478,-
SNRPF,chr4_77894250_77906945,97.45549564,+
HNRNPA0,chr6_10726008_10730614,97.44935401,-
HTATSF1,chr17_59001714_59012327,97.44755418,+
RBM7,chr18_62161385_62162252,97.4418056,+
SFPQ,chr2_101870415_101871493,97.43966843,+
PABPC4L,chr3_183833589_183840569,97.43818823,-
PPIL4,chr16_89687815_89689251,97.43689341,+
NSUN6,chr5_180467364_180483114,97.43384378,-
RBM3,chr3_123944990_123947279,97.43288095,+
KHSRP,chr11_77618687_77619605,97.42922067,+
PUM2,chr10_75214070_75219062,97.42596746,+
RAVER1,chr8_74823467_74825256,97.42396727,-
SNRPD3,chr19_18437105_18437859,97.42320237,-
RBPMS,chr10_11565638_11597630,97.4231147,+
MEX3D,chr3_37146627_37148893,97.42150995,+
LSM4,chr6_30296237_30314268,97.42092758,+
EPHA2,chr1_20780540_20786513,97.42013476,+
RBM42,chr2_130426038_130427703,97.4188174,+
CPSF4,chr14_35110629_35121901,97.4176301,+
SNRPN,chr17_82483304_82483715,97.40581848,+
LARP7,chr1_155060832_155061417,97.40503854,-
NONO,chr6_149598350_149603267,97.3968744,+
PAPSS2,chr8_17972687_17980590,97.39046163,+
ZC3H4,chr6_44114209_44127343,97.38519998,-
TROVE2,chr8_129748888_129749451,97.38366644,+
POLR2G,chr10_48306821_48308094,97.37503788,+
TARDBP,chr19_10177367_10180186,97.37495509,-
PPFIA3,chr7_66554837_66560578,97.36011615,-
MBNL2,chr12_49066701_49069034,97.35820602,+
PPRC1,chr1_88984066_88992584,97.35786153,-
MBNL2,chr10_48308288_48401611,97.35505379,+
LSM4,chr19_47169923_47203670,97.35062647,-
MSI1,chr11_314356_314921,97.34367743,+
RBM34,chr11_119011311_119011938,97.33204645,+
HNRNPM,chr19_35266738_35266838,97.32921848,+
GTF3A,chr12_103951630_103953413,97.32886455,+
DAZAP1,chr17_42567655_42568836,97.32617103,+
ZFP36L1,chr12_76074239_76083832,97.32427084,+
CSTF2T,chr3_9677387_9683177,97.32288339,-
SRRT,chr20_53583168_53597630,97.31810557,+
DNAJC17,chr17_64531022_64531889,97.31703958,+
AKAP1,chr10_38017386_38025347,97.31645387,+
RBM6,chr9_34611332_34611859,97.31267172,+
NIP7,chr1_19597109_19623473,97.30328255,-
PUM2,chr4_105700014_105708637,97.29969843,+
FUBP1,chr7_7673453_7801669,97.29015928,+
DHX57,chr5_146463793_146468340,97.28949658,+
SNRPA,chr8_144412901_144413236,97.27942879,-
DAZAP1,chr7_12640517_12644583,97.2769601,-
NONO,chr7_99415266_99416137,97.26962417,-
FUBP1,chr4_76124756_76148307,97.26780603,-
BFAR,chr2_95912435_95917854,97.26673511,+
ANKRD17,chr19_19033930_19034130,97.26438493,+
SNRPA,chr19_1089965_1090086,97.26388019,-
PPP1R9A,chr14_88841514_88843805,97.26302004,+
SAFB2,chr19_41422370_41422631,97.26184403,+
PTBP1,chr2_26034735_26093590,97.25560218,-
PPP1R10,chr2_100993527_100995399,97.25385232,+
PCBP4,chr2_177216940_177219036,97.25297595,+
PPP1R10,chr15_69421752_69422325,97.24170016,-
TOE1,chr2_169805577_169805664,97.23099946,-
ASCC1,chr12_21508109_21508382,97.22586166,-
KRR1,chr3_58306417_58310308,97.22424737,+
PPARGC1A,chr17_81683126_81683592,97.22240742,-
TTC14,chr5_134738792_134743986,97.2210614,+
SF3A1,chr8_70583324_70583649,97.21397057,+
SSB,chr8_125083258_125091614,97.2138925,-
RC3H2,chr7_44579628_44581448,97.20612866,-
RBM7,chr19_53866417_53869753,97.20410292,+
HNRNPH2,chr21_42382825_42383032,97.20389781,-
NCBP2,chr8_53970463_53984362,97.19435446,-
RBM39,chr1_145623160_145623592,97.19303317,+
CNKSR1,chr7_43760110_43771137,97.18814025,+
SNRPC,chr7_72831798_72836576,97.1851848,+
ZC3H13,chr16_5090565_5091793,97.17262294,+
HELZ,chr8_144148076_144160969,97.17258888,+
PPFIBP1,chr2_97118517_97122886,97.17246894,+
ACO1,chr17_81683126_81683592,97.16243349,-
TAF15,chr16_29994843_29995102,97.14307353,+
NUPL2,chr2_47379054_47379149,97.1423679,-
ELAVL1,chr17_76727178_76732977,97.14092123,+
KHDRBS3,chr9_129123138_129127963,97.13185035,+
RBM8A,chr9_33026616_33029884,97.13112491,-
LSM6,chr1_26924166_26934248,97.1256694,+
PAPSS2,chr8_53235111_53250780,97.1229,+
MBNL2,chr4_102826636_102827591,97.11651849,+
FMR1,chr14_92117642_92121641,97.10772662,+
ZRANB2,chr17_7016525_7016909,97.09973747,-
PABPC1,chr1_3891057_3891625,97.08252262,+
EWSR1,chr2_95912435_95917854,97.07961329,+
LSM6,chr20_349363_353209,97.07953122,+
UNK,chr4_169742107_169750535,97.07881418,+
SETD1A,chr4_182915575_182917287,97.07686673,+
G3BP2,chr15_41365863_41371526,97.07537851,+
RBM22,chr5_90475020_90485534,97.07226053,+
RBM19,chr14_58274135_58291634,97.07171247,+
GRSF1,chr17_78191060_78197134,97.06923091,+
PARN,chr3_177160988_177197120,97.06506659,-
PPP1R9A,chr13_100449305_100527674,97.06118874,-
HNRNPH1,chr1_111441604_111442024,97.05880769,+
RNPS1,chr4_2932153_2932599,97.05084831,+
RBM4B,chr19_10677310_10679096,97.04979454,-
SLTM,chr14_21263336_21263666,97.04927456,-
RBM45,chr2_101887261_101887777,97.04578762,-
RBM3,chr13_37024442_37026203,97.04548484,+
HDLBP,chr1_37689883_37690001,97.04470432,+
LSM7,chr1_144456805_144459365,97.04197139,+
RBM15,chr5_179616218_179617020,97.04117863,+
ZCCHC17,chr16_2205875_2206030,97.0403173,+
HNRNPAB,chr6_4996420_4999808,97.03826127,+
PARN,chr2_164959329_164960898,97.03780105,-
SAMD8,chr17_15260761_15265153,97.03423776,+
UNK,chr17_76726879_76729689,97.02727936,+
RBMS3,chr13_49110406_49114654,97.02437623,-
PABPC4,chr8_127890998_127989161,97.02071052,+
PABPC1,chr7_48101982_48106872,97.01853637,+
ZC3H18,chr2_112652947_112657121,97.01590054,+
LSM7,chr17_81894586_81899919,97.00659255,+
MBNL2,chr6_4999904_5002100,97.00401266,-
RBPMS,chr17_68515119_68515393,97.00110689,-
LSM10,chr8_144518041_144519700,96.9984168,+
SNRPN,chr15_24968082_24974386,96.99489703,-
ANKS1A,chr8_144520054_144520241,96.99448299,-
POLDIP3,chr1_160224549_160225590,96.9837047,-
BICC1,chr11_65536750_65536985,96.97591783,+
SNRPB2,chr3_9792705_9797658,96.97566891,+
YTHDC2,chr7_102541662_102566996,96.96533031,+
LARP4B,chr4_165327946_165333339,96.9646607,+
RBM5,chr17_64516828_64519320,96.96146257,+
RPS3,chr12_124004935_124011380,96.94776076,+
ZC3H10,chr1_155850884_155853275,96.94674238,-
LSM5,chr14_55129300_55138044,96.94536746,+
TRA2A,chr7_101240906_101251894,96.94096503,-
SNRPD1,chr14_49626048_49633286,96.93848193,+
EPHB4,chr1_155085942_155086412,96.93827833,+
UHMK1,chr8_17972687_17985446,96.93677531,+
EPHB3,chr10_12172866_12177792,96.93553748,-
PAPSS2,chr20_56388202_56391942,96.92423935,-
FMR1,chr14_77327552_77329122,96.92419887,+
PPP1R10,chr3_4362254_4410864,96.91814082,+
RAVER1,chr5_87411346_87412434,96.91653051,-
MKRN1,chr12_111889006_111890039,96.91456648,+
FXR2,chr6_30741333_30742146,96.913907,+
SRRM1,chr20_1125650_1135120,96.90736323,-
FMR1,chr11_406538_407061,96.90720534,-
DGKH,chr20_49154071_49188115,96.90629668,+
CHERP,chr16_58624794_58629727,96.90525262,+
TRNAU1AP,chr15_78542219_78542482,96.90303862,+
RC3H1,chr13_49663195_49691253,96.89479531,-
ELAVL1,chr19_27771989_27792999,96.88737465,+
RBPMS,chr1_28407463_28438272,96.88638961,+
NCBP2,chr11_119011283_119011938,96.88084075,+
PRPF3,chr7_72831798_72836576,96.879564,-
YTHDC1,chr6_5002245_5003585,96.87814063,+
SNRPD1,chr8_100717888_100718086,96.8711331,+
HNRNPA0,chr7_88209452_88217121,96.87093205,-
GRSF1,chr1_153563887_153566701,96.86266583,+
TIAL1,chr4_70836314_70839227,96.85307907,-
RBM33,chr1_220074071_220089685,96.84604048,+
ESRP1,chr1_84498548_84506010,96.84590384,-
RBM28,chr1_156011887_156014960,96.84136154,+
CNKSR2,chr1_207340508_207359545,96.83588112,+
PPIL4,chr20_59037299_59038465,96.83527661,-
YBX1,chr10_110569013_110575335,96.83290663,-
PABPC3,chr20_349363_353209,96.82734099,+
NIP7,chr18_34977079_35005491,96.82225486,+
LSM3,chr3_15096710_15099034,96.82176623,+
CIRBP,chr1_53878722_53888906,96.81881231,+
EPHB3,chr21_37232451_37238459,96.81737767,+
PPIE,chr3_195662733_195663623,96.81627198,+
RBM10,chr7_74249829_74252428,96.81420129,-
ARAP1,chr2_27445843_27445928,96.81372056,+
CNKSR1,chr10_91959154_91959784,96.79356859,+
PABPN1,chr5_139293805_139314674,96.79317752,+
ZMAT5,chr19_48696079_48696378,96.79015161,-
ELAVL2,chr8_10765916_10826151,96.78573286,+
SLBP,chr19_36226073_36228747,96.77513969,+
RBM28,chr9_111563231_111564156,96.7739586,+
DDHD2,chr19_49003334_49004206,96.77282111,-
GTF3A,chr7_2239676_2242161,96.76535157,+
PCBP1,chr7_148832750_148836821,96.7579952,+
CSDE1,chr13_97357635_97391321,96.75523627,+
RBM5,chr3_50103166_50105076,96.75283312,+
PPARGC1A,chr3_33072713_33077093,96.74929265,-
SUPT6H,chr8_51845763_51898929,96.74739396,+
FUS,chr20_34516461_34519419,96.73890961,-
ZC3H14,chr19_45423381_45449172,96.73798088,-
STIM2,chr1_6234511_6234885,96.72934948,-
DAZAP1,chr19_18436479_18437859,96.72614531,-
SFPQ,chr3_113017602_113019541,96.72510308,+
MCM3AP,chr20_20032653_20033101,96.71624053,+
RBMX2,chr11_67467563_67468027,96.70982132,-
EPHB3,chr13_49663195_49691253,96.70919901,+
PDCD11,chr8_47396626_47440322,96.70810249,-
PPIE,chr19_9157394_9157979,96.70510409,+
SRRM1,chr17_31021162_31021909,96.70087105,+
YBX1,chr6_34757551_34762594,96.6992129,-
ZRANB2,chr2_39755960_39757247,96.69683873,+
RBM18,chr12_46383713_46387746,96.68340228,+
RRP7A,chr5_75354697_75355364,96.68281478,+
RBM12,chr19_44213244_44228445,96.67598645,+
MCTS1,chr12_46387972_46470152,96.67553272,+
LARP1,chr10_73252037_73252469,96.67323129,+
RBM28,chr14_55148684_55150798,96.67065804,-
DHX8,chr20_45814470_45815853,96.66925363,-
TIA1,chr16_30741908_30748205,96.66804825,-
SLTM,chr11_61416519_61419948,96.6675928,+
SUPT6H,chr3_101681215_101682428,96.66681725,+
SLTM,chr7_107749047_107752544,96.66340864,+
LSM4,chr9_136791424_136791946,96.66335918,-
ZC3H18,chr20_56388202_56392167,96.65302056,-
RBM12,chr16_30741908_30748157,96.65289533,-
RBM3,chr2_95910445_95910539,96.6509457,+
RBM34,chr16_67082339_67098709,96.65078869,+
MEX3D,chr11_78571444_78574828,96.64323391,-
SETD1A,chr1_28230252_28232920,96.64311414,-
SF1,chr4_103065768_103066326,96.64219272,+
TDRKH,chr5_69560242_69562672,96.64162339,+
MEX3D,chr2_19898035_19901705,96.6413417,+
HNRNPA0,chr12_122940284_122944390,96.64023366,+
SNRPE,chr20_35735081_35738967,96.638508,+
EIF3G,chr3_37355187_37366079,96.63692156,+
NAA38,chr12_16354378_16363794,96.62561999,-
SNRPA,chr7_135167807_135168785,96.62367008,+
NIP7,chr19_43652371_43655438,96.62169139,+
FXR2,chr12_132945797_132948147,96.6196589,+
FUBP1,chr8_80003120_80030035,96.61832334,+
RBM39,chr8_66667701_66677641,96.61805818,-
RBMS1,chr1_150276632_150279642,96.61765152,+
ZCCHC17,chr14_58247832_58257744,96.6162525,-
DUS3L,chr14_77720828_77730987,96.60934225,-
KHDRBS1,chr6_85678032_85678135,96.60677187,+
NCBP2,chr1_25351693_25356792,96.60282443,-
SNRPF,chr11_67585241_67586103,96.60236149,+
SAFB,chr5_178211970_178214795,96.60130003,-
EIF3B,chr10_12215835_12217360,96.59725262,-
PAN3,chr2_20041011_20051409,96.59615542,+
ZC3H3,chr3_9941206_9943076,96.59585477,+
PABPC1,chr10_7780307_7787819,96.59469964,+
LSM4,chr9_136993664_136993769,96.59446705,-
PNO1,chr14_102233789_102234956,96.59037191,-
RC3H1,chr10_121959410_121960357,96.58836458,+
PABPC4,chr1_39563741_39564422,96.58695858,+
G3BP1,chr17_72428298_72592202,96.58642958,+
RBM42,chr11_77855482_77869721,96.57604155,-
NIP7,chr5_140695845_140696520,96.57117688,+
DGKH,chr17_58999459_59012327,96.56146254,+
SNRPA,chr1_45616703_45618060,96.5564115,-
MCM3AP,chr13_26221330_26221781,96.54887744,+
EIF2S1,chr14_23096021_23097657,96.54843643,-
BICC1,chr20_56388202_56392167,96.54418343,+
MKRN1,chr5_180467671_180468110,96.54249596,-
ZFP36L1,chr15_76292700_76311349,96.54056383,-
NAA38,chr17_51161272_51161727,96.53683541,+
U2AF1L4,chr1_212807848_212812250,96.53272806,+
NAA38,chr2_97142668_97144517,96.53129031,+
MBNL3,chr3_160412849_160413472,96.53094715,-
SART3,chr19_43463769_43464324,96.52914125,+
TNKS2,chr14_58274135_58291634,96.52708415,+
PAPSS1,chr6_37170879_37171124,96.52453189,+
RBMS2,chr10_72216072_72220053,96.52308523,+
DGKD,chr17_75168401_75181056,96.52308265,-
NONO,chr20_49231115_49233305,96.51976903,-
MBNL2,chr17_64516828_64519320,96.51590071,+
ELAVL2,chr16_57620136_57650252,96.51151044,+
TOE1,chr11_2979237_2989128,96.49761841,-
TIAL1,chr22_24557800_24571915,96.49071575,-
IGF2BP2,chr11_6604360_6608393,96.4860542,-
RNPC3,chr19_49542752_49543161,96.48320881,-
CSDE1,chr12_7060877_7061838,96.47804181,-
RBMX2,chr5_53646405_53683117,96.47797576,-
MYEF2,chr19_48944507_48944823,96.47329062,+
RBM42,chr11_850367_864436,96.46338674,+
HNRNPH3,chr7_95406247_95409900,96.45204156,-
PPFIA3,chr17_39628622_39629169,96.45000178,-
RAVER2,chr4_56810184_56820535,96.44572127,-
PTBP1,chr8_132775645_132777791,96.43958755,+
RBM10,chr17_41893174_41897748,96.42953449,-
SNRPC,chr13_27648453_27650041,96.42652546,-
ZC3H11A,chr15_99621080_99632977,96.42231452,+
TARDBP,chr22_38665685_38668016,96.41981433,+
SNRPD2,chr10_133311816_133312787,96.41919994,+
YTHDF2,chr9_33026616_33029884,96.41333158,-
HNRNPA0,chr21_42382234_42382694,96.40634007,+
RBMS1,chr17_7626793_7627142,96.40324457,-
STIM1,chr21_39347483_39348291,96.40193993,-
HNRNPA1,chr5_88270585_88410072,96.39953276,+
EIF4H,chr1_151540426_151562090,96.39923849,+
RNPC3,chr8_73830472_73870268,96.39874363,+
KHDRBS1,chr15_28299516_28321361,96.39568847,+
NOL8,chr22_29748571_29766871,96.38991939,+
MEX3C,chr14_23561635_23562287,96.3885409,-
SNRPB,chr7_48101982_48106872,96.38721728,+
RBM39,chr6_17507312_17507640,96.38249459,+
YBX2,chr19_52165385_52168057,96.3700918,-
POLR2G,chr8_144358900_144359183,96.36091615,+
ZC3H7A,chr15_67519102_67521518,96.35755141,+
TRMT1,chr11_93754037_93757315,96.35122479,-
HNRNPA2B1,chr7_42927459_42932117,96.34819287,+
SFMBT1,chr1_151316509_151327270,96.34004288,+
ELAVL1,chr2_65089070_65097970,96.33931203,-
RBM26,chr17_75267630_75268082,96.3352424,+
SF1,chr20_5106222_5109331,96.3291838,-
ZC3H3,chr1_155054506_155055931,96.32778227,-
TIPARP,chr22_25448284_25455711,96.3266033,-
MBNL3,chr3_172818814_172820147,96.32227428,-
MTHFSD,chr19_49446794_49447023,96.31429087,-
MKRN1,chr10_72220379_72230365,96.31386776,+
MTHFSD,chr3_57896371_57896510,96.31358952,-
ZC3H11A,chr8_144518041_144519700,96.3117031,+
LSM4,chr12_94412591_94435274,96.30851797,+
RBMX,chr6_149598350_149603267,96.29325846,-
RBM26,chr18_662320_670691,96.29069931,+
EIF3G,chr16_28489386_28491713,96.28828032,-
HTATSF1,chr2_37088440_37091915,96.28685371,+
TNKS,chr14_55148684_55150798,96.28403986,-
LSM1,chr8_127890998_127989161,96.26763753,+
UHMK1,chr11_6682402_6683122,96.26366232,-
UPF3B,chr5_6652008_6653446,96.26145315,+
SETD1B,chr1_153968639_153968929,96.23709359,-
G3BP1,chr8_61619019_61637946,96.23667888,+
THUMPD1,chr11_64247259_64247952,96.23372103,+
HNRNPH2,chr3_194406116_194413758,96.2204219,+
NOL8,chr15_50424654_50439008,96.21704959,+
PCBP1,chr8_108203503_108214606,96.20789451,+
SSB,chr9_177820_178815,96.19851694,+
BFAR,chr3_155704264_155744839,96.19838788,+
RBM22,chr18_50375194_50375819,96.19812186,+
PCBP1,chr10_89010600_89011998,96.1937113,+
ELAVL2,chr7_8236005_8262439,96.19201768,+
CPSF4,chr3_50288937_50289711,96.18499124,+
NOL8,chr1_173864304_173865470,96.18498831,-
RBM5,chr6_17507312_17507640,96.17209767,+
GRSF1,chr19_35546808_35546944,96.17172162,+
STARD13,chr14_58209107_58215204,96.17140753,-
SRRM2,chr3_50349828_50349930,96.16402004,+
CHERP,chr1_161042217_161042585,96.16221082,+
CIRBP,chr3_49015707_49015818,96.16090262,+
ESRP2,chr3_177098541_177196339,96.16065042,+
RBM6,chr1_37496604_37501803,96.13111859,-
MKRN1,chr17_7577916_7578341,96.13010782,-
RBM42,chr6_2959342_2971247,96.11682981,+
RBM4B,chr18_23466276_23473428,96.1140007,-
TIAL1,chr3_184243630_184244600,96.10741961,+
SAMD4A,chr3_9453868_9454004,96.10629724,+
EPHB4,chr21_44426736_44427009,96.10538942,+
YTHDF3,chr5_1798947_1799770,96.10363452,+
PRPF3,chr1_155308965_155312254,96.10008293,-
SSB,chr10_87170974_87180074,96.08634633,+
GRSF1,chr3_14946154_14948012,96.07950457,-
RBM3,chr1_193016395_193020306,96.07808107,+
PABPC3,chr16_88806638_88807050,96.0774804,+
NAA38,chr3_9838207_9838984,96.06306739,-
CPSF6,chr1_156115274_156130616,96.06280565,+
RBM17,chr2_97204096_97204190,96.05811002,+
ZC3H4,chr7_56103011_56106363,96.0523359,-
RBM42,chr16_89701233_89701490,96.04895478,+
NCBP2,chr17_74772395_74772895,96.04304496,+
DHX8,chr10_73817554_73819531,96.03604575,-
SLTM,chr1_161073299_161073719,96.02944546,+
PHC3,chr12_94412591_94459556,96.02614005,+
MCM3AP,chr4_26321048_26362445,96.02591354,+
ZCRB1,chr9_129609178_129632649,96.02549148,+
SF1,chr11_35198246_35208104,96.02500442,+
RBM42,chr7_100113954_100114083,96.01789808,+
MATR3,chr6_125915480_125920942,96.01698126,+
SAMD8,chr3_27404963_27409355,96.01471963,+
KIF24,chr6_33710851_33711548,95.99951956,+
EIF3B,chr4_56511347_56518761,95.99905667,+
ZC3H4,chr2_47379054_47379149,95.99189229,-
SAMD8,chr3_9920602_9920924,95.99145354,+
CHERP,chr3_29281756_29434742,95.98498062,+
LARP1B,chr1_154963931_154965638,95.9832244,-
HNRNPH1,chr2_10784326_10784933,95.98179371,+
RBM34,chr6_37170879_37171124,95.97092591,-
DND1,chr19_42297365_42300008,95.96041475,-
TOE1,chr18_79977701_79986601,95.95404893,-
SEC23IP,chr8_47280017_47291032,95.95189247,-
THUMPD1,chr7_26201561_26206367,95.94899973,+
RBM4,chr9_75069102_75069894,95.94775895,+
KIAA0020,chr11_10855118_10856143,95.94544419,+
RBM15B,chr3_197554713_197555780,95.9359036,+
TIAL1,chr12_31298224_31323943,95.93097775,-
HNRNPH3,chr11_10806047_10807254,95.930844,-
PPP1R9A,chr7_23691596_23700785,95.92920395,+
HNRNPA1L2,chr19_55388048_55388246,95.9268988,-
HTATSF1,chr2_46591925_46592474,95.92422058,+
FXR1,chr1_39563741_39564422,95.92042474,+
UNK,chr1_108696337_108697809,95.9201685,-
SRRT,chr8_144465096_144465207,95.91661327,+
MBNL1,chr1_36457981_36461263,95.90991118,-
PARN,chr7_94628359_94655989,95.90877664,+
PNPT1,chr17_75267630_75268082,95.90784794,+
EWSR1,chr2_206161132_206161345,95.90761784,-
ZC3H13,chr16_69711281_69714963,95.90756872,-
LEMD3,chr2_159762993_159767283,95.90726761,+
SSB,chr2_215393203_215394527,95.90552381,+
DKC1,chr7_87878133_87884978,95.8961934,-
UNK,chr15_89877424_89888520,95.87681554,-
RBM47,chr5_170808752_170811955,95.87473482,-
RBM7,chr11_33746059_33747129,95.87161846,+
CPSF6,chr9_128323147_128323282,95.87110584,+
STARD13,chr8_47701864_47712661,95.87076364,-
SRRT,chr19_35160801_35164155,95.87066624,+
RBM19,chr2_227342819_227347225,95.868756,+
NUPL2,chr20_2657218_2657372,95.86796261,-
RBM12B,chr1_32384048_32386778,95.86228919,+
RBM47,chr12_46243314_46267224,95.85829748,-
SNRPD3,chr14_92704707_92709671,95.85459494,+
IGF2BP3,chr12_122218397_122224644,95.85414217,+
GTF3A,chr1_156055425_156057977,95.85236856,+
TNKS2,chr9_127936655_127937817,95.85139472,+
SSB,chr16_3023361_3023846,95.85098222,-
PNPT1,chr17_75267630_75268082,95.85026407,+
RBM26,chr3_167734345_167734805,95.84792951,-
POLR2G,chr17_42998831_43002672,95.84542244,-
RBMS3,chr1_174752354_174811831,95.84094749,+
KIAA0020,chr3_101855902_101857291,95.83763952,+
SAMD12,chr10_80172869_80205342,95.83334772,+
KIN,chr11_66056955_66057268,95.82968355,+
DHX57,chr3_9430051_9433844,95.82930411,-
YTHDC1,chr2_74491666_74492003,95.82629875,+
PSPC1,chr7_55981567_55983727,95.80516663,-
CARHSP1,chr6_31728745_31730050,95.80358086,+
HELZ,chr6_27711230_27713003,95.8032608,+
TARDBP,chr1_151365846_151366721,95.80113207,-
NAA38,chr6_42211917_42214279,95.79643688,-
RBM28,chr2_27661601_27662178,95.79163451,+
BFAR,chr11_35204640_35205784,95.78707851,-
CNOT4,chr16_50025701_50026395,95.78585065,+
EEF1G,chr8_58553303_58565018,95.78422334,+
RBM24,chr1_156293209_156294017,95.78033013,+
TROVE2,chr8_73956054_73959764,95.77967513,+
TDRKH,chr14_58346505_58347646,95.77287641,-
CNOT4,chr19_41956934_41957017,95.77155177,+
PPIL4,chr11_35198246_35208104,95.76736408,+
RBM33,chr12_49566841_49567646,95.7636969,+
RBM47,chr8_48008470_48043032,95.76321343,+
CIRBP,chr3_48601470_48603563,95.7466069,-
RBMXL1,chr6_42211917_42214279,95.74303102,-
PABPC1,chr6_159685033_159692660,95.74294527,-
SCMH1,chr1_145975436_145977482,95.73958701,-
MEX3C,chr1_156213176_156225556,95.73699376,-
HNRNPR,chr20_56388784_56390555,95.73422805,+
MTHFSD,chr10_84139577_84141461,95.73218426,-
PABPN1,chr13_114286629_114287312,95.73150406,+
RBM24,chr20_35632025_35632310,95.72648078,-
ZCCHC17,chr3_150544498_150546051,95.72367988,-
SYNCRIP,chr15_84655404_84657175,95.72001861,+
TEP1,chr15_50424514_50439008,95.71264637,+
DAZAP1,chr17_82392534_82394330,95.70455968,+
CARHSP1,chr8_17972687_17980590,95.69894286,+
TIA1,chr21_25982477_25997359,95.688428,+
CSTF2,chr2_200811727_200813207,95.68145211,-
RBM18,chr19_50475455_50475832,95.6771117,+
ZC3HAV1L,chr19_1089965_1090086,95.66642214,-
RBM3,chr8_54135391_54136510,95.66100653,+
SAMD8,chr16_89873859_89878460,95.65716867,-
UPF1,chr5_79641196_79642831,95.65425062,+
APTX,chr5_177136030_177136872,95.65312409,+
TIA1,chr3_9838207_9838984,95.65046577,-
PTBP2,chr10_27171083_27173117,95.64521198,-
TNKS,chr8_140511646_140515125,95.64419932,-
KRR1,chr10_110130486_110133325,95.63979991,+
CSDE1,chr3_66221127_66243202,95.63963126,+
RBM39,chr1_150441958_150443230,95.63928011,+
RBM15B,chr3_4303526_4316211,95.63382538,-
LSM2,chr10_80172869_80205342,95.63155758,-
RBM39,chr3_141913836_141915969,95.63143327,+
SNRPD3,chr6_112081207_112086555,95.62804917,+
ZCCHC17,chr7_73693669_73697604,95.61824407,-
ESRP1,chr12_101617243_101629433,95.61711263,+
SLTM,chr1_70230618_70231094,95.61579329,+
SPEN,chr17_75168401_75181056,95.6086586,-
TOE1,chr6_4999904_5002100,95.6069397,-
STARD13,chr2_111480061_111494884,95.60312302,+
LSM4,chr9_92319356_92319942,95.59821166,+
PSPC1,chr7_87896510_87897296,95.595401,-
SPEN,chr3_4980408_4981391,95.594874,+
AKAP1,chr9_35660647_35660770,95.5945157,+
SNRPC,chr8_54051188_54055059,95.59382657,-
NONO,chr10_30337031_30340225,95.59297451,+
SSB,chr19_14563702_14563834,95.59066201,-
SNRPD1,chr17_82250179_82251378,95.58904516,+
SNRNP35,chr19_35500419_35500532,95.57427935,+
LSM7,chr7_2242975_2244562,95.57185083,+
ANKS1A,chr3_20171232_20176600,95.56612618,+
PPRC1,chr1_87331814_87332012,95.56481239,+
PCBP2,chr8_132804032_132804611,95.55043242,+
HNRNPA1L2,chr9_41172749_41174292,95.5453717,-
WDSUB1,chr11_34890552_34916227,95.54469293,-
TRMT1,chr4_76124756_76148307,95.54449615,+
PCBP1,chr15_90089687_90090478,95.53942014,-
DHX57,chr1_193016395_193020306,95.53917873,+
NAA38,chr11_93734660_93737063,95.53636693,-
LSM3,chr4_165327946_165333339,95.52829404,-
HNRNPA3,chr11_62856381_62881018,95.52691826,-
THUMPD3,chr2_10775071_10778571,95.50294074,+
ELAVL2,chr17_17271008_17281131,95.49434522,-
CPSF6,chr15_29701689_29704200,95.49268769,+
ZFP36,chr17_7308113_7309614,95.48991143,+
CARHSP1,chr8_48049978_48060681,95.48884497,+
PPIL4,chr5_88410194_88436272,95.48573338,+
ZFP36L1,chr8_58434504_58445906,95.48335121,+
ANKRD17,chr2_3575350_3575600,95.47708268,-
TIA1,chr17_59697978_59707379,95.47639753,-
IGF2BP2,chr4_82898062_82899712,95.47631913,-
EIF3G,chr1_1704146_1704222,95.46302132,+
PCBP2,chr14_58291707_58293065,95.46007883,-
DHX8,chr9_65731867_65733509,95.45051924,-
LSM4,chr10_7807010_7807658,95.44872008,+
HNRNPD,chr10_95633049_95633496,95.44588087,+
RBM22,chr16_70316104_70324584,95.44584407,-
SYNCRIP,chr3_15585342_15589539,95.44508024,+
PABPC3,chr19_36573555_36574820,95.44258498,+
QKI,chr19_36226073_36228747,95.43313559,-
RNPC3,chr16_50025340_50026395,95.42950822,+
PPIE,chr16_88810556_88811549,95.42893969,+
SNRPD2,chr8_142727700_142735325,95.42783072,-
RBM18,chr19_45164970_45178134,95.42719201,+
EIF4H,chr13_46045516_46052403,95.4255438,+
RBM17,chr3_37173194_37174538,95.41702507,+
RBM4B,chr16_87708072_87708349,95.40719117,+
MATR3,chr19_27771989_27792999,95.40196372,+
LSM5,chr4_121670012_121671546,95.39768726,+
ZCRB1,chr1_151762500_151763326,95.39008621,-
DKC1,chr12_51269316_51269536,95.37679389,+
MATR3,chr11_86268561_86270082,95.36383098,+
U2AF2,chr19_55388048_55388246,95.36332308,-
FMR1,chr3_9677387_9683177,95.36193948,-
TOE1,chr2_95935644_95938986,95.35464171,-
MEX3A,chr7_22976305_22977340,95.35455799,+
PABPN1,chr11_86264263_86276979,95.35275775,+
CPSF4,chr12_124912890_124913118,95.3373286,+
ZNF74,chr3_167720273_167734431,95.33683197,+
ANKS6,chr16_670175_670265,95.33545821,+
THUMPD3,chr12_110492122_110496011,95.32979992,-
LSM3,chr2_135605016_135616667,95.32566099,-
L3MBTL3,chr7_74041251_74043117,95.32335237,+
U2AF2,chr2_227329783_227330625,95.32225313,-
SNRNP35,chr17_28716058_28717212,95.32216032,+
RBM23,chr19_852578_852875,95.30183912,-
HNRNPA1L2,chr13_30618056_30621763,95.29557111,-
RBM42,chr13_113539507_113548302,95.2886414,-
SNRPE,chr3_15096710_15099034,95.28714698,+
LSM7,chr11_66003373_66003625,95.28310949,+
PPP1R10,chr3_130955790_130956103,95.27306076,+
EEF1G,chr3_9932703_9932952,95.27247576,+
RBM34,chr9_73162861_73165115,95.27027711,-
G3BP2,chr2_113625729_113626477,95.25570487,-
DDHD2,chr21_31685174_31685397,95.25220773,-
RBM18,chr2_55922939_55923710,95.25105516,-
NUPL2,chr4_76130749_76132522,95.2503909,-
LSM4,chr15_74929232_74937914,95.24562088,+
ZMAT5,chr7_12687728_12688168,95.23584886,+
SRRM2,chr12_124912434_124913118,95.23294787,+
ZC3H14,chr19_32582232_32584957,95.22606101,-
NAA38,chr19_39480961_39482884,95.22177945,+
NCBP2,chr7_64815653_64831450,95.22142728,+
RRP7A,chr17_16381515_16381901,95.21740216,-
RBM22,chr10_99747390_99754528,95.21370989,-
ASCC1,chr4_184697803_184702088,95.21341962,-
SAMD4B,chr14_103335932_103336676,95.20438781,-
PNPT1,chr19_41956934_41958285,95.19721945,-
ZRANB2,chr1_160207237_160211542,95.19323499,+
SNRPD2,chr17_42998831_43002672,95.19172382,-
HNRNPA2B1,chr3_50350984_50351342,95.19137714,+
LSM4,chr2_147975975_148020607,95.18598839,+
ALKBH8,chr1_179133374_179142932,95.18456131,-
HNRNPA2B1,chr16_763276_763626,95.17911029,-
TMEM63A,chr6_31536683_31540321,95.16756215,-
SAFB,chr15_69421752_69422325,95.16743764,+
MKRN1,chr8_98638560_98706466,95.16665493,-
SNRPC,chr10_32048551_32050309,95.16513808,+
SNRPN,chr5_71060930_71061687,95.16346116,-
DNAJC17,chr8_143824399_143828983,95.15187046,-
G3BP2,chr17_1365058_1400046,95.15042653,+
SRRM1,chr16_28489386_28491713,95.14982798,-
DGKH,chr17_58999459_59012327,95.13520191,+
TLR2,chr5_79641196_79642831,95.13108246,+
SFPQ,chr6_30640422_30642175,95.12955508,+
HNRNPD,chr20_58993675_58994109,95.12689855,+
EIF2S1,chr4_673966_674211,95.12608931,+
TNRC6A,chr11_833026_836062,95.12126925,+
SF3B4,chr1_111454356_111456085,95.11517529,+
DDHD2,chr8_22589741_22593732,95.11182334,+
EEF1G,chr10_56358148_56358376,95.11092636,-
SNRPD3,chr19_18437105_18437859,95.10960851,-
RBM22,chr8_104509074_104588818,95.10639602,+
PUM2,chr8_108241913_108242111,95.09356391,-
SAMD4B,chr7_73737110_73737561,95.09234885,+
RBM7,chr3_168040869_168041391,95.09222578,+
SAMD8,chr14_49626048_49628011,95.08357362,+
RBM15B,chr4_82900223_82900371,95.08353137,-
UHMK1,chr11_66284966_66285700,95.07642431,-
ZC3HAV1,chr11_75401733_75404019,95.05787105,-
GRSF1,chr1_954523_955922,95.05771976,+
ZC3H12C,chr17_30984760_30997241,95.05703074,+
SNRPB2,chr12_123267282_123272156,95.05641049,+
ANKS1A,chr8_69495926_69501873,95.0513662,+
ANKS1A,chr6_4996420_4999808,95.04231293,+
EIF3G,chr16_2020312_2020534,95.04195591,-
KIAA0020,chr19_1438892_1440025,95.04078937,-
PHC2,chr22_22304114_22306789,95.03638091,-
EIF3B,chr20_49230349_49231022,95.0321727,+
PUM1,chr1_155136376_155137978,95.03060706,+
ENOX2,chr2_58165874_58198578,95.02743638,+
SPEN,chr5_71038481_71041521,95.02304477,+
RNPC3,chr6_125248383_125257097,95.02047924,+
RBMX2,chr8_100948900_100951185,95.01886398,-
TIAL1,chr3_170178938_170181686,95.01613631,+
MBNL1,chr2_61158012_61162841,95.01238758,+
HNRNPF,chr6_159685033_159692660,95.01124372,-
DHX8,chr12_6534661_6534809,95.00906645,-
ZRANB2,chr4_41538350_41598919,94.99882999,+
LSM10,chr12_6567922_6568138,94.99593041,+
BFAR,chr16_67847456_67865101,94.99008787,+
MCTS1,chr11_93734660_93737063,94.98807217,+
ZC3HAV1,chr10_110130486_110133325,94.98716854,+
SNRPC,chr3_167734350_167734805,94.98276007,+
EPHA2,chr14_102233789_102250811,94.98267677,+
ZC3HAV1L,chr6_30688942_30690841,94.96783229,+
UNK,chr1_45334511_45339975,94.96160421,+
YTHDC1,chr14_96556413_96564954,94.96037927,+
DUS3L,chr6_31620858_31622689,94.95526953,+
LSM3,chr3_58306417_58310506,94.95130704,+
ELAVL1,chr17_72428298_72592202,94.94968189,+
CIRBP,chr5_57176400_57230845,94.94673093,-
RPS3,chr17_64500326_64502009,94.94644648,-
MBNL2,chr4_75648741_75653982,94.94073844,-
MEX3C,chr9_122286166_122291748,94.93930044,+
NUPL2,chr1_161157017_161157616,94.93837516,-
ALKBH8,chr8_144465096_144465207,94.92839466,-
GTF3A,chr2_130181830_130182626,94.92624682,-
LARP1B,chr3_155704264_155704535,94.92141483,+
RBM23,chr12_25215560_25225613,94.91788646,+
KIAA0020,chr19_58230462_58231771,94.91631312,+
ZC3H8,chr12_62325933_62335165,94.91249608,-
RBM19,chr7_99392876_99394032,94.90801911,-
HNRNPA0,chr15_34225658_34227692,94.89562178,-
RBM5,chr22_15777336_15778009,94.89526342,+
TRA2B,chr7_73687095_73690915,94.89523342,+
CNOT4,chr1_222815171_222835118,94.8938368,+
CIRBP,chr13_60112186_60163586,94.89277398,+
KIN,chr8_144105149_144105639,94.88534204,-
RRP7A,chr2_101859082_101859735,94.87680529,+
HNRNPA3,chr3_114056864_114056998,94.87257131,+
RBM4,chr9_75069102_75069894,94.86878401,+
ZC3H12C,chr1_70205780_70221611,94.8656469,-
LSM7,chr19_852578_852875,94.86370469,-
ARAP2,chr19_11123344_11129512,94.85678343,-
LSM10,chr18_35290391_35305975,94.8452646,+
PPIL4,chr3_132579056_132579491,94.84382562,+
ZRANB2,chr17_76726879_76732977,94.84366228,+
RBMX,chr7_22946163_22946951,94.83925856,+
THUMPD3,chr22_40951476_40964046,94.83521094,-
CIRBP,chr1_53889463_53889712,94.82596105,+
RPS3,chr3_37251484_37281957,94.82382514,+
CNKSR1,chr19_50798958_50802216,94.8216214,+
RBM28,chr12_49323752_49325500,94.82114046,-
PAPSS2,chr10_74398579_74589281,94.81968973,-
RBM12,chr19_49101471_49102113,94.81676572,+
HNRNPA0,chr8_48035061_48043032,94.81325996,-
PAPSS1,chr1_155060832_155061414,94.81076491,+
ZC3H12A,chr1_53947821_53951985,94.80877006,+
PPIL4,chr19_19034238_19042710,94.80860529,+
SNRPB,chr2_241315610_241324215,94.80506236,+
CPSF6,chr12_124912636_124913092,94.80450501,-
ZFP36L2,chr17_82621799_82643948,94.79802232,-
LSM10,chr16_2772102_2776992,94.79730353,-
LSM4,chr2_102764427_102775129,94.79712144,-
ELAVL1,chr6_33269819_33270198,94.79600368,-
FXR2,chr4_78930325_78939039,94.78892306,-
POLR2G,chr17_81892106_81893551,94.78506731,+
SF1,chr3_167720273_167734458,94.77448564,-
ZRANB2,chr1_201153959_201171489,94.76635973,+
HELZ,chr12_132945797_132956242,94.76572273,+
FXR1,chr5_134738792_134743986,94.76348146,-
LSM6,chr18_21622801_21623747,94.75691792,+
SNRNP35,chr5_69560242_69565099,94.75690826,+
PNO1,chr1_39480009_39484600,94.74919456,+
PNO1,chr3_184365226_184368176,94.74886988,-
TARDBP,chr1_184054863_184095689,94.73333394,+
RBM10,chr11_75401733_75404019,94.73076345,-
RBM26,chr19_54108395_54114441,94.72501662,+
SNRPB,chr16_75636547_75641563,94.72219598,-
SNRPE,chr1_161159678_161160619,94.71920343,+
PUF60,chr14_75053659_75061683,94.71853599,+
MBNL2,chr5_132488025_132490544,94.71794363,+
U2AF2,chr3_12503784_12516610,94.7124732,+
SF3B4,chr14_39319291_39326863,94.70611287,+
RBM34,chr7_74065732_74068656,94.69862167,-
SNRPN,chr15_69421752_69422325,94.6979782,+
UHMK1,chr11_35190065_35201081,94.69631251,-
MKRN2,chr3_15582989_15589539,94.69455212,+
LSM6,chr1_155067440_155069018,94.69196932,-
PABPC4L,chr19_52842151_52845178,94.69194213,-
DHX8,chr1_220079854_220089643,94.68733916,+
KRR1,chr17_64514358_64519320,94.68498303,+
SF3B4,chr2_27892448_27894532,94.68152233,+
RBM47,chr21_39347478_39348291,94.67794706,-
EEF1G,chr1_20780540_20786648,94.67101423,+
ZC3H13,chr6_4999904_5002100,94.66821549,+
EIF2S1,chr22_25448284_25453315,94.66395985,+
ARAP1,chr1_145893635_145895630,94.66368071,-
U2AF2,chr2_227340380_227352513,94.65653181,+
CIRBP,chr1_165649964_165651013,94.63918455,+
TIAL1,chr2_205766803_205776245,94.63219978,+
CSTF2,chr15_89247726_89258703,94.6309544,-
TAF15,chr17_3723383_3723687,94.62770075,+
ZC3HAV1L,chr11_319990_320112,94.62765785,-
ZC3HAV1,chr20_5111808_5112729,94.6229766,-
TIAL1,chr3_132579056_132579491,94.62117404,+
LSM10,chr12_45964188_45974189,94.618744,+
RBM4,chr15_48331191_48332267,94.61700387,-
KHDRBS3,chr3_63838499_63863771,94.61321522,-
ARAP1,chr1_46309127_46310154,94.61240665,+
HNRNPA0,chr1_954523_955922,94.61150219,-
SETD1A,chr13_37045376_37047534,94.61091101,-
HNRNPC,chr7_66076093_66082367,94.61009875,+
MKRN2,chr15_43800784_43801131,94.60762468,+
DGKH,chr21_25982477_25997359,94.60244929,-
PAPSS1,chr12_108562736_108564059,94.60031093,-
RBM12,chr7_91980333_91980872,94.59953484,+
CNKSR1,chr1_151365846_151366721,94.59831088,+
CPSF6,chr1_179131481_179142932,94.59750288,+
TRNAU1AP,chr5_65554946_65561496,94.59703797,+
WDSUB1,chr12_52244611_52245489,94.59534393,+
SNRPF,chr16_80980879_80997313,94.59110551,-
ZC3HAV1,chr8_85107399_85110114,94.58076503,+
HNRNPH2,chr19_40614446_40617099,94.57639917,+
THUMPD2,chr19_11345628_11346007,94.56741927,-
SRRT,chr14_55680741_55684098,94.56422662,-
RRP7A,chr22_42599793_42602769,94.55785183,+
CCAR1,chr12_53471807_53474868,94.55575614,+
SNRPB2,chr1_151254808_151263913,94.55569188,-
SNRPB2,chr12_124911952_124913548,94.55152848,+
KIAA0020,chr19_9158075_9158825,94.54464305,+
U2AF1L4,chr1_65425378_65427781,94.54403904,+
DGKH,chr9_129338917_129341831,94.54232918,-
SAMD8,chr4_155368812_155373135,94.54224084,+
HNRNPK,chr19_49866445_49866751,94.54016537,+
ZC3H7A,chr10_45972730_45982522,94.52180598,-
TLR2,chr9_17143376_17166817,94.51943397,-
ACIN1,chr19_54360072_54361009,94.51616213,-
RBMS1,chr6_139028875_139034158,94.5157398,+
ESRP1,chr7_99409004_99410036,94.50890511,-
ZC3H18,chr17_58999459_59012327,94.50677282,+
SNRPG,chr8_128070361_128096517,94.505053,-
ZC3H3,chr8_103403324_103407633,94.50471368,-
STIM1,chr2_32866812_32866889,94.50454469,+
LSM5,chr10_5786050_5796762,94.50254613,-
ANKS1A,chr5_150392176_150392707,94.49961725,+
WDSUB1,chr12_120563070_120563331,94.49631511,-
PABPC1,chr7_2239676_2242161,94.49241171,+
STARD13,chr17_42951894_42954875,94.49033817,+
RBM19,chr15_82756785_82756903,94.48977949,+
POLR2G,chr9_32558954_32572880,94.48743125,-
SLTM,chr13_37023044_37024034,94.48403538,-
CNOT4,chr15_41397140_41402446,94.48180316,-
LSM10,chr16_28489386_28491713,94.48054808,-
ZC3H15,chr6_3263759_3264208,94.47715222,-
SNRPB,chr5_88270585_88436272,94.4730963,+
RAVER2,chr3_49278451_49280743,94.47141865,+
MCTS1,chr6_18130780_18133803,94.46940696,+
ZC3HAV1L,chr1_173864704_173865228,94.46929771,+
LSM10,chr17_7308113_7309614,94.46789566,+
EIF4B,chr8_73830472_73870268,94.46703341,+
ZFP36,chr20_528049_543671,94.46629992,+
CCAR1,chr22_25448284_25455711,94.4632899,+
MBNL2,chr1_155054506_155055931,94.45580465,-
CCAR1,chr15_52557222_52569115,94.44680973,+
ZFP36L1,chr4_82881940_82890750,94.44566886,+
DUS3L,chr14_60734951_60753552,94.44006835,+
NCL,chr19_36007268_36008216,94.43759269,+
MBNL2,chr4_82844509_82845200,94.43430395,-
TIA1,chr11_126256852_126261427,94.43057421,+
RBM26,chr3_105550259_105552467,94.429294,-
RNPC3,chr7_99409004_99410036,94.42561067,+
QKI,chr7_105508520_105522051,94.42213031,+
ARAP1,chr10_99747390_99754528,94.41633684,-
RAVER2,chr20_2840827_2843133,94.41013174,+
PNPT1,chr22_46337944_46346421,94.40911755,-
DAZAP1,chr7_64815044_64831450,94.40371337,+
ZCCHC17,chr20_49094963_49096175,94.40309683,-
EPHB3,chr15_24962209_24967931,94.3995853,+
ZC3HAV1,chr21_17559131_17565427,94.39462219,-
PPRC1,chr9_83665145_83669184,94.39327458,+
PPFIBP1,chr13_37022317_37024034,94.39096288,+
CNOT4,chr20_45814470_45815853,94.39076604,+
SRRM2,chr17_28655483_28662045,94.38869503,-
HNRNPL,chr11_34624317_34642627,94.38867394,+
POLR2G,chr7_73737110_73737561,94.38382991,-
SAMD8,chr17_1714014_1716129,94.38038108,-
RBM33,chr4_15971082_15980421,94.37701644,+
EIF3B,chr22_29549158_29550727,94.3759207,+
HNRNPF,chr18_55229076_55232508,94.36850747,+
SLBP,chr14_58346505_58347646,94.36062266,+
PHC2,chr11_46617890_46618259,94.36025703,-
NUFIP1,chr7_7673453_7747993,94.35934782,+
HNRNPR,chr3_50109688_50110678,94.35707157,+
RBM15B,chr4_82946474_82984160,94.35484726,-
RBM47,chr14_94081449_94096855,94.35258787,-
RBM22,chr1_8015400_8015494,94.35141675,-
TRA2B,chr7_102667264_102668914,94.33984112,+
PPFIA3,chr7_90405612_90412643,94.33538168,+
SRRM1,chr6_106974754_106975368,94.33493545,-
RBM4,chr12_52057530_52058687,94.33157308,+
SAMD10,chr4_75917773_75918760,94.32800745,+
LSM4,chr12_47965345_47966682,94.31886142,-
KIN,chr2_46591925_46592474,94.31506649,+
SPEN,chr17_44320749_44321057,94.30911171,-
U2AF1,chr2_97164469_97167576,94.30746732,+
HNRNPA3,chr15_40810757_40812698,94.29515913,+
RC3H2,chr10_119160969_119162339,94.29298228,+
ZC3HAV1,chr2_215391814_215392930,94.29142973,-
RBMS2,chr12_48682065_48682186,94.28313605,+
ACO1,chr8_140948723_141001124,94.28088587,-
MCM3AP,chr1_220079854_220089643,94.28052434,+
HNRNPR,chr8_66566243_66566683,94.27934998,+
PHC3,chr7_74246763_74249738,94.27508633,+
EPHB4,chr4_76130749_76132522,94.26728596,+
RBM14,chr16_18789118_18789896,94.25934967,-
HDLBP,chr7_120955624_120966625,94.25355899,+
ZC3H14,chr2_106164799_106166055,94.25257663,+
ZGPAT,chr22_35746561_35759887,94.24945605,-
ZC3H12C,chr19_52300484_52373110,94.24431325,-
GRSF1,chr9_35660647_35660770,94.23885709,-
ZCCHC17,chr10_31387266_31461036,94.23884478,-
ZFP36L1,chr3_129288997_129298353,94.21614274,+
ZC3H13,chr17_1714014_1716129,94.2152476,+
SF3A1,chr10_75214070_75219062,94.20711819,+
BICC1,chr14_22833489_22834171,94.20641349,-
ZC3HAV1L,chr11_95882496_95888155,94.20538186,-
TNKS2,chr3_66221127_66243202,94.19939763,-
SF3A1,chr20_56390665_56392153,94.18923791,+
PNO1,chr7_99476480_99478273,94.18909959,+
MEX3D,chr3_14122086_14124654,94.17713185,+
HNRNPH2,chr2_173217250_173229688,94.17178755,+
MCM3AP,chr6_127327144_127343335,94.16611503,+
TIPARP,chr19_12680325_12681032,94.16005544,+
ZMAT5,chr2_119339971_119340158,94.15834054,+
ZFP36L1,chr1_228108474_228108954,94.15652076,+
RBM39,chr12_52248211_52248590,94.15461036,+
NIP7,chr17_76727213_76732977,94.14452128,+
LARP4,chr11_77842628_77872174,94.14076805,+
SNRPB,chr5_176352748_176359810,94.13558407,-
SRRM2,chr6_30640422_30640534,94.13473004,+
KRR1,chr11_65018733_65021720,94.13371551,+
SNRPD1,chr9_32558954_32572880,94.12567567,-
PABPC4L,chr18_23466276_23473428,94.12557682,-
CARHSP1,chr3_10115819_10125625,94.12515435,+
PUF60,chr2_215393203_215394527,94.12407202,+
ZC3H8,chr17_82483304_82483715,94.12202844,+
SART3,chr12_56158711_56159586,94.11882414,+
SNRPA,chr3_28294529_28316332,94.11757373,-
RBM38,chr12_122940284_122940806,94.10345376,+
TNKS2,chr22_37019774_37024191,94.10264066,+
MCTS1,chr18_59900714_59902646,94.10252705,-
UHMK1,chr19_38587817_38595484,94.10200216,-
HNRNPA2B1,chr15_41365863_41371526,94.0928044,+
LSM3,chr6_31728745_31730050,94.09139213,-
CARHSP1,chr3_9829395_9834680,94.087053,+
KIAA0020,chr17_7224393_7224483,94.07588681,-
RBM26,chr10_30434748_30438915,94.0721018,-
ZC3H15,chr5_39383271_39388798,94.06416313,-
KRR1,chr1_151760031_151760815,94.06334963,-
TRA2B,chr8_100705673_100709132,94.05697337,-
SNRPG,chr8_144520054_144520241,94.05450647,+
ZFP36L2,chr12_34024134_34024877,94.04992379,+
PPFIBP1,chr2_95956816_95958590,94.04676674,-
TROVE2,chr1_193059776_193075819,94.04453999,-
CSTF2,chr12_69362907_69370705,94.04044699,+
PABPC3,chr1_161323670_161340593,94.03996117,-
RNPC3,chr7_75415778_75415980,94.02949515,+
ELAVL1,chr22_24557800_24571915,94.02526055,-
PNO1,chr3_177098541_177160870,94.01358186,+
PNPT1,chr7_155302846_155303824,94.01314622,-
RBM39,chr4_55609179_55630401,94.01214467,-
PPP1R10,chr17_4942941_4944557,94.01159792,-
MTHFSD,chr5_132867035_132867487,94.01088683,+
TRA2A,chr7_72829783_72830750,94.0055414,+
HNRNPAB,chr1_45014836_45015336,94.00228154,-
RBM7,chr7_35831496_35832797,94.00124564,+
RBMS2,chr8_73959818_73969559,94.00071804,-
SASH1,chr14_74298069_74299547,93.99872361,+
SNRPG,chr12_6724818_6728222,93.98273808,+
DHX57,chr21_46649739_46664294,93.97979829,+
DHX8,chr7_88209452_88217121,93.97812755,-
ZRANB2,chr2_169812506_169819560,93.9752117,-
PAPSS2,chr4_77907210_77909265,93.97509717,+
ZC3H12A,chr5_179826291_179833031,93.96408651,-
PPP1R10,chr1_246999440_246999947,93.95515381,+
SNRPC,chr20_48963898_48965874,93.9550696,+
LSM4,chr7_102567083_102568009,93.9484176,+
ZC3H8,chr6_3155055_3155624,93.94580117,+
LEMD3,chr9_129108077_129109178,93.94303894,-
TDRKH,chr1_94540368_94540571,93.9351202,+
RNPS1,chr8_124495542_124504274,93.92753693,-
RBM3,chr2_97142668_97144517,93.92525459,+
DGKD,chr12_26914128_26916001,93.92352951,-
PHC1,chr20_36545068_36549076,93.92267159,+
POLDIP3,chr8_144791307_144791839,93.91668166,+
TIA1,chr7_6398718_6400125,93.91661155,+
APTX,chr4_75973391_75975743,93.91490304,-
PCBP1,chr14_60968397_60968558,93.91474562,+
RBM22,chr2_61017851_61021049,93.91445683,-
PPRC1,chr2_227340380_227352513,93.91112293,+
CNKSR1,chr20_54157289_54158085,93.90807444,+
HNRNPR,chr10_32345562_32346762,93.89922728,+
LSM7,chr12_104287346_104288930,93.89303912,+
G3BP1,chr14_64516751_64521486,93.8920851,+
NIP7,chr19_288171_291325,93.8899148,-
HTATSF1,chr17_75702571_75703807,93.88935388,+
CSDE1,chr4_1212426_1212912,93.88884891,+
SAMD4A,chr2_161160486_161161284,93.8838212,+
TIAL1,chr10_98430670_98433982,93.87774536,+
FUBP1,chr6_8430157_8435342,93.87691415,+
ZFP36,chr6_106971834_106973316,93.86973858,-
RBM34,chr20_25224157_25225161,93.86473441,+
PPFIBP1,chr3_142005544_142093060,93.86422545,+
ZCRB1,chr6_30741333_30742146,93.86368243,-
PAPSS2,chr8_63169411_63186146,93.86001754,-
ZC3HAV1L,chr3_169774097_169774264,93.85968878,+
PNO1,chr8_143739705_143739858,93.85957316,+
TRMT1,chr7_92131872_92134665,93.85946326,-
RNPS1,chr22_15791152_15815475,93.85857037,+
SAMD4B,chr3_37282272_37289234,93.85819626,+
SNRPA,chr3_157553340_157571176,93.85727017,+
PPP1R10,chr6_13326963_13328295,93.85045533,+
PPP1R10,chr15_76292700_76311349,93.84993486,+
CPSF6,chr3_4362254_4410864,93.8493544,+
TNKS,chr9_73154340_73158521,93.84892979,-
EIF3G,chr9_137576167_137576308,93.84133938,+
SEC23IP,chr2_111480061_111494884,93.84055883,-
SLBP,chr19_53866417_53869753,93.83684609,-
MYEF2,chr3_52075985_52122378,93.83391244,+
PUF60,chr1_86354859_86358786,93.83074002,+
PCBP2,chr20_62303045_62303567,93.83050796,+
RBM15,chr9_136850137_136850505,93.82982754,-
THUMPD1,chr11_33746059_33747129,93.82935105,+
RPS3,chr3_149059804_149060642,93.82390662,+
SAMD4B,chr8_128096654_128099369,93.82286011,+
LSM5,chr2_164959329_164960898,93.81413894,+
LSM6,chr22_19432859_19433264,93.81206511,+
NSUN6,chr10_119104197_119107947,93.80981866,+
RBM28,chr2_84906117_84906365,93.80690937,-
DAZAP1,chr22_40364365_40366435,93.80636369,+
STARD13,chr4_139678642_139703454,93.80555085,-
KIAA0020,chr1_39463686_39468614,93.80402177,+
SNRPA,chr7_100887859_100888053,93.80218401,+
PHC3,chr3_158650061_158652095,93.78842271,-
SAMD4B,chr17_49706309_49707729,93.78528807,+
CPEB4,chr9_17143376_17166817,93.77488766,+
SNRPB,chr16_89701233_89701627,93.77370823,+
RRP7A,chr17_7241679_7242240,93.77056527,+
SGMS1,chr3_15242253_15246731,93.77055994,+
RBM28,chr1_160305598_160305687,93.76941646,-
SNRNP70,chr5_139476454_139478269,93.76804604,+
EPHB4,chr8_73964629_73972244,93.76746776,+
RBM42,chr10_63264764_63380317,93.7642871,+
CPSF6,chr22_42087175_42090605,93.75527767,+
ANKHD1,chr4_185678822_185775226,93.75364168,+
MCTS1,chr9_87726398_87727593,93.74996962,+
SNRPE,chr17_78191060_78197134,93.74842957,+
ZCCHC17,chr2_232567214_232580903,93.74593977,-
ZFP36,chr17_82246433_82248874,93.74424042,+
ZC3H11A,chr8_17980755_17985446,93.74269119,+
ESRP1,chr19_48993902_48999318,93.73126938,-
SNRPD2,chr12_25215560_25225613,93.71849265,-
ZCCHC14,chr11_93733419_93734624,93.71803541,+
FXR2,chr14_64924126_64943298,93.7159434,+
SFPQ,chr1_28438430_28457831,93.71505984,+
STIM1,chr4_15971082_15979880,93.71272542,+
RBM22,chr16_28845055_28845313,93.70986804,+
SNRPD3,chr10_101782597_101783272,93.70895456,-
MBNL1,chr1_160224549_160225590,93.70637049,+
ASCC1,chr19_40081917_40083110,93.7026037,+
RBM14,chr19_14410334_14410547,93.7012895,-
DAZAP1,chr3_141913836_141915969,93.69724849,+
PCBP4,chr8_42472654_42541537,93.69707613,+
YTHDC1,chr1_86880725_86903280,93.69648798,+
SNRPD3,chr8_95032098_95034007,93.69158952,+
RBM15B,chr8_11826215_11831517,93.68738289,-
DAZAP1,chr15_43801187_43801517,93.68274674,+
HNRNPM,chr7_66086662_66087333,93.67708421,+
LSM2,chr2_113622161_113625608,93.67351125,-
EPHB4,chr6_125248383_125257097,93.66846087,-
CNKSR3,chr7_105118022_105125781,93.66405543,-
TEP1,chr7_105306571_105388647,93.65162641,+
ZCCHC14,chr17_44345605_44349157,93.63631877,+
LSM7,chr2_68053137_68062957,93.63473614,+
PCBP4,chr6_26538501_26539900,93.63306122,-
YBX1,chr13_45340184_45340711,93.6322577,+
POLDIP3,chr6_33272726_33275964,93.62975334,-
YBX1,chr1_212609271_212615017,93.62896617,-
SAMD4A,chr19_48944507_48944823,93.62578686,+
ZFP36,chr8_51899846_51946435,93.62307119,+
RBM12,chr2_3558998_3561316,93.6208479,+
KRR1,chr17_44218296_44219444,93.62013752,+
IREB2,chr8_143379985_143380064,93.6145366,+
SAMD8,chr4_78930325_78939039,93.61394642,+
ZC3H15,chr12_46367340_46370511,93.61248571,+
RALY,chr6_3155055_3155624,93.6074167,-
RBM34,chr12_124912427_124913567,93.60690776,+
HNRNPF,chr5_180467364_180483114,93.60308199,-
HNRNPM,chr1_86352208_86352858,93.59629669,+
PRR3,chr3_14946154_14948012,93.59395596,-
RNF113A,chr22_50784072_50785172,93.58511354,-
NUPL2,chr6_90536401_90547257,93.58266012,+
LARP7,chr8_66922392_66926197,93.57669954,-
ZC3H7A,chr10_79806122_79814612,93.57570155,-
ZC3H14,chr11_86270157_86276979,93.57491643,+
HNRNPA1L2,chr4_15668040_15681352,93.56496944,+
EIF4H,chr17_49706309_49707729,93.56412954,-
HNRNPA0,chr4_54232171_54258756,93.5621208,+
RBM47,chr20_35729362_35729461,93.55890246,-
RBM26,chr1_161323670_161340593,93.55781676,-
ELAVL1,chr1_39738923_39740164,93.5553254,+
ZMAT5,chr7_67306083_67308576,93.55295284,-
CNKSR1,chr12_108562736_108564059,93.55253703,-
LARP7,chr5_75354697_75355364,93.55170603,+
G3BP1,chr6_26127761_26138053,93.54624505,-
PRPF3,chr9_19378516_19378708,93.54299544,+
MKRN2,chr4_76124756_76144389,93.5427817,+
RBM10,chr22_20568631_20582610,93.5415903,+
SLTM,chr14_73058705_73064971,93.53741921,+
G3BP2,chr19_18903423_18904770,93.52962283,+
FUBP1,chr8_143586852_143597347,93.52675997,+
KHDRBS1,chr6_106971834_106974577,93.52371073,+
THUMPD1,chr2_30155910_30156627,93.52253173,+
GRSF1,chr8_66922114_66922323,93.5216234,+
ANKHD1,chr11_66284966_66285700,93.51645487,+
RBM5,chr3_50103166_50105076,93.5087405,+
STARD13,chr6_27127401_27132524,93.50862525,+
ALKBH8,chr7_107613732_107618327,93.50827623,-
HNRNPH2,chr3_167720273_167734431,93.50356342,-
YTHDF1,chr8_22539498_22540614,93.49367982,+
MKRN2,chr22_21611043_21614556,93.49019703,-
EIF4B,chr7_107169027_107179878,93.48774334,+
EPHB4,chr8_144426979_144428488,93.48430958,+
ZC3H13,chr6_30296237_30326353,93.47152253,+
ZFP36L2,chr3_170868387_170870158,93.46981896,+
PABPC4L,chr7_100321084_100328835,93.46785513,-
UPF1,chr7_157367483_157382248,93.46773815,-
SF1,chr12_53986686_53989168,93.46698851,+
PNPT1,chr15_22839790_22851638,93.46215246,+
NCBP2,chr11_68892993_68893321,93.46207786,-
SFPQ,chr1_35178036_35187000,93.45936197,+
PARN,chr19_2997955_3002352,93.45320938,+
PPIE,chr19_35745187_35745347,93.45134002,+
CSDE1,chr1_85582624_85582742,93.44566863,-
THUMPD2,chr3_4982375_4982835,93.44366393,-
NAA38,chr19_49927848_49929325,93.44355632,-
YTHDF1,chr22_46337944_46346421,93.44082042,-
DGKH,chr1_169793897_169794869,93.43683178,+
HNRNPA1,chr2_58046821_58048826,93.42875181,+
PARN,chr4_75654081_75655065,93.42556647,+
MBNL1,chr3_15098274_15099034,93.42040573,+
LRSAM1,chr19_42512479_42521266,93.41144836,+
RAVER2,chr7_66588580_66592256,93.40996645,+
MATR3,chr1_156055425_156057977,93.39069244,+
RBM4B,chr4_121677950_121681670,93.38789867,-
TRNAU1AP,chr2_61159439_61162841,93.38545638,+
RBM28,chr11_833026_836062,93.38080337,+
ZC3H11A,chr6_110997105_110997182,93.37983063,-
ELAVL1,chr19_35157617_35158343,93.37822428,-
CPSF6,chr2_30155910_30156627,93.37620758,+
RBMS3,chr3_58138529_58142649,93.37445698,-
GTF3A,chr8_48050508_48060681,93.3724818,-
CNKSR1,chr7_38179145_38207446,93.37036686,-
FXR1,chr7_27800090_27827737,93.3608644,+
YTHDC1,chr1_161157017_161157253,93.35995572,+
SHANK3,chr11_85981988_85983865,93.35926829,-
THUMPD3,chr3_12609335_12618514,93.33948086,-
TMEM63A,chr17_75267630_75268082,93.33518925,-
UHMK1,chr1_46309127_46310154,93.32881538,+
LSM1,chr13_113539507_113548302,93.32518013,+
DDHD2,chr8_73422702_73458676,93.32436927,+
RALY,chr5_140551169_140557146,93.32348314,-
RRP7A,chr4_82946474_82984160,93.31983213,+
ZMAT5,chr16_88658720_88660519,93.31787123,-
ZC3HAV1L,chr4_105703809_105708637,93.31501692,+
CPSF4,chr7_74243246_74249738,93.31397847,-
ZC3H6,chr1_85267949_85270617,93.30477179,+
RAVER1,chr11_16744684_16752784,93.30229385,-
RRP7A,chr1_161202480_161206406,93.29820804,+
RC3H1,chr1_155880620_155881197,93.2977921,+
HDLBP,chr1_241849027_241850408,93.29557528,-
PABPC1,chr12_49186833_49188976,93.29389941,+
RBM19,chr2_215393203_215394527,93.29353425,-
RBM34,chr2_61145196_61157861,93.28634945,+
MCTS1,chr1_224356993_224364108,93.28465906,-
SYNJ1,chr7_100098290_100098566,93.28401238,+
ZCCHC17,chr15_78545764_78548789,93.28241283,-
QKI,chr10_80172869_80205342,93.27944427,+
DHX8,chr22_29278216_29286922,93.2777549,-
ELAVL1,chr20_58891544_58891718,93.27539067,+
RNF113A,chr12_21501948_21512294,93.26476107,-
RNPS1,chr18_9595153_9614225,93.26453117,+
HNRNPD,chr7_151409382_151411669,93.26064049,+
TRMT2A,chr10_13675044_13693481,93.26046284,-
HNRNPAB,chr1_23798730_23799365,93.25860914,+
GRSF1,chr15_49625431_49631000,93.25523151,+
IREB2,chr4_56810184_56820535,93.25489597,+
BFAR,chr7_151055606_151056579,93.2525234,-
U2AF2,chr15_74923770_74929115,93.25231378,-
TRMT1,chr2_201136107_201136197,93.2481559,+
RBMXL1,chr10_91959154_91959784,93.24803705,+
HNRNPD,chr8_98722969_98749275,93.23972166,-
NCBP2,chr10_80079307_80081840,93.2361283,+
PCBP2,chr8_66444748_66447263,93.23381215,+
TRA2A,chr21_39178647_39180284,93.23380921,-
ANKRD17,chr16_87951515_87975047,93.22365068,+
ZFP36,chr3_15242253_15246731,93.20779144,-
TRNAU1AP,chr8_47935058_47935731,93.20142984,+
ZMAT5,chr10_80079307_80081840,93.19774755,-
RBM22,chr7_94628359_94655989,93.19009081,-
ZFP36L1,chr12_124913774_124914586,93.18932496,+
DLC1,chr7_103086764_103097276,93.1853558,+
DDHD2,chr9_136850137_136850505,93.18371034,-
ZFR,chr1_179133374_179142932,93.18081473,-
BICC1,chr17_78202751_78206910,93.17774119,+
NIP7,chr10_75111778_75150513,93.17613313,+
U2AF1L4,chr12_122980812_122981128,93.17334219,+
PAN3,chr12_45975734_45990352,93.1718683,+
TRA2B,chr21_17559131_17565427,93.17045116,+
G3BP1,chr11_406538_407061,93.16714724,+
RRP7A,chr8_116866761_116874309,93.16474148,+
PCBP4,chr14_61744813_61746933,93.16431589,+
APTX,chr10_124408965_124418872,93.14705653,-
THUMPD2,chr17_51161272_51166826,93.14691648,+
SNRPA,chr8_94726441_94738368,93.14687293,+
RBM15,chr12_46470262_46652389,93.14523851,+
CPSF6,chr8_48008470_48043032,93.14451773,+
ESRP1,chr10_26751783_26765217,93.14261623,-
PPFIA3,chr7_73686900_73690915,93.13535641,-
PAN3,chr1_2397220_2400856,93.13248093,-
SNRPB,chr7_122081595_122082787,93.1318754,+
MCM3AP,chr15_42548965_42559338,93.13182198,+
SNRNP70,chr7_106277179_106284347,93.1281283,-
RBM14,chr1_162796677_162797827,93.10825487,+
ZC3H7A,chr20_56388202_56391942,93.10636276,-
YTHDF1,chr8_66460090_66460307,93.10059334,-
LSM2,chr22_37019774_37024191,93.10048144,-
ZC3H12A,chr12_52057259_52058687,93.09924225,-
POLR2G,chr1_207337250_207337328,93.09832256,+
ZC3H15,chr14_67662535_67663028,93.09505979,-
POLR2G,chr7_2239676_2242161,93.09360765,+
HNRNPAB,chr17_7586838_7587160,93.09195754,-
SLBP,chr20_37289686_37301207,93.08657449,+
CNKSR1,chr4_145096111_145098130,93.08017347,+
ASCC1,chr1_162796677_162797827,93.07852743,+
SSB,chr2_101859864_101864929,93.07670478,+
HNRNPL,chr11_85628688_85629131,93.06954837,+
NOL8,chr13_27445156_27450063,93.0685229,-
RBMS1,chr17_82244831_82248874,93.06768185,+
SAFB,chr9_15306274_15307083,93.06684425,+
CNKSR2,chr2_61017851_61018161,93.06503176,+
TIA1,chr14_23069617_23071426,93.06403764,+
RBMXL1,chr1_211304140_211312719,93.06225181,+
UPF1,chr7_66076093_66082367,93.06042655,-
YTHDC1,chr10_98430670_98433982,93.05728828,+
HNRNPD,chr8_98032317_98033098,93.05170637,+
PNPT1,chr12_48816995_48823343,93.04775671,+
PTBP2,chr4_41538350_41598919,93.04001253,+
CSDE1,chr13_97357635_97391321,93.03718512,+
RRP7A,chr19_36114066_36114150,93.0366442,-
TROVE2,chr6_311962_345853,93.03524863,+
HNRNPA3,chr1_150441023_150443230,93.03506379,+
PRPF3,chr12_104019676_104049894,93.03420632,+
SSB,chr6_143165183_143187628,93.03308638,+
PPFIBP2,chr2_161160484_161179613,93.01397913,-
CNOT4,chr2_97194754_97200452,93.01049254,-
QKI,chr2_101859864_101864929,93.01034548,+
U2AF2,chr8_23566813_23568321,93.00992586,+
APTX,chr6_96896847_96897658,93.00628874,-
LSM7,chr7_105118022_105125781,92.99855702,+
SNRPD3,chr22_35746561_35759887,92.99750101,+
EPHB4,chr19_2234061_2235761,92.99586754,+
PPP1R9A,chr14_23071186_23071426,92.99540762,+
PPP1R10,chr8_100259246_100261541,92.98817614,-
LSM7,chr7_12640517_12644583,92.97428522,+
MCTS1,chr9_36573198_36581643,92.97043599,+
PHC2,chr2_60538549_60545970,92.96804569,-
EIF3B,chr2_43942803_43943686,92.96787792,-
MATR3,chr11_6682402_6683122,92.95819672,+
MYEF2,chr5_69175537_69177290,92.9569526,-
SNRPA,chr2_241268541_241272760,92.9551162,+
HNRNPH3,chr7_140351969_140352061,92.95192685,+
TOE1,chr1_161154070_161156949,92.94773171,-
SCMH1,chr14_70810291_70815110,92.94772109,+
EIF2S1,chr13_37022317_37024034,92.94638509,+
LSM1,chr8_123025050_123030604,92.9454717,+
SAMHD1,chr11_47425946_47426204,92.93974568,-
RBMS3,chr12_108562736_108564059,92.93621821,+
DNAJC17,chr1_39463686_39468614,92.93400824,-
ZGPAT,chr6_37170879_37171124,92.93003452,-
ZNF239,chr11_62854551_62855132,92.92711606,+
TRMT2A,chr2_182732542_182740298,92.92668914,-
EPHB3,chr3_42619708_42621428,92.92532942,+
SF1,chr3_143053794_143056311,92.92499698,+
TIA1,chr6_107264512_107274028,92.92272388,+
DAZAP1,chr15_84655404_84657175,92.91987024,-
MBNL2,chr6_13321095_13326786,92.91938005,+
PTBP2,chr16_88657247_88657435,92.91845943,+
SNRPD1,chr8_120432123_120443184,92.9026722,+
TIPARP,chr8_143739503_143739858,92.90224248,+
RBMX2,chr2_127850685_127858027,92.90168949,+
TMEM63A,chr4_75917773_75919908,92.89030573,+
LSM2,chr20_2658522_2659524,92.88579772,+
POLR2G,chr12_124912506_124913418,92.8831506,-
BICC1,chr17_82858667_82870223,92.87762498,+
LARP4B,chr15_80120498_80121747,92.87703938,+
NCBP2,chr8_55743620_55750963,92.86987568,+
HNRNPA3,chr17_31024426_31031559,92.86770554,+
FMR1,chr11_119011311_119011938,92.86423917,+
UPF3B,chr19_43596743_43597096,92.86387055,+
FXR1,chr16_2264760_2267662,92.85928516,+
PRR3,chr1_211312487_211312719,92.8573894,+
RNPC3,chr14_39265421_39276933,92.85322475,+
THUMPD3,chr19_49003334_49004206,92.84991603,-
HNRNPL,chr3_37251484_37281957,92.84901266,+
THUMPD3,chr13_49661208_49669776,92.8464693,+
NIP7,chr8_144518041_144519614,92.84549291,+
RPS3,chr14_70329236_70342657,92.83707931,+
ARAP2,chr7_99476480_99478273,92.83367067,+
RBM45,chr5_132866687_132866868,92.83015932,+
ZFR,chr3_100568967_100570608,92.83000022,-
SNRPD1,chr18_21622801_21623870,92.82645694,-
HTATSF1,chr3_130894337_130894707,92.82512963,+
ZC3H13,chr3_58306417_58310308,92.82306187,+
HNRNPD,chr6_85558060_85572136,92.82121777,+
PAN3,chr1_150282618_150283513,92.82002864,+
HNRNPA2B1,chr20_421153_422126,92.81937455,-
LSM2,chr1_155324809_155325101,92.81773431,-
ZFR,chr11_126256852_126261427,92.81536833,+
NAA38,chr1_156055425_156058314,92.81298035,-
TRA2A,chr3_9433562_9433844,92.81151356,+
SNRPD1,chr11_67353077_67353538,92.80628277,+
RBMS3,chr6_37371574_37376925,92.80456406,+
APTX,chr11_86270157_86276979,92.8026162,-
ZCCHC17,chr2_173363895_173363999,92.79161193,-
AKAP1,chr9_95080780_95086681,92.79160929,-
RRP7A,chr1_45616703_45618060,92.79074895,-
ZGPAT,chr6_37170879_37171124,92.78718273,-
RBM25,chr15_29719138_29719776,92.78230548,+
HNRNPC,chr7_112468115_112470898,92.7785702,-
SFMBT1,chr2_37376302_37384167,92.76199918,-
SAFB,chr7_141006535_141014910,92.76016783,-
RBM17,chr11_57762119_57794009,92.75390884,+
PUM2,chr16_5090565_5093483,92.747383,+
PCBP1,chr3_197142768_197194424,92.74641488,+
HNRNPF,chr20_35632025_35632310,92.74177174,+
RBMS3,chr15_43800784_43801517,92.7361905,-
ESRP1,chr1_155136376_155137978,92.73198171,+
LSM3,chr14_49602468_49603551,92.72752371,-
ZC3H13,chr3_9433950_9434276,92.72583621,-
HNRNPA1L2,chr1_19597109_19623473,92.72570474,-
UPF3B,chr10_26751783_26765217,92.71858264,+
PPFIBP1,chr17_78191060_78197134,92.71768613,+
PPP1R10,chr9_21971208_21993881,92.71284181,-
SRRM1,chr16_69711281_69714963,92.71064302,+
ZCRB1,chr20_49179244_49188115,92.70722864,+
ZC3H3,chr8_124495542_124504274,92.70293538,-
SFPQ,chr4_103096274_103098643,92.70194818,+
SRBD1,chr16_2205512_2206030,92.7005108,+
SNRPD1,chr17_81108509_81108967,92.69838487,+
DDHD2,chr10_87170974_87180074,92.6976533,-
EWSR1,chr2_209700338_209704449,92.69575605,-
ESRP2,chr16_75636547_75641563,92.69161366,-
RNPS1,chr2_206161132_206161345,92.68944256,-
RBM27,chr8_129760589_129760897,92.68903628,+
POLR2G,chr17_7241679_7242240,92.68537449,+
THUMPD1,chr10_73053590_73072028,92.68346523,-
PABPC4,chr11_833026_836062,92.68241447,+
PNPT1,chr5_70421771_70422112,92.67007748,+
SRRM2,chr2_169801026_169805664,92.66590475,-
HNRNPL,chr3_94063138_94064436,92.66344279,+
RC3H1,chr3_28294529_28316332,92.66121372,+
TROVE2,chr10_45972730_45982522,92.65970233,-
LSM5,chr19_54360072_54361009,92.65824636,+
SNRPB2,chr7_139340619_139345500,92.65758508,-
CCAR1,chr6_63636150_63646526,92.651558,+
ARAP1,chr18_55229076_55232520,92.64565642,+
RBM34,chr10_12172866_12177792,92.64423811,-
CHERP,chr19_48839263_48841148,92.63325165,+
RBM42,chr8_127855319_127890588,92.63319473,+
STIM2,chr7_74065732_74068656,92.62438954,-
MBNL1,chr8_132804032_132804611,92.62235965,+
RBM28,chr1_39738923_39740164,92.62219965,-
CSTF2,chr6_4999904_5002100,92.62212678,-
NAA38,chr6_12290693_12292343,92.61071276,+
ESRP1,chr11_36610239_36648015,92.60492133,-
SUPT6H,chr14_23081836_23090521,92.60414629,+
RBM26,chr5_160009190_160010499,92.60199396,+
PAPSS2,chr12_95474330_95476073,92.59206933,+
RNPS1,chr22_43159336_43161051,92.58987039,-
MCTS1,chr18_22178277_22181452,92.58604439,+
PRPF3,chr7_101240906_101251894,92.58289473,-
TIAL1,chr1_243286397_243304712,92.58132174,+
TAF15,chr2_85596649_85596856,92.5770418,-
EWSR1,chr7_128754455_128754528,92.57619244,-
ZC3H11A,chr1_28438430_28457831,92.5750011,+
FUBP1,chr13_26221330_26221781,92.57342341,+
HTATSF1,chr14_70810665_70815110,92.57276517,+
U2AF1L4,chr8_144890074_144890307,92.56979849,+
EIF3G,chr9_85941874_85942154,92.56880292,+
RBM23,chr20_349363_353209,92.56368885,+
RBM14,chr3_37251484_37281957,92.56036193,+
DHX57,chr2_46588179_46592474,92.55773043,+
EPHA2,chr4_75973391_75975743,92.5560661,+
SFPQ,chr15_90091644_90102275,92.55296594,+
LARP4B,chr11_77855482_77869721,92.55244441,-
ACO1,chr3_37121691_37129062,92.55199954,-
PNO1,chr19_49560692_49576758,92.55141299,+
SGMS1,chr4_2932153_2932599,92.54915904,-
LSM3,chr14_55148684_55150798,92.54725874,-
DHX8,chr20_37238449_37241302,92.54585649,-
NAA38,chr14_94081449_94096855,92.54567414,+
SAFB,chr18_79986750_79988239,92.54481984,+
APTX,chr19_36226073_36228747,92.54260022,-
LSM7,chr4_76130749_76132522,92.53552437,+
EPHA2,chr2_97204096_97204190,92.52363498,-
YTHDC1,chr8_67045960_67051229,92.52352551,+
FUBP3,chr19_40619493_40623603,92.51803113,+
NIP7,chr12_122980812_122981128,92.5170146,+
FUS,chr1_40074183_40078559,92.51114804,-
RBM47,chr15_80098578_80120327,92.5057156,+
MTHFSD,chr8_66460090_66460307,92.49889368,-
PPP1R10,chr12_49129722_49188976,92.4985493,-
MCM3AP,chr16_67082308_67098709,92.49559393,+
LSM7,chr3_194406116_194413758,92.49365699,-
SNRPA,chr12_49298037_49298284,92.49311002,+
TUT1,chr6_30296237_30326353,92.48670089,+
CSDE1,chr3_12609335_12618514,92.48447968,-
RBM14,chr5_163513669_163516517,92.47813272,-
GTF3A,chr8_67095732_67118247,92.47787264,+
UHMK1,chr1_87331814_87332012,92.4775511,+
CCAR1,chr17_38853105_38853697,92.47345816,+
SNRNP70,chr3_66221127_66243202,92.47104342,+
ASCC1,chr8_143616440_143616566,92.4622034,-
ZC3H11A,chr5_132866687_132866868,92.45810804,+
RRP7A,chr21_46635763_46636438,92.45446507,-
GTF3A,chr3_170145521_170171372,92.45298792,-
LARP4B,chr3_179601790_179604526,92.45198362,-
TEP1,chr14_39319291_39326863,92.45170587,+
HNRNPAB,chr12_124912180_124913320,92.45008417,-
EPHB3,chr3_177065022_177079826,92.44884732,+
PARP10,chr2_26034735_26093590,92.44656044,-
TNKS2,chr1_165635822_165649840,92.43530854,-
RBM34,chr6_90536401_90547257,92.42116475,+
UNK,chr13_75834387_75835151,92.41978618,+
G3BP2,chr4_2932153_2932599,92.41612022,-
PAN3,chr13_95560463_95602521,92.41298331,-
SNRPB2,chr11_72189759_72192165,92.41049654,+
HDLBP,chr17_64500773_64502009,92.39954145,+
RBM39,chr3_57577387_57583897,92.39842761,+
RBM42,chr8_144095228_144095832,92.39812184,+
G3BP1,chr1_117929924_117933287,92.39601689,+
SNRPA,chr19_35506185_35507457,92.38937555,-
U2AF1L4,chr13_75569507_75589937,92.38303639,+
TOE1,chr16_89949638_89954242,92.38074635,-
THUMPD1,chr5_53646405_53683117,92.37363183,-
PPFIA1,chr4_55364271_55369831,92.3712504,-
SFMBT2,chr4_82354154_82354894,92.36759903,+
DKC1,chr11_67586211_67586388,92.36465527,+
ZFP36L2,chr7_100051610_100056910,92.36263039,+
LSM2,chr6_122633367_122717786,92.35848812,-
PSPC1,chr1_156293209_156294017,92.35058069,+
ANKS1A,chr20_56388202_56390555,92.34626849,-
RBM34,chr15_74920442_74923647,92.3392011,+
HNRNPL,chr2_169812506_169819560,92.33606511,+
RBM5,chr2_61159439_61162841,92.33332088,+
ZC3H4,chr8_53752469_53756554,92.32664399,-
DLC1,chr9_129632801_129634053,92.32546665,-
HNRNPA0,chr2_176270419_176296859,92.32523527,-
ESRP2,chr7_99560695_99563862,92.32441991,-
CPEB2,chr6_122778574_122780290,92.32385473,+
RBM26,chr19_18900449_18903267,92.31968473,+
U2AF2,chr19_10679927_10681018,92.31965209,-
PPARGC1A,chr1_235135767_235136033,92.3099502,+
NUPL2,chr7_44647534_44666735,92.30467316,+
PCBP2,chr12_124911899_124912127,92.30205433,-
ZC3H7A,chr12_124912180_124912408,92.30154726,+
HNRNPK,chr1_155054506_155055931,92.29935769,+
PTBP2,chr9_32987731_32988082,92.29889012,+
EPHA2,chr7_155302846_155303824,92.29180408,-
NCBP2,chr8_55743620_55750963,92.28992227,+
MCTS1,chr1_28017239_28027788,92.28357665,+
SNRPE,chr11_66002570_66003625,92.28147915,+
SRRM2,chr7_128739432_128747552,92.27754534,-
HNRNPF,chr3_57896371_57896510,92.26102904,+
YBX1,chr13_75804541_75817160,92.26022915,+
ESRP2,chr16_69749630_69754593,92.25671122,-
SNRPN,chr3_158650061_158652095,92.25044787,+
YTHDC1,chr20_528049_543671,92.23652421,+
PUM2,chr20_44582731_44589796,92.2252356,+
HNRNPA0,chr19_43774619_43780702,92.22464822,+
ZC3H12A,chr8_73969673_73972076,92.2223984,-
RBM12,chr8_143616440_143616566,92.21656359,-
NUPL2,chr8_56216531_56216679,92.2147872,-
RBMS2,chr7_117222062_117222860,92.21457611,+
ANKS6,chr12_50138617_50143073,92.21412862,-
SASH1,chr7_92536474_92536850,92.20916215,-
ANKS1A,chr6_30296237_30326353,92.20843576,+
RBM23,chr14_77327552_77329122,92.20485292,+
RBMXL1,chr7_66775393_66783671,92.20308567,+
SNRPC,chr22_23894568_23894771,92.20177305,-
RBM33,chr8_124495542_124504274,92.20116746,+
HNRNPA3,chr1_151907406_151909359,92.19872569,+
SNRPD2,chr6_311962_345853,92.19168836,-
TRMT2A,chr16_80978415_80980769,92.18766294,-
POLR2G,chr13_49661208_49669776,92.18387212,+
SUPT6H,chr12_108564155_108564278,92.18330965,+
RBMX2,chr14_61744813_61746933,92.18065308,-
DUS3L,chr4_55364271_55369831,92.17552829,+
PPIE,chr12_53034724_53037408,92.17530724,+
EPHB3,chr4_82844509_82845200,92.16970705,+
RBM3,chr6_24716324_24718539,92.16171162,+
HNRNPA3,chr1_46686870_46689586,92.16154915,+
LARP4B,chr11_66055315_66055537,92.14834568,+
HDLBP,chr19_48939701_48944823,92.14589345,+
ESRP2,chr14_23561635_23562287,92.14463614,-
SGMS1,chr1_28407463_28438272,92.14351205,-
HNRNPM,chr1_150294449_150308047,92.14129688,+
DDHD2,chr8_143739503_143739858,92.13935779,-
PPRC1,chr3_9433562_9433844,92.13538733,+
RBMS2,chr1_153535360_153536116,92.12764448,-
PRPF3,chr5_131162676_131165094,92.12763316,+
HNRNPD,chr11_61430182_61445940,92.12510986,-
EPHB3,chr11_103081004_103082747,92.120057,+
PAN3,chr6_122633367_122717786,92.11347644,-
LARP1,chr14_59479351_59483808,92.11016419,+
G3BP2,chr2_200419496_200440648,92.10575044,+
ZGPAT,chr3_183833589_183840569,92.09396881,-
PUM1,chr4_82426129_82426462,92.09336822,+
SLTM,chr2_113931396_113969410,92.09082938,-
PNPT1,chr3_138163494_138167080,92.08415012,+
PABPC1,chr10_75214070_75219062,92.08035277,+
ESRP2,chr4_75917773_75919908,92.07815419,+
SUPT6H,chr18_47111786_47112976,92.07574349,+
TTC14,chr11_77842628_77872174,92.07323745,+
PSPC1,chr4_55600575_55607297,92.07322696,+
SNRPA,chr2_173217250_173229688,92.04402803,-
PPIL4,chr12_46362638_46363725,92.03469724,-
LSM3,chr8_63017630_63024079,92.03277382,-
PPRC1,chr17_41893174_41897748,92.0310439,+
MYEF2,chr9_36589652_36597221,92.0303977,-
RBM15B,chr11_47476959_47477296,92.02609803,+
PABPC3,chr6_137875035_137875835,92.02046705,-
TUT1,chr3_13348847_13351878,92.01946269,+
CPSF6,chr2_175181466_175181655,92.01357708,+
DGKH,chr1_1503661_1509204,92.01051337,-
SAFB2,chr19_12668617_12669353,92.00881551,-
SUPT6H,chr1_150282618_150283513,92.00841683,+
PABPC3,chr22_20568631_20582610,92.00316894,+
SNRPE,chr17_73209768_73232085,92.00205267,-
LSM1,chr1_151316509_151327270,91.99883312,+
CSDE1,chr11_10806047_10807254,91.99727204,-
PPP1R10,chr17_4942941_4944557,91.98857429,-
EIF3G,chr12_95252071_95256549,91.98843166,-
LARP1,chr17_7586838_7587160,91.98102195,-
MSI1,chr1_155318332_155318855,91.97848193,-
ZC3H3,chr7_73736691_73737561,91.96382287,+
RNPS1,chr12_46254936_46268525,91.96314648,+
HNRNPR,chr22_41584058_41584526,91.95816091,+
CHERP,chr20_44943579_44951832,91.95133953,-
ACIN1,chr5_57176400_57230845,91.94969583,-
SNRPB2,chr7_95406247_95409900,91.94780372,+
PRPF3,chr11_111910449_111910633,91.94114852,-
EIF3B,chr16_763276_763644,91.93706585,-
EIF4B,chr1_153627598_153631010,91.9328983,+
ZC3H15,chr1_145926886_145927017,91.93137158,+
TIA1,chr18_62163656_62186843,91.92804288,+
CPSF4,chr1_160224549_160225590,91.92535134,+
RBM22,chr7_95406247_95409900,91.92110332,-
ZC3H4,chr9_162469_172080,91.9158348,-
ZFP36L1,chr14_35110629_35121901,91.9142449,+
ANKRD17,chr5_181239582_181240215,91.91097274,-
HNRNPC,chr2_131682988_131684708,91.90470413,+
ZC3H12A,chr19_54110121_54114437,91.90403424,+
ZFP36L1,chr9_73151912_73158521,91.89734539,-
POLR2G,chr7_72829783_72830750,91.89012191,+
SNRNP70,chr10_27531615_27532506,91.88939435,+
TNRC6A,chr6_31620858_31622726,91.88856494,+
LSM10,chr1_155241180_155244505,91.88680246,+
PRPF3,chr1_173864704_173865509,91.8857695,-
RBM15,chr2_113931396_113969410,91.88505323,-
ZCCHC17,chr20_5115572_5118768,91.88185337,-
NCL,chr1_154173201_154182987,91.88107835,-
SNRPG,chr7_105203785_105388647,91.8787908,+
ZC3H18,chr1_145623160_145623592,91.8758677,-
MEX3A,chr9_162469_172080,91.87407037,-
SFPQ,chr3_37355187_37366079,91.87049357,-
PABPC4L,chr21_32457720_32467695,91.87013436,-
RBM23,chr15_76292700_76311349,91.86574566,-
FUBP1,chr6_37170879_37171124,91.86492174,+
SNRPF,chr20_35735081_35738967,91.86480033,+
PRPF3,chr6_42884750_42886255,91.86214228,-
SNRPB,chr1_151762500_151763326,91.86124919,+
CPSF6,chr6_96896847_96897658,91.86083997,+
PABPC4L,chr1_154220975_154225083,91.85322614,+
DUS3L,chr12_113159112_113161269,91.85218016,+
RBM14,chr4_103050382_103066326,91.8442185,-
TROVE2,chr19_44782491_44790003,91.84265922,+
RBMX2,chr1_148937864_148960653,91.84257723,+
CIRBP,chr1_53878722_53888906,91.83681631,+
DAZAP1,chr9_106860213_106923353,91.83468848,+
ENOX2,chr19_36218195_36225953,91.8318965,+
ZFP36L2,chr17_76726879_76732977,91.83065801,+
RBM26,chr3_105550259_105552467,91.82991024,-
YTHDC2,chr3_101681215_101682428,91.81624768,+
CNKSR1,chr6_116571655_116572857,91.81213383,+
LSM1,chr19_49866445_49866751,91.81083605,+
RBM4,chr16_56935312_56936686,91.80737118,+
HNRNPA1,chr5_139293805_139314674,91.80516631,+
RBM7,chr7_107169027_107179878,91.80239472,-
LSM6,chr7_103326684_103327331,91.78685762,-
SASH1,chr3_38125881_38126509,91.78169854,-
STARD13,chr1_144459036_144459365,91.77817755,+
THUMPD2,chr12_14425473_14434339,91.76762475,+
RBM42,chr10_103392466_103396408,91.76606066,+
G3BP2,chr19_46839578_46850133,91.76386466,-
MKRN2,chr22_42599793_42602769,91.76169968,+
FXR2,chr6_5002245_5003585,91.76008837,+
RBM4,chr17_15260761_15265153,91.75705637,+
BICC1,chr1_150293898_150308047,91.75639621,-
NCBP2,chr5_77441898_77449759,91.75282779,+
TRMT2A,chr8_125083258_125091614,91.75195635,-
ZRANB2,chr2_95106457_95108253,91.74851562,-
YTHDC1,chr3_196496471_196502872,91.74567939,+
MYEF2,chr6_36886028_36899425,91.74250652,+
RBM39,chr4_55609179_55630401,91.74063829,-
CCAR1,chr12_124913111_124913339,91.73056953,+
RBMS2,chr3_27404963_27409355,91.72821462,+
RBMS2,chr15_90091644_90102275,91.72813148,+
RBM33,chr17_42951894_42954875,91.72054066,+
PCBP1,chr7_107186681_107190172,91.71874751,+
PPP1R10,chr9_65731867_65733509,91.71581731,-
GTF3A,chr16_88810148_88810422,91.71501687,+
YTHDF1,chr1_156333643_156335826,91.70837692,-
SF3A1,chr16_57641708_57650252,91.70633772,+
ANKS1A,chr7_99560695_99563862,91.69319727,+
KIN,chr17_36486785_36492812,91.69022613,-
EPHB4,chr12_51049185_51052091,91.69016732,+
RBM42,chr1_954082_954463,91.68714589,+
EEF1G,chr5_136132962_136153591,91.6859279,+
DGKD,chr8_63172798_63175330,91.68502569,-
MCTS1,chr8_27833133_27837709,91.68140754,-
TIPARP,chr1_112705123_112707077,91.67827422,-
ZFP36,chr3_37171066_37174538,91.67388239,+
U2AF2,chr1_1756882_1757180,91.66011556,+
PCBP2,chr19_58246427_58246745,91.65689725,+
HNRNPA2B1,chr17_7626793_7627142,91.65474254,+
LSM1,chr15_88902231_88905756,91.65353915,+
PSPC1,chr9_87726308_87727593,91.65179253,+
STIM1,chr1_151264918_151265393,91.65155496,-
TARDBP,chr14_23026375_23033367,91.64982956,+
RBM42,chr7_87900878_87907187,91.64613912,-
LSM5,chr19_49446794_49447023,91.64589214,+
RC3H2,chr22_19471808_19479082,91.64569344,-
SNRPF,chr18_22934159_22936753,91.6394619,+
SGMS1,chr3_15242253_15246731,91.63818211,+
RBMXL1,chr10_72220379_72230365,91.63426691,-
RRP7A,chr7_64522500_64562924,91.63036895,+
TRA2A,chr1_94901785_94902120,91.62888933,+
SF3A1,chr15_90966653_90969446,91.62026543,-
SSB,chr6_90536401_90547257,91.61990025,+
PPP1R10,chr11_76458358_76463820,91.61963273,+
CARHSP1,chr2_55302072_55308808,91.61769318,+
SNRPF,chr12_112013609_112022149,91.61157702,-
ZCCHC14,chr3_184243630_184244600,91.61152056,+
EIF3G,chr15_84655404_84657175,91.61044225,+
HNRNPA3,chr8_94432656_94458267,91.61011026,+
ZGPAT,chr4_75981545_75981932,91.60957886,+
ELAVL2,chr7_87900878_87907187,91.60842618,+
PAPSS2,chr10_3135838_3137542,91.60372646,-
EWSR1,chr11_18266443_18266883,91.59818432,-
RNPC3,chr19_19033930_19042710,91.59795499,+
RBM42,chr5_141973742_141978302,91.5955069,-
HNRNPD,chr2_101859082_101859735,91.58975344,+
RBM17,chr2_130341944_130342133,91.58777147,+
MBNL2,chr21_32457720_32467695,91.57704163,+
TRMT1,chr11_118757287_118759921,91.57219171,+
SCMH1,chr4_119217673_119235289,91.56804885,+
STARD13,chr3_194406116_194412198,91.56500399,+
THUMPD1,chr5_69509819_69534693,91.56426041,+
RBM15B,chr11_10806047_10807254,91.55999066,-
LSM5,chr13_75804541_75817160,91.55698031,+
RBM14,chr2_9420100_9422478,91.55532952,-
SAFB2,chr17_44320749_44321057,91.54881279,-
LARP1B,chr1_86348878_86352858,91.54765045,+
RBM10,chr5_75687328_75689011,91.54616158,+
RBM15,chr5_36177292_36183839,91.5445013,+
YTHDC2,chr16_28487541_28489289,91.54008863,-
SSB,chr19_48935111_48936031,91.53369592,+
RBM42,chr2_69363670_69374005,91.5320307,+
PABPC4,chr1_161072885_161073719,91.52318271,+
PTBP1,chr6_31728745_31730050,91.52007821,-
NIP7,chr14_24232847_24233218,91.51997683,+
PABPC4,chr1_40766974_40769355,91.51997371,+
SNRPC,chr6_36540207_36547189,91.50901129,+
MEX3C,chr10_13172480_13172624,91.50621931,+
SRRM1,chr1_174752354_174811831,91.5044044,+
NOL8,chr8_47893387_47900372,91.50398179,+
LARP4,chr22_41622086_41636112,91.50164023,-
THUMPD3,chr7_38178420_38179089,91.49801171,+
TIAL1,chr13_110880112_110883552,91.49528576,-
RBM25,chr11_119017545_119018281,91.49468774,-
PPIL4,chr12_34024134_34024877,91.49436215,+
CNOT4,chr19_52814426_52817943,91.49154485,+
MATR3,chr17_38853105_38853697,91.49154235,+
SART3,chr9_70344269_70346604,91.48862218,-
EPHB3,chr7_106277179_106284347,91.48743723,+
SNRPC,chr12_14425473_14434339,91.47639312,+
MKRN2,chr18_59900235_59900427,91.45096365,-
EIF3G,chr2_127850685_127858027,91.45051817,+
NAA38,chr2_68053137_68062944,91.44915662,+
EPHB4,chr2_3575350_3575600,91.4449615,-
ZCRB1,chr11_94479761_94485927,91.44390182,+
SLTM,chr14_23026375_23033367,91.44385487,+
SRRM2,chr14_102086378_102086985,91.44315619,+
U2AF2,chr1_145926886_145927017,91.4378976,+
LSM6,chr5_71065222_71067493,91.42410622,+
NUFIP1,chr10_30337031_30340225,91.41581943,-
ELAVL1,chr3_138188530_138221925,91.41280848,-
LSM4,chr19_4327385_4329960,91.40783138,-
EIF2S1,chr19_43655573_43656478,91.40407729,+
RBMX,chr11_308438_309017,91.40211854,-
CPSF4,chr1_28438430_28457831,91.4020329,-
PNO1,chr21_39347483_39348291,91.40004857,-
EIF2S1,chr12_25215560_25225613,91.39991825,+
SF3B4,chr11_119019317_119021759,91.3811376,-
RBM3,chr6_34757551_34762594,91.37148361,-
ZC3H7A,chr17_64500773_64501056,91.37111597,-
HTATSF1,chr11_126256852_126261427,91.36600651,-
THUMPD2,chr5_171910797_172006457,91.36020755,+
RBM8A,chr12_108562736_108564059,91.36010603,+
SGMS1,chr12_6652770_6652935,91.35934939,+
RBMXL1,chr7_6392041_6398661,91.35663034,+
RBM12,chr8_144105149_144105639,91.35660428,+
SASH1,chr9_32558954_32572880,91.35412878,-
SART3,chr12_109561329_109561419,91.34126292,+
UHMK1,chr1_160305598_160305687,91.33249321,-
PARN,chr22_15791152_15815475,91.32836036,+
ZFP36,chr3_47277379_47282139,91.32441084,+
THUMPD2,chr7_103326684_103327331,91.32387389,+
KIN,chr2_100993527_100995399,91.32190849,-
RNF113A,chr1_25904738_25905851,91.32135974,-
TNKS,chr11_95788563_95790155,91.32010026,+
LARP4B,chr10_73252037_73252469,91.31764502,+
ZNF74,chr5_138166108_138167933,91.31755138,+
RC3H2,chr2_9587509_9591391,91.31352515,-
RBMS1,chr4_26321048_26386352,91.309521,+
CSTF2T,chr15_69421752_69422325,91.3009964,-
PNPT1,chr2_85616456_85619219,91.30057746,+
SNRPB2,chr22_42070366_42070762,91.29074103,+
PTBP2,chr6_33710851_33711548,91.2825568,-
LSM4,chr1_26934419_26941456,91.28038396,-
PCBP2,chr17_75286802_75289353,91.27704902,-
ACIN1,chr10_15097766_15102217,91.27004232,+
SF3B4,chr3_48295235_48296726,91.26576443,+
RBM18,chr2_24068459_24074075,91.2629316,+
ANKS6,chr19_40617020_40619346,91.26093765,-
ZNF638,chr16_46663162_46671704,91.26014783,-
SLTM,chr3_12609335_12618514,91.25686627,-
SRRT,chr19_7920549_7921422,91.25505944,+
EIF4B,chr16_29994843_29995102,91.24751233,-
FUS,chr5_70725287_70749576,91.24496323,+
MEX3C,chr19_54360072_54361009,91.2436834,-
TNRC6A,chr14_59479351_59483808,91.24348415,+
ANKS6,chr13_100449305_100527674,91.24263585,-
CNOT4,chr7_22946163_22946951,91.24087306,+
DKC1,chr1_6232119_6234885,91.23679295,+
NUFIP1,chr21_46649739_46664294,91.2366882,-
RBM15B,chr8_54000050_54002891,91.23143432,+
RBM39,chr16_31201841_31202416,91.23107323,+
SAFB,chr1_173864304_173865509,91.22804504,-
NOL8,chr9_92229126_92240642,91.22659524,-
SAMD4B,chr8_144465096_144465207,91.21808271,+
YTHDC1,chr4_68320205_68322748,91.21778169,+
ZC3HAV1,chr8_140511646_140515125,91.21766006,-
ACIN1,chr17_7931149_7931730,91.21558959,+
LSM10,chr13_113636700_113640119,91.20676148,+
THUMPD1,chr5_134632195_134632727,91.20540828,+
PAN3,chr9_14088326_14112998,91.20162962,+
SRRM1,chr3_186784696_186786163,91.20152401,-
KIAA0020,chr10_103392283_103392381,91.20044939,-
TTC14,chr2_119339971_119340158,91.19968581,+
RNPS1,chr12_42161765_42210354,91.19396377,+
TRNAU1AP,chr11_65018733_65021720,91.19242719,-
SLTM,chr11_86264263_86276979,91.18718238,+
RBM42,chr16_1961258_1961496,91.18710978,-
HNRNPC,chr19_36689497_36694801,91.18475847,+
RBMX,chr12_102039975_102044104,91.18138559,+
CHERP,chr8_60591969_60618579,91.17255238,+
SNRPC,chr18_21622801_21623870,91.16978312,-
SNRPG,chr2_135641790_135645378,91.16742241,+
PTBP2,chr19_41957119_41958285,91.1391487,+
RBM22,chr6_30061669_30062223,91.13893473,+
RBMX2,chr17_42567655_42568836,91.13490994,+
PUM2,chr1_151224279_151224370,91.13046412,+
SEC23IP,chr6_36494637_36496710,91.12905231,-
MKRN2,chr7_107169027_107179878,91.12801098,+
EPHB4,chr6_36494637_36496710,91.12206305,+
SNRPG,chr4_82900223_82900371,91.12009852,+
RBM38,chr21_29009692_29019210,91.11869818,-
SSB,chr8_54010492_54021525,91.11629616,+
CSTF2,chr19_47130858_47143493,91.11206684,-
RBM7,chr13_27440449_27441016,91.1097539,-
TROVE2,chr10_45972730_45982522,91.10858026,-
EPHB4,chr7_106277179_106284347,91.10855648,-
LSM5,chr8_109339390_109340443,91.09872623,-
YBX1,chr4_184681015_184682247,91.0971367,+
ZFR,chr1_193018820_193021096,91.09450609,-
LSM10,chr7_74246763_74249738,91.08431575,+
TNRC6A,chr1_70228555_70231858,91.08406399,-
ZFP36L2,chr3_190514219_190556129,91.08386743,-
RBM22,chr18_11885816_11886916,91.06934995,+
MBNL2,chr7_74249829_74252428,91.06506002,-
PPIL4,chr3_49362626_49368427,91.06304376,+
RBM17,chr19_49542752_49543161,91.06087616,-
ESRP1,chr2_55302072_55308808,91.05986426,+
LARP1,chr9_136850560_136850754,91.05508269,+
FXR1,chr3_101681215_101682428,91.05075303,+
STARD13,chr3_98521703_98522848,91.04930332,-
HNRNPK,chr6_26124749_26127697,91.04428999,+
FXR1,chr3_197554713_197555780,91.03656125,+
ZCRB1,chr9_122286166_122291748,91.03429599,+
ZNF638,chr3_184363574_184364965,91.03316173,-
RRP7A,chr17_67338621_67339394,91.02696002,+
KIAA0020,chr10_15097766_15102217,91.02509957,+
SNRPB2,chr4_55364271_55369831,91.02112524,+
PPP1R9A,chr12_53986686_53989168,91.01909931,+
PTBP1,chr16_30985297_30985483,90.99409457,-
PCBP4,chr2_210016257_210016506,90.99285939,+
ZC3H13,chr2_9587509_9588164,90.9873375,+
SNRPB,chr8_127794734_127795893,90.98379041,-
IGF2BP2,chr12_46254936_46268864,90.98248704,-
MCTS1,chr2_215391814_215392930,90.98058351,+
SAMD13,chr18_9595153_9614225,90.98010005,+
PNO1,chr12_122224748_122225964,90.96752057,-
SFPQ,chr4_55364271_55369831,90.962143,+
SNRPC,chr8_23566813_23568321,90.95683401,+
TUT1,chr6_96896847_96897658,90.95670072,+
NCBP2,chr13_49663195_49691253,90.95219317,+
POLDIP3,chr1_162796677_162797827,90.9464728,-
MATR3,chr3_9918075_9918499,90.94308517,+
ZC3HAV1,chr11_3001248_3001961,90.9416852,+
TRA2B,chr2_102387000_102390055,90.94092477,+
SRBD1,chr11_47172333_47173425,90.93928033,+
HNRNPD,chr7_112462378_112465614,90.93816428,-
RBM3,chr11_105041719_105043482,90.93351811,+
LSM2,chr1_204537497_204538208,90.93343556,+
HNRNPA3,chr3_113014032_113019541,90.93028753,+
CARHSP1,chr7_66086662_66087333,90.92916818,-
RALY,chr7_99411186_99411749,90.92360575,-
PARP10,chr2_127848185_127858027,90.91800519,+
LARP4B,chr2_10784326_10784933,90.91233858,+
TRA2B,chr20_2659793_2660067,90.9084379,-
HELZ,chr8_54135391_54136510,90.90444182,+
CIRBP,chr18_12311053_12329145,90.9042543,+
RBM34,chr10_72216072_72220053,90.90300787,+
HNRNPD,chr12_124911952_124913548,90.90197566,-
PRR3,chr4_76124756_76144389,90.89642657,-
SNRPD3,chr12_122218397_122224644,90.89439859,-
ZCCHC17,chr3_150544498_150546051,90.89068759,-
PAPSS2,chr5_154865385_154871729,90.88657756,-
ZC3H4,chr8_144518041_144518748,90.88641848,+
NAA38,chr6_89080973_89083752,90.88433235,-
LARP7,chr7_94598963_94600645,90.8799504,-
RBM17,chr2_97219246_97224808,90.87645135,+
PRR3,chr3_38139028_38140387,90.86584532,-
SAFB,chr2_87455645_87480222,90.85932328,+
CSTF2T,chr1_243186072_243186258,90.84619733,+
HNRNPL,chr11_62761904_62762866,90.84129485,+
NAA38,chr2_159762993_159767283,90.83233098,+
YTHDF3,chr1_155308965_155312254,90.82783456,+
RBM25,chr10_87170974_87180074,90.81667287,+
HELZ,chr14_92030776_92033191,90.81590691,+
ZCCHC17,chr19_55279705_55280034,90.81448259,+
ASCC1,chr11_93754037_93757315,90.81262199,+
ZRANB2,chr19_2234061_2235761,90.81034412,-
PABPN1,chr17_51161272_51161727,90.80707511,+
PTBP1,chr6_30741333_30741791,90.80694635,-
TNKS2,chr1_155128069_155131338,90.80462361,+
SYNCRIP,chr17_72431224_72592202,90.79318463,+
HDLBP,chr11_314356_314921,90.76863806,+
PABPC4,chr8_69495926_69501873,90.7651395,-
RBMXL1,chr18_9475691_9512990,90.7600792,+
SNRPF,chr2_65344896_65366589,90.75769271,+
NCBP2,chr16_56609057_56609262,90.75611281,+
PTBP2,chr11_319990_320564,90.75330185,+
ZC3H15,chr11_85983973_85996825,90.74441972,+
SNRPB,chr14_103335932_103336676,90.73395182,-
MKRN2,chr8_101201743_101205434,90.73046864,+
WDSUB1,chr19_54108395_54114441,90.72720426,+
ZC3H3,chr2_61017851_61021049,90.72680951,+
TRMT1,chr8_80003180_80029904,90.72593329,+
FXR2,chr8_132804032_132804611,90.72523429,-
PPP1R10,chr17_41893174_41897748,90.72489761,+
RBMS1,chr14_74946275_74946378,90.72411324,+
HDLBP,chr3_20184034_20186058,90.72336235,-
HNRNPC,chr5_177087033_177089549,90.72265168,+
CARHSP1,chr6_44247195_44248629,90.72167266,+
CIRBP,chr19_1269410_1270866,90.72067805,-
PCBP1,chr1_25351693_25356792,90.71873905,-
GRSF1,chr19_49659833_49661947,90.71732648,-
SAFB2,chr12_52244611_52245489,90.71001381,+
LSM6,chr12_120470104_120496415,90.70657123,-
PARP14,chr11_66438259_66438709,90.7012322,-
ZC3H15,chr2_105384941_105386360,90.70053096,-
PPIL4,chr1_46686870_46689586,90.69403175,+
U2AF1L4,chr7_97022287_97024268,90.68811013,-
LSM6,chr4_183651323_183655880,90.68770559,-
SF3B4,chr2_108621461_108659604,90.68497186,+
RBM34,chr8_143379985_143380061,90.68377314,+
LSM2,chr19_32582232_32584957,90.68340848,-
LARP4,chr18_22934159_22936753,90.67492547,+
RPS3,chr1_165768269_165768481,90.67489838,-
NUPL2,chr17_7016525_7016909,90.67376418,-
PTBP2,chr1_150293898_150308047,90.67322965,-
TNKS2,chr3_170178938_170181686,90.67320881,+
SRBD1,chr16_31093482_31094556,90.6712697,-
DKC1,chr16_1963256_1964448,90.66150722,+
LSM3,chr10_27171083_27173117,90.65868809,-
PHC1,chr12_124913111_124913339,90.65422231,-
CIRBP,chr5_134206131_134225208,90.65338062,-
NONO,chr1_86384801_86386914,90.65266993,+
ZFP36L1,chr12_52057530_52058687,90.64857007,+
EEF1G,chr1_228082850_228097077,90.64553476,-
SAFB,chr10_31461237_31466426,90.64418463,-
MYEF2,chr3_52075985_52122378,90.64187835,+
PPFIA3,chr1_23044486_23050386,90.6408254,+
LARP4B,chr15_90088747_90090478,90.64037706,+
PCBP1,chr4_15480827_15481196,90.64008587,+
SPEN,chr17_75168401_75181056,90.63998955,-
PSPC1,chr2_58046821_58048826,90.63815625,-
IGF2BP2,chr1_211312487_211312719,90.63655015,+
POLR2G,chr17_7626793_7627142,90.63032787,-
NAA38,chr1_155067440_155069018,90.62341692,-
HTATSF1,chr13_75569507_75589937,90.62250765,-
LSM10,chr2_61145196_61157861,90.62185703,-
LSM1,chr11_66284966_66285700,90.6214481,-
SLTM,chr8_56216531_56217330,90.61708623,+
NUPL2,chr9_36573198_36581643,90.61536941,-
RBM3,chr5_160009190_160010499,90.61460523,+
HNRNPF,chr2_222646996_222648739,90.6133879,+
YTHDF1,chr18_63331901_63338799,90.61217991,+
SEC23IP,chr1_150492489_150497529,90.61012757,-
PHC1,chr10_102402159_102402254,90.60416275,+
LSM4,chr20_45333069_45348324,90.58989315,-
SNRPE,chr2_99147122_99147401,90.58958124,+
SFPQ,chr19_43652371_43655438,90.58537952,+
AKAP1,chr1_145925927_145926050,90.58427437,-
TRMT2A,chr10_94545907_94546376,90.58195357,+
EIF2S1,chr4_121678494_121681670,90.5756204,+
FUBP1,chr14_58274010_58274096,90.57396739,+
KHDRBS1,chr2_19898035_19901705,90.57184113,+
HDLBP,chr15_78542219_78544189,90.56216166,-
DLC1,chr7_74884524_74885022,90.55805233,+
HDLBP,chr1_28027926_28035543,90.55721726,+
TRA2B,chr15_80098578_80120327,90.5556978,+
ESRP1,chr1_87331814_87332012,90.55327255,-
PSPC1,chr2_169812506_169819560,90.53160681,-
MCM3AP,chr19_14396473_14397657,90.52969627,+
ZFP36,chr7_74065732_74068656,90.51616457,-
TROVE2,chr18_9195698_9204475,90.51342858,+
SNRPF,chr16_69749630_69754593,90.51199793,-
PPARGC1A,chr10_121974081_121974389,90.50431068,-
PAPSS2,chr8_89902837_89909566,90.50177647,+
EPHB4,chr7_99409004_99410036,90.49349004,-
UPF1,chr20_25218614_25222837,90.48989395,-
EEF1G,chr17_49413291_49414739,90.4870663,-
LARP4,chr5_134206131_134225208,90.48682087,+
KRR1,chr13_114286629_114287312,90.48421743,+
SRRM2,chr19_12668617_12669353,90.48124183,-
ANKHD1,chr6_33701420_33710694,90.47865125,-
RBM8A,chr13_30461533_30461638,90.47714457,+
MEX3A,chr7_112462378_112465614,90.47299595,+
TRNAU1AP,chr16_89948814_89949416,90.47143095,+
LSM7,chr7_148757150_148759547,90.47055026,+
ANKRD17,chr12_8650589_8654436,90.46870385,-
G3BP1,chr12_56644955_56645170,90.46113753,+
PPFIA3,chr3_42619708_42620015,90.45859137,+
SEC23IP,chr8_27752587_27762418,90.45501497,-
MSI1,chr1_155060832_155061414,90.45441811,+
SAFB,chr16_74299745_74300114,90.44920242,-
RBMS3,chr20_284081_290258,90.44889479,-
SNRPE,chr3_10115819_10125625,90.44388863,+
LARP1,chr3_194406116_194412198,90.43901291,+
PHC3,chr16_2264760_2267662,90.43755426,+
RBM25,chr5_71060930_71061687,90.43118681,+
ACIN1,chr10_43644801_43646059,90.43116723,+
ZC3H4,chr10_80172869_80205342,90.42729758,-
HNRNPAB,chr12_111889000_111890039,90.4271331,+
YBX1,chr6_3155055_3155624,90.42644252,-
ZNF638,chr17_7931149_7931730,90.42595388,-
U2AF1,chr7_148757150_148759547,90.42562901,+
GTF3A,chr17_81551203_81551927,90.42074441,+
CPSF6,chr1_39563741_39564422,90.41793586,+
RBPMS,chr3_14122086_14124654,90.41741001,+
HNRNPH3,chr5_163467748_163469640,90.4158068,+
RBM25,chr22_37019774_37024191,90.4098401,+
ZCRB1,chr1_161209931_161210303,90.40795449,-
NUPL2,chr16_11896782_11897839,90.4039114,+
STARD13,chr3_29281756_29434745,90.40360466,+
SAFB2,chr2_97538363_97541910,90.40307563,+
LARP1B,chr10_72102967_72128081,90.3996481,+
ZC3H14,chr6_26127761_26138053,90.39823461,+
SRRM2,chr1_86880725_86903280,90.39712965,+
SCMH1,chr11_72189759_72192165,90.39556964,+
NOL8,chr7_76510737_76510902,90.3941852,-
PUM2,chr3_13348847_13351878,90.39364893,+
TNRC6A,chr4_184697803_184702088,90.39313497,+
YTHDF3,chr1_151540426_151562584,90.39280224,+
MCTS1,chr17_8382315_8383156,90.3922768,+
TAF15,chr8_144096029_144096123,90.38663656,+
SCMH1,chr1_86868102_86880661,90.37200403,+
RBPMS,chr5_77489572_77491192,90.37167283,-
TNKS,chr19_13774903_13778051,90.37142791,-
TRMT2A,chr15_22839790_22851638,90.35881087,-
UNKL,chr14_64516751_64521486,90.35706262,+
SAFB2,chr12_122218397_122224644,90.3531389,+
PTBP1,chr3_108057533_108058336,90.35145687,-
SCMH1,chr18_9204544_9208656,90.34743901,-
DUS3L,chr1_27897121_27906927,90.3470562,-
LSM4,chr20_52098587_52105131,90.32998206,+
ZC3H12A,chr8_116938567_116948513,90.32916634,-
PRPF3,chr6_33417695_33417870,90.32502222,-
HELZ,chr8_27752587_27762418,90.32382772,+
LSM3,chr15_90982745_90984017,90.32051493,-
RALY,chr5_6652008_6653446,90.31835458,+
EIF3G,chr9_68264514_68268933,90.31590942,+
ELAVL2,chr1_39463686_39468614,90.31480904,-
NAA38,chr8_58434504_58445906,90.30497419,-
UHMK1,chr3_149009402_149026759,90.2991511,-
DKC1,chr3_131001344_131016151,90.29677632,+
SAMD8,chr12_69362907_69370705,90.29324577,-
THUMPD3,chr3_138163494_138167080,90.28755364,+
QKI,chr10_80454371_80468546,90.28206149,+
TNRC6A,chr20_36545068_36549076,90.28023576,-
LSM5,chr3_172816837_172818547,90.27934355,-
SNRNP35,chr19_43511566_43527096,90.27632219,+
GRSF1,chr10_12172866_12177792,90.26870316,-
PRR3,chr20_49159146_49174194,90.25772787,+
SF3B4,chr1_6186816_6192946,90.25641368,-
THUMPD3,chr15_80059809_80098415,90.25607406,+
SNRPD3,chr19_6731314_6731472,90.25456032,+
RC3H1,chr19_38587817_38595484,90.2509741,-
PARP14,chr11_105043545_105044391,90.24661853,+
EPHB3,chr5_134738792_134743986,90.24653738,+
PABPC3,chr22_39317021_39317460,90.24588243,-
HDLBP,chr2_177216940_177219036,90.23898722,+
RBM17,chr2_97164311_97164396,90.23579939,+
SNRNP35,chr12_121652808_121659190,90.23547848,+
THUMPD2,chr2_39755960_39757247,90.23279227,+
YBX1,chr3_160412849_160413472,90.22583724,-
NUPL2,chr21_31685174_31685397,90.22278679,+
SART3,chr2_95938901_95938986,90.22075147,-
CARHSP1,chr17_49413291_49414739,90.21745663,-
G3BP2,chr8_144827609_144837390,90.21706024,+
PRR3,chr2_130182452_130190468,90.20016163,+
WDSUB1,chr11_67240369_67243008,90.19152041,-
MCTS1,chr17_42316851_42317181,90.1905584,-
TIAL1,chr10_79806122_79814612,90.1877421,-
EIF4B,chr5_177136030_177191883,90.18528894,+
CSTF2T,chr7_38178420_38179089,90.18343551,-
TRA2B,chr1_29216685_29220837,90.18076243,+
EIF3B,chr2_135742594_135748266,90.17855931,-
LSM7,chr19_45164970_45178134,90.17667422,+
MATR3,chr10_98430670_98433982,90.17261872,+
PPFIBP2,chr7_120955624_120966625,90.1700596,-
RBM18,chr17_75574260_75574452,90.16593281,+
STARD13,chr19_12668617_12669127,90.16577248,+
RBM15,chr10_103174982_103181230,90.16260663,+
SRRM1,chr3_9813345_9817644,90.15589391,+
HNRNPD,chr12_123267282_123272156,90.15132361,+
SLBP,chr10_49942300_49952125,90.14872942,+
HNRNPM,chr7_90405612_90412643,90.14799469,+
ASCC1,chr1_184054863_184095689,90.1435314,-
SNRPF,chr18_55279656_55321669,90.14195187,+
APTX,chr7_94598963_94600645,90.14193525,-
ASCC1,chr7_155298027_155298258,90.13620141,-
NOL8,chr2_99337589_99360235,90.13605779,+
ZC3H13,chr13_20732121_20757454,90.12303442,+
HNRNPH3,chr8_119745036_119746704,90.12050841,+
SAFB2,chr2_97142668_97144517,90.11846396,+
NONO,chr7_42924797_42932117,90.11611904,-
LSM2,chr3_138163494_138167080,90.11338227,-
ZC3H15,chr3_177098541_177196339,90.10379264,+
DKC1,chr3_13343303_13351878,90.09947426,+
SGMS1,chr14_103921208_103921469,90.09491226,-
SLTM,chr20_13808902_13814417,90.09373391,-
PPP1R9A,chr3_149657309_149657824,90.08951275,+
RBM25,chr7_112468115_112470898,90.08801914,-
SSB,chr2_17540182_17592069,90.07615197,-
SCML1,chr12_111840477_111841683,90.07420031,-
NUPL2,chr2_27428731_27433253,90.07292724,+
LSM10,chr9_5361888_5436568,90.07276799,+
LSM7,chr8_143580632_143581053,90.07209341,-
ZC3H11A,chr1_160224549_160225590,90.07121712,+
NAA38,chr18_62161385_62186843,90.06900942,+
ZC3H4,chr17_42951894_42954875,90.06815922,+
TROVE2,chr2_135641790_135645378,90.0674057,+
LSM4,chr11_114439675_114443855,90.05670653,-
DAZAP1,chr1_193018820_193021096,90.05379976,+
TIA1,chr2_156326274_156326717,90.05034671,-
DKC1,chr13_37023044_37024034,90.04549359,+
SF3B4,chr6_158637894_158644681,90.04532598,-
TROVE2,chr1_162796677_162797827,90.04180666,+
RBM3,chr10_112433281_112433540,90.02749367,+
SNRPG,chr1_99970644_99993536,90.02645399,+
LSM5,chr13_52456607_52461057,90.02627296,-
SNRNP35,chr5_176384254_176385220,90.02451034,-
ZC3H12A,chr3_50350984_50351342,90.01406021,+
EIF2S1,chr13_30461533_30461638,90.01354239,+
U2AF1,chr17_81110959_81115769,90.01297145,+
EPHA2,chr17_50737479_50740305,90.00619505,-
SNRPN,chr6_31536683_31540321,90.00599793,-
MEX3C,chr1_161212654_161213379,89.99940108,-
PPP1R9A,chr16_85801278_85804940,89.99881452,-
MKRN1,chr10_73072180_73074807,89.99808321,-
RBM18,chr5_178211970_178214795,89.99096007,+
SAMD12,chr12_52055022_52056029,89.98271529,-
PAPSS2,chr17_39200349_39201212,89.98213436,+
RBM14,chr4_121814047_121816143,89.97231646,-
MCM3AP,chr15_90984140_90994406,89.97017418,-
RNPC3,chr15_92883186_92885514,89.96317692,+
RBM26,chr1_54043525_54052999,89.96202943,-
HNRNPR,chr19_50007826_50016023,89.96154809,-
KIAA0020,chr6_13326906_13328295,89.95217606,+
PARP12,chr2_61017851_61021049,89.93905947,+
RBM15,chr10_73824084_73837467,89.93697125,+
YTHDC2,chr20_35632025_35632310,89.93620602,-
STARD13,chr19_36689497_36694801,89.92727958,+
RC3H2,chr4_103098802_103099782,89.9211224,-
HNRNPD,chr6_30346564_30346712,89.91901243,-
TROVE2,chr10_47551952_47553328,89.91811055,+
SNRNP70,chr12_53986686_53989168,89.91395398,+
ZCCHC14,chr1_28530573_28531802,89.9030525,-
PABPC4,chr14_21263336_21263666,89.90068885,-
PCBP1,chr16_88811656_88812033,89.9003337,-
MKRN3,chr6_108223045_108260825,89.88396054,+
ZC3HAV1,chr2_101859082_101859735,89.8674729,+
PRR3,chr3_190514219_190556129,89.86515421,+
TIA1,chr19_2269744_2271390,89.86249089,-
SNRPC,chr6_34757551_34757911,89.86187734,+
U2AF1,chr3_129506549_129507664,89.85461138,+
HNRNPA0,chr2_113465173_113482176,89.85306826,-
ZC3H12A,chr9_21971208_21995300,89.85210577,-
LSM1,chr2_130182452_130190468,89.8479514,-
HNRNPH3,chr9_77210675_77211212,89.84231557,+
ARAP2,chr12_133101053_133105509,89.8420267,+
ANKHD1,chr15_80120498_80121747,89.84150514,+
RBM3,chr11_102320006_102321836,89.84144661,-
CSDE1,chr2_232567214_232580903,89.84103198,-
BFAR,chr9_32987731_32989758,89.83768904,-
HNRNPA2B1,chr1_211304140_211312719,89.8372919,+
TLR2,chr3_168036994_168041391,89.83708588,-
CSTF2,chr4_169713295_169717791,89.82723627,+
EPHB4,chr4_76124756_76148307,89.8229396,+
QKI,chr1_954523_955922,89.81343336,-
LEMD3,chr17_81683126_81683592,89.80654808,-
MEX3A,chr19_19202047_19202330,89.80652821,-
SF3A1,chr3_158588924_158592433,89.80355883,+
RPS3,chr1_1399685_1400157,89.80081154,+
ZNF638,chr17_1369741_1400046,89.79984095,-
HNRNPAB,chr19_49860336_49860565,89.7986572,+
CCAR1,chr11_96387613_96389364,89.79800106,+
MBNL2,chr1_98701903_98760053,89.79534764,+
LARP4B,chr2_9588328_9591391,89.78448755,+
TIAL1,chr3_50332154_50337904,89.77557874,+
PHC1,chr3_53852997_53856843,89.77175216,-
EIF4H,chr2_97207839_97207933,89.76329234,+
TRA2B,chr22_41622086_41628117,89.75777627,+
PUM2,chr19_49491547_49491730,89.75659161,-
MBNL3,chr1_175018576_175023271,89.74480538,-
LARP1B,chr2_210016112_210016203,89.74119773,+
RBMXL1,chr7_99560695_99563862,89.73648712,+
RBM3,chr19_52801702_52808006,89.73511371,+
SNRPF,chr13_49110406_49114654,89.73047956,+
ZC3H12A,chr16_88806674_88807050,89.72936775,+
SART3,chr8_73688813_73746782,89.72731014,-
KIAA0020,chr2_37082383_37083288,89.72582009,+
POLDIP3,chr18_59155807_59158631,89.72080126,-
EIF4B,chr3_98521703_98522848,89.71671303,-
YTHDC1,chr3_129451998_129463559,89.71151894,+
CCAR1,chr22_40364365_40366435,89.70604739,-
HTATSF1,chr20_30377425_30379584,89.70147935,+
STARD13,chr9_136850560_136850754,89.69767841,-
RBM3,chr12_101617243_101629433,89.69518549,+
SNRPN,chr12_124912427_124913339,89.69181713,+
MKRN2,chr14_21263336_21269297,89.68617021,+
LARP1B,chr6_27138681_27145972,89.68042187,-
RBMX,chr4_82426633_82427189,89.67607722,+
DAZAP1,chr22_41584058_41584526,89.67118178,+
ZCCHC14,chr3_37146627_37148893,89.66667557,+
RBM23,chr21_46636990_46643531,89.66660605,+
ACO1,chr8_129761008_129762625,89.66573015,+
PHC3,chr19_48325610_48326829,89.66170623,+
ZC3H11A,chr6_31728745_31730050,89.65959737,+
HNRNPL,chr18_62161385_62186843,89.65321678,+
FUS,chr18_9102797_9103091,89.6455347,-
LARP1B,chr2_95910445_95910539,89.64272114,+
ZC3HAV1L,chr2_65089070_65097970,89.64230091,-
SRRM1,chr6_36886028_36899425,89.62816965,+
CIRBP,chr9_129108077_129109178,89.62270787,+
RBM24,chr12_56158415_56158683,89.6219452,-
SAFB,chr14_96556413_96562818,89.60815319,+
STARD13,chr3_9390497_9391488,89.60252677,+
LARP1,chr8_93917079_93922015,89.60131981,+
HTATSF1,chr1_155309076_155310042,89.59998316,-
EEF1G,chr20_37236709_37238401,89.59734937,-
U2AF1L4,chr22_25448284_25455711,89.59269003,+
SNRPD3,chr13_60112186_60163586,89.59125508,+
RC3H1,chr13_48976177_49006151,89.59105221,+
RBM22,chr11_77855482_77869721,89.58237569,-
PABPC1,chr20_2461939_2462635,89.58028101,+
LARP6,chr7_64522500_64543706,89.57264823,+
EIF2S1,chr1_25340579_25342960,89.57173541,+
DUS3L,chr19_36573525_36574820,89.57022395,+
PNO1,chr2_159762993_159767283,89.56809269,+
HNRNPR,chr19_10928440_10928584,89.5641098,+
DKC1,chr3_170145521_170171372,89.5626471,+
SNRPC,chr12_16354378_16363794,89.55798123,-
ESRP1,chr20_57351358_57354031,89.55422032,+
MEX3C,chr9_33026616_33029884,89.55319561,-
LARP1,chr2_38746747_38747061,89.55210646,-
TOE1,chr2_95935644_95938986,89.54883007,-
RBM10,chr10_15097766_15103304,89.5471074,+
HNRNPAB,chr6_27710889_27713003,89.54369823,+
PPIE,chr10_119160969_119161054,89.53874394,+
RC3H1,chr11_68688100_68688852,89.53608896,-
SCMH1,chr3_167735812_167789110,89.52563535,-
EIF4H,chr9_68258569_68259346,89.51657505,+
PCBP1,chr2_119339971_119340158,89.5156345,+
LEMD3,chr1_46686870_46689586,89.51358452,-
EIF2S1,chr4_121677950_121678414,89.50985594,+
GRSF1,chr3_158588924_158592433,89.50560885,+
UPF1,chr2_101887261_101887777,89.50539441,-
TRA2A,chr2_100993527_100995399,89.50124763,-
NONO,chr1_228082850_228097077,89.49878398,-
UHMK1,chr2_9587509_9591391,89.49736439,-
PNO1,chr12_56645353_56645836,89.49166449,+
CNOT4,chr19_1269410_1270866,89.48612625,-
DGKH,chr4_16076118_16083664,89.48524175,+
IGF2BP3,chr3_195967990_195968218,89.48226181,-
YTHDF3,chr3_75673238_75675763,89.4760557,+
PARP10,chr19_14396473_14397657,89.47257844,+
CNKSR1,chr10_14881645_14896845,89.46799964,+
THUMPD2,chr8_140948723_141001124,89.4603851,-
SF1,chr1_155172628_155172737,89.45770779,+
KIAA0020,chr7_151409382_151411227,89.45559336,+
RBM15,chr1_228146938_228147409,89.45439726,+
IGF2BP2,chr9_33026616_33029884,89.45417393,-
PCBP2,chr1_150441958_150443230,89.45232412,+
RBMX,chr16_56609057_56609307,89.4490307,-
RPS3,chr16_2020312_2020534,89.44897214,-
LSM6,chr8_48008470_48049852,89.44069962,-
DKC1,chr15_90088747_90090478,89.43946399,+
HELZ,chr12_46189071_46196724,89.43770164,-
FUBP1,chr11_115399513_115504270,89.43689696,+
SUPT6H,chr20_36545068_36549076,89.43268561,-
THUMPD2,chr16_5090565_5093483,89.42758309,+
RBM8A,chr2_9588328_9591391,89.42744438,+
LARP4,chr3_27409530_27411641,89.42538265,+
RNPC3,chr16_89873859_89878460,89.42485862,-
IREB2,chr1_246999440_246999947,89.42331381,+
ANKRD17,chr8_144412946_144413236,89.4220276,+
LARP1B,chr11_105041719_105044391,89.4206455,+
ZC3HAV1,chr9_87726253_87727593,89.41533376,+
SNRPD2,chr1_179083053_179087910,89.41501972,-
TRA2A,chr7_74246763_74249738,89.41133847,+
TRNAU1AP,chr3_183833589_183840569,89.40991499,+
SNRPB2,chr8_144774605_144778037,89.40925204,+
CHERP,chr12_111889000_111890039,89.40773231,-
HELZ,chr13_19852190_19863449,89.40507616,+
PUM1,chr3_10301374_10304025,89.401007,+
PUM1,chr19_1615520_1615685,89.40081707,+
ZGPAT,chr7_135363186_135393917,89.40075522,+
ZFP36L2,chr14_58247832_58252123,89.39527821,-
RBM5,chr4_78930325_78939039,89.39065449,+
CPSF4,chr5_1798947_1799770,89.38930086,+
FUBP1,chr1_155308965_155309788,89.38531366,-
RNPC3,chr3_58306417_58310506,89.37826264,+
LARP4,chr1_95234315_95246541,89.37190938,+
PPFIA3,chr12_132945797_132948147,89.36819574,+
ZC3H15,chr2_227325427_227332418,89.36592349,-
EIF3B,chr15_89244033_89247628,89.36591272,+
HNRNPA1L2,chr11_85982003_85983865,89.36455319,+
TRMT2A,chr15_29701689_29704161,89.35392536,-
MKRN1,chr12_49323752_49325500,89.3531609,-
RBM18,chr4_41261800_41263224,89.35128607,-
SCMH1,chr4_76130749_76132522,89.3492927,-
RBMX2,chr12_124912427_124913339,89.33781376,-
SFPQ,chr12_122224748_122225964,89.3370358,+
IREB2,chr8_143739705_143739858,89.33393304,+
CASKIN2,chr1_108657579_108660962,89.3338506,-
KRR1,chr6_116571655_116572857,89.32528344,-
EPHA1,chr3_15240853_15242177,89.32490712,-
UHMK1,chr1_169324469_169367707,89.32239473,+
EIF3G,chr12_48142066_48143752,89.31430134,+
ZCCHC17,chr7_22946163_22946951,89.31389009,+
LSM5,chr5_43555999_43556818,89.31376742,+
RBM5,chr12_110492122_110496011,89.31058565,-
RC3H1,chr3_9689082_9697710,89.30910547,+
PARN,chr5_43307824_43313355,89.30794382,+
PCBP1,chr8_73964629_73972244,89.30618976,+
SYNCRIP,chr14_60092419_60114699,89.30449591,+
SUPT6H,chr3_28263380_28294433,89.30416727,+
DKC1,chr1_109421926_109426419,89.30262967,-
PABPC4,chr19_5679763_5680054,89.29534645,-
ZC3H4,chr19_39480961_39482884,89.2900096,+
TRMT1,chr17_7308113_7309614,89.28771971,+
PDCD11,chr3_9792705_9797658,89.28543641,-
RC3H2,chr1_25351693_25356792,89.26965174,-
SYNCRIP,chr17_7224393_7224483,89.26964495,-
ZMAT5,chr3_177098541_177160870,89.26752953,+
TRNAU1AP,chr2_200419496_200440648,89.2668813,+
ZFP36L1,chr8_79919148_80030053,89.2644098,+
KHDRBS1,chr2_173363895_173363999,89.25976648,-
EIF3B,chr2_241315610_241324215,89.25743132,+
ZC3H12A,chr6_30296237_30326353,89.25500553,+
CNKSR1,chr6_27710889_27713003,89.2529167,+
YTHDF2,chr19_11447618_11447692,89.24586573,+
ZFP36L2,chr6_33269819_33270198,89.23518385,-
MEX3C,chr1_24464120_24466003,89.22337477,+
LSM1,chr7_66554837_66560578,89.21760392,+
SNRPD1,chr2_96335848_96341674,89.21510636,+
CCAR1,chr3_9468575_9470458,89.211019,+
SEC23IP,chr13_110624279_110627438,89.20967195,+
KRR1,chr3_12609335_12618514,89.2071389,-
U2AF1,chr13_45338776_45339993,89.20563997,-
THUMPD1,chr19_41958948_41959236,89.20469936,+
HDLBP,chr3_13343303_13351878,89.2004031,+
ZFP36L1,chr12_51049185_51056349,89.19956813,+
PRR3,chr4_41538350_41598919,89.19948625,-
PSPC1,chr11_61416519_61419921,89.19855075,+
EIF2S1,chr8_63172798_63175330,89.19621618,+
LSM10,chr17_81108509_81115769,89.19447586,+
CPEB4,chr10_80079307_80081840,89.19201829,+
LSM4,chr3_15560897_15562808,89.19083047,-
PPIE,chr18_662320_670691,89.18652393,+
MBNL1,chr8_119745036_119746704,89.18536412,+
U2AF1L4,chr11_47172333_47173425,89.1780719,+
LSM6,chr17_51153662_51155650,89.17193649,+
ZC3HAV1,chr3_38139028_38140387,89.17181684,+
LARP4B,chr3_158588924_158592433,89.16674888,-
ZC3H15,chr1_228146938_228147409,89.15868185,+
ZC3H4,chr9_32553944_32558909,89.1525989,+
PCBP1,chr4_185678822_185684753,89.15155555,+
ZFP36,chr8_144200541_144220599,89.14823,+
SAMD12,chr22_35746561_35759887,89.14367204,+
HNRNPK,chr1_150293898_150308047,89.14150483,+
RBM23,chr8_54010492_54021525,89.13892939,-
RBM6,chr14_102232671_102233687,89.13313728,+
KIAA0020,chr8_47935058_47936352,89.13312225,-
TRMT2A,chr17_7308113_7309614,89.12916335,-
RBM26,chr1_153975905_153976975,89.12430811,-
MBNL1,chr6_85640564_85642796,89.123965,+
SYNCRIP,chr18_34977079_35005491,89.11599608,-
ESRP2,chr6_112081207_112086555,89.11028177,+
SRRT,chr7_106091939_106092948,89.11001688,+
PPP1R10,chr2_134945975_134946100,89.10727166,+
SF3A1,chr2_37082383_37083288,89.10665729,+
HTATSF1,chr17_28715901_28717212,89.1042671,+
PUM1,chr7_112462378_112465614,89.10067814,-
PABPC1L,chr7_38178420_38179089,89.09207905,+
ZC3H15,chr6_110997105_110997182,89.09110459,-
SNRPG,chr2_70281684_70288067,89.09076964,+
RBM34,chr15_78264895_78265480,89.08691969,+
SCML2,chr20_56388202_56390555,89.08244324,-
RBMX,chr1_224371423_224379068,89.08147006,-
PUM2,chr19_35507511_35510183,89.07675786,+
ASCC1,chr1_154268954_154270199,89.07622179,-
CPEB2,chr2_61868706_61872081,89.07323667,-
NOL8,chr22_21629407_21629601,89.06936293,-
MATR3,chr7_140351969_140352061,89.06477103,+
SRRT,chr10_31461237_31466426,89.06369171,+
ZNF638,chr2_130182452_130190468,89.06083846,-
RBM17,chr2_55303152_55308808,89.05942208,+
SNRPD2,chr8_73653896_73673106,89.0545691,+
SRBD1,chr5_138166108_138167933,89.0515454,-
SYNCRIP,chr20_38426048_38426418,89.05018079,+
ZCRB1,chr2_10775071_10778571,89.04658664,-
NAA38,chr19_55388048_55391553,89.0415115,-
PNO1,chr2_102387000_102390058,89.03118644,+
SYNCRIP,chr16_2205512_2206030,89.01841405,+
HNRNPA0,chr12_49066701_49069034,89.00120398,-
SF3B4,chr4_121814047_121816143,89.00067758,+
LSM7,chr10_72216138_72220053,88.99364046,-
ANKS3,chr12_68624873_68648698,88.98855171,-
ASCC1,chr4_75973391_75975743,88.98798484,-
ASCC1,chr3_184363574_184364965,88.98727575,-
SCML2,chr22_35746561_35759887,88.98641684,-
EPHA2,chr11_83072181_83072622,88.97969299,-
RBM34,chr19_1104127_1105185,88.97639774,+
PABPC4,chr15_90233703_90233918,88.96894038,-
CCAR1,chr8_54051188_54055059,88.96793007,-
PPFIBP2,chr8_144510015_144510597,88.96657804,-
TP63,chr6_31980548_32013391,88.96275073,+
ZCCHC14,chr1_155308965_155312254,88.96154124,-
EIF3G,chr1_43365623_43366267,88.95625746,-
G3BP2,chr19_35546808_35546944,88.9562428,+
LSM1,chr8_132775645_132777795,88.95549367,+
PPP1R10,chr6_122701500_122717786,88.9521973,-
SLTM,chr11_93807635_93811852,88.94818691,-
LARP4,chr8_63169411_63186146,88.9479499,+
ZNF239,chr19_33388081_33390670,88.92958603,+
CNOT4,chr19_48696079_48696378,88.92692323,+
PAN3,chr18_12311053_12324808,88.92662574,-
UPF1,chr11_62572742_62573830,88.92123287,+
MKRN1,chr3_197069260_197076585,88.92102824,+
SNRPF,chr8_100259246_100261541,88.91656839,-
ZFR,chr9_32987731_32988082,88.91104798,+
MBNL1,chr7_99458355_99459146,88.90984976,+
RBM25,chr7_107613432_107613653,88.9097896,+
CARHSP1,chr11_68460827_68519500,88.90793103,+
ZRANB2,chr17_49413291_49414739,88.90678871,-
SNRPD3,chr8_94726441_94738368,88.90426376,+
SFPQ,chr1_29216812_29230730,88.90366866,+
ZFP36L2,chr13_30461533_30461638,88.9027599,+
SF1,chr6_17507312_17507640,88.89672108,+
NONO,chr9_136992704_136993052,88.89342351,+
HTATSF1,chr4_54232171_54258756,88.89210761,+
ZCCHC17,chr14_75053659_75061683,88.88858508,-
SNRPF,chr10_73575675_73576135,88.88818962,+
RBMX2,chr15_88902231_88905756,88.88601183,+
HNRNPA1L2,chr13_27432804_27434138,88.88418162,-
CNOT4,chr21_33557316_33557545,88.87777512,+
IREB2,chr2_68053137_68062957,88.87611141,-
UPF1,chr1_65425378_65427781,88.87473117,+
SEC23IP,chr7_43665722_43729428,88.87331976,-
PPP1R9A,chr4_54232171_54258756,88.87064724,+
FUBP3,chr3_143053794_143056311,88.8680947,-
UPF3B,chr1_159781000_159781098,88.86256104,+
YTHDF3,chr1_54043525_54052999,88.86160674,-
RNPS1,chr20_37200494_37203884,88.85538935,-
PABPC1,chr8_10096043_10207832,88.84135886,+
LSM3,chr17_64500773_64502009,88.84127938,+
PTBP2,chr4_82946474_82984160,88.83745688,+
RBM22,chr13_46045516_46051931,88.83566972,+
HNRNPH3,chr12_109948846_109951166,88.8273919,+
RBM25,chr20_1125650_1135120,88.82663593,-
LSM4,chr5_139293805_139314674,88.82267985,-
LARP1,chr19_46839578_46845992,88.82234274,+
HNRNPAB,chr13_26221330_26221781,88.82120869,+
PABPC3,chr19_49491547_49491730,88.82106678,-
PPFIA1,chr8_96585013_96593479,88.81662302,-
TRA2B,chr10_110569013_110575335,88.81540761,+
SEC23IP,chr3_29897475_29899704,88.80974214,+
MATR3,chr3_9468575_9470458,88.80947889,+
RBM34,chr19_48813348_48813662,88.80235218,+
HNRNPK,chr1_154963931_154965638,88.79852894,-
LSM7,chr8_95036494_95041569,88.79657897,+
TROVE2,chr17_42998831_43002672,88.79249241,-
SAMD10,chr8_55773719_55785718,88.7916415,-
ZC3HAV1,chr12_75482079_75495576,88.78900912,-
RBM3,chr8_54142786_54147381,88.78204086,+
RBM3,chr14_102232671_102233687,88.77942945,-
EPHB4,chr5_140695845_140696520,88.7777834,+
HNRNPA2B1,chr8_144425040_144425682,88.77664011,-
ZMAT5,chr7_122081595_122086011,88.77662679,-
ZC3H13,chr8_47935058_47935731,88.76736794,+
KRR1,chr14_30622399_30630476,88.75754452,-
RBM33,chr6_26538501_26539900,88.75032586,-
PABPC1,chr11_106059109_106077311,88.74779561,+
LARP4,chr6_311962_345853,88.74278736,+
ZFP36L1,chr9_41172749_41174292,88.74150714,+
LSM4,chr1_154173201_154176114,88.7345147,+
RBM15B,chr12_108562736_108564059,88.73397605,-
U2AF1,chr2_97164311_97164396,88.73361638,+
MKRN3,chr18_13726729_13730626,88.73000617,+
ZC3H8,chr1_151264918_151265393,88.72820057,+
DAZAP1,chr11_77813708_77820527,88.72236592,+
SLTM,chr5_133006920_133022840,88.72171647,-
LARP4,chr2_147975975_148020607,88.71913471,+
SAMD8,chr1_39463686_39468614,88.71841233,-
RBM27,chr22_22304114_22306789,88.71708261,-
TRNAU1AP,chr4_82844509_82845200,88.7161929,-
ZC3H3,chr4_76136412_76144389,88.71415652,+
ZCCHC17,chr1_243286397_243304712,88.71019523,+
ESRP1,chr11_129839702_129852474,88.70937855,+
NONO,chr5_65554946_65561496,88.70603393,+
RBMX,chr19_45079279_45090106,88.70496846,+
ZFR,chr8_144103225_144104024,88.70438716,-
RALY,chr12_48815728_48816872,88.70093788,+
FMR1,chr17_59001714_59012327,88.69970263,+
RBM33,chr20_5115572_5118768,88.69632912,-
ZCCHC17,chr1_1308720_1309085,88.69597703,+
ZC3HAV1,chr3_129288997_129298353,88.69589649,+
SNRPA,chr1_161159678_161160619,88.69559345,-
ELAVL2,chr7_99411186_99411749,88.69494569,-
PABPC4,chr1_7965425_7969344,88.69309449,+
SNRNP35,chr11_102607452_102607709,88.69013753,-
NOL8,chr2_96547517_96549752,88.68487589,+
RBMS1,chr17_82394543_82398195,88.68286213,+
TRMT2A,chr16_31093482_31094556,88.68252611,-
ZCRB1,chr2_97209709_97211545,88.68028459,+
PARP12,chr7_123546817_123550469,88.67496502,+
DHX57,chr11_5680238_5937400,88.66880623,-
MBNL3,chr14_35402663_35402770,88.66720427,+
CNKSR1,chr7_100113954_100114083,88.66652956,-
PAPSS1,chr8_53979171_53984362,88.66609975,+
SNRPC,chr2_164950133_164959254,88.66394284,+
YBX2,chr19_13774903_13778051,88.66203255,-
TAF15,chr2_26034735_26093590,88.6611651,-
STARD13,chr8_47701864_47712661,88.65837313,-
RALY,chr16_88811656_88811819,88.65471674,+
TAF15,chr17_8174272_8176199,88.65126757,+
TROVE2,chr8_127796008_127890588,88.65004524,+
RBM17,chr9_127936655_127937817,88.64954744,-
PPP1R10,chr5_140551169_140557146,88.64926895,+
LSM3,chr17_73209768_73232085,88.64780056,+
SNRPD1,chr11_61416519_61419948,88.64650932,+
SNRPN,chr19_48815141_48832665,88.64463888,+
SUPT6H,chr1_20780540_20786648,88.63831388,+
HNRNPA0,chr2_113625729_113626829,88.63765104,-
TRA2A,chr12_6967238_6967891,88.63720798,-
FMR1,chr4_105424322_105446382,88.63685224,-
FMR1,chr19_14396473_14397657,88.62952876,+
EPHA2,chr8_54087496_54100907,88.62007922,-
SNRNP35,chr9_69065043_69072611,88.61890396,-
SNRPA,chr5_177087033_177089549,88.61803139,+
LSM7,chr7_74246763_74249738,88.61087546,-
LSM4,chr5_138166108_138167933,88.61045099,+
NUPL2,chr1_220069432_220073966,88.60267691,+
SCMH1,chr22_35746561_35759887,88.6014255,+
NCL,chr13_75526639_75530113,88.60094789,+
TIAL1,chr12_871348_878214,88.60022576,+
TRMT2A,chr1_160996540_160998150,88.59188497,+
ARAP2,chr2_85603081_85619219,88.5884312,+
YTHDF2,chr3_57584032_57584383,88.58678654,-
TTC14,chr18_13726729_13730626,88.57800939,+
SNRNP35,chr13_46045513_46051931,88.5778553,+
EIF4H,chr3_130850928_130930415,88.57674285,+
KRR1,chr13_20732121_20757454,88.5732788,+
IGF2BP2,chr19_38587817_38595484,88.57051042,+
LSM4,chr12_124913339_124913567,88.56717173,-
SAFB,chr12_124004935_124011380,88.56468567,+
EPHA2,chr8_73738349_73746782,88.55877904,-
DDHD2,chr7_55981567_55983727,88.55791127,-
CIRBP,chr1_113905775_113908008,88.55747808,+
TARDBP,chr20_56388202_56390555,88.54883098,+
SNRPN,chr4_75724176_75724275,88.54735192,+
BICC1,chr6_73520056_73520361,88.54681368,-
CCAR1,chr8_143691199_143691599,88.54337354,+
RBMS1,chr17_17247151_17248925,88.5372796,+
NUPL2,chr10_124408965_124418872,88.53074698,-
EIF3G,chr21_41994108_42002349,88.52878832,+
RBM45,chr5_43555999_43556818,88.52681185,-
LARP4,chr17_75286802_75289353,88.52591237,-
GTF3A,chr19_35546808_35546944,88.52382156,+
SNRPA,chr19_48815141_48832665,88.51881287,+
MBNL1,chr20_45416343_45419294,88.51710612,-
ENOX2,chr12_124004935_124011380,88.51153716,-
THUMPD2,chr19_5562211_5567664,88.51109579,+
G3BP2,chr2_65344896_65366589,88.50702345,+
HNRNPA1,chr1_95234315_95246541,88.50568447,+
RBMX,chr17_75267630_75268082,88.50229634,+
TROVE2,chr6_44116629_44127254,88.50129266,-
THUMPD1,chr17_7308113_7309614,88.49395233,-
CSDE1,chr10_73824084_73837467,88.48928347,+
DAZAP1,chr7_107169027_107179878,88.48833789,+
CCAR1,chr1_145893635_145895630,88.48467421,+
PABPN1,chr16_31091342_31093311,88.48277349,+
RC3H1,chr19_1089965_1090086,88.48212234,-
SLBP,chr1_151166792_151166933,88.47859325,-
ZMAT5,chr20_35632025_35632310,88.4776317,-
HNRNPA1,chr14_90397154_90400064,88.47686365,-
TUT1,chr8_116938567_116948513,88.46847101,+
RBMXL1,chr7_64815044_64815571,88.46831463,+
RBM4,chr12_52057259_52057351,88.46262251,+
LSM4,chr13_37001801_37002272,88.45982773,+
IGF2BP2,chr1_46340919_46341322,88.45972677,+
PPP1R9A,chr7_44572437_44572562,88.45372993,-
DDHD2,chr11_114439675_114443855,88.45301399,-
PUM2,chr7_140375654_140380281,88.45255179,+
SLBP,chr3_20184034_20186058,88.44227347,+
EIF4H,chr7_102638829_102639122,88.44054507,-
ZC3HAV1,chr8_144791496_144791839,88.43673129,+
MSI1,chr19_54364486_54364770,88.43235746,-
RBMS1,chr8_47727293_47735306,88.42938246,+
PAPSS1,chr6_158637894_158644681,88.42444631,-
RBM7,chr2_97142668_97144517,88.41782067,+
HNRNPM,chr3_186787264_186787478,88.40880468,-
FMR1,chr7_77002321_77003288,88.40536664,+
RBM41,chr20_36462599_36496704,88.39937512,+
KIAA0020,chr3_37154656_37174538,88.39748968,-
FUS,chr8_115620060_115623614,88.39134686,+
RC3H1,chr14_93210708_93214928,88.38909805,+
ANKRD17,chr4_73135265_73141740,88.38846688,+
PABPN1,chr1_27897121_27906927,88.38797303,+
EIF2S1,chr16_29994843_29995102,88.38686235,+
DAZAP1,chr1_35178036_35181134,88.38170278,+
RBM25,chr12_862270_878211,88.38114987,-
TRA2B,chr12_111889006_111890039,88.37904508,+
MBNL2,chr11_126256852_126261427,88.37657113,+
ZC3H7A,chr1_111120693_111122615,88.37297863,-
LARP7,chr11_115399513_115504270,88.37049938,+
MKRN2,chr12_53467293_53468776,88.36984449,+
RBMX2,chr2_55922447_55922898,88.36935517,+
SFPQ,chr17_8463354_8466929,88.36932733,+
UHMK1,chr7_107613732_107618327,88.3687773,-
ZC3H15,chr5_57236032_57237112,88.36135496,+
TIPARP,chr19_54201609_54207397,88.35729563,-
RBM26,chr3_12609335_12618514,88.35200464,-
PUM2,chr4_68320205_68321371,88.35040095,+
PPFIBP1,chr6_26462897_26463243,88.34822373,+
ZFP36L1,chr10_73246799_73247009,88.34468946,-
PPFIBP1,chr9_177820_178815,88.34307838,+
TIAL1,chr11_93730447_93731149,88.33238205,-
ANKRD17,chr3_13348847_13351878,88.32905741,+
EIF4H,chr10_74398579_74589281,88.32859809,-
PABPN1,chr12_124911899_124912127,88.3277801,-
RC3H1,chr8_80003180_80028694,88.32645418,+
SNRPD3,chr7_107749047_107753413,88.31860155,+
NAA38,chr16_80980879_80997313,88.31674253,-
ZMAT5,chr3_190514219_190556129,88.31438469,+
SASH1,chr4_145120153_145121332,88.31024845,+
SETD1A,chr19_36005437_36008553,88.30993598,+
YTHDF1,chr2_95912435_95917854,88.30959879,+
CSTF2,chr17_36486785_36492812,88.30805574,-
ELAVL2,chr3_15585342_15589539,88.29850001,-
PUM1,chr3_37251484_37281957,88.29453516,+
DAZAP1,chr8_10054658_10207832,88.2925074,+
KRR1,chr11_119019317_119021759,88.28931124,+
ANKHD1,chr1_86354859_86358786,88.2835448,+
CNOT4,chr2_175181466_175181655,88.28130341,+
PHC3,chr7_29121071_29146340,88.2811952,-
SLBP,chr1_155324544_155324844,88.27547853,+
ACIN1,chr19_39483156_39485687,88.27067382,-
ZCRB1,chr10_97453663_97454713,88.26914252,+
HNRNPA0,chr16_89658421_89660539,88.26884272,+
UNK,chr22_32475398_32478980,88.26883061,+
PRPF3,chr3_177098541_177196339,88.26857418,+
HNRNPL,chr9_65693473_65698514,88.2622324,-
ZC3H4,chr3_37355187_37366079,88.26168253,+
MYEF2,chr9_36573198_36581643,88.26120604,-
CIRBP,chr17_75042659_75046924,88.25573718,+
NSUN6,chr21_39178647_39180284,88.25169904,-
UNK,chr11_86302478_86337378,88.24483456,-
ZRANB2,chr20_37236709_37238401,88.24226536,-
QKI,chr16_67082339_67098709,88.22371587,+
PSPC1,chr1_86384801_86386914,88.22361109,+
KHDRBS1,chr3_28263380_28294433,88.22107094,+
ZC3H7A,chr20_528049_543671,88.22079336,-
HELZ,chr3_130955790_130956103,88.22015333,+
EIF4B,chr11_36610239_36648015,88.21970667,+
YTHDF2,chr3_197854445_197865422,88.21681569,+
YTHDC1,chr3_150545778_150546051,88.20972724,+
LSM2,chr5_70421771_70422112,88.20163867,+
PPIE,chr2_159762993_159767283,88.20052054,+
LSM7,chr1_144456805_144459365,88.19997878,+
LSM1,chr18_9204544_9208656,88.18913974,+
RBM22,chr7_73691012_73692595,88.17825245,+
NONO,chr5_71060930_71061687,88.16585478,+
ZC3H14,chr3_37146627_37148893,88.16382414,+
HNRNPH3,chr18_9195698_9204475,88.16096653,+
FMR1,chr3_28263380_28294433,88.15938937,-
RBM18,chr5_178211970_178214795,88.15247382,+
KIN,chr5_71038481_71041521,88.15032848,+
ZC3H12A,chr7_76030527_76047661,88.15017235,+
SETD1A,chr13_36336358_36346581,88.14323536,+
SFPQ,chr15_76292700_76311349,88.13366533,-
RBM22,chr14_58252242_58257744,88.1314256,+
SF3B4,chr11_62761904_62762866,88.12711991,+
PPIE,chr5_139562407_139600371,88.12144579,+
DKC1,chr1_156135312_156135900,88.12026458,+
MBNL1,chr1_77741748_77745420,88.11703761,+
ZC3H13,chr9_21324321_21335096,88.11407152,+
SF1,chr8_92917007_92954405,88.1138043,+
HNRNPK,chr1_46340919_46341322,88.11258996,+
PARN,chr12_76074239_76083832,88.10259192,+
RBM23,chr2_130181830_130182626,88.09535425,-
RBMX,chr1_6232119_6234885,88.09526149,+
EIF4H,chr11_47476959_47477296,88.08941265,+
PNO1,chr16_2772102_2776992,88.0851202,-
HTATSF1,chr19_49927848_49929325,88.08505645,-
G3BP2,chr10_30434748_30438915,88.08346651,-
PABPC1,chr11_119045834_119046416,88.08283368,+
HNRNPH1,chr19_18572607_18573292,88.0815536,-
EIF2S1,chr7_73687095_73690915,88.08151362,+
TTC14,chr2_202214434_202220031,88.07950918,+
ZMAT5,chr7_38178420_38179089,88.07873272,-
EPHB4,chr17_81684891_81685604,88.07792133,-
CCAR1,chr12_55716717_55716932,88.07756465,-
MSI2,chr10_68737048_68740628,88.07736357,+
KHDRBS1,chr1_155309076_155310042,88.07360583,-
SF3B4,chr6_52264786_52265234,88.07065956,-
TIAL1,chr12_52171557_52171657,88.0703014,+
SPEN,chr1_8014396_8015494,88.05909745,-
EPHB3,chr1_145975436_145977482,88.05814345,+
RALY,chr12_48681641_48681857,88.05559665,+
RBM19,chr16_75631855_75635679,88.05414231,-
RBM3,chr19_42512479_42521266,88.05167289,-
RBM15,chr11_35190065_35214851,88.05025,-
MEX3D,chr5_36177292_36183839,88.04325874,-
RBM14,chr20_56388202_56391942,88.0427316,+
MKRN2,chr10_112433281_112433540,88.04238931,+
MBNL3,chr1_169324469_169367707,88.03616725,-
PPP1R10,chr8_127739019_127740395,88.03329033,+
YBX1,chr5_139476454_139478269,88.03174643,-
ZC3H11A,chr2_135645527_135651732,88.02978217,+
LSM2,chr4_119217673_119235289,88.02966748,+
ZFP36L2,chr1_156283065_156285183,88.02942288,+
PCBP2,chr6_37170879_37171124,88.02748733,+
SPEN,chr3_197069260_197075836,88.02284092,+
ZFP36L1,chr11_57742227_57742862,88.01336921,-
RBM5,chr17_51160081_51161159,88.01318243,+
SSB,chr10_87170974_87180074,88.00967622,+
RBMS3,chr12_124912890_124913118,88.0083684,+
PPFIA3,chr1_111441604_111442024,88.00466542,-
MEX3C,chr16_1309773_1312346,87.98738643,-
KHDRBS1,chr10_72220379_72230365,87.98520675,-
HNRNPH1,chr18_21622801_21623747,87.98368505,+
TNRC6A,chr7_157367483_157382248,87.98170413,-
MBNL2,chr8_73422702_73458676,87.97743178,+
SF3B4,chr19_48944507_48944823,87.96675201,+
TOE1,chr11_62705617_62706258,87.96538866,+
UPF3B,chr1_110952815_110963620,87.96318679,+
MBNL1,chr12_8650589_8654436,87.96099384,-
RBM6,chr9_87726398_87727593,87.95544581,+
LSM6,chr17_75168401_75181056,87.94663027,-
SAFB2,chr20_34073635_34075873,87.94220673,+
PUM1,chr1_52911790_52913894,87.93909555,+
EIF4H,chr12_117046666_117046771,87.93655969,+
SAMD4B,chr6_63636150_63679999,87.93493662,+
WDSUB1,chr16_4450497_4454810,87.93248697,-
ACO1,chr8_129988331_130016369,87.93198635,-
LSM1,chr19_45164970_45178134,87.93191682,+
ZFP36L1,chr12_79806333_79807225,87.93112006,+
APTX,chr7_91980333_91980872,87.92715223,+
RBM3,chr9_128323147_128323282,87.92402924,+
EPHB3,chr4_15971082_15979880,87.92118098,+
LSM4,chr1_154176248_154182987,87.92095017,+
ZFP36,chr11_35190065_35214851,87.90422,-
SNRPD1,chr1_52911790_52913894,87.89884058,+
SFPQ,chr17_39628622_39629169,87.89860677,+
ZC3H12A,chr6_85677875_85677953,87.89773197,+
KRR1,chr20_37200494_37203884,87.89291552,-
PHC3,chr13_49661208_49669776,87.88105523,-
ZC3H14,chr1_95234315_95246541,87.87820252,+
PARN,chr19_49446794_49447023,87.8764727,-
SYNCRIP,chr20_38448730_38450261,87.87258447,+
PCBP4,chr18_79977701_79986601,87.86928013,-
MSI1,chr6_33269819_33270198,87.8650102,+
HNRNPA3,chr6_33417695_33417870,87.86245592,-
SEC23IP,chr13_113539507_113548302,87.85953721,+
ZFP36,chr8_54055133_54063327,87.85753892,-
PAPSS2,chr16_69711281_69714963,87.85527446,-
CHERP,chr8_143739705_143739858,87.84980963,+
RBMXL1,chr6_37371574_37376925,87.84525514,-
FMR1,chr9_120874756_120875880,87.84422724,-
UPF1,chr12_54183959_54188950,87.83924163,+
SGMS1,chr7_107749047_107752544,87.83606519,-
G3BP2,chr19_36007268_36008216,87.83295707,+
SNRPN,chr8_47944029_47953619,87.83130827,+
FUBP3,chr11_93730447_93731149,87.82917982,-
CARHSP1,chr2_55302072_55308808,87.82793304,+
RNPC3,chr1_161157017_161157616,87.82463817,-
PPFIA3,chr7_73686900_73690915,87.82259295,-
CSDE1,chr8_102829936_102833055,87.81539483,+
TIAL1,chr6_112087720_112099269,87.81181765,-
RBM25,chr8_144837507_144841818,87.80922411,-
ESRP2,chr17_81108509_81115769,87.80668123,+
LSM4,chr21_33403616_33410835,87.80504131,-
PARN,chr8_66444748_66447263,87.80192998,+
RBM42,chr9_33262246_33262701,87.80024198,-
KIF24,chr13_60112186_60163586,87.7995645,+
SEC23IP,chr10_35071339_35089895,87.7951693,+
LARP7,chr8_54010492_54021525,87.79489382,-
RBM3,chr19_47169923_47203670,87.79313499,+
U2AF2,chr1_41034048_41037361,87.78977422,+
SNRPB,chr5_180472661_180483114,87.78379874,+
RNPS1,chr7_151409382_151411669,87.78169387,+
PPIE,chr12_52056159_52056493,87.7814559,+
RPS3,chr10_73911612_73912214,87.780022,+
CPEB4,chr2_135645527_135651732,87.77729711,+
BICC1,chr7_56103011_56106363,87.77427868,-
CARHSP1,chr7_95406247_95409900,87.77155802,+
LARP7,chr2_27445449_27445744,87.76462859,+
LARP4B,chr19_35500580_35505717,87.76444084,+
SLTM,chr1_156293209_156294017,87.76117858,-
PRPF3,chr18_79986750_79988239,87.75800611,+
TARDBP,chr7_44572437_44572562,87.75774372,+
NUPL2,chr6_30557450_30558149,87.74073519,+
DUS3L,chr8_132799172_132803818,87.73879464,-
LSM1,chr2_37148939_37156907,87.73360098,+
HDLBP,chr1_220069432_220073966,87.72423653,-
TIAL1,chr12_49066701_49069034,87.72397506,+
ZC3HAV1L,chr7_44115354_44115765,87.72209495,-
RBM12,chr5_172994822_173034398,87.72160996,-
ZC3H14,chr1_161001353_161038879,87.72097129,-
TDRKH,chr19_40614446_40617099,87.7206562,+
ZFP36L2,chr4_76136412_76144389,87.71867629,-
HNRNPD,chr16_56935312_56936686,87.70742496,-
RBM7,chr12_53504815_53505134,87.70682986,+
SASH1,chr5_132866687_132866868,87.70060938,+
ZC3H4,chr3_50332154_50337904,87.69515613,+
SART3,chr3_14125205_14128854,87.69374395,-
LSM2,chr11_102627311_102677702,87.6935637,+
SNRPA,chr16_11896782_11897839,87.68759103,+
ZC3H12A,chr18_9595102_9614225,87.68647521,+
ASCC1,chr12_108562736_108564059,87.68631996,+
PCBP2,chr19_49666799_49667021,87.68564291,+
PHC3,chr12_46362638_46363725,87.68208942,-
FUBP3,chr19_36005437_36008553,87.68179714,-
PABPC4L,chr2_99142401_99147026,87.68160976,+
TMEM63A,chr7_105118022_105125781,87.68132339,-
TNKS2,chr3_150618928_150622384,87.67252142,-
RRP7A,chr1_161154070_161156949,87.66645627,-
MKRN1,chr16_28487541_28489289,87.66292332,-
PAN3,chr1_220074071_220089685,87.65980025,+
PPIE,chr19_19034013_19042710,87.65548584,+
EEF1G,chr3_29281756_29434745,87.65160412,-
ANKS6,chr7_22818048_22822676,87.64424003,+
ZC3H15,chr17_3720402_3723287,87.6396776,+
PPIL4,chr3_193615770_193618868,87.63735014,-
NUFIP1,chr22_40364365_40366435,87.63571664,-
SNRPD1,chr1_52906611_52907867,87.63536127,-
NIP7,chr9_14088326_14112998,87.63373646,-
SNRNP35,chr2_159762993_159767283,87.63268465,+
SAMHD1,chr3_48694824_48695089,87.62885969,-
YTHDF3,chr1_6233643_6234404,87.62433627,-
CARHSP1,chr12_4543904_4545781,87.62065957,-
HNRNPA3,chr17_44212454_44212818,87.61980823,+
CARHSP1,chr3_123915289_123931101,87.61726724,+
RNPS1,chr5_132488025_132490544,87.61207628,-
SNRPD3,chr17_75148671_75154341,87.61202803,+
TDRKH,chr19_40617020_40619346,87.61149572,-
SCMH1,chr6_17507312_17539268,87.6043963,+
ZNF638,chr14_39319291_39320927,87.60402332,+
MSI2,chr7_87878133_87884978,87.60367263,+
ESRP1,chr11_119045834_119046416,87.59789634,+
ZC3H14,chr2_178444500_178445425,87.59572792,+
PUF60,chr14_75053659_75061683,87.59208644,+
SNRPB,chr6_36494637_36496710,87.59206554,-
ZCRB1,chr10_87170974_87180074,87.59093408,+
LSM5,chr16_4466402_4469503,87.59031812,-
LSM1,chr12_6967238_6967891,87.58355791,+
IGF2BP2,chr14_58331518_58344694,87.58040016,+
TOE1,chr2_227340380_227342744,87.57678526,-
LSM4,chr15_74923770_74926765,87.57264814,+
RBM25,chr22_42086314_42090605,87.57206946,-
LARP1B,chr9_113273410_113275381,87.571895,-
MKRN1,chr10_97453663_97454713,87.57054086,+
RPS3,chr1_109739493_109740239,87.5687847,-
PABPC1,chr8_144791495_144791781,87.56175579,-
ZRANB2,chr4_15971082_15979880,87.56164433,+
TRNAU1AP,chr3_132578881_132579491,87.56045062,+
ANKRD17,chr8_144200541_144220599,87.55963212,+
EIF3B,chr1_228146938_228147409,87.55279849,+
SNRPE,chr7_128754455_128754528,87.54570104,-
EPHB3,chr1_86352208_86352858,87.53887289,+
PTBP1,chr22_35746561_35759887,87.53879184,+
SFPQ,chr6_44116629_44127382,87.53772265,-
SRRM1,chr7_132974024_132975168,87.53389007,-
SEC23IP,chr14_64926080_64943298,87.52459767,+
YTHDC1,chr6_34757551_34762594,87.52343152,-
APTX,chr2_127850685_127858027,87.52084243,-
PRPF3,chr3_20171232_20176600,87.52032247,+
TUT1,chr7_128981531_128982247,87.51686141,+
ZFP36L2,chr5_88823927_88882954,87.50333103,+
YBX2,chr6_85558060_85572136,87.49456892,-
TIAL1,chr8_76984193_76986186,87.4912569,-
ASCC1,chr11_119097297_119098402,87.4837111,-
ZFP36L2,chr2_97204096_97207933,87.48102952,+
RNPC3,chr7_76618300_76618496,87.48101438,+
EIF4H,chr8_100259997_100264033,87.48072587,-
UPF3B,chr11_76458358_76463820,87.47847235,+
SSB,chr3_10312730_10315320,87.47470416,+
THUMPD3,chr14_59498908_59503853,87.47017431,-
ZC3H11A,chr4_102826636_102827591,87.46819073,-
SAMD12,chr9_87726308_87727593,87.46728589,+
BFAR,chr6_18130780_18133803,87.46710326,+
RNPC3,chr8_125083258_125091614,87.46708363,+
TRA2B,chr8_63168814_63169386,87.4515453,-
PHC3,chr2_119367060_119368187,87.44567152,+
HELZ,chr3_196939432_196942159,87.44164246,-
HNRNPH1,chr9_125207721_125220538,87.4402505,+
ALKBH8,chr6_27126462_27132524,87.43713475,-
EIF2S1,chr1_108657579_108660962,87.4324165,+
PTBP1,chr7_36335178_36356901,87.4300391,+
SNRPE,chr16_46681520_46683507,87.42756214,-
UPF3B,chr11_62854551_62855132,87.42719264,-
SNRPN,chr3_15242253_15246731,87.42381913,+
RBM5,chr8_144312244_144312627,87.42175105,+
SART3,chr12_53504815_53505134,87.42076738,+
SNRPA,chr10_119160969_119161054,87.41929022,+
ZC3H7A,chr8_127796071_127890588,87.41727142,+
NUFIP1,chr3_177065022_177079826,87.41157428,-
PAPSS1,chr21_17559131_17565427,87.41157286,-
QKI,chr1_160224549_160225590,87.4101342,+
LSM2,chr1_94540368_94540571,87.40709727,+
TARDBP,chr2_227328789_227329605,87.39870384,+
PPFIA1,chr1_40074183_40078559,87.39640577,-
RBM19,chr1_150817433_150823193,87.39595853,-
HNRNPF,chr7_64993414_65006540,87.38515849,+
PPIL4,chr14_39267522_39276933,87.38234236,+
SRRT,chr19_2269744_2271390,87.38231908,-
SAFB2,chr17_75181188_75182813,87.38196584,+
POLDIP3,chr1_155308965_155309788,87.38145723,+
ZC3H13,chr1_161130847_161132390,87.38073835,+
CSTF2T,chr5_177136030_177136872,87.37916718,+
LSM6,chr11_86268561_86270082,87.37855414,+
SF1,chr22_37019872_37024191,87.37435502,+
RBM17,chr8_103378243_103382457,87.37365101,+
SPEN,chr12_50441643_50454313,87.3687358,+
CCAR1,chr7_66775393_66783671,87.35496147,+
DHX57,chr13_52659249_52661477,87.35441055,+
RBMS3,chr8_104509074_104531906,87.35224916,+
SNRPE,chr2_156326274_156326717,87.35017759,-
FMR1,chr12_6652770_6652935,87.34991287,+
RBMS3,chr7_75415778_75415980,87.34580033,+
LARP1B,chr1_220069432_220073966,87.34295706,+
YTHDF1,chr2_26034735_26093590,87.34250149,+
MKRN2,chr4_82861708_82863317,87.33514039,+
ZC3H7A,chr15_101651773_101652270,87.33508625,-
MBNL1,chr6_31728745_31730050,87.3280799,-
MSI1,chr11_314356_314921,87.31972694,+
TROVE2,chr1_173864304_173865509,87.31668269,-
SF3A1,chr10_124408965_124418872,87.31032677,-
PTBP1,chr15_90966653_90969523,87.31009923,+
PUM2,chr18_12311053_12329145,87.30937538,+
SGMS1,chr6_149598350_149603267,87.30808202,+
SNRPD3,chr19_36114412_36114797,87.30160524,-
U2AF1L4,chr11_406059_406141,87.29605834,-
HDLBP,chr8_54063375_54100907,87.29541598,-
ANKRD17,chr4_105703809_105708637,87.28620092,+
HNRNPD,chr1_145975436_145977482,87.2805214,+
RC3H1,chr2_46581591_46588074,87.2789479,+
SYNCRIP,chr1_207337250_207337328,87.27834052,-
RBM8A,chr14_103921208_103921469,87.27462742,-
LSM6,chr3_4982375_4982835,87.27437842,-
ZNF74,chr10_68737048_68740628,87.27168714,-
DGKD,chr17_7586838_7587160,87.27053126,+
UPF1,chr2_27583142_27598066,87.2697292,+
YTHDF3,chr12_48681641_48681857,87.26206851,-
MKRN2,chr1_39563922_39564470,87.25486565,+
IGF2BP2,chr5_1798947_1799770,87.25120717,-
RC3H2,chr1_44635588_44636029,87.24687554,+
TRMT1,chr5_39383271_39388798,87.24270291,+
GRSF1,chr16_54925213_54928493,87.24230885,+
RBM23,chr8_127796071_127890588,87.2409595,+
SNRPE,chr7_56103011_56106363,87.23266981,-
PTBP1,chr3_47277379_47282139,87.22662982,-
TIAL1,chr6_44223641_44227259,87.22419182,+
LSM1,chr19_6373557_6374202,87.22367679,+
LARP1B,chr11_65893296_65896808,87.2224123,-
SFMBT1,chr3_136591549_136604308,87.22197247,-
RBMXL1,chr1_88984066_88992584,87.22168466,+
SNRPC,chr6_85677875_85677953,87.22030619,+
PHC3,chr11_95826215_95827785,87.21324354,+
CNOT4,chr16_18786336_18788062,87.21313892,-
SGMS1,chr13_100449305_100527674,87.20890794,+
ZC3HAV1,chr17_82621799_82643948,87.20725236,+
ESRP2,chr17_81108509_81115769,87.20393068,+
RBPMS,chr10_45972730_45982522,87.20303606,-
ZC3HAV1,chr17_60083766_60088196,87.19852207,+
BFAR,chr16_28538209_28538795,87.19635975,+
HNRNPD,chr3_150603686_150622384,87.19327882,-
SF3A1,chr19_47205129_47209158,87.18689646,+
APTX,chr7_99458355_99459146,87.18121153,+
EIF3B,chr7_102638829_102639122,87.1788757,-
ZC3H14,chr7_64522500_64543706,87.1742435,+
SNRPB,chr16_75636547_75641563,87.17262945,-
SRRM2,chr8_143616440_143616566,87.1725166,-
RBM14,chr17_5434966_5438122,87.16080974,+
EIF3G,chr3_196561491_196566889,87.15958167,+
IREB2,chr22_19471808_19479082,87.15780977,-
HTATSF1,chr2_147975975_148020607,87.1570273,+
KHDRBS1,chr22_50784072_50785172,87.15675593,+
LSM4,chr20_45333069_45348324,87.15158735,-
RALY,chr19_18437105_18437859,87.14984625,-
LSM5,chr12_49323752_49325500,87.14881077,-
RBM14,chr11_102627311_102677702,87.14420996,+
LARP7,chr13_52659249_52661477,87.13321116,-
SAMD4B,chr3_129288997_129298353,87.12741425,+
ZFP36,chr16_46663162_46671704,87.12682311,-
MKRN1,chr14_49626048_49633286,87.12626937,+
TMEM63A,chr3_52075985_52122378,87.12262301,-
FXR1,chr14_58346505_58347646,87.11751089,+
SNRPC,chr12_120563070_120563331,87.11459038,+
CARHSP1,chr1_77581888_77581978,87.11441494,+
ARAP2,chr2_113493994_113495636,87.11179941,-
LARP4B,chr4_105424322_105446382,87.1093498,-
ZC3H12A,chr12_52055204_52056002,87.10548163,-
SNRPG,chr7_23273614_23274053,87.10508624,-
SSB,chr1_155241180_155244505,87.10424822,+
HNRNPH3,chr18_34977079_35005491,87.09920491,+
MBNL2,chr3_99638664_99675659,87.09666706,-
RBM42,chr3_141742907_141743508,87.08216674,-
RBMXL1,chr16_2020312_2020534,87.07603082,-
YTHDF3,chr22_40964117_40967798,87.07299153,+
POLDIP3,chr18_63331901_63338799,87.06731345,-
ZC3H18,chr2_227325427_227332418,87.06371258,+
PHC2,chr5_141973742_141978302,87.06365173,-
G3BP1,chr17_17254945_17261965,87.06331219,-
SNRNP70,chr12_57599211_57600323,87.05683556,-
KHDRBS3,chr19_49666799_49667021,87.05618799,-
LARP1,chr22_25448284_25455711,87.05496084,+
RBM45,chr11_86264263_86276979,87.05241498,+
RBM14,chr20_31550121_31559610,87.04956358,-
PSPC1,chr12_53471807_53474868,87.04142895,+
PABPC3,chr11_95887684_95888155,87.038584,+
KRR1,chr10_102402159_102402251,87.02412098,+
RRP7A,chr22_25448284_25455711,87.02355721,+
SAMD8,chr1_35178036_35181134,87.02324969,+
NCBP2,chr4_55364271_55369831,87.02255825,+
SF3A1,chr7_48101982_48106872,87.02222412,-
ZFP36L2,chr12_54282665_54282799,87.01687188,+
EIF4B,chr8_17972687_17985446,87.01076638,+
YBX1,chr3_142005544_142093060,87.00741607,+
PUM1,chr8_48008470_48049852,86.99961706,-
HTATSF1,chr17_64500773_64502009,86.9980651,-
KIN,chr9_33026616_33029884,86.99729334,+
ZC3H13,chr8_48043181_48049852,86.98310359,+
ZFP36,chr21_33616603_33616705,86.97756195,+
NCL,chr22_40951476_40953554,86.97149096,+
SLTM,chr2_61017851_61018161,86.97074192,-
ZMAT5,chr3_14946154_14947113,86.96397563,-
TLR2,chr3_168036994_168041391,86.96080051,-
ESRP1,chr7_23106146_23117833,86.95920651,-
CPSF4,chr14_35110629_35121901,86.95554701,+
EIF2S1,chr12_50138617_50143073,86.9537414,-
STIM2,chr8_11802910_11808793,86.9525006,-
RBM12B,chr19_852578_852875,86.95113732,-
PTBP1,chr3_37154656_37174538,86.95108795,-
STARD13,chr17_44218296_44220739,86.94852365,+
TRA2A,chr17_51161272_51161727,86.94601602,+
EIF3B,chr10_89010600_89011998,86.94434414,+
RBM33,chr6_85640564_85642796,86.94433149,-
SNRPB,chr12_880999_881691,86.94391374,+
PABPC4,chr19_45079279_45079906,86.93921592,-
STIM1,chr6_106971834_106973316,86.93639045,-
HNRNPA3,chr12_46254936_46256691,86.93448478,+
GRSF1,chr1_145895711_145896267,86.93049962,+
RBM17,chr3_42553448_42555929,86.93044196,+
MBNL2,chr16_28489386_28491713,86.92468464,+
ZFP36L1,chr4_76124756_76144389,86.92124931,+
SAMHD1,chr9_36573007_36580072,86.91508981,-
KIAA0020,chr6_96896847_96897658,86.91449055,-
ZC3H4,chr1_23321663_23333517,86.90948068,-
PTBP1,chr7_26201561_26206367,86.9073835,-
LSM5,chr15_90984140_90994406,86.90350665,-
ZNF638,chr19_53867943_53869689,86.90137989,-
SAMD8,chr1_1642508_1649498,86.90067994,+
EIF4H,chr5_163513669_163516517,86.89954844,-
LARP4B,chr19_49680238_49680486,86.89375126,+
PPIE,chr7_44647534_44666735,86.89072619,+
CSTF2T,chr8_73959818_73972041,86.88757973,-
RC3H1,chr11_57737668_57737835,86.88444395,+
SRRT,chr2_232567214_232580903,86.88392652,-
SNRPB,chr20_49154071_49188115,86.88157433,-
PTBP2,chr2_55302072_55303068,86.87842122,+
PPP1R9A,chr13_75636726_75727028,86.87342448,+
ZFP36,chr13_75526639_75530310,86.87114931,-
CPSF4,chr1_28457859_28459084,86.86782939,-
MKRN3,chr19_8980957_8985550,86.86422128,-
YBX1,chr8_103325498_103329654,86.8625006,+
ZCRB1,chr22_43151604_43159209,86.86060765,+
CSTF2T,chr3_184363565_184365132,86.85521169,-
LSM10,chr2_135641790_135645378,86.85362863,+
RBM14,chr8_22539498_22540614,86.8526756,+
LSM2,chr5_177332269_177334283,86.85153654,-
LRSAM1,chr8_95036494_95041569,86.85006612,+
PARP12,chr16_70316104_70324584,86.84971413,-
RBM17,chr17_82036063_82036190,86.84882171,+
PPP1R9A,chr12_52897618_52898678,86.84425513,-
BFAR,chr3_101574279_101579841,86.83774239,+
TRMT1,chr3_9800296_9801660,86.836924,+
NIP7,chr12_95256622_95257149,86.83432876,+
YTHDF2,chr8_100923307_100923954,86.8333774,-
ZCRB1,chr11_66845237_66845859,86.83312643,+
ZC3H11A,chr7_72949102_72949304,86.83158686,+
LEMD3,chr6_42211917_42214279,86.82601584,+
GTF3A,chr7_74243246_74249738,86.82489173,-
RBMS2,chr20_34516461_34519419,86.82268093,-
ESRP1,chr17_75286802_75289353,86.82219192,-
RBM18,chr1_150267991_150268697,86.8202743,-
PAPSS1,chr1_161212480_161213379,86.81832806,+
LSM4,chr19_47169923_47203670,86.81294525,-
ESRP2,chr19_8980957_8985550,86.80952715,-
RBM10,chr2_101887261_101887777,86.80857734,-
HNRNPD,chr7_35801270_35863551,86.79795673,+
RBM14,chr10_119104197_119107967,86.79701585,+
SLTM,chr8_54010492_54021525,86.79594107,+
EIF3B,chr1_155308965_155309788,86.79267156,+
TOE1,chr7_140351969_140352061,86.7891732,+
LARP1B,chr8_85107399_85110114,86.75824432,+
SRRM2,chr5_43555999_43556818,86.75820501,-
FUBP1,chr20_1125650_1135120,86.75547858,+
POLDIP3,chr9_14088326_14112998,86.7487888,+
CSTF2,chr1_151890214_151895007,86.74264136,-
PABPC1,chr7_134965386_134968553,86.73955014,+
ELAVL2,chr12_124912427_124912883,86.7373339,-
ZC3H11A,chr19_18437105_18437859,86.7350053,+
ACIN1,chr14_23081836_23090521,86.72082584,+
MSI1,chr11_66055315_66055537,86.72068179,-
YTHDC1,chr20_37199225_37200446,86.72051695,-
HNRNPA1,chr3_13414112_13420059,86.70794969,+
RBM25,chr10_56358148_56358376,86.6986089,-
RBM6,chr15_88464873_88465586,86.69716614,-
RBMS1,chr2_96547517_96549752,86.69332176,+
SNRPE,chr12_52237389_52237508,86.69140401,-
SAFB,chr19_49680253_49680486,86.69093238,-
CARHSP1,chr2_37376302_37376596,86.6896188,+
PCBP2,chr5_71062796_71067654,86.68731893,+
PPFIBP2,chr22_24220116_24220491,86.68612704,-
TRA2B,chr3_138188530_138221925,86.68287627,+
CPSF4,chr9_21971208_21993881,86.67906076,-
ANKHD1-EIF4EBP3,chr13_30461533_30461638,86.67342375,+
ZFP36L2,chr3_9468575_9470458,86.66916597,+
RBM34,chr1_156213176_156225556,86.66566652,+
HNRNPA1,chr14_58247832_58252118,86.66503001,+
EIF3G,chr11_119015939_119018281,86.66458698,-
PHC3,chr18_35290391_35305975,86.66153585,+
SNRPN,chr2_127848185_127858027,86.66012859,+
RBM33,chr3_52688206_52689073,86.65835775,-
PAPSS2,chr1_44753833_44755928,86.65635784,-
MBNL1,chr2_130339232_130339559,86.65316803,-
SF3A1,chr3_15601770_15635423,86.6467427,-
HNRNPA3,chr2_134919891_134946100,86.63854622,+
NCBP2,chr4_82845293_82848803,86.63464153,-
RBM7,chr20_59037299_59038465,86.63338994,-
PTBP1,chr5_71037546_71038428,86.62689867,+
ZGPAT,chr5_71065222_71067654,86.62641938,+
L3MBTL3,chr3_186081175_186105304,86.6237505,-
RBM6,chr13_97356849_97357481,86.6144402,+
PPRC1,chr21_33557316_33557545,86.60774772,+
PAN3,chr7_100153517_100153866,86.59850962,+
LARP1B,chr2_130426038_130427703,86.5976879,+
SNRPB,chr10_103392283_103392381,86.59662627,-
EPHB3,chr1_24647208_24648858,86.59532826,-
PUM1,chr14_75053659_75061683,86.59312323,+
SNRPG,chr12_46370627_46370775,86.59230222,+
PTBP2,chr11_118757287_118759921,86.5900124,+
MKRN3,chr9_106860213_106923353,86.58437781,+
PPRC1,chr19_50475455_50475832,86.58361786,+
PTBP2,chr6_125248383_125257097,86.58317733,+
ANKS6,chr2_47369809_47373462,86.57720082,-
HNRNPA2B1,chr6_36886028_36899425,86.5759685,+
LARP1,chr21_44426736_44427009,86.57488274,+
MCM3AP,chr17_76727213_76732977,86.57427965,+
KHDRBS3,chr10_12035441_12042913,86.57269229,+
HNRNPM,chr5_43307824_43313355,86.56166901,-
THUMPD3,chr12_52054651_52056029,86.56111973,-
LSM5,chr7_107752617_107753410,86.5598147,+
LSM4,chr15_90091644_90102275,86.55492526,+
SLBP,chr2_44390305_44391884,86.55362214,+
RNF113A,chr16_88657247_88657435,86.55242836,+
KRR1,chr12_124782811_124786440,86.5510264,+
MCM3AP,chr7_100051610_100056910,86.54987801,+
RBM15,chr2_95956816_95960472,86.54922535,-
SSB,chr7_44799871_44801286,86.54232299,-
LARP7,chr20_1125650_1135120,86.54183562,+
GTF3A,chr8_67045960_67051229,86.53353774,+
HNRNPA0,chr10_68737048_68740628,86.53049168,-
PPP1R10,chr20_50942126_50945846,86.52731557,-
CNOT4,chr2_55686440_55687644,86.52490354,+
ZC3H13,chr3_184365226_184368176,86.52406229,-
MEX3C,chr18_55229076_55232520,86.52142376,+
CPEB2,chr8_123025050_123030604,86.51143233,+
IGF2BP2,chr21_37069624_37072144,86.50926175,+
RBM27,chr18_12311053_12329145,86.5042452,-
LARP1B,chr15_63062645_63064063,86.50375578,+
RBM26,chr19_35497681_35498715,86.49576051,+
SLBP,chr3_123944990_123947279,86.49225477,+
PABPC4,chr3_15096710_15099034,86.49222392,+
TROVE2,chr8_144425040_144425682,86.49208179,-
ZC3H12A,chr9_10948481_10994187,86.49020857,+
SYNJ1,chr1_182854178_182855576,86.48818173,+
IGF2BP2,chr12_4543904_4545781,86.47961361,-
NONO,chr11_67583844_67584133,86.4766151,+
SNRNP70,chr9_34611332_34611859,86.47644988,+
RBM14,chr20_25218614_25222837,86.47516597,+
RBM18,chr14_35110629_35121901,86.47403703,+
HNRNPD,chr8_129761008_129762625,86.47395662,-
SNRNP70,chr17_64516828_64519320,86.46662727,+
PPIL4,chr1_151762500_151763326,86.46604896,-
UPF3B,chr1_45519054_45521634,86.46198078,-
RBM33,chr9_32571052_32572880,86.45763436,+
HNRNPA3,chr1_8014396_8015494,86.45416605,+
SNRPD3,chr19_10677310_10679096,86.45226901,+
IGF2BP2,chr17_7241679_7242240,86.4519455,+
SF3A1,chr7_100153517_100153849,86.44928089,-
SF3A1,chr1_98701903_98760053,86.44317297,+
YTHDF2,chr18_662320_670691,86.44146036,-
LSM3,chr9_3301620_3330258,86.43858274,+
MCM3AP,chr3_101855902_101857291,86.43649377,-
ZRANB2,chr17_64514358_64516722,86.43602636,+
HELZ,chr21_37232451_37238459,86.43594789,+
FXR2,chr15_69421752_69422325,86.4286286,-
KIAA0020,chr7_72831798_72836576,86.42714206,-
PPFIA3,chr7_43665722_43729428,86.41849512,+
TTC14,chr15_80059809_80098415,86.41505265,-
PTBP2,chr7_2235564_2238014,86.40245419,+
HTATSF1,chr3_184363565_184365132,86.40048142,-
LSM6,chr11_62856381_62881018,86.39348717,-
PPP1R9A,chr6_31536683_31540321,86.3897715,-
LSM4,chr19_12668617_12669127,86.38529751,+
TNKS2,chr22_40955446_40964046,86.3841912,-
ZC3H12A,chr14_58270485_58270933,86.3802627,+
HTATSF1,chr8_127796071_127890588,86.3793941,+
SNRPD2,chr14_75060261_75061683,86.3679134,+
PHC1,chr5_176352748_176359810,86.36787141,+
RC3H1,chr12_54183959_54188950,86.36720644,+
ANKHD1,chr19_49560692_49576758,86.36541015,-
NCBP2,chr10_102402159_102402251,86.36139273,+
KIAA0020,chr19_45164970_45178134,86.36107207,-
ACO1,chr1_145975436_145977482,86.36010721,-
RBM23,chr3_9838207_9838984,86.35496165,-
U2AF2,chr9_69065043_69072611,86.35421881,-
NUFIP1,chr2_150474984_150487267,86.34601739,+
TRA2B,chr2_169812506_169819560,86.34421362,+
RBM22,chr19_40775669_40775751,86.33808007,+
SFMBT1,chr2_135645527_135651732,86.33676,-
HNRNPM,chr2_218661520_218661758,86.33609691,-
TROVE2,chr13_19852190_19863449,86.32409397,+
TDRKH,chr12_46383713_46387746,86.32321383,+
KIF24,chr8_127796008_127890588,86.32273822,-
EIF4H,chr9_127936655_127937817,86.32092158,-
INPPL1,chr2_95912435_95917854,86.30314372,+
FMR1,chr14_75783530_75792912,86.30157846,+
YTHDC1,chr17_5434966_5438122,86.29605433,+
PHC1,chr1_2397220_2400856,86.29306426,-
EIF2S1,chr11_86302478_86303356,86.28412301,+
SNRPD3,chr17_7015156_7016494,86.28154939,-
ZRSR2,chr11_66055315_66055537,86.28138624,-
KIAA0020,chr7_101218485_101222603,86.27160162,+
SLBP,chr2_169812506_169819560,86.27137978,-
MCM3AP,chr2_27445449_27445744,86.26899299,+
ZCRB1,chr8_108229195_108248612,86.26721179,-
EIF4H,chr1_51652041_51714002,86.26623854,-
PAPSS1,chr8_76984195_76999989,86.25907891,-
RBM12,chr12_124913339_124913567,86.25642651,-
DDHD2,chr7_107174745_107179878,86.25350642,+
SAFB2,chr8_140405698_140426614,86.24911889,+
ANKHD1,chr5_134738792_134743986,86.24831351,-
DKC1,chr19_43511566_43527096,86.24297155,-
TAF15,chr3_185925626_185937824,86.24052937,+
RBM28,chr1_25343073_25351625,86.23961626,+
FUS,chr3_42619708_42621428,86.23843394,+
RNPC3,chr7_151055606_151056579,86.23689213,-
TIA1,chr2_27583716_27598066,86.23677374,+
HNRNPA3,chr1_179131481_179133311,86.23462449,-
PNO1,chr20_5115572_5118768,86.2315397,-
SCML1,chr3_193615770_193618868,86.22952821,-
PPP1R9A,chr19_53115307_53116312,86.22733694,+
SLBP,chr9_68259434_68264467,86.22681885,+
PCBP2,chr17_31024426_31031559,86.2198229,+
PSPC1,chr2_97219246_97224808,86.21333366,+
RBM24,chr4_165327764_165337788,86.21278214,-
DKC1,chr6_28086386_28088562,86.21271009,+
SNRPD1,chr9_15267948_15307083,86.21149268,+
PPP1R9A,chr1_39480009_39484600,86.21085765,+
SFPQ,chr3_9932703_9932952,86.21052997,+
CCAR1,chr8_129776285_129777342,86.19775278,-
APTX,chr14_58215284_58223621,86.19632354,-
KRR1,chr1_172551626_172555868,86.1906103,+
ZCRB1,chr3_66221127_66243202,86.18822023,+
ZCRB1,chr11_85982003_85983865,86.18448731,+
FUS,chr1_1703995_1704222,86.17842224,+
SNRPA,chr2_101860986_101864929,86.17832961,+
SETD1A,chr19_47169923_47176214,86.17592676,-
SAMD8,chr19_18900449_18903267,86.17288464,+
NCBP2,chr12_69362907_69370705,86.16878304,-
TAF15,chr11_118757287_118759921,86.16396491,-
SNRPN,chr2_178469782_178477061,86.15215434,+
TRA2B,chr1_117929924_117933287,86.14749513,+
DNAJC17,chr11_85983973_85996825,86.14656139,+
LSM1,chr20_20026919_20032507,86.14506531,+
EIF4H,chr8_100162420_100165813,86.14172949,+
ZCRB1,chr6_31158722_31159142,86.14166979,+
RRP7A,chr19_45423381_45449172,86.12943556,+
BICC1,chr17_75286802_75289353,86.12750019,-
ZC3H8,chr7_79458999_79470593,86.12570267,+
SLTM,chr1_954082_954463,86.12334197,-
RBM3,chr1_20780540_20786513,86.12264966,-
RBM7,chr10_63264764_63380317,86.12119996,-
TRA2A,chr19_49866528_49867053,86.11664814,+
BICC1,chr4_121677950_121681670,86.11457728,-
SRRM2,chr2_164950133_164959254,86.11388128,+
THUMPD1,chr2_97209709_97209799,86.1099924,+
SRRM2,chr8_127890998_127989161,86.10021009,+
HTATSF1,chr22_42599793_42602769,86.09804592,-
TRMT2A,chr4_56810184_56820535,86.09749119,-
SRRT,chr4_184638468_184649394,86.09550103,-
RC3H1,chr22_24568176_24571915,86.09306324,+
TARDBP,chr17_59112345_59155130,86.08681111,+
CNKSR1,chr5_98869277_98869753,86.08445376,+
ZC3HAV1,chr7_26203022_26206367,86.08141909,+
SART3,chr9_92229126_92240642,86.08057127,-
SFMBT2,chr7_139340619_139345500,86.07950799,+
PPFIBP1,chr3_184365226_184366716,86.07565991,+
KIAA0020,chr20_50151315_50153516,86.07169969,-
PABPN1,chr17_76726879_76729689,86.06988353,-
RBM8A,chr17_31024426_31031559,86.05967181,+
MSI2,chr20_56388202_56390555,86.05137851,+
SETD1B,chr19_7629860_7630822,86.04919065,-
PSPC1,chr19_9157394_9158825,86.04859523,+
SNRPB2,chr5_88269027_88270525,86.04649174,+
PPIL4,chr11_20363798_20364236,86.04491055,-
RPS3,chr2_130182775_130202324,86.034572,-
POLDIP3,chr12_46366240_46366863,86.03014834,-
YTHDC1,chr10_119104197_119107967,86.03014139,+
FXR1,chr19_35497681_35498715,86.02825895,+
PABPC3,chr3_170868387_170870158,86.0247188,+
GTF3A,chr9_26913947_26919309,86.02403256,+
PUM1,chr1_30966197_30967166,86.02269575,+
HNRNPR,chr14_73136579_73147794,86.0150702,+
HNRNPA2B1,chr3_188154021_188225404,86.01428556,+
CNKSR1,chr17_76089320_76090328,86.01348691,-
SGMS1,chr17_75267630_75268082,86.0111897,+
EPHA2,chr11_34890552_34916227,86.00893418,+
MKRN2,chr1_210239608_210241557,86.00730692,+
LSM5,chr4_173332995_173333117,86.00455154,-
UNKL,chr10_119160969_119161054,86.00086379,-
PPFIA3,chr5_132937193_132937648,85.99721601,+
HNRNPA1,chr19_47203740_47205103,85.99660897,-
PUM2,chr2_169812506_169819560,85.99599179,+
NUFIP1,chr16_31201841_31202416,85.99430358,+
SNRPD3,chr9_19378517_19378708,85.99170768,+
HDLBP,chr16_46681520_46683507,85.99152216,-
RBM26,chr2_101860986_101864929,85.99085975,+
CSTF2T,chr1_161073299_161073719,85.98321599,+
SETD1A,chr7_64947955_64949115,85.97553246,+
RNF113A,chr12_42161765_42210547,85.97480737,+
LSM2,chr11_57737668_57737835,85.97297528,-
SGMS1,chr19_48815141_48832665,85.97161806,+
LSM6,chr1_173800519_173807266,85.97014038,+
ACO1,chr6_125915480_125920942,85.96995628,-
SEC23IP,chr13_19852190_19863449,85.96989176,-
RBM18,chr16_30076100_30076314,85.96439931,+
SUPT6H,chr15_90984140_90994406,85.96041624,+
MSI1,chr10_79798027_79804484,85.95841607,+
FMR1,chr7_66076093_66082367,85.95836016,+
RBM18,chr9_65731867_65733509,85.95324981,-
RC3H2,chr3_4453049_4467324,85.94691461,-
SNRPE,chr4_76256523_76263703,85.9458767,+
LSM6,chr6_85572371_85574257,85.94425912,-
SNRNP35,chr1_151166792_151166933,85.94260921,-
G3BP2,chr12_123345570_123348028,85.94185437,+
ZC3H18,chr1_23321663_23333517,85.94029074,-
RC3H2,chr8_47727293_47735306,85.93730447,-
EIF4B,chr7_66775393_66795510,85.91261717,+
MYEF2,chr1_175018576_175023271,85.90852317,-
HDLBP,chr13_30618056_30621763,85.90298614,+
ZCRB1,chr19_57392948_57394187,85.90107481,+
PUF60,chr8_54051188_54052654,85.90024094,+
EPHA2,chr12_46367340_46370511,85.88508893,+
ZNF638,chr6_31728745_31730050,85.88387324,+
HNRNPA3,chr1_25340579_25351625,85.87162346,-
EIF2S1,chr4_139678642_139703454,85.8685248,-
RBM34,chr19_43665459_43667580,85.86797707,+
PPP1R10,chr5_179826291_179833031,85.86576861,-
RBM10,chr7_54757594_54759157,85.86398744,+
CHERP,chr15_29701689_29704161,85.86392936,-
SNRPG,chr5_163513669_163516517,85.85133512,+
SYNCRIP,chr9_36589652_36597221,85.84458174,+
ZC3H10,chr19_38587817_38595484,85.84182019,+
TIPARP,chr17_39200743_39201212,85.83554676,-
SLTM,chr18_36800311_36807846,85.83439544,-
NONO,chr2_108621461_108659604,85.82839811,+
TRMT1,chr17_58999459_59012327,85.82738374,+
EIF2S1,chr6_107040230_107040380,85.82089345,-
MBNL2,chr21_46636547_46636895,85.81963755,+
TMEM63A,chr8_79919148_80030053,85.81869552,+
RBM38,chr3_138188530_138221925,85.81818178,-
LARP4B,chr19_3452666_3462751,85.81342298,+
GTF3A,chr12_124912180_124913320,85.8132024,-
INPPL1,chr19_16185765_16190886,85.81214623,-
TNKS2,chr8_55743620_55750963,85.80467465,+
IGF2BP2,chr14_23081836_23090521,85.80435058,+
CPSF4,chr4_76130749_76132522,85.80314903,+
RBM5,chr3_10313437_10315320,85.80137583,-
SFPQ,chr7_66769025_66770322,85.80068312,+
U2AF1L4,chr1_145895711_145896267,85.80042662,+
HNRNPH3,chr12_111889000_111890039,85.79687549,+
ZCRB1,chr14_35402663_35402770,85.79379314,+
PUM2,chr2_127848185_127858027,85.79106452,+
UPF1,chr2_27583142_27598066,85.78877204,+
DGKH,chr1_151017904_151024610,85.78682132,+
APTX,chr7_130399039_130400038,85.78294313,+
SCML2,chr20_35739547_35740524,85.77703494,+
SAMHD1,chr7_66775393_66783671,85.77438639,-
RBM7,chr8_94726441_94738368,85.76575323,+
MBNL3,chr1_151167414_151168193,85.76499726,-
HNRNPA3,chr11_105041719_105044391,85.76295067,+
KHDRBS1,chr9_129123138_129127963,85.75684336,-
RBM27,chr12_111840477_111841683,85.7564754,+
RBM26,chr18_662320_670691,85.7527218,+
PTBP1,chr8_140925749_140948665,85.75143451,-
ZFP36,chr17_5436037_5438122,85.75039052,-
PPFIBP1,chr5_177136030_177191883,85.74099788,+
HTATSF1,chr8_144827609_144837390,85.73955585,-
RC3H2,chr17_7626793_7627142,85.73653304,-
HNRNPA2B1,chr9_136791424_136791946,85.73270307,+
SNRPB2,chr19_32581327_32582194,85.72982941,+
HNRNPC,chr8_143581328_143586218,85.72939728,+
PCBP4,chr3_150544498_150546051,85.72853039,-
TRA2A,chr1_149177212_149250564,85.72830286,-
GRSF1,chr3_9816202_9817644,85.72494611,+
RBM22,chr13_20732121_20757454,85.72124072,-
RNPC3,chr3_150603686_150622384,85.71800566,+
SNRPC,chr2_227342819_227347225,85.71602599,+
PPP1R10,chr7_130399039_130400706,85.71295376,+
HNRNPAB,chr8_69466950_69501873,85.71282929,-
SSB,chr11_67467563_67468027,85.71108148,-
ESRP1,chr17_59001714_59012327,85.71088239,+
RBMS2,chr8_73955765_73955910,85.70592639,-
ZC3H12A,chr19_6373557_6374202,85.70331512,+
TNKS2,chr2_38343512_38378021,85.70307108,+
SRRT,chr15_63062645_63064063,85.69855181,-
RBM12B,chr12_48816995_48823343,85.69475997,+
CPSF4,chr1_151762500_151763326,85.69323661,+
PAPSS1,chr8_66667701_66677641,85.69044493,+
RALY,chr3_75673238_75675763,85.69032791,+
RBM41,chr21_42376686_42380116,85.68669902,+
ZFP36,chr1_52905090_52906518,85.68427195,+
RBM6,chr17_27306882_27307743,85.68409436,-
CSTF2T,chr20_349363_353209,85.68330011,-
LARP4B,chr3_158650061_158652095,85.68097326,+
SAFB,chr1_6232119_6234885,85.68025096,+
TIAL1,chr8_66444748_66445217,85.67739668,+
RBM12,chr1_154268954_154269361,85.67546602,+
TRNAU1AP,chr1_70230618_70231094,85.67314136,+
BICC1,chr16_66552793_66563071,85.67196957,-
NIP7,chr1_153619038_153625303,85.67045332,-
HNRNPH3,chr14_90317820_90318004,85.66706062,+
RBM25,chr19_19033930_19034130,85.66301765,+
RBM25,chr8_85114355_85115099,85.6581745,+
RC3H2,chr4_56452052_56453602,85.65815147,+
NUFIP1,chr9_75069102_75069894,85.65805048,-
ZCRB1,chr17_41893174_41897748,85.65760793,+
SNRPD2,chr6_10521594_10527473,85.65127377,+
NCL,chr19_10679927_10681018,85.6497787,-
NUFIP1,chr1_28229023_28230130,85.64916913,-
HDLBP,chr1_54043525_54052999,85.6413472,-
DAZAP1,chr12_46243314_46267224,85.64126936,-
EPHB4,chr4_121677950_121681670,85.64058842,-
NUPL2,chr6_90536401_90547257,85.63941311,+
LSM6,chr7_26203022_26206367,85.62387725,-
PNO1,chr8_140511646_140515125,85.62051538,+
SETD1A,chr10_45972730_45982522,85.61854737,+
NIP7,chr11_33258690_33286412,85.616668,+
UNKL,chr5_154865385_154871729,85.61581588,-
BICC1,chr18_46818447_46820932,85.61507435,+
RBM15,chr2_55875065_55881611,85.60500747,+
ZC3H14,chr3_195968385_195971322,85.60377045,-
YTHDF3,chr3_9804013_9810620,85.59604205,-
PUM2,chr16_4454927_4455545,85.59470831,+
STIM1,chr11_10855118_10856143,85.59456732,-
RBM45,chr16_89687815_89689251,85.59375515,-
RBMS1,chr16_1309773_1312346,85.5927703,-
MSI1,chr1_243172846_243186258,85.59044757,+
KRR1,chr2_218659743_218660938,85.58629577,+
LSM2,chr5_81301670_81304740,85.57104624,+
RBM26,chr9_96641886_96645892,85.57103666,+
RBM14,chr3_50227193_50252099,85.56864991,+
RBM22,chr17_5488589_5488822,85.5652386,+
LARP4,chr5_39383271_39388798,85.56408791,-
HNRNPA0,chr10_73246799_73247009,85.56013793,-
RBM7,chr1_1503661_1509204,85.55767095,+
PAPSS2,chr6_311962_345853,85.55534996,+
SLTM,chr3_139385200_139389547,85.55126857,+
POLDIP3,chr12_110499546_110502048,85.55074038,+
LARP4,chr11_111910449_111910633,85.53993762,-
PUM1,chr16_85779867_85781210,85.53807828,-
CNKSR1,chr8_129988331_130016369,85.53541118,-
RC3H2,chr3_9435906_9436849,85.53287153,+
ESRP1,chr8_53979171_53984362,85.52998046,+
TNKS2,chr11_119011283_119011938,85.52801488,+
RBMXL1,chr4_75981545_75981932,85.51944996,+
RBM28,chr17_7224393_7224483,85.51934455,+
ZC3H3,chr8_143691232_143691599,85.51842562,+
HNRNPM,chr17_28720430_28720706,85.51299665,-
GTF3A,chr7_155302846_155303824,85.50708994,-
TOE1,chr16_2205512_2206030,85.50655083,+
NUPL2,chr2_128091382_128097428,85.492734,+
LARP7,chr22_15777336_15778009,85.49120078,+
RBM10,chr1_26934419_26941456,85.48992791,+
SAFB2,chr2_206160710_206161345,85.48456693,+
CARHSP1,chr5_134738792_134743986,85.48234293,-
PHC3,chr11_73825796_73843246,85.48112883,+
EEF1G,chr3_49310737_49324701,85.47982159,+
PPIE,chr2_200419496_200440648,85.47962469,-
RBM15B,chr17_28716058_28717212,85.47670528,-
PRPF3,chr6_158637894_158644681,85.46510028,+
ANKHD1,chr3_52688206_52689073,85.45409282,-
TLR2,chr17_75040202_75042180,85.45219233,-
MSI1,chr8_47280017_47291032,85.45123598,-
ZC3H8,chr2_55875065_55881611,85.44907331,-
SFMBT1,chr9_21324321_21335096,85.44406768,+
RBM4,chr10_68737048_68740628,85.4423065,+
PUM1,chr7_100098290_100098566,85.44003734,-
PTBP2,chr10_80454371_80468546,85.43613047,+
LSM2,chr12_50016719_50025327,85.43240482,+
SAMD12,chr11_102607452_102677702,85.42895701,-
PARP14,chr1_181050286_181052234,85.42852803,+
SF3B4,chr14_55148684_55150798,85.42688584,-
RBPMS2,chr7_48101982_48106872,85.40947832,-
HNRNPAB,chr3_132579056_132579491,85.40918888,+
RBM34,chr8_125083258_125091614,85.40885183,+
RBMX2,chr17_7013516_7013665,85.40718431,-
SF1,chr1_45661225_45686411,85.40680467,+
BICC1,chr14_92732815_92741061,85.40052523,+
RNPS1,chr8_54063375_54100907,85.38756141,+
RBM10,chr22_31945678_31956138,85.38721214,+
LSM1,chr16_5090565_5093483,85.38196959,+
RBM23,chr14_75053659_75061683,85.38045136,-
SNRPE,chr1_153968639_153968929,85.38004982,+
PAN3,chr11_86302478_86337378,85.377977,-
ZC3H12A,chr17_1714014_1716129,85.3759774,-
RBMS2,chr14_30622399_30630476,85.3758075,+
CCAR1,chr21_37232451_37238459,85.37497913,+
RBMS2,chr7_88209452_88217121,85.37473222,-
ZRANB2,chr1_25904738_25905851,85.37237586,-
ELAVL2,chr20_58993675_58994109,85.37180872,+
UPF3B,chr11_119019317_119021759,85.37128577,-
HNRNPD,chr4_82359639_82373445,85.37098361,+
NOL8,chr1_161118178_161118785,85.36593161,+
KIN,chr19_42511628_42512349,85.3542664,-
PUM1,chr11_86268561_86270082,85.35385441,-
ZNF239,chr1_173864304_173865509,85.34959793,-
ARAP1,chr1_154266568_154268759,85.34453,+
ZC3H12C,chr7_97966977_97969769,85.34345889,+
IGF2BP2,chr1_161157017_161157253,85.34341573,+
NUPL2,chr10_12210322_12215739,85.33943074,+
RBM5,chr19_45079279_45079906,85.33696234,+
SNRPB2,chr19_5896997_5903611,85.33608311,+
SAMD10,chr2_227325427_227332418,85.32948899,-
ZCRB1,chr15_59642262_59657405,85.32786231,-
ZC3H12A,chr15_65607442_65610795,85.32697881,+
DUS3L,chr7_22485060_22492564,85.32448814,+
RBM33,chr14_58270485_58271850,85.32170613,-
SNRPD3,chr7_56103011_56106363,85.32125223,-
SNRNP35,chr2_37376302_37384167,85.3205033,+
EWSR1,chr5_132998850_133006758,85.3190801,+
FUBP3,chr8_143616440_143616566,85.31625003,+
RALY,chr1_150441023_150441880,85.30668612,+
MKRN2,chr12_52056159_52056456,85.30367908,-
PPFIBP1,chr12_6724818_6728222,85.30098031,+
HNRNPA2B1,chr3_15052633_15059368,85.30079701,-
RALY,chr5_70946176_70952438,85.29808692,-
PHC2,chr15_67519102_67521545,85.29780328,+
LARP4B,chr12_120563070_120563331,85.29259058,+
YTHDF1,chr1_954523_955922,85.29251859,+
NUPL2,chr3_114056864_114065236,85.28295733,+
SYNCRIP,chr22_46337944_46346421,85.28256747,+
RBM45,chr16_30985297_30985656,85.28160784,-
RBM18,chr17_81551203_81551731,85.28064855,+
RBMXL1,chr3_15562983_15563357,85.27547043,-
RBMS2,chr2_202292903_202297378,85.2683037,-
RNPC3,chr2_10775071_10778571,85.26152529,+
TNKS,chr11_94479761_94485927,85.26102308,+
SCML2,chr7_128754455_128754528,85.25900615,-
PUF60,chr19_10679927_10681018,85.2588981,+
EPHB3,chr6_122633367_122717786,85.25628058,-
MATR3,chr11_93733419_93734624,85.25147747,+
LARP4B,chr11_95795559_95799231,85.24816335,+
HNRNPC,chr18_9137096_9182381,85.24701126,+
CPEB4,chr1_161212654_161213379,85.24495602,-
RPS3,chr5_69560242_69562672,85.24293034,+
EPHB4,chr22_19432859_19433264,85.23646345,+
SAMD4B,chr7_130399039_130400706,85.23425085,+
PABPC4,chr19_57390114_57394187,85.23402895,-
HNRNPA2B1,chr1_43365623_43366267,85.22723321,-
POLDIP3,chr18_116920_118296,85.22518437,+
MCM3AP,chr1_84498548_84501825,85.2234264,+
SASH1,chr2_97206135_97211545,85.21808032,+
SNRPB,chr19_47781388_47784405,85.21734003,-
CHERP,chr13_72778380_72781288,85.20713092,-
RBM8A,chr7_101218485_101222603,85.2001308,-
EPHA2,chr9_10948481_10958409,85.20009477,+
ZCCHC14,chr17_7241679_7242240,85.19934241,+
RBM7,chr11_67585241_67586103,85.197439,+
ZC3H13,chr8_53841725_53842870,85.1970344,-
CNOT4,chr8_58434504_58445906,85.19702973,-
HNRNPC,chr11_95887684_95888155,85.19242405,+
MEX3D,chr11_129839702_129852474,85.18737273,+
DDHD2,chr19_582578_582749,85.18589726,-
ZC3H12A,chr8_144425051_144425682,85.18442983,+
SAMD4B,chr1_150441023_150443230,85.18373101,+
PABPC1,chr7_26201561_26206367,85.17510268,-
RBM12,chr2_37376302_37378272,85.16504774,+
EPHB4,chr17_75574260_75574452,85.16397634,+
PABPN1,chr12_11047188_11171421,85.16189081,+
MBNL2,chr5_170788668_170794230,85.16007679,-
SNRPA,chr22_35746561_35759887,85.15743769,-
RBM27,chr2_227325427_227332418,85.1570577,+
CSDE1,chr1_117929782_117933287,85.15548687,+
TRMT1,chr8_69466950_69501873,85.14733084,+
MEX3A,chr17_44218296_44219444,85.14189946,+
ESRP2,chr19_58230462_58231771,85.13030505,-
RBM25,chr7_44013679_44016433,85.12817154,+
PPP1R9A,chr2_182732542_182740298,85.12784477,-
NCL,chr5_179616218_179617020,85.12168439,+
SNRPB,chr8_94885558_94890414,85.11878252,-
ZC3HAV1L,chr1_86354859_86358786,85.10207844,-
EEF1G,chr16_46663162_46671704,85.09869702,-
PPFIA3,chr20_20032653_20033101,85.09662764,+
SSB,chr17_51161272_51166826,85.09265277,-
SGMS1,chr12_8650589_8654436,85.09195905,-
PABPC3,chr2_178469785_178478278,85.08526813,-
SNRPD2,chr2_37376302_37378272,85.08014491,-
RBMS1,chr17_59697978_59707379,85.08011914,+
PAPSS2,chr16_46663162_46671704,85.07806139,-
RBM23,chr19_58230462_58231771,85.07791746,+
SUPT6H,chr6_689212_693018,85.07779178,+
MKRN3,chr8_69466950_69501873,85.07560167,-
RBM34,chr6_33269819_33270198,85.06846342,+
EPHB4,chr11_95882496_95888155,85.06388071,+
DAZAP1,chr7_101218217_101218318,85.06080417,+
U2AF1,chr7_103086764_103097276,85.05575328,+
CNOT4,chr4_184681015_184682247,85.05324601,+
SF3B4,chr17_44212006_44212343,85.04879265,+
THUMPD1,chr17_76558600_76558944,85.04590287,+
MEX3C,chr3_197069260_197075836,85.04490674,+
FUBP3,chr2_210016257_210016506,85.04197547,+
ZC3H14,chr6_31651776_31652399,85.04013578,+
KIN,chr18_74155224_74155305,85.03844997,+
IREB2,chr19_57390114_57394187,85.03031171,+
HELZ,chr11_7672891_7674225,85.02923785,+
ARAP1,chr7_44579628_44581448,85.02738669,-
MSI2,chr8_143824399_143828983,85.02603857,-
SYNCRIP,chr1_28369825_28392841,85.02084141,+
SLBP,chr3_11833151_11839221,85.0148316,+
PHC3,chr7_22976305_22977340,85.00968233,+
YTHDF1,chr7_36335178_36336153,85.00521501,+
KHDRBS1,chr3_101574279_101579841,85.00502186,+
SLBP,chr7_74243246_74249738,85.00006854,-
PPP1R9A,chr16_189339_189930,84.9973405,+
RBM33,chr12_120566980_120575630,84.99574578,-
SRRT,chr7_148757150_148759547,84.98376589,+
SNRNP35,chr4_169742107_169750535,84.98187478,+
CNOT4,chr4_77894250_77906945,84.97803724,+
RBM34,chr22_24557800_24571915,84.96456363,-
ZC3H14,chr12_52897618_52898460,84.95279073,+
HNRNPC,chr10_73575675_73576135,84.94552906,-
HELZ,chr8_47939697_47953619,84.94468707,-
PHC3,chr1_51730001_51745535,84.94327866,-
RBM7,chr1_151262301_151263913,84.93346528,+
SGMS1,chr13_19852190_19863449,84.93264674,+
ZC3H14,chr1_153563887_153566701,84.91529032,+
SNRPD1,chr14_64924126_64943298,84.91097248,-
SF1,chr3_9977446_9986506,84.90761138,+
KIN,chr1_182388750_182390496,84.89849921,+
ZGPAT,chr17_81110959_81115769,84.89533285,+
ZCRB1,chr7_87152555_87163494,84.89406407,+
ZNF74,chr4_13368650_13369870,84.89402121,+
SRRT,chr7_97022287_97024268,84.89313783,-
SSB,chr3_184363565_184365132,84.8908158,+
RBM22,chr2_95956816_95958590,84.89065689,+
KHDRBS3,chr14_77720828_77730987,84.88451943,-
SAFB2,chr7_128754455_128754528,84.88206263,-
IREB2,chr19_18436479_18437859,84.88189742,+
SAFB,chr1_51652041_51714002,84.88119547,+
DAZAP1,chr6_106971834_106973316,84.85936724,-
HNRNPA3,chr1_220069432_220073966,84.85364844,+
RBM26,chr1_86384801_86386914,84.85067817,+
ASCC1,chr14_50330181_50332261,84.84740904,+
SLBP,chr7_5193171_5199575,84.84613907,+
U2AF1,chr10_63264764_63380317,84.83341468,+
HNRNPAB,chr5_139314736_139316075,84.83283971,+
SYNCRIP,chr22_42599793_42602769,84.82400722,+
ZFP36,chr8_102652397_102655565,84.82075858,+
HNRNPL,chr19_9157394_9157979,84.81902893,+
CCAR1,chr14_23561635_23562287,84.81891817,+
MSI1,chr12_124912890_124913118,84.81405028,+
YTHDC1,chr17_63830501_63830724,84.81374559,+
SAMD4A,chr5_180467364_180483114,84.81306824,-
RALY,chr3_11272430_11280993,84.81289935,-
RBM26,chr8_63169411_63186146,84.81200377,-
PAPSS1,chr3_38348632_38357013,84.81149094,+
HELZ,chr8_60584815_60591857,84.81062657,+
U2AF1L4,chr3_11272430_11280993,84.80866105,-
MSI2,chr14_60968397_60968558,84.80591307,+
TNKS,chr19_54360072_54361009,84.80486334,+
EEF1G,chr17_38760608_38762410,84.79872436,+
SAMD4B,chr5_70725287_70749576,84.792527,+
MSI1,chr5_39383271_39388798,84.78981727,-
RBM12,chr3_183833589_183840569,84.78372142,+
MBNL2,chr13_19852190_19863449,84.77985744,-
U2AF1L4,chr8_93917079_93922015,84.77760769,+
LARP4,chr7_28570537_28718752,84.77727817,+
SAMD4A,chr8_42535335_42541537,84.77600723,+
PABPC1,chr16_28489386_28491713,84.77166519,-
SETD1B,chr15_90966653_90969446,84.77045988,-
SF3B4,chr12_52244611_52245489,84.76989948,-
ZFP36L2,chr12_53672645_53676175,84.76724174,-
ZCCHC14,chr2_227340380_227342744,84.76685499,-
ZC3H12A,chr16_189339_189930,84.76293535,+
SNRNP70,chr3_114057106_114065236,84.76213328,+
ZC3HAV1,chr6_36678939_36684096,84.76081837,+
HNRNPAB,chr3_129451998_129463559,84.7554716,+
ZC3H7B,chr6_125248383_125257097,84.75357656,-
LSM10,chr7_130400254_130400706,84.75220695,+
ZCCHC17,chr3_11807895_11808334,84.74801876,+
PABPC1L,chr10_124774782_124789038,84.74584851,+
RBPMS,chr19_36226073_36228747,84.74236222,+
RPS3,chr1_44655119_44660173,84.74208199,+
IGF2BP2,chr1_160224549_160225590,84.73863835,+
THUMPD3,chr22_24556071_24557656,84.73812948,+
GRSF1,chr1_108696337_108697809,84.72948003,+
TIAL1,chr11_86264263_86276979,84.72520203,-
RBM12B,chr19_19202047_19202330,84.72492265,+
NONO,chr19_5896997_5903611,84.72120479,+
MBNL2,chr21_41994108_42002349,84.71994839,+
LSM10,chr6_27127401_27132524,84.7158721,-
ZFP36,chr2_3575350_3575600,84.71174362,-
DNAJC17,chr19_16185765_16190886,84.70989012,-
MKRN2,chr9_113273438_113275377,84.70356351,-
CSDE1,chr5_71604468_71632120,84.70097555,+
HNRNPM,chr6_10755209_10756466,84.70046109,-
ZFP36,chr8_66712833_66714800,84.69826674,+
ZC3H12A,chr6_105323111_105323664,84.69639927,+
ZC3HAV1,chr10_48306821_48401611,84.69313264,+
TARDBP,chr2_37344851_37352788,84.69242558,+
RBM5,chr8_76984193_76986186,84.67744071,-
ZC3H12C,chr22_29529239_29531077,84.67561685,-
PUM1,chr6_37170879_37171124,84.66592758,+
TP63,chr8_42338685_42339011,84.66371348,+
SF3A1,chr15_29701689_29704200,84.66363516,+
ARAP2,chr5_69509819_69534693,84.66233069,-
LARP4B,chr8_100259997_100264033,84.65556956,-
RAVER2,chr8_143990199_143991691,84.64007966,-
KRR1,chr15_99621080_99632977,84.62882227,+
YTHDF1,chr1_75724817_75732643,84.62752295,-
RBM4,chr16_28845055_28845911,84.62751962,-
NUPL2,chr3_184243630_184244600,84.61868978,+
SF3B4,chr9_68264514_68268933,84.60861436,-
POLDIP3,chr1_86384801_86386914,84.6072832,-
TRA2B,chr12_94412591_94459556,84.60696237,+
NUPL2,chr1_161157017_161157616,84.60290025,-
DGKD,chr19_44782491_44790003,84.60243874,-
ZRANB2,chr13_30618056_30621763,84.59634712,+
TMEM63A,chr10_73817554_73819531,84.5957672,-
ZCRB1,chr8_76984193_76986186,84.59131909,-
SNRPF,chr7_73692646_73693328,84.59116445,+
TRNAU1AP,chr1_155060832_155061417,84.58900315,+
RBMX2,chr14_55148473_55148593,84.58316689,-
DNAJC17,chr1_28457859_28459084,84.57085225,+
FMR1,chr8_116866761_116874309,84.56862289,-
TRA2B,chr3_188154021_188225404,84.56784619,+
LARP1B,chr3_160399749_160404377,84.56661663,+
NONO,chr3_160412849_160413472,84.56488702,+
SAMD4B,chr3_129288997_129298353,84.5610491,+
TDRKH,chr13_30461688_30462537,84.5585158,+
PUM2,chr3_170145521_170171372,84.55558981,-
THUMPD3,chr11_67585241_67586103,84.55434394,+
SAMD4A,chr2_30147062_30156627,84.55431262,+
EIF4B,chr22_22304114_22306789,84.54506323,+
SF3B4,chr14_96556413_96564954,84.54330852,+
RALY,chr1_241849027_241850408,84.54216298,-
SNRNP35,chr17_44212454_44212818,84.539627,+
THUMPD3,chr10_32048551_32050309,84.53873153,+
SCML2,chr1_193059776_193075819,84.53208866,+
FUBP1,chr17_28655483_28662045,84.53204181,+
CCAR1,chr2_43889876_43890222,84.52184438,+
PPFIA1,chr3_129506549_129507664,84.51352715,+
SAFB,chr9_129338917_129341349,84.51243743,-
MBNL1,chr8_51839638_51845660,84.5096786,+
RBM19,chr22_40967884_40972475,84.50951168,+
SF3B4,chr10_110569013_110575335,84.50915799,+
HNRNPA1,chr4_169713295_169719906,84.50585339,+
RBM27,chr12_9857637_9869204,84.49960755,-
YTHDC1,chr14_96556413_96564954,84.49786884,+
DAZAP1,chr5_69509819_69534693,84.49337837,+
PPIL4,chr3_10018071_10023529,84.4926284,+
DHX57,chr21_39181878_39183063,84.48937366,-
ZRANB2,chr2_3575350_3575591,84.48316459,+
SGMS1,chr11_406538_407061,84.47248822,+
U2AF2,chr2_127850685_127858027,84.47189151,-
SSB,chr9_128323147_128323282,84.46956694,+
RBM45,chr14_96556413_96564954,84.46840284,-
FXR1,chr12_52070071_52070353,84.45902954,-
RBM8A,chr6_31950403_31951143,84.45832615,-
HTATSF1,chr4_76136412_76144389,84.45146517,-
RBMS2,chr5_180468269_180483114,84.45011985,-
RBMS1,chr11_18266443_18266883,84.44926187,-
TRNAU1AP,chr12_53442733_53443540,84.44527369,-
SRRT,chr1_173864506_173864674,84.44276141,+
SF3B4,chr9_92324209_92325317,84.44254486,+
SUPT6H,chr2_65344896_65431961,84.44187125,+
CIRBP,chr3_57577387_57597073,84.4336199,-
POLDIP3,chr5_53646405_53683117,84.42819559,-
RBM4,chr12_50016719_50025327,84.42658852,-
LSM10,chr18_58335537_58341037,84.42476512,+
STIM2,chr7_107901817_107903477,84.4179666,-
ZC3HAV1,chr10_12210322_12217360,84.41746543,-
GRSF1,chr1_16888785_16889547,84.41109147,+
LARP4B,chr13_95560463_95602521,84.40966276,-
DLC1,chr1_155133546_155133729,84.40813643,-
NCL,chr15_74923770_74926765,84.40487251,+
PABPC1,chr18_23466276_23473428,84.39524408,-
HNRNPA1L2,chr1_228146938_228147409,84.38998322,-
SNRPD2,chr12_120197462_120198553,84.38916528,+
RBM45,chr9_136992704_136993052,84.38796419,-
SNRPD1,chr3_12503784_12516610,84.38306612,+
RBM4,chr8_142727700_142735325,84.37645622,-
RBM3,chr11_115399513_115504270,84.37623993,+
DHX57,chr7_64815044_64831450,84.37599379,+
SLBP,chr2_10775071_10778571,84.37454102,+
SAMD13,chr18_23466276_23473428,84.37292389,-
ESRP1,chr4_139678642_139703454,84.37084427,-
EIF3B,chr13_113539507_113548302,84.37076096,+
TNKS,chr3_168036994_168041391,84.37033094,-
EPHB4,chr19_49866528_49867053,84.36590793,-
QKI,chr1_1704146_1704222,84.35805205,+
KIN,chr9_33026616_33029884,84.35544761,+
LSM1,chr13_20732121_20757454,84.35299384,+
CSTF2,chr8_70707153_70713425,84.3529102,+
PRPF3,chr2_27661601_27662178,84.35002683,-
RNF113A,chr20_56390665_56392153,84.34444536,+
FXR1,chr18_9475691_9512990,84.34351387,+
ZCCHC17,chr1_51730001_51745535,84.34152373,-
PAPSS1,chr16_46620900_46621256,84.34038137,+
PPIE,chr1_28438430_28457831,84.33804728,+
PCBP2,chr7_72950196_72953325,84.33674541,-
PPIE,chr7_128748804_128753817,84.3365621,+
SSB,chr2_218659743_218660938,84.33615112,+
PUM1,chr7_87900878_87907187,84.33336541,+
HNRNPR,chr19_50475503_50475832,84.33155329,+
ZMAT5,chr3_38139028_38140387,84.33118439,+
SNRNP70,chr7_139036371_139036652,84.32835095,+
NOL8,chr6_18130780_18133803,84.32290482,-
SAMHD1,chr1_51837620_51840225,84.32148939,+
PCBP1,chr11_66438259_66438781,84.3188824,+
ANKHD1,chr17_44323590_44324710,84.31656017,-
RBM3,chr9_70344269_70346604,84.31554843,+
HNRNPK,chr7_66076093_66082367,84.31293478,-
MKRN2,chr17_28715901_28717212,84.31243565,-
SCML2,chr7_35164959_35179017,84.30951562,+
SUPT6H,chr2_68053137_68062944,84.3074954,+
SUPT6H,chr19_44782491_44790003,84.30525048,+
SAMD4B,chr6_26124749_26127697,84.29324757,+
YBX2,chr20_37236709_37238401,84.28922672,-
HNRNPAB,chr8_85113099_85114313,84.2883762,+
THUMPD3,chr1_235380149_235414432,84.28786741,-
FUBP3,chr1_160224549_160225590,84.28352497,-
THUMPD2,chr19_10679927_10681018,84.28283121,-
PPIE,chr15_41365863_41371526,84.28162157,-
ZRANB2,chr10_94545907_94546376,84.27985159,+
RC3H1,chr7_135363186_135393917,84.26751678,+
LSM6,chr1_153642429_153645063,84.26733861,-
RBPMS2,chr9_127450804_127451280,84.26632135,+
PPFIA3,chr3_131001344_131016151,84.26566051,-
NONO,chr3_158649157_158650004,84.25816748,+
TRA2A,chr8_47279980_47284027,84.25718819,-
NONO,chr1_151540426_151562090,84.25190699,+
SNRPG,chr6_96896847_96897658,84.24247706,-
SNRPF,chr4_55853797_55858313,84.2339845,+
EEF1G,chr6_13326963_13328455,84.23377755,+
SNRNP70,chr19_10136287_10137075,84.22767934,+
RC3H1,chr19_10579864_10581265,84.22506152,+
SETD1A,chr15_80120498_80121747,84.21692659,-
DAZAP1,chr7_64815044_64831450,84.21129926,+
RBM19,chr11_93807635_93811852,84.20327448,+
IGF2BP2,chr1_94530596_94533089,84.20079836,-
EIF3G,chr6_42211917_42214279,84.19946476,-
RBM14,chr7_73687095_73690915,84.19427503,+
RBMXL1,chr12_49298037_49298284,84.18932907,-
ESRP1,chr13_75804541_75817160,84.18771406,+
RBM8A,chr8_109334406_109336127,84.16730304,-
RBM12B,chr15_40563027_40564975,84.16241947,+
RBM15B,chr2_85398152_85398689,84.16117621,+
ASCC1,chr21_37232451_37238459,84.158842,-
ANKHD1,chr2_97142668_97144517,84.15684241,+
RNPS1,chr12_123974020_123988045,84.15418161,+
SNRPB,chr18_31068212_31068298,84.15192255,-
ZC3H11A,chr8_66444748_66447263,84.14747684,+
POLDIP3,chr11_93734660_93737063,84.14485447,+
EPHB4,chr3_37282272_37289234,84.14389023,+
SRRT,chr1_154220975_154225083,84.14267844,-
HNRNPM,chr8_129761008_129762625,84.13903501,-
HNRNPD,chr3_149009402_149026759,84.13736861,+
ZC3H7A,chr3_9435906_9436849,84.1361135,-
G3BP1,chr5_151110644_151117126,84.12568333,+
RBMS1,chr17_76727178_76732977,84.12073744,+
EIF3B,chr11_65893296_65896808,84.11747766,-
PRPF3,chr2_24074194_24076199,84.117435,+
SF3B4,chr1_175000195_175004613,84.11696851,+
PCBP2,chr18_35290391_35305975,84.11054302,+
TIAL1,chr1_212807848_212812250,84.10299795,+
PCBP2,chr7_74043034_74043102,84.10048899,-
ZFP36L2,chr21_39345274_39347378,84.09725454,-
TRA2B,chr5_170805853_170809567,84.09629319,+
SYNJ1,chr8_98032317_98033041,84.09544548,-
LSM10,chr10_56358687_56358804,84.09363582,+
RBM12,chr11_102627311_102677702,84.09022191,+
SNRPG,chr7_65760556_65761645,84.08785608,+
EIF3G,chr4_182915575_182917287,84.08602315,+
SNRPD1,chr5_70946176_70952438,84.083869,-
TRMT1,chr11_66438259_66438781,84.08337252,+
HNRNPD,chr14_23561635_23562287,84.07976505,+
YTHDC1,chr9_75069102_75069894,84.07932425,+
RBM14,chr5_139476454_139478269,84.07695141,-
RNF113A,chr5_172994822_173034398,84.06312287,-
LSM6,chr8_67045960_67051229,84.06001082,+
SAFB,chr1_93158885_93160128,84.05562942,-
PAPSS1,chr4_119217673_119239217,84.0540941,+
CSTF2T,chr12_46254936_46256691,84.04479846,+
SPEN,chr22_24220584_24224995,84.04368464,+
ZC3H18,chr11_96387613_96389364,84.04048531,+
SNRPB,chr1_228146938_228147409,84.03937866,-
DAZAP1,chr11_64319868_64320660,84.0377452,+
MATR3,chr12_110499546_110502048,84.03345965,-
HNRNPA1,chr6_10749268_10749621,84.02585603,+
RBM6,chr12_49749734_49752463,84.02149739,-
YTHDC1,chr5_177087077_177089549,84.02025458,+
PABPC3,chr5_178211970_178214795,84.01680037,+
HNRNPR,chr10_79806122_79814612,84.00868503,+
HNRNPF,chr19_50475455_50475832,83.99984233,+
ACIN1,chr3_168036994_168041391,83.99480118,+
IREB2,chr19_45079279_45079906,83.98631988,-
DKC1,chr11_66438259_66438709,83.98418293,+
SRRM1,chr8_69493125_69495764,83.98399562,+
LARP4,chr5_69560403_69562672,83.98041802,+
LARP1B,chr7_26203022_26206367,83.97609537,-
PPP1R9A,chr16_28487541_28489289,83.97585993,-
PHC3,chr13_75636726_75727028,83.97248092,+
GRSF1,chr17_82036061_82036190,83.96754921,+
ZC3H11A,chr1_156055425_156058314,83.96347332,-
PHC1,chr17_76727178_76729689,83.95833311,+
HNRNPR,chr1_150817433_150823193,83.95830533,+
CPEB2,chr7_91980333_91980872,83.94982653,+
SAFB,chr10_35188388_35206894,83.94672468,+
UPF1,chr5_70725287_70749576,83.94228239,+
HNRNPA1,chr17_8382315_8383156,83.93339802,+
SRRT,chr3_9816202_9817644,83.93169385,+
EIF2S1,chr19_35546808_35547118,83.93106293,-
NCBP2,chr7_100098290_100098566,83.92684162,+
TIPARP,chr17_7626793_7627142,83.92647007,+
PAN3,chr11_47172333_47173425,83.92441525,+
PCBP2,chr5_134206131_134225208,83.92323045,-
HNRNPK,chr1_8015400_8015494,83.92029501,+
RNPS1,chr5_134206131_134225208,83.91386924,-
U2AF2,chr6_127327144_127343335,83.90483765,-
SYNCRIP,chr3_9434485_9434589,83.90151943,+
HNRNPF,chr8_47935058_47935731,83.90107401,+
ZC3H18,chr21_33530884_33532344,83.89962069,-
SAFB2,chr17_8174272_8176199,83.8993275,+
FUS,chr17_81551203_81551731,83.89440877,+
MEX3C,chr2_39755960_39757247,83.89269978,+
GRSF1,chr7_23106794_23123776,83.8921921,+
KHSRP,chr7_87900878_87907187,83.88127449,+
ZC3HAV1,chr21_25982477_25997359,83.8800409,+
EIF3G,chr10_26751783_26765217,83.8785838,+
CARHSP1,chr8_54087496_54100907,83.87716756,+
ZRANB2,chr11_66438259_66438709,83.8752348,-
PUM1,chr8_85113099_85114313,83.8745216,+
CNOT4,chr9_33262246_33262701,83.8734605,+
PAPSS2,chr2_38343512_38378021,83.87329406,+
ZMAT5,chr20_349363_353209,83.8686672,-
EIF4H,chr9_136992704_136993052,83.86246781,+
SAFB2,chr4_139678642_139703454,83.86032653,+
PABPN1,chr19_55388048_55388242,83.85685142,+
SF3B4,chr19_1276103_1277182,83.85682591,+
DGKD,chr17_76727213_76732977,83.85143191,+
SNRPE,chr3_37146627_37148893,83.84239804,+
SPEN,chr12_124004935_124011380,83.83738309,+
TRNAU1AP,chr5_88269027_88270525,83.83310007,+
DLC1,chr4_15971082_15980421,83.83264685,+
DAZAP1,chr16_50025340_50025650,83.82831305,+
YTHDC2,chr20_3123406_3159765,83.82745226,+
LARP4B,chr17_38809765_38810275,83.82663698,+
PAPSS2,chr3_157553340_157571176,83.82223618,+
PAPSS1,chr3_49310737_49324701,83.82201063,+
ZC3H14,chr1_85267949_85270617,83.81676869,+
RBM38,chr12_104287346_104288930,83.81447098,+
ZC3H14,chr4_185678822_185775226,83.80988755,+
MBNL3,chr19_55279705_55280034,83.79983483,-
KIF24,chr8_27833133_27837709,83.7830431,-
NUFIP1,chr19_40617020_40619346,83.78190594,+
SLBP,chr10_99747390_99754528,83.77765463,+
HNRNPC,chr8_103421082_103426055,83.77641528,+
EIF4B,chr3_48694240_48694693,83.7733529,+
PPRC1,chr8_104531963_104588818,83.7701498,+
SF3A1,chr7_35164959_35179017,83.76094991,+
PPFIBP2,chr6_134170435_134171022,83.7608822,-
HNRNPL,chr17_7241679_7242240,83.75999626,+
DHX57,chr2_134945975_134946100,83.75997436,+
RBM26,chr19_18899726_18899872,83.75438322,+
MEX3D,chr2_101859864_101860824,83.74837142,+
PCBP2,chr6_90536401_90547257,83.74670822,+
LARP4B,chr2_9587509_9588164,83.74622741,+
RBM12,chr4_78930325_78939039,83.74238951,+
SLBP,chr8_63017630_63023906,83.73617982,+
SF3B4,chr1_75791571_75794083,83.71906374,-
RBM15B,chr6_13326963_13328295,83.71771116,-
PCBP2,chr15_74923770_74926765,83.71770265,+
PDCD11,chr2_130182452_130190468,83.71669942,-
DHX57,chr7_12640517_12644583,83.71391313,+
ZC3HAV1,chr10_72220379_72230365,83.71134723,-
HNRNPA3,chr1_94530596_94533089,83.7101305,-
EIF4B,chr3_100568967_100570608,83.71010649,-
PPIE,chr16_89878627_89883350,83.70398874,+
HNRNPA2B1,chr2_159762993_159767283,83.70193044,-
KIN,chr11_119011311_119011938,83.69958266,+
ZFR,chr15_59650764_59652205,83.69870798,-
PHC3,chr19_36551977_36554669,83.69756366,+
EIF3B,chr6_20535199_20535350,83.69382777,+
PHC2,chr7_73736691_73737561,83.69360223,-
RBM12,chr20_30377425_30379584,83.68385709,+
LSM10,chr8_63017630_63024079,83.67954815,-
PCBP1,chr3_10115819_10125625,83.67367148,+
RBM15,chr1_147932641_147936626,83.67180072,+
THUMPD1,chr15_64691588_64703028,83.66850255,-
PTBP1,chr11_65893296_65896808,83.66588851,-
STIM2,chr7_74043034_74043102,83.66565578,-
IGF2BP2,chr20_3209617_3213984,83.66219591,-
ZFR,chr3_14129085_14129411,83.66071498,-
PHC2,chr3_14129085_14129411,83.6528888,+
TDRKH,chr15_42218375_42219580,83.65249447,+
SEC23IP,chr17_28715901_28717212,83.65204603,+
PCBP2,chr9_130444995_130450271,83.64505613,-
YTHDC1,chr17_1365058_1400046,83.63743821,+
LARP7,chr11_66056955_66057268,83.63040698,-
QKI,chr2_97209709_97209799,83.62838699,+
ZNF74,chr4_15971082_15980421,83.62826149,-
LARP1B,chr6_33294066_33294976,83.62430133,+
NCBP2,chr7_133081048_133081856,83.62174065,+
TRMT2A,chr7_122081595_122086011,83.61999037,+
RBM4B,chr4_183445665_183446087,83.61348918,+
SPEN,chr18_21659343_21702315,83.61236269,-
HNRNPR,chr16_1961258_1961496,83.60627739,-
KHDRBS1,chr1_145623160_145623681,83.60611572,+
MEX3A,chr20_45409036_45409931,83.59203845,-
PPFIBP1,chr8_144465096_144465207,83.59148383,+
YTHDC1,chr10_13109015_13109096,83.58728857,+
HNRNPA1,chr17_36486785_36492812,83.58609612,-
LRSAM1,chr6_31980548_32013391,83.58162287,-
TTC14,chr7_99560695_99563862,83.58038286,-
LSM2,chr17_82244831_82248874,83.57428695,-
ZFP36L2,chr7_73686900_73690915,83.56767575,+
ZC3H11A,chr1_153642429_153645063,83.56325549,+
ANKHD1-EIF4EBP3,chr2_119339971_119340158,83.55703334,+
RBM15,chr1_51652041_51714002,83.55207258,+
RBM4,chr5_132998850_133006758,83.55082514,+
ANKRD17,chr1_235380149_235414432,83.54997109,+
PARP14,chr12_108562736_108564059,83.54014436,-
TIAL1,chr18_55229076_55232520,83.54007347,+
EEF1G,chr5_177087077_177089549,83.538845,+
SNRNP70,chr8_61619019_61637946,83.53736722,+
SNRNP70,chr10_27526889_27531528,83.53619657,+
ZC3H7A,chr12_46470262_46652389,83.53253201,-
RBM34,chr16_75451839_75464231,83.53231513,+
DAZAP1,chr19_16652961_16654034,83.52086212,+
SSB,chr15_89871546_89877305,83.51585255,-
PTBP2,chr12_120566980_120575630,83.51115682,+
SSB,chr20_45409036_45409931,83.51016695,-
SNRPG,chr14_103921208_103921469,83.5075168,-
ZC3HAV1,chr10_48306821_48401611,83.50479516,+
FUBP1,chr1_155241180_155244505,83.50156767,+
CNOT4,chr7_107186681_107190172,83.49128554,-
ZC3H14,chr17_18333288_18340042,83.47818987,+
EIF4B,chr17_7262343_7263928,83.47806635,+
CIRBP,chr3_9344548_9390289,83.47462713,+
SNRNP70,chr3_197069260_197075836,83.46754059,+
ZC3H3,chr18_62161385_62162252,83.46492137,+
TAF15,chr19_48839263_48841148,83.46404006,+
ZC3H8,chr6_10521594_10527473,83.46173799,+
HNRNPK,chr12_75482079_75495576,83.45546602,+
LSM2,chr7_17882943_17890362,83.45509757,+
RBM12,chr7_102567083_102568009,83.45244998,+
SAFB,chr2_97204096_97204190,83.45173533,-
MBNL1,chr11_102607452_102611600,83.45090885,+
PRPF3,chr19_48939701_48944823,83.45037484,+
LEMD3,chr12_132945797_132956242,83.44320829,+
EPHA2,chr19_53867943_53869689,83.44287532,-
PPFIA1,chr22_41622086_41636112,83.43802286,-
RBM15,chr10_48306821_48401611,83.43669378,+
RBM45,chr15_42559408_42560781,83.43259047,+
RBM4,chr12_95252071_95257149,83.43094633,+
ASCC1,chr10_80079307_80081840,83.42881376,-
HNRNPD,chr5_139294028_139314674,83.42395566,+
RBM10,chr19_44217852_44228445,83.42187657,+
STIM1,chr12_110492122_110496011,83.42168269,-
RBM22,chr21_37069624_37072144,83.41560733,+
HNRNPM,chr7_148832750_148836821,83.41489551,-
DKC1,chr19_43511566_43527096,83.4079703,-
NONO,chr2_130425158_130425913,83.4060151,-
SAFB2,chr11_93807635_93811852,83.40600534,+
RBM24,chr11_95788563_95790155,83.40557068,-
RBM23,chr11_113214511_113231644,83.40074233,+
CNKSR2,chr13_23668082_23673371,83.39001907,+
GRSF1,chr7_66584466_66592256,83.38379188,+
PABPC4L,chr20_25206590_25207078,83.37511523,-
DKC1,chr11_85983973_85996825,83.37271722,+
TARDBP,chr2_10784326_10784933,83.37091515,+
PRPF3,chr1_111120693_111122615,83.36945787,+
RBMX,chr8_58434504_58445906,83.36599928,-
ANKRD17,chr19_35507511_35509910,83.36287097,+
SSB,chr2_97209709_97209799,83.35468914,+
ZC3HAV1,chr1_32228816_32230926,83.35382481,+
RBM4,chr12_52056645_52057056,83.3533028,+
PUF60,chr19_12668617_12669353,83.33695556,+
ANKS6,chr2_58146474_58154753,83.33042025,+
RBM10,chr14_73136579_73147794,83.32742183,-
RBM12B,chr19_40084798_40090905,83.32615755,-
MCM3AP,chr1_150492489_150497529,83.32486352,+
G3BP1,chr9_133348388_133348921,83.31526532,-
TRMT1,chr7_107613732_107618327,83.31491477,-
CIRBP,chr3_131501715_131502848,83.31447512,-
RALY,chr6_13326963_13328455,83.31356733,+
RBMS2,chr19_45409725_45416820,83.31249456,-
TRNAU1AP,chr5_140695845_140696520,83.31047648,+
PCBP4,chr8_54062324_54063327,83.30564318,+
SYNCRIP,chr1_173800519_173807266,83.30067711,+
RNPS1,chr20_13814515_13816462,83.29934069,+
MBNL1,chr6_10755232_10756466,83.29595925,+
RAVER1,chr12_52244611_52245489,83.29580156,+
ZGPAT,chr1_151264918_151265393,83.29063249,-
U2AF1,chr4_169717867_169719906,83.28437698,+
PABPC4,chr5_180467671_180472613,83.28369141,-
TRMT2A,chr11_95790743_95795515,83.28171968,-
SF3B4,chr16_29446922_29454015,83.27813834,+
PAN3,chr19_39480961_39482884,83.27184472,-
NCL,chr9_90865097_90874203,83.27106074,+
LARP1,chr3_179588995_179593764,83.26846562,-
SAMD4B,chr8_144412901_144413236,83.26275088,-
HNRNPA1L2,chr17_17247151_17248925,83.25749965,-
SAMD13,chr5_134632195_134632727,83.25136755,-
LARP7,chr8_129760589_129760897,83.25084295,-
LRSAM1,chr11_93734660_93737063,83.24869262,+
ZFP36L2,chr18_50375239_50375819,83.24380995,+
SASH1,chr2_95876512_95880426,83.24102935,+
HNRNPA3,chr2_97118517_97122886,83.23486627,+
RBM15,chr10_70161931_70170475,83.23305181,-
RBM4,chr12_122218397_122224644,83.23208703,+
POLDIP3,chr21_17559131_17565427,83.20660122,+
RNPS1,chr11_34890552_34916227,83.19678958,+
ANKHD1,chr8_102265275_102266946,83.19263352,+
SNRPF,chr15_74920442_74923647,83.19085822,+
PHC3,chr8_51899846_51946435,83.17928334,+
PABPC1L,chr17_59697978_59707379,83.17045599,-
KIN,chr20_13793227_13798460,83.16798197,-
RBMS1,chr6_28271934_28272669,83.16606276,+
TARDBP,chr17_4942941_4944557,83.15392757,-
KHDRBS1,chr5_132488025_132490544,83.14537337,+
YTHDF1,chr8_125151277_125155999,83.14113112,+
FUS,chr2_101887261_101887777,83.13915975,+
SNRPD1,chr8_144425772_144426025,83.13764826,+
TTC14,chr19_53432028_53441795,83.1335245,+
RBMXL1,chr5_81301698_81304740,83.12766179,+
KIN,chr2_97209709_97209799,83.12140593,+
RALY,chr2_206161132_206161345,83.11709616,-
ACIN1,chr18_9102797_9103091,83.11117751,-
RBM8A,chr19_18538433_18539370,83.11106644,-
EIF2S1,chr14_55031991_55042951,83.10277779,+
YTHDF2,chr20_48963898_48965874,83.09331407,-
RBM8A,chr1_43451311_43451409,83.09097625,+
PABPC3,chr7_74041251_74043117,83.09077476,-
RBM42,chr1_28369825_28392841,83.09011046,+
CPSF4,chr19_42512479_42521266,83.08805031,+
CPEB3,chr1_154266568_154268759,83.08674188,-
FXR1,chr12_124912427_124913339,83.08246783,-
MKRN2,chr4_121671642_121672532,83.08165201,+
PPFIBP1,chr19_49101471_49102113,83.08129924,+
SUPT6H,chr8_47727293_47735306,83.07866728,+
HNRNPAB,chr22_37019774_37024191,83.07122401,+
SF3B4,chr5_178211970_178214795,83.05650501,+
ZCCHC14,chr8_67095732_67118247,83.05634561,+
THUMPD2,chr17_81682149_81682490,83.04578815,-
FUBP1,chr19_3538756_3544808,83.04222074,+
EIF4B,chr2_47379054_47379768,83.04211578,+
THUMPD3,chr6_28272339_28272669,83.03734531,+
CARHSP1,chr6_30557450_30558149,83.02902808,+
NONO,chr2_130425158_130427703,83.02877163,+
HELZ,chr6_30741333_30742146,83.02512416,+
KHDRBS3,chr11_66436909_66437103,83.02444163,-
HNRNPR,chr8_66445414_66447263,83.02381531,+
RBM33,chr8_47939697_47953619,83.02288989,-
LSM2,chr2_95912435_95917854,83.02214226,-
SNRPG,chr11_67400919_67401727,83.02134904,+
RBM22,chr14_59479351_59483808,83.0195216,+
MBNL2,chr1_86704971_86719506,83.01683665,+
HNRNPM,chr10_87334814_87336785,83.01656631,+
ZC3H6,chr17_72428298_72431127,83.01607554,-
LARP4B,chr8_103325498_103329654,83.01578567,+
FUBP1,chr2_102387000_102390058,83.01215867,+
RBM12,chr17_76727178_76732977,83.00987723,-
STIM1,chr3_14946154_14948012,83.00811527,-
PTBP1,chr7_42931155_42932117,83.00559844,-
UNK,chr10_15097766_15102217,83.00339133,-
RBM27,chr1_147943544_147943976,83.00004024,+
MCM3AP,chr8_94726441_94738368,82.99917142,-
HNRNPD,chr5_181192140_181194233,82.99717115,+
LARP7,chr2_101859864_101864929,82.99655045,+
CNKSR1,chr17_47142022_47142228,82.99581786,+
PUM1,chr4_75654081_75655065,82.991199,+
ZC3HAV1,chr1_211304140_211312719,82.99008408,+
ZMAT5,chr8_93917945_93922015,82.98810494,+
CPEB4,chr12_122980812_122981128,82.98678531,-
MATR3,chr3_37251484_37281957,82.97712484,+
DUS3L,chr3_4453049_4467324,82.97315819,+
SPEN,chr12_124913495_124913723,82.97208404,-
SAFB2,chr11_114439675_114443855,82.9715667,-
SRRM1,chr16_56609057_56609307,82.96408874,-
SUPT6H,chr1_211304140_211312719,82.96284437,+
HNRNPM,chr12_14425473_14434339,82.96120835,-
SUPT6H,chr6_36494637_36496710,82.96017815,+
TIAL1,chr1_174800500_174811831,82.95959603,+
TRA2A,chr7_74041251_74043117,82.95731838,-
KIAA0020,chr2_97532384_97536299,82.95322017,+
MATR3,chr1_160996540_160998196,82.94187982,+
YBX1,chr16_4450497_4454810,82.94045831,+
MBNL2,chr19_44676421_44680287,82.93764187,+
EIF2S1,chr15_90969120_90969523,82.93210231,+
MEX3D,chr1_235829036_235830225,82.93159157,+
CNOT4,chr15_84655404_84657175,82.93021434,-
RBMX2,chr17_72428298_72431127,82.92751132,+
ZC3H14,chr12_6944173_6944379,82.92341073,-
SAFB2,chr18_11885816_11886916,82.9202197,+
MBNL3,chr3_15242253_15246731,82.91645423,-
PPFIA1,chr15_88902231_88905756,82.91105017,+
YBX2,chr19_48813348_48813662,82.90524219,-
KHDRBS1,chr17_59886230_59892696,82.90339261,+
EIF3B,chr2_46591925_46592474,82.8968296,+
MCM3AP,chr14_51701135_51702511,82.88244494,+
MEX3D,chr5_139314736_139316075,82.88169705,-
HNRNPF,chr5_57236032_57237112,82.87387846,+
RPS3,chr11_62856381_62881018,82.87246023,-
SAMD4A,chr19_12829997_12834488,82.87225649,+
RC3H2,chr22_25448284_25453315,82.86230069,+
PABPN1,chr8_144510015_144510597,82.86118313,+
SAFB,chr3_9435906_9436849,82.85834514,+
RBMX2,chr7_87878133_87884978,82.85567457,+
HNRNPL,chr1_160218968_160220458,82.85479748,+
UPF3B,chr11_6604360_6608393,82.85382858,-
PUM1,chr5_133006920_133022840,82.85156534,+
SPEN,chr20_34516461_34519419,82.85137149,-
PABPC4,chr11_35190065_35214851,82.84811,-
SFPQ,chr2_95912435_95917854,82.84375695,-
PABPC3,chr8_98032317_98033041,82.84353415,-
RBM12,chr1_161323670_161340593,82.84034006,+
SF3A1,chr3_139385200_139389547,82.83640904,+
CNKSR1,chr1_28530573_28531802,82.83217379,+
TRMT1,chr1_45014836_45015336,82.82666366,-
HTATSF1,chr13_75590129_75594914,82.8246585,-
LSM10,chr10_79806122_79814612,82.81727432,+
ZC3H7A,chr7_128455909_128457200,82.81636621,-
PPIL4,chr15_101651773_101652270,82.81146286,+
SF3B4,chr2_95956816_95960472,82.80995643,+
RBMX2,chr8_47701864_47712661,82.80098089,-
TNRC6A,chr1_241849027_241850408,82.78647291,+
RBMS3,chr8_54010492_54021525,82.7860251,-
RBM3,chr17_76726879_76729689,82.78173802,+
THUMPD3,chr3_169773462_169774030,82.7809438,+
EPHA1,chr12_48682065_48682186,82.77821476,-
RBMXL1,chr2_101887261_101887777,82.77315576,+
RBMS2,chr1_109739493_109740239,82.7724111,-
LSM10,chr5_71604468_71632120,82.77196627,-
RBM22,chr12_16354378_16363794,82.77121957,-
SLBP,chr7_151036649_151040267,82.77070733,+
PTBP1,chr6_637861_693018,82.75958541,+
SNRNP70,chr3_167734345_167734805,82.75330428,+
QKI,chr12_124912434_124913118,82.7518832,-
ZC3H7A,chr19_36573555_36574820,82.74277131,-
NCBP2,chr9_73154342_73158521,82.73497491,-
EIF3G,chr3_20171232_20176600,82.73391932,-
DKC1,chr19_48151336_48153871,82.73255721,-
RBM41,chr12_109561329_109561419,82.72697479,-
RBM33,chr20_56390665_56392167,82.72686318,+
PCBP4,chr11_66843861_66843959,82.72079978,+
SNRNP70,chr17_82037541_82037630,82.71892591,-
RBM6,chr17_7586078_7586655,82.71640258,+
SAFB,chr1_153627598_153628120,82.71211262,+
CNOT4,chr7_2242975_2244562,82.70980418,+
ZC3H3,chr3_130955790_130956103,82.70921907,+
ANKS6,chr8_47935058_47936352,82.70648586,-
SART3,chr12_56158415_56158683,82.70124432,-
PUM1,chr11_115399513_115504270,82.69748621,+
RBM22,chr6_52264786_52265234,82.69519291,+
PPFIBP1,chr3_28294529_28316332,82.69401262,+
SNRPF,chr10_31461237_31466426,82.69132757,+
THUMPD2,chr19_50475455_50475832,82.69074848,-
HNRNPL,chr3_193615770_193618868,82.68428322,+
PCBP1,chr1_220069432_220073966,82.68049165,+
ARAP1,chr20_48963898_48965874,82.67793757,-
LSM6,chr4_105703809_105708637,82.67611633,+
SAMD13,chr17_7948619_7949081,82.67598349,+
ARAP1,chr6_31158722_31158896,82.67422656,-
CHERP,chr12_42210454_42210547,82.67308408,+
PPIE,chr3_9941206_9943076,82.67063715,+
TNRC6A,chr14_63625033_63641803,82.66123838,+
RBM34,chr1_145623160_145623681,82.65954276,+
CPSF4,chr2_27583142_27583657,82.65869983,+
MSI1,chr22_24557800_24571915,82.65449477,-
LARP4,chr3_160399749_160404377,82.65254999,+
HNRNPF,chr7_72829783_72830750,82.6498043,-
DDHD2,chr9_129109277_129110482,82.64902132,-
ANKHD1,chr14_58285756_58291634,82.64738069,-
EIF3G,chr1_28407463_28438272,82.64663843,+
HNRNPF,chr20_18159265_18161822,82.64505951,+
SPEN,chr14_24232847_24233218,82.64433816,+
RBMXL1,chr22_37956842_37959345,82.63678602,+
DAZAP1,chr7_44841012_44847968,82.63339606,-
ZRANB2,chr11_85983973_85996825,82.62884791,+
DHX57,chr3_4982375_4982835,82.62624616,-
PPRC1,chr8_127796008_127890588,82.62616497,+
RBM6,chr8_76984195_76999989,82.62583811,-
TIPARP,chr9_68259434_68264467,82.62252197,+
MKRN2,chr17_82621799_82643948,82.62195127,+
RBM23,chr15_90984140_90994406,82.62047803,-
KIAA0430,chr2_178445535_178447504,82.61981214,+
RBM22,chr2_37149023_37156907,82.61316694,+
RNF113A,chr2_95912435_95914107,82.6108426,-
LARP1B,chr19_48325610_48326829,82.61016851,+
ASCC1,chr14_67269783_67279249,82.60775642,+
KRR1,chr1_20780540_20786513,82.60527171,+
SNRPA,chr17_75042659_75046924,82.59960979,+
SAMD12,chr1_1390865_1393395,82.59388435,-
ZC3H3,chr7_74249220_74249738,82.59337561,-
HNRNPD,chr3_42621516_42627199,82.58843652,+
SNRPC,chr2_164950133_164959254,82.5883521,+
ZCCHC14,chr19_44782491_44790003,82.58789078,-
CSTF2,chr6_31536683_31540321,82.58295025,-
YTHDF2,chr20_56388202_56391942,82.58075063,-
SF3A1,chr22_29278216_29286922,82.57947006,-
ANKRD17,chr1_145975436_145977482,82.57660973,+
ESRP1,chr17_67338621_67339394,82.57394642,+
AKAP1,chr5_79641196_79642831,82.57247631,+
PPFIBP1,chr14_21023321_21025028,82.56364222,+
MSI2,chr2_97209709_97211545,82.55593734,+
MSI1,chr5_39383271_39388798,82.54963178,-
U2AF2,chr12_49129722_49188976,82.54675895,-
SNRPB,chr7_2242975_2244562,82.53145793,+
HNRNPK,chr2_61868706_61869439,82.53063542,+
PABPN1,chr8_47939697_47953619,82.52816551,+
RBM4,chr13_113636700_113640119,82.52676905,-
EIF4B,chr12_21501948_21512294,82.52564633,+
NOL8,chr1_6197756_6200488,82.51234533,-
RBM4,chr7_87896510_87897296,82.51057237,+
G3BP2,chr1_32634110_32634767,82.50696519,+
SEC23IP,chr2_202292903_202297378,82.49991183,-
HNRNPH1,chr19_36322030_36330252,82.49981417,-
RBMS2,chr8_42838336_42843023,82.49950698,+
EIF3B,chr8_144851395_144853371,82.49828741,-
UPF3B,chr1_111441604_111442024,82.4981707,+
U2AF2,chr8_108240098_108241798,82.49628853,-
RBM28,chr12_110492122_110496011,82.49300849,-
SYNJ1,chr13_110880112_110883552,82.48941701,+
U2AF1L4,chr11_14498985_14499608,82.48818109,+
CNKSR1,chr19_50798958_50802216,82.48791523,+
RBM22,chr6_142302331_142309543,82.48738445,+
SPEN,chr18_30994372_30994453,82.47926275,+
KHDRBS3,chr17_76735158_76735617,82.47635862,+
MBNL1,chr13_37045376_37047534,82.47616683,+
RBM3,chr6_30741333_30742146,82.47453072,+
EWSR1,chr7_48089418_48090249,82.47433928,-
PPFIBP2,chr5_138166108_138167933,82.47431912,+
EEF1G,chr14_23941158_23954747,82.47212953,+
KHDRBS3,chr4_105700014_105703647,82.46446392,+
TIPARP,chr16_2020312_2020534,82.46123715,-
ESRP1,chr4_54232171_54258756,82.45984432,+
SNRPD1,chr2_150474984_150487267,82.45812421,+
ZC3HAV1,chr10_72220379_72230365,82.45735015,+
THUMPD1,chr1_145893635_145895630,82.45309722,-
U2AF1,chr2_169799516_169800951,82.45143952,+
CSDE1,chr14_88841196_88841424,82.4447405,-
SF3A1,chr4_76136412_76144389,82.44084746,-
RBM34,chr15_42559408_42560781,82.43970173,+
SYNJ2,chr19_10679927_10681018,82.43421355,+
TDRKH,chr11_103081004_103082747,82.43358946,+
SYNCRIP,chr7_94598963_94600645,82.43094139,+
CPSF4,chr6_106971834_106973316,82.43031748,-
HNRNPR,chr17_82621799_82643948,82.43021697,-
SRRM1,chr12_124912427_124912883,82.4279463,-
FMR1,chr17_44321558_44322418,82.42690941,-
HELZ,chr14_102233789_102234956,82.42502888,-
RBM38,chr2_97164469_97167576,82.42402468,+
CIRBP,chr3_149657309_149657824,82.42274529,-
HNRNPAB,chr13_75590129_75594914,82.42189128,-
CIRBP,chr15_74920442_74923647,82.41705348,+
NOL8,chr10_73053590_73072028,82.41439385,-
KIN,chr7_74041251_74043117,82.41371998,-
PUF60,chr15_43800784_43801517,82.41256445,-
DNAJC17,chr7_100051610_100056910,82.41104919,-
DDHD2,chr9_137576167_137576308,82.40540663,+
HNRNPK,chr19_49446794_49447023,82.40328983,-
TAF15,chr14_103913984_103915065,82.40224826,+
HNRNPK,chr2_205766803_205792234,82.4014514,+
SF3A1,chr18_12311053_12324808,82.39526425,-
PPFIBP1,chr1_162796677_162797827,82.39325804,-
AKAP1,chr10_27531615_27532506,82.3925393,-
PTBP2,chr1_182855713_182856531,82.39213525,+
THUMPD1,chr2_227328789_227329605,82.39084007,+
RBMXL1,chr20_34516461_34519419,82.38883924,-
PTBP1,chr1_1704146_1704222,82.38718644,+
KRR1,chr17_39200349_39201212,82.3840824,+
RBM19,chr14_71735391_71738240,82.37820382,+
RBM12B,chr6_33269819_33270198,82.37726594,+
THUMPD2,chr4_47453214_47456582,82.37700299,+
ASCC1,chr3_4980664_4981391,82.3683178,-
RBM8A,chr13_36336358_36346581,82.3606736,-
RALY,chr3_139385200_139389547,82.35974174,+
SYNCRIP,chr4_155368809_155373135,82.35951797,+
DAZAP1,chr17_42567655_42568836,82.35121389,+
HNRNPF,chr8_54063375_54100907,82.34879651,-
NONO,chr12_46189071_46196724,82.34769861,-
ACO1,chr11_36610239_36648015,82.34516315,-
CPSF4,chr3_94063138_94063811,82.34257721,-
MATR3,chr8_63168814_63169386,82.33550946,-
PUM2,chr12_53467293_53468776,82.33168959,-
RBMXL1,chr17_73209768_73232085,82.3305898,-
LARP7,chr10_56358687_56358804,82.32974834,-
SRRM1,chr2_113625729_113626477,82.32969838,+
MBNL2,chr9_111563231_111564156,82.32969764,+
HNRNPD,chr6_27710889_27713003,82.31094734,+
EIF3B,chr21_46649739_46664294,82.30916572,+
SNRPB2,chr14_36299187_36300784,82.30672392,+
PABPC1L,chr1_32228816_32230926,82.29866704,-
TDRKH,chr20_37200494_37203884,82.29650498,-
SASH1,chr8_47701864_47712661,82.28902875,-
CASKIN2,chr14_60734951_60753552,82.28751083,+
EIF3B,chr12_52055204_52056029,82.28702766,+
TIAL1,chr6_18130780_18133803,82.28614105,-
KIN,chr7_73687095_73692595,82.27821719,-
ARAP2,chr4_15681968_15686235,82.27289569,-
ELAVL2,chr16_88811656_88812033,82.26972063,-
HNRNPC,chr3_180985996_180986997,82.2623793,+
SNRPC,chr12_49741611_49752463,82.25541764,+
PTBP1,chr1_20749975_20757165,82.23956662,-
HNRNPL,chr18_35290391_35305975,82.22706983,+
RBM25,chr2_176270419_176296859,82.22669656,-
CSDE1,chr7_88209452_88209982,82.22603559,+
SAMD8,chr1_178341608_178390099,82.22046361,+
ARAP1,chr8_129748888_129749451,82.21892469,-
RBM45,chr14_103335932_103336676,82.20844823,-
TNKS2,chr8_100948900_100951185,82.19786815,-
RBMS1,chr7_73687095_73690915,82.19634374,+
ENOX2,chr6_31970378_31970605,82.19342898,-
PCBP4,chr9_99221137_99221546,82.18493424,+
PPFIA1,chr17_64516828_64519320,82.18368578,+
YBX1,chr17_3723383_3723687,82.17164637,-
MBNL3,chr13_19852190_19863449,82.17098488,-
MYEF2,chr1_52905090_52906518,82.16665342,+
SART3,chr8_123019305_123021446,82.16616543,+
MATR3,chr8_144426979_144428488,82.16345106,+
YTHDC1,chr3_94063138_94063811,82.16190292,+
HNRNPC,chr7_102666163_102668914,82.15753768,+
ZC3H3,chr10_14881645_14896845,82.15303282,-
FMR1,chr7_94629841_94639340,82.14833018,+
HNRNPA2B1,chr20_49231115_49233305,82.14801278,-
PABPC4,chr1_154157721_154170399,82.13443027,+
UNKL,chr6_44223641_44227259,82.13415045,+
DGKD,chr2_60541925_60545970,82.13245742,+
SETD1A,chr1_243186072_243186258,82.1307082,+
HELZ,chr5_71062796_71067654,82.13038259,-
SNRPC,chr1_224356993_224364108,82.13000262,+
RBM45,chr9_5361888_5436568,82.12797763,-
FMR1,chr19_47781388_47784405,82.12790418,-
RBM39,chr12_120566980_120575630,82.12532203,-
RBMS1,chr15_84670782_84687624,82.12091315,-
ZC3H14,chr6_78990982_78997413,82.11924343,+
LRSAM1,chr14_21211566_21211809,82.11892985,+
ZFP36L2,chr18_58333892_58335477,82.11835434,+
PARP10,chr6_134170435_134171022,82.11713618,+
SSB,chr11_119056167_119057152,82.11665541,+
RBM26,chr17_7015156_7016494,82.11445858,+
PPFIBP1,chr7_128455909_128457200,82.11213288,-
ANKRD17,chr20_34073635_34075873,82.1054799,+
LARP4,chr1_88984066_88992584,82.10398786,-
ACO1,chr5_139293805_139314674,82.10093668,+
SNRPC,chr6_34757551_34762594,82.09905248,-
PABPC4,chr16_4466402_4469503,82.09274825,+
PAN3,chr2_227325427_227332418,82.09265054,+
SLBP,chr20_58993675_58994109,82.08882812,+
KIF24,chr1_150267991_150268697,82.08743928,+
FUBP1,chr17_81682149_81682490,82.08527101,+
YTHDF1,chr7_87152555_87163494,82.07992768,+
HNRNPC,chr16_30985297_30985656,82.07856042,-
LARP7,chr14_58274010_58274096,82.07842903,+
PTBP2,chr7_87878133_87884978,82.07609827,+
PPIE,chr9_41166830_41171846,82.07598306,+
TIPARP,chr12_31116469_31118962,82.07572522,+
PABPN1,chr3_9804013_9806209,82.06957572,+
SF3A1,chr1_150267991_150268697,82.06639476,-
RBM15,chr17_73209768_73232085,82.06473125,+
APTX,chr2_177216940_177219036,82.06166028,+
RBM23,chr8_54051188_54052654,82.05962953,+
TRMT1,chr1_235135767_235136033,82.0468411,-
UNKL,chr6_13326963_13328455,82.04560231,+
PCBP1,chr19_35266738_35266838,82.04308029,-
DNAJC17,chr7_148757150_148759547,82.04301247,-
FUBP3,chr8_55743620_55750963,82.04099938,+
RBM39,chr3_184363565_184365132,82.0398523,-
PABPC3,chr19_48813348_48813662,82.03779008,+
RBM8A,chr10_110130486_110133325,82.03407968,+
PTBP2,chr4_82861708_82863317,82.0335393,-
DUS3L,chr11_64245287_64245669,82.03334301,-
KHDRBS1,chr19_38898425_38899505,82.03246809,+
ESRP2,chr16_89544772_89545871,82.03065218,+
NUFIP1,chr12_32737161_32740063,82.02927394,+
LARP1B,chr14_36299187_36300784,82.01732958,+
SFPQ,chr12_117158084_117165484,82.01115017,-
RBM7,chr10_124498128_124498327,82.0099565,+
QKI,chr11_102520804_102523353,82.0048836,-
IREB2,chr3_139385200_139389547,82.00403886,-
RBM34,chr12_16354378_16363794,82.00340322,-
SPEN,chr1_155133546_155133729,81.99668244,-
ASCC1,chr4_139678642_139703454,81.99663816,-
SUPT6H,chr5_177136030_177191883,81.99063155,+
PHC3,chr2_134919891_134946100,81.98832487,+
IGF2BP2,chr8_61681036_61684038,81.98826648,+
CSTF2T,chr3_47869327_47870857,81.9881111,+
SF3B4,chr15_78542219_78542482,81.98523905,+
ANKRD17,chr19_53375896_53407697,81.98443838,+
CHERP,chr7_143286202_143286423,81.98295682,+
AKAP1,chr22_40364365_40366435,81.98211376,+
MEX3D,chr15_90969120_90969523,81.98161402,-
NOL8,chr6_31950403_31951143,81.97771561,+
DDHD2,chr16_56609057_56609307,81.97614023,-
EPHB3,chr14_70329236_70342657,81.97100193,+
RBMXL1,chr18_62161385_62186843,81.96399406,+
U2AF1,chr14_55680741_55684098,81.95678757,-
RBMXL1,chr9_133054809_133054943,81.95552208,-
MSI1,chr12_53442733_53443540,81.9553333,-
SETD1A,chr12_124912427_124913567,81.95006955,+
SRRM1,chr17_42316851_42317181,81.94503778,+
RBM8A,chr3_197854445_197858833,81.94042135,+
ZFP36L2,chr1_154984066_154992712,81.93620277,+
HNRNPA0,chr4_2932153_2932599,81.93080444,+
LRSAM1,chr5_132937193_132937648,81.92996581,+
FUS,chr6_30688942_30690841,81.92847565,+
NUFIP1,chr5_65625106_65629467,81.91604471,-
PABPN1,chr7_139036371_139036652,81.91472163,+
PTBP1,chr22_37677065_37678482,81.9136004,+
RBM12B,chr3_28294529_28316332,81.91072168,-
PAPSS1,chr16_21958599_21959338,81.90998821,-
HNRNPH3,chr8_125083258_125091614,81.906722,+
PABPC3,chr13_21172681_21176347,81.9066711,+
PPFIA1,chr8_63169411_63186146,81.90288323,-
SF3A1,chr7_44841012_44847968,81.90198082,-
RBMS2,chr2_202292903_202297378,81.90035634,-
RBMXL1,chr3_29281756_29434745,81.89770365,-
STIM1,chr15_40810757_40812698,81.89304447,-
TRNAU1AP,chr1_39563741_39564422,81.89216733,+
PPIE,chr16_4450497_4454810,81.89064205,+
ZRSR2,chr3_57577387_57597073,81.88936353,-
RBM6,chr7_64993414_65006540,81.88869858,-
ZC3H7A,chr12_31116469_31118962,81.88695733,-
PABPC4,chr19_5896575_5896904,81.88536211,+
KHDRBS1,chr14_75783530_75792912,81.88251802,+
RBM10,chr13_49661208_49669776,81.87936506,-
TIAL1,chr1_112703806_112705052,81.878274,-
TARDBP,chr8_104509074_104531906,81.87353372,+
QKI,chr9_19378516_19378708,81.87338505,+
PPIE,chr11_62794398_62794934,81.87182567,-
RBMXL1,chr12_124912636_124913092,81.86881145,-
RBM10,chr5_173146958_173151565,81.86004662,+
TRNAU1AP,chr2_97118517_97122886,81.85768327,-
ACIN1,chr10_75214070_75219062,81.8515323,+
CNKSR1,chr7_95406247_95409900,81.84934717,-
SRRT,chr4_145120153_145121332,81.84731866,-
ESRP2,chr12_96295122_96297626,81.84207076,-
RBM22,chr14_75680767_75681544,81.84085168,-
LARP7,chr18_9595153_9614225,81.81842046,+
LSM6,chr20_56513428_56517105,81.81817115,+
ASCC1,chr11_73876575_73876756,81.81116252,+
U2AF1L4,chr17_76727213_76729689,81.81088186,+
PRPF3,chr3_152445539_152447619,81.80873304,-
TUT1,chr6_44114209_44127343,81.80828398,-
PSPC1,chr2_3575350_3575600,81.80251613,-
HNRNPA0,chr17_67338621_67339404,81.79831965,+
TRA2A,chr2_182732542_182740298,81.79141868,+
CPSF4,chr19_54110121_54114437,81.78603212,-
PARP14,chr8_103377308_103378026,81.78017737,-
ANKHD1,chr10_124498128_124517179,81.77474161,+
DKC1,chr4_184638468_184649394,81.77121323,+
ZFP36L2,chr8_123226418_123226499,81.7703604,+
RBM33,chr14_77327552_77329122,81.76221951,+
HNRNPA1L2,chr1_1756882_1757180,81.76116753,+
HELZ,chr6_3263759_3264208,81.76114549,-
PAN3,chr1_35178036_35187000,81.7605456,+
DGKD,chr3_9677387_9683177,81.75478802,+
PPFIBP1,chr10_73252037_73252469,81.75070267,-
PRR3,chr2_205766803_205792234,81.74675448,+
RBM23,chr2_46581591_46588074,81.73880245,-
PPRC1,chr10_84139577_84141461,81.73511181,-
RAVER2,chr7_12640517_12644583,81.72672708,+
DGKD,chr1_28229023_28230130,81.71876621,-
PHC1,chr9_133054809_133054943,81.71819401,-
PTBP1,chr2_96547517_96549752,81.71621078,+
ASCC1,chr10_72102967_72128081,81.7156569,-
ZC3H3,chr19_18589077_18590853,81.69930636,+
NCL,chr19_9157394_9158825,81.69709662,+
SF3A1,chr3_15096710_15099034,81.69065343,+
RBM15,chr3_49360382_49368427,81.69061952,-
EIF4B,chr10_110130486_110133325,81.68812403,+
TARDBP,chr12_48682065_48682186,81.68544786,+
ZFP36L2,chr17_75148671_75154341,81.68393555,+
RBM12,chr11_14498985_14499741,81.67520049,-
U2AF2,chr17_7015156_7016494,81.67406473,+
KHDRBS1,chr1_33024567_33031543,81.67308776,-
SETD1B,chr4_82426129_82426462,81.66582959,+
SNRPA,chr16_50025340_50025650,81.65346923,+
CASKIN2,chr10_121974081_121974389,81.64840057,-
ZC3HAV1L,chr21_44426736_44427009,81.64731532,+
PAN3,chr10_101782597_101783272,81.64688269,+
SNRNP70,chr11_66845237_66845859,81.64669926,-
TRMT2A,chr18_23466276_23473428,81.6466958,-
LARP1B,chr5_179616218_179617020,81.6449156,-
ZC3H18,chr7_73304404_73304746,81.64356039,-
SNRPA,chr1_145857006_145858966,81.64219032,+
LARP4,chr7_12687728_12688168,81.63427423,+
RBM39,chr6_41067437_41070075,81.62996437,+
MSI2,chr3_152445539_152447619,81.62959905,+
U2AF1,chr16_1963256_1964448,81.62846089,-
MEX3D,chr2_3558998_3561316,81.62545698,+
TRA2A,chr21_39178647_39180284,81.62263195,-
ELAVL2,chr11_62572742_62573830,81.62161415,+
RBMXL1,chr1_155880620_155881197,81.61894966,-
ZMAT5,chr19_18572607_18573292,81.61855578,-
SF3B4,chr15_29719138_29719776,81.61520387,+
PABPC3,chr2_61017851_61018350,81.61405049,+
POLDIP3,chr8_129748888_129749451,81.61296277,+
SRBD1,chr11_68460827_68519500,81.59485213,+
CPSF6,chr4_82359639_82373445,81.57730738,+
RAVER1,chr1_2400935_2402096,81.56954879,-
SF3A1,chr12_124911952_124913548,81.56367792,-
RBM34,chr1_163323095_163326031,81.56345615,-
RBM6,chr3_170178938_170181686,81.5630153,+
SAFB2,chr10_114163329_114173140,81.56242863,+
NCL,chr3_52198848_52199209,81.56195718,+
CNKSR3,chr7_107613432_107616260,81.55791311,-
RBM33,chr3_27404963_27409355,81.55690007,+
RBM7,chr14_58270998_58271850,81.55273108,+
DDHD2,chr12_56314966_56315820,81.54780484,-
SNRPD1,chr16_89686797_89690552,81.54727398,+
SCML2,chr6_28281918_28283755,81.53756343,+
PPFIBP1,chr9_32558954_32570959,81.5343496,+
PPFIBP2,chr1_153563887_153566701,81.533926,+
RBM15,chr22_19475100_19475495,81.53276626,-
RBM19,chr13_46045513_46051931,81.52583387,+
PARP12,chr11_34890552_34916227,81.51134969,+
ACIN1,chr5_139314736_139316075,81.50316603,+
RBM4B,chr8_70598255_70600018,81.49839529,+
IGF2BP2,chr2_130341944_130342133,81.49773723,+
SAMHD1,chr16_29993808_29993905,81.49206492,-
PHC2,chr7_141006535_141014910,81.4843178,-
EPHB3,chr9_3301620_3330258,81.48424528,-
HNRNPL,chr2_209704620_209705579,81.48401145,+
ASCC1,chr8_94726441_94738368,81.47882913,+
HNRNPA0,chr11_62854551_62855132,81.47061078,+
YBX2,chr12_124782811_124786440,81.46431069,-
SNRPD2,chr5_171910797_172006457,81.45503365,+
RBMX2,chr13_27440449_27441016,81.449318,+
YTHDF1,chr4_137528820_137529601,81.44442868,+
FUBP3,chr17_81512360_81512463,81.44069888,-
U2AF2,chr16_28538209_28538795,81.43601258,+
YTHDC2,chr2_61009015_61011764,81.42876279,+
RBM15B,chr13_27441077_27445087,81.42779959,+
RBM28,chr8_125083258_125091614,81.42479134,+
TRNAU1AP,chr22_38474623_38481211,81.41912744,+
EPHA1,chr1_98701903_98760053,81.41653126,-
RBM42,chr1_151907406_151909359,81.411482,+
G3BP2,chr22_42599793_42602769,81.41002143,+
PABPC3,chr8_143739503_143739858,81.40842748,+
PSPC1,chr19_11041560_11058257,81.40759107,-
HNRNPL,chr16_30985297_30985483,81.40397321,+
SCML1,chr5_1798947_1799770,81.4013901,+
ZC3H18,chr4_55418164_55424537,81.40011926,-
SLBP,chr10_72102967_72128081,81.39948632,-
DKC1,chr17_82478918_82479937,81.39373976,+
NCBP2,chr8_98638560_98706466,81.39100476,-
SSB,chr6_110997105_110997182,81.39024606,-
MKRN3,chr3_49015707_49015818,81.38507199,-
RBPMS,chr3_9433562_9433844,81.38082553,+
DUS3L,chr1_156283065_156285183,81.3752157,+
TLR2,chr15_42548965_42559338,81.37163769,-
PABPC1,chr15_29701689_29704161,81.36355226,+
ASCC1,chr2_60541920_60545970,81.36305597,-
DDHD2,chr3_9363767_9365015,81.35806497,-
SEC23IP,chr4_77907210_77909265,81.35488366,-
U2AF1L4,chr4_56505693_56511184,81.35328262,-
SNRPD1,chr3_183833589_183840569,81.33314179,+
NCBP2,chr3_190514219_190556129,81.33229494,+
RPS3,chr22_21629407_21629601,81.33020893,+
ZRSR2,chr14_75752955_75757830,81.32522618,-
RBM33,chr12_102039975_102044104,81.32456051,+
TRMT1,chr8_66822459_66825995,81.3229168,-
RAVER1,chr8_55743620_55750963,81.3190466,-
MEX3D,chr6_4999904_5002100,81.31807081,-
LSM2,chr7_148815954_148816683,81.31696663,+
TUT1,chr20_349363_353209,81.31595074,+
EEF1G,chr14_67662535_67663028,81.312376,-
MEX3C,chr1_28530573_28531802,81.30540247,-
U2AF2,chr12_75482079_75495576,81.30356886,-
RBM10,chr5_122070768_122074012,81.30254553,+
PABPN1,chr1_32634110_32634767,81.30204987,-
RBM23,chr1_155128176_155131338,81.29816924,-
ZFP36L2,chr7_103327378_103327655,81.2931478,-
SNRPF,chr15_90966653_90969446,81.28972963,+
RC3H2,chr8_106713985_106737519,81.28668651,-
SAMD8,chr1_1642508_1649498,81.28316782,+
LARP1B,chr12_6567922_6568138,81.27626691,-
HNRNPF,chr15_22839790_22851638,81.27231849,+
ELAVL2,chr17_51166563_51166826,81.26553266,-
RBM7,chr21_17559131_17565427,81.25297137,+
HNRNPAB,chr19_36114412_36114797,81.24956105,-
CARHSP1,chr19_3456635_3462751,81.24608722,+
LARP4,chr16_69749630_69754593,81.24593623,-
ZFP36L2,chr1_147943544_147943976,81.23914096,-
HNRNPA2B1,chr19_4327385_4329960,81.23503964,-
HTATSF1,chr10_99747390_99754528,81.23212778,-
LARP1B,chr17_64514358_64516722,81.2310105,+
ZC3H18,chr11_73876575_73876756,81.22959069,+
CSTF2,chr8_67045960_67051229,81.21215468,+
TLR2,chr4_68320205_68322748,81.21026056,+
ZCRB1,chr10_27526889_27531528,81.20330203,-
ACO1,chr13_75804541_75809153,81.20086668,+
CSDE1,chr5_70401668_70420248,81.19931237,+
SRRT,chr19_11345628_11346007,81.19296419,-
APTX,chr1_46594280_46604226,81.19250376,-
CSTF2,chr11_72190641_72192165,81.18699963,+
YBX1,chr3_12503784_12516610,81.18337254,-
ANKS6,chr3_11272430_11280993,81.17656295,-
MSI1,chr11_72189759_72190575,81.166888,+
RBM34,chr1_193018820_193021096,81.16162166,+
RNPS1,chr4_75973391_75975743,81.16059288,+
SNRPG,chr8_80003180_80029904,81.15504988,-
KRR1,chr1_6186816_6197651,81.13704473,-
FMR1,chr14_45096758_45096886,81.13642434,+
SYNJ1,chr16_80980879_80997313,81.13490667,+
ZC3H18,chr1_161202480_161206406,81.13362224,-
SFMBT1,chr14_74298069_74300149,81.13192116,+
PCBP1,chr12_52055204_52056029,81.12812646,+
STIM1,chr4_47453214_47456582,81.12809829,-
RBMX2,chr2_101859864_101864929,81.12719153,+
SNRPE,chr19_5896575_5896904,81.12467928,+
ZC3H6,chr7_100321084_100328835,81.11179662,+
RPS3,chr1_42816605_42817189,81.11028769,+
ZMAT5,chr19_35546808_35547118,81.10975272,-
ZC3H6,chr19_50802614_50804571,81.10889358,-
MBNL2,chr13_44436095_44436503,81.10358498,+
HNRNPF,chr7_26201561_26206367,81.09776198,-
SART3,chr11_77618687_77619605,81.09700834,-
ZC3H6,chr1_23691829_23692608,81.09679873,+
SART3,chr16_87951515_87975047,81.09491717,+
RBMS3,chr2_241268541_241272760,81.09189949,+
UPF3B,chr5_139294028_139314674,81.09144844,-
EWSR1,chr3_50109688_50110678,81.08991369,+
CNKSR3,chr2_60541920_60545970,81.08716781,-
PAPSS1,chr6_108223045_108260825,81.07257555,-
ANKHD1-EIF4EBP3,chr16_88658720_88660519,81.06712927,-
SNRPB2,chr2_69363670_69374005,81.06594006,+
APTX,chr18_35290391_35305975,81.0648235,+
RC3H2,chr16_4450497_4454810,81.06241987,-
HNRNPM,chr13_37024442_37026203,81.05820289,+
ACIN1,chr1_45551155_45566568,81.05731123,+
RBMXL1,chr6_106971834_106974577,81.05001474,+
ESRP2,chr2_87480423_87521206,81.04851709,-
RBMS3,chr10_110130486_110133325,81.04624417,+
HNRNPM,chr20_38426048_38426418,81.04422638,+
TIAL1,chr11_93730447_93731149,81.03992654,-
MEX3C,chr5_172994822_173034398,81.03418174,-
TNKS2,chr3_130894337_130894707,81.03115683,+
DUS3L,chr12_46362638_46363725,81.02954869,-
RNPS1,chr16_15119054_15125690,81.02132249,+
PUM1,chr6_107264512_107274028,81.01294676,+
RC3H2,chr7_95406247_95409900,81.01121062,-
ZNF239,chr3_9390497_9391488,81.00816526,-
HNRNPL,chr17_81108509_81108967,81.00779226,+
PSPC1,chr7_35164959_35179017,81.00413871,+
HNRNPM,chr5_151063747_151064959,81.00284512,-
PTBP2,chr7_87860169_87860571,81.00155366,+
LSM2,chr14_96556413_96562818,80.99175711,+
ZC3H8,chr16_80981877_81006733,80.98653008,+
RBMS2,chr1_84498548_84506010,80.98333692,-
EEF1G,chr14_35110629_35121901,80.96706679,+
PPIL4,chr7_94628359_94655989,80.96242651,+
LRSAM1,chr20_56388202_56392167,80.96224065,-
EPHB3,chr6_20548705_20558541,80.95862415,+
SF3B4,chr19_10679927_10681018,80.95400931,+
PHC3,chr13_106557131_106557558,80.95385732,-
CPSF4,chr2_97198658_97200333,80.95298282,-
SNRPA,chr5_69560242_69565099,80.95235469,+
FUBP1,chr4_39306704_39308635,80.94591384,+
MCM3AP,chr7_6042990_6044561,80.938909,+
SGMS1,chr16_30741908_30748157,80.93728088,-
TRNAU1AP,chr4_26321048_26386352,80.93293587,-
SFMBT1,chr16_46620900_46621256,80.93094563,-
ZFP36L2,chr10_60785787_60791889,80.92534483,-
RBM34,chr20_5115572_5118768,80.92414359,-
TMEM63A,chr13_95983864_95986332,80.9227698,-
YTHDC1,chr12_53295639_53296243,80.91458241,-
PPFIBP1,chr19_3544732_3544808,80.9122692,+
YTHDF3,chr15_74920442_74923647,80.91132899,+
UPF3B,chr16_21158746_21160977,80.90831148,+
MKRN2,chr7_151409382_151411227,80.90542198,+
KHDRBS1,chr16_87951515_87975047,80.8927898,-
CHERP,chr19_41860845_41861099,80.89222103,-
U2AF1,chr3_152445539_152447619,80.89114119,+
SF3A1,chr12_108564155_108564278,80.89003448,+
RC3H2,chr22_23894568_23894771,80.88729611,-
TNKS2,chr12_124911952_124913548,80.88606316,+
EIF3B,chr1_37496604_37501803,80.87863026,+
CIRBP,chr22_17689142_17702242,80.87535753,+
PDCD11,chr2_55875065_55881611,80.86749759,+
KHDRBS1,chr6_13326963_13328455,80.86479324,-
MBNL1,chr13_27445156_27450141,80.86344369,+
RBMS2,chr6_3155055_3155624,80.85500915,+
PAPSS1,chr7_139036388_139036652,80.84966982,+
PRPF3,chr13_46045513_46052697,80.83972697,+
PPRC1,chr3_99791010_99794226,80.83743391,-
PSPC1,chr7_128748804_128753817,80.82655868,-
STIM1,chr6_4999904_5002100,80.82615368,+
PPIL4,chr17_1714014_1716129,80.81967922,+
PTBP2,chr1_2400935_2402096,80.81939653,-
PABPC3,chr9_87726398_87727593,80.81505797,+
PTBP1,chr8_58553303_58565018,80.81417557,-
HNRNPA0,chr3_184243630_184244600,80.81258508,-
CSTF2,chr11_65893296_65896808,80.81173011,-
U2AF2,chr10_56358705_56358908,80.80546239,+
LARP4,chr14_77710896_77715771,80.80203082,+
RAVER1,chr1_75724817_75732643,80.78715945,-
SGMS1,chr6_122633367_122717786,80.78541106,+
NCBP2,chr2_58165874_58198578,80.78183105,+
ZRANB2,chr8_127890998_127989161,80.7754354,-
TDRKH,chr8_143614453_143614786,80.7683512,-
CSTF2,chr11_406538_407061,80.76557646,+
RBM38,chr17_42951894_42954875,80.76396564,+
PABPN1,chr4_51909452_51911069,80.76310765,+
SNRPG,chr11_85628688_85629131,80.75905879,-
ZMAT5,chr18_47111786_47112976,80.7583614,+
CNKSR2,chr10_95684624_95686494,80.75212819,+
ZC3H3,chr11_14498985_14499608,80.75083316,-
CPSF4,chr15_90969120_90969523,80.74104696,+
LEMD3,chr17_42316851_42317181,80.74075322,+
PTBP1,chr10_74398579_74589281,80.74036151,-
RBMXL1,chr12_55968948_55971043,80.74023487,+
YTHDF2,chr7_90405612_90412643,80.73697778,+
HNRNPAB,chr5_139293805_139314674,80.72812174,+
SNRPB2,chr1_23798730_23799365,80.72710974,+
HNRNPH1,chr9_125207721_125220538,80.72430487,+
TRNAU1AP,chr8_98032317_98033041,80.72364109,+
YTHDC1,chr2_27583142_27598066,80.72338002,+
PABPC1,chr7_26201561_26206367,80.72193112,-
SF3B4,chr14_39319291_39326863,80.72120062,+
TIAL1,chr2_97207839_97207933,80.72009241,+
HNRNPF,chr22_19178240_19178386,80.71996583,+
HNRNPA2B1,chr1_161340655_161362328,80.71974149,-
NCL,chr9_33026616_33026812,80.70080205,+
PABPC4L,chr11_93754037_93757315,80.69849171,-
PDCD11,chr14_77720828_77730987,80.69808509,+
LSM6,chr5_179833246_179833592,80.69307939,-
ACIN1,chr15_90966653_90969523,80.69086636,+
SUPT6H,chr11_85983973_85990249,80.68690796,+
SETD1A,chr12_95474330_95476073,80.68319085,-
STIM2,chr7_117222062_117222860,80.67625642,-
RBM28,chr9_128461067_128469182,80.67376662,+
RBM27,chr2_169801026_169805664,80.67369984,-
STIM2,chr7_74065732_74068656,80.66585083,-
IGF2BP2,chr5_75354697_75355364,80.66079723,-
ZFP36L2,chr7_112468115_112470898,80.65963121,-
U2AF1,chr2_43889876_43890222,80.65732034,+
ZFR,chr10_13172480_13172624,80.65421901,+
THUMPD2,chr2_97219246_97224808,80.6507361,+
YTHDF2,chr8_108240098_108241798,80.63992826,-
TDRKH,chr5_150446961_150447584,80.63818222,-
RNPS1,chr22_50784424_50785172,80.63815735,-
TARDBP,chr15_28320464_28321361,80.63224047,+
PARP12,chr11_77618687_77619605,80.6198793,-
RAVER1,chr19_19202047_19202330,80.61338955,-
G3BP1,chr8_127739019_127740395,80.61019551,+
TRMT1,chr19_36548322_36554669,80.60113522,+
PRPF3,chr22_42808890_42817141,80.57384289,+
ZC3HAV1L,chr7_103086764_103097276,80.57119174,+
RBM34,chr20_49154071_49188115,80.54997992,-
ZFP36L2,chr19_35507511_35509910,80.52939988,+
MEX3C,chr1_43451311_43451409,80.52293032,+
ZFR,chr7_44800543_44801286,80.5200471,-
RBM4B,chr8_94726441_94738368,80.51489635,-
YBX2,chr2_227340380_227352513,80.51471011,-
DDHD2,chr19_49663514_49664552,80.51464662,+
SFMBT1,chr11_119011311_119011938,80.51107323,-
YTHDC2,chr3_15582989_15589539,80.50997408,-
SAMD8,chr6_42879951_42883450,80.50979208,+
ZC3H3,chr12_49741611_49752463,80.50720952,+
PCBP2,chr12_46362638_46363725,80.50539373,+
MKRN2,chr11_75401733_75404019,80.5041426,-
TUT1,chr22_29549158_29553670,80.50201403,-
MSI2,chr2_97209709_97211545,80.49886525,+
MKRN3,chr12_54274309_54280007,80.49595899,+
CPEB4,chr4_169742107_169750535,80.49524897,-
RBM6,chr5_177332246_177334283,80.49279008,+
SAFB,chr12_98593740_98593974,80.49050128,-
ZC3H6,chr5_180793097_180808647,80.48926232,+
RBM15B,chr6_85558060_85572136,80.48648648,-
ZC3H14,chr2_169805577_169805664,80.48507015,+
AKAP1,chr8_95036494_95041569,80.4818021,+
ZCRB1,chr3_141913836_141921976,80.47564007,-
PAN3,chr19_47169923_47203670,80.47380288,-
SNRNP35,chr5_180467671_180472613,80.47316086,+
STIM1,chr19_49927848_49929325,80.46398203,-
INPPL1,chr3_28263380_28294433,80.46384713,+
ZMAT5,chr1_149176250_149177157,80.45736225,+
SAMD4A,chr11_8956298_8964208,80.456015,-
U2AF2,chr13_27251850_27253764,80.45535158,+
RAVER2,chr1_94478315_94478523,80.45235294,+
CSTF2,chr3_9689082_9697710,80.4439265,-
HTATSF1,chr6_311962_345853,80.44133196,+
HTATSF1,chr20_1125650_1135120,80.4399889,-
RBM38,chr3_167734345_167734805,80.43015904,-
PTBP2,chr2_55922447_55922898,80.42583204,+
DDHD2,chr3_99791010_99794226,80.42511345,+
PPP1R9A,chr8_73709162_73738283,80.42142456,-
CIRBP,chr12_53442733_53443540,80.42028421,+
EWSR1,chr4_82861708_82863317,80.41990586,+
TRMT1,chr8_61619019_61637946,80.41692881,-
PAN3,chr17_1365058_1400046,80.41688448,+
LARP4,chr17_7626793_7627142,80.4163483,-
SPEN,chr1_174752354_174811831,80.41411193,+
HNRNPAB,chr5_32588584_32591562,80.4036629,+
PARP14,chr18_22934159_22936753,80.40106795,-
ANKRD17,chr10_56358705_56358908,80.39827983,+
KHDRBS1,chr15_90984140_90994406,80.3935166,-
YBX1,chr14_58215284_58223621,80.39126473,+
PABPC1,chr3_9977446_9986506,80.38973354,+
ZC3H14,chr7_44013679_44016433,80.36273554,+
ZFP36L2,chr12_46362638_46363725,80.35935809,+
KHSRP,chr20_46687231_46689126,80.35893407,+
SF1,chr20_31550121_31559610,80.35504745,-
LARP4,chr11_66002570_66003625,80.34966382,-
ZC3HAV1,chr1_220074071_220089685,80.34406077,+
ZRANB2,chr19_12668617_12669127,80.34238443,+
PSPC1,chr14_55027471_55042951,80.33967513,+
RPS3,chr3_9918075_9918499,80.33606854,+
CSTF2,chr14_96556413_96562818,80.33429643,+
SNRNP35,chr16_87402281_87402922,80.32727202,+
PCBP2,chr17_3663885_3664678,80.32271658,-
NUFIP1,chr10_112433281_112433540,80.32195376,+
MBNL1,chr8_124539287_124543119,80.32028299,-
SNRPD2,chr22_42808890_42817141,80.31994932,-
TRMT2A,chr14_64449622_64454722,80.31558417,-
SNRPD1,chr10_12215835_12217360,80.31030237,+
SCML1,chr10_48306821_48308094,80.30989942,+
HNRNPH3,chr12_75482079_75495576,80.30947121,+
HNRNPH1,chr19_43652371_43655438,80.3039496,+
CIRBP,chr1_155309076_155310042,80.30240789,-
UPF1,chr5_57236032_57237112,80.29977269,-
ANKHD1-EIF4EBP3,chr17_7586838_7587160,80.29606768,-
THUMPD1,chr2_202214434_202238439,80.29564016,-
ACIN1,chr19_1106266_1106377,80.29414099,-
EPHB3,chr19_14396473_14397076,80.29169334,+
ANKS6,chr16_29993808_29993905,80.29149855,-
RBM45,chr2_130425158_130427703,80.28877835,+
YBX2,chr19_49666799_49667021,80.28875091,-
SRRT,chr11_66284966_66285700,80.28517998,+
TARDBP,chr20_54157289_54158085,80.28436443,-
HNRNPAB,chr1_94864899_94867333,80.28436383,+
TDRKH,chr5_170788668_170794230,80.27847555,-
LARP1B,chr20_56388202_56392167,80.27648732,+
SFMBT1,chr3_138163494_138167080,80.27464478,-
ACIN1,chr1_19597109_19623473,80.26860443,-
CNKSR1,chr2_61145196_61157861,80.26793283,+
PABPC1L,chr7_100887859_100888053,80.26526005,+
PTBP1,chr8_102829936_102834188,80.26096411,-
HNRNPAB,chr8_106726309_106739457,80.24503711,+
EPHA2,chr1_77581888_77581978,80.24484388,+
ENOX2,chr2_130425158_130425913,80.24070565,+
TRMT2A,chr1_161202480_161206406,80.23632134,-
HNRNPA2B1,chr5_176352748_176359810,80.23382344,-
RBM12B,chr2_97209709_97209799,80.23297095,+
CSTF2,chr14_23096021_23097657,80.23045253,+
RBM12,chr1_75791571_75792196,80.22951732,-
SNRPD2,chr3_130955790_130956103,80.2252565,+
KIAA0430,chr3_52075985_52122378,80.22219119,-
RBM7,chr14_58270485_58270933,80.22104677,+
RNPS1,chr17_3663885_3664678,80.21972547,+
SNRNP35,chr7_33035988_33062567,80.21968126,-
CNKSR1,chr10_73824084_73837467,80.21706589,+
MKRN2,chr16_29993808_29993905,80.21508692,+
TTC14,chr16_75631855_75635679,80.20757138,-
SAMD8,chr4_184697803_184702088,80.20294534,+
RC3H2,chr2_113493994_113495636,80.2005024,+
NSUN6,chr1_37969735_37979464,80.19880711,-
SAFB,chr20_34516461_34526271,80.19257123,-
YBX1,chr9_106860213_106923353,80.18525107,-
PABPC3,chr3_105550259_105552467,80.17574105,+
ESRP2,chr6_112081207_112086555,80.17315544,+
ZFP36L2,chr12_130872126_130872583,80.1725971,-
RBM4B,chr19_19034013_19042710,80.16774145,+
RBM7,chr19_48327623_48329431,80.16769517,-
UPF1,chr22_15787282_15788584,80.1630778,+
KHDRBS1,chr12_871348_878211,80.16116746,+
CIRBP,chr14_77720828_77730987,80.15390637,-
NONO,chr2_178445535_178447504,80.15338359,-
ZRANB2,chr16_70656679_70656962,80.15270583,+
ZCRB1,chr19_11123344_11129512,80.1404559,+
SART3,chr17_49413291_49414241,80.12708628,-
U2AF2,chr1_109421926_109426419,80.12098228,-
EWSR1,chr13_27427192_27429171,80.12077839,-
RBM24,chr1_16888785_16889547,80.12029622,+
SETD1B,chr5_43307824_43313355,80.11288436,+
PABPC1L,chr3_13348847_13351878,80.11112337,-
SSB,chr13_110624279_110627438,80.1095058,+
EIF2S1,chr1_155309076_155310042,80.10738988,-
MSI2,chr3_10018071_10023529,80.10099605,+
ACO1,chr19_54360072_54361009,80.0954063,-
EEF1G,chr3_101682492_101682770,80.09529873,+
CHERP,chr8_94726441_94734629,80.08036962,+
DLC1,chr1_28438430_28457831,80.07870339,+
G3BP2,chr6_137875035_137875835,80.06467507,-
NCL,chr16_88811656_88812033,80.06165315,-
HTATSF1,chr3_197149796_197194424,80.05958009,+
EPHA2,chr12_871348_878211,80.05716913,+
PPFIA3,chr22_21629407_21629601,80.05461329,-
SETD1A,chr11_77813708_77820527,80.05049245,+
SNRPD1,chr7_101218217_101218318,80.04566862,+
RBM23,chr10_48308288_48401611,80.04264979,+
MKRN2,chr12_124912636_124913092,80.02556997,+
TTC14,chr7_66682258_66712166,80.0225232,+
RBM25,chr3_139385200_139389547,80.01449,-
SCML2,chr11_93755386_93759741,80.00987724,+
HNRNPA1,chr8_48008470_48043032,80.00671582,+
ZC3HAV1,chr8_98032317_98033041,79.99395857,-
LARP1B,chr19_3452666_3456549,79.99284755,+
MSI2,chr3_130894337_130894707,79.99154728,+
MCM3AP,chr9_129632801_129634053,79.98529808,-
RBM6,chr19_18560550_18562035,79.98146748,-
RBM15B,chr3_183833589_183840569,79.98129899,+
CSDE1,chr19_47169923_47203670,79.98013261,+
ANKS6,chr10_124774782_124789038,79.97914649,+
HNRNPL,chr1_155136376_155137978,79.97049228,-
PPFIBP1,chr14_55129300_55138044,79.96632126,-
SNRPF,chr10_13675044_13693481,79.9632868,+
RBM33,chr9_120874756_120875880,79.96051619,+
ZC3H6,chr4_169713295_169719906,79.95977527,+
PRPF3,chr16_56609057_56683957,79.95968496,-
PARP12,chr3_38129388_38131925,79.95773941,-
HNRNPK,chr14_75707707_75709178,79.95772349,+
PABPC1,chr11_67231960_67243008,79.9566497,+
SCML2,chr15_52557222_52569115,79.94745089,+
ESRP2,chr3_177065022_177079826,79.94398839,+
RBM45,chr7_72831798_72836576,79.93960067,+
ACIN1,chr9_92240691_92240855,79.93830095,+
HNRNPA1,chr15_90966653_90969446,79.9369904,+
PABPC3,chr17_7626793_7627142,79.93246295,+
PUF60,chr18_31068344_31068893,79.92151124,+
TIPARP,chr8_54051188_54055059,79.91184278,-
ANKHD1,chr1_161209931_161210303,79.90923576,+
CSDE1,chr8_55743620_55750963,79.90830744,+
SF3A1,chr2_169812506_169819560,79.90823336,-
RBM33,chr3_183752253_183754125,79.89642111,+
SGMS1,chr1_36457981_36461263,79.89290547,-
KIAA0430,chr7_87152555_87163494,79.89055351,+
SAMD12,chr20_56388202_56391942,79.89032293,+
RBMS2,chr11_61393976_61397727,79.88993697,-
PDCD11,chr7_143286202_143286423,79.88751036,+
LARP7,chr9_136791424_136791946,79.88596581,+
RBM33,chr17_82036063_82036190,79.87898677,+
FUBP1,chr7_87900878_87907187,79.87762489,-
RBMX,chr14_96556413_96564954,79.87353002,+
KIAA0430,chr4_15682021_15686235,79.87286069,-
MYEF2,chr8_51899846_51911419,79.87173942,+
HNRNPA1L2,chr9_129609178_129632649,79.84565981,-
PPIL4,chr1_154963931_154965638,79.84246537,+
PUM1,chr11_102607452_102607709,79.83518072,+
POLDIP3,chr14_71735391_71738243,79.82289123,+
DGKD,chr3_197554713_197555780,79.8206551,+
RBM15,chr7_45101614_45101852,79.81709066,-
MEX3C,chr19_55279705_55280034,79.81213759,+
MCM3AP,chr5_151746449_151758545,79.81127899,+
SNRPB2,chr9_128098725_128101095,79.8110039,+
PHC3,chr16_70316104_70324584,79.8073698,+
PTBP1,chr3_184365226_184368176,79.80197365,-
PABPC4L,chr18_35972840_35974895,79.79988746,+
SRRT,chr6_13326963_13328455,79.79504813,+
ANKRD17,chr12_47965345_47966682,79.79434255,-
ZC3H18,chr4_82354154_82354894,79.77115156,-
FUS,chr7_26206510_26208392,79.76825569,+
RBM23,chr1_155832950_155853275,79.76770954,+
STIM1,chr1_153990802_153990913,79.7616322,-
APTX,chr1_39563922_39564470,79.75969454,+
RBM15B,chr4_73113311_73113791,79.75693446,-
NUFIP1,chr8_123226418_123226499,79.75609896,-
NONO,chr1_954082_954463,79.75561444,+
NCL,chr8_143580632_143581053,79.74360675,-
YBX1,chr3_197142768_197194424,79.7408292,+
THUMPD3,chr9_129632801_129634053,79.73939672,+
TNRC6A,chr3_113017602_113019541,79.73489118,+
HNRNPH3,chr12_52054651_52056029,79.72923581,-
ANKRD17,chr8_132775645_132777791,79.72920124,+
MKRN2,chr16_67082339_67098709,79.71979057,+
YTHDF2,chr6_30741333_30742146,79.71836385,-
RNPS1,chr13_60112186_60163586,79.71669583,-
RBM42,chr15_89878300_89888520,79.71410994,+
ARAP2,chr3_191375589_191380158,79.70114888,+
THUMPD3,chr17_7626793_7627142,79.70034984,+
SAFB,chr14_103915189_103921469,79.69280276,+
SETD1A,chr8_144103225_144104024,79.6807192,+
CHERP,chr19_48619543_48620401,79.67125673,+
YTHDF2,chr14_75707707_75709178,79.66822148,-
PCBP1,chr17_64500773_64501056,79.66111251,-
CSTF2,chr12_42161765_42210547,79.65124472,-
RBM14,chr1_160283109_160285054,79.6479377,+
RBMX,chr11_314356_314921,79.64466733,+
U2AF2,chr1_204537497_204538208,79.6422683,-
UPF3B,chr5_134206131_134225208,79.63544194,-
HNRNPA1,chr7_103326684_103327331,79.63377835,-
HTATSF1,chr8_66460090_66460307,79.62055215,-
SETD1A,chr12_31116469_31118962,79.61206815,-
SNRNP35,chr17_81894586_81899919,79.61140176,+
TNKS,chr12_95474330_95476073,79.61008262,-
STIM1,chr5_72816752_72848384,79.606069,+
RPS3,chr15_50726126_50726320,79.59517933,+
ZCCHC14,chr4_108655657_108667246,79.59251069,-
EIF2S1,chr19_36226073_36228747,79.58048568,-
ANKRD17,chr2_218660421_218660938,79.56233817,+
LARP4,chr12_124911899_124912811,79.56145933,-
PSPC1,chr1_6197756_6200488,79.56115268,-
ZC3H18,chr4_75648741_75653982,79.55587076,-
LARP4,chr3_49360382_49360927,79.55376289,+
SSB,chr19_43665459_43667580,79.55031504,+
G3BP1,chr16_89701233_89701490,79.54674712,+
YTHDF1,chr1_172551626_172555868,79.54593828,+
SNRPB2,chr1_156135312_156135900,79.53879085,+
HNRNPH3,chr13_110624279_110627438,79.5362792,+
HNRNPK,chr2_61145196_61157861,79.53615459,+
ACIN1,chr17_81892106_81894466,79.53351259,-
YTHDF1,chr1_75724817_75732643,79.53023373,-
SYNJ2,chr14_51701159_51702511,79.52827588,+
LARP4,chr22_40400813_40402138,79.52323105,+
PSPC1,chr17_28716058_28717212,79.5223687,-
PTBP1,chr2_101870415_101871493,79.52006078,+
PAN3,chr19_1276103_1277182,79.51768174,+
HTATSF1,chr22_25448284_25455711,79.51405763,+
RBM38,chr13_51791257_51799533,79.51279262,+
SNRNP35,chr8_94885558_94890414,79.50860554,+
TP63,chr1_151027327_151033805,79.50059645,-
PABPC3,chr16_50025340_50025650,79.49924295,+
ENOX2,chr2_190683827_190685478,79.49847887,+
PPARGC1A,chr13_46045516_46052403,79.49240203,-
SNRPE,chr8_119744393_119744880,79.48777686,+
HNRNPA1,chr1_46686870_46689586,79.48453055,-
PARP12,chr11_34890552_34916227,79.48242918,+
MKRN3,chr18_9475691_9512990,79.47839242,-
DKC1,chr9_83973973_83974516,79.47537232,+
ACIN1,chr1_1399685_1400157,79.47192285,+
U2AF2,chr16_88810148_88811549,79.46861216,-
SNRNP70,chr21_33403616_33410835,79.46549486,+
RBM6,chr9_19378516_19378708,79.4644133,+
CPEB4,chr10_38034400_38054374,79.4441593,+
SNRPE,chr3_13348847_13351878,79.44001515,+
ZFR,chr10_7799194_7799590,79.43132126,-
HNRNPH3,chr16_28845055_28845313,79.42752803,+
SCML1,chr1_156283065_156285183,79.42607592,+
PPP1R9A,chr10_7780307_7787819,79.419972,+
NCL,chr6_26127761_26138053,79.41913342,+
SAMD12,chr3_75676128_75678832,79.40955221,+
CSTF2,chr14_71735391_71738240,79.39561182,+
RBM6,chr11_93755386_93759741,79.39301107,+
RBM38,chr17_28716058_28717212,79.38523274,+
SRRT,chr6_31575927_31576766,79.38044744,-
RBM4B,chr16_67847456_67865101,79.38031231,-
RBM12B,chr12_52897618_52898678,79.37356249,-
TRA2A,chr22_50186001_50193026,79.37194845,+
HNRNPA1,chr8_132799172_132803818,79.37192078,+
HNRNPA2B1,chr17_44323590_44324710,79.37132038,+
MEX3D,chr6_31980548_32013391,79.36287994,-
RALY,chr17_75574668_75574870,79.36112211,+
MKRN2,chr6_30346564_30346712,79.3602658,+
RBM23,chr14_23941158_23954747,79.35776775,+
KHDRBS1,chr17_28655483_28662045,79.34951627,-
RBMX2,chr9_26913947_26919309,79.34687789,+
MKRN3,chr17_41893174_41897748,79.34427897,-
RNPS1,chr1_117929782_117933287,79.33646067,-
TRA2A,chr1_16367308_16391374,79.32869405,+
EEF1G,chr8_76984195_76999989,79.32501013,-
RBM45,chr1_39480009_39484600,79.32364728,-
THUMPD2,chr4_77894250_77906945,79.31643336,-
RBM45,chr5_31530924_31531989,79.3082416,-
RBM8A,chr8_108229195_108248612,79.30703281,-
UPF3B,chr18_226901_244301,79.30087456,-
RAVER2,chr3_141913836_141915969,79.29697126,+
PPRC1,chr5_139314736_139316075,79.29452195,+
RNPS1,chr17_81892106_81893551,79.27439621,+
PRPF3,chr12_95252071_95257149,79.26754238,+
MSI1,chr13_60112186_60163586,79.25155024,-
DKC1,chr11_119097297_119098402,79.25138049,+
YBX2,chr21_42382825_42383032,79.24744669,-
TRA2A,chr3_75675880_75675967,79.24575782,+
CSTF2,chr20_24964022_24964374,79.23899341,-
SNRNP70,chr11_102607452_102677702,79.2281411,+
DKC1,chr8_94885558_94890414,79.22343631,-
EIF3B,chr17_5474789_5477847,79.22057305,+
PARN,chr5_70401668_70420248,79.21575065,+
TTC14,chr1_228108474_228108954,79.20076629,+
NCBP2,chr1_75791571_75794083,79.20064147,+
PPFIBP2,chr19_45164970_45178134,79.19512118,-
PABPC3,chr5_163467748_163469640,79.19433503,+
EPHB3,chr1_1390865_1393395,79.19091409,-
ZMAT5,chr17_51165681_51166826,79.17774595,-
ZC3H7A,chr2_182736386_182739544,79.17454608,+
SPEN,chr9_90613863_90642751,79.1705234,+
PPFIBP1,chr5_141973742_141978302,79.16990229,+
HNRNPL,chr17_7931149_7931730,79.16778676,-
SNRPG,chr7_100098290_100098566,79.16763924,-
ZC3H3,chr17_64531022_64531889,79.15933883,+
DAZAP1,chr11_65536750_65536985,79.15728976,+
NCL,chr13_27430621_27432730,79.15662296,+
SETD1B,chr13_75834387_75835232,79.15313212,-
RBM24,chr2_215391814_215392930,79.15180077,+
MEX3C,chr2_68053137_68062957,79.15077236,+
DAZAP1,chr12_49298037_49298284,79.15034385,-
TNRC6A,chr19_35157617_35158343,79.14547949,+
ARAP1,chr1_145893635_145895630,79.14161071,-
CNKSR3,chr22_17689142_17702242,79.14077318,+
TDRKH,chr1_54047372_54052999,79.13731518,+
MBNL1,chr12_49186401_49186610,79.13223853,-
RBMXL1,chr9_36573007_36580072,79.1228645,-
PARN,chr10_79806122_79814612,79.12054858,-
RPS3,chr2_61017851_61021049,79.11213419,-
EIF2S1,chr5_180467364_180483114,79.11136481,+
MBNL1,chr11_95795559_95799231,79.10460887,+
MSI1,chr11_76458358_76463820,79.10408096,-
ZC3HAV1,chr14_21263336_21269297,79.09501886,+
SNRPG,chr1_165649964_165651013,79.07591744,+
SNRPD1,chr12_49741611_49752463,79.07453086,+
PPP1R9A,chr1_86376418_86382930,79.07425265,+
NCBP2,chr17_76089320_76090328,79.05918399,+
STIM1,chr14_64224547_64224995,79.05908409,+
LSM2,chr8_100259997_100264033,79.05182731,-
SNRPB2,chr8_100705673_100709132,79.04440408,-
ANKRD17,chr6_89637353_89637724,79.04348891,+
SRRT,chr1_1704146_1704222,79.03497301,+
HNRNPA1,chr3_129451998_129463559,79.03201775,+
EPHA2,chr3_57896371_57896510,79.03023628,+
RBM8A,chr14_75752955_75757830,79.02994081,+
DUS3L,chr6_20548705_20558541,79.02712786,-
ESRP2,chr15_89871546_89877305,79.02167459,-
PAN3,chr3_9434485_9434589,79.0094522,+
PPRC1,chr1_110381795_110382833,79.00522626,+
RBMX,chr19_1276103_1277182,78.98443092,+
MEX3D,chr1_28579587_28579941,78.98303372,-
MSI1,chr19_35266738_35266838,78.98101853,+
MEX3A,chr3_184366800_184368176,78.97623942,+
RBMX,chr19_36114066_36114150,78.96888544,-
HNRNPC,chr15_73563257_73563378,78.9688294,+
NCL,chr7_100149579_100153399,78.95994214,+
CNKSR2,chr7_92536474_92536850,78.93967714,-
PHC3,chr8_47395021_47396375,78.93763193,-
CNKSR3,chr11_93754037_93757315,78.93149405,+
NCL,chr3_9977446_9986506,78.93080422,+
FUBP1,chr5_181239582_181240215,78.91873092,-
SAFB,chr11_85983973_85990249,78.91285933,+
PPP1R9A,chr17_76727213_76732977,78.9040088,-
SRRT,chr8_48049978_48060681,78.90229056,+
ACIN1,chr12_48655060_48660467,78.90211346,-
SAFB,chr1_151540426_151562584,78.89421847,+
SNRPF,chr19_52778907_52786594,78.88637315,-
PABPN1,chr5_71604468_71632120,78.88391707,+
ZC3H14,chr1_30966197_30967166,78.87751881,+
HNRNPC,chr6_122778574_122780290,78.86047092,-
TTC14,chr22_29296368_29298732,78.85756641,-
CNKSR1,chr8_74823467_74825256,78.85621872,-
LRSAM1,chr14_24232977_24233218,78.85458058,+
ARAP2,chr14_64449638_64490360,78.84186729,+
ANKHD1,chr6_43013389_43013785,78.8370232,-
U2AF2,chr3_12503784_12516610,78.81960266,+
SRRT,chr4_157803701_157805250,78.81684564,+
ZC3HAV1,chr1_173864506_173864674,78.81241027,+
SRBD1,chr17_74203745_74203917,78.80921285,+
SFPQ,chr3_168036994_168041391,78.80831042,+
EIF2S1,chr14_74298069_74300149,78.80202327,+
RBM7,chr15_84670782_84687624,78.79497264,-
EIF2S1,chr1_160211650_160213109,78.78986572,-
PABPC3,chr7_122081595_122086011,78.78484914,+
PDCD11,chr14_101917947_101925140,78.77989783,+
ARAP2,chr2_55686440_55687644,78.77843235,-
TUT1,chr21_42382234_42382694,78.76208188,-
RBM6,chr17_7948619_7949084,78.7592043,+
LARP4,chr11_314809_314921,78.75104698,-
ANKHD1,chr19_3452666_3462751,78.74885935,+
PABPC4,chr11_61416519_61419948,78.74641497,+
PTBP2,chr17_82036061_82036190,78.74559508,-
PPIL4,chr11_66284966_66285700,78.74183611,+
SNRPG,chr1_243304777_243305011,78.73102835,+
MKRN2,chr14_103913984_103921469,78.73020095,-
ANKHD1,chr16_18789118_18789896,78.72972911,-
SFMBT2,chr11_115399513_115504270,78.72599117,-
PARP12,chr11_46617890_46644278,78.72491648,-
RPS3,chr6_110997105_110997182,78.72488263,+
PPP1R9A,chr1_77741748_77745420,78.71321632,+
NCL,chr15_22839790_22851638,78.70970964,+
SAFB,chr22_42599793_42602769,78.69937242,+
ASCC1,chr2_19898035_19901475,78.696967,+
PABPC1,chr16_2020312_2020534,78.69659512,+
NCBP2,chr3_138163494_138167080,78.69103379,-
ZCCHC14,chr19_40348768_40366418,78.68736911,-
PARN,chr19_12829997_12834784,78.67758396,+
PCBP2,chr17_74773688_74775621,78.67644001,+
PRPF3,chr17_58724100_58732480,78.67583718,+
EPHA1,chr21_17559131_17565427,78.66938307,-
PCBP4,chr1_151760031_151760815,78.66765949,-
HNRNPK,chr9_113273438_113275377,78.66716941,+
RBM8A,chr7_158752843_158759485,78.65990607,+
G3BP1,chr1_8870510_8871890,78.65576371,+
SFMBT2,chr13_46045516_46052403,78.64751577,-
EEF1G,chr1_155308965_155309788,78.6307078,-
TDRKH,chr3_143053794_143056311,78.62664988,+
DND1,chr3_53852997_53856843,78.62592351,-
PDCD11,chr19_50798958_50802216,78.61409699,-
UPF1,chr17_76727178_76729689,78.60587812,+
YTHDC2,chr16_89686797_89690552,78.60323486,-
SF3B4,chr11_119019317_119021759,78.59626324,-
SNRPD2,chr1_112705123_112707077,78.59435216,-
PDCD11,chr6_85677868_85677953,78.57809611,-
MYEF2,chr12_122209858_122216487,78.56875096,-
SSB,chr1_153642429_153645063,78.56314111,-
FUBP1,chr3_159765138_159866162,78.55906346,-
RBM42,chr3_28263380_28294433,78.55480912,-
ZC3HAV1,chr1_53889463_53889712,78.55221155,-
RBM15,chr13_27445156_27450141,78.54621771,+
SAFB,chr7_29121071_29146340,78.54350659,+
PPRC1,chr14_90397233_90398990,78.54097872,-
EWSR1,chr8_144510015_144510597,78.53261275,-
CIRBP,chr19_14397223_14397657,78.51532582,+
ESRP2,chr13_52659249_52661477,78.51509791,+
SAMD12,chr5_170808752_170809567,78.5133138,-
EPHB3,chr19_42512479_42521266,78.49410685,-
SNRPF,chr15_78545764_78548789,78.48580346,-
PPIL4,chr7_73736691_73737561,78.48014382,-
SETD1B,chr3_132578881_132579491,78.47972134,+
HNRNPH3,chr9_92319356_92319942,78.47045656,+
SPEN,chr19_35497538_35498597,78.46506083,+
TRMT1,chr1_86376418_86382930,78.46244431,+
ZFR,chr11_77855482_77869721,78.44835118,+
PUF60,chr17_75148671_75154341,78.44795827,+
RBM38,chr11_86270157_86276979,78.44089929,+
PCBP1,chr10_87334814_87336785,78.4374408,+
CCAR1,chr6_3263759_3264208,78.43661831,+
ARAP1,chr7_72950196_72953325,78.4312286,+
CSDE1,chr3_9941206_9943076,78.43116379,-
RBM28,chr5_272772_276011,78.42631199,-
LEMD3,chr7_102541662_102566996,78.42571852,-
ZC3H14,chr15_29701689_29704200,78.42313104,+
PUM1,chr19_10133701_10135735,78.4182836,+
QKI,chr9_92229126_92240642,78.41312619,+
UPF1,chr17_76727178_76729689,78.41132695,+
RBPMS,chr1_173864506_173864674,78.4100987,-
TRA2A,chr19_53242330_53243743,78.40511026,+
RBM24,chr18_62161385_62162252,78.40430702,-
FXR2,chr8_27833133_27837709,78.40105053,-
RBM27,chr2_113493994_113495636,78.39896956,+
SNRPD2,chr1_161323670_161340593,78.39367573,-
ANKHD1,chr19_42511628_42512349,78.38550984,+
CIRBP,chr7_102541662_102566996,78.38017632,+
SNRNP35,chr1_153975905_153976975,78.3765519,-
CPEB4,chr7_106092669_106092948,78.3694089,-
G3BP1,chr11_86302478_86303356,78.36796221,-
SSB,chr19_48936195_48939448,78.36377379,+
EEF1G,chr12_53296551_53297849,78.35887344,-
MEX3D,chr4_139678642_139703454,78.35506474,-
CNKSR1,chr22_40364365_40366435,78.35213748,-
YTHDF1,chr11_93754037_93757315,78.35123892,+
PCBP2,chr5_53646405_53683117,78.32760294,-
SNRPG,chr3_159765138_159866162,78.32729987,-
PCBP1,chr10_60778668_60780140,78.3224656,+
ZC3H8,chr12_21501948_21512294,78.3058071,-
HNRNPK,chr12_56645353_56645836,78.29196758,+
RBM33,chr12_9857637_9869204,78.29012249,-
HTATSF1,chr2_111480061_111494884,78.28098232,+
ELAVL2,chr22_40953633_40964046,78.27394762,+
ZC3H8,chr13_49661208_49669776,78.27144314,+
PPIL4,chr4_103065768_103066326,78.26653067,+
CPEB4,chr2_161160486_161161284,78.25981951,+
QKI,chr16_89686797_89690552,78.25830636,+
SAMD13,chr21_39181878_39183063,78.2579597,+
NSUN6,chr8_85113099_85114313,78.25679471,+
NCBP2,chr12_48142066_48143752,78.25589886,+
ARAP2,chr19_36325764_36326481,78.25546655,-
POLDIP3,chr1_33024567_33031543,78.24407055,-
KHDRBS3,chr13_113539507_113548302,78.23785668,-
RBM33,chr3_15795306_15797048,78.23106068,+
TRMT2A,chr7_64831076_64831450,78.2212771,-
SNRPE,chr7_107580301_107583881,78.22115683,-
RBPMS,chr7_64831076_64831450,78.22038719,+
ZMAT5,chr10_13109015_13109096,78.21930755,-
CSDE1,chr14_39319291_39320927,78.2181881,+
CIRBP,chr3_94063138_94064436,78.2159406,+
THUMPD2,chr12_32737161_32740063,78.21230535,-
RBM42,chr7_102667264_102668914,78.20688882,+
ALKBH8,chr6_112081207_112086555,78.20523427,-
PPFIA3,chr7_74053309_74056270,78.19418264,-
PAPSS1,chr9_129109277_129110482,78.18995937,+
PUF60,chr2_119679225_119680831,78.18597584,+
PPIL4,chr22_35257557_35262322,78.18323351,+
ANKHD1,chr22_46337944_46346421,78.18315135,+
SNRPB2,chr18_63981838_63985092,78.18055973,-
ANKS6,chr12_6724818_6728222,78.17961222,+
RBMS3,chr12_52248211_52248590,78.17770439,+
RBMS3,chr8_103325498_103329654,78.1767822,-
LEMD3,chr19_49866528_49867053,78.17420538,-
PABPC4L,chr21_34525608_34526662,78.17170102,-
DAZAP1,chr8_74831126_74843980,78.16897168,-
SYNCRIP,chr1_39743924_39745413,78.14171562,-
TARDBP,chr2_10785030_10787280,78.13344971,+
PPIL4,chr1_149176250_149177157,78.13333118,-
SNRPF,chr11_119097297_119098402,78.13152729,+
HNRNPA1,chr10_15097766_15103304,78.13036399,+
TIAL1,chr14_64926080_64943298,78.12246139,-
ZC3H7B,chr14_75707707_75709178,78.11759207,+
RBMX,chr7_128981531_128982247,78.11712742,-
SAMHD1,chr2_3575350_3575591,78.11236988,+
RBPMS2,chr20_56513428_56517105,78.104492,-
DKC1,chr6_127327144_127343335,78.10330206,+
YTHDF3,chr1_243293219_243293398,78.07949213,+
RBMXL1,chr4_184697803_184702088,78.07781308,-
PUM1,chr1_28438430_28457831,78.06587401,-
PABPC1L,chr1_222815171_222823883,78.05751597,+
MKRN3,chr9_36573198_36581643,78.05673761,-
PAPSS1,chr17_64500773_64502009,78.04529676,+
ARAP2,chr21_46636990_46643531,78.04456832,+
ANKRD17,chr6_10726008_10728639,78.04226981,+
PPRC1,chr17_7586838_7587160,78.04020282,+
TRMT1,chr17_7578244_7578341,78.03705229,+
CNKSR2,chr1_31260121_31260954,78.02765259,-
ZCCHC14,chr3_9800296_9803842,78.02441258,-
RBMXL1,chr19_54364486_54364770,78.02254742,-
HNRNPK,chr15_50726126_50726320,78.01951214,-
THUMPD3,chr1_51730001_51745535,78.01917734,+
SLBP,chr10_98429642_98430570,78.0178605,-
RBMXL1,chr8_90001561_90018908,78.0041991,+
PABPN1,chr11_102607452_102607709,77.99598266,-
DGKD,chr11_67467563_67468027,77.9848928,-
PTBP2,chr14_77710896_77715771,77.98188611,+
ANKHD1-EIF4EBP3,chr8_47395021_47396375,77.97477198,-
PPRC1,chr19_44213244_44228445,77.97029489,-
PTBP2,chr1_156055425_156058314,77.95540505,-
DKC1,chr17_81935144_81935336,77.95104595,-
ENOX2,chr6_142302331_142309543,77.94890916,+
MYEF2,chr13_21172681_21176347,77.94807217,+
ANKHD1,chr8_73959818_73972041,77.94476123,-
STIM1,chr12_65278865_65326825,77.93532608,+
ZFR,chr1_155324809_155325101,77.93462176,+
YTHDF2,chr19_44782491_44790003,77.92810628,+
YBX2,chr14_64488057_64490360,77.92643712,-
ZCCHC14,chr15_50424654_50439008,77.9261611,+
PTBP2,chr14_60092419_60114699,77.91703331,+
CIRBP,chr1_16367308_16393227,77.90528301,+
RBM6,chr22_35746561_35759887,77.90349968,-
MSI2,chr19_852578_852875,77.89640566,+
SSB,chr2_10775071_10778571,77.88470269,-
HNRNPA1L2,chr16_2020312_2020534,77.88323672,-
PPFIBP1,chr19_48617415_48617790,77.88291579,-
PTBP1,chr2_43889876_43890222,77.87936857,-
RBM24,chr3_167734350_167734805,77.87166171,-
ZC3H18,chr20_56388202_56391942,77.87145233,+
ANKRD17,chr3_191375589_191380158,77.86032056,+
MBNL1,chr19_38587817_38595484,77.85256361,+
PDCD11,chr12_53467293_53468776,77.84701847,-
SRBD1,chr14_58247832_58252123,77.84662907,-
TRA2A,chr10_79798027_79804484,77.83875667,+
TEP1,chr5_171997051_172006457,77.8324389,-
RBM45,chr22_37808163_37809948,77.83008108,-
PTBP1,chr16_89948814_89949416,77.82961139,-
CIRBP,chr17_44320749_44321057,77.82000567,-
SNRPB2,chr3_20171232_20176600,77.81556297,+
EPHA1,chr5_170808752_170809567,77.81358627,-
ZC3HAV1L,chr1_91021201_91021989,77.81054764,+
KHSRP,chr20_17596790_17600737,77.8080217,-
YTHDC2,chr9_136993664_136993769,77.79976757,-
CPEB4,chr13_27648453_27650041,77.78831033,-
RBMX,chr4_103050382_103066326,77.78673217,+
MBNL1,chr4_119214222_119217549,77.77866366,+
PABPN1,chr19_35546808_35547118,77.77798091,-
RBM10,chr7_73693669_73697604,77.76654002,-
ANKS3,chr1_70205780_70221611,77.76478436,-
QKI,chr12_103951630_103953413,77.75436056,+
THUMPD2,chr12_46470262_46652389,77.75322771,-
RBM12B,chr7_90405612_90412643,77.74793915,-
PHC1,chr15_90969120_90969523,77.74772924,-
KHDRBS1,chr17_44212006_44212343,77.72432943,+
PABPC1,chr20_31722330_31722617,77.71992742,+
SETD1A,chr6_26459828_26462796,77.71405975,-
EIF4B,chr3_37355187_37366079,77.70856712,+
SRBD1,chr8_54132413_54136510,77.69753145,-
PPRC1,chr12_133101053_133105509,77.69222401,+
SETD1B,chr6_42884750_42886255,77.69148385,-
KHDRBS1,chr8_123533240_123540898,77.68845273,-
PTBP1,chr8_140511646_140515125,77.6883133,-
SCML2,chr1_99970644_99993536,77.68332186,+
RBM25,chr15_40563027_40564975,77.67717967,+
ANKRD17,chr3_179601790_179604526,77.67252629,+
RBM25,chr3_10301374_10304025,77.67173998,+
ZFR,chr7_75415778_75415980,77.66231504,+
APTX,chr9_33026616_33029884,77.65712106,-
TIAL1,chr5_65662150_65664233,77.65702703,+
ZC3HAV1,chr1_32228816_32230926,77.65540208,+
RBM25,chr14_50330181_50334564,77.65174807,+
RBM14,chr6_28281918_28283755,77.6495516,-
RBM27,chr17_75702571_75703807,77.64670521,+
ANKHD1-EIF4EBP3,chr11_76458358_76463820,77.64073972,+
PSPC1,chr3_133046020_133229269,77.63426005,+
MBNL1,chr16_31091342_31093311,77.63411974,+
ANKHD1-EIF4EBP3,chr3_132578881_132579491,77.62972924,-
SNRPB2,chr8_98032317_98033098,77.62052865,+
SETD1A,chr8_93917945_93922015,77.61997768,+
STIM1,chr11_119015939_119018281,77.61847983,-
RBM17,chr22_29549158_29553670,77.61679405,+
ZC3H3,chr16_69711281_69714963,77.60894428,-
PCBP1,chr16_11556735_11587150,77.60875838,-
MBNL1,chr17_82478918_82479937,77.60449081,+
PARP12,chr5_65625106_65629467,77.59795642,-
AKAP1,chr9_21971208_21993881,77.59713569,+
ANKHD1,chr5_71038481_71041521,77.59127055,+
PPIL4,chr17_59700189_59707370,77.57813861,+
ZFR,chr10_89010600_89011998,77.57472965,+
RBMXL1,chr6_42879951_42883450,77.56898032,+
EIF3B,chr9_129338917_129341349,77.56725582,+
YBX1,chr11_62871669_62876786,77.56440176,+
RBM28,chr2_156326207_156326311,77.56414534,-
UPF3B,chr14_55129300_55138044,77.55684765,+
SLBP,chr4_75917773_75918760,77.53417649,+
PPRC1,chr9_83665145_83669184,77.53118933,+
MYEF2,chr1_151316509_151327270,77.53089882,-
ZMAT5,chr2_95912435_95917854,77.52576348,+
ZC3H14,chr13_31141259_31145562,77.52385873,+
RBMS3,chr12_112013609_112022149,77.523678,-
RBM33,chr11_93730447_93731149,77.50808703,+
CNKSR1,chr1_243286397_243304712,77.50028279,+
THUMPD3,chr17_78202751_78206910,77.49960713,+
PPFIBP2,chr4_158672490_158680466,77.4953037,+
LSM2,chr11_61430182_61445940,77.49041008,-
PABPN1,chr5_132937193_132937648,77.48273573,+
IGF2BP3,chr14_49626048_49633286,77.47787272,-
HNRNPF,chr5_163467748_163469640,77.47761075,+
PSPC1,chr11_67586211_67586388,77.47591112,+
YBX1,chr19_11041560_11058257,77.4716916,+
MEX3D,chr16_11896782_11897839,77.46649878,-
MBNL3,chr20_49174269_49179121,77.4625992,+
PAPSS1,chr3_10018071_10023529,77.4469393,+
PDCD11,chr14_64224547_64224998,77.44226001,+
YTHDF2,chr8_47294030_47313134,77.43994834,-
TRA2A,chr13_49255913_49259485,77.4350134,+
PABPC4L,chr2_205766803_205776245,77.43023958,-
DGKD,chr3_9677387_9683177,77.43005044,+
EPHB3,chr9_177820_178815,77.42487288,+
MEX3D,chr14_58291707_58293065,77.42476807,-
RBM45,chr9_14088326_14112998,77.42464466,+
RBM25,chr19_58246427_58246745,77.41931652,-
FXR2,chr1_94530596_94533089,77.41468831,-
PPIL4,chr9_136791424_136791946,77.40675226,+
G3BP1,chr1_28017239_28027788,77.40294398,+
PARP10,chr22_46337944_46346421,77.39553989,-
RNF113A,chr20_45813464_45815540,77.39345485,-
RBM25,chr5_180468269_180483114,77.39331687,-
AKAP1,chr12_124911899_124912811,77.39135212,-
PTBP1,chr2_200419496_200439121,77.38976649,+
PPFIBP2,chr7_148815954_148816683,77.38321246,-
TP63,chr1_151027327_151033805,77.37655593,-
CNKSR1,chr8_69466950_69501873,77.37194814,+
HNRNPK,chr20_2656214_2656773,77.37148789,-
RBM25,chr8_127794734_127795893,77.36541992,-
RBM15,chr7_44841012_44847968,77.35277475,-
QKI,chr7_44796793_44801286,77.35155826,-
MBNL1,chr8_17972687_17985446,77.34937223,+
HNRNPL,chr14_92117642_92118848,77.34634024,-
TIAL1,chr3_130850928_130930415,77.34397172,+
RBM25,chr6_127327144_127343335,77.34384598,+
FUS,chr15_28320464_28321361,77.33323531,+
SPEN,chr11_62794398_62794934,77.33194544,-
RBM25,chr3_10115819_10125625,77.32616879,+
ANKRD17,chr12_124913495_124913723,77.29157319,-
HNRNPA2B1,chr12_54183959_54188950,77.28937454,+
PARN,chr19_43649143_43656478,77.28211382,-
PPRC1,chr7_48101982_48106872,77.27635542,+
PCBP4,chr7_92131872_92134665,77.27368027,-
PCBP1,chr6_10749268_10755141,77.27013249,-
PABPC4L,chr5_65625106_65629467,77.26708287,+
ZCCHC14,chr21_32413013_32467695,77.26674912,+
RBM14,chr8_51845763_51860860,77.24420617,+
PAN3,chr7_155298027_155298258,77.24412661,-
TEP1,chr17_76727213_76732977,77.24173527,+
KHDRBS3,chr7_143286202_143286423,77.23554596,+
SASH1,chr1_174752354_174811831,77.2349538,-
HNRNPF,chr7_140375654_140380281,77.22954631,+
PABPC1L,chr11_93734660_93737063,77.22542745,-
SNRNP70,chr19_48993923_48994775,77.22038048,+
PPFIBP2,chr8_129761008_129762625,77.21994622,+
DKC1,chr2_55922447_55922898,77.2188368,-
STIM1,chr4_15971082_15980421,77.21507811,-
ZC3H12C,chr18_63985245_63986962,77.21484476,-
CPEB2,chr2_61868706_61872081,77.20265008,-
THUMPD2,chr6_311962_345853,77.19500005,-
THUMPD2,chr16_65053928_65125769,77.17946923,-
APTX,chr1_155308965_155312254,77.16747465,-
RBM28,chr1_220074071_220089685,77.15180356,-
ARAP1,chr19_14563702_14563834,77.15093246,-
WDSUB1,chr8_128070361_128096517,77.14195924,-
SYNCRIP,chr12_120470104_120496415,77.14059752,-
SPEN,chr17_50737479_50740305,77.11973084,+
MBNL1,chr11_34890552_34916227,77.11719124,+
U2AF2,chr1_84671308_84690370,77.11136888,+
TRA2A,chr8_47935058_47936352,77.10673123,-
KHDRBS1,chr15_90984140_90994406,77.10536804,-
TP63,chr15_89877424_89888520,77.0971343,+
HNRNPA1,chr19_18589077_18590853,77.09493375,-
U2AF1,chr8_79919148_80030053,77.09247127,-
ZCCHC14,chr9_92229126_92240642,77.08791004,+
DKC1,chr13_27432804_27434138,77.08531626,+
HNRNPC,chr6_31970378_31970605,77.08207365,+
EPHB3,chr5_151110644_151117126,77.07775371,+
YTHDF2,chr2_156326274_156326717,77.07613976,-
SNRPE,chr19_5928087_5931403,77.06735257,+
SCML2,chr8_132804032_132804611,77.06671546,-
SAFB,chr5_71060930_71061687,77.06055613,+
AKAP1,chr19_40775669_40775751,77.05359179,+
RBM38,chr8_103403324_103407633,77.05230812,-
ZC3HAV1,chr9_70344269_70346604,77.02970584,+
SRBD1,chr3_50227193_50252099,77.01779337,-
LSM2,chr11_118757287_118759921,77.01681283,+
MEX3A,chr12_25215560_25225613,76.9927919,+
RBM25,chr20_25206590_25207078,76.99254369,+
PAPSS1,chr1_174800500_174811831,76.98675808,+
EIF3B,chr7_97966977_97969769,76.98544057,+
PABPN1,chr1_32228816_32230926,76.98354027,-
SCML1,chr3_183833589_183840569,76.97998005,+
RBM19,chr1_235135767_235136033,76.975901,-
HNRNPK,chr5_133006920_133022840,76.96736292,-
G3BP1,chr1_151540426_151562090,76.95766875,+
MYEF2,chr9_32987731_32989758,76.9548883,+
HTATSF1,chr20_34516461_34519419,76.9534952,+
TRA2A,chr19_53439933_53441795,76.95324156,+
PCBP1,chr8_144851395_144853371,76.94859488,+
APTX,chr2_97202230_97209799,76.93946293,+
SAMD12,chr12_124912180_124912864,76.9357141,-
QKI,chr22_24233018_24233873,76.93243569,+
ASCC1,chr12_46387972_46470152,76.93069881,-
G3BP1,chr13_113636700_113640119,76.92922977,+
SETD1B,chr10_97453846_97454713,76.91766487,-
ZC3HAV1,chr6_311962_345853,76.91481535,+
ZFR,chr20_25206590_25207078,76.91222571,-
YBX2,chr6_311962_345853,76.89499307,-
RBM28,chr3_136591549_136604308,76.89269937,+
PAPSS1,chr2_178469785_178478278,76.88812863,+
RALY,chr5_176352748_176359810,76.88408501,-
KHDRBS3,chr11_64246248_64247952,76.87936464,-
LRSAM1,chr12_50016719_50025327,76.87725283,+
ZFR,chr19_39483156_39485687,76.87637079,-
RBM27,chr1_165768269_165768481,76.871206,-
RBM4B,chr7_73736691_73737561,76.87014961,-
YTHDF2,chr1_207340508_207359545,76.86515993,-
NONO,chr3_42619708_42621428,76.86346914,+
PPRC1,chr17_81110959_81115769,76.86273583,+
RBM6,chr6_136278770_136279762,76.85258339,-
RPS3,chr14_94102059_94102476,76.83258163,+
PDCD11,chr12_50138617_50143073,76.8291901,+
PARP10,chr5_88269027_88270525,76.82890068,+
G3BP1,chr1_161157017_161157253,76.82514822,+
PUF60,chr8_54051146_54052654,76.82370079,-
RBM6,chr7_107613432_107613653,76.82247193,-
EIF2S1,chr10_110130486_110133325,76.81902528,+
HTATSF1,chr11_93754037_93757315,76.8160016,+
YTHDF2,chr2_200811727_200813207,76.81400021,-
RBMXL1,chr8_123533240_123540898,76.81379957,-
TRMT1,chr1_153608177_153608273,76.79898162,-
PHC2,chr3_157553340_157571176,76.79569436,+
RBM14,chr19_53375896_53380721,76.79443972,+
CIRBP,chr17_59886230_59892696,76.79424988,+
HNRNPA1L2,chr16_89686797_89690552,76.79278736,-
SAMD4A,chr16_80980879_80997313,76.78327227,+
ELAVL2,chr9_15267948_15307083,76.77572192,+
SNRPB2,chr3_186784696_186786163,76.77254584,-
PARP12,chr19_40348768_40365717,76.76948722,+
DLC1,chr22_38474623_38481211,76.76065765,-
ZC3HAV1,chr10_12210322_12217360,76.75908109,-
RBM28,chr1_210239608_210241557,76.75761608,+
PUF60,chr15_43800784_43801517,76.75623919,-
RBM12B,chr12_122519051_122520503,76.75204211,-
PCBP1,chr20_38448730_38450261,76.74413111,+
HNRNPL,chr17_31024426_31032425,76.74242215,+
U2AF1,chr1_88984066_88992584,76.72384734,+
G3BP1,chr12_6567922_6568138,76.7184749,+
ZC3H14,chr7_122081595_122086011,76.71337557,+
PPRC1,chr1_1756882_1757180,76.71307528,+
ZC3H7A,chr12_117158084_117165484,76.71211304,+
PARN,chr2_97127134_97142639,76.68832385,+
TRMT2A,chr3_52706703_52706796,76.66437524,-
PUF60,chr7_122081595_122082787,76.65328787,+
TRA2A,chr8_66667701_66676744,76.64071703,+
PPFIBP2,chr20_54157289_54158085,76.63942545,+
SNRPD2,chr1_210239608_210241557,76.62369131,+
MBNL3,chr18_36800311_36807846,76.61661816,-
EIF2S1,chr1_95234315_95244210,76.61334407,+
ZCCHC14,chr15_90966653_90969523,76.60904224,-
TEP1,chr11_46617890_46644278,76.60173956,-
ZC3H8,chr9_68264514_68268933,76.59876042,+
ANKS3,chr6_27126462_27132524,76.58859299,-
PDCD11,chr4_82359639_82373445,76.58494668,+
TARDBP,chr10_32048551_32050309,76.57626761,-
MSI2,chr14_75783530_75792915,76.56044214,+
TARDBP,chr17_67338621_67339394,76.5562048,+
HTATSF1,chr13_46045516_46052403,76.55017263,-
POLDIP3,chr10_80079307_80081840,76.54358889,+
PABPC1,chr1_173864304_173865509,76.532779,+
TRA2A,chr14_23096021_23097657,76.53016229,-
PCBP2,chr2_102387000_102390055,76.52519094,+
SNRPB2,chr3_186784696_186786163,76.52386166,-
ZC3H3,chr6_122778574_122780290,76.51831502,-
ENOX2,chr4_51909452_51911069,76.5155632,-
MEX3D,chr10_74398579_74589281,76.50749141,-
PARP12,chr16_54925213_54928493,76.50291693,+
RBM42,chr3_150545778_150546051,76.50169163,+
SNRPB2,chr21_46636547_46636895,76.5011053,-
MTHFSD,chr7_102567083_102568009,76.49687884,+
IGF2BP3,chr11_64245287_64245669,76.47846412,+
EEF1G,chr4_82359639_82373445,76.47059443,+
LEMD3,chr20_17954223_17955364,76.46967526,-
SRBD1,chr1_28530573_28531802,76.46317715,+
U2AF1,chr12_124911899_124912811,76.45858413,-
UPF3B,chr1_220074071_220089685,76.4561867,-
RBMXL1,chr10_72220379_72230365,76.45101025,+
PPFIBP1,chr6_106973437_106974577,76.4455627,-
ELAVL2,chr1_65425378_65427781,76.43837822,-
HTATSF1,chr15_74920442_74926765,76.43461438,-
TRMT1,chr19_45079279_45079906,76.41760452,+
PPFIBP1,chr19_42512479_42521266,76.40684525,-
G3BP1,chr10_56358705_56358908,76.39925117,-
TARDBP,chr14_50330181_50332261,76.39800844,+
CNKSR1,chr8_54087496_54100907,76.39547085,-
ZNF239,chr9_120874756_120875880,76.39107257,-
HNRNPA1,chr12_6672532_6673215,76.38132493,+
PPARGC1A,chr14_71735391_71738240,76.37803644,-
MSI2,chr1_75790057_75790151,76.36605902,+
YTHDF2,chr5_171400210_171400838,76.36246762,+
THUMPD2,chr19_45409725_45416820,76.35947471,+
KHDRBS3,chr8_80003180_80028694,76.34551277,-
ZC3H8,chr12_50441643_50454313,76.33777981,+
RBMS3,chr2_161160484_161179613,76.32871835,-
RBM42,chr9_92323351_92323440,76.32611341,+
HTATSF1,chr17_82250179_82251378,76.32319993,+
CNKSR1,chr14_103921208_103921469,76.32144953,-
PCBP2,chr8_144426979_144428488,76.31981219,+
ANKS6,chr1_155085942_155086412,76.31925914,+
ACO1,chr9_5361888_5436568,76.31594622,+
ZC3H3,chr11_33258690_33286412,76.30366654,+
ZNF74,chr19_57850561_57888766,76.30149682,+
HNRNPA2B1,chr1_154984066_154992712,76.29807517,-
ZFR,chr14_58270998_58271850,76.29785682,+
SNRPB2,chr4_2932153_2932599,76.29577246,-
CNKSR1,chr7_22813185_22822676,76.28493407,-
HNRNPA1,chr5_31530924_31531989,76.28317733,+
LARP4,chr9_83973973_83974516,76.27670236,+
PCBP1,chr1_75790057_75790151,76.2626416,-
ANKHD1-EIF4EBP3,chr22_41584058_41584526,76.25271322,-
ZNF74,chr2_161161412_161179613,76.25173779,-
MSI2,chr7_38178420_38179089,76.24225632,-
SNRNP70,chr9_68258569_68259346,76.23899163,-
RAVER2,chr16_21158746_21161084,76.22780376,-
MEX3D,chr5_65662150_65664233,76.22414685,-
RBM41,chr9_5361888_5436568,76.20996981,-
EEF1G,chr8_53979171_53984362,76.20806727,+
PCBP2,chr3_184363574_184364965,76.2027851,-
PUF60,chr1_155910506_155911242,76.20253277,-
UPF3B,chr17_44212454_44212818,76.19939773,-
SYNCRIP,chr1_2510748_2511337,76.18010059,+
LSM2,chr12_4545832_4546308,76.17754823,-
ZC3H3,chr6_26459828_26462796,76.16203887,+
RBM24,chr12_46387972_46470152,76.15431691,-
EEF1G,chr8_53242912_53250780,76.12568177,+
TMEM63A,chr6_42879951_42883450,76.11746886,-
ZC3H3,chr10_73911612_73912214,76.1139851,+
HNRNPL,chr11_62853833_62854518,76.10572899,-
SAFB,chr15_40812902_40813337,76.09820716,+
PTBP1,chr5_36177292_36183839,76.08949639,+
ZC3H3,chr6_20535199_20535350,76.08948281,+
RBM41,chr7_12640517_12644583,76.08920532,-
ZFR,chr5_140551169_140557146,76.08756455,-
SYNCRIP,chr2_205766803_205776245,76.08427315,+
ZC3H18,chr2_227325427_227332418,76.06668514,+
EEF1G,chr7_66588580_66592256,76.05488462,+
FUS,chr19_5928087_5931403,76.04639356,+
TARDBP,chr2_3575350_3575591,76.0396152,+
ESRP2,chr1_155832950_155853275,76.03517226,+
THUMPD2,chr4_81456788_81459331,76.02981702,+
TRMT1,chr7_73736691_73737561,76.02158105,-
PCBP2,chr9_96641886_96651389,76.00861443,+
EEF1G,chr7_79458999_79470593,76.00442831,-
LRSAM1,chr6_14133755_14135110,75.99194552,-
LRSAM1,chr15_90233703_90233918,75.98225744,-
PABPC1,chr19_43511566_43527096,75.97785182,-
YTHDF3,chr21_37232451_37238459,75.97188569,-
KIAA0430,chr10_26751783_26765217,75.9707514,-
RBM12B,chr22_50186001_50193026,75.96917567,+
PUF60,chr1_1703995_1704222,75.96517174,+
PAN3,chr7_852667_852812,75.96386955,+
MKRN3,chr14_64924126_64943298,75.96362727,-
LARP7,chr11_46617890_46618259,75.96174431,+
PDCD11,chr3_195967990_195968218,75.95990674,+
ZC3H18,chr17_76727213_76729689,75.95862728,+
ACO1,chr3_75673238_75675763,75.95502046,-
SNRNP70,chr2_97202230_97209799,75.94925333,+
TARDBP,chr7_99559017_99560532,75.94626252,+
RBMS3,chr8_144401673_144402866,75.94084834,-
SPEN,chr2_177216940_177219036,75.9361953,+
SNRPD2,chr10_95684624_95686494,75.93365945,+
PABPN1,chr19_44678936_44680287,75.91964543,+
YBX1,chr1_1399689_1400157,75.91873377,+
RBPMS,chr8_22539498_22540614,75.8847351,+
TRMT2A,chr19_8303953_8305030,75.88202681,-
YTHDF3,chr2_74491672_74492003,75.87942027,+
EIF2S1,chr22_46337944_46346421,75.8746831,+
HNRNPA0,chr16_189339_189930,75.85054673,-
ZC3H3,chr9_26913947_26919309,75.83831984,+
RBM25,chr5_43307824_43313355,75.82012317,-
RBM12B,chr1_150267991_150268697,75.81770895,+
ANKS6,chr19_19033930_19042710,75.8010445,+
CPEB2,chr3_9833273_9834680,75.79401949,+
RBM7,chr3_186081175_186105304,75.7733837,+
PPRC1,chr2_215393203_215394527,75.77315415,+
UNKL,chr9_36083562_36087693,75.75983234,+
QKI,chr10_3135838_3137542,75.73758721,-
SAMD12,chr10_43644801_43646059,75.73522809,+
THUMPD2,chr19_42512479_42521266,75.70929934,+
CPEB2,chr10_103392466_103396408,75.68936627,+
KIF24,chr20_2658522_2659524,75.68604249,+
SF1,chr3_38125881_38126509,75.66977322,-
RBM38,chr4_75724176_75724275,75.66851626,-
ZMAT5,chr7_106092669_106092948,75.66623349,-
POLDIP3,chr3_197142768_197194424,75.6655802,+
PPFIBP1,chr5_150392176_150392707,75.65909105,+
PABPC1L,chr15_43801187_43801517,75.63593386,+
DAZAP1,chr12_52244611_52245489,75.63472474,+
ZC3H7A,chr1_28438430_28457831,75.63116887,-
YTHDF3,chr22_40951476_40953554,75.61471383,+
RBM27,chr16_4454927_4455545,75.60119813,-
KHDRBS1,chr17_1369741_1400046,75.58582733,+
HNRNPA1,chr5_140695845_140696520,75.58208982,+
MTHFSD,chr19_14563528_14563657,75.58139829,+
SNRPB2,chr11_72189759_72192165,75.57287286,+
EEF1G,chr15_63062645_63064063,75.54832416,+
FXR2,chr7_73736691_73737561,75.54580755,+
TUT1,chr4_184638468_184649394,75.54514838,-
PARP10,chr2_202214434_202238439,75.53403196,+
HNRNPC,chr3_49310737_49324701,75.53204963,-
ZC3H18,chr8_144291874_144306547,75.52286882,-
ZC3HAV1,chr8_63023997_63024079,75.51942256,+
PABPC1,chr11_106059109_106077311,75.51711063,+
HNRNPA1,chr8_144412946_144413236,75.50661548,+
LSM2,chr1_108657579_108660962,75.50162228,+
SAFB,chr11_35204640_35205784,75.49880253,-
HNRNPL,chr2_134919891_134946100,75.49019425,+
ANKS6,chr19_48993902_48999318,75.48509966,-
SF1,chr11_85990399_85996825,75.48504643,+
YTHDF3,chr3_37154656_37174538,75.4837699,-
PCBP4,chr8_66445414_66447263,75.45820547,-
PPFIBP1,chr7_73692646_73693328,75.41900367,+
ZC3H3,chr2_130426038_130427703,75.41762348,+
RBM42,chr1_156293209_156294017,75.39828936,+
SNRPD2,chr8_70707153_70713425,75.39137091,+
SPEN,chr21_33450863_33460412,75.38435639,-
STIM1,chr1_25340579_25351625,75.37185489,-
ANKS6,chr20_18159265_18161819,75.37170858,+
PPRC1,chr2_3575350_3575591,75.35960375,+
HNRNPA1,chr7_134965386_134968553,75.35758125,-
ZFR,chr19_49560692_49576758,75.35258767,-
QKI,chr17_75286802_75289353,75.35055889,-
SPEN,chr19_35157501_35158343,75.34718306,+
TNRC6A,chr19_57392948_57394187,75.3389637,+
LSM2,chr7_74037739_74042613,75.33480103,-
PPIL4,chr8_103325498_103329654,75.32741351,-
RBM42,chr4_145120153_145121332,75.32412921,+
SAMD13,chr17_27309272_27311508,75.31465904,-
CSTF2T,chr1_39463686_39468614,75.31429592,-
ZC3H7B,chr11_60939638_60941121,75.3136077,+
RBM42,chr7_75415778_75415980,75.31148805,+
PABPC4,chr8_17972687_17985446,75.30882781,+
FUS,chr14_24232847_24233218,75.30096877,+
PARP12,chr3_149009402_149026759,75.29900269,-
RBM15,chr19_41860445_41860774,75.29648018,-
HNRNPA1,chr20_36608000_36609600,75.28433992,+
RBM6,chr12_21501948_21512294,75.26691994,-
KHSRP,chr2_95106457_95108253,75.25684849,+
PCBP1,chr4_75981545_75981932,75.25432257,+
EEF1G,chr9_36083562_36087693,75.24450926,+
PARP14,chr19_54364486_54364770,75.22890885,-
RBM38,chr5_65554946_65561496,75.21811643,+
RBM24,chr12_52244611_52245489,75.21034759,-
NSUN6,chr19_3544732_3544808,75.20791665,+
RBM42,chr5_134632195_134632727,75.20328423,-
RBM7,chr11_94497964_94498070,75.18767352,+
MEX3D,chr5_141973742_141978302,75.18697879,-
NONO,chr12_117046666_117046771,75.17823234,-
RBM6,chr18_11885816_11886916,75.16953311,+
NCBP2,chr20_50143621_50151211,75.16906805,-
ZC3HAV1,chr3_37355187_37366079,75.16726644,+
YTHDF2,chr2_38746747_38747061,75.16088166,+
RBM7,chr11_7672891_7674225,75.15819729,+
HNRNPL,chr11_35190065_35214851,75.13877,+
SNRNP70,chr14_74298069_74300149,75.1140961,+
G3BP1,chr11_850367_864436,75.11288658,-
LARP6,chr9_122286166_122291748,75.10637665,+
PAPSS1,chr19_35157501_35158343,75.09314953,+
RBM19,chr8_144405295_144409014,75.08879879,+
RBM42,chr2_113454778_113457064,75.08807451,-
SCML2,chr6_17513954_17539268,75.08121784,+
DAZAP1,chr1_84671308_84690370,75.07752572,+
SCML2,chr11_65536750_65536985,75.07427485,+
DAZAP1,chr3_193615770_193618868,75.07193675,+
RAVER1,chr3_13414112_13420059,75.05932069,+
CNKSR2,chr5_154858816_154863206,75.05250126,-
YTHDF3,chr16_88810556_88811549,75.0511642,+
RBM27,chr14_58346505_58347646,75.03567328,+
PDCD11,chr4_110621369_110622255,75.02714927,+
SNRNP70,chr6_37170879_37171124,75.02640056,-
PHC2,chr5_132998850_133006758,75.01927191,+
ZC3H6,chr15_50424514_50439008,75.01816103,+
PCBP1,chr22_41628230_41636112,75.00813426,+
SYNCRIP,chr16_2205512_2206030,75.0047442,+
ZMAT5,chr7_64831076_64831450,75.00434106,-
SNRPD2,chr1_94530596_94533089,74.99283501,-
TNRC6A,chr2_113970753_114007018,74.98921433,-
ALKBH8,chr2_97164311_97167576,74.98326042,+
EEF1G,chr22_29296368_29298732,74.97157027,-
RBM38,chr2_178469785_178478278,74.97082765,+
ZMAT5,chr2_135605016_135616667,74.96972207,-
KHDRBS3,chr7_7673453_7747993,74.96876911,+
FUS,chr7_103327378_103327655,74.96630045,+
TRA2A,chr2_232567214_232580903,74.9633508,-
SPEN,chr12_124911952_124912636,74.96080037,-
ZNF239,chr19_35497538_35498597,74.95967485,+
RBMX,chr3_29899755_29936085,74.95396441,+
ZC3HAV1,chr1_182855713_182856531,74.94839652,+
SRBD1,chr17_30481263_30484213,74.93012108,-
SF3B4,chr2_113465173_113482176,74.91029217,-
CPSF6,chr17_64500773_64502009,74.90689055,+
RBM4B,chr19_10677310_10679096,74.90489555,-
CPEB2,chr8_144837507_144841818,74.89500693,-
U2AF1,chr9_70344269_70346604,74.8339043,+
RBMX,chr9_128461067_128469182,74.8313809,+
ZC3H18,chr8_55763980_55773226,74.82665751,-
SNRNP70,chr19_1276103_1277182,74.81118795,-
KHSRP,chr8_103403324_103407633,74.809739,-
YBX1,chr12_56639307_56639979,74.77335233,+
HNRNPL,chr2_113493994_113495636,74.76296654,-
PARP10,chr5_132488025_132490544,74.7601253,-
DAZAP1,chr8_109339390_109340488,74.74497595,+
ZC3H3,chr8_103403324_103407633,74.72953563,-
INPPL1,chr2_96335848_96341674,74.72675132,+
SETD1B,chr7_12687728_12688168,74.72645243,+
PHC2,chr7_38178420_38179089,74.72123258,+
RBM12B,chr4_15681968_15686235,74.70650682,-
SRBD1,chr20_56390665_56392167,74.70301863,-
SRBD1,chr2_197500439_197503038,74.69447857,-
HNRNPC,chr3_38129388_38131925,74.69248409,+
PHC1,chr17_76727178_76729689,74.66197727,+
SPEN,chr11_65893296_65896808,74.65845269,+
RBM45,chr12_124913111_124913339,74.65797298,-
RBMX,chr6_63636150_63679999,74.63959119,+
LRSAM1,chr19_44213244_44228445,74.63581998,+
PHC2,chr22_40955446_40964046,74.62552727,-
YBX1,chr19_12668617_12669353,74.62440508,-
HNRNPF,chr11_61416519_61419948,74.62355512,+
RALY,chr2_27350632_27356738,74.61275249,+
RBM15,chr1_19597109_19623473,74.60385251,-
NSUN6,chr7_91980333_91980872,74.59624537,+
RBM12B,chr2_97540229_97541910,74.59368959,+
MBNL3,chr2_95935644_95938828,74.58747483,+
LARP1,chr18_23466276_23473428,74.58499593,+
PABPC1,chr8_108229195_108248612,74.58224976,-
RBMS3,chr7_97966977_97969769,74.57341499,+
ACO1,chr11_93733419_93734624,74.56116951,-
LARP7,chr6_13321095_13326786,74.55550203,-
SAMD10,chr12_50138617_50143073,74.54321974,+
SYNCRIP,chr3_157553340_157571176,74.53066526,+
RBM6,chr2_10785030_10787280,74.52000341,+
RPS3,chr13_20732121_20757454,74.50947419,+
SPEN,chr6_43519905_43520065,74.50812656,+
RBM17,chr1_23798730_23799365,74.5033656,+
PABPN1,chr13_31141259_31145562,74.48543777,-
CPEB2,chr17_7241679_7242240,74.47454887,-
RPS3,chr19_40775669_40775751,74.43755913,-
SCML1,chr8_90001561_90018908,74.41109128,+
MBNL3,chr2_37082383_37083288,74.41062148,-
LRSAM1,chr15_90966653_90969523,74.40578381,-
PPFIBP1,chr7_6009498_6017813,74.37717124,-
RBM6,chr1_86887196_86903280,74.36774327,-
ANKS6,chr1_20779911_20780349,74.36049962,-
FUS,chr9_136993664_136993769,74.35732075,-
ZC3H12C,chr9_127936655_127937817,74.3532601,-
PARP10,chr3_197297235_197298535,74.34806216,+
TRA2A,chr11_65018733_65021720,74.34516493,+
UNKL,chr12_106957149_106967110,74.32384106,-
PPIL4,chr7_94598963_94600645,74.32361336,-
RBM27,chr4_78595809_78597318,74.32139657,-
PABPC1,chr8_108229195_108248612,74.30928437,-
WDSUB1,chr12_4612718_4613514,74.28785434,-
RBM6,chr8_123019305_123021446,74.27736166,+
PARP10,chr2_202214434_202238439,74.26159786,+
PPRC1,chr11_76458358_76463820,74.25386725,+
SETD1B,chr11_96387613_96389364,74.25226513,+
PABPC1,chr19_13774903_13778051,74.24870041,-
RBM19,chr8_100270013_100287500,74.24825497,-
RBM4B,chr8_10765916_10826151,74.2447332,-
HNRNPA1L2,chr12_31116469_31118962,74.23472523,-
ZC3H3,chr12_51049185_51056349,74.23210982,+
SETD1B,chr2_102387000_102390055,74.23127456,-
HNRNPA1,chr5_151746449_151758545,74.22939912,-
RALY,chr7_120857988_120858233,74.22299509,+
RBM12B,chr2_113931396_113934157,74.20854646,-
PAPSS1,chr5_171910797_172006457,74.20611274,+
EPHA1,chr9_162469_172080,74.1932481,-
SPEN,chr7_99411186_99411749,74.18734504,-
ZC3H8,chr6_125915480_125920942,74.17372184,+
DKC1,chr19_19034238_19042710,74.15094872,+
ANKHD1-EIF4EBP3,chr6_112081207_112086555,74.1469591,-
RBM38,chr7_26201561_26206367,74.14450152,-
FUS,chr17_81682149_81682490,74.14038627,+
TP63,chr12_8650589_8654436,74.13078968,-
U2AF1,chr6_10726008_10730614,74.12328516,-
SSB,chr20_30377425_30379584,74.11843213,+
PABPC1,chr2_39757368_39761330,74.10425632,+
INPPL1,chr11_94479761_94485927,74.09506696,+
ZC3H7A,chr21_44426736_44427009,74.08839297,+
TNRC6A,chr2_3575350_3575591,74.08784683,+
SNRPB2,chr1_156115274_156134402,74.077961,-
KHDRBS3,chr8_94726441_94738368,74.07506124,+
RALY,chr2_164950133_164959054,74.0631248,+
ANKS3,chr14_64488057_64490360,74.0599848,-
RBM27,chr12_95256622_95257149,74.05067041,-
RBM12B,chr16_84700111_84733052,74.05040642,-
PABPN1,chr13_27445156_27450141,74.04441205,+
RBM6,chr10_35196099_35206894,74.02269812,-
PPFIBP2,chr5_138166108_138167933,74.02103878,+
FUS,chr10_27147668_27148905,74.0198546,+
CNKSR3,chr2_102764427_102775129,74.01245525,-
SPEN,chr3_50288937_50289711,74.00096514,-
PABPC1,chr12_109947504_109951166,73.99551862,+
LEMD3,chr9_113273438_113275377,73.99511862,-
PARP14,chr10_30434748_30438915,73.98705131,-
SNRPB2,chr6_143165183_143187628,73.95977114,+
RBM12B,chr18_59155807_59158631,73.95023172,+
ZNF74,chr20_13788652_13793159,73.94133595,-
RBM38,chr10_73824084_73837467,73.93871063,-
PCBP4,chr13_44436095_44436503,73.93849695,+
STIM1,chr15_78264895_78265480,73.91687041,+
IGF2BP2,chr1_160224549_160225590,73.91276403,+
QKI,chr20_25218614_25222837,73.90930686,+
SNRPD2,chr10_102402159_102402251,73.90521056,-
RPS3,chr14_77720828_77730987,73.8711292,+
PCBP2,chr7_38178420_38179089,73.86540718,-
PPRC1,chr16_87951515_87975047,73.86478448,+
RPS3,chr10_11527567_11597630,73.85364551,+
ALKBH8,chr3_38129388_38131925,73.80868919,-
HNRNPA1,chr19_35546808_35547118,73.80414507,-
PARP12,chr3_49016060_49016157,73.77407102,-
PPRC1,chr15_76292700_76311349,73.76906687,-
RPS3,chr7_72829783_72830750,73.75102973,+
RPS3,chr5_81301698_81304740,73.7446557,+
SPEN,chr10_30434748_30438915,73.72829297,+
RBM27,chr12_49566841_49567646,73.71758384,-
MEX3C,chr3_28263380_28294433,73.71191959,-
TRA2A,chr16_50025701_50026395,73.7013449,+
SCML2,chr20_43591029_43594692,73.69701347,+
WDSUB1,chr15_90966653_90969446,73.69466,-
ZC3H12C,chr14_75053659_75061683,73.68062049,+
WDSUB1,chr3_4303526_4316211,73.67954191,+
PUF60,chr12_109948846_109951166,73.67599857,+
MEX3C,chr13_37007071_37008061,73.66558146,-
RBM38,chr2_232567214_232580903,73.66257843,-
MSI2,chr3_37355187_37366079,73.66159229,+
ZC3H12C,chr3_9434485_9434589,73.65706279,-
PDCD11,chr7_35162094_35179017,73.64845871,+
RBM15,chr1_1399685_1400157,73.6472136,+
PARP14,chr17_76735158_76735617,73.64653083,-
RBM4B,chr5_71062796_71067493,73.64604095,+
KHDRBS3,chr11_64319868_64320660,73.62326853,+
PDCD11,chr14_75752955_75757830,73.61560543,+
STIM1,chr19_38898425_38899505,73.60379245,-
ACO1,chr2_161161412_161179613,73.59760464,-
TRA2A,chr1_154234792_154235195,73.5889349,-
LARP1,chr17_78171649_78171738,73.58854019,+
STIM1,chr6_10726008_10728639,73.58612893,+
CCAR1,chr10_98429642_98430570,73.58003206,-
RBM15,chr4_155667419_155696755,73.56438089,+
RBM17,chr2_55302072_55303068,73.54810703,+
PAPSS1,chr1_173864304_173864483,73.5475466,+
ZC3H8,chr1_24647208_24648858,73.5272174,+
MSI2,chr12_103951630_103953413,73.50843263,+
SAMHD1,chr15_90982745_90984017,73.50617078,-
RBM7,chr21_33450863_33460412,73.49377975,+
PARP14,chr1_114397860_114399456,73.48334613,+
PCBP2,chr20_49154071_49188115,73.46670433,+
ZC3H12C,chr20_37200494_37203884,73.43578707,-
SHANK3,chr1_114575751_114581298,73.41416825,-
RPS3,chr11_119011283_119011938,73.40475904,+
ARAP2,chr12_132945797_132956242,73.38870221,+
MTHFSD,chr16_21958599_21959338,73.38457383,+
RAVER2,chr3_64022523_64022642,73.38251532,-
SPEN,chr2_97209709_97211545,73.3625655,+
RBM27,chr10_80079307_80081840,73.36242106,-
KHDRBS3,chr7_135398226_135410514,73.36057002,+
ZC3H6,chr15_50309798_50346371,73.32956138,+
MTHFSD,chr6_32843089_32844278,73.32427364,+
HNRNPA0,chr2_27583716_27598066,73.32180003,-
U2AF1,chr4_145120153_145121332,73.30842035,-
PPFIBP2,chr1_24464120_24466003,73.30556774,+
RBPMS,chr4_76124756_76144389,73.30471459,-
PPARGC1A,chr1_173864304_173865470,73.30465447,+
QKI,chr8_69495926_69501873,73.30442389,-
RPS3,chr1_40074183_40078559,73.28465965,-
QKI,chr1_155060832_155061417,73.27712091,+
PAPSS1,chr20_49159146_49174194,73.2681917,-
FUS,chr13_113636700_113640119,73.25560363,+
CSTF2T,chr14_21022497_21022863,73.23468479,-
RALY,chr1_98701903_98760053,73.21864552,-
PPFIBP2,chr1_161072885_161073719,73.21824366,-
PDCD11,chr11_119097297_119098402,73.21780653,+
RPS3,chr20_3218632_3221419,73.17406369,-
LARP1,chr10_7802854_7806973,73.1664788,-
CASKIN2,chr19_58246427_58246745,73.15375128,-
HNRNPA1,chr8_47935900_47936352,73.13700711,+
PPRC1,chr3_48601470_48603563,73.1221198,-
HNRNPA0,chr6_99526109_99531631,73.11993059,+
RBM17,chr9_128323147_128323282,73.10464351,+
PAPSS1,chr6_31158722_31158896,73.06420685,+
SAMHD1,chr8_55763980_55773226,73.05948685,-
TNRC6A,chr4_26321048_26386352,73.03733569,+
RBM12B,chr14_59485116_59486712,73.03204044,-
SNRPB2,chr22_19178240_19178579,73.02709234,+
PCBP4,chr17_76727213_76729689,73.02698759,+
PABPC1,chr10_12172866_12177792,73.01800321,-
PPRC1,chr10_13109015_13109096,73.00234128,+
MEX3A,chr16_18789118_18789896,72.97767662,-
ZC3H12C,chr3_15240853_15242177,72.96677403,-
STIM1,chr1_53946549_53951985,72.94754408,+
QKI,chr2_73732285_73732583,72.93594431,-
FXR2,chr1_155832950_155853275,72.93583718,+
FUS,chr7_139036371_139036652,72.88670084,-
KHSRP,chr14_45096758_45096886,72.84063316,-
PUF60,chr19_50007826_50016023,72.84042265,+
LARP6,chr20_36545068_36549076,72.82043008,-
HNRNPA0,chr12_69362907_69370705,72.81168223,+
LRSAM1,chr8_53841725_53842870,72.74785882,-
MSI2,chr16_56935312_56936686,72.74286247,-
HNRNPF,chr19_18903423_18904770,72.73289759,+
MEX3A,chr1_151762500_151763326,72.70301022,-
PCBP4,chr16_89687815_89689251,72.69652246,-
RALY,chr1_75724817_75732643,72.69121559,+
SYNJ1,chr10_97453846_97454713,72.6880451,+
PCBP4,chr5_181192140_181194233,72.68465698,+
STIM2,chr12_95474330_95476073,72.68420455,-
DLC1,chr12_25215560_25225613,72.68066865,-
RBM15,chr17_51160081_51161159,72.67102771,+
TUT1,chr2_218661520_218661758,72.65594666,+
LEMD3,chr10_124774782_124789038,72.65365286,-
RPS3,chr19_43463769_43464324,72.65150851,+
HNRNPM,chr22_20568631_20575112,72.64005761,+
CCAR1,chr8_42535335_42541537,72.63363905,+
ZC3H7A,chr22_35262421_35263077,72.62711495,+
HNRNPM,chr12_111889006_111890039,72.60645955,+
KHDRBS3,chr2_128091596_128097428,72.60405922,-
ZC3H12C,chr7_140375654_140380281,72.60298292,-
RBM15,chr6_28281918_28283755,72.58428501,-
RBM12B,chr16_54925213_54928493,72.57366553,-
ACO1,chr5_122070768_122074012,72.56270428,-
U2AF2,chr20_34073635_34075873,72.53990343,+
CNKSR3,chr9_177820_178815,72.53624497,-
TMEM63A,chr12_101617243_101629433,72.50397032,+
LARP1,chr10_45972730_45982522,72.48739087,-
HNRNPA0,chr19_19034238_19042710,72.45540736,+
LRSAM1,chr3_4982375_4982835,72.44522633,-
MSI2,chr11_34624317_34642627,72.43396758,-
PARP14,chr7_100114268_100118879,72.43347746,-
LEMD3,chr7_87900878_87907187,72.42698874,-
ZC3H8,chr11_35190065_35214851,72.42026795,+
RAVER2,chr17_38809765_38810275,72.41475206,-
ZC3H3,chr1_28530573_28531802,72.41137105,+
PPIL4,chr19_48939701_48944823,72.40911329,-
ACO1,chr22_32475124_32479132,72.40867661,-
HNRNPF,chr2_47369581_47373462,72.40630548,+
SNRPB2,chr12_54187905_54188950,72.39460431,+
RBM25,chr12_862270_878211,72.39404378,-
CNKSR3,chr12_14425473_14434339,72.38701259,+
STIM1,chr11_93807635_93811852,72.38378805,-
SAMD12,chr8_143616440_143616566,72.38363742,-
FUS,chr19_54110121_54114437,72.33349436,+
SYNJ1,chr12_46254936_46268864,72.32256543,-
ACO1,chr19_50798958_50802216,72.28787565,-
ACO1,chr19_14396473_14397657,72.27962317,-
RBM15,chr2_97204096_97204190,72.27758309,+
HNRNPA1,chr1_154173201_154176114,72.2643391,+
PHC2,chr6_31575927_31576766,72.22297011,+
PARP14,chr17_51166563_51166826,72.15695951,-
FXR2,chr18_63985245_63986962,72.15247089,-
KHDRBS3,chr8_47395021_47396375,72.15080682,-
ARAP2,chr20_56513428_56517105,72.14499423,+
PCBP4,chr1_207337250_207337328,72.14003884,-
SAMHD1,chr10_80454371_80468546,72.13035248,+
CPEB4,chr7_140351969_140352061,72.12785799,-
ZC3H3,chr1_155172892_155173220,72.123738,+
PCBP1,chr2_71331865_71348752,72.12078618,+
UNKL,chr12_51010766_51026309,72.11489782,-
PABPC1,chr21_42382825_42383032,72.11282258,-
ZNF239,chr11_62853833_62854518,72.10456541,+
ARAP2,chr12_133083561_133100986,72.08278291,+
PCBP4,chr1_151166792_151166933,72.0798601,+
ZC3H12C,chr19_1104127_1105129,72.05147938,-
ZRSR2,chr10_73072180_73074807,72.04005583,+
ZNF239,chr19_39480961_39482884,72.03640868,-
CNKSR3,chr7_151409382_151411669,72.03570486,-
U2AF2,chr20_2656214_2656773,72.03542491,-
ZC3H7A,chr12_26914128_26916001,72.03224209,-
DKC1,chr5_72816752_72848384,72.02647957,+
TMEM63A,chr4_184638468_184649394,72.01581007,+
HNRNPA1,chr3_14946154_14948012,71.98334493,+
RBM15,chr11_86264263_86276979,71.97410242,-
HNRNPA1,chr5_88823927_88882954,71.97315109,-
L3MBTL3,chr10_75214070_75219062,71.9605092,+
U2AF1,chr1_145925927_145926050,71.94377466,-
SSB,chr6_90536401_90547257,71.92237765,+
ZNF239,chr17_76090397_76094413,71.91631788,-
KHDRBS3,chr19_19202398_19202790,71.91539197,-
KIF24,chr6_43013389_43013785,71.9118768,-
LEMD3,chr1_37496604_37501803,71.90852734,-
ARAP2,chr11_83072181_83072622,71.85221509,+
LARP1,chr21_29064836_29064967,71.81287992,-
IGF2BP3,chr13_49661208_49669776,71.80863284,+
CPEB4,chr5_171910797_172006457,71.80570543,+
SFMBT2,chr8_85107399_85110114,71.80325442,-
WDSUB1,chr1_145895711_145896267,71.79999801,+
PABPC1L,chr1_86863605_86868052,71.77294347,-
MSI2,chr5_170805853_170811955,71.75695934,-
IGF2BP3,chr2_99142401_99147026,71.73313039,-
EIF4B,chr11_85983973_85990249,71.72449791,+
MEX3A,chr1_43365623_43366267,71.72419333,-
ZC3H3,chr1_45334511_45340218,71.72102393,+
SETD1B,chr14_24217223_24218058,71.69824163,-
TUT1,chr12_49066701_49069034,71.68514882,-
TUT1,chr11_86270157_86276979,71.67893408,-
RBM27,chr1_222633249_222645553,71.65167757,+
RBM4B,chr3_9829395_9834680,71.64747413,+
CASKIN2,chr19_18437105_18437859,71.62999102,-
ZC3H7A,chr20_2658522_2659524,71.61331843,+
MTHFSD,chr3_15795306_15797048,71.59540157,-
SRBD1,chr16_2205512_2206030,71.57638921,+
TIAL1,chr4_82359639_82373445,71.56245489,-
FUS,chr6_39105776_39109313,71.54464856,+
SUPT6H,chr2_68053137_68062944,71.50664358,+
PHC1,chr12_53471807_53474868,71.48941293,+
WDSUB1,chr21_33450863_33460412,71.48028247,-
HNRNPA2B1,chr8_96585013_96593479,71.47661507,-
SRBD1,chr6_31536683_31540321,71.45243732,-
RBM4B,chr6_42884750_42886255,71.44910289,+
CPEB4,chr22_35257557_35262322,71.42382967,+
EIF3G,chr7_105118022_105125781,71.41982399,+
HNRNPL,chr1_114397860_114399456,71.41513964,-
MEX3A,chr7_73687095_73692595,71.41447875,-
PPIL4,chr6_10755209_10756466,71.41320709,-
HNRNPC,chr17_75040202_75042180,71.37247552,-
ANKHD1-EIF4EBP3,chr10_103174982_103193235,71.36369684,-
KIF24,chr20_45814470_45815853,71.33505711,-
LARP1,chr10_68737048_68740628,71.32693499,+
PDCD11,chr20_50143621_50151211,71.32000984,+
PARP14,chr20_38448730_38450261,71.31488422,-
DLC1,chr1_41034048_41037361,71.27766728,-
CNKSR2,chr3_190556216_190564288,71.26304869,+
KRR1,chr3_194406116_194413758,71.26078827,+
RAVER2,chr3_38125881_38126509,71.25878504,+
SF1,chr14_49626048_49633286,71.2549333,+
PARP14,chr12_62325933_62335165,71.22941337,-
ZC3H8,chr4_81456788_81459331,71.20632777,+
SYNJ2,chr2_73732285_73732583,71.20589109,-
PUF60,chr7_38178420_38179089,71.15606666,-
LARP1,chr12_46254936_46268525,71.154971,+
CPEB3,chr6_39105776_39109313,71.14701779,+
PPIL4,chr7_123546817_123550469,71.11520162,-
PHC1,chr19_1105274_1105365,71.11151936,-
PABPC1L,chr17_36486785_36492812,71.10442691,-
U2AF1,chr1_155085942_155086412,71.05731367,+
PHC2,chr17_38809765_38810275,71.03959029,-
RBM15,chr14_58286827_58291634,70.99861268,+
SAMD12,chr11_119123684_119126934,70.97973882,+
SHANK3,chr8_104509074_104531906,70.90226479,-
ZC3H3,chr1_234373840_234374229,70.88479699,+
SASH1,chr3_177098541_177160870,70.84742834,+
LRSAM1,chr14_67269783_67279249,70.84265142,-
MTHFSD,chr7_124928996_124929793,70.83648262,-
ANKHD1-EIF4EBP3,chr1_53889463_53889712,70.77603243,+
EIF2S1,chr7_6577498_6578565,70.74499413,+
ZC3H10,chr4_55364271_55369831,70.72164447,-
SASH1,chr21_39347483_39348291,70.70770214,-
ZC3H7B,chr19_44676421_44680287,70.67561237,+
TUT1,chr15_74923770_74929115,70.66641858,-
SETD1B,chr11_65713058_65713347,70.63650359,+
KHSRP,chr19_49664673_49665630,70.61126965,+
SYNJ2,chr2_178469785_178478278,70.58003881,-
ZRSR2,chr11_31433570_31509518,70.48963409,-
TMEM63A,chr3_52075985_52122378,70.48538256,-
TEP1,chr13_27648453_27650041,70.48036091,-
HNRNPM,chr19_1615520_1615685,70.43781973,+
RBPMS2,chr2_200811727_200813207,70.40162166,+
G3BP2,chr1_93158885_93160128,70.39102986,-
ZNF239,chr4_673401_674211,70.38342607,-
CASKIN2,chr12_46370627_46370775,70.38320325,+
SYNJ2,chr14_64926080_64943298,70.34496431,+
LARP1,chr3_9804013_9806209,70.33903092,+
ALKBH8,chr15_49625431_49631000,70.33868432,-
TRA2A,chr7_103086764_103097276,70.31733148,+
U2AF1,chr15_42559408_42560781,70.29271862,+
LEMD3,chr8_42838336_42843023,70.27424815,-
LRSAM1,chr11_76453388_76458182,70.21376989,-
RBM41,chr11_65018733_65021720,70.15844652,-
KIAA0430,chr7_87181341_87182055,70.13359905,+
RBM27,chr3_172818814_172820147,70.06878597,-
LARP1,chr7_28570537_28718752,70.05017694,+
SFMBT2,chr2_177234271_177263402,70.04398913,+
ZRSR2,chr12_109561329_109561419,70.04347159,-
TP63,chr12_8650589_8654436,70.04112807,-
SAMHD1,chr3_20184034_20186058,69.99350457,+
LRSAM1,chr21_46649739_46664294,69.96651709,+
FUS,chr3_50103166_50105076,69.92857227,-
TP63,chr17_51161272_51166826,69.91387459,+
KIF24,chr20_3209617_3213984,69.90300308,-
PHC1,chr17_75286802_75288501,69.89032622,+
DLC1,chr17_3663885_3664678,69.89032499,-
STIM1,chr1_151365846_151366721,69.8541222,+
LRSAM1,chr19_48815141_48832665,69.84133156,+
KHDRBS1,chr20_13814515_13816462,69.82649255,+
SYNJ2,chr17_7241679_7242240,69.80651058,-
L3MBTL3,chr1_161154070_161156949,69.79920045,+
RBPMS2,chr14_75707707_75709178,69.759917,+
ZC3H6,chr2_68047319_68062944,69.7498616,+
WDSUB1,chr17_82244831_82248874,69.74076287,-
SETD1B,chr16_80981877_81006733,69.72084059,-
FXR2,chr3_38139028_38140387,69.70052069,+
PUF60,chr1_25343073_25351625,69.70004407,+
WDSUB1,chr19_36325764_36326481,69.67669448,-
SFMBT2,chr10_70161931_70170475,69.64629003,+
LARP1,chr7_74246763_74249738,69.64238737,+
STIM1,chr8_63169411_63172652,69.6173804,+
MBNL3,chr8_127794734_127795893,69.61594108,-
PPIL4,chr6_31798507_31806754,69.5777282,-
STIM1,chr2_27087351_27096728,69.56204954,+
ZRANB2,chr5_31530924_31531989,69.5424792,+
HNRNPC,chr6_33294066_33294976,69.54038223,+
SAMD12,chr8_51899846_51913056,69.51777086,+
RBM27,chr6_41090309_41091545,69.50418482,+
SFMBT2,chr1_100888864_100894632,69.49036886,-
DLC1,chr1_28438430_28457831,69.48848293,+
WDSUB1,chr22_21629407_21629601,69.47779851,+
ZNF239,chr2_218661520_218661758,69.44781452,-
PABPC4,chr12_108562736_108564059,69.44465039,-
NCBP2,chr2_200419496_200439121,69.42652113,+
SYNJ2,chr20_45814470_45815853,69.42094142,+
RBM27,chr5_163467748_163469640,69.35574075,-
CPEB4,chr7_48101982_48106872,69.33154152,-
RAVER2,chr1_161001353_161038879,69.29692242,-
ZRANB2,chr6_4999904_5002100,69.2480913,+
RBM22,chr14_30622399_30630476,69.24339708,+
SCML1,chr3_183833589_183840569,69.21738662,+
SFPQ,chr11_126256852_126261427,69.20426619,-
SASH1,chr13_49661208_49669776,69.17550778,-
MBNL3,chr1_155324544_155324844,69.11465485,-
CASKIN2,chr19_10133701_10135735,69.11317406,+
HNRNPC,chr8_54000050_54002891,69.10346589,-
SASH1,chr7_42924797_42932117,69.10268197,-
CPEB2,chr5_134206131_134225208,69.08161501,+
SAMD10,chr17_75702571_75703807,69.05645284,-
LARP1,chr1_110381795_110389236,69.02730483,+
SFMBT2,chr19_52801702_52808006,69.0170906,-
RBM39,chr16_71923380_71924810,68.98810115,+
TRA2A,chr3_183833589_183840569,68.95750356,+
ANKS3,chr1_53946549_53951985,68.93161148,-
RAVER2,chr4_56810184_56820535,68.9208992,-
PHC2,chr16_21158746_21161084,68.90483837,+
FUS,chr13_72778380_72781288,68.87563378,+
RBM41,chr12_53467293_53468776,68.87267951,+
SFPQ,chr1_220074071_220089685,68.85934176,+
SYNJ1,chr1_2397220_2400856,68.81384271,-
ZC3H7B,chr19_10677310_10679096,68.7765092,-
ZC3H6,chr11_105043545_105044391,68.74575462,-
PHC2,chr7_103086764_103097276,68.7427783,+
SCML1,chr19_48939701_48944823,68.74144866,+
LEMD3,chr7_87152555_87163494,68.73078552,+
LARP1,chr9_36573007_36580072,68.72133729,+
HNRNPL,chr20_408779_410411,68.71109452,-
HNRNPA2B1,chr1_153544809_153545752,68.67632665,+
SASH1,chr2_61158012_61162841,68.67532554,-
TP63,chr11_126256852_126261427,68.67508775,-
TEP1,chr10_73246799_73247009,68.66697281,-
YBX2,chr2_130339232_130339559,68.61433281,+
SAMHD1,chr18_224200_224923,68.60889675,-
EPHA1,chr11_106059109_106077311,68.56483236,-
ALKBH8,chr9_129123138_129127963,68.56446108,+
CNKSR2,chr7_35162094_35179017,68.51056642,-
HNRNPC,chr17_38755990_38760430,68.50373197,+
SCML1,chr1_37969735_37979464,68.49146183,-
NONO,chr2_30147062_30156627,68.48926471,+
DLC1,chr20_3209617_3213984,68.46901487,+
ALKBH8,chr9_92324209_92325317,68.46827349,-
GRSF1,chr3_197149796_197194424,68.33222675,+
PABPC1L,chr1_151540426_151562584,68.30904125,-
HNRNPA1,chr8_17972687_17985446,68.26980177,+
SYNJ2,chr8_47395021_47396375,68.26544205,+
RBM34,chr1_16367308_16391374,68.2310246,+
LARP1,chr1_182388750_182390496,68.23029955,+
TMEM63A,chr18_11885816_11886916,68.18808163,-
HNRNPAB,chr20_35658982_35664759,68.12803925,-
EPHA1,chr17_82246039_82246197,68.12544763,-
DND1,chr9_26913947_26919309,68.06484284,-
TMEM63A,chr16_1963256_1964448,68.02397612,+
MATR3,chr3_28294529_28316332,67.97780887,-
RBM34,chr5_31531525_31531989,67.93849424,+
ZRSR2,chr16_30076100_30076314,67.93553983,-
ASCC1,chr4_182915575_182917287,67.93552524,+
SF3B4,chr11_833026_836062,67.90619255,+
ZC3H10,chr2_135645527_135651732,67.90400873,-
PARP10,chr16_48362430_48387053,67.88306087,+
PARP10,chr1_243304777_243307988,67.87936585,+
ZC3H6,chr17_82036063_82036190,67.86982597,+
PCBP1,chr17_16217461_16217547,67.851789,+
SAMHD1,chr11_14498985_14499608,67.8447038,+
SUPT6H,chr2_200419496_200440648,67.7748411,+
SFMBT2,chr1_94530596_94533089,67.76487867,+
IGF2BP3,chr7_29121071_29146340,67.74745285,-
DAZAP1,chr10_99747390_99754528,67.73684433,-
AKAP1,chr17_44212006_44212343,67.72684375,+
CPSF7,chr14_49626048_49633286,67.67649266,-
AKAP1,chr17_82250179_82251378,67.67021024,-
MBNL3,chr1_42746852_42747252,67.64867928,+
L3MBTL3,chr18_21659343_21702315,67.59187039,-
SASH1,chr1_151365846_151366721,67.57496388,-
FXR1,chr1_39563741_39564422,67.57235574,+
SASH1,chr8_47701864_47712661,67.53411923,-
CIRBP,chr3_197069260_197076585,67.50820334,+
FUS,chr8_80003180_80028694,67.45913224,+
HNRNPL,chr1_114397860_114399456,67.37780119,-
TMEM63A,chr15_24962209_24967028,67.3449235,-
YBX2,chr5_71065222_71067654,67.32273975,-
MBNL3,chr15_69421752_69422325,67.29758398,-
DKC1,chr4_70836314_70839176,67.28170112,-
SAMHD1,chr3_155704264_155704535,67.26208957,-
LARP6,chr4_157805342_157823801,67.24436136,+
G3BP1,chr2_178444500_178445425,67.21319407,+
SAMD13,chr1_212807848_212812247,67.18926057,-
LEMD3,chr13_52456607_52461057,67.14543358,-
IGF2BP3,chr22_43159420_43161051,67.14119231,-
SAMD10,chr19_52781464_52786594,67.10381421,+
SCML1,chr1_53946549_53951985,67.07144317,-
SAMD10,chr9_133054809_133054943,67.06354516,-
QKI,chr1_39563922_39564470,67.04193921,+
PABPC1L,chr1_222827601_222835118,66.93982373,+
INPPL1,chr12_53034724_53037408,66.87090034,+
PCBP1,chr20_30377721_30379584,66.82530577,+
KIF24,chr2_206161132_206161345,66.79785696,-
PABPC1,chr19_10177367_10180186,66.78335779,+
HNRNPA1,chr21_37072310_37072433,66.7817772,-
MBNL3,chr7_87181341_87182055,66.7644452,-
HNRNPK,chr3_9433562_9433844,66.76400648,+
FXR2,chr5_180468269_180483114,66.73502455,-
MSI2,chr3_152445539_152447619,66.6538231,+
SF1,chr1_19597109_19623473,66.64474837,-
ZC3H8,chr11_93730447_93731149,66.63436274,-
HNRNPAB,chr6_30061389_30061514,66.62754789,+
LARP1,chr20_24964022_24964374,66.58479728,-
PUF60,chr17_18333288_18340042,66.53816585,+
TP63,chr3_58138529_58142649,66.52666301,-
ZC3H6,chr5_177087033_177089549,66.48154648,-
CASKIN2,chr3_138188530_138221925,66.47789354,-
PABPC1L,chr16_4450497_4454810,66.45675281,-
LEMD3,chr20_3209617_3213984,66.42363307,-
ANKS3,chr15_42218375_42219580,66.37864414,-
PCBP2,chr4_139678642_139703454,66.36083099,-
INPPL1,chr7_2242975_2244562,66.35553481,+
LARP1,chr6_122675144_122701439,66.30565947,-
ASCC1,chr14_23081836_23090521,66.29794479,+
PARP10,chr1_220069432_220073966,66.26049683,-
LARP1,chr10_35196142_35206894,66.24146091,-
QKI,chr7_5190493_5193117,66.16296322,+
SAMD13,chr1_174800500_174811831,66.1517584,-
PABPC1L,chr20_50143621_50151211,66.14631117,+
SHANK3,chr1_145623160_145623592,66.11179038,-
KIF24,chr19_27793609_27797753,66.05701397,-
CPEB2,chr8_54135391_54136510,66.04774826,+
IGF2BP2,chr9_96641886_96651389,65.9547835,+
ZC3H7B,chr19_48325610_48326829,65.95416952,+
INPPL1,chr22_38474623_38481211,65.95065947,-
ZC3H6,chr17_64500326_64502009,65.9397226,-
ASCC1,chr14_74298069_74300149,65.84479998,+
NONO,chr10_35071339_35089895,65.78174982,+
ALKBH8,chr19_7629860_7630822,65.78028233,+
INPPL1,chr5_88823927_88882954,65.76140938,-
INPPL1,chr8_144518041_144519700,65.75676123,+
U2AF1,chr9_95080780_95086681,65.73969409,+
ENOX2,chr16_89687815_89689251,65.7102979,+
RBM15,chr14_45109780_45109893,65.70514544,+
UPF1,chr17_81892106_81893551,65.7024011,+
FXR2,chr17_76558600_76558944,65.64580607,+
TAF15,chr9_92319356_92319942,65.6078445,+
CPEB4,chr7_35164959_35179017,65.57073948,+
KIF24,chr3_172818814_172820147,65.56710141,+
PARP10,chr12_48815728_48816872,65.54408286,-
LARP6,chr8_115623758_115661569,65.49052198,+
U2AF2,chr6_13321095_13326786,65.41582328,+
YBX2,chr1_51652041_51714002,65.39220944,-
TEP1,chr21_17604273_17604859,65.35027949,-
DND1,chr15_49156016_49201161,65.34849739,-
INPPL1,chr16_670175_670265,65.27731357,+
PTBP1,chr17_41893174_41897748,65.22058701,+
INPPL1,chr2_37149023_37156907,65.22007058,-
ASCC1,chr8_144405295_144409014,65.20324738,-
SYNJ2,chr19_16652961_16654034,65.18905766,+
RBM22,chr1_184054863_184095689,65.16204347,+
RBM17,chr14_101912473_101917830,65.12728272,+
YBX2,chr9_92324209_92325317,65.10200341,+
CPEB2,chr19_49003334_49004206,65.09790762,+
CPEB2,chr10_80454371_80489216,65.08272003,+
AKAP1,chr7_92131872_92134665,65.08215091,+
SART3,chr6_97269992_97270106,65.05896512,-
SCML1,chr10_74398579_74589281,64.99223248,-
KRR1,chr20_17954223_17955364,64.98764652,-
CPEB4,chr19_54200888_54201159,64.95854446,+
PUM1,chr2_161160486_161161284,64.95489749,+
PPARGC1A,chr7_64947955_64949115,64.94416984,+
PABPC1L,chr18_50375239_50375819,64.9401429,-
INPPL1,chr2_218661520_218661758,64.92945522,+
SSB,chr12_32737161_32740063,64.92606568,+
CPSF6,chr17_82392534_82394330,64.88628196,+
U2AF2,chr2_101859864_101864929,64.85910003,+
UPF1,chr17_38809765_38810275,64.80049513,-
TMEM63A,chr8_11826215_11831517,64.74739773,+
SAMHD1,chr6_37377033_37390741,64.73755064,-
DND1,chr20_284081_290258,64.72823681,-
RBM34,chr12_871348_878211,64.71183905,+
CPEB4,chr22_22304114_22306789,64.65014088,-
KHSRP,chr19_18900449_18904770,64.62188228,-
RBM25,chr10_87170974_87180074,64.59902817,+
ZC3H6,chr2_68047319_68062944,64.57170005,+
PABPC1,chr9_136850560_136850754,64.55828846,+
RBM17,chr3_9434485_9434589,64.48857307,+
EWSR1,chr1_23798730_23799365,64.43435987,+
ANKS3,chr7_44841012_44847968,64.43144646,-
IGF2BP3,chr12_46243314_46267224,64.40470365,+
CPEB2,chr16_65053928_65125769,64.39542654,-
ZNF74,chr3_9363767_9365015,64.34648581,-
ZC3H6,chr7_64993414_65006540,64.34237764,-
SLBP,chr5_71604468_71632120,64.29717839,+
SYNJ2,chr4_76130749_76132522,64.20161433,-
SAMD10,chr16_2205512_2206060,64.17590416,+
HNRNPC,chr3_194406116_194412198,64.11710684,+
PPARGC1A,chr20_13793227_13798460,64.09245629,+
KIF24,chr6_36886028_36899425,64.07798887,-
SCML1,chr11_111879040_111882367,64.06841877,-
L3MBTL3,chr1_25340579_25342960,64.00384565,-
SCML1,chr13_46045516_46051931,63.99443396,+
SAMHD1,chr8_144837507_144841818,63.93472367,-
PCBP1,chr11_118757287_118759921,63.90639448,+
MTHFSD,chr11_16744684_16752784,63.89290176,+
INPPL1,chr13_110624279_110627438,63.86288736,-
YBX2,chr6_159685033_159692660,63.84498338,-
RBM39,chr5_66158932_66159218,63.82383405,+
CPSF6,chr15_90969120_90969523,63.81156399,+
CPEB3,chr5_71060930_71061687,63.75368725,+
G3BP1,chr17_76727178_76729689,63.6933766,+
KIF24,chr10_56358705_56358908,63.65892767,-
RBM25,chr3_197149796_197194424,63.61519012,+
PNPT1,chr13_37045376_37047534,63.60858251,-
ENOX2,chr7_99478356_99479660,63.60420868,+
SAMHD1,chr8_27752587_27762418,63.58886864,+
SART3,chr1_16367308_16391374,63.56179851,+
ANKS3,chr19_54110121_54114437,63.53313941,+
DKC1,chr3_168040869_168041391,63.53286036,+
FUS,chr3_58306417_58310506,63.5218886,+
ASCC1,chr2_200419496_200439121,63.50670692,+
MATR3,chr1_150492489_150497529,63.49355479,-
U2AF2,chr15_78542219_78544189,63.44590316,-
PUM2,chr12_103951630_103953413,63.41022915,+
SAMHD1,chr2_74491666_74492003,63.4099851,-
HNRNPK,chr15_29720016_29720357,63.37406766,+
U2AF1,chr6_43054486_43055896,63.33433292,+
RBM22,chr6_52265385_52266074,63.32049362,+
HNRNPA2B1,chr8_140511646_140515125,63.31482364,-
YBX2,chr7_103086764_103097276,63.30074566,-
TP63,chr2_37149023_37156907,63.26628788,-
HNRNPAB,chr14_35116737_35121901,63.23407125,+
ANKS3,chr7_67306083_67308576,63.22658958,-
L3MBTL3,chr2_68047319_68062944,63.17344393,-
LARP6,chr3_13414112_13420059,63.16806628,+
SFPQ,chr1_220074071_220089685,63.12831817,+
SYNJ1,chr3_131001344_131016151,63.12763602,-
LARP4,chr1_246999440_246999947,63.09365545,-
LARP4,chr8_140511646_140515125,63.09036054,-
ASCC1,chr1_39463686_39468614,63.03434231,-
INPPL1,chr16_21158746_21160977,63.02899888,+
RBM17,chr2_177234271_177263402,62.98184283,+
KIF24,chr12_46387972_46652389,62.9738089,+
SART3,chr10_95684624_95686494,62.97014143,+
TROVE2,chr7_76030527_76047661,62.95478565,+
ZC3H7B,chr11_62854551_62855132,62.91633976,+
U2AF1,chr3_197858905_197865422,62.90319382,+
ZRSR2,chr3_159765138_159866162,62.85615387,-
PABPC1,chr2_241268541_241315569,62.82879884,+
SAMHD1,chr16_29994843_29995102,62.78518588,-
FMR1,chr6_8430157_8435342,62.7691461,+
CPSF7,chr2_227342819_227347225,62.76827826,+
PCBP1,chr2_68053137_68062944,62.7671754,+
NCBP2,chr1_155325910_155326897,62.75439916,+
U2AF2,chr2_37088440_37091915,62.69652034,+
G3BP2,chr1_154268954_154270199,62.65334951,-
CPEB4,chr5_43298975_43307765,62.52136602,-
SYNJ2,chr8_102829936_102834188,62.51125008,-
HNRNPAB,chr4_182915575_182917287,62.50076459,+
SF1,chr19_18436479_18437859,62.49217373,+
SF1,chr8_123025050_123030604,62.477167,+
TIAL1,chr7_5193171_5199575,62.44381444,+
TP63,chr7_158752843_158759485,62.4329657,-
PPIL4,chr4_73135265_73141740,62.39835047,+
ZRSR2,chr15_50726126_50726320,62.36021071,-
ZRSR2,chr8_140984155_141001124,62.35499397,-
CIRBP,chr19_11447618_11447692,62.31057782,+
TP63,chr1_39463686_39468614,62.28501847,+
SAFB2,chr17_78204900_78205945,62.25942121,+
ZC3H10,chr7_100093663_100094172,62.2360802,+
DND1,chr2_99327653_99332983,62.19513384,+
HNRNPL,chr2_46588179_46592474,62.16380269,+
SCML1,chr1_32224475_32228498,62.15758032,-
NCBP2,chr12_108564155_108564278,62.13751675,+
PNPT1,chr17_38809765_38810275,62.12189103,+
PABPC4,chr4_139678642_139703454,62.10161123,+
TP63,chr10_14881645_14896845,62.07231842,-
EIF3G,chr3_37355187_37366079,62.04431696,+
PPIL4,chr14_21023321_21025028,62.03074193,+
SAFB2,chr1_243286397_243304712,61.89371488,+
ZC3H10,chr1_160211650_160213109,61.87899879,+
SFPQ,chr12_6652770_6652935,61.81417995,+
TRMT1,chr11_35190065_35214851,61.75145,+
CCAR1,chr9_129123138_129127963,61.73679933,-
SF3B4,chr6_87520252_87521463,61.72320095,+
RBM15,chr4_76130749_76132522,61.70150884,-
CPEB4,chr1_155136376_155137978,61.68230728,+
ZC3H7B,chr12_124912434_124913118,61.65471708,+
CPEB4,chr19_35500419_35500532,61.64970248,-
PTBP1,chr21_33530884_33532344,61.52531998,+
ZC3H7B,chr2_164695833_164699404,61.49347535,+
U2AF1,chr4_82359639_82373445,61.48529586,+
PARN,chr19_10679927_10681018,61.47631286,-
PUF60,chr16_5090565_5093483,61.47518532,+
HNRNPL,chr1_6234511_6234885,61.45148117,-
RBM39,chr3_184363565_184365132,61.3996449,-
RBM39,chr18_22934159_22936753,61.3811018,-
ZNF74,chr18_63331901_63338799,61.31194386,-
RBM34,chr19_10177367_10180186,61.27843206,+
SART3,chr10_95684624_95686494,61.20424213,+
U2AF2,chr2_46591925_46592474,61.19684849,+
SF1,chr12_110499546_110502048,61.16328789,-
TIAL1,chr1_243286397_243304712,61.13745847,+
EIF4B,chr6_90536401_90547257,61.13330267,+
DKC1,chr17_82250179_82251378,61.12862184,+
PCBP2,chr6_4996420_4999808,61.10457725,-
GRSF1,chr12_50138617_50143073,60.97059659,+
PCBP2,chr12_880999_881691,60.96604062,+
YBX2,chr13_79481521_79520809,60.96015929,-
EPHA1,chr2_164959329_164960898,60.92345098,-
HNRNPA0,chr15_92883186_92885514,60.91338861,+
HNRNPA1,chr3_152445539_152447619,60.89434992,+
PTBP1,chr1_46686870_46689586,60.83468138,+
NCBP2,chr3_168040869_168041391,60.80970321,-
HNRNPM,chr11_93733419_93734624,60.8034172,+
SAMD10,chr3_50227193_50252099,60.70408869,+
SART3,chr7_99560695_99563862,60.69668085,+
NCBP2,chr10_119160969_119161054,60.64645746,-
SF1,chr6_4996420_4999808,60.63069694,-
HNRNPL,chr3_9433562_9433844,60.58280204,+
FXR1,chr2_58165874_58198578,60.5589052,+
HNRNPA1,chr3_38129388_38131925,60.54069042,+
ASCC1,chr14_23081836_23090521,60.52170082,+
RBM34,chr1_53946549_53951985,60.40155965,+
UPF1,chr15_29719138_29719776,60.39236831,+
RBM22,chr12_111840477_111841683,60.38103902,+
SART3,chr1_160224549_160225590,60.34969841,+
LARP7,chr9_136850560_136850754,60.29320863,+
RBM22,chr16_30076100_30076314,60.26414136,+
SFPQ,chr2_222646996_222648739,60.23808058,+
RBM25,chr12_47700164_47701463,60.07010941,+
NCBP2,chr4_121814047_121816143,60.00705672,+
DKC1,chr3_169774097_169774264,59.97881904,+
HNRNPK,chr8_61619019_61637946,59.89786746,-
FXR1,chr3_20171232_20176600,59.89166556,-
TROVE2,chr1_94478315_94478523,59.85815132,+
LARP4,chr11_61416519_61419948,59.81243595,+
ZNF74,chr12_32737161_32740063,59.76152425,-
NCBP2,chr2_200419496_200440648,59.72130384,+
ZC3H10,chr12_52171557_52171657,59.70663931,+
PUF60,chr8_66667701_66677641,59.63731927,+
MATR3,chr3_9433562_9433844,59.61146113,+
IGF2BP2,chr6_107040230_107040380,59.58916981,-
HNRNPA2B1,chr17_76089320_76090328,59.57145704,+
RBM22,chr5_1798947_1799770,59.55214989,-
PUM1,chr18_31068212_31068298,59.50458036,+
U2AF1,chr4_145120153_145121332,59.48155173,-
HNRNPA0,chr1_151027327_151033805,59.47766444,+
HNRNPK,chr12_4612718_4613514,59.37336877,+
RBM39,chr17_7931149_7931730,59.36859325,+
YBX2,chr1_155850884_155853275,59.34743102,-
TIA1,chr2_159762993_159767283,59.33942253,+
HNRNPM,chr15_101651773_101652270,59.22717356,+
PABPC4,chr4_139678642_139703454,59.19116582,+
SYNJ1,chr19_54103188_54105596,59.18952456,-
TROVE2,chr11_85990399_85996825,59.134245,+
GRSF1,chr11_31433570_31509518,59.12733343,-
ZNF74,chr19_52842151_52845178,59.09463723,-
U2AF2,chr5_154865385_154871729,59.05520893,+
PUF60,chr15_50482065_50484274,58.90403519,+
EPHA1,chr14_88841514_88843805,58.81830244,-
ZC3H10,chr7_44579628_44581448,58.80442982,+
PUM2,chr3_169773462_169774030,58.76632586,+
SSB,chr3_64022523_64022642,58.671197,+
SART3,chr8_128070361_128096517,58.65169041,-
YBX2,chr7_852667_852812,58.61680824,-
PUF60,chr17_64514358_64516722,58.6118033,+
YBX2,chr3_9436888_9440455,58.57634467,+
PNPT1,chr17_78171649_78171738,58.5761533,-
DAZAP1,chr22_29549158_29553670,58.53283335,-
L3MBTL3,chr19_18572607_18573292,58.51845694,+
PNPT1,chr12_50441643_50454313,58.48950669,-
U2AF2,chr4_121814047_121816143,58.47018204,-
CPSF6,chr17_82394543_82398195,58.37415887,+
EIF2S1,chr10_110130486_110133325,58.37231407,+
NONO,chr16_3023361_3023846,58.35470457,+
FXR1,chr17_7013516_7013665,58.33651737,+
DND1,chr18_9195698_9204475,58.31943499,+
SUPT6H,chr3_50349828_50349930,58.316183,-
PUM1,chr10_99747390_99754528,58.28767473,+
DND1,chr1_174800500_174811831,58.25570005,-
HNRNPK,chr19_50007826_50016023,58.21426365,+
FXR1,chr2_101859082_101859735,58.16008779,+
PUM2,chr14_35116737_35121901,58.15243052,+
SAMD10,chr17_7241679_7242240,58.11556679,-
RBM17,chr1_151316509_151327270,58.01210394,+
TARDBP,chr6_26127761_26138053,58.00039824,-
SART3,chr3_15240853_15242177,57.98397553,+
ZC3H10,chr2_46588179_46592474,57.92557746,+
PABPC1,chr5_171914405_172006457,57.9049373,+
FUS,chr7_87152555_87163494,57.89187486,+
FMR1,chr8_42338685_42339011,57.87348147,+
SF1,chr20_56388202_56392167,57.82695464,-
PNPT1,chr3_58138529_58142649,57.82228605,+
ZC3H7B,chr8_66445414_66447263,57.73489003,+
EIF4B,chr10_110130486_110133325,57.72239542,+
TRA2A,chr3_42619708_42621428,57.69023642,+
FUS,chr3_66221127_66243202,57.69006946,+
FXR1,chr12_53504815_53505134,57.65931182,+
DKC1,chr11_31463305_31509518,57.56371062,+
ZC3H7B,chr11_75401733_75404019,57.5407819,-
U2AF1,chr8_47939697_47943208,57.53905751,+
U2AF2,chr7_26201561_26206367,57.50830563,+
DAZAP1,chr6_63636150_63679999,57.48076001,+
FXR1,chr10_26751783_26765217,57.46427429,+
RBM39,chr11_124625903_124626472,57.45421354,+
EIF3G,chr14_39319291_39326863,57.41390074,+
U2AF1,chr5_66158932_66159218,57.36320877,+
MATR3,chr6_107040230_107040380,57.35973599,-
DND1,chr11_60939638_60941121,57.3590811,-
EPHA1,chr11_76458358_76463820,57.33333417,-
TAF15,chr4_73135265_73141740,57.32424784,+
ZC3H10,chr14_73136579_73147794,57.26457126,+
SF1,chr12_51049185_51056349,57.24984208,+
ZNF74,chr4_15971082_15980421,57.18524582,-
U2AF1,chr22_40400813_40402138,57.08022089,+
NONO,chr17_41893174_41897748,57.05830566,-
HNRNPM,chr1_1716478_1719327,57.04878549,+
ZC3H7B,chr1_28516867_28529857,57.04004842,-
PABPC1,chr6_42879951_42883450,57.01315351,+
EPHA1,chr12_50441643_50454313,56.97334394,-
KHSRP,chr15_90935375_90935543,56.9472046,+
IGF2BP2,chr8_119745036_119746704,56.93833555,+
PCBP2,chr12_50138617_50143073,56.90653805,+
CIRBP,chr3_50103166_50105076,56.83304448,+
CPEB3,chr11_33746059_33747129,56.80238505,-
ZC3H10,chr3_193615770_193618868,56.78386253,-
U2AF1,chr3_152445539_152447619,56.76807249,+
TRA2A,chr17_5474789_5477847,56.73077473,+
EIF4B,chr8_17972687_17985446,56.72313453,+
EWSR1,chr17_82244831_82248874,56.68486702,+
MATR3,chr7_64831076_64831450,56.60177216,+
CPEB3,chr3_38129388_38131925,56.60133926,-
EPHA1,chr12_862270_878211,56.57266238,-
PCBP1,chr19_45164970_45178134,56.49308672,+
SART3,chr17_64514358_64516722,56.48842945,-
SSB,chr6_26127761_26138053,56.42247856,+
RBM39,chr6_13321095_13326786,56.39455178,+
PTBP1,chr2_173363895_173363999,56.34410773,-
SF3B4,chr14_96556413_96564954,56.19171067,+
HNRNPA1,chr20_34073635_34075873,56.18461125,+
SSB,chr20_34073635_34075873,56.1819136,+
RAVER1,chr7_87900878_87907187,56.16038371,-
UPF1,chr8_102652397_102655565,56.15491698,+
AKAP1,chr3_20171232_20176600,56.05656862,-
CPEB3,chr12_878361_879572,55.99904292,-
ASCC1,chr15_50484361_50489800,55.96098911,+
RBM39,chr10_27171083_27173120,55.91891056,+
TAF15,chr14_101912473_101917830,55.74837707,+
HNRNPA1,chr7_151036649_151040267,55.71040994,+
PPIL4,chr17_82250179_82251378,55.69923035,+
RBM15,chr10_72216138_72220053,55.62954989,-
PPIL4,chr9_136791424_136791946,55.62400919,+
SSB,chr3_142005544_142093060,55.61522181,-
PCBP1,chr17_82250179_82251378,55.59543858,+
PCBP2,chr7_64831076_64831450,55.59369496,+
FMR1,chr2_182736386_182739544,55.58441627,-
PARN,chr7_97966977_97969769,55.52769408,+
NCBP2,chr8_144312244_144312627,55.52191312,-
IGF2BP2,chr10_80454371_80489216,55.46419492,-
CIRBP,chr1_155136376_155137978,55.45763805,+
PUF60,chr17_64516828_64519320,55.3733828,+
RBM17,chr14_102233789_102250811,55.34639059,+
PCBP1,chr2_227325427_227332418,55.31136561,+
HNRNPA1,chr4_139678642_139703454,55.30002056,-
RBM15,chr8_33503935_33509745,55.16175811,+
HNRNPM,chr5_133006920_133022840,55.14882097,-
PABPC4,chr4_26321048_26386352,55.14303127,+
KRR1,chr16_69749630_69754593,55.14245992,+
G3BP1,chr11_85982003_85983865,55.11991207,+
ZRANB2,chr15_29701689_29704161,55.1035502,+
PCBP1,chr7_158752843_158759485,55.04476436,+
SART3,chr3_197142768_197194424,55.0273114,+
RBM22,chr8_42338685_42339011,55.02317865,+
DND1,chr3_190514219_190556129,55.01482004,-
PTBP1,chr9_128068580_128101095,54.91251242,+
TROVE2,chr14_39319291_39320927,54.70279055,+
UPF1,chr7_66076093_66082367,54.63654563,-
SF1,chr19_46846142_46850763,54.59133277,-
PUF60,chr19_50007826_50016023,54.58729478,+
PUF60,chr5_75685484_75689011,54.58167961,+
TIA1,chr13_49110406_49114654,54.54404243,+
HNRNPA0,chr3_9804013_9806209,54.42578597,+
EIF3G,chr12_122224748_122225964,54.39107702,+
CPSF7,chr20_25218614_25222837,54.37435784,+
U2AF2,chr13_37023044_37024034,54.35357157,+
HNRNPK,chr7_99560695_99563862,54.25907835,+
PCBP2,chr3_140967036_140970926,54.16535072,+
CSTF2T,chr19_45164970_45178134,54.12079361,+
SART3,chr4_103050382_103066326,54.02454192,+
EWSR1,chr5_65625106_65629467,53.99453801,+
PCBP2,chr3_194406116_194412198,53.95685207,+
PUF60,chr2_227329783_227330625,53.93107889,+
CPSF7,chr5_141973742_141978302,53.92698727,+
PABPC1,chr14_30622399_30630476,53.92501566,+
FXR1,chr14_55148473_55148593,53.9244074,-
CIRBP,chr12_109947504_109951166,53.90908032,+
PPIL4,chr5_6652008_6656077,53.86296542,+
TARDBP,chr17_82036308_82036543,53.81475061,-
IGF2BP2,chr6_26124749_26127697,53.81296431,-
PABPC4,chr3_168036994_168040785,53.79305698,+
RBM39,chr3_168027837_168029219,53.78277213,+
SF3B4,chr2_55588956_55603977,53.74037242,+
HNRNPA0,chr12_69362907_69370705,53.73496362,+
TROVE2,chr11_85983973_85990249,53.71126178,+
G3BP2,chr8_144827609_144837390,53.70050899,+
PTBP1,chr11_85983973_85990249,53.6802526,+
CIRBP,chr1_40766703_40766917,53.60488866,+
KRR1,chr17_42567655_42568836,53.56513993,+
HNRNPK,chr1_77741748_77745420,53.54034795,+
RBM39,chr7_87860169_87860571,53.52315194,-
SF1,chr22_29549158_29553670,53.52146493,+
TIA1,chr6_143061066_143061213,53.5164348,+
SF3B4,chr11_31433570_31509518,53.49232279,+
IGF2BP2,chr1_161159678_161160619,53.4492335,-
SF1,chr2_71331875_71348752,53.41241466,-
CIRBP,chr12_6567922_6568138,53.39752922,+
U2AF2,chr10_27147668_27148905,53.3891406,-
HNRNPK,chr3_9829395_9834680,53.24025369,+
PPIL4,chr1_45661225_45686411,53.20133686,+
DKC1,chr4_182915575_182917287,53.06587305,+
RBM15,chr21_33530884_33532344,53.00120414,-
G3BP1,chr17_76727178_76729689,52.98258242,+
SART3,chr17_82394543_82398195,52.97761719,+
HNRNPAB,chr6_31620858_31622726,52.96136988,+
U2AF1,chr9_99221137_99221546,52.91858163,+
HNRNPC,chr19_49101471_49102113,52.88800958,+
SART3,chr17_59112345_59155130,52.86835388,-
HNRNPK,chr9_32987731_32988082,52.84419453,+
RBM25,chr17_59112345_59155130,52.8082691,+
PCBP2,chr15_49156016_49201161,52.80268384,-
HNRNPC,chr6_33294066_33294976,52.79454516,+
RBM39,chr1_45661225_45686411,52.7326783,+
NONO,chr17_41893174_41897748,52.60723914,-
NCBP2,chr6_143165183_143187628,52.57631654,+
TIAL1,chr10_101782597_101783272,52.56839635,+
SF1,chr8_17972687_17980590,52.55079898,-
SF3B4,chr10_119160969_119161054,52.48943395,+
HNRNPK,chr11_119056167_119057152,52.45974331,-
HNRNPL,chr2_200419496_200440648,52.43932944,+
QKI,chr22_32475124_32479132,52.36969921,+
CIRBP,chr1_151027327_151033805,52.32921642,-
HNRNPA0,chr2_202278002_202278211,52.22453086,+
FMR1,chr6_105323111_105323664,52.01116633,-
PNPT1,chr20_56388202_56392167,51.98545018,-
KHDRBS1,chr6_90536401_90547257,51.93175468,+
U2AF2,chr17_7015156_7016494,51.92088743,+
NONO,chr21_46636547_46636895,51.81144675,-
HNRNPC,chr8_27748279_27752511,51.72175058,+
CPEB3,chr3_123944990_123947279,51.71925237,-
NCBP2,chr19_40348768_40366418,51.70462269,-
MSI2,chr20_49230349_49231022,51.70154917,-
LARP4,chr4_183651323_183655880,51.70003254,+
SLTM,chr14_39319291_39326863,51.67910285,+
PUM1,chr8_119745036_119746704,51.63538825,-
HNRNPA0,chr3_20171232_20176600,51.53799242,+
PABPC1,chr17_8463354_8466929,51.47392468,+
SAMD4B,chr11_35190065_35214851,51.4449289,+
TAF15,chr17_5488589_5488822,51.44244436,+
CPEB3,chr13_37009809_37010551,51.42499245,+
PNPT1,chr1_20749975_20757165,51.40267132,-
PNPT1,chr20_56390665_56392167,51.38469352,-
SART3,chr21_46636547_46636895,51.37387172,-
QKI,chr12_51049185_51056349,51.37200341,+
FXR1,chr15_29719138_29719776,51.36865417,+
ZRANB2,chr11_85983973_85996825,51.36376289,+
PABPC1,chr18_50375239_50375819,51.35740376,-
PUF60,chr20_49154071_49188115,51.34812652,-
PUM2,chr2_200419496_200439121,51.30298439,+
CPSF6,chr16_30076100_30076314,51.25678688,-
IGF2BP2,chr10_119104197_119107947,51.21432301,+
TROVE2,chr6_311962_345853,51.20868123,+
KRR1,chr3_194406116_194413758,51.16442632,+
HNRNPK,chr1_20780540_20787194,51.16147992,+
CSTF2,chr1_39563741_39564422,51.13779718,-
PNPT1,chr2_30155910_30156627,51.05693541,-
CCAR1,chr21_37232451_37238459,51.04882436,+
TROVE2,chr2_64585545_64591887,51.04152031,+
PABPC1,chr17_42316851_42317181,51.03824687,-
PABPC4,chr10_103174982_103193235,51.01743093,+
PTBP1,chr4_158672490_158680466,51.0097288,+
HNRNPC,chr10_87170974_87180074,50.96802464,+
HNRNPM,chr1_161340655_161362328,50.95947107,-
FUS,chr3_50103166_50105076,50.95320459,-
GRSF1,chr5_81301698_81304740,50.93319389,+
SUPT6H,chr15_29719138_29719776,50.86859628,+
DKC1,chr14_49628155_49633286,50.86503517,+
MATR3,chr11_833026_836062,50.86276989,-
HNRNPL,chr14_91473370_91475849,50.81243019,+
LARP4,chr3_139385200_139389547,50.71563114,+
PCBP2,chr11_68460827_68519500,50.71056536,+
PCBP2,chr6_4996420_4999808,50.70240094,-
PCBP1,chr3_66221127_66243202,50.68939471,-
RBM17,chr15_50309798_50346371,50.62326378,+
LARP4,chr5_132937193_132937648,50.60570024,-
TRA2A,chr11_833026_836062,50.60294251,-
FUBP3,chr20_36462599_36496704,50.57080929,+
DKC1,chr21_31685174_31685397,50.55449431,+
TRA2A,chr14_55148684_55150798,50.54691179,-
EIF2S1,chr5_43555999_43556818,50.53688177,-
PUM2,chr10_48325965_48401611,50.52197859,+
DAZAP1,chr5_43298975_43307765,50.50131041,-
LARP4,chr17_59112345_59155130,50.47699497,-
SUPT6H,chr12_871348_878211,50.46146195,-
NONO,chr20_284081_290258,50.45437653,+
HNRNPAB,chr17_82392534_82394330,50.45323475,+
CPSF7,chr2_74491672_74492003,50.4169659,+
RAVER1,chr2_101859864_101864929,50.41527735,+
GRSF1,chr14_24232977_24233218,50.40257232,+
HNRNPAB,chr2_30147062_30156627,50.40037852,+
PCBP2,chr2_3558998_3561316,50.36871336,+
RBM22,chr3_50103166_50105076,50.33637882,+
SF3B4,chr4_74158281_74174505,50.17481034,-
SFPQ,chr5_98869277_98869753,50.07850628,+
RBM25,chr6_53294491_53295641,50.03691904,-
PPIL4,chr1_70228555_70231858,49.9687858,+
PCBP2,chr12_122224748_122225964,49.94298054,+
PCBP2,chr20_35739547_35740524,49.91790272,-
TRA2A,chr5_43555999_43556818,49.91006111,+
AKAP1,chr8_17972687_17985446,49.87999123,-
GRSF1,chr3_9813345_9816073,49.78245432,+
FMR1,chr4_75654081_75655065,49.71812789,+
HNRNPM,chr3_50103166_50105076,49.69427429,-
FXR1,chr15_29701689_29704200,49.52377174,+
TRA2A,chr2_97219246_97224808,49.48648703,-
U2AF1,chr12_56724523_56725262,49.47690603,+
FUS,chr21_39345274_39348291,49.45559861,-
HNRNPL,chr12_55716717_55716932,49.45361663,+
NONO,chr20_284081_290258,49.44064723,+
SF3B4,chr14_45109780_45109893,49.42617447,+
PCBP1,chr1_24464120_24468985,49.39390439,-
HNRNPA1,chr17_73209768_73232085,49.35745925,-
FUS,chr3_42619708_42621428,49.32735923,+
FUS,chr15_29701689_29704200,49.31241526,+
RBM25,chr6_143165183_143187628,49.27692037,+
SF1,chr10_45972730_45982522,49.27293322,-
RBM22,chr7_148757150_148759547,49.26680658,+
PUF60,chr16_5090565_5093483,49.18299675,+
KHSRP,chr2_27583142_27598066,49.18032323,+
EWSR1,chr17_82394543_82398195,49.1679915,-
PABPC4,chr12_111889006_111890039,49.1467396,+
FUS,chr19_18538433_18539370,49.14037491,+
HNRNPM,chr10_26751783_26765217,49.1184388,+
PABPC1,chr17_5488589_5488822,49.08490855,+
PUM2,chr11_124625903_124626472,49.07529777,+
HNRNPA2B1,chr1_51730001_51745535,49.05298729,-
HNRNPC,chr7_44572437_44572562,49.0199498,+
EIF2S1,chr2_130339762_130340907,48.95217408,-
PCBP2,chr7_133081048_133081856,48.93432805,-
SLBP,chr6_30061389_30061514,48.92673556,+
PABPC4,chr17_8463354_8466929,48.73281791,+
SLBP,chr19_10136287_10137075,48.69982889,-
PNPT1,chr2_161160484_161179613,48.68179744,+
FXR1,chr15_29720016_29720357,48.57044256,+
HNRNPA2B1,chr12_120566980_120575630,48.55515667,-
HNRNPF,chr19_40348768_40366418,48.52499635,+
PCBP2,chr7_99458355_99459146,48.51688271,+
SF1,chr14_74298069_74300149,48.48857014,+
AKAP1,chr13_97357635_97391321,48.40594608,+
CSTF2,chr20_34073635_34075873,48.40105057,-
RBM25,chr3_197149796_197194424,48.36584053,+
SUPT6H,chr2_68053137_68062957,48.34349843,+
FXR1,chr14_35116737_35121901,48.3276676,+
DAZAP1,chr2_113454778_113457064,48.26933612,+
CPSF6,chr1_39563741_39564422,48.26444846,+
PUF60,chr19_39480961_39482884,48.25342669,-
HNRNPK,chr8_61619019_61637946,48.21829773,+
HNRNPC,chr4_82946474_82984160,48.20799181,+
AKAP1,chr5_180793097_180808647,48.0794387,+
SSB,chr5_171914405_172006457,48.03457628,+
CPSF6,chr3_197069260_197075836,48.02825627,+
FUS,chr1_46686870_46689586,47.99525414,+
HNRNPM,chr6_30741333_30742146,47.96938396,+
PCBP1,chr7_44647534_44666735,47.96450283,+
RBM15,chr11_86268561_86270082,47.9473111,-
CPSF7,chr20_50143621_50151211,47.90272642,+
TIA1,chr8_17972687_17985446,47.84975925,+
GRSF1,chr3_197149796_197194424,47.84832355,+
SAFB2,chr22_31621885_31648100,47.83531796,+
KRR1,chr1_155309076_155310042,47.82745676,-
CPSF7,chr3_51970184_51973964,47.77113192,-
HNRNPL,chr2_61009015_61011764,47.74581939,+
U2AF1,chr1_114575751_114581298,47.72753228,+
SF1,chr14_23081836_23090521,47.72515753,+
HNRNPAB,chr1_75724817_75732643,47.69868203,-
SAFB2,chr10_97453663_97454713,47.66245512,+
HNRNPA0,chr9_136791424_136791946,47.61446369,-
RBM22,chr19_53866417_53869753,47.60912848,-
U2AF2,chr1_154268954_154270199,47.59963331,+
RBM39,chr1_53946549_53951985,47.56033245,+
CPEB3,chr3_15582989_15589539,47.4835583,-
HNRNPK,chr15_40812902_40813337,47.47332074,+
SSB,chr2_3558998_3561316,47.45857315,+
EIF2S1,chr10_97453663_97454713,47.42949474,+
RBM15,chr1_51652041_51714002,47.42439926,+
HNRNPK,chr12_862270_878211,47.42168845,+
HNRNPAB,chr2_113454778_113457064,47.41311068,+
CPSF6,chr4_82359639_82373445,47.39487559,+
RBM15,chr10_48306821_48401611,47.28290862,+
PTBP1,chr1_16315435_16352254,47.27276626,+
AKAP1,chr1_32634110_32634767,47.20575086,-
HNRNPF,chr3_9941016_9941110,47.16709304,+
SUPT6H,chr1_160224549_160225590,47.13898616,+
SF3B4,chr21_37232451_37238459,47.09068797,+
FUS,chr6_3264325_3267590,47.08833093,+
SFPQ,chr3_168036994_168041391,47.0851188,+
QKI,chr6_90536401_90547257,47.04850825,+
IGF2BP2,chr12_95252071_95256549,47.03322125,+
AKAP1,chr4_78930325_78939039,47.02493614,+
CIRBP,chr12_32737161_32740063,47.02262397,+
KRR1,chr1_19374455_19378539,46.99360772,-
HNRNPL,chr1_23798730_23799365,46.96589012,+
NCBP2,chr4_26321048_26386352,46.95864573,+
RBM22,chr1_1642508_1649498,46.95424446,-
SFPQ,chr1_155060832_155061417,46.89382027,-
U2AF2,chr6_125915480_125920942,46.87850194,+
RBM34,chr4_73113311_73113791,46.86269015,+
PCBP2,chr17_41893174_41897748,46.85638647,-
AKAP1,chr14_70329236_70342657,46.84949333,+
HNRNPC,chr18_9595102_9614225,46.83722147,+
LARP4,chr16_88657247_88657435,46.79156026,+
HNRNPK,chr5_136132962_136153591,46.7911674,+
G3BP2,chr4_82898062_82899712,46.7785465,+
PCBP1,chr17_75574668_75574870,46.75981512,+
EIF3G,chr9_32987731_32988082,46.73193933,+
NCBP2,chr4_165327946_165333339,46.56493905,+
PCBP1,chr11_833026_836062,46.53617898,-
U2AF1,chr2_227325427_227332418,46.53097878,+
SF1,chr1_155309076_155310042,46.52788301,-
HNRNPAB,chr14_39319291_39326863,46.52361457,+
EIF4B,chr2_68047319_68062944,46.44341895,-
PUF60,chr20_56390665_56392167,46.44280996,+
CSTF2T,chr10_119842595_119843247,46.44128618,+
KRR1,chr3_197149796_197194424,46.43161871,+
IGF2BP2,chr1_161159678_161160619,46.42866547,-
KHDRBS1,chr12_862270_878211,46.35977997,+
ASCC1,chr9_33261169_33262104,46.23097027,+
SFPQ,chr9_133054809_133054943,46.07900593,-
FXR1,chr1_151316509_151327270,46.05306211,+
TAF15,chr4_73135265_73141740,46.03734246,+
ASCC1,chr16_29994843_29995102,46.01336821,+
NCBP2,chr21_39178647_39180284,45.99401211,-
PUM2,chr12_51049185_51056349,45.98087684,+
HNRNPL,chr2_200419496_200440648,45.97039777,+
MSI2,chr2_30147062_30156627,45.94720232,+
TARDBP,chr15_90966653_90969523,45.85616601,+
DAZAP1,chr4_103057971_103066326,45.8354402,+
HNRNPL,chr9_136850560_136850754,45.82311178,-
AKAP1,chr5_171914405_172006457,45.724653,+
U2AF1,chr6_122427956_122431429,45.72041157,+
HNRNPK,chr6_689212_693018,45.70386909,+
SFPQ,chr1_53946549_53947787,45.69601437,+
PNPT1,chr10_28533007_28533997,45.69245107,+
HNRNPA0,chr8_144827609_144837390,45.61099308,-
PCBP2,chr14_21022497_21022863,45.58156048,+
TIA1,chr1_24647208_24648858,45.5766786,-
GRSF1,chr8_17980755_17985446,45.57598155,+
PUF60,chr5_43298975_43307765,45.52828346,-
IGF2BP2,chr5_133006920_133022840,45.5016719,+
NONO,chr16_3023361_3023846,45.4962864,+
PCBP1,chr14_35110629_35121901,45.44184438,+
PUF60,chr20_34073635_34075873,45.3806417,-
HNRNPC,chr3_9804013_9810620,45.37551597,-
RBM17,chr14_91473370_91475849,45.34057335,+
AKAP1,chr19_48838129_48841148,45.32978062,-
HNRNPA2B1,chr17_8463354_8466929,45.31000316,-
PARN,chr11_65713058_65713347,45.3051174,-
CPSF6,chr17_64500773_64502009,45.24299275,+
U2AF1,chr1_2397220_2400856,45.22717351,+
HNRNPK,chr3_9430051_9433844,45.21787041,+
HNRNPC,chr3_168036994_168041391,45.15988598,+
RAVER1,chr7_87900878_87907187,45.13155262,-
SF3B4,chr17_75130867_75130964,45.10123856,-
GRSF1,chr7_151036649_151037240,45.08660372,+
RBM22,chr1_108696337_108697809,45.04574587,-
U2AF2,chr6_42211917_42214279,45.03244196,+
LARP4,chr2_3558998_3561316,45.00377547,+
PCBP2,chr8_90001561_90018908,44.99797434,-
SF1,chr12_62325933_62349220,44.9644155,-
PCBP1,chr15_22839790_22851638,44.9134289,+
LARP4,chr13_97356849_97357481,44.87927857,+
PTBP1,chr13_75526639_75530113,44.8782803,+
SSB,chr1_23798730_23799365,44.87362893,+
SFPQ,chr11_2979237_2989128,44.87171694,+
NONO,chr7_151036649_151040267,44.85649028,+
PNPT1,chr12_880999_881691,44.83594578,-
PUF60,chr2_227328789_227329605,44.81237469,+
PCBP2,chr7_5193171_5199575,44.69805801,+
MATR3,chr2_101860986_101864929,44.67901118,+
G3BP1,chr10_119842595_119843247,44.60069785,+
EIF3G,chr4_139072039_139073453,44.59041332,+
HNRNPAB,chr17_64514358_64519320,44.5737359,+
CSTF2T,chr18_12311053_12329145,44.55758485,+
SF1,chr21_39178647_39180284,44.54260526,+
PNPT1,chr6_125915480_125920942,44.53702248,-
HNRNPM,chr2_96335848_96341674,44.47393014,-
SF3B4,chr1_41028726_41037361,44.45749167,+
NCBP2,chr6_159748369_159748589,44.45721714,+
U2AF2,chr15_40810757_40812698,44.45510654,+
SF3B4,chr15_29720016_29720357,44.44737609,+
SART3,chr10_74398579_74589281,44.42398901,-
FXR1,chr12_880999_881691,44.42360699,+
CSTF2,chr10_110130486_110133325,44.41358439,-
RBM34,chr5_43307824_43313355,44.33995092,+
TRA2A,chr7_2242256_2244562,44.32326587,+
CPSF6,chr19_3452666_3462751,44.28962505,+
TIA1,chr17_18333288_18340042,44.2844048,+
SLTM,chr15_80098578_80120327,44.22612027,-
EIF3G,chr10_119104197_119104763,44.18430317,+
TIA1,chr10_110130486_110133325,44.17414707,-
GRSF1,chr3_66221127_66243202,44.16129108,+
PCBP2,chr7_44647534_44666735,44.1238901,+
RBM25,chr5_71604468_71632120,44.08807136,+
RBM25,chr11_85983973_85996825,44.08645547,-
U2AF1,chr9_95080780_95086681,44.06675174,+
SART3,chr16_89878627_89883350,44.06498482,+
CIRBP,chr4_73135265_73141740,44.05971834,+
U2AF2,chr3_64022523_64022642,44.02161293,+
TARDBP,chr14_23564221_23564332,43.94970597,-
SART3,chr1_243186072_243186258,43.92193694,+
PCBP2,chr11_85983973_85996825,43.90633987,+
U2AF2,chr11_111882598_111883770,43.90397007,+
GRSF1,chr7_151036649_151040267,43.89435242,-
HNRNPL,chr1_150492489_150497529,43.88646197,+
PTBP1,chr10_110130486_110133325,43.88155243,-
SLTM,chr2_68053137_68062944,43.87941115,+
EIF3G,chr16_29993808_29993905,43.86030616,+
SF3B4,chr1_1642508_1649498,43.85575817,-
EIF4B,chr1_20780540_20787194,43.8546889,+
HNRNPL,chr8_119744393_119744880,43.84953234,+
PUF60,chr7_12687728_12688168,43.80082868,+
RBM17,chr12_32737161_32740063,43.79514317,+
PABPC1,chr6_150887981_150898859,43.79352474,+
SART3,chr1_182855713_182856531,43.77853895,+
PUM2,chr12_53467293_53468776,43.71865055,-
HNRNPC,chr1_53889463_53889712,43.71239574,+
SF3B4,chr3_44338319_44354738,43.70514548,+
TIA1,chr3_183833589_183840569,43.68880172,+
QKI,chr15_29701689_29704200,43.68545368,+
SF3B4,chr1_23030634_23050386,43.66789558,+
PABPC1,chr3_114057106_114065236,43.66003923,+
SF3B4,chr6_36886028_36899425,43.64227147,+
HNRNPAB,chr1_161159678_161160365,43.62090989,+
TIAL1,chr11_72111281_72111411,43.55558543,+
U2AF1,chr1_114397860_114399456,43.52885162,+
UPF1,chr19_49927848_49929325,43.52086527,+
HNRNPC,chr14_58286827_58291634,43.51275047,+
EIF2S1,chr21_39178647_39180284,43.4935932,+
U2AF1,chr7_103086764_103097276,43.47592538,+
HNRNPK,chr17_75574668_75574873,43.45110181,+
SSB,chr7_38179145_38207446,43.44971535,+
U2AF2,chr6_31620858_31622726,43.40988887,+
SUPT6H,chr2_27445449_27445744,43.39462041,+
HNRNPAB,chr17_59891041_59892696,43.32509928,+
DAZAP1,chr14_96556413_96564954,43.30802734,-
EIF4B,chr20_34073635_34075873,43.2127136,+
SF1,chr3_9433950_9434276,43.18222601,+
SSB,chr20_34073635_34075873,43.1493715,+
TAF15,chr8_66922392_66922613,43.14655008,+
PPIL4,chr5_6652008_6653446,43.14366179,+
RBM22,chr14_35110629_35121901,43.12936318,+
SLBP,chr3_168036994_168041391,43.03957185,+
CPSF7,chr1_154220975_154225083,43.02844951,+
U2AF2,chr1_155309076_155310042,43.00364342,+
FUS,chr3_58306417_58310506,42.98258096,+
KHSRP,chr2_27583142_27598066,42.97505465,+
SF1,chr20_2461939_2462635,42.94435585,+
PCBP2,chr12_57599211_57600323,42.92214291,+
PABPC1,chr12_880999_881691,42.88435744,+
PUM2,chr17_44212454_44212818,42.86138475,+
SF1,chr1_243172846_243186258,42.82105801,-
HNRNPK,chr15_92883186_92885514,42.81987421,+
DKC1,chr3_52075985_52122378,42.81377773,+
AKAP1,chr8_144312244_144312627,42.79383237,+
SF1,chr1_19597109_19623473,42.71179651,-
HNRNPC,chr13_97357635_97391321,42.70080012,-
SF3B4,chr9_125207721_125220538,42.67604473,+
CIRBP,chr4_73135265_73141740,42.65931169,+
KHDRBS1,chr17_50737479_50740305,42.63268323,-
EIF2S1,chr10_68070599_68072882,42.6269925,+
G3BP1,chr2_68047319_68062944,42.62376178,+
G3BP1,chr3_168040869_168041391,42.62335364,+
U2AF2,chr7_75441647_75474703,42.61259303,+
RBM25,chr17_42567655_42568836,42.54729075,-
RBM25,chr17_27306882_27307743,42.53906031,+
PPIL4,chr16_3023361_3023846,42.5142446,-
PPIL4,chr14_21023321_21025028,42.49511075,+
EIF2S1,chr1_53946549_53947787,42.48950283,+
MATR3,chr22_29549158_29553670,42.41973113,+
RBM15,chr4_76130749_76132522,42.41612686,-
PUF60,chr5_78421960_78459244,42.40884785,+
EIF3G,chr20_528049_543671,42.40139483,+
CIRBP,chr3_9430051_9433844,42.36564178,+
PABPC1,chr16_189339_189930,42.34972866,-
NONO,chr3_51970184_51973964,42.33136249,+
KHSRP,chr1_70205780_70221611,42.27034645,+
GRSF1,chr3_97950012_97950785,42.2674049,+
PUF60,chr2_3558998_3561316,42.24965239,+
KHDRBS1,chr10_103106706_103111744,42.21831311,+
SF1,chr11_85983973_85990249,42.2013414,+
U2AF2,chr5_36177292_36183839,42.20119672,-
DAZAP1,chr1_23030634_23044426,42.17535712,+
LARP7,chr1_244862730_244863616,42.15828753,+
RAVER1,chr2_101859864_101864929,42.12866992,+
HNRNPL,chr11_68505271_68519500,42.11443791,+
RBM22,chr16_3023361_3023846,42.07606785,-
RBM17,chr3_58138529_58142649,42.07026758,+
PUM2,chr18_62161385_62186843,42.05645777,+
SLBP,chr3_58138529_58142649,42.0353933,+
U2AF1,chr4_78930325_78939039,42.03175343,+
SF3B4,chr2_55302072_55308808,42.02157117,+
LARP4,chr8_17972687_17985446,41.95213047,+
KRR1,chr5_31530924_31531989,41.93179561,+
HNRNPA1,chr4_139678642_139703454,41.92880933,-
EIF4B,chr9_87726398_87727593,41.92673589,-
TRA2A,chr4_103050382_103066326,41.89274314,+
EIF4B,chr7_103086764_103097276,41.86911,+
CSTF2T,chr2_68053137_68062944,41.8282291,+
SFPQ,chr1_161340655_161362328,41.82205783,+
DAZAP1,chr2_128091415_128097428,41.80900036,+
PUF60,chr6_4996420_4999808,41.72617052,+
RBM39,chr9_32987731_32988082,41.67540666,+
CPSF6,chr12_122218397_122224644,41.66036943,+
PCBP2,chr7_87900878_87907187,41.61876768,+
EIF3G,chr1_154268954_154270880,41.61370183,+
G3BP1,chr11_85983973_85996825,41.60658067,+
HNRNPC,chr1_23798730_23799365,41.58906106,+
PNPT1,chr20_56392713_56395520,41.54180442,+
TARDBP,chr12_106957149_106967110,41.44695175,+
GRSF1,chr11_31463305_31509518,41.43526572,+
TIA1,chr1_244862730_244863616,41.43502088,-
U2AF2,chr15_78542219_78544189,41.31128582,-
U2AF1,chr11_47172333_47173425,41.30929816,+
HNRNPL,chr1_23798730_23799365,41.25110962,+
CPSF7,chr5_141973742_141978302,41.23547753,+
HNRNPAB,chr2_27583142_27598066,41.21883442,+
U2AF2,chr12_871348_878211,41.2103707,+
SF1,chr6_52264786_52265234,41.18205251,-
GRSF1,chr1_108962469_108963360,41.17714795,+
PPIL4,chr1_45661225_45686411,41.16186159,+
HNRNPC,chr22_46337944_46346421,41.14932389,-
MATR3,chr14_49626048_49633286,41.13657699,+
HNRNPK,chr22_42599793_42602769,41.13610852,+
SART3,chr3_197142768_197194424,41.09264565,+
SLTM,chr1_28530573_28531802,41.08105549,+
MSI2,chr9_87726308_87727593,41.03383903,+
TIA1,chr5_31530924_31531449,41.02480849,+
RBM22,chr6_159748369_159753459,41.02016879,+
RBM25,chr12_6672532_6673215,41.00585146,-
AKAP1,chr17_50737479_50740305,40.96905605,+
U2AF2,chr7_38179145_38207446,40.96696062,+
SF3B4,chr17_49413291_49414241,40.92285293,+
CSTF2T,chr2_68053137_68062944,40.91667504,+
U2AF2,chr20_34073635_34075873,40.90599694,+
CPSF7,chr11_35190065_35214851,40.89427,+
DKC1,chr17_41893174_41897748,40.87784003,-
RBM25,chr13_72778380_72781288,40.86666942,-
AKAP1,chr12_51049185_51056349,40.85063132,+
UPF1,chr12_106957149_106967110,40.82319835,-
PNPT1,chr14_23090101_23090521,40.81984242,+
RBM17,chr4_82359639_82373445,40.81197516,+
SLBP,chr3_58138529_58142649,40.75741172,+
SF3B4,chr3_9813345_9817644,40.74464469,+
NCBP2,chr3_152445539_152447619,40.71348226,+
HNRNPL,chr6_41090309_41091545,40.69838487,+
PPIL4,chr1_23798730_23799365,40.68340903,+
RBM15,chr21_46636547_46636895,40.68191987,+
G3BP2,chr2_101859864_101864929,40.65334544,+
PUM2,chr2_200439328_200440648,40.6048527,+
SFPQ,chr19_3452666_3456549,40.58161024,+
FMR1,chr2_61009015_61011764,40.57216219,+
RAVER1,chr13_72778380_72781288,40.52109666,+
TRA2A,chr11_833026_836062,40.50468922,+
CCAR1,chr9_96641886_96651389,40.47210019,+
PABPC1,chr20_35739547_35740524,40.46975346,-
DAZAP1,chr11_86264263_86276979,40.41093506,-
U2AF1,chr20_36608000_36609600,40.40689474,+
PUF60,chr20_63946640_63956259,40.38280266,+
PPIL4,chr7_66086662_66087333,40.3593552,-
EIF2S1,chr6_31620858_31622726,40.35416198,+
RBM15,chr11_31433570_31509518,40.32235475,+
TARDBP,chr1_39480009_39484600,40.31915337,+
RBM39,chr16_3023361_3023846,40.31846926,+
PCBP2,chr17_59112345_59155130,40.3045636,+
KHDRBS1,chr12_871348_878211,40.28229939,+
HNRNPM,chr3_50103166_50105076,40.2813189,-
PTBP1,chr1_46686870_46689586,40.26504327,+
RBM25,chr7_43665722_43729428,40.26086308,-
EIF4B,chr13_97356849_97357481,40.21522314,+
HNRNPA0,chr9_136791424_136791946,40.19644366,-
PABPC4,chr22_19475100_19475495,40.17269262,-
HNRNPA2B1,chr20_528049_543671,40.17191228,+
RBM25,chr12_53467293_53468776,40.15668185,+
PCBP1,chr5_81301670_81304740,40.15458089,+
PABPC1,chr6_41789332_41789567,40.13438939,-
PUF60,chr20_25224157_25225161,40.05232507,+
KRR1,chr14_21022905_21023240,40.04701169,+
RBM39,chr17_7931149_7931730,40.04064132,-
SSB,chr19_40348768_40366418,40.02786508,+
LARP7,chr10_68070599_68072882,39.94908518,+
AKAP1,chr2_3558998_3561316,39.94051182,-
EIF4B,chr4_13368650_13369870,39.92145636,+
ZC3H8,chr15_80059809_80098415,39.90587351,-
AKAP1,chr8_42338685_42339011,39.90494622,+
RBM15,chr12_32737161_32740063,39.85687445,+
ASCC1,chr7_102541662_102566996,39.82238051,+
RBM15,chr10_98429642_98430570,39.78797818,+
CIRBP,chr19_49927848_49929325,39.77369739,-
PABPC1,chr3_9433950_9434276,39.71066194,+
RBM39,chr17_75574495_75574609,39.70148655,+
U2AF2,chr10_63264764_63380317,39.68479403,+
HNRNPM,chr1_161159678_161160365,39.62423445,+
TAF15,chr4_183651323_183655880,39.58438662,-
G3BP2,chr4_165327764_165337788,39.5829029,-
FXR1,chr5_34911812_34914694,39.58154251,+
PTBP1,chr17_76726879_76729689,39.56996366,-
G3BP1,chr17_82244831_82248874,39.5552612,-
NCBP2,chr21_46649739_46664294,39.53503812,-
NONO,chr6_39105776_39109313,39.52634732,+
FUS,chr10_97453663_97454713,39.52301959,+
EIF2S1,chr4_103057971_103066326,39.50844717,+
EIF2S1,chr3_15240853_15242177,39.50676055,+
TARDBP,chr3_139385200_139389547,39.49455531,-
RBM17,chr3_15240853_15242177,39.47260961,+
U2AF1,chr11_31433570_31509518,39.46810299,+
CCAR1,chr3_52075985_52122378,39.46231609,-
SF3B4,chr14_23564221_23564332,39.45941922,+
PARN,chr14_101912473_101917830,39.43396869,-
SUPT6H,chr20_25218614_25222837,39.42959158,+
HNRNPF,chr1_45661225_45686411,39.4273249,+
U2AF2,chr7_117222062_117222860,39.38455265,+
U2AF1,chr6_127327144_127343335,39.37098219,+
SUPT6H,chr1_160224549_160225590,39.30822926,+
LARP4,chr2_27350632_27356738,39.29378518,+
PPIL4,chr3_9436888_9440455,39.27472463,+
FXR1,chr5_66158932_66159218,39.26024233,-
U2AF2,chr1_16367308_16393227,39.22855435,-
SF1,chr14_23081836_23090521,39.22140955,+
HNRNPL,chr5_140695845_140696520,39.20967129,+
HNRNPC,chr8_102829936_102833055,39.16886996,+
G3BP2,chr1_46686870_46689586,39.12671672,+
SF3B4,chr1_154974045_154974247,39.12194953,+
CSTF2T,chr2_68047319_68062944,39.12077226,-
U2AF1,chr14_21022497_21022863,39.11526163,-
RBM22,chr1_39563922_39564470,39.11346021,+
RBM25,chr22_19475100_19475495,39.10507684,-
NONO,chr2_27350632_27356738,39.09717732,+
SF1,chr1_92832117_92833388,39.05927346,+
PCBP2,chr2_3558998_3561316,39.05644889,+
SFPQ,chr2_55303152_55308808,39.05170038,+
EIF4B,chr3_37355187_37366079,39.02880365,+
PUF60,chr11_124626609_124626903,39.02844472,+
RAVER1,chr5_141973742_141978302,39.02125961,+
PNPT1,chr1_211304140_211312719,39.00783045,+
U2AF1,chr2_227325427_227332418,39.00779714,+
RBM15,chr21_33530884_33532344,38.99407161,-
SLTM,chr22_35781746_35809779,38.97317921,+
HNRNPAB,chr1_160218968_160220458,38.97079533,+
EIF4B,chr14_39319291_39326863,38.90036751,+
FXR1,chr2_241268541_241315569,38.87149929,+
HNRNPAB,chr11_62854551_62855132,38.87041773,-
SUPT6H,chr9_36589652_36597221,38.86020092,+
CCAR1,chr16_84498111_84504600,38.84122363,+
NCBP2,chr8_140948723_141001124,38.8179615,+
EIF2S1,chr12_132945797_132948147,38.81093043,-
EWSR1,chr12_51049185_51056349,38.72233586,+
SF1,chr3_50109688_50110678,38.71701242,+
DKC1,chr20_284081_290258,38.71547633,+
LARP7,chr9_32987731_32989758,38.71099593,-
SFPQ,chr13_97357635_97391321,38.7087234,+
SF3B4,chr5_43298975_43307765,38.70005138,-
U2AF1,chr20_56388202_56392167,38.56122698,-
PPIL4,chr7_107613432_107613653,38.55351421,-
PCBP1,chr9_5361888_5436568,38.54864304,+
TRA2A,chr7_87860169_87860571,38.5473323,+
HNRNPA0,chr4_82359639_82373445,38.53617881,+
SFPQ,chr5_43555999_43556818,38.50896009,+
EIF4B,chr7_103086764_103097276,38.50775086,+
HNRNPM,chr16_4450497_4454810,38.50454846,+
TARDBP,chr12_53467293_53468776,38.49600312,-
PUM1,chr22_35262421_35263077,38.48684295,+
TIAL1,chr2_3558998_3561316,38.46711891,+
PABPC1,chr20_35632923_35664801,38.43919115,+
KHDRBS1,chr1_39563741_39564422,38.4382742,+
HNRNPK,chr3_9829395_9834680,38.43399519,+
SART3,chr2_200419496_200439121,38.43255194,-
PNPT1,chr14_59498908_59503853,38.42111316,-
EIF3G,chr3_15240853_15242177,38.39297049,-
QKI,chr1_24464120_24468985,38.38414802,+
LARP4,chr11_85990399_85996825,38.36728316,+
DKC1,chr22_42808890_42817141,38.34560438,-
LARP7,chr22_42808890_42817141,38.32253029,+
FUBP3,chr21_31685174_31685397,38.29397797,-
PPIL4,chr21_39178647_39180284,38.26633424,-
PCBP1,chr14_23561635_23562287,38.22163386,+
PABPC1,chr7_100887859_100888041,38.17758218,+
PNPT1,chr12_108564155_108564278,38.15341898,+
CIRBP,chr2_101859082_101859642,38.14498881,+
GRSF1,chr12_880999_881691,38.14314126,+
FMR1,chr2_64585545_64591887,38.11771888,+
SSB,chr2_3558998_3561316,38.11594046,+
SF1,chr3_172818814_172820147,38.11321835,-
NONO,chr14_74298069_74300149,38.07761149,+
PTBP1,chr6_31620858_31622689,38.0732259,+
TAF15,chr22_42808890_42817141,38.04034832,+
U2AF2,chr2_37088440_37091915,38.03627801,+
RBM39,chr1_154234792_154235195,37.99858504,-
HNRNPL,chr3_9944095_9944364,37.95787756,+
U2AF1,chr17_82246039_82246197,37.93245098,+
PNPT1,chr14_39319291_39326863,37.91308601,+
SLTM,chr14_39319291_39326863,37.91208471,+
HNRNPK,chr1_45661225_45686411,37.88923205,+
SF1,chr1_220069432_220073966,37.86740394,+
PUF60,chr5_43555999_43556818,37.86448407,-
IGF2BP2,chr17_8463354_8466929,37.86211405,+
ASCC1,chr3_9434485_9434589,37.85883265,+
UPF1,chr12_871348_878211,37.84682484,+
U2AF2,chr11_111882598_111883770,37.84622466,+
NONO,chr19_52849213_52890240,37.82135043,+
TRA2A,chr3_9430051_9433844,37.74884529,+
SF1,chr1_184054863_184095689,37.69731033,-
RBM17,chr17_59891041_59892696,37.6838153,+
TARDBP,chr3_168036994_168041391,37.67980736,+
SFPQ,chr20_17570211_17600737,37.65371992,+
PCBP2,chr12_53467293_53468776,37.65317883,-
ZC3H8,chr3_129288997_129298353,37.59144235,-
EIF3G,chr3_97950012_97950785,37.58317231,+
NCBP2,chr4_26321048_26386352,37.54683609,+
EWSR1,chr13_72778380_72781288,37.5195059,+
MATR3,chr11_68460827_68519500,37.50403406,+
MATR3,chr14_93185485_93186259,37.49708924,+
EIF3G,chr9_128461010_128469182,37.47537354,+
PUM1,chr1_53889463_53889712,37.46577946,-
CPSF6,chr7_66086662_66087333,37.46146002,+
HNRNPAB,chr8_140511646_140515125,37.46045384,-
SF3B4,chr2_27583142_27598066,37.44341042,+
FMR1,chr5_81301698_81304740,37.41364922,+
U2AF1,chr1_234373840_234374229,37.38803351,+
KRR1,chr3_15242253_15246731,37.35104929,+
PPIL4,chr10_110130486_110133325,37.34918775,-
PPIL4,chr1_23798730_23799365,37.34088266,+
TRA2A,chr3_20171232_20176600,37.32261865,-
TROVE2,chr1_28571900_28574588,37.29572354,-
ZRANB2,chr3_39406764_39407620,37.29569172,+
LARP4,chr1_75724817_75732643,37.26733736,+
LARP4,chr2_200439328_200440648,37.19446349,+
PCBP1,chr11_66284966_66285700,37.12327288,+
TIA1,chr2_71331865_71348752,37.09018639,+
U2AF1,chr19_48325610_48326829,37.08382856,+
EIF4B,chr3_168040869_168041391,37.0456724,-
KRR1,chr20_2658522_2659524,36.97047051,-
ZRANB2,chr8_42338685_42339011,36.96265052,+
PNPT1,chr17_76558600_76558944,36.9582912,-
SAFB2,chr1_28530573_28531802,36.95269462,+
FUS,chr11_65536750_65537036,36.94730344,+
RBM22,chr5_36177292_36183839,36.94420919,-
PUM2,chr17_5488589_5488822,36.93870466,+
U2AF2,chr3_129288997_129298353,36.9312971,-
DAZAP1,chr14_49628155_49633286,36.92303803,+
SART3,chr11_35190065_35214851,36.91459289,+
SSB,chr19_40348768_40366418,36.89835169,+
U2AF1,chr22_40364365_40366435,36.85613643,-
FUS,chr15_49631058_49632158,36.84061225,-
GRSF1,chr1_150441023_150443230,36.83624223,+
U2AF1,chr3_129288997_129298353,36.82970492,-
SSB,chr1_161160506_161160619,36.82942036,+
HNRNPA0,chr22_35257557_35262322,36.81387732,+
RBM34,chr8_119745036_119746704,36.78772172,+
HNRNPM,chr14_94081449_94096855,36.77704338,+
U2AF1,chr1_53946549_53947787,36.7763594,+
SF1,chr4_82426633_82427189,36.75635938,+
SART3,chr13_37045376_37047534,36.70400306,+
PPIL4,chr16_21958599_21959338,36.69752104,+
HNRNPM,chr11_2979237_2989128,36.64970929,+
EIF4B,chr4_75724176_75724275,36.64146618,+
TRA2A,chr11_31463305_31509518,36.63360769,+
SSB,chr5_133006920_133022840,36.62923703,+
HNRNPA0,chr17_82246039_82246197,36.57220928,+
FUS,chr10_38034400_38054374,36.56767484,+
EIF3G,chr14_49628155_49633286,36.56433634,+
SART3,chr16_88658720_88660519,36.5641556,-
SAFB2,chr10_97453663_97454713,36.51622195,+
HNRNPM,chr11_65536750_65536985,36.50953178,+
RBM17,chr11_95788563_95790155,36.50338666,+
PABPC1,chr10_87176095_87180074,36.49708758,+
U2AF2,chr6_3264325_3267590,36.49418093,-
SUPT6H,chr20_25218614_25222837,36.49119445,+
CPSF6,chr6_63636150_63679999,36.46359427,+
ASCC1,chr10_110130486_110133325,36.46170812,-
G3BP1,chr5_138166108_138167933,36.45359842,-
PUF60,chr6_34757551_34757911,36.45351141,+
PPIL4,chr21_39178647_39180284,36.43751568,-
U2AF2,chr6_8430157_8435342,36.42921502,+
PUM2,chr12_124913495_124913723,36.42208554,-
CIRBP,chr15_92883778_92885514,36.37938857,+
PABPC4,chr3_37355187_37366079,36.37927714,-
AKAP1,chr7_105118022_105125781,36.36518082,+
KRR1,chr1_23798730_23799365,36.35117417,+
EIF2S1,chr14_23081836_23090521,36.34721312,+
PABPC4,chr14_74298069_74299547,36.30781923,+
TIA1,chr7_64993414_65006540,36.29500161,+
EWSR1,chr2_96335848_96341674,36.29016758,+
QKI,chr1_29216812_29230730,36.28971755,+
U2AF1,chr6_33701420_33710694,36.27411408,+
KRR1,chr1_46558800_46560233,36.26179426,+
AKAP1,chr1_243286397_243304712,36.24732924,+
HNRNPK,chr4_139072039_139073453,36.24620362,+
KHDRBS1,chr10_72216138_72220053,36.2430359,-
NCBP2,chr15_22839790_22851638,36.23309564,+
KHDRBS1,chr9_136791424_136791946,36.22091397,+
PABPC1,chr12_46189071_46196724,36.20967926,+
U2AF2,chr15_80098578_80120327,36.20859675,+
U2AF1,chr4_73113311_73113791,36.20697931,+
HNRNPC,chr10_110130486_110133325,36.20579749,+
SSB,chr2_3558998_3559447,36.19323924,+
EWSR1,chr8_17980755_17985446,36.17156741,+
AKAP1,chr16_30985297_30985483,36.15749562,+
SF3B4,chr19_53867943_53869689,36.10386903,+
PCBP2,chr9_87726308_87727593,36.09897837,+
HNRNPF,chr20_2461939_2462635,36.092464,+
HNRNPAB,chr2_27583142_27583657,36.03155843,-
LARP7,chr14_39319291_39326863,36.0063495,+
PABPC1,chr7_92131872_92134665,35.98929488,-
PCBP1,chr7_158749723_158759485,35.97914015,+
ASCC1,chr4_152863714_152872451,35.97461289,-
KRR1,chr10_110130486_110133325,35.96115456,+
RBM22,chr16_4450497_4454810,35.9570121,+
TARDBP,chr17_78171649_78171738,35.95507911,+
HNRNPA0,chr2_241315610_241324215,35.94120978,+
DAZAP1,chr14_96556413_96562818,35.93039761,+
MSI2,chr19_19202398_19202790,35.92331432,-
EIF3G,chr11_62854551_62855132,35.92121804,+
U2AF2,chr10_119104197_119104763,35.91530435,+
GRSF1,chr16_29993808_29993905,35.91499504,-
EIF3G,chr17_51161272_51166826,35.90193121,-
QKI,chr18_31068212_31068298,35.88348398,+
GRSF1,chr2_46588179_46592474,35.87160275,-
PUM1,chr5_66158932_66159218,35.87064247,+
HNRNPK,chr1_3891057_3891625,35.8618574,-
RBM15,chr3_13414112_13420059,35.8473343,+
PCBP1,chr17_59886230_59892696,35.84241273,+
FUS,chr1_147268878_147272170,35.82683499,+
TARDBP,chr2_68047319_68062944,35.7768897,+
SF3B4,chr12_122980812_122981128,35.76256533,-
NONO,chr7_139340619_139345500,35.73984299,-
CCAR1,chr17_82244831_82248874,35.73215903,+
TIA1,chr3_15240853_15242177,35.71961166,+
RBM39,chr3_42619708_42621428,35.71603047,+
TRA2A,chr11_85983973_85996825,35.70192366,+
PNPT1,chr11_119056167_119057152,35.69809129,+
PABPC1,chr6_107040230_107040380,35.69662262,+
MSI2,chr9_70344269_70346604,35.69538203,+
SSB,chr2_159712606_159729008,35.69214452,+
PABPC4,chr9_32987731_32989758,35.67449359,+
RBM39,chr11_85982003_85983865,35.67124165,+
EIF4B,chr12_110499546_110502048,35.66090641,+
HNRNPK,chr1_45661225_45686411,35.64034605,+
G3BP1,chr7_103086764_103097276,35.61010899,+
PABPC4,chr17_82244831_82248874,35.6078314,-
SF1,chr14_74298069_74300149,35.59610004,+
TRA2A,chr3_9433950_9434276,35.58963474,+
AKAP1,chr2_159762993_159767283,35.58882633,-
MSI2,chr5_65554946_65561496,35.56770058,-
EIF4B,chr9_96641886_96645892,35.56235762,+
SF1,chr1_46558800_46561477,35.55645137,+
G3BP1,chr3_20171232_20176600,35.54190695,+
PUF60,chr5_78421960_78459244,35.53761893,+
PCBP1,chr17_59001714_59012327,35.53752281,+
NCBP2,chr21_25729801_25734852,35.52682323,+
HNRNPC,chr10_87170974_87180074,35.52506183,+
SF3B4,chr6_63636150_63679999,35.52063361,+
AKAP1,chr2_73732285_73732583,35.48264443,-
HNRNPL,chr10_110569013_110575335,35.48027666,+
NCBP2,chr19_52849213_52890240,35.47060724,+
U2AF2,chr21_31685174_31685397,35.46625577,-
FXR1,chr1_44635588_44636029,35.45957214,+
EWSR1,chr1_28516867_28529857,35.45753024,+
SUPT6H,chr1_145975436_145977482,35.35171658,+
HNRNPK,chr1_86868102_86880661,35.33662606,-
FXR1,chr10_26751783_26765217,35.33156777,+
AKAP1,chr17_44218296_44220739,35.24458299,+
HNRNPA0,chr9_32987731_32989758,35.23258893,+
EIF2S1,chr11_31463305_31509518,35.22884832,+
HNRNPM,chr20_408779_410411,35.15135745,+
QKI,chr22_42599793_42602769,35.10811469,+
RBM15,chr1_155309076_155310042,35.09699886,-
TIA1,chr3_9433950_9434276,35.08482889,-
SF3B4,chr11_62853833_62854518,35.06963942,+
NONO,chr8_144105149_144105639,35.03072804,+
GRSF1,chr1_75724817_75732643,35.01763594,+
PABPC1,chr1_32384048_32386778,35.00016923,+
SLTM,chr18_58335537_58341037,34.98456378,+
ASCC1,chr2_55588956_55603977,34.95386984,+
U2AF2,chr8_143614453_143614786,34.93911638,+
TIA1,chr13_37022317_37024034,34.93862632,+
SLTM,chr10_48325965_48401611,34.92648911,+
QKI,chr6_30640422_30642175,34.92529798,-
HNRNPC,chr7_852667_852812,34.89459098,+
PABPC1,chr22_35257557_35262322,34.88492201,+
HNRNPA2B1,chr19_1104127_1105185,34.8763636,+
SUPT6H,chr7_117222062_117222860,34.87393878,+
RBM22,chr7_87152555_87163494,34.87251407,+
U2AF1,chr17_42567655_42568836,34.86592772,-
DKC1,chr8_53801896_53814661,34.85539268,+
KHDRBS1,chr12_862270_878211,34.8430161,+
HNRNPK,chr6_107040230_107040380,34.81944284,-
ASCC1,chr1_39463686_39468614,34.8024769,-
DKC1,chr2_177234271_177263402,34.76255269,+
LARP4,chr4_13369965_13376544,34.75877543,+
TIA1,chr1_243172846_243186258,34.7574685,+
DAZAP1,chr3_58138529_58142649,34.7282676,+
HNRNPM,chr20_38422241_38425934,34.71899343,+
DKC1,chr8_53801896_53814661,34.70998999,+
PABPC4,chr17_44212006_44212343,34.70220686,-
HNRNPC,chr3_38129388_38131925,34.69602353,+
MATR3,chr12_53504815_53505134,34.68133704,+
RAVER1,chr9_96641886_96645892,34.65159557,+
ASCC1,chr3_168040869_168041391,34.64709748,+
CCAR1,chr1_243172846_243186258,34.64640015,+
PTBP1,chr4_26321048_26386352,34.61260635,+
SF1,chr14_55051803_55061679,34.57964388,+
PTBP1,chr10_97453663_97454713,34.56353766,+
KHDRBS1,chr19_45164970_45178134,34.54599416,+
G3BP1,chr1_155910506_155911242,34.52227398,+
EIF4B,chr1_151027327_151033805,34.50362408,+
TIA1,chr8_17972687_17985446,34.47064734,+
AKAP1,chr2_241268541_241315569,34.45531173,+
U2AF1,chr22_50784424_50785172,34.45412535,+
PABPC4,chr3_44338834_44354738,34.43500942,+
TROVE2,chr1_147268878_147272170,34.43010377,+
HNRNPA1,chr12_31298224_31323943,34.40477223,+
TROVE2,chr11_46617890_46644278,34.3961122,+
DKC1,chr4_15681968_15686235,34.36930519,+
SUPT6H,chr3_197858905_197865422,34.3375422,+
HNRNPAB,chr2_27583142_27598066,34.33471075,+
FUS,chr1_95234315_95244210,34.32746072,+
PARN,chr7_97966977_97969769,34.31973003,+
PABPC4,chr15_80098578_80120327,34.31510847,+
RBM17,chr1_39563741_39564422,34.30952867,+
HNRNPA0,chr9_99221137_99221546,34.29984043,+
HNRNPAB,chr6_30557450_30561833,34.2669155,+
RBM25,chr17_82250179_82251378,34.25327961,+
PABPC4,chr3_9804013_9806209,34.25121069,+
G3BP2,chr2_101859864_101864929,34.2438987,+
HNRNPA2B1,chr3_37282272_37289234,34.2149543,-
ZC3H8,chr12_32737161_32740063,34.20745178,-
RBM39,chr3_9677387_9683177,34.19038777,-
SF3B4,chr3_44338834_44354738,34.18589749,+
CPSF7,chr22_31621885_31648100,34.17728693,+
RBM22,chr7_12687728_12688168,34.17504549,+
RBM39,chr5_163467748_163469640,34.17216806,+
RBM25,chr2_200419496_200440648,34.16895024,+
DKC1,chr2_182736386_182739544,34.15532871,+
G3BP1,chr17_64514358_64516722,34.1477862,-
SFPQ,chr22_35263874_35263981,34.13679868,+
HNRNPAB,chr17_82394543_82398195,34.11786251,+
SF3B4,chr22_29549158_29553670,34.10301567,+
RBM25,chr11_93733419_93734624,34.10018527,+
MSI2,chr16_84498111_84504600,34.0906883,-
HNRNPAB,chr3_197149796_197194424,34.0783912,-
KHDRBS1,chr9_125207721_125220538,34.04882955,+
HNRNPA0,chr22_17689142_17702242,34.02836505,+
TRA2A,chr9_133348388_133348921,34.02722314,-
CSTF2T,chr1_39463686_39468614,34.00010105,-
CCAR1,chr13_97357635_97391321,33.98670507,+
HNRNPA2B1,chr9_122286166_122291748,33.98243259,+
U2AF1,chr22_29278216_29286922,33.96164391,-
SF1,chr3_50109688_50110678,33.94372488,+
SART3,chr7_99560695_99563862,33.93692334,+
HNRNPA2B1,chr7_64993414_65006540,33.92070169,-
TROVE2,chr2_161160486_161161284,33.90758671,+
PPIL4,chr15_80098578_80120327,33.90339205,+
RBM39,chr22_29748571_29766871,33.90208682,+
NCBP2,chr11_31463305_31509518,33.8958852,+
CIRBP,chr3_49310737_49324701,33.87076247,+
DKC1,chr1_27331137_27332069,33.85253877,-
HNRNPC,chr12_49741611_49752463,33.84691052,+
PCBP1,chr22_29748571_29766871,33.82448386,+
FXR1,chr3_139385200_139389547,33.8177779,+
RBM22,chr11_504996_506608,33.78280353,+
HNRNPK,chr10_80172869_80205342,33.77239055,-
GRSF1,chr5_178211970_178214795,33.76453551,+
PABPC4,chr8_17972687_17985446,33.75234674,+
U2AF1,chr2_135605016_135616667,33.7265364,+
EIF4B,chr12_32737161_32740063,33.70713493,+
HNRNPA1,chr3_20171232_20176600,33.70690587,-
RBM39,chr7_158752843_158759485,33.70579845,+
HNRNPM,chr8_144312244_144312627,33.68990725,+
KHDRBS1,chr1_16367308_16391374,33.67223002,-
SFPQ,chr1_182855713_182856531,33.6696298,+
SF3B4,chr2_55588956_55603977,33.66844997,+
PUM1,chr17_82392534_82394330,33.66692279,-
U2AF2,chr1_51652041_51714002,33.62433472,+
SFPQ,chr2_241268541_241315569,33.62060682,+
PABPC4,chr11_85983973_85996825,33.61103694,+
FUS,chr17_64514358_64516722,33.59516104,+
DKC1,chr2_200419496_200440648,33.59014558,+
FXR1,chr14_55148684_55150798,33.58417256,-
HNRNPC,chr3_197069260_197076585,33.57941346,+
PTBP1,chr1_44635588_44636029,33.57728618,+
HNRNPAB,chr1_24464120_24466003,33.56835582,+
HNRNPK,chr12_862270_878211,33.56519115,+
SART3,chr6_42881082_42883450,33.55896626,+
FXR1,chr6_30557450_30558149,33.54374309,+
PUF60,chr22_19471808_19479082,33.54067135,-
HNRNPL,chr21_37072310_37072433,33.49336851,-
AKAP1,chr5_132998850_133006758,33.48299444,+
U2AF1,chr19_46839578_46845992,33.44165237,+
TRA2A,chr3_183833589_183840569,33.43291659,+
SART3,chr1_154266568_154268759,33.43053663,+
PUM2,chr22_31621885_31648100,33.43017937,+
AKAP1,chr10_73817554_73819531,33.41123746,+
EIF2S1,chr7_87900878_87907187,33.37279577,+
HNRNPK,chr2_159712606_159729008,33.33423634,-
AKAP1,chr5_138166727_138167933,33.33413129,+
SF3B4,chr5_36177292_36183839,33.32081087,-
G3BP1,chr11_833026_836062,33.28846224,+
SART3,chr11_62853833_62854518,33.27668619,+
PUF60,chr1_53946549_53951985,33.27068115,+
HNRNPA0,chr10_91959154_91959784,33.26176658,+
CSTF2T,chr17_82246039_82246197,33.24239818,-
UPF1,chr14_74298069_74300149,33.20193368,+
CPSF6,chr12_53467293_53468776,33.19274664,+
GRSF1,chr5_178211970_178214795,33.14726567,+
HNRNPA1,chr2_200419496_200440648,33.14634987,+
KRR1,chr7_5741815_5752845,33.13679407,+
PABPC1,chr3_139385200_139389547,33.13413837,+
NONO,chr14_74298069_74300149,33.13201043,+
EIF3G,chr2_227342819_227347225,33.12723835,-
DAZAP1,chr6_63636150_63679999,33.12353397,+
PUF60,chr15_50484361_50489800,33.12158748,+
LARP7,chr18_35290391_35305975,33.11385769,+
TIA1,chr4_184638468_184649394,33.10637311,-
UPF1,chr15_89244033_89247628,33.0875409,+
FMR1,chr1_75791571_75792196,33.07607552,-
HNRNPK,chr6_149598350_149603267,33.07354929,+
PABPC4,chr1_212807848_212812250,33.06417343,+
PUM1,chr17_75130867_75130964,33.01878189,+
RBM15,chr17_44212006_44212343,33.0064343,+
FUS,chr14_45109780_45109893,32.98952394,+
FUBP3,chr12_6672532_6673215,32.90262323,+
SART3,chr19_49680238_49680486,32.8960545,-
PUM2,chr1_155136376_155137978,32.88161678,-
U2AF2,chr14_23069617_23071426,32.8810696,-
PCBP2,chr1_16367308_16393227,32.84809414,+
SART3,chr20_56388202_56392167,32.84513479,-
CPSF6,chr14_39319291_39326863,32.82674311,-
RBM22,chr3_114056864_114065236,32.80756843,+
NCBP2,chr5_31530924_31531989,32.78875112,+
IGF2BP2,chr1_45661225_45686411,32.76561172,+
RAVER1,chr12_862270_878211,32.7500089,-
HNRNPA0,chr3_97950012_97950785,32.74361942,+
HNRNPL,chr8_140511646_140515125,32.72377194,+
HNRNPC,chr3_197149796_197194424,32.71728218,+
LARP7,chr2_30147062_30156627,32.6968527,+
HNRNPK,chr19_52849213_52890240,32.69545367,+
SAFB2,chr18_13726729_13731475,32.67679488,-
PNPT1,chr3_58138529_58142649,32.67157578,+
SF3B4,chr2_27583142_27598066,32.66394559,+
HNRNPA1,chr10_26751783_26765217,32.63292219,+
EIF2S1,chr3_195683865_195685817,32.62514998,+
FXR1,chr3_172816837_172818547,32.6219676,-
SF3B4,chr17_27309272_27311508,32.59153033,-
RBM39,chr1_165768269_165768481,32.58969365,-
PCBP1,chr11_833026_836062,32.58033071,+
PNPT1,chr20_31722330_31722617,32.56954375,+
NCBP2,chr3_42619708_42621428,32.52754845,+
NONO,chr11_47476959_47477296,32.51756565,+
KRR1,chr14_23081836_23090521,32.50896142,+
CCAR1,chr17_41893174_41897748,32.48006202,+
LARP4,chr20_49174269_49179121,32.45966143,-
HNRNPA1,chr4_139072039_139073453,32.45909578,+
U2AF2,chr3_101574279_101579841,32.44227705,+
CPSF7,chr2_176270419_176296859,32.41848061,-
EIF2S1,chr21_39178647_39180284,32.41648119,+
SLBP,chr14_45096758_45096886,32.38591891,+
RBM15,chr7_116210734_116249019,32.38215291,-
DAZAP1,chr4_73135265_73141740,32.37656328,+
PCBP1,chr6_125915480_125920942,32.37341118,+
PNPT1,chr3_9804013_9810620,32.37099152,-
LARP4,chr3_64022523_64022642,32.35281857,-
RBM39,chr20_35739547_35740524,32.34487038,-
TARDBP,chr3_9804013_9806209,32.33442521,+
NCBP2,chr17_82250179_82251378,32.33393263,+
SF1,chr1_45661225_45686411,32.29929257,+
NONO,chr1_45661225_45686411,32.28533612,+
LARP4,chr5_150392176_150392707,32.25941458,+
RBM25,chr4_68320205_68321371,32.23752901,+
FXR1,chr3_9436888_9440455,32.23535273,+
PUF60,chr7_87900878_87907187,32.20627612,-
CSTF2T,chr12_104287346_104288930,32.19052816,+
PPIL4,chr16_80980879_80997313,32.18225983,-
ZC3H8,chr20_37289686_37301207,32.17557413,-
GRSF1,chr17_27306882_27307743,32.17524128,-
CIRBP,chr3_50103166_50105076,32.13041939,+
PTBP1,chr21_39178647_39180284,32.12488749,-
TROVE2,chr7_158752843_158759485,32.11782736,+
SF3B4,chr10_121974081_121974389,32.08699035,+
SF3B4,chr3_197142768_197194424,32.07994291,-
U2AF2,chr14_60092419_60114699,32.07536951,-
EIF2S1,chr7_103086764_103097276,32.06995523,+
FUS,chr3_66221127_66243202,32.06572078,+
SFPQ,chr2_27583142_27583657,32.05707604,+
EIF3G,chr4_139678642_139703454,32.04409267,-
SUPT6H,chr12_110499546_110502048,32.03456482,+
SF3B4,chr5_57236032_57237112,32.03352869,-
HNRNPK,chr16_2772102_2776992,32.00116223,-
KRR1,chr2_173217250_173229688,31.9880642,+
FXR1,chr1_51652041_51714002,31.97949974,+
CCAR1,chr5_139293805_139314674,31.97512025,+
RBM22,chr17_16217461_16217547,31.96491185,+
SUPT6H,chr4_184638468_184649394,31.95749118,+
SAFB2,chr5_150392176_150392707,31.92167777,+
CIRBP,chr19_40348768_40366418,31.89637253,-
TIA1,chr17_3723383_3723687,31.88334845,-
NONO,chr3_51970184_51973964,31.85588205,+
PPIL4,chr7_135363186_135393917,31.84190916,+
RBM15,chr21_17604273_17604859,31.83949345,-
HNRNPF,chr9_19200582_19378367,31.83922536,-
EIF2S1,chr9_36573007_36580072,31.83204733,-
HNRNPAB,chr6_311962_345853,31.80485088,+
MSI2,chr1_46558800_46561477,31.80345737,+
DKC1,chr5_139314736_139316075,31.80318167,+
HNRNPK,chr5_71604468_71632120,31.79475625,-
MSI2,chr2_97219246_97224808,31.78871552,-
HNRNPAB,chr8_42338685_42339011,31.78619617,+
SF1,chr3_149059804_149060642,31.78153532,+
U2AF2,chr5_154865385_154871729,31.77817155,+
PABPC1,chr7_102170550_102178474,31.71664959,+
RBM17,chr2_71331875_71348752,31.68816514,+
MSI2,chr1_46558800_46561477,31.68685086,+
SAFB2,chr15_29719138_29719776,31.67822832,-
EIF2S1,chr22_32475398_32478980,31.6697558,+
PUM2,chr3_28263380_28294433,31.65334057,+
SF3B4,chr8_17972687_17985446,31.64788281,+
HNRNPF,chr4_26321048_26386352,31.64485317,+
U2AF2,chr19_40348768_40366418,31.64233385,+
U2AF2,chr4_673966_674211,31.64001766,+
SUPT6H,chr5_154858816_154863206,31.6396821,+
U2AF1,chr4_102826636_102827591,31.6072899,+
FMR1,chr1_53946549_53951985,31.59413584,+
RBM25,chr3_15240853_15242177,31.58397385,-
PCBP2,chr1_151365846_151366721,31.57914536,+
CCAR1,chr3_152445539_152447619,31.53964923,-
G3BP1,chr15_50484361_50489800,31.5277287,+
SFPQ,chr3_149895570_149902071,31.52177754,+
EWSR1,chr19_45164970_45178134,31.51686599,-
KRR1,chr1_234373840_234374229,31.51380044,+
CIRBP,chr6_63636150_63679999,31.49275327,+
HNRNPK,chr19_52849213_52890240,31.4834871,+
TIAL1,chr5_178211970_178214795,31.48336716,-
FXR1,chr20_56390665_56392167,31.47849306,+
DAZAP1,chr3_50349828_50349930,31.46416391,+
TIAL1,chr21_43095743_43101365,31.43760269,+
U2AF2,chr9_92319356_92319942,31.43495592,-
U2AF1,chr1_20749975_20757165,31.43448358,+
HNRNPA1,chr2_127850685_127858027,31.41525571,+
TARDBP,chr2_46581591_46588074,31.38655127,+
UPF1,chr1_151199081_151224244,31.38455374,+
SLBP,chr9_32987731_32989758,31.37733965,-
EIF3G,chr17_47142022_47142228,31.37031048,+
G3BP1,chr1_151316509_151327270,31.34075156,+
PUF60,chr15_29719138_29719776,31.31024894,-
HNRNPA2B1,chr3_42619708_42620015,31.3091384,+
U2AF1,chr10_28533007_28533997,31.30845019,+
PABPC4,chr22_32475398_32478980,31.30231711,+
QKI,chr5_43307824_43313355,31.29328388,-
PPIL4,chr2_71124543_71130179,31.29214558,+
PCBP1,chr3_183752253_183754125,31.27958598,+
G3BP1,chr1_151316509_151327270,31.27141413,+
TAF15,chr17_3720402_3723287,31.26129924,+
NCBP2,chr17_5488589_5488822,31.25731063,+
PABPC1,chr1_53946549_53951985,31.24999221,+
DAZAP1,chr3_58138529_58142649,31.24954667,+
G3BP1,chr13_49110406_49114654,31.22999994,-
PNPT1,chr2_200419496_200440648,31.20387096,+
NCBP2,chr18_13726729_13731475,31.19664341,+
SF3B4,chr2_55302072_55308808,31.185082,+
RBM39,chr10_133311816_133312787,31.17461408,+
MATR3,chr19_49927848_49929325,31.16392228,+
PUF60,chr3_9464672_9468518,31.15919332,-
HNRNPA0,chr2_241268541_241315569,31.14334852,+
RBM17,chr17_50737479_50740305,31.1418328,+
RBM22,chr14_93185485_93186259,31.14054115,+
MATR3,chr7_23106146_23117833,31.1019988,+
PARN,chr22_20568631_20582610,31.09803512,+
ZRANB2,chr13_37009809_37010551,31.04997245,+
RBM25,chr6_90536401_90547257,31.04331219,+
FXR1,chr11_62705617_62706258,31.04059582,+
LARP7,chr22_19178240_19178579,31.0225828,+
CPSF6,chr6_2959342_2971247,31.02148395,+
G3BP2,chr12_62325933_62335165,31.01856945,+
HNRNPA2B1,chr21_33530884_33532344,31.01515508,-
HNRNPA2B1,chr12_95252071_95256549,31.01250026,+
PUM1,chr6_30296237_30326353,31.01193757,+
RBM17,chr13_37023044_37024034,31.00510238,+
EIF3G,chr14_39319291_39326863,31.00030182,+
TARDBP,chr15_22839790_22851638,30.99093727,+
TIAL1,chr17_50737479_50740305,30.98396314,+
RBM34,chr21_31685174_31685397,30.97674415,+
SF3B4,chr11_93730447_93731149,30.96871345,+
RBM39,chr11_65536750_65536985,30.94838916,-
EIF3G,chr6_52264786_52265234,30.93988571,-
U2AF2,chr5_179616218_179617020,30.9367577,-
PNPT1,chr4_73135265_73141740,30.93650127,+
ZRANB2,chr20_13808902_13814417,30.93423991,+
SF1,chr6_13321095_13326786,30.9139601,-
DKC1,chr6_78990982_78997413,30.90945249,-
DAZAP1,chr19_19033930_19042710,30.90311983,+
PUM1,chr22_46337944_46346421,30.9029633,+
RBM39,chr17_59112345_59155130,30.89920915,-
SART3,chr1_182854178_182855576,30.88925642,+
SF1,chr1_39480009_39484600,30.81976051,+
GRSF1,chr20_408779_410411,30.81878108,+
HNRNPK,chr17_75130867_75130964,30.8027952,-
HNRNPM,chr11_85990399_85996825,30.78098213,+
PARN,chr7_99560695_99563862,30.75450896,+
FMR1,chr2_177234271_177263402,30.74444113,+
TRA2A,chr20_408779_410411,30.736752,-
AKAP1,chr2_61017851_61018188,30.73180101,-
PABPC4,chr4_26321048_26386352,30.7211598,+
TRA2A,chr2_178469785_178478278,30.71242721,+
U2AF1,chr5_57176400_57230845,30.70579122,-
PABPC4,chr17_16217461_16217547,30.69716002,+
U2AF1,chr17_36486785_36492812,30.6897189,-
SF1,chr3_20171232_20176600,30.68961784,+
KHDRBS1,chr5_132937193_132937648,30.68773607,+
PCBP2,chr2_71331865_71348752,30.68315471,+
AKAP1,chr16_3023361_3023846,30.68145618,-
CSTF2T,chr1_161160506_161160619,30.67654335,+
SF3B4,chr18_13726729_13730626,30.66665842,+
HNRNPC,chr1_23798730_23799365,30.65913515,+
LARP4,chr1_182854178_182855576,30.61325122,+
PPIL4,chr20_49174269_49179121,30.57510851,+
HNRNPK,chr12_50441643_50454313,30.57487992,+
TIAL1,chr11_504996_506608,30.56509136,+
SART3,chr14_94081449_94096855,30.54746605,-
TIA1,chr2_159762993_159767283,30.54007549,+
RBM39,chr19_40348768_40366418,30.53579484,+
GRSF1,chr7_5190493_5193117,30.53390208,+
EIF3G,chr4_145096111_145098130,30.51975232,+
RBM17,chr1_154268954_154270199,30.49249155,+
UPF1,chr5_31530924_31531989,30.49023626,-
LARP4,chr20_56388784_56390555,30.48017381,+
CPSF6,chr14_49628155_49633286,30.47903227,+
NONO,chr8_144827609_144837390,30.47614693,-
PCBP2,chr16_21158746_21161084,30.47366427,+
HNRNPA1,chr1_155136376_155137978,30.47306257,-
KRR1,chr3_58138529_58142649,30.46163185,+
EIF3G,chr17_82244831_82248874,30.44938625,+
KHDRBS1,chr4_55418164_55424537,30.42845502,-
PUF60,chr1_53946549_53947787,30.41535357,-
HNRNPA1,chr20_34073635_34075873,30.38616807,+
TIA1,chr7_87900878_87907187,30.38609484,+
PNPT1,chr1_1402256_1405808,30.38244363,+
MATR3,chr4_73135265_73141740,30.37075378,+
RBM39,chr6_30741333_30742146,30.36439843,+
HNRNPL,chr14_59479351_59483808,30.36134899,+
PUM1,chr10_80454371_80468546,30.34200528,+
PCBP1,chr14_23561635_23562287,30.33116156,+
HNRNPK,chr10_73819645_73821681,30.31293762,+
RBM39,chr1_45661225_45686411,30.30478592,+
HNRNPA0,chr5_132937193_132937648,30.2995175,-
KHDRBS1,chr6_90536401_90547257,30.25524572,+
HNRNPA2B1,chr5_139314736_139316075,30.24769258,+
HNRNPA2B1,chr5_180793097_180808647,30.24340493,-
SUPT6H,chr2_68053137_68062957,30.23993957,+
CIRBP,chr6_63636150_63679999,30.23579298,+
QKI,chr22_40400813_40402138,30.22731593,+
SSB,chr1_114397860_114399456,30.21817268,+
FXR1,chr4_183445634_183446087,30.18941173,+
PPIL4,chr19_16652961_16654034,30.17821244,+
NCBP2,chr8_66667701_66677641,30.15558357,+
RBM39,chr5_75354697_75355364,30.15274892,+
FUBP3,chr1_46686870_46689586,30.15216896,+
MSI2,chr12_123974020_123988045,30.14199642,-
SART3,chr7_102541662_102566996,30.12532727,+
SUPT6H,chr3_42619708_42621428,30.10847416,+
SF1,chr1_35178036_35187000,30.10616405,+
HNRNPC,chr4_184638468_184649394,30.08959062,+
PTBP1,chr2_227340380_227352513,30.07923763,+
U2AF1,chr3_197854445_197865422,30.07174312,+
LARP4,chr14_39321056_39326863,30.06726395,+
NCBP2,chr11_504996_506608,30.05312342,-
HNRNPA2B1,chr12_46367340_46370511,30.04593076,+
NCBP2,chr14_45109780_45109893,30.04326063,+
SFPQ,chr22_31621885_31648100,30.04251765,+
LARP4,chr12_113159109_113161269,30.03778705,+
KHSRP,chr4_105700014_105708637,30.0343505,+
SF3B4,chr18_35290391_35305975,30.02882845,+
RBM17,chr4_82359639_82373445,30.0193331,+
PPIL4,chr2_30147062_30156627,30.01024134,+
SF3B4,chr14_55051803_55061679,30.00585708,+
HNRNPF,chr7_75441647_75474703,29.99058402,+
PPIL4,chr17_82394543_82398195,29.98941645,+
HNRNPM,chr3_49310737_49324701,29.98282625,+
SF3B4,chr3_49310737_49324701,29.97651253,+
CIRBP,chr17_36486785_36492812,29.97461932,-
U2AF1,chr6_112081207_112086555,29.96680257,-
RBM25,chr6_26124749_26127697,29.96398573,-
KHDRBS1,chr2_71124543_71130179,29.962418,+
PCBP1,chr2_27087351_27096728,29.955106,+
GRSF1,chr17_75286802_75289353,29.9548795,+
U2AF2,chr14_30622399_30630476,29.95484366,+
SF3B4,chr14_91473370_91475849,29.94433502,+
EWSR1,chr14_67269783_67279249,29.9421456,+
RBM25,chr2_200419496_200440648,29.93129381,+
SART3,chr11_62853833_62854518,29.92481346,+
ZC3H8,chr2_37088440_37091915,29.88829631,+
EWSR1,chr7_103327378_103327655,29.88639082,-
SF1,chr21_39178647_39180284,29.88326328,+
SSB,chr1_95234315_95246541,29.87476269,+
PUM2,chr1_95234315_95244210,29.87472957,+
U2AF2,chr1_173864506_173864674,29.87353229,-
PUM1,chr6_30296237_30326353,29.8501191,+
RBM15,chr1_155309076_155310042,29.8499595,+
SF3B4,chr7_74246763_74249738,29.84142716,-
PCBP2,chr3_50103166_50105076,29.82309955,+
RBM39,chr16_3023361_3023846,29.81280617,+
U2AF2,chr14_21263336_21269297,29.78848961,+
PPIL4,chr6_150885734_150887844,29.78526338,+
LARP7,chr15_92883778_92885514,29.73110153,+
TARDBP,chr1_35178036_35187000,29.73041709,+
PUM1,chr3_197069260_197075836,29.71157232,+
DAZAP1,chr2_101859864_101860824,29.70565409,+
RBM22,chr14_23941158_23953773,29.69615704,+
PCBP2,chr8_94432656_94458267,29.69605748,+
KRR1,chr4_673401_673911,29.68622679,+
SF1,chr16_69749630_69754593,29.68462078,-
KHSRP,chr2_182736386_182739544,29.6833887,+
NCBP2,chr2_200419496_200440648,29.68267738,+
GRSF1,chr10_110130486_110133325,29.6811827,+
TIAL1,chr10_119160969_119162339,29.68015063,+
CIRBP,chr16_89873859_89878460,29.6563746,-
SFPQ,chr18_50375239_50375819,29.64340518,+
EIF2S1,chr6_150887981_150905649,29.64176727,+
G3BP2,chr1_23030634_23050386,29.63528495,+
AKAP1,chr4_152863714_152872451,29.62456586,-
FUBP3,chr3_168040869_168041391,29.59507447,+
RBM15,chr17_78204900_78205945,29.5690386,+
SF3B4,chr3_49310737_49324701,29.56845136,+
LARP7,chr3_37355187_37366079,29.56805784,-
HNRNPL,chr1_243172846_243186258,29.55993765,+
NCBP2,chr3_42619708_42621428,29.55722197,+
CPSF6,chr14_39319291_39326863,29.54984377,-
PNPT1,chr14_39319291_39326863,29.54499352,+
HNRNPK,chr3_15242253_15246731,29.5443687,-
DGKH,chr11_35190065_35214851,29.542356,+
U2AF2,chr1_51652041_51714002,29.53919897,+
SUPT6H,chr1_95234315_95244210,29.53416112,+
LARP4,chr6_36540207_36547189,29.5283587,-
G3BP2,chr7_22947247_22960255,29.5270752,+
LARP4,chr19_49680253_49680486,29.49612181,-
NONO,chr17_82244831_82248874,29.49271617,+
TARDBP,chr5_36177292_36183839,29.45625199,+
PABPC1,chr12_62325933_62335165,29.44662662,-
GRSF1,chr9_92323351_92323440,29.44062349,+
SF3B4,chr5_132998850_133006758,29.43057995,+
HNRNPA0,chr14_30622399_30630476,29.41476818,-
PUF60,chr17_18333288_18340042,29.39518978,+
CPSF7,chr20_25218614_25222837,29.39038844,+
G3BP1,chr7_87152555_87163494,29.36968072,+
SART3,chr2_37088440_37091915,29.36076841,+
NCBP2,chr6_26127761_26138053,29.35811792,+
PUM2,chr12_51049185_51056349,29.31985919,+
RBM39,chr13_37024442_37026203,29.30583746,-
PCBP2,chr20_25224157_25225161,29.30273947,+
LARP4,chr12_109561329_109561419,29.29989636,-
HNRNPAB,chr19_40348768_40366418,29.26468344,+
SART3,chr1_160224549_160225590,29.26304872,+
HNRNPK,chr10_99747390_99754528,29.25560826,+
RBM22,chr2_200419496_200440648,29.25195281,+
CPSF6,chr19_48838129_48841148,29.24280873,+
LARP4,chr9_128461010_128469182,29.24256999,+
HNRNPAB,chr12_122511188_122513766,29.2073599,-
SSB,chr10_119842595_119843247,29.20069231,+
EIF3G,chr14_39319291_39320927,29.19906381,+
RBM25,chr6_63636150_63646526,29.19029993,+
HNRNPA0,chr17_3723383_3723687,29.18690782,+
DAZAP1,chr1_154220975_154225083,29.18443389,+
MATR3,chr20_37289686_37301207,29.1802764,+
DKC1,chr5_141973742_141978302,29.17855953,+
LARP4,chr19_58246427_58246745,29.14441279,+
SSB,chr3_197069260_197076585,29.1336712,-
PABPC4,chr10_7802854_7806973,29.12192385,+
KHDRBS1,chr14_23081836_23090521,29.11521153,+
U2AF1,chr4_82861708_82863317,29.11242871,+
EIF4B,chr14_101917947_101925140,29.10878043,+
LARP4,chr1_151316509_151327270,29.10385294,+
RBM39,chr6_4996420_4999808,29.09986515,-
RBM17,chr1_32634110_32634767,29.08641786,-
TIA1,chr3_184243630_184244600,29.08449637,-
RBM17,chr11_31433570_31456259,29.08063598,+
DKC1,chr19_49927848_49929325,29.0722692,+
EIF3G,chr3_15242253_15246731,29.07074789,-
ZRANB2,chr3_101574279_101579841,29.06471863,+
SART3,chr20_56388202_56390555,29.0560159,+
CPSF7,chr19_40348768_40366418,28.99566324,+
SF3B4,chr8_53801896_53814661,28.98513278,-
HNRNPK,chr3_50103166_50105076,28.97866996,+
HNRNPM,chr10_26751783_26765217,28.97226932,+
PABPC1,chr4_26321048_26386352,28.96323498,-
TIAL1,chr11_85983973_85996825,28.95670007,+
DKC1,chr9_136850560_136850754,28.93920708,-
PUM1,chr19_3452666_3456549,28.93059717,+
ZRANB2,chr11_61430182_61445940,28.92821189,+
U2AF2,chr7_100338889_100340944,28.91985301,+
KRR1,chr3_15242253_15246731,28.91957754,+
EIF4B,chr6_52265385_52266074,28.90857682,+
AKAP1,chr15_50482065_50484274,28.88515782,+
FMR1,chr16_4450497_4454810,28.88078284,+
LARP4,chr2_27583142_27598066,28.8784577,+
PCBP1,chr17_74773688_74775621,28.87307849,+
ZRANB2,chr18_226901_244301,28.86321425,+
PPIL4,chr6_31970378_31970605,28.83706132,+
TRA2A,chr5_1798947_1799770,28.81471553,-
PCBP1,chr17_78202751_78206910,28.80288455,+
SF1,chr3_172816837_172818547,28.79173731,-
HNRNPK,chr22_42599793_42602769,28.76119019,+
U2AF2,chr20_2656214_2656773,28.75137365,-
AKAP1,chr21_37232451_37238459,28.73566229,+
UPF1,chr1_154268954_154270199,28.72175868,-
ASCC1,chr14_21022905_21023240,28.68976722,+
HNRNPL,chr1_39463686_39468614,28.67488063,+
PNPT1,chr13_110624279_110627438,28.65387144,+
HNRNPK,chr5_136132962_136153591,28.6474938,+
TROVE2,chr1_147268878_147272170,28.64498595,+
HNRNPK,chr10_103392466_103396408,28.64125546,-
ZC3H8,chr3_9813345_9817644,28.62697529,+
MATR3,chr9_136850560_136850754,28.6162557,-
RBM39,chr5_86618130_86619352,28.61015335,+
PUF60,chr4_76124756_76148307,28.57775651,-
PUM2,chr18_58335537_58341037,28.5466092,+
PABPC1,chr15_40812902_40813337,28.54463166,+
PNPT1,chr11_833026_836062,28.53989745,+
IGF2BP2,chr11_68460827_68519500,28.53624493,+
LARP7,chr6_143061066_143061213,28.53394242,+
NONO,chr1_147268878_147272170,28.52730869,+
HNRNPA1,chr13_37009809_37010551,28.52162063,+
TRA2A,chr11_85990399_85996825,28.51294447,+
G3BP1,chr9_36589652_36597221,28.51280354,-
AKAP1,chr2_200419496_200440648,28.50563151,-
EIF4B,chr10_28533007_28533997,28.47773564,-
SUPT6H,chr3_50103166_50105076,28.47377591,+
PUF60,chr20_56513428_56517105,28.46858143,+
G3BP1,chr6_105323111_105323664,28.46243184,+
PABPC4,chr1_28574718_28577499,28.46095454,-
LARP4,chr2_27583142_27598066,28.44745528,+
TROVE2,chr16_3023361_3023846,28.42025806,-
CPSF6,chr16_80980879_80997313,28.41633655,+
EIF2S1,chr1_45661225_45686411,28.40925413,+
FMR1,chr6_31970378_31970605,28.40588032,-
GRSF1,chr10_48308288_48401611,28.40201454,+
U2AF2,chr7_103086764_103097276,28.38936811,+
RBM17,chr6_52265385_52266074,28.38490407,+
G3BP1,chr3_15242253_15246731,28.37968088,+
FXR1,chr3_183833589_183840569,28.36535601,+
SFPQ,chr12_862270_878211,28.36234485,+
EIF4B,chr10_99747390_99754528,28.35291166,+
GRSF1,chr1_151316509_151327270,28.33946054,+
PUM1,chr4_73135265_73141740,28.32091807,+
PABPC1,chr8_127890998_127989161,28.31388468,+
PTBP1,chr17_41893174_41897748,28.31023785,+
HNRNPA2B1,chr8_22539498_22540614,28.29875467,-
CPSF6,chr4_15682021_15686235,28.29325491,+
HNRNPC,chr2_227325427_227332418,28.28958696,+
FMR1,chr1_24464120_24466003,28.27738517,+
TIA1,chr1_39563741_39564422,28.26072304,+
NCBP2,chr21_46635763_46636438,28.26043037,-
CIRBP,chr10_119104197_119107947,28.26022323,+
AKAP1,chr15_76292700_76311349,28.25767658,-
EWSR1,chr21_39178647_39180284,28.24541859,-
TRA2A,chr5_57236032_57237112,28.23957144,+
SF3B4,chr18_35290391_35305975,28.23817144,+
ZC3H8,chr5_139476454_139478269,28.22393144,+
AKAP1,chr12_51049185_51056349,28.21413639,+
SF1,chr7_852667_852812,28.20421539,+
SSB,chr4_82898062_82899712,28.20105934,-
LARP4,chr17_59891041_59892696,28.18891677,+
SLBP,chr14_35116737_35121901,28.18696106,+
FMR1,chr8_101201743_101205434,28.16949246,+
HNRNPL,chr2_27087351_27096728,28.16236318,+
HNRNPL,chr5_43307824_43313355,28.1477332,-
PABPC1,chr1_243286397_243304712,28.13966162,+
HNRNPL,chr14_49626048_49633286,28.10581714,+
U2AF2,chr13_97357635_97391321,28.09989626,+
PUM2,chr21_33530884_33532344,28.09114456,-
ASCC1,chr3_168036994_168040785,28.08731252,+
CSTF2T,chr16_4450497_4454810,28.0759344,+
RBM25,chr5_65625106_65629467,28.06917747,+
DKC1,chr7_44647534_44666735,28.04638271,+
KRR1,chr7_99560695_99563862,28.04515404,-
MSI2,chr1_46594280_46604226,28.03825598,+
DAZAP1,chr12_106957149_106967110,28.03728767,+
HNRNPF,chr3_140967036_140970926,28.00732969,+
EWSR1,chr2_68053137_68062944,27.99549108,+
MSI2,chr17_74773688_74775621,27.9682168,+
RBM17,chr3_58138529_58142649,27.95527962,+
QKI,chr12_6652770_6652935,27.9548902,+
RBM25,chr11_72111281_72111411,27.95155932,+
CIRBP,chr9_122286166_122291748,27.9370843,+
SART3,chr9_87726398_87727593,27.9299593,+
CCAR1,chr4_103057971_103066326,27.90187516,-
PPIL4,chr2_27583142_27583657,27.88594301,+
LARP4,chr2_3558998_3559447,27.85098224,+
PCBP2,chr11_833026_836062,27.84103726,+
LARP4,chr1_28017239_28027788,27.82672631,+
TIAL1,chr19_49680238_49680486,27.81981602,+
HNRNPK,chr8_42338685_42339011,27.81534119,-
HNRNPM,chr4_182915575_182917287,27.81234529,+
PABPC1,chr8_127890998_127989161,27.80920619,+
RBM39,chr10_7780307_7787819,27.79016283,+
U2AF1,chr1_25343073_25351625,27.79003507,+
TAF15,chr1_16367308_16391374,27.7819262,+
EIF4B,chr2_71331865_71348752,27.7804434,+
NONO,chr10_35188388_35206894,27.7446808,-
TARDBP,chr10_87170974_87180074,27.74395721,+
U2AF2,chr6_159748369_159753459,27.73590476,-
PUF60,chr17_76726879_76732977,27.73392416,+
SFPQ,chr17_82244831_82248874,27.73012997,+
RBM39,chr10_45972730_45982522,27.72611242,-
HNRNPK,chr11_57737668_57737835,27.72128064,-
PCBP2,chr13_27251656_27253764,27.71825012,-
HNRNPA0,chr3_42621516_42627199,27.66961351,+
FUS,chr1_32634110_32634767,27.66658927,-
DKC1,chr3_98521703_98522848,27.66378882,+
PPIL4,chr17_18333288_18340042,27.66332691,+
U2AF1,chr17_44212006_44212343,27.66300904,+
TRA2A,chr6_53294491_53295641,27.6409137,-
SF3B4,chr4_73113311_73113791,27.64060803,+
GRSF1,chr13_110624279_110627438,27.60780842,+
SAFB2,chr2_58046821_58048826,27.6056715,+
NONO,chr1_41028726_41037361,27.59917585,+
LARP7,chr1_39463686_39468614,27.59537329,+
EIF4B,chr6_26124749_26127697,27.59121094,+
NONO,chr7_75441647_75474703,27.58908759,+
LARP7,chr14_55148684_55150798,27.58509207,-
LARP7,chr2_55302072_55303068,27.58273251,+
PPIL4,chr16_84498111_84504600,27.50095639,-
EIF4B,chr1_37496604_37501803,27.49852058,+
SART3,chr12_108564155_108564278,27.45771587,+
RBM39,chr6_42884750_42886255,27.42866485,+
SSB,chr12_32737161_32740063,27.42619347,+
U2AF1,chr7_73687095_73690915,27.42312994,+
SUPT6H,chr15_29720016_29720357,27.41660001,+
PABPC4,chr8_103403324_103407633,27.40362077,-
PNPT1,chr1_23798730_23799365,27.39673574,+
RBM25,chr5_71604468_71632120,27.38649282,+
HNRNPA2B1,chr1_45661225_45686411,27.38487797,+
NCBP2,chr5_171910797_172006457,27.35786887,+
ASCC1,chr2_130341944_130342133,27.33958896,+
PCBP2,chr22_29549158_29550727,27.33478811,+
HNRNPK,chr10_110569013_110575335,27.32426857,-
SF3B4,chr22_42599793_42602769,27.31115417,-
PUF60,chr13_27648453_27650041,27.30340571,+
TIA1,chr10_73817554_73819531,27.28280938,+
KHDRBS1,chr3_9944095_9944364,27.27738347,-
EIF4B,chr13_37009809_37010551,27.2737429,+
KRR1,chr3_28263380_28294433,27.26882702,-
SFPQ,chr3_13343303_13351878,27.25329842,+
IGF2BP2,chr14_23069617_23071426,27.2351548,+
CIRBP,chr3_37251484_37281957,27.23076371,+
PUF60,chr2_113454778_113457064,27.22303387,+
G3BP1,chr3_15242253_15246731,27.21223292,+
PCBP2,chr1_150441023_150441880,27.19458665,+
SF1,chr2_101860986_101864929,27.16286994,+
HNRNPA0,chr1_244862730_244863616,27.15191077,-
HNRNPK,chr10_35188388_35206894,27.13326192,+
HNRNPK,chr20_528049_543671,27.13176533,+
TRA2A,chr22_32475124_32479132,27.11073908,-
HNRNPA0,chr3_37355187_37366079,27.10061745,+
SLBP,chr1_241867055_241872034,27.08487025,-
EIF3G,chr17_51161272_51166826,27.07872729,-
CCAR1,chr1_75791571_75792196,27.07199561,+
SF3B4,chr11_93754037_93757315,27.04120397,+
G3BP1,chr3_183833589_183840569,27.04057135,+
ZC3H8,chr10_119104197_119104763,27.03493672,+
FXR1,chr7_87900878_87907187,27.03255404,-
PTBP1,chr12_878361_879572,27.02967682,-
SFPQ,chr8_17972687_17985446,27.02101863,+
HNRNPL,chr14_55051803_55061679,27.00792309,+
RBM22,chr3_37355187_37366079,27.00521986,-
SSB,chr3_50103166_50105076,26.97449404,-
SFPQ,chr5_88269027_88270525,26.97137444,+
PCBP1,chr19_49101471_49102113,26.97020087,+
NCBP2,chr2_3558998_3561316,26.96503424,+
LARP7,chr1_161159678_161160365,26.95750682,+
CPSF6,chr3_37282272_37289234,26.95549747,+
SF3B4,chr7_110663721_110963499,26.95033012,+
HNRNPA0,chr3_9434485_9434589,26.92910529,+
CPSF6,chr1_110952815_110963620,26.9279109,-
PTBP1,chr9_83665145_83669184,26.92367428,+
TIA1,chr17_75574260_75574452,26.91725656,+
GRSF1,chr14_39319291_39326863,26.90819109,-
RBM22,chr4_82861708_82863317,26.89849427,+
GRSF1,chr5_31530924_31531449,26.89810056,+
HNRNPK,chr15_29719138_29719776,26.88437193,+
LARP4,chr2_200419496_200439121,26.87949636,+
PNPT1,chr3_42620043_42621428,26.879434,+
IGF2BP2,chr1_150441023_150441880,26.8508465,+
RBM25,chr3_58306417_58310506,26.83168471,+
SART3,chr22_42599793_42602769,26.78800987,+
SFPQ,chr1_39480009_39484600,26.77763496,+
U2AF1,chr14_45096758_45096886,26.76649025,+
CIRBP,chr8_66667701_66676744,26.75275927,+
KHDRBS1,chr17_7627414_7627569,26.73116147,+
PABPC4,chr12_32737161_32740063,26.69269112,+
SART3,chr9_92240691_92240855,26.69006854,-
UPF1,chr8_53841725_53842870,26.68351028,-
PCBP2,chr15_50482065_50489800,26.67718302,+
NONO,chr12_862270_878211,26.67031959,+
EWSR1,chr5_138166727_138167933,26.66473378,+
AKAP1,chr19_19033930_19042710,26.64326407,+
EIF4B,chr7_158749723_158759485,26.60780342,+
DKC1,chr20_25224157_25225161,26.60118587,-
LARP7,chr5_31530924_31531989,26.59390342,+
MATR3,chr6_52264786_52265234,26.59341744,-
RBM39,chr6_8430157_8435342,26.59288839,+
NCBP2,chr4_139072039_139073453,26.58617767,+
HNRNPA2B1,chr1_6233643_6234404,26.58461644,-
TIAL1,chr3_195683865_195685817,26.58232182,+
PPIL4,chr17_18333288_18340042,26.57589633,+
PTBP1,chr15_29720016_29720357,26.57535256,-
PUM2,chr6_52264786_52265234,26.57063347,+
LARP7,chr11_68460827_68519500,26.56819209,+
CIRBP,chr15_42560870_42561269,26.55925918,+
SF3B4,chr1_145975436_145977482,26.5592289,-
EWSR1,chr1_23798730_23799365,26.55654796,+
CIRBP,chr1_53946549_53947787,26.53692338,+
SART3,chr2_135645527_135651732,26.52548843,+
UPF1,chr18_226901_244301,26.51690806,-
RBM39,chr1_53946549_53951985,26.51460044,+
U2AF2,chr3_160412849_160413472,26.49642789,+
PUF60,chr19_35745187_35745347,26.47879455,+
U2AF2,chr19_16185765_16190886,26.45427679,-
GRSF1,chr7_103326684_103327331,26.43548147,-
PCBP1,chr1_35178036_35187000,26.42898412,+
HNRNPC,chr1_31261176_31261528,26.42097569,+
PCBP1,chr19_45079279_45090106,26.41924996,+
RAVER1,chr9_133054809_133054943,26.39172342,-
U2AF1,chr18_9595153_9614225,26.37812891,+
PCBP1,chr21_46636547_46636895,26.37217693,+
DKC1,chr1_161159678_161160365,26.37115352,+
U2AF2,chr14_59498908_59503853,26.37094042,-
CSTF2,chr6_2959342_2971247,26.36940281,+
ZC3H8,chr1_243172846_243186258,26.36240589,-
HNRNPA1,chr17_18333288_18340042,26.32984534,+
HNRNPA0,chr17_41893174_41897748,26.3232122,+
U2AF1,chr11_31433570_31509518,26.31528833,+
RBM17,chr9_96641886_96645892,26.31386976,+
SART3,chr3_168036994_168041391,26.31189125,+
KHDRBS1,chr9_125207721_125220538,26.30985191,+
SFPQ,chr18_9945058_9950394,26.27667295,-
PTBP1,chr8_17991676_17993482,26.26951156,+
U2AF2,chr2_101859864_101864929,26.25907185,+
TARDBP,chr4_82359639_82373445,26.25562626,+
RBM34,chr17_75286802_75288501,26.25408073,+
RBM15,chr14_23069617_23071426,26.24525353,+
HNRNPC,chr10_103106706_103111744,26.24153623,+
TIAL1,chr13_72778380_72781288,26.2316806,+
CPSF6,chr2_159712606_159729008,26.22240279,-
PTBP1,chr14_93210708_93214928,26.21842453,+
FXR1,chr17_82244831_82248874,26.21813824,+
HNRNPK,chr11_85983973_85996825,26.21791655,+
SFPQ,chr2_200439328_200440648,26.21255803,+
EIF2S1,chr14_23081836_23090521,26.19833692,+
TRA2A,chr10_14881645_14896845,26.19636809,+
HNRNPC,chr8_17972687_17985446,26.16906162,+
PCBP1,chr11_118757287_118759921,26.16598862,+
TROVE2,chr11_83072181_83072622,26.16104858,-
KRR1,chr3_58138529_58142649,26.14667323,+
KRR1,chr7_44647534_44666735,26.13590571,+
CSTF2T,chr4_145096111_145098130,26.13395994,+
PUF60,chr1_10431401_10433841,26.1199245,+
EWSR1,chr12_51049185_51056349,26.11899218,+
FUS,chr6_52264786_52265234,26.1016861,-
KRR1,chr1_23798730_23799365,26.07431056,+
CIRBP,chr4_165327764_165337788,26.07292871,-
GRSF1,chr17_75286802_75289353,26.0696533,+
PABPC1,chr20_50942126_50945846,26.06684808,-
SLTM,chr10_72216138_72220053,26.05693629,+
TIAL1,chr11_85983973_85996825,26.04936494,+
PNPT1,chr5_43307824_43313355,26.03971568,+
PARN,chr3_9813345_9817644,26.03525582,+
SF3B4,chr7_73687095_73690915,26.02379569,+
CIRBP,chr14_74298069_74300149,26.01139353,+
DAZAP1,chr19_19033930_19042710,26.00977986,+
EWSR1,chr1_41028726_41037361,25.9984509,+
PNPT1,chr20_284081_290258,25.99728322,+
G3BP1,chr14_39319291_39320927,25.98417497,+
NCBP2,chr20_48963898_48965874,25.9370824,+
PNPT1,chr20_13808902_13814417,25.91336499,+
SF1,chr9_77210675_77212968,25.90573489,+
PABPC4,chr11_9474024_9474552,25.89235456,+
HNRNPA2B1,chr7_107169027_107179878,25.88999324,-
NONO,chr2_30147062_30156627,25.88554631,+
G3BP1,chr16_30076100_30076314,25.87794048,+
SF1,chr7_22946163_22946951,25.86950713,+
U2AF1,chr12_56133873_56134079,25.86730315,+
HNRNPAB,chr11_61416519_61419921,25.86192456,+
EIF2S1,chr17_64514358_64519320,25.82526982,+
TAF15,chr2_64585545_64591887,25.81167694,+
HNRNPM,chr12_62325933_62335165,25.81059895,+
SF1,chr2_215391814_215392930,25.80942687,-
PABPC1,chr2_37088440_37091915,25.80253377,+
SF1,chr1_160224549_160225590,25.79629719,+
TIAL1,chr17_7627414_7627569,25.79163228,-
AKAP1,chr1_110952815_110963620,25.79006496,+
G3BP1,chr6_26124749_26127697,25.78504035,-
EIF4B,chr9_32987731_32988082,25.78416014,+
KHSRP,chr13_37023044_37024034,25.78326638,-
PTBP1,chr11_62854551_62855132,25.78017109,+
GRSF1,chr6_26124749_26127697,25.77765116,-
KRR1,chr3_168040869_168041391,25.74743752,+
SF3B4,chr8_103403324_103407633,25.74502456,-
DAZAP1,chr1_1390865_1393395,25.74029194,+
HNRNPL,chr14_49626048_49633286,25.73637408,+
U2AF1,chr11_10806047_10807254,25.71956436,-
PPIL4,chr18_35290391_35305975,25.70890812,+
SLBP,chr6_63636150_63679999,25.69336812,-
SSB,chr4_169713295_169719906,25.68988941,+
LARP7,chr9_136791424_136791946,25.65991849,+
SFPQ,chr6_107040230_107040380,25.6582881,+
TARDBP,chr1_39480009_39484600,25.64193013,+
KHDRBS1,chr4_82359639_82373445,25.62374336,+
U2AF2,chr6_637861_693018,25.62179898,+
CSTF2,chr2_218661520_218661758,25.61568662,-
SF1,chr15_59642262_59657405,25.6119176,-
EWSR1,chr14_96556413_96564954,25.61155117,+
PUF60,chr3_64022523_64022642,25.57721845,+
PABPC4,chr3_168036994_168041391,25.54635067,+
DKC1,chr10_119104197_119107947,25.54184881,+
SSB,chr17_74773688_74775621,25.53809011,+
SART3,chr22_42599793_42602769,25.53787059,+
TARDBP,chr2_27583142_27598066,25.53357141,+
LARP4,chr13_72778380_72781288,25.52197706,+
CPSF7,chr3_15240853_15242177,25.51294088,+
NONO,chr5_139562407_139600371,25.49171733,-
RBM15,chr10_80172869_80205342,25.47428042,-
TIA1,chr17_18333288_18340042,25.46997179,+
PPP1R10,chr11_35190065_35214851,25.45798634,+
CPSF6,chr3_9804013_9810620,25.45621294,-
SART3,chr12_62325933_62349220,25.44462326,+
PPIL4,chr12_32737161_32740063,25.44061106,+
NONO,chr4_75724176_75724275,25.43652409,+
SF3B4,chr8_17972687_17985446,25.43147945,+
SUPT6H,chr15_58899883_58901259,25.42841777,+
PCBP1,chr17_75574495_75574609,25.42395459,+
HNRNPM,chr2_173217250_173229688,25.42285064,+
PABPC1,chr1_234373840_234374229,25.414121,-
EIF3G,chr4_102826636_102827591,25.40519038,+
RBM34,chr12_862270_878211,25.38704172,+
CSTF2T,chr15_76292700_76311349,25.38010618,+
U2AF1,chr11_10806047_10807254,25.37936164,-
SSB,chr2_101859864_101864929,25.3664145,+
QKI,chr1_162796677_162797827,25.34657346,+
NCBP2,chr6_30557450_30561833,25.34539697,+
RBM17,chr1_211304140_211312719,25.34343161,+
HNRNPM,chr4_105700014_105708637,25.33137474,+
EIF3G,chr1_51652041_51714002,25.32887247,+
AKAP1,chr1_172551626_172555868,25.31067896,+
PNPT1,chr1_28574718_28577499,25.30750236,-
HNRNPC,chr5_31530924_31531989,25.27866235,+
DKC1,chr2_241315610_241324215,25.2720054,+
EIF4B,chr6_52264786_52265234,25.25678396,+
RBM39,chr21_39178647_39180284,25.25548089,-
G3BP2,chr18_31068344_31068893,25.25443395,+
FXR1,chr12_46254936_46268525,25.24594874,+
FXR1,chr7_66076093_66082367,25.24457399,+
PCBP1,chr22_17689142_17702242,25.22708918,+
PUF60,chr17_82246039_82246197,25.2256395,+
U2AF1,chr17_64514358_64519320,25.21427993,+
CPSF6,chr8_144827609_144837390,25.20887427,+
SSB,chr3_101574279_101579841,25.19880804,+
SART3,chr1_193016395_193020306,25.19588558,+
PCBP2,chr10_73817554_73819531,25.18552332,+
EWSR1,chr16_30076100_30076314,25.1847842,+
U2AF2,chr2_46581591_46588074,25.18204395,+
SF3B4,chr11_833026_836062,25.18194033,+
PUF60,chr1_155172892_155173220,25.16868767,+
RBM17,chr22_32475124_32479132,25.15703095,+
FUBP3,chr6_90536401_90547257,25.14718324,+
SLTM,chr5_136147906_136153591,25.14011523,+
GRSF1,chr1_150441023_150443230,25.13886371,+
PUF60,chr5_31530924_31531989,25.12852722,+
HNRNPK,chr20_34073635_34075873,25.11233444,+
TROVE2,chr16_67082339_67098709,25.08552536,+
RBM15,chr19_40348768_40366418,25.08410973,+
DAZAP1,chr3_66221127_66243202,25.06454702,+
HNRNPA0,chr17_41893174_41897748,25.06159016,+
SFPQ,chr6_8430157_8435342,25.06008369,+
NONO,chr3_9430051_9433844,25.04835362,+
NCBP2,chr17_82244831_82248874,25.04731227,+
LARP4,chr15_29720016_29720357,25.0379483,+
RAVER1,chr5_139562407_139600371,25.03479758,+
SART3,chr12_32737161_32740063,25.02270443,+
SSB,chr3_152445539_152447619,25.01490694,+
SF3B4,chr5_57176400_57230845,24.99734248,+
DKC1,chr16_3023361_3023846,24.99727885,+
PCBP2,chr15_29720016_29720357,24.99067916,+
HNRNPAB,chr21_46636547_46636895,24.98715326,-
PUM2,chr6_52265385_52266074,24.98249251,+
RAVER1,chr1_53946549_53951985,24.96621254,+
KRR1,chr17_41893174_41897748,24.96377589,+
DKC1,chr5_138166727_138167933,24.95945409,+
HNRNPAB,chr1_16367308_16391374,24.9536738,+
PUM2,chr10_110130486_110133325,24.94839382,+
ZC3H8,chr2_39757368_39761330,24.94668891,-
SART3,chr6_52264786_52265234,24.93051175,-
TRA2A,chr2_27583142_27598066,24.92633598,+
HNRNPAB,chr7_87900878_87907187,24.91282187,-
UPF1,chr12_871348_878211,24.90716834,+
MSI2,chr14_101912473_101917830,24.88198767,+
SART3,chr6_44114209_44127343,24.87968605,-
KRR1,chr7_100149579_100153399,24.87083314,+
U2AF2,chr15_78545764_78548789,24.86798118,-
SUPT6H,chr3_197149796_197194424,24.86754506,-
KHSRP,chr1_46686870_46689586,24.83858156,+
SART3,chr9_136791424_136791946,24.82494106,+
TARDBP,chr7_100114268_100118879,24.82192566,+
MATR3,chr1_39463686_39468614,24.81342328,+
U2AF1,chr7_158752843_158759485,24.78972094,+
RBM39,chr11_31433570_31456259,24.78907873,+
U2AF1,chr17_82244831_82248874,24.78510249,-
G3BP2,chr6_31651776_31652399,24.76757911,+
MATR3,chr19_9157394_9157979,24.76406014,+
SUPT6H,chr2_200419496_200440648,24.76159326,+
PUF60,chr18_22934078_22936753,24.75051693,-
RBM25,chr8_17972687_17985446,24.72180868,+
EIF3G,chr1_220074071_220089685,24.68253845,+
EIF3G,chr15_29701689_29704161,24.67834286,+
TIAL1,chr5_178211970_178214795,24.67559453,-
SFPQ,chr7_87163332_87163494,24.67279495,+
SSB,chr9_129609178_129632649,24.66354201,-
NCBP2,chr3_58138529_58142649,24.66056277,-
KRR1,chr21_31685174_31685397,24.65841325,+
CSTF2T,chr14_45109780_45109893,24.63546888,-
SFPQ,chr3_142005544_142093060,24.62623277,+
FXR1,chr14_23071186_23071426,24.61295957,+
LARP7,chr3_9433950_9434276,24.61275711,-
RBM22,chr5_34911812_34914694,24.58197162,-
FXR1,chr22_40400813_40402138,24.57049323,+
U2AF2,chr3_9813345_9817644,24.56359163,+
AKAP1,chr17_75286802_75289353,24.55984501,+
SF3B4,chr17_36486785_36492812,24.54025773,+
PNPT1,chr22_19475100_19475495,24.53402903,-
EIF2S1,chr11_47476959_47477296,24.5295665,+
FUS,chr2_71124543_71130179,24.52956079,+
PNPT1,chr2_176270419_176296859,24.52109864,+
PCBP1,chr1_23798730_23799365,24.50233993,-
CPSF6,chr18_9945058_9950394,24.50043084,+
RBM17,chr3_9977446_9986506,24.4927962,+
PCBP2,chr12_57599211_57600323,24.48602446,+
SF3B4,chr5_57176400_57230845,24.4845653,+
PCBP2,chr2_177234271_177263402,24.48033773,+
SFPQ,chr5_90475020_90485534,24.47613202,+
PARN,chr12_56724523_56725262,24.46369772,+
RBM25,chr15_50482065_50489800,24.46179522,+
NCBP2,chr13_97356849_97357481,24.46070063,+
U2AF1,chr3_64022523_64022642,24.45833529,-
PABPC1,chr15_101651773_101652270,24.45485691,+
PTBP1,chr13_37009809_37010551,24.44828119,+
PNPT1,chr7_102195603_102196633,24.44822491,+
HNRNPM,chr7_133081048_133081856,24.44599248,-
U2AF1,chr13_31141259_31145562,24.44408113,+
SUPT6H,chr4_184638468_184649394,24.42471768,+
PPIL4,chr12_32737161_32740063,24.41918811,+
PUM1,chr5_81301670_81304740,24.41416122,+
LARP4,chr2_3558998_3561316,24.40939111,+
AKAP1,chr17_59001714_59012327,24.40753093,+
SSB,chr12_79806333_79807225,24.38643993,+
PPIL4,chr7_66086662_66087333,24.34461114,-
SF1,chr1_45551155_45566568,24.34057354,-
RBM39,chr3_152445539_152447619,24.3394355,+
LARP4,chr16_30985297_30985483,24.32641537,+
MATR3,chr3_183752253_183754122,24.31952651,-
PPIL4,chr1_111441604_111442024,24.31525761,-
MATR3,chr11_86270157_86276979,24.30858488,+
PPIL4,chr3_50103166_50105076,24.29755553,+
LARP7,chr2_55302072_55308808,24.29713685,+
LARP7,chr20_284081_290258,24.27903634,+
SF1,chr19_18436479_18437859,24.27504619,+
IGF2BP2,chr1_151017904_151024610,24.26775104,+
HNRNPA0,chr3_37355187_37366079,24.26358287,+
PCBP2,chr14_74298069_74300149,24.25831105,+
CIRBP,chr5_141973742_141978302,24.25553188,+
HNRNPA2B1,chr3_168040869_168041391,24.2377055,-
SF1,chr14_21383769_21383861,24.23696824,+
FXR1,chr1_51652041_51714002,24.23567657,+
TAF15,chr1_28516867_28529857,24.22874176,+
EIF2S1,chr19_11447618_11447692,24.22240309,+
PUM2,chr1_150267991_150268697,24.2120882,+
TRA2A,chr10_110130486_110133325,24.2031539,-
RBM22,chr6_26127761_26138053,24.20027637,-
EIF4B,chr12_862270_878211,24.19441596,+
SSB,chr7_99560695_99563862,24.17827996,+
HNRNPC,chr20_37289686_37301207,24.17533486,+
TARDBP,chr2_27583142_27598066,24.17187988,+
PABPC4,chr11_85983973_85996825,24.17115033,+
CCAR1,chr5_138166108_138167933,24.16896705,+
TRA2A,chr2_173363895_173363999,24.1562337,+
DKC1,chr20_284081_290258,24.14780045,+
HNRNPA1,chr17_82244831_82248874,24.14611157,+
EWSR1,chr8_17991676_17993482,24.14597145,+
RBM39,chr14_77720828_77730987,24.13400586,+
RBM17,chr10_14881645_14896845,24.12898212,+
RBM22,chr8_143581328_143586218,24.12594088,+
NCBP2,chr11_13445181_13463091,24.12216504,+
SSB,chr20_3123406_3159765,24.11404442,+
G3BP2,chr11_47476956_47477296,24.11184597,+
U2AF2,chr5_163467748_163469640,24.10692077,-
ASCC1,chr8_144103225_144104024,24.0917944,-
NONO,chr17_76727178_76729689,24.08016874,+
DAZAP1,chr9_136791424_136791946,24.07200925,+
RAVER1,chr13_44436095_44436503,24.06823054,+
PABPC4,chr9_136791424_136791946,24.06638055,+
SART3,chr7_87860169_87860571,24.05481931,+
HNRNPA1,chr20_31722330_31722617,24.05389202,+
PUM2,chr2_200419496_200440648,24.0463401,+
PUF60,chr20_36608000_36609600,24.0436196,+
MSI2,chr1_1390865_1393395,24.03972502,+
HNRNPC,chr5_65625106_65629467,24.0297615,+
DKC1,chr5_178211970_178214795,24.02735827,+
G3BP1,chr11_66284966_66285700,24.02409635,+
EIF4B,chr2_169812506_169819560,24.02129394,-
ASCC1,chr19_48838129_48841148,24.01197416,+
ASCC1,chr6_42879951_42883450,24.00071783,-
HNRNPAB,chr1_35178036_35187000,23.99756858,+
EIF2S1,chr14_35110629_35121901,23.97734895,+
HNRNPA2B1,chr4_68320205_68321371,23.96854416,+
KRR1,chr16_21958599_21959338,23.96147374,+
SF3B4,chr1_41028726_41037361,23.95740548,+
SLBP,chr12_6672532_6673215,23.95268398,+
PNPT1,chr11_57737668_57737835,23.94970826,+
PABPC4,chr12_51049185_51056349,23.9239548,+
FUBP3,chr3_9804013_9806209,23.91525883,+
U2AF1,chr12_53467293_53468776,23.90753815,+
PCBP1,chr7_158749723_158759485,23.90525369,+
G3BP2,chr17_75574495_75574609,23.90341986,+
AKAP1,chr12_132945797_132948147,23.89966934,+
SLTM,chr18_31068212_31068298,23.89793706,-
SLTM,chr10_110130486_110133325,23.89550043,+
MSI2,chr6_4999904_5002100,23.8802997,+
PPIL4,chr10_110130486_110133325,23.85618814,-
RBM15,chr11_111838399_111840654,23.84838251,+
RAVER1,chr1_53946549_53951985,23.83955379,+
U2AF2,chr1_151224279_151224370,23.83340422,-
SAFB2,chr13_37022317_37024034,23.81682943,+
FUS,chr1_147268878_147272170,23.81556472,+
RBM25,chr3_169774097_169774264,23.80849738,+
CSTF2T,chr2_46581591_46588074,23.80520341,-
PTBP1,chr2_177234271_177263402,23.79800772,-
GRSF1,chr12_108562736_108564059,23.78966818,+
U2AF2,chr14_77720828_77730987,23.78165138,-
HNRNPA0,chr9_32987731_32989758,23.78119929,+
U2AF2,chr3_9677387_9683177,23.7704901,-
TARDBP,chr1_155136376_155137978,23.76582781,+
HNRNPL,chr6_26127761_26138053,23.7656696,+
HNRNPA2B1,chr7_6577720_6578565,23.76408328,+
PNPT1,chr7_5190493_5193117,23.76289064,+
HNRNPK,chr12_54274309_54280007,23.75826111,+
TIA1,chr7_87152555_87163494,23.74617895,+
CPSF7,chr12_871348_878214,23.74087998,+
HNRNPF,chr4_26321048_26362445,23.73971228,-
NONO,chr3_101574279_101579841,23.73450046,-
HNRNPK,chr1_75791571_75792196,23.72387475,-
EWSR1,chr20_49174269_49179121,23.7231407,+
UPF1,chr11_67467563_67468027,23.71658809,-
DKC1,chr14_74298069_74300149,23.70503228,+
PCBP1,chr3_197069260_197076585,23.69887558,+
PABPC1,chr1_243293219_243304712,23.6983524,+
PUF60,chr2_55588956_55603977,23.68442401,+
DKC1,chr15_29701689_29704221,23.67904815,-
RBM25,chr3_42553448_42555929,23.66205806,+
U2AF2,chr14_30622399_30630476,23.65160775,+
FMR1,chr3_37282272_37289234,23.64193603,+
SSB,chr3_15242253_15246731,23.64132132,+
RBM22,chr9_32987731_32988082,23.63171201,+
PCBP2,chr5_81301670_81304740,23.62192241,+
HNRNPAB,chr14_39319291_39326863,23.61628243,+
MATR3,chr3_9436888_9440455,23.60210509,+
HNRNPA1,chr7_158752843_158759485,23.59831183,+
PUF60,chr1_150441023_150443230,23.59144513,+
U2AF1,chr1_155309076_155310042,23.57708111,+
U2AF2,chr3_9677387_9683177,23.55839516,-
HNRNPA2B1,chr2_27892448_27894532,23.55537806,+
CPSF6,chr1_16315435_16352254,23.55006315,+
RBM22,chr12_108562736_108564059,23.53911929,-
KRR1,chr1_92832117_92833388,23.536399,-
RBM22,chr7_87152555_87163494,23.52692098,+
HNRNPC,chr3_168036994_168041391,23.51931962,+
RBM22,chr7_75441647_75474703,23.50683841,+
U2AF1,chr6_42879951_42883450,23.49774667,-
G3BP2,chr3_9829395_9834680,23.49402026,+
KHDRBS1,chr1_51652041_51714002,23.49224272,+
U2AF1,chr1_241849027_241850408,23.48778828,+
HNRNPK,chr3_50103166_50105076,23.48272165,+
PARN,chr6_30296237_30326353,23.48150097,+
ZRANB2,chr12_51049185_51056349,23.47534567,+
PPIL4,chr17_44212006_44212343,23.47488568,+
HNRNPA1,chr8_17972687_17985446,23.4557163,+
PABPC1,chr3_9453868_9454004,23.44960904,+
SF3B4,chr3_15242253_15246731,23.44765084,+
FUS,chr1_151316509_151327270,23.43002012,+
FXR1,chr9_87726308_87727593,23.4222163,+
PTBP1,chr6_143061066_143061213,23.42128695,+
RBM39,chr4_13369965_13376544,23.41465292,+
LARP4,chr1_41028726_41033982,23.40385766,-
TIA1,chr6_31620858_31622726,23.39168253,+
NONO,chr12_79806333_79807225,23.38564651,+
HNRNPC,chr12_31298224_31323943,23.36792657,+
HNRNPC,chr16_89873859_89878460,23.36702392,-
GRSF1,chr15_29701689_29704161,23.35343225,+
TIAL1,chr3_9804013_9810620,23.33364259,-
TARDBP,chr6_85640564_85642796,23.33231788,+
HNRNPAB,chr2_135645527_135651732,23.32587783,+
LARP7,chr7_6577720_6578565,23.32214874,+
SART3,chr1_108962469_108963360,23.3208583,+
QKI,chr6_4996420_4999808,23.31466318,-
LARP4,chr22_35746561_35759887,23.30246041,+
SF3B4,chr3_194406116_194413758,23.30045598,+
LARP4,chr1_42816605_42817189,23.29387124,+
DKC1,chr9_128461067_128469182,23.29352691,+
LARP4,chr10_97453846_97454713,23.2911282,+
PABPC4,chr6_52264786_52265234,23.28981298,+
LARP4,chr11_66438259_66438709,23.287424,+
ZRANB2,chr12_51049185_51056349,23.26853839,-
SART3,chr17_7627414_7627569,23.26381243,+
RBM22,chr19_19034013_19042710,23.26172767,-
RBM25,chr17_81108509_81115769,23.2474757,+
U2AF1,chr18_35290391_35305975,23.24514795,-
CCAR1,chr1_46686870_46689586,23.24402183,+
TIA1,chr2_210016112_210016203,23.23940113,-
RBM34,chr5_173146958_173151565,23.22713229,-
PPIL4,chr7_87900878_87907187,23.21231277,-
MATR3,chr4_26321048_26362445,23.19944741,+
PPIL4,chr5_66158932_66159218,23.19239573,+
RBM39,chr6_42884750_42886255,23.19178871,+
RBM39,chr22_32475124_32479132,23.18475496,+
PNPT1,chr3_44338834_44354738,23.17550285,+
HNRNPC,chr4_82946474_82984160,23.17339877,+
HNRNPA2B1,chr3_42619708_42621428,23.16567363,+
EIF2S1,chr3_50103166_50105076,23.16493422,+
MATR3,chr1_23030634_23050386,23.1649276,+
TARDBP,chr15_42560870_42561269,23.15995013,+
NONO,chr11_85983973_85996825,23.14998466,+
PCBP2,chr6_42879951_42883450,23.14874144,+
FUBP3,chr14_21263336_21269297,23.1430267,+
HNRNPL,chr3_194406116_194412198,23.099315,+
PPIL4,chr8_144827609_144837390,23.09437333,+
NCBP2,chr14_93185485_93186259,23.08226968,+
SF3B4,chr11_62853833_62854518,23.07246579,+
QKI,chr12_106957149_106967110,23.06991608,+
TRA2A,chr1_53889463_53889712,23.06317547,+
AKAP1,chr11_61416519_61419921,23.05574462,+
SLTM,chr1_151316509_151327270,23.05522894,-
DAZAP1,chr20_35632923_35664801,23.05255399,+
PABPC1,chr17_7626793_7627142,23.044273,-
RBM15,chr11_85983973_85996825,23.03260058,+
SF1,chr14_30622399_30630476,23.02263081,+
PABPC4,chr6_52265385_52266074,23.01965969,+
TIA1,chr20_37289686_37301207,23.01795022,+
SF3B4,chr22_46337944_46346421,23.01586038,+
EWSR1,chr10_80172869_80205342,23.01384496,-
RBM39,chr2_241315610_241324215,23.01317524,+
RBM39,chr3_197149796_197194424,23.00563315,+
PUF60,chr4_152863714_152872451,22.98221408,+
QKI,chr12_109947504_109951166,22.98201935,+
SLBP,chr14_49626048_49633286,22.98011216,+
HNRNPAB,chr22_35263874_35263981,22.9784005,+
ZRANB2,chr2_135645527_135651732,22.96638098,+
LARP7,chr2_30147062_30156627,22.9647858,+
HNRNPA0,chr17_82244831_82248874,22.9632889,+
NONO,chr7_66584466_66592256,22.95941111,-
RBM17,chr18_22934078_22936753,22.95467731,+
PABPC4,chr2_68047319_68062944,22.94524015,+
SART3,chr20_284081_290258,22.92849319,+
RBM15,chr19_3452666_3462751,22.90967814,+
HNRNPA0,chr5_81301698_81304740,22.90894573,+
SSB,chr3_152445539_152447619,22.89641168,+
EIF3G,chr13_72778380_72781288,22.88035796,-
TIA1,chr16_89878627_89883350,22.8794657,-
CPSF7,chr11_2979237_2989128,22.86146108,+
HNRNPAB,chr6_311962_345853,22.85927298,+
FXR1,chr7_87900878_87907187,22.85635842,-
PCBP2,chr5_43555999_43556818,22.8463686,-
U2AF1,chr15_78542219_78544189,22.83450279,-
MATR3,chr1_155309076_155310042,22.83426986,-
PABPC4,chr11_833026_836062,22.82822776,+
PABPC1,chr12_69362907_69370705,22.82300015,+
KHSRP,chr11_65713058_65713347,22.79912899,+
UPF1,chr2_178469785_178478278,22.79576278,+
U2AF2,chr7_38178420_38179089,22.79400974,+
ZRANB2,chr11_61430182_61445940,22.78652296,-
LARP7,chr2_113454778_113457064,22.78437815,+
SART3,chr1_161340655_161362328,22.77959225,-
TIA1,chr17_64500326_64502009,22.77459649,-
LARP4,chr10_98429642_98430570,22.77420827,+
TARDBP,chr6_2959342_2971247,22.76957366,+
CSTF2T,chr17_82244831_82248874,22.76109769,-
HNRNPC,chr11_504996_506608,22.74804002,+
U2AF2,chr3_9813345_9817644,22.74618371,+
HNRNPL,chr11_65536750_65537036,22.73787453,+
HNRNPA0,chr8_66667701_66677641,22.73360527,+
SF1,chr2_101859864_101864929,22.72680015,+
FXR1,chr6_52265385_52266074,22.7232194,+
EIF2S1,chr22_46337944_46346421,22.72075375,+
PPIL4,chr3_168036994_168040785,22.71847994,+
SLBP,chr22_29549158_29550727,22.70583444,+
TAF15,chr7_43665722_43729428,22.6990001,-
FXR1,chr9_122286166_122291748,22.6942381,+
TAF15,chr20_53583168_53593755,22.6853557,-
TROVE2,chr10_97453663_97454713,22.68392421,+
EIF3G,chr6_143165183_143187628,22.68071827,-
SFPQ,chr18_9595153_9614225,22.67569671,+
SF1,chr12_120566980_120575630,22.6679923,+
CPSF7,chr3_15240853_15242177,22.66591305,+
NONO,chr6_44223641_44227259,22.66251578,+
RBM17,chr2_176270419_176296859,22.66200658,+
PUM1,chr9_70344269_70346604,22.66116719,+
TAF15,chr7_6577498_6578565,22.64361132,+
KHSRP,chr2_227325427_227332418,22.63627253,+
SF3B4,chr17_75574495_75574609,22.63520723,+
PUF60,chr11_114439675_114443855,22.62782111,-
CIRBP,chr20_53583168_53593755,22.62275101,+
CSTF2,chr11_86268561_86270082,22.62273678,+
CIRBP,chr15_50484361_50489800,22.62267737,+
EIF3G,chr13_75526639_75530113,22.62160496,+
AKAP1,chr15_101651773_101652270,22.61984996,+
U2AF1,chr17_75574260_75574609,22.61047821,+
PTBP1,chr2_227340380_227352513,22.60769771,+
U2AF2,chr11_111838399_111840654,22.60664459,+
HNRNPF,chr20_408779_410411,22.60594992,+
PABPC1,chr17_75130867_75130964,22.57927128,-
