RBP,AS_Site,Contribution,Direction
RBMXL1,12_69260197_69262369,72.7167352064034,+
HNRNPM,11_118339494_118339774,61.44438714202475,+
ZFP36,6_29944397_30009144,57.63504695767396,-
G3BP2,12_47209458_47216164,57.00161623322633,-
NAA38,12_57715970_57716088,56.76705566261236,+
MBNL1,12_56158711_56159974,56.714322052931706,-
SAFB2,12_76450988_76459858,56.352758399499294,+
PUF60,17_73209768_73227164,56.33929646461945,+
PARP12,16_29834437_29835703,51.612306502918194,-
PCBP2,11_118352487_118353123,49.761817877367854,+
SASH3,12_56158711_56159974,49.69490681740823,-
MCTS1,11_118786518_118790886,49.01513874319154,+
ZFP36L1,17_7015156_7016494,48.9773328301712,+
U2AF1,12_69260197_69262369,46.948716133363234,+
FUS,12_76450988_76459858,44.093196732823664,+
RBMS1,12_79798584_79805591,42.64026495847797,+
PCBP2,13_52659249_52661474,41.015171158206705,+
PARP14,16_30305953_30334974,40.55255389802649,+
PCBP1,9_19200582_19378367,39.32956977504843,-
HNRNPK,16_30305953_30334974,37.7365831445337,+
PCBP2,16_30381243_30381338,37.537356428098384,-
RBM39,16_3068010_3068179,36.278892725710975,+
U2AF1,6_31354665_31355316,34.95741026578135,-
PSPC1,13_52659249_52662648,34.26971912038114,+
HELZ,12_66310608_66315241,32.88049909623323,+
SAFB,6_29944397_30009144,31.934908050508405,-
EIF3G,12_56158711_56159586,30.447681198030505,+
MBNL1,12_57477680_57478539,30.05222689919408,+
SCML4,17_7392952_7393466,29.328229134538578,+
RBM3,12_76047718_76048420,29.116320009264342,+
PUM2,6_29889428_30261303,28.927341680345336,-
ZFR,16_30305953_30334974,28.649913570060583,+
SNRPB,6_30061398_30061514,28.471072217362735,+
YBX1,6_29889428_30261303,28.235413405354144,-
PABPC1,16_30381243_30381338,27.50130716150256,-
SF1,19_41860845_41861104,26.55189682625963,-
HNRNPC,14_100097658_100102303,26.474738253396072,+
SNRPD1,16_3067613_3067983,25.497388945012972,+
SRRM1,15_44715701_44716327,25.286807195625165,-
HNRNPC,14_21234229_21262600,23.341011959901145,-
MATR3,14_21234229_21262600,21.636253390234963,-
SNRPN,12_57477680_57478539,20.49916789647052,+
PAN3,12_6551001_6551397,15.044604632016805,-
